tree
version=v4
num_class=1
num_tree_per_iteration=1
label_index=0
max_feature_idx=63
objective=quantile
feature_names=wind_ms precip_mm solar_wm2 cloud_cover pressure_hpa hour_sin hour_cos local_hour_sin local_hour_cos doy_sin doy_cos month station_enc lat lon elevation_m heat_index_c_lag1h heat_index_c_lag3h heat_index_c_lag6h heat_index_c_lag12h heat_index_c_lag24h temp_c_lag1h temp_c_lag3h temp_c_lag6h temp_c_lag12h temp_c_lag24h rh_lag1h rh_lag3h rh_lag6h rh_lag12h rh_lag24h hi_change_3h temp_change_3h heat_index_c_roll3h_mean heat_index_c_roll3h_std heat_index_c_roll6h_mean heat_index_c_roll6h_std heat_index_c_roll24h_mean heat_index_c_roll24h_std temp_c_roll3h_mean temp_c_roll3h_std temp_c_roll6h_mean temp_c_roll6h_std temp_c_roll24h_mean temp_c_roll24h_std temp_x_rh temp_x_evening solar_wm2_lag1h solar_wm2_lag3h solar_wm2_lag6h solar_wm2_roll6h_mean temp_x_solar cloud_cover_lag1h cloud_cover_lag3h cloud_cover_lag6h pressure_hpa_lag1h pressure_hpa_lag3h pressure_hpa_lag6h wind_ms_lag1h wind_ms_lag3h precip_mm_lag1h precip_mm_lag3h _hi_clim hi_residual_lag1h
feature_infos=[0.01:2.3500000000000001] [0:180.94] [0:1014.1] [0:1] [914.70000000000005:936.60000000000002] [-1:1] [-1:1] [-1:1] [-1:1] [-0.99999073973619013:0.99999073973619013] [-0.99996295911626554:1] [1:12] none none none none [13.129102429018628:39.510211582493213] [13.129102429018628:39.510211582493213] [13.129102429018628:39.510211582493213] [13.129102429018628:39.510211582493213] [13.129102429018628:39.510211582493213] [8.9000000000000004:40.060000000000002] [8.9000000000000004:40.060000000000002] [8.9000000000000004:40.060000000000002] [8.9000000000000004:40.060000000000002] [8.9000000000000004:40.060000000000002] [12.6:100] [12.6:100] [12.6:100] [12.6:100] [12.6:100] [-9.3188645356207225:12.877242282757292] [-9.8900000000000041:13.979999999999997] [13.135674854714784:39.310212248443428] [0.0031154328732641433:5.4097025032759101] [13.146296633792799:38.749571945413585] [0.014577552790519588:6.6303889586823237] [17.452247251761055:32.296352054729844] [0.65927517582456219:7.172065285411259] [9.096666666666664:39.879999999999995] [0.010000000000554761:5.0423142834748074] [9.461666666666666:39.199999999999996] [0.027141603905328743:7.1511101702229158] [14.393750000000002:32.380833333333335] [0.7234817936875616:7.1997194867860097] [445.41000000000003:2454.7200000000003] [0:39.770000000000003] [0:1014.1] [0:1014.1] [0:1014.1] [0:887.73333333333312] [0:35915.688000000002] [0:1] [0:1] [0:1] [914.70000000000005:936.60000000000002] [914.70000000000005:936.60000000000002] [914.70000000000005:936.60000000000002] [0.01:2.3500000000000001] [0.01:2.3500000000000001] [0:180.94] [0:180.94] [15.406005722558952:34.813675084352731] [-9.6718217320024618:14.446810327538397]
tree_sizes=2601 2655 2547 2467 2473 2555 2657 2964 2896 2740 3054 2703 3087 3074 2887 2903 2881 3358 3127 3085 3342 3288 3264 3548 3606 3356 3208 3236 3091 3066 3231 3108 3374 3378 3290 3465 3362 3198 3473 3300 3563 3388 3530 3539 3802 3632 3544 3569 3969 4030 3633 4167 4253 3902 3991 4550 4213 4025 4323 3836 4231 4159 3717 3708 3995 4382 4414 4360 4225 4604 4224 3945 4557 4283 4415 4517 4473 4524 4341 4714 4530 4221 4379 4036 4544 5103 4435 4590 4810 4602 4454 4628 4064 4629 4705 4517 5148 4533 4618 4783 4377 4533 4257 4066 4509 4918 4618 5055 4723 4545 4756 4984 4815 4696 4656 5166 4391 4971 4550 4674 5416 4826 5168 4726 5055 4721 4798 4812 4714 4557 4663 4799 4938 4964 4611 5061 4776 4835 4873 5280 5069 4992 5532 5355 4913 5378 5524 5692 5271 4970 5346 5694 5474 5119 5424 4467 4829 5227 5478 5176 5181 5447 5329 5229 5728 5332 5084 5142 5068 5314 5450 4890 5774 5201 6086 5256 5971 5299

Tree=0
num_leaves=30
num_cat=0
split_feature=62 62 9 9 9 57 54 9 58 57 54 30 58 62 37 37 26 45 30 61 19 17 34 10 28 9 45 59 59
split_gain=28.8592 5.65727 5.56262 5.22435 4.06853 3.50671 2.19108 1.92506 1.18657 0.932189 1.29631 0.878073 0.851404 0.329864 0.225818 0.929476 0.195642 0.180238 0.15433 0.0944843 0.0550196 0.0433568 0.0448269 0.0307901 0.0293331 0.0129193 0.00578547 0.00547284 0.00153464
threshold=17.72685275518786 21.170547451515763 -0.96230016621822456 -0.30901413279605799 -0.66484924122790601 930.85000000000002 0.98950000000000016 -0.79356426026969629 0.79500000000000015 925.6500000000002 0.70150000000000012 93.750000000000014 0.7350000000000001 16.990898242597225 20.57812926115751 22.46380584661819 99.050000000000011 2165.2430000000004 99.350000000000009 1.0000000180025095e-35 34.277506672536674 17.325695361679355 0.91228682054450627 -0.8038981836306559 84.65000000000002 -0.99628894895067444 1897.4820000000004 1.2850000000000004 0.67500000000000016
decision_type=2 2 2 2 2 2 2 2 2 2 2 2 2 2 2 2 2 2 2 2 2 2 2 2 2 2 2 2 2
left_child=3 2 6 4 7 9 17 14 -8 18 19 -12 -13 -6 -1 -16 25 -2 20 26 21 -4 27 -20 -5 -3 -11 -23 -24
right_child=1 16 5 24 13 -7 8 -9 -10 10 11 12 -14 -15 15 -17 -18 -19 23 -21 -22 22 28 -25 -26 -27 -28 -29 -30
leaf_value=99.60559635135985 99.596751773015114 99.595800146270008 99.599018867892624 99.582435259139373 99.60559635135985 99.60559635135985 99.602797466125779 99.60559635135985 99.60559635135985 99.580405957170782 99.596933697712601 99.60559635135985 99.60559635135985 99.60559635135985 99.60559635135985 99.60559635135985 99.600040357796203 99.60559635135985 99.594778556803064 99.60559635135985 99.599942499139019 99.598599031504065 99.601173991719079 99.601397916738122 99.60559635135985 99.577607071936725 99.587291322791799 99.593001051498831 99.595324342907048
leaf_weight=82 72 114 90 85 156 78 69 110 82 304 73 70 93 72 101 124 99 122 91 139 68 1252 72 85 86 8459 68 100 178
leaf_count=82 72 114 90 85 156 78 69 110 82 304 73 70 93 72 101 124 99 122 91 139 68 1252 72 85 86 8095 68 100 178
internal_value=99.6 99.5998 99.6003 99.6025 99.6031 99.6001 99.602 99.602 99.6034 99.6 99.6004 99.6012 99.6018 99.6048 99.6025 99.6016 99.5996 99.6005 99.5998 99.6 99.5998 99.5997 99.5997 99.6 99.6 99.5996 99.5999 99.5997 99.6
internal_weight=12594 11778 3106 816 645 2761 345 417 151 2683 747 236 163 228 307 225 8672 194 1936 511 1760 1692 1602 176 171 8573 372 1352 250
internal_count=12230 11414 3106 816 645 2761 345 417 151 2683 747 236 163 228 307 225 8308 194 1936 511 1760 1692 1602 176 171 8209 372 1352 250
is_linear=0
shrinkage=1


Tree=1
num_leaves=28
num_cat=0
split_feature=62 37 4 31 62 44 37 38 27 43 53 61 37 59 43 34 45 43 26 39 45 11 44 59 55 30 31
split_gain=28.9991 5.92612 4.78314 4.27812 4.16748 2.09581 2.08674 1.86345 1.85453 2.00103 1.50387 1.46896 0.62406 0.278015 0.237768 0.22899 0.434998 0.218154 0.199828 0.195639 0.425179 0.375991 0.139041 0.0974948 0.0878605 0.0733018 0.0353907
threshold=18.465214036169986 21.530535618151124 931.1500000000002 -1.0631412837088552 21.170547451515763 3.0696090365479969 23.117846476335817 4.9102728418403574 85.65000000000002 20.272291666666671 0.97950000000000015 16.830000000000002 23.368961560001516 0.62500000000000011 23.790208333333339 0.36565330632700638 2240.4830000000006 24.385208333333338 98.850000000000009 21.814999999999994 2210.1400000000003 8.5000000000000018 2.1676514496676518 0.8650000000000001 921.05000000000007 76.950000000000017 -6.8752362385471963
decision_type=2 2 2 2 2 2 2 2 2 2 2 2 2 2 2 2 2 2 2 2 2 2 2 2 2 2 2
left_child=1 2 3 7 6 10 8 -1 -2 -10 12 19 23 15 -12 -8 -17 -16 26 -11 21 -21 -15 -3 -24 -26 -6
right_child=4 5 -4 -5 18 -7 13 -9 9 11 14 -13 -14 22 17 16 -18 -19 -20 20 -22 -23 24 -25 25 -27 -28
leaf_value=0.0055195369636431802 -0.016181613245764604 0.0055195369636431802 -0.010252328847363715 0.0055195369636431802 -0.0047386247579341637 -0.0015306617653525565 -0.0027793005388383981 -0.0056762175138550374 0.0055195369636431802 -0.00010967549609402721 -0.00014590816002874453 0.0055195369636431802 0.0055195369636431802 0.0027108594286655535 0.0019649574409142576 0.0055195369636431802 -0.0013798579218080415 0.0012819330635441236 -0.00026194904214637356 -0.0014358329038797943 -0.0027793005388383981 0.0055015191359314691 -9.0678430811225888e-05 0.0055195369636431802 -0.0045005680544840101 -0.0028236235095688263 -0.022078042578161906
leaf_weight=137 231 89 87 256 87 218 83 79 83 260 123 124 108 70 118 116 96 100 151 68 92 82 307 86 68 841 8434
leaf_count=137 231 89 87 256 87 218 83 79 83 260 123 124 108 70 118 116 96 100 151 68 92 82 307 86 68 841 8070
internal_value=0 0.00189695 0.00307946 0.00363333 -0.000237487 0.00102697 0.000247155 0.00165122 0.000772424 0.00114017 0.00144148 0.000722295 0.00229404 -2.31231e-05 0.000528802 0.000298662 0.000577513 0.000804903 -0.000386166 0.000225681 0.000512206 0.000984697 -0.000149582 0.00300173 -0.000214486 -0.000283551 -0.000395421
internal_weight=12594 1401 559 472 11193 842 2521 216 940 709 624 626 283 1581 341 295 212 218 8672 502 242 150 1286 175 1216 909 8521
internal_count=12230 1401 559 472 10829 842 2521 216 940 709 624 626 283 1581 341 295 212 218 8308 502 242 150 1286 175 1216 909 8157
is_linear=0
shrinkage=0.0139946


Tree=2
num_leaves=27
num_cat=0
split_feature=62 18 62 57 44 9 57 9 62 54 50 58 55 30 9 9 30 9 29 62 31 30 17 45 31 30
split_gain=28.501 8.23664 3.569 3.50005 2.8195 2.50623 2.0504 1.33545 1.3258 1.10877 0.556277 0.358193 0.651157 0.736272 0.243147 0.546167 0.147918 0.118086 0.0974362 0.0476142 0.0442136 0.0290599 0.0564739 0.0285743 0.0105279 0.00999639
threshold=18.465214036169986 17.730139245209319 21.170547451515763 930.85000000000002 3.1636041340273415 -0.96230016621822456 925.6500000000002 -0.96230016621822456 17.042356613092441 0.98950000000000016 34.07499999999991 0.71500000000000008 924.85000000000002 93.750000000000014 -0.66484924122790601 -0.79356426026969629 98.750000000000014 0.35769492645306972 83.250000000000014 18.914537335937059 -6.4477353935854866 99.15000000000002 23.262984449540571 1323.6690000000003 -0.80880797636697987 95.15000000000002
decision_type=2 2 2 2 2 2 2 2 2 2 2 2 2 2 2 2 2 2 2 2 2 2 2 2 2 2
left_child=1 8 3 5 6 9 7 -3 -1 18 14 12 21 -14 15 -8 20 19 -2 -13 -4 22 -7 -21 -9 -19
right_child=2 4 16 -5 -6 11 10 24 -10 -11 -12 17 13 -15 -16 -17 -18 25 -20 23 -22 -23 -24 -25 -26 -27
leaf_value=0.0054422930324623158 0.0054422930324623158 0.0054422930324623158 -0.003818652898668663 0.0054422930324623158 -0.001547431407432603 -0.0014177954228208238 0.0054422930324623158 -0.0019924664470414846 0.0054422930324623158 0.0054222370552034624 0.0054083486953766541 -9.3068174498601465e-05 -0.0067970231232504768 0.0055210718326961627 0.0054156579620169764 0.0054422930324623158 -0.001192875203375109 -0.002905667780176598 -0.0028817169083976218 -0.012537902231322682 -0.023168510943774479 -0.00023816443963992212 0.0013019180373423137 -0.0041450651132784941 0.001334765461196454 0.0013006367499526379
leaf_weight=188 89 90 140 72 231 341 224 216 69 84 76 230 98 98 139 92 146 138 68 68 8386 74 68 959 76 134
leaf_count=188 89 90 140 72 231 341 224 216 69 84 76 230 98 98 139 92 146 138 68 68 8022 74 68 959 76 134
internal_value=-7.78294e-06 0.00186702 -0.000248738 0.000197231 0.00126853 7.83165e-05 0.00161835 0.000573308 0.00424255 0.00143802 0.00223908 -4.06903e-05 0.000181194 0.000870351 0.00246697 0.0017041 -0.000386166 -0.000183339 0.000218064 -0.000243408 -0.000393795 0 -0.000117696 -0.00028558 0 0
internal_weight=12594 1401 11193 2521 1144 2449 913 382 257 241 531 2208 679 196 455 316 8672 1529 157 1257 8526 483 409 1027 292 272
internal_count=12230 1401 10829 2521 1144 2449 913 382 257 241 531 2208 679 196 455 316 8308 1529 157 1257 8162 483 409 1027 292 272
is_linear=0
shrinkage=0.0139946


Tree=3
num_leaves=26
num_cat=0
split_feature=62 18 62 57 10 10 10 2 31 10 54 59 38 26 37 57 37 16 59 55 61 59 58 31 0
split_gain=29.2058 7.98148 3.76297 3.44917 2.41145 3.725 2.16491 1.7745 1.54014 1.09824 2.82603 1.06954 0.324724 0.199828 0.173493 0.185648 0.39164 0.105488 0.101719 0.0990468 0.0878943 0.0769628 0.060931 0.0353907 0.000686103
threshold=18.465214036169986 17.730139245209319 21.170547451515763 930.85000000000002 -0.38168922026665864 0.94968266440323645 0.84750952922804634 10.550000000000002 -2.7976324823675411 -0.27608674622158907 0.88750000000000007 1.1850000000000003 5.0084163176799228 98.850000000000009 23.555854913796306 922.75000000000011 22.586139653187196 18.064952823616881 0.56500000000000006 921.05000000000007 1.0000000180025095e-35 0.6150000000000001 0.85500000000000009 -6.8752362385471963 0.72500000000000009
decision_type=2 2 2 2 2 2 2 2 2 2 2 2 2 2 2 2 2 2 2 2 2 2 2 2 2
left_child=1 7 3 9 17 6 8 -1 -6 14 20 21 -12 23 15 24 -17 -3 -16 -20 -11 -10 -22 -4 -2
right_child=2 4 13 -5 5 -7 -8 -9 11 10 12 -13 -14 -15 18 16 -18 -19 19 -21 22 -23 -24 -25 -26
leaf_value=0.0053661301022683225 -0.0028294404942134045 0.0012559965416856212 -0.0046188687402181792 0.0053661301022683225 -0.0054512785690443077 -0.015352678030544529 0.0055872244300868915 0.0053661301022683225 0.0053659139092210465 -0.017784760147475581 0.005405678070681888 0.0053661301022683225 0.0053661301022683225 -0.00024158930098677211 0.0025661423872812843 -0.0027011978818213232 0.0054240910897512123 -0.0014292180029252784 -1.7712773387539708e-05 -0.0041396137990322955 0.0053095081266396355 0.0053660406459814791 -0.0032038328123372589 -0.021444833363432662 -0.00287988831762405
leaf_weight=189 68 120 87 72 97 170 98 68 86 359 178 91 72 151 119 76 122 174 327 751 98 308 107 8434 172
leaf_count=189 68 120 87 72 97 170 98 68 86 359 178 91 72 151 119 76 122 174 327 751 98 308 107 8070 172
internal_value=-1.11663e-06 0.00189695 -0.000244987 0.000213872 0.00130517 0.00168695 0.00215063 0.00424255 0.00162332 9.54467e-05 0.000527725 0.00194415 0.00176059 -0.000386166 -7.89591e-05 6.50763e-05 0.000437311 0 -0.000187885 -0.000240082 0 0.00227547 0.00020535 -0.000395421 0
internal_weight=12594 1401 11193 2521 1144 850 680 257 582 2449 814 485 250 8672 1635 438 198 294 1197 1078 564 394 205 8521 240
internal_count=12230 1401 10829 2521 1144 850 680 257 582 2449 814 485 250 8308 1635 438 198 294 1197 1078 564 394 205 8157 240
is_linear=0
shrinkage=0.0139946


Tree=4
num_leaves=26
num_cat=0
split_feature=62 37 4 62 10 61 50 42 44 52 62 9 47 28 58 26 30 38 9 10 37 4 34 9 62
split_gain=28.9428 6.17667 4.78314 3.25801 2.79043 3.19154 3.89084 2.70265 2.15047 2.34729 0.961035 0.766396 0.419468 0.576863 0.383925 0.199828 0.161711 0.0882333 0.180067 0.279181 0.0501572 0.041461 0.0252703 0.0120515 0.00971699
threshold=18.465214036169986 21.530535618151124 931.1500000000002 21.170547451515763 -0.27608674622158907 1.0000000180025095e-35 1.0000000180025095e-35 1.1745076581049119 2.8271733797422969 0.90150000000000008 16.990898242597225 -0.92263100495486394 1.0000000180025095e-35 72.850000000000009 1.0150000000000003 98.850000000000009 96.750000000000014 4.9395747566537027 -0.25118773779856163 -0.97106408147883394 26.07578459440909 924.35000000000002 0.26723400185170448 -0.99628894895067444 17.042356613092441
decision_type=2 2 2 2 2 2 2 2 2 2 2 2 2 2 2 2 2 2 2 2 2 2 2 2 2
left_child=1 2 7 4 16 22 -7 10 9 14 -1 -11 13 -8 -3 23 -2 18 -18 -20 21 -19 -6 -5 -10
right_child=3 8 -4 15 5 6 12 -9 24 11 -12 -13 -14 -15 -16 -17 17 20 19 -21 -22 -23 -24 -25 -26
leaf_value=0.0052909473391448596 -0.0026411887677733527 0.0052910360703856 -0.010013955676176398 -0.0032062518340992283 0.0052563280117072396 0.0052758100487935991 -0.0010544224038822132 0.0054449860706731225 0.0052756138259054284 0.0052910342967502346 0.0052910327714320408 -0.00029893250667513421 -0.0016426219969518879 0.0052910109704281368 0.0052910342967502346 -0.00023820834576133439 -0.00013226498095163873 -0.0014448772982204312 -9.5550327902297035e-05 0.0038844042228299773 2.8996483618013844e-06 -0.0018923283404559529 -0.02211553797202884 -0.02114472064683701 -0.0014571955838322099
leaf_weight=208 693 117 87 113 115 113 93 102 77 130 162 210 84 169 72 151 196 457 76 71 69 73 312 8408 236
leaf_count=208 693 117 87 113 115 113 93 102 77 130 162 210 84 169 72 151 196 457 76 71 69 73 312 8044 236
internal_value=-1.22271e-05 0.001877 0.00307946 -0.000254988 0.000169495 0.000813414 0.00162202 0.00363333 0.000993805 0.00153732 0.00425585 0.000572513 0.000635858 0.000918899 0.0028974 -0.000386166 -0.000138807 0 0.000158077 0.000542949 -0.000120073 -0.000186434 0 -0.000395421 0
internal_weight=12594 1401 559 11193 2521 886 459 472 842 529 370 340 346 262 189 8672 1635 942 343 147 599 530 427 8521 313
internal_count=12230 1401 559 10829 2521 886 459 472 842 529 370 340 346 262 189 8308 1635 942 343 147 599 530 427 8157 313
is_linear=0
shrinkage=0.0139946


Tree=5
num_leaves=27
num_cat=0
split_feature=62 18 62 57 44 11 2 11 44 38 43 44 45 5 37 11 60 26 18 26 34 0 50 44 55 59
split_gain=28.9699 8.06621 3.28569 3.55114 2.92037 1.84968 1.7745 0.948921 1.37922 0.924813 0.961711 1.54304 0.841104 1.38062 0.673549 0.219984 0.646943 0.193266 0.108632 0.0852859 0.0812511 0.055351 0.0259522 0.0237069 0.0294707 0.00491937
threshold=18.465214036169986 17.730139245209319 21.170547451515763 930.85000000000002 3.1636041340273415 8.5000000000000018 10.550000000000002 8.5000000000000018 2.4843221269241149 5.4617076176316175 23.983333333333338 1.9343085283659598 2234.5600000000009 -1.0000000180025095e-35 24.168488740658631 5.5000000000000009 1.5950000000000004 98.850000000000009 23.98516510588254 98.450000000000017 0.91228682054450627 0.71500000000000008 4.3833333333332876 2.1054847892376327 920.45000000000016 0.50500000000000012
decision_type=2 2 2 2 2 2 2 2 2 2 2 2 2 2 2 2 2 2 2 2 2 2 2 2 2 2
left_child=1 6 3 7 5 19 -1 15 12 10 11 -7 13 18 -12 16 21 -4 -9 -3 23 -2 -13 -17 -25 -10
right_child=2 4 17 -5 -6 9 -8 8 25 -11 14 22 -14 -15 -16 20 -18 -19 -20 -21 -22 -23 -24 24 -26 -27
leaf_value=0.0052169881430974355 0.0052945954878502273 -0.0034571834606806156 -0.020848807899583051 0.0052174726281119695 -0.001668918305027012 0.0052169881994118998 0.0052169881430974355 0.0052451814530060994 0.0052169872526006498 -0.00027702444386979098 -0.002501777148898409 0.0052173621432205367 -0.0046820761697375221 -0.00049782731283065337 0.0052169881780657658 -9.5533799333975158e-05 0.0052642674636583465 -0.00023487470578609099 0.0052139245192537823 0.001201559490359072 0.0011638834901268286 -0.005608438872208835 0.005457672967930067 -0.0013468172421527093 -0.0036990712173733927 -0.0017824745839236285
leaf_weight=189 68 87 8521 72 231 100 68 76 71 78 90 293 75 76 69 112 85 151 69 105 197 338 91 217 764 301
leaf_count=189 68 87 8157 72 231 100 68 76 71 78 90 293 75 76 69 112 85 151 69 105 197 338 91 217 764 301
internal_value=-3.33873e-06 0.00188697 -0.000246238 0.000180589 0.00129296 0.00164895 0.00424255 6.11862e-05 0.000525333 0.00198548 0.00216791 0.00255389 0.00123592 0.00166755 0.000558124 -7.54759e-05 9.81148e-05 -0.000378099 0.00246188 3.07083e-05 -0.000193751 0 0.00299815 -0.000242545 -0.000265058 0
internal_weight=12594 1401 11193 2521 1144 913 257 2449 668 721 643 484 296 221 159 1781 491 8672 145 192 1290 406 384 1093 981 372
internal_count=12230 1401 10829 2521 1144 913 257 2449 668 721 643 484 296 221 159 1781 491 8308 145 192 1290 406 384 1093 981 372
is_linear=0
shrinkage=0.0139946


Tree=6
num_leaves=28
num_cat=0
split_feature=62 18 30 44 57 2 37 25 45 5 26 4 37 26 31 37 44 45 23 54 53 30 26 62 26 31 18
split_gain=28.5624 8.15126 3.37975 2.86972 1.90256 1.7745 1.47259 1.19712 2.04174 1.02033 0.620271 0.576536 0.514772 0.509451 0.285506 0.249387 0.246944 0.341356 0.573107 0.564981 0.773886 0.235488 0.0912237 0.0453753 0.0208718 0.00293633 0.00180905
threshold=18.465214036169986 17.730139245209319 97.750000000000014 3.1636041340273415 925.6500000000002 10.550000000000002 21.530535618151124 15.440000000000001 1176.0300000000002 -0.25881904510252113 97.450000000000017 931.05000000000007 23.368961560001516 99.350000000000009 -1.2439474744522874 19.848152761892695 3.06019481408164 2215.5315000000005 22.725000000000005 0.99550000000000016 0.99150000000000016 94.950000000000017 96.950000000000017 21.170547451515763 97.65000000000002 -1.750221533356253 27.988415601276952
decision_type=2 2 2 2 2 2 2 2 2 2 2 2 2 2 2 2 2 2 2 2 2 2 2 2 2 2 2
left_child=1 5 7 4 10 -1 9 8 -2 -4 -3 12 15 14 -12 -6 17 18 -8 20 -20 22 -9 25 -24 -23 -18
right_child=2 3 6 -5 11 -7 16 21 -10 -11 13 -13 -14 -15 -16 -17 26 -19 19 -21 -22 23 24 -25 -26 -27 -28
leaf_value=0.0051439782736552178 -0.066191350626123566 -0.0030777707173499525 0.0051607708372630543 -0.0016455623946401068 0.0051439722586700404 0.0051439782736552178 -0.0022041700405005128 -0.0233559215786736 0.0051444559784765368 0.00053715386481263054 0.0009972793278992813 0.0051268209351869138 0.0024251260973204023 -0.00060327122650477712 0.0051439782803343213 0.0052210808392827513 -0.0067666145499029294 -0.00097372750533139421 0.0024021977850309769 -3.346170567673168e-05 0.0051461593013706879 0.0011461798600253001 0.00024954986616081094 -0.0023639620113352043 -0.001260387926877419 -0.0013214482750338987 -0.0069964063193256321
leaf_weight=189 138 113 120 231 72 68 128 8187 69 79 81 68 69 84 104 322 206 367 95 131 118 309 113 445 351 269 68
leaf_count=189 138 113 120 231 72 68 128 7823 69 79 81 68 69 84 104 322 206 367 95 131 118 309 113 445 351 269 68
internal_value=-5.58267e-09 0.001877 -0.000241237 0.00128074 0.00163365 0.00424255 0.000402899 -0.000333643 0.000601389 0.00154781 0.000609765 0.00223908 0.00244739 0.000987635 0.00139566 0.00269969 0.000135513 0.000283191 0.000532347 0.000844278 0.00128934 -0.000360726 -0.000387701 -6.65737e-05 -3.1654e-06 0 -7.12956e-05
internal_weight=12594 1401 11193 1144 913 257 1312 9881 207 199 382 531 463 269 185 394 1113 839 472 344 213 9674 8651 1023 464 578 274
internal_count=12230 1401 10829 1144 913 257 1312 9517 207 199 382 531 463 269 185 394 1113 839 472 344 213 9310 8287 1023 464 578 274
is_linear=0
shrinkage=0.0139946


Tree=7
num_leaves=32
num_cat=0
split_feature=62 62 9 9 9 57 9 26 44 2 30 57 54 58 62 18 30 26 9 61 60 4 38 52 9 9 31 28 62 9 62
split_gain=28.3418 5.94158 5.22435 4.77733 4.06853 3.55402 1.92506 1.85318 2.35515 1.13737 0.666362 0.6253 0.993455 0.50742 0.329864 0.275109 0.133613 0.104684 0.0864435 0.063553 0.0555385 0.0437967 0.217615 0.0655892 0.0433502 0.0331964 0.0772579 0.0293331 0.025405 0.0221934 0.00948855
threshold=17.72685275518786 20.611959699578659 -0.30901413279605799 -0.96230016621822456 -0.66484924122790601 930.85000000000002 -0.79356426026969629 99.350000000000009 2.4609797379328171 13.450000000000001 96.65000000000002 925.6500000000002 0.70150000000000012 0.71500000000000008 16.990898242597225 18.139028020211551 97.750000000000014 98.850000000000009 0.35769492645306972 1.0000000180025095e-35 25.695000000000004 922.45000000000016 4.9395747566537027 0.99750000000000016 -0.81403855522663837 -0.80392051724781066 -4.5498625230941974 84.65000000000002 20.725288621801706 0.7086201161944764 18.949040233617072
decision_type=2 2 2 2 2 2 2 2 2 2 2 2 2 2 2 2 2 2 2 2 2 2 2 2 2 2 2 2 2 2 2
left_child=2 3 4 7 6 11 9 8 -2 15 17 16 19 -14 -6 -1 18 28 -5 30 25 22 23 -18 -23 26 -12 -4 -3 -27 -13
right_child=1 10 27 5 14 -7 -8 -9 -10 -11 20 12 13 -15 -16 -17 21 -19 -20 -21 -22 24 -24 -25 -26 29 -28 -29 -30 -31 -32
leaf_value=0.0050719901510313872 0.0051392378047021561 -0.0024786555340056832 -0.01708693746480993 -0.0026790059108446323 0.0050719901510313872 0.0050724611705457168 0.0050709059045544744 0.00091171744688394168 0.0050718088399886556 0.0050706049229116666 0.0022503700950691854 -0.013737679578442843 0.0051482764030778335 0.005012989883969649 0.0050681833115680053 0.0050719900525799701 0.0036556546574685418 -0.00023824947403828733 5.6669167031073098e-06 0.0052192910408605719 0.0052133321896446023 3.8602735652301031e-06 -0.0013123487354517794 -0.00014534719567589903 -0.0016833675008748059 -0.0029736204386870721 -0.0042107473086091486 0.0050719882619956087 -0.024428613258706731 -0.0046497950887511219 -0.01735666750223086
leaf_weight=70 122 98 85 682 156 74 110 83 100 76 86 79 70 125 72 161 92 71 86 118 72 107 230 69 298 422 92 86 8269 74 259
leaf_count=70 122 98 85 682 156 74 110 83 100 76 86 79 70 125 72 161 92 71 86 118 72 107 230 69 298 422 92 86 7905 74 259
internal_value=-3.33873e-06 -0.000183578 0.00251031 0.000395523 0.00309019 0.000143653 0.00196041 0.00205387 0.00272097 0.00253626 -0.000354526 1.09556e-05 0.000399894 0.00123235 0.00483077 0.00308037 -0.00010819 -0.000390207 -0.000240412 0 0 0 0.000123089 0.000546115 -8.03287e-05 0 0 0 -0.000394972 -0.000114275 -5.45755e-05
internal_weight=12594 11778 816 2594 645 2289 417 305 222 307 9184 2215 651 195 228 231 1564 8438 768 456 746 796 391 161 405 674 178 171 8367 496 338
internal_count=12230 11414 816 2594 645 2289 417 305 222 307 8820 2215 651 195 228 231 1564 8074 768 456 746 796 391 161 405 674 178 171 8003 496 338
is_linear=0
shrinkage=0.0139946


Tree=8
num_leaves=31
num_cat=0
split_feature=62 62 9 9 9 57 9 54 2 57 54 58 58 30 62 18 37 30 10 26 35 53 19 34 53 62 1 60 62 60
split_gain=28.239 6.13844 5.22849 5.22435 4.06853 3.34013 1.92506 1.73633 1.13737 0.717318 1.13116 0.789314 0.603179 0.519145 0.329864 0.275109 0.250528 0.181525 0.122377 0.101463 0.0670549 0.052071 0.0574827 0.0377268 0.0240183 0.0137185 0.0187705 0.010722 0.0146911 0.000736502
threshold=17.72685275518786 20.757175865842161 -0.96230016621822456 -0.30901413279605799 -0.66484924122790601 930.85000000000002 -0.79356426026969629 0.9085000000000002 13.450000000000001 925.6500000000002 0.70150000000000012 0.71500000000000008 0.71500000000000008 96.65000000000002 16.990898242597225 18.139028020211551 22.495844399714915 99.15000000000002 -0.66483077113278999 97.250000000000014 17.584407599652213 0.99950000000000017 33.805920205431939 0.91228682054450627 0.061500000000000006 22.497412473296468 1.7750000000000001 0.03500000000000001 18.949040233617072 12.495000000000003
decision_type=2 2 2 2 2 2 2 2 2 2 2 2 2 2 2 2 2 2 2 2 2 2 2 2 2 2 2 2 2 2
left_child=3 2 7 4 6 9 8 -2 15 17 27 -12 -9 19 -6 -1 -17 20 -19 -3 -4 22 23 -22 -5 26 -15 28 -11 -27
right_child=1 13 5 24 14 -7 -8 12 -10 10 11 -13 -14 25 -16 16 -18 18 -20 -21 21 -23 -24 -25 -26 29 -28 -29 -30 -31
leaf_value=0.0050010094762470399 -0.00063096776998842151 -0.029684514085619552 -0.00037332081860729687 -0.01667987897732582 0.0050010094762470399 0.0050014739040131102 0.0049999404034089378 0.0049685075174860484 0.0049996436338959355 0.0047374679985942303 0.0050714309899816791 0.0049289345619471661 0.005038117721957008 -0.0014724350347227438 0.0049972559121305221 0.0049999244486368709 0.0050770330206256079 -0.001244688674759772 0.0011242651649633244 -0.00060501107816280264 -0.0015273755727256162 -6.579396996747705e-05 -0.0012475549822798758 -0.0060431438772585878 0.0050010074701766624 -0.0043122976088183522 0.0022623326030920942 0.0049898836380346369 -0.017409760280157983 -0.0011187013419521553
leaf_weight=70 82 8022 77 81 156 78 110 95 76 83 75 131 152 124 72 81 80 174 111 267 1061 113 70 156 90 189 249 104 297 68
leaf_count=70 82 7658 77 81 156 78 110 95 76 83 75 131 152 124 72 81 80 174 111 267 1061 113 70 156 90 189 249 104 297 68
internal_value=0 -0.000178826 0.000373806 0.00251031 0.00309019 0.000128708 0.00196041 0.00204362 0.00253626 9.27015e-06 0.000414368 0.00127957 0.00263039 -0.000363567 0.00483077 0.00308037 0.00183505 -0.000111437 7.97831e-05 -0.00039305 -0.00019395 -0.000221474 -0.000247515 -0.000272063 0 0 7.44936e-05 0 0 -4.8406e-05
internal_weight=12594 11778 2859 816 645 2530 417 329 307 2452 690 206 247 8919 228 231 161 1762 285 8289 1477 1400 1287 1217 171 630 373 484 380 257
internal_count=12230 11414 2859 816 645 2530 417 329 307 2452 690 206 247 8555 228 231 161 1762 285 7925 1477 1400 1287 1217 171 630 373 484 380 257
is_linear=0
shrinkage=0.0139946


Tree=9
num_leaves=29
num_cat=0
split_feature=20 10 28 5 43 20 10 27 51 45 10 34 26 44 29 25 45 11 9 61 25 27 39 32 9 26 31 44
split_gain=22.4939 10.5291 8.56845 6.79921 2.74833 1.84059 1.61001 2.27406 1.85956 1.23299 0.769686 0.831239 0.553318 0.410645 0.391837 0.249474 0.235737 0.149517 0.0933842 0.0522379 0.050918 0.0309227 0.0417952 0.0304745 0.0170627 0.00210008 0.00188423 0.000302558
threshold=18.978358294109736 -0.27608674622158907 85.950000000000017 -0.25881904510252113 23.983333333333338 21.978876633511756 -0.17552498857989965 84.850000000000009 1.0000000180025095e-35 1613.7125000000003 0.91234096280339505 0.61086542111289521 92.850000000000009 2.1529475679052958 79.550000000000011 15.785000000000002 1857.2140000000002 5.5000000000000009 -0.81403855522663837 8.0850000000000026 22.995000000000001 98.65000000000002 22.833333333333332 -0.59999999999999598 -0.99628894895067444 86.250000000000014 -0.78359186268582259 2.6611580426808801
decision_type=2 2 2 2 2 2 2 2 2 2 2 2 2 2 2 2 2 2 2 2 2 2 2 2 2 2 2 2
left_child=1 13 12 4 9 6 17 25 10 -4 11 -9 26 -1 -14 -7 -11 20 -19 21 -2 22 -15 -21 -17 -8 -3 -5
right_child=5 2 3 27 -6 15 7 8 -10 16 -12 -13 14 19 -16 24 -18 18 -20 23 -22 -23 -24 -25 -26 -27 -28 -29
leaf_value=0.0050822538709239537 -0.0013587046607195198 -0.014088555873221579 0.0049312074346097223 -0.0017959366203672083 0.0049305685336202892 0.0010310480715142666 -0.036462620802173773 0.0050071939530445331 -0.0021302068958153754 0.004926568437061297 0.0049314800786996347 0.0051538591180756215 0.005072854302386169 -0.0015034831105781707 -0.0065089780120249907 -0.0033019928030731849 0.0049310311024555672 -0.00033804473377092636 -0.0027476087750197241 0.00099624063923495557 0.0023357061033398257 -8.6187490038401018e-05 -1.1239810034233032e-05 -0.0012636361484079045 -0.018642731283307758 -0.0084944551905729009 0.0049252891969966423 0.0034756033646064048
leaf_weight=111 160 180 69 92 94 208 210 92 97 102 68 111 105 390 77 105 443 310 975 108 74 103 115 70 7918 68 71 68
leaf_count=111 160 180 69 92 94 208 210 92 97 102 68 111 105 390 77 105 443 310 975 108 74 103 115 70 7554 68 71 68
internal_value=-5.58267e-09 0.00128024 0.00208551 0.00289824 0.00348841 -0.000277346 5.9647e-05 0.000665436 0.00140549 0.00385769 0.00200309 0.00246577 0.000295924 3.54265e-05 0.000892476 -0.000374163 0.0041415 -0.000154179 -0.000225497 0 0 -0.000124497 -0.000174922 6.57778e-05 -0.00038693 -7.62772e-05 0 0
internal_weight=12594 2198 1301 868 708 10396 2165 646 368 614 271 203 433 897 182 8231 545 1519 1285 786 234 608 505 178 8023 278 251 160
internal_count=12230 2198 1301 868 708 10032 2165 646 368 614 271 203 433 897 182 7867 545 1519 1285 786 234 608 505 178 7659 278 251 160
is_linear=0
shrinkage=0.0139946


Tree=10
num_leaves=33
num_cat=0
split_feature=33 51 11 57 4 26 57 23 37 50 43 53 42 9 0 19 55 57 43 34 9 33 60 37 43 32 50 39 1 63 37 45
split_gain=18.8688 11.3187 8.06447 3.84097 3.60719 2.95353 2.88471 1.91423 1.4243 1.32734 1.88129 1.88896 1.54496 0.737215 0.710687 0.515467 0.140503 0.103862 0.256544 0.099386 0.0956735 0.09462 0.0783555 0.0524603 0.051258 0.0384971 0.0362677 0.0923067 0.0336459 0.0322846 0.0159435 0.00807057
threshold=18.671979662200702 86.042000000000016 8.5000000000000018 929.35000000000002 931.35000000000002 86.250000000000014 925.05000000000007 21.595000000000002 20.347988524545105 34.07499999999991 26.05895833333334 0.17600000000000002 0.4244800740557596 -0.96230016621822456 1.0350000000000004 24.412159202768304 921.05000000000007 920.95000000000016 25.192708333333336 0.44148615376043571 0.74409704927257569 20.557191738269864 9.8350000000000026 22.981108274096329 24.437500000000004 -0.43999999999999945 187.54166666666654 22.20333333333333 0.46500000000000002 2.5690211404775778 22.795925040673954 2114.1800000000007
decision_type=2 2 2 2 2 2 2 2 2 2 2 2 2 2 2 2 2 2 2 2 2 2 2 2 2 2 2 2 2 2 2 2
left_child=1 2 3 22 7 21 13 8 -4 10 11 -8 -13 15 -14 -7 17 28 -19 -9 23 -2 31 30 -17 -3 27 -11 -15 -25 -18 -1
right_child=5 25 4 -5 -6 6 9 19 -10 26 -12 12 14 16 -16 24 20 18 -20 -21 -22 -23 -24 29 -26 -27 -28 -29 -30 -31 -32 -33
leaf_value=-0.0026708875749243319 -0.020493075808250889 -0.0039410900682072406 0.0048620766001419439 0.0049363097298634213 -0.0045079947946350127 -0.0017356753260298092 -0.016531631537125661 0.004886163463187496 0.0048620141467474939 -0.010330684990449387 -0.0053539891940506401 0.0033636320962483544 0.0049019937028939994 -0.0013304589014531893 0.0049062453970541327 0.0037023775556067986 -0.004213008750785497 -0.003342664849017012 0.00031996422853099177 0.0048609450862188092 0.00072187437655726037 -0.050000151265767755 0.0011287102890474526 -0.0015238541086097783 0.00086396693194975161 -0.0074077125298917367 -0.012814969739412169 0.005072420592712173 -0.0033132271903816455 -0.00076641122968681367 0.0012400103837347379 -0.0021052752555096501
leaf_weight=252 146 91 193 75 69 136 76 212 84 68 92 69 112 69 76 79 223 89 126 175 69 7042 110 1522 70 472 167 91 323 68 68 80
leaf_count=252 146 91 193 75 69 136 76 212 84 68 92 69 112 69 76 79 223 89 126 175 69 6678 110 1522 70 472 167 91 323 68 68 80
internal_value=0 0.00131703 0.00206461 0.000557652 0.0030317 -0.000225328 8.71846e-05 0.00334733 0.00456056 0.000867258 0.00139124 0.00188882 0.0024585 -9.56903e-05 0.003136 0.00051885 -0.000190845 0 0.000241054 0.002288 -0.00024869 -0.000390894 0 -0.000272149 0.00108677 -0.000224845 0 0.000210133 -0.000140186 -0.00030669 0 -4.80112e-05
internal_weight=12594 1813 1250 517 733 10781 3593 664 277 751 425 333 257 2842 188 285 2557 607 215 387 1950 7188 442 1881 149 563 326 159 392 1590 291 332
internal_count=12230 1813 1250 517 733 10417 3593 664 277 751 425 333 257 2842 188 285 2557 607 215 387 1950 6824 442 1881 149 563 326 159 392 1590 291 332
is_linear=0
shrinkage=0.0139946


Tree=11
num_leaves=29
num_cat=0
split_feature=35 2 30 10 27 10 10 59 8 23 10 57 19 25 43 17 30 61 25 30 31 34 53 45 29 17 3 4
split_gain=13.6203 16.0875 5.95453 7.68935 4.63202 3.83421 5.03941 2.72957 2.5475 2.86672 0.725195 0.61306 0.501512 0.334993 0.141084 0.111316 0.0907119 0.0717687 0.0550484 0.0466273 0.0366151 0.0284619 0.022037 0.0121509 0.00873933 0.00251059 0.00146452 0.00240204
threshold=17.744692244112819 13.450000000000001 88.15000000000002 -0.27608674622158907 82.250000000000014 -0.17552498857989965 0.94968266440323645 1.155 1.0000000180025095e-35 23.825000000000003 -0.66483077113278999 924.95000000000016 20.311552195899164 16.005000000000006 27.80479166666667 17.730139245209319 99.15000000000002 22.365000000000006 21.005000000000006 94.450000000000017 -4.0349950372961851 0.27682302479991577 0.99950000000000017 2268.4155000000005 68.850000000000009 24.572032321856007 0.98150000000000015 929.6500000000002
decision_type=2 2 2 2 2 2 2 2 2 2 2 2 2 2 2 2 2 2 2 2 2 2 2 2 2 2 2 2
left_child=1 5 13 10 26 -1 -7 8 -6 -10 14 16 -11 25 17 -15 20 22 19 -3 -12 -22 -4 -23 -9 -2 27 -5
right_child=2 18 3 4 7 6 -8 24 9 12 11 -13 -14 15 -16 -17 -18 -19 -20 -21 21 23 -24 -25 -26 -27 -28 -29
leaf_value=0.0011355698459015369 0.0027632291692108193 -0.012371332839662078 -0.002611365807214825 -0.027258889859341096 -0.0019522484831055306 0.004794033589872875 0.0047713436007449164 -0.012428801369514459 0.0048528233971324598 -0.003837105358713754 0.0011039785901880417 0.0049286861994928466 0.004866121095843186 -0.013303580186380764 0.00040746910590897396 -0.046681594152440255 0.0011026897631199514 -0.00018396154560089087 -0.005741521598384482 0.004814339323295877 -0.0026857115164403865 -0.001473143928920929 -0.0015223500704574402 -0.0013740680967918918 0.0047895880710799831 -0.012273172734666772 -0.0026015133538964852 -0.0087974429506757074
leaf_weight=72 121 74 1781 214 87 294 77 110 347 79 132 90 280 132 68 6955 126 119 338 76 68 329 188 68 107 126 68 68
leaf_count=72 121 74 1781 214 87 294 77 110 347 79 132 90 280 132 68 6591 126 119 338 76 68 329 188 68 107 126 68 68
internal_value=0 0.00162403 -0.00013326 0.000269224 0.00114461 0.00355151 0.00413071 0.00163042 0.00201409 0.00229346 -0.000109547 0.000202577 0.00110198 -0.000380024 -0.000258543 -0.000398379 0 -0.000286777 0 0 -2.22863e-06 -0.000123962 -0.000307146 -0.000178778 0 0 -6.70325e-05 -8.11184e-05
internal_weight=12594 931 11663 4329 1360 443 371 1010 793 706 2969 813 359 7334 2156 7087 723 2088 488 150 597 465 1969 397 217 247 350 282
internal_count=12230 931 11299 4329 1360 443 371 1010 793 706 2969 813 359 6970 2156 6723 723 2088 488 150 597 465 1969 397 217 247 350 282
is_linear=0
shrinkage=0.0139946


Tree=12
num_leaves=33
num_cat=0
split_feature=62 62 10 10 60 50 10 10 2 59 47 28 62 30 18 30 10 10 63 37 0 37 4 53 59 10 28 10 4 31 60 63
split_gain=28.1631 6.02259 5.22435 4.92548 5.14314 4.48656 4.06853 1.92506 1.13737 0.798992 0.499707 0.668269 0.329864 0.285589 0.275109 0.275066 0.282588 0.489318 0.578224 0.250528 0.150968 0.0926646 0.0461972 0.0414733 0.032789 0.032302 0.0293331 0.0189841 0.0293331 0.00755673 0.00829044 0.00355963
threshold=17.72685275518786 21.170547451515763 0.94968266440323645 -0.27608674622158907 0.03500000000000001 1.0000000180025095e-35 0.74407637760383738 0.60503365783732044 13.450000000000001 0.97500000000000009 1.0000000180025095e-35 72.850000000000009 16.990898242597225 97.550000000000011 18.139028020211551 97.750000000000014 -0.66483077113278999 -0.45205545877835862 -0.056062470884237207 22.495844399714915 0.65500000000000014 28.736419546452087 922.45000000000016 0.99850000000000005 0.56500000000000006 -0.9668120007078248 84.65000000000002 0.91925191855388755 929.25000000000011 -6.4477353935854866 35.390000000000008 3.5815483689182419
decision_type=2 2 2 2 2 2 2 2 2 2 2 2 2 2 2 2 2 2 2 2 2 2 2 2 2 2 2 2 2 2 2 2
left_child=2 3 6 15 20 9 7 8 14 -6 11 -7 -8 29 -1 21 22 18 -18 -16 -5 23 25 24 -2 -17 -4 28 -22 -3 -31 -29
right_child=1 13 26 4 5 10 12 -9 -10 -11 -12 -13 -14 -15 19 16 17 -19 -20 -21 27 -23 -24 -25 -26 -27 -28 31 -30 30 -32 -33
leaf_value=0.0047268789043154501 -0.00017195090466557843 -0.0068518556472754941 -0.015714738653188363 0.0047678817950087401 0.0047980000816284299 -0.003106610987294969 0.0049871830154282334 0.0047237014055300473 0.0047255225172879627 0.0047608926791533977 -0.0016616915238867594 0.0048626134944842869 0.0047225888028221003 -0.0011799929590370038 0.0047248023745108158 0.0025681474047186447 0.0048414692061596182 -0.0025878818885574899 -4.7653466024231669e-05 0.0048008451518935713 -0.0092306539917743052 0.00024290799882652103 -0.0025749568319415289 -0.0012707381180264291 -0.0024426641013631572 -8.577450319074658e-05 0.0047272585207153908 -0.042352222731869671 0.0048492450916074337 -0.023529513754060413 -0.0092819910742253375 -0.010123698819206224
leaf_weight=70 69 115 85 105 162 92 156 110 76 70 68 174 72 344 81 84 104 136 72 80 77 68 323 102 781 225 86 238 86 8098 115 70
leaf_count=70 69 115 85 105 162 92 156 110 76 70 68 174 72 344 81 84 104 136 72 80 77 68 323 102 781 225 86 238 86 7734 115 70
internal_value=0 -0.000175262 0.00251031 0.000342251 0.00107573 0.00202591 0.00309019 0.00196041 0.00253626 0.00360397 0.000715244 0.0010034 0.00483077 -0.000368418 0.00308037 -5.05816e-05 7.19869e-05 0.000438099 0.000936746 0.00183505 2.1927e-05 -0.000229879 -3.20946e-06 -0.000275024 -0.000306969 0 0 0 0 -0.000384775 -0.000387692 -0.00010954
internal_weight=12594 11778 816 3106 1142 566 645 417 307 232 334 266 228 8672 231 1964 944 312 176 161 576 1020 632 952 850 309 171 471 163 8328 8213 308
internal_count=12230 11414 816 3106 1142 566 645 417 307 232 334 266 228 8308 231 1964 944 312 176 161 576 1020 632 952 850 309 171 471 163 7964 7849 308
is_linear=0
shrinkage=0.0139946


Tree=13
num_leaves=33
num_cat=0
split_feature=20 10 27 2 18 59 36 20 10 27 2 34 38 29 44 10 43 38 45 21 57 31 60 55 23 52 10 37 57 56 55 34
split_gain=21.6382 11.0681 6.46277 5.22958 5.69383 1.86053 1.95741 1.79216 1.57964 2.27406 1.97765 0.981352 0.647195 0.335273 0.307738 0.150616 0.134048 0.122136 0.133546 0.137116 0.0998026 0.0604688 0.0443087 0.0831046 0.0414866 0.0192338 0.015287 0.00873933 0.00438687 0.0143917 0.00331004 0.00210008
threshold=18.978358294109736 -0.27608674622158907 86.550000000000011 20.150000000000002 17.730139245209319 1.1050000000000002 2.7742380136840858 21.978876633511756 -0.17552498857989965 84.850000000000009 9.6000000000000014 0.61086542111289521 4.8601775560500213 67.65000000000002 2.1529475679052958 -0.63872576220844923 27.157500000000002 1.0899813630500979 2218.1325000000002 14.335000000000003 923.05000000000007 -4.0349950372961851 7.9350000000000014 920.45000000000016 30.035000000000004 0.81150000000000022 -0.57022117041332276 23.649249856085738 925.25000000000011 923.55000000000007 929.75000000000011 1.710498996927283
decision_type=2 2 2 2 2 2 2 2 2 2 2 2 2 2 2 2 2 2 2 2 2 2 2 2 2 2 2 2 2 2 2 2
left_child=1 14 30 4 12 6 -6 8 15 31 11 -11 -4 -7 -1 16 -2 -9 19 -19 24 -13 23 -16 -20 -25 -17 -24 29 -22 -3 -10
right_child=7 2 3 -5 5 13 -8 17 9 10 -12 21 -14 -15 22 26 -18 18 20 -21 28 -23 27 25 -26 -27 -28 -29 -30 -31 -32 -33
leaf_value=0.0048582873148362744 -0.0025087691031103615 -0.028446553140701422 0.0046575436903513916 0.00055279149158191229 0.0046594069928555804 -0.0086465510627145269 0.004643252900867611 0.0015770455632187186 -0.016509105021466471 0.0049053684818410395 -0.001972547825643173 0.004901618038155235 0.0046607281310245335 0.0047767442195347327 3.4724598410023175e-05 0.0021173483273766672 0.000744360602014406 0.00068558649909309939 -0.0026419039593158027 -0.035558836614733448 -0.0050184808252349876 -0.0022325902664381233 0.00096926075257344204 -0.0029912085983939429 -0.00017395224202007949 -0.0011875456542447128 -0.0014319723257971244 -0.0026123394830994155 -0.021962809075804429 0.00075230171315400767 0.0050103861554346282 -0.0084863733546821588
leaf_weight=111 1051 157 106 165 402 87 80 98 210 130 101 68 102 114 111 71 68 99 487 7252 78 69 107 68 78 429 329 71 71 68 88 68
leaf_count=111 1051 157 106 165 402 87 80 98 210 130 101 68 102 114 111 71 68 99 487 6888 78 69 107 68 78 429 329 71 71 68 88 68
internal_value=0 0.00126116 0.00208551 0.00255992 0.00298518 0.00218024 0.0027108 -0.000266579 6.61054e-05 0.000665436 0.00140549 0.00203913 0.00526447 0.000562607 0 -0.000144977 -0.000234172 -0.000362264 -0.000368452 -0.000391536 -6.50823e-05 0.000511502 -3.13578e-05 -0.000124497 -0.000200845 -0.0002271 0 0 0 7.62273e-05 0 -7.62772e-05
internal_weight=12594 2198 1301 1056 891 683 482 10396 2165 646 368 267 208 201 897 1519 1119 8231 8133 7351 782 137 786 608 565 497 400 178 217 146 245 278
internal_count=12230 2198 1301 1056 891 683 482 10032 2165 646 368 267 208 201 897 1519 1119 7867 7769 6987 782 137 786 608 565 497 400 178 217 146 245 278
is_linear=0
shrinkage=0.0139946


Tree=14
num_leaves=31
num_cat=0
split_feature=62 62 9 9 9 57 9 44 58 23 57 30 58 45 62 18 37 55 5 9 31 30 52 9 44 47 27 44 36 31
split_gain=28.0642 5.91266 5.46638 5.22435 4.06853 3.38814 1.92506 1.45832 2.13957 1.57736 0.78701 1.0575 1.18421 0.431095 0.329864 0.225818 0.450802 0.176304 0.153191 0.136224 0.0941543 0.0662948 0.0763389 0.0539335 0.0531715 0.0324328 0.0307901 0.02971 0.0280978 1.11279e-05
threshold=17.72685275518786 21.170547451515763 -0.96230016621822456 -0.30901413279605799 -0.66484924122790601 930.85000000000002 -0.79356426026969629 2.8186213524399917 0.71500000000000008 23.825000000000003 925.6500000000002 95.250000000000014 0.71500000000000008 2197.4140000000002 16.990898242597225 17.795380776724119 22.044587707327288 922.35000000000002 -0.78656609248549303 -0.81403855522663837 -2.4619744344544094 96.750000000000014 0.99250000000000005 0.38962684145003695 3.1636041340273415 41.750000000000007 89.750000000000014 2.1183268157521624 3.4178525003153184 -6.4477353935854866
decision_type=2 2 2 2 2 2 2 2 2 2 2 2 2 2 2 2 2 2 2 2 2 2 2 2 2 2 2 2 2 2
left_child=3 2 7 4 6 10 15 8 -2 -10 17 -12 -13 29 -6 -1 -17 21 20 25 -15 23 -23 -4 -14 -20 -5 -19 -29 -3
right_child=1 13 5 26 14 -7 -8 -9 9 -11 11 12 24 18 -16 16 -18 27 19 -21 -22 22 -24 -25 -26 -27 -28 28 -30 -31
leaf_value=0.0045862809713334641 0.00064839559783007989 -0.0072845314557039385 -0.0022335193599208689 -0.025057235495593588 0.0048472706368906087 0.0045936624437110775 0.0045879134098053909 0.0045633983899297939 0.0046241359783712743 0.0046586836158282862 -0.0015958876303629557 0.0046775131112645153 0.0047159557050076425 -0.001328554002169043 0.0045899232116078936 0.0045932164102122225 0.0046280581583635358 -0.00034677290840901318 0.0019858475237134734 -0.0077980951456949029 0.0032193152258791595 0.0017216058467641878 -5.1849974767341298e-05 0.00026609574744332337 -0.031380661508894341 -0.012688738491787607 0.0045959222884488287 -0.0012557688867888622 -0.0022863772522262655 -0.041592076383675652
leaf_weight=82 101 64 386 86 156 78 110 86 78 80 453 84 136 108 72 70 155 111 163 601 68 118 412 68 74 170 85 771 70 7498
leaf_count=82 101 64 386 86 156 78 110 86 78 80 453 84 136 108 72 70 155 111 163 601 68 118 412 68 74 170 85 771 70 7134
internal_value=0 -0.00017051 0.000342251 0.00251031 0.00309019 0.000108171 0.00196041 0.00201068 0.00254372 0.00362821 0 0.000406936 0.00105791 -0.000361964 0.00483077 0.00253626 0.00163074 -0.000124685 -3.12823e-05 -0.000152608 0.000228603 0 0.00011276 -0.000116822 0.00012454 0 0 -0.000260352 -0.00028916 -0.000401576
internal_weight=12594 11778 3106 816 645 2761 417 345 259 158 2683 747 294 8672 228 307 225 1936 1110 934 176 984 530 454 210 333 171 952 841 7562
internal_count=12230 11414 3106 816 645 2761 417 345 259 158 2683 747 294 8308 228 307 225 1936 1110 934 176 984 530 454 210 333 171 952 841 7198
is_linear=0
shrinkage=0.0139946


Tree=15
num_leaves=31
num_cat=0
split_feature=16 10 2 10 23 26 10 36 47 0 63 10 47 37 29 4 9 3 29 59 9 25 63 60 31 63 36 45 26 47
split_gain=20.9819 11.2917 8.26964 7.18927 4.93347 2.53541 2.35957 2.10782 1.8832 0.984365 0.892247 0.696303 0.507124 0.616903 0.427396 0.372234 0.251698 0.215179 0.399021 0.445825 0.193948 0.182136 0.121495 0.0385758 0.0187786 0.0132349 0.0104803 0.0313904 0.00921721 4.03883e-05
threshold=18.691167710183787 -0.17552498857989965 20.150000000000002 0.94968266440323645 23.825000000000003 86.250000000000014 -0.18399835165767994 0.52031543274684988 4.1500000000000012 1.1250000000000002 -1.2057910229822892 -0.66483077113278999 5.3500000000000005 22.438506913466323 79.550000000000011 931.1500000000002 0.45206801762443477 0.95050000000000001 74.850000000000009 0.70500000000000007 -0.81403855522663837 16.005000000000006 0.92790823086480689 11.405000000000003 -1.2439474744522874 1.3234279669021289 2.2654702924124934 2257.2040000000006 98.15000000000002 17.150000000000002
decision_type=2 2 2 2 2 2 2 2 2 2 2 2 2 2 2 2 2 2 2 2 2 2 2 2 2 2 2 2 2 2
left_child=1 11 3 4 7 21 16 -3 9 10 -8 23 13 -13 -12 -9 20 -18 19 -19 26 -2 -22 -1 -5 -11 28 -28 -7 -4
right_child=5 2 29 24 -6 6 8 15 -10 25 14 12 -14 -15 -16 -17 17 18 -20 -21 22 -23 -24 -25 -26 -27 27 -29 -30 -31
leaf_value=-0.0017283286858105645 -0.0021830809540172602 0.0045313637746954467 0.0030422394479924686 -0.02629133184181932 0.0046438973042007099 -0.0029729436184215028 -0.0018514822201687426 0.0045532352144645426 -0.0076818063623769672 -0.0096271357900954528 0.0046598494651670982 0.00032858816910945549 -0.0043716136916402476 0.0046137854018924876 0.0046137503169223389 0.0045294107349678489 -0.0034963579841425009 0.0029762523108440102 -0.003966401597359533 0.00017673572712436519 -0.0039049390010744748 -0.053610197666031409 -0.0022407405509665378 -0.00047121056529151109 0.004603089074522883 0.0044708513463952619 0.0012658282814180073 -0.001538306631677686 9.3746400037815001e-06 -0.0071768984047076954
leaf_weight=429 236 112 104 94 114 244 68 394 220 85 179 100 77 131 117 68 178 73 102 142 1264 6984 369 114 68 73 103 89 110 153
leaf_count=429 236 112 104 94 114 244 68 394 220 85 179 100 77 131 117 68 178 73 102 142 1264 6620 369 114 68 73 103 89 110 153
internal_value=2.62846e-06 0.00133848 0.00227142 0.0029355 0.00356114 -0.000237148 6.02125e-05 0.00410621 0.00076995 0.0012429 0.00165495 4.35727e-05 0.000629831 0.000976923 0.00198766 0.0033285 -0.000111949 9.3945e-05 0.000380757 0.000757313 -0.000189657 -0.000387147 -0.000266865 -0.000166318 0 0 0 0.000102897 0 0
internal_weight=12594 1958 1107 850 688 10636 3416 574 742 522 364 851 308 231 296 462 2674 495 317 215 2179 7220 1633 543 162 158 546 192 354 257
internal_count=12230 1958 1107 850 688 10272 3416 574 742 522 364 851 308 231 296 462 2674 495 317 215 2179 6856 1633 543 162 158 546 192 354 257
is_linear=0
shrinkage=0.0139946


Tree=16
num_leaves=31
num_cat=0
split_feature=20 10 28 2 43 47 11 45 10 9 50 25 45 0 10 43 43 44 9 45 44 45 4 28 9 11 10 10 16 44
split_gain=21.994 10.824 8.31423 6.72223 2.64298 1.82812 2.44776 1.20754 1.0352 1.63122 0.653549 0.410358 0.83572 0.365822 0.325943 0.457668 1.09436 0.307694 0.848561 0.292132 0.167235 0.135239 0.069461 0.0511905 0.0265765 0.0137946 0.00696081 0.141614 0.00497805 0.000187888
threshold=18.978358294109736 -0.27608674622158907 85.950000000000017 20.150000000000002 23.983333333333338 9.6000000000000014 8.5000000000000018 1613.7125000000003 -0.17552498857989965 -0.40542197401079733 182.74166666666665 15.785000000000002 1138.6075000000003 0.83500000000000008 -0.66483077113278999 24.404791666666668 23.82520833333334 2.9787140681841486 0.59817537509284302 1857.2140000000002 2.8271733797422969 2174.7425000000007 920.45000000000016 98.350000000000009 -0.16705007855999712 11.500000000000002 -0.89388548498445497 -0.8520459593969173 17.073406082334021 2.6611580426808801
decision_type=2 2 2 2 2 2 2 2 2 2 2 2 2 2 2 2 2 2 2 2 2 2 2 2 2 2 2 2 2 2
left_child=1 14 13 4 7 6 11 -4 -8 10 -10 12 -2 -3 22 16 -16 18 20 -9 -13 -19 -1 -24 -22 -15 -23 -28 -7 -5
right_child=5 2 3 29 -6 28 8 19 9 -11 -12 17 -14 25 15 -17 -18 21 -20 -21 24 26 23 -25 -26 -27 27 -29 -30 -31
leaf_value=0.00010812196924760674 -0.079040012494122264 0.0044375565595654171 0.0049029861403960019 -0.0016762841565296299 0.0044634160446121998 -0.0076602192974254378 -1.9799524231959994e-05 0.0044628965435738015 0.004708964436935097 -0.01294130317207679 0.00073582978382206261 -0.0021698907736167512 0.0044099391209348957 -0.01307970056104704 -0.0023369799111012399 -0.0015121401047201424 0.0048395736880282739 -0.010637372651814324 0.0026848641215860441 0.0044679489832340014 0.0023054141814710704 -0.0067940186708592195 -0.0012538836694655955 0.00078922317763275955 -0.0085377773325840088 0.0045443899570404185 0.0012986811780380284 -0.0015679755456332902 -0.034377830630784395 0.0030692774427660344
leaf_weight=102 127 120 69 90 93 59 269 102 216 136 74 617 69 213 79 82 84 1767 79 445 88 200 452 98 73 100 68 151 6403 69
leaf_count=102 127 120 69 90 93 59 269 102 216 136 74 617 69 213 79 82 84 1767 79 445 88 200 452 98 73 100 68 151 6039 69
internal_value=3.73951e-06 0.00128024 0.00209625 0.00289824 0.00348291 -0.000259849 -4.28555e-06 0.00384384 0.000729701 0.00115805 0.00174946 -0.000182898 0.000304517 0.000328106 1.98572e-05 0.000500879 0.000958831 -0.000236588 0 0.00412488 -0.000152988 -0.00032472 -5.87592e-05 -0.000169534 0 0 0 0 -0.000404964 0
internal_weight=12594 2198 1301 868 709 10396 3934 616 695 426 290 3239 196 433 897 245 163 3043 857 547 778 2186 652 550 161 313 419 219 6462 159
internal_count=12230 2198 1301 868 709 10032 3934 616 695 426 290 3239 196 433 897 245 163 3043 857 547 778 2186 652 550 161 313 419 219 6098 159
is_linear=0
shrinkage=0.0139946


Tree=17
num_leaves=36
num_cat=0
split_feature=16 37 50 30 36 9 50 56 40 19 49 38 5 40 54 59 43 36 43 38 50 9 48 1 48 59 43 36 43 30 1 4 30 4 9
split_gain=20.7915 8.65525 7.51439 2.59383 2.47182 2.22251 2.16838 1.93004 1.68686 1.50374 0.94197 0.866508 0.603221 0.589264 0.286774 0.253059 0.147006 0.195141 0.142974 0.142637 0.141326 0.120367 0.422958 0.116789 0.0958563 0.0608434 0.0538626 0.0499885 0.117865 0.0350592 0.0306588 0.0559752 0.0370232 0.00547917 2.80197e-06
threshold=18.691167710183787 21.530535618151124 0.74166666666654368 87.15000000000002 0.56701337712266742 -0.72660079619119988 1.0000000180025095e-35 925.05000000000007 0.34995237447173594 26.97572752825489 18.050000000000004 5.5241916949550491 -0.5 0.66022723361037283 0.99550000000000016 0.54500000000000015 24.10979166666667 0.96443851725226093 17.866041666666671 1.0899813630500979 0.74166666666654368 -0.40542197401079733 28.250000000000004 0.015000000000000001 5.3500000000000005 0.65500000000000014 24.322916666666675 0.8337767325903066 23.395 98.950000000000017 0.52500000000000013 921.75000000000011 95.15000000000002 920.25000000000011 -0.81403855522663837
decision_type=2 2 2 2 2 2 2 2 2 2 2 2 2 2 2 2 2 2 2 2 2 2 2 2 2 2 2 2 2 2 2 2 2 2 2
left_child=1 2 4 18 -1 6 11 15 12 23 -4 14 -9 -12 -3 16 -5 -18 -2 -20 30 22 -10 -6 -19 34 27 -7 -29 -27 33 32 -32 -17 -22
right_child=3 5 10 7 9 26 -8 8 21 -11 13 -13 -14 -15 -16 20 17 24 19 -21 25 -23 -24 -25 -26 29 -28 28 -30 -31 31 -33 -34 -35 -36
leaf_value=0.0044762138721674907 0.0019580279459842005 0.0044251131599460465 -0.010896870024493095 -0.0063526273146022206 0.0043979104548604051 -0.0011214048543365081 -0.00038132105185531079 0.0043677096903242509 0.0047325174229650973 -0.00040061228550769377 0.0046418874925919394 0.0044525247319269316 0.0043961047077031162 -0.015281921248283401 0.00042293911209344937 -0.0011776976922694882 -0.0014188473604171833 0.0018137762916726249 0.0015490157965259606 -0.047738566562265092 0.00036589582631478665 -0.01095403088822175 -0.010773591603556591 0.0043426538645530517 0.0015786420972944061 -0.0038778144101108214 -0.0024345708425354147 -0.0028618214623634484 0.0043896387527326535 -0.0012880119196836952 -0.0009008543301962631 -0.00010269170903693317 0.00023547757719769372 -0.0037542276065404955 -0.0067827379043228523
leaf_weight=166 91 165 137 116 145 130 151 222 111 72 120 70 71 71 98 69 68 119 96 7028 101 219 166 123 128 988 336 73 101 68 77 220 194 256 228
leaf_count=166 91 165 137 116 145 130 151 222 111 72 120 70 71 71 98 69 68 119 96 6664 101 219 166 123 128 988 336 73 101 68 77 220 194 256 228
internal_value=1.51741e-06 0.00133134 0.00243047 -0.000237148 0.00352731 0.000453271 0.00117131 6.35998e-05 0.000681546 0.00241466 0.000523762 0.00180523 0.00153754 0.00119405 0.00218194 -9.64124e-05 0.000137579 0.000341644 -0.000389063 -0.000396526 -0.000172897 3.66941e-05 0.000294855 0.00291161 0.000549714 -0.000259692 0 2.99207e-06 0.000235978 -0.000315719 0 4.13255e-05 0.000207994 -0.000125678 0
internal_weight=12594 1958 834 10636 506 1124 484 3421 789 340 328 333 293 191 263 2632 431 315 7215 7124 2201 496 277 268 247 1385 640 304 174 1056 816 491 271 325 329
internal_count=12230 1958 834 10272 506 1124 484 3421 789 340 328 333 293 191 263 2632 431 315 6851 6760 2201 496 277 268 247 1385 640 304 174 1056 816 491 271 325 329
is_linear=0
shrinkage=0.0139946


Tree=18
num_leaves=33
num_cat=0
split_feature=62 62 10 60 50 18 38 28 55 53 24 16 8 28 55 57 62 55 8 42 52 54 54 29 61 61 1 60 25 31 10 25
split_gain=27.9433 7.58496 5.99036 5.12155 4.6354 4.29709 1.61615 0.637456 0.541367 0.846437 0.985777 0.758933 0.504722 0.756419 0.314922 0.276365 0.271374 0.168597 0.0837086 0.0396578 0.0387575 0.103092 0.166924 0.0248781 0.0425684 0.0175049 0.0163446 0.0153668 0.012197 0.011788 0.0113247 0.00616196
threshold=17.042356613092441 21.268508529905393 -0.27608674622158907 0.025000000000000005 1.0000000180025095e-35 17.730139245209319 5.1851120580619456 85.950000000000017 928.6500000000002 0.14350000000000002 19.225000000000005 16.853213587975883 0.1294095225512602 72.850000000000009 928.55000000000007 925.6500000000002 22.497412473296468 922.35000000000002 0.60355339059327384 1.5562631523681383 0.99350000000000016 0.97450000000000003 0.99350000000000016 84.350000000000009 0.62500000000000011 22.365000000000006 30.785000000000004 0.46500000000000002 15.440000000000001 -4.5498625230941974 -0.97106408147883394 22.785000000000004
decision_type=2 2 2 2 2 2 2 2 2 2 2 2 2 2 2 2 2 2 2 2 2 2 2 2 2 2 2 2 2 2 2 2
left_child=5 2 15 8 6 14 -5 -7 -4 -10 -11 -12 -6 -14 -1 17 18 20 29 25 21 -2 -23 24 -22 -19 28 -20 -18 -3 -26 -29
right_child=1 16 3 4 12 7 -8 -9 9 10 11 -13 13 -15 -16 -17 26 19 27 -21 23 22 -24 -25 30 -27 -28 31 -30 -31 -32 -33
leaf_value=0.0043599359848763746 -0.0014231263198999542 -0.0010521200885239789 -0.0086941352549187688 0.0043946634332073511 -0.0024386863175438677 0.0042326896992243863 0.0043404599498988103 0.0044151105311080506 -0.013306436010821987 -0.031481795489369899 0.0028576881996069631 0.0048185317654861996 -0.0025790290508945052 0.0044657945100221811 0.0043084367787910045 0.0013660414065029805 -0.095842944485164949 -0.0015768098686380861 -0.0043150676795603842 -0.0039572191078687284 6.7853624452179055e-05 0.0025113486359792546 -0.00025872912187216115 0.0010477417454202152 -0.0013167310689633069 -0.0003227381594641907 -0.0026660938622304485 -0.0011701001825392026 -0.031318738366467209 -0.010955877699042485 -0.0014490273739834652 0.0006698519833307693
leaf_weight=70 127 115 300 228 97 80 68 281 162 76 72 92 95 192 118 76 111 788 87 88 152 93 104 143 70 76 167 68 7506 356 334 202
leaf_count=70 127 115 300 228 97 80 68 281 162 76 72 92 95 192 118 76 111 788 87 88 152 93 104 143 70 76 167 68 7142 356 334 202
internal_value=4.85056e-06 -0.00013073 0.000416374 0.00112985 0.00200696 0.00309218 0.00339717 0.00186494 0.000181437 0.000558778 0.00109853 0.00170989 0.000749503 0.00104527 0.00505244 -3.2145e-05 -0.000356687 -9.51116e-05 -1.72915e-05 -0.000231009 0 0.000148827 0.000371248 -2.307e-05 -9.69674e-05 -0.000260306 -0.000384123 1.85391e-05 -0.00038885 -0.000186907 -0.000182936 0.00010735
internal_weight=12594 12045 3433 1382 680 549 296 361 702 402 240 164 384 287 188 2051 8612 1975 828 952 1023 324 197 699 556 864 7784 357 7617 471 404 270
internal_count=12230 11681 3433 1382 680 549 296 361 702 402 240 164 384 287 188 2051 8248 1975 828 952 1023 324 197 699 556 864 7420 357 7253 471 404 270
is_linear=0
shrinkage=0.0139946


Tree=19
num_leaves=33
num_cat=0
split_feature=62 62 10 10 27 10 8 59 49 10 38 62 57 18 37 45 45 44 44 52 4 36 62 10 23 52 17 45 25 26 52 26
split_gain=28.2546 5.96464 4.86439 4.40413 4.8557 4.06853 3.75857 2.86879 2.39385 1.92506 1.78935 0.329864 0.288711 0.225818 0.450802 0.180694 0.147089 0.213149 0.188678 0.26052 0.491512 0.136303 0.0587812 0.0486422 0.0353995 0.0264038 0.0299348 0.0175565 0.0117609 0.0113521 0.00235024 0.00684461
threshold=17.72685275518786 21.633385622840475 0.94968266440323645 -0.27608674622158907 88.15000000000002 0.74407637760383738 1.0000000180025095e-35 1.1650000000000003 337.60000000000008 0.60503365783732044 5.3322815418942122 16.990898242597225 925.6500000000002 17.795380776724119 22.044587707327288 2218.1325000000002 2174.7425000000007 2.1529475679052958 2.7364748821872436 0.99350000000000016 921.85000000000002 2.2654702924124934 23.589463692671362 0.99164058729498161 23.455000000000002 0.40550000000000008 25.408029879588131 2240.4830000000006 15.440000000000001 97.65000000000002 0.15550000000000003 88.350000000000009
decision_type=2 2 2 2 2 2 2 2 2 2 2 2 2 2 2 2 2 2 2 2 2 2 2 2 2 2 2 2 2 2 2 2
left_child=2 3 5 12 30 9 -6 8 10 13 21 -7 16 -1 -15 28 17 -2 24 20 -20 -8 27 -4 -18 -19 -27 -17 -3 -24 -5 -32
right_child=1 15 23 4 6 11 7 -9 -10 -11 -12 -13 -14 14 -16 22 18 25 19 -21 -22 -23 29 -25 -26 26 -28 -29 -30 -31 31 -33
leaf_value=0.0042758456843913373 0.0026906369077665296 -0.079497857735881153 0.0040426731025933202 -0.012826259759030151 -0.0020575049661434369 0.0047001179903287168 0.0043317093519991742 -0.0026471074078538116 0.0042461039188120683 0.0042696433263271971 0.0018577577872838332 0.0043433539383375876 0.00018757667420816673 0.0042789035247389178 0.0043085976542604591 0.003307725172110297 -0.00037161214321576055 -0.0064881565528741312 0.0025617013172902561 -3.5549029943960324e-05 -0.0022122700673766304 0.0044623635309914058 -0.011244638209658767 -0.11124694723459476 -0.001438714832100056 -0.0015675535514706243 -0.0084487207663567349 -0.0011296873836068803 -0.045200318852215024 -0.0010645281440838949 -0.044881248530818027 0.0014444126011239041
leaf_weight=82 122 114 99 288 152 156 231 102 79 110 70 72 92 70 155 69 112 68 71 285 114 82 380 72 341 1016 68 278 7326 68 110 140
leaf_count=82 122 114 99 288 152 156 231 102 79 110 70 72 92 70 155 69 112 68 71 285 114 82 380 72 341 1016 68 278 6962 68 110 140
internal_value=7.07266e-06 -0.000162194 0.00252742 0.000307521 0.000975781 0.00309019 0.0017293 0.00225713 0.0027251 0.00196041 0.00318884 0.00483077 -2.96606e-05 0.00253626 0.00163074 -0.000372486 -8.97096e-05 -0.000190915 0 0.000239799 0.000646729 0.00368 -5.33076e-05 4.48428e-06 -0.000146923 -0.000275867 -0.000292628 0 -0.000397516 -0.000174998 0 0
internal_weight=12594 11778 816 3543 1254 645 716 564 462 417 383 228 2289 307 225 8235 2197 1274 923 470 185 313 795 171 453 1152 1084 347 7440 448 538 250
internal_count=12230 11414 816 3543 1254 645 716 564 462 417 383 228 2289 307 225 7871 2197 1274 923 470 185 313 795 171 453 1152 1084 347 7076 448 538 250
is_linear=0
shrinkage=0.0139946


Tree=20
num_leaves=36
num_cat=0
split_feature=62 62 9 9 9 57 9 8 44 41 57 58 28 62 37 37 62 4 45 40 8 25 9 61 57 21 55 33 9 45 60 45 62 37 31
split_gain=28.1821 5.77876 5.13313 4.86439 4.06853 3.41702 1.92506 1.89253 1.8611 2.20861 0.620217 1.0897 0.999898 0.329864 0.225818 0.929476 0.192176 0.16896 0.166593 0.0805414 0.0765246 0.0661601 0.0656777 0.111582 0.0646747 0.136354 0.262398 0.0619611 0.0486422 0.0355085 0.0237621 0.0215905 0.0111753 0.0111747 0.0202743
threshold=17.72685275518786 21.633385622840475 -0.96230016621822456 -0.30901413279605799 -0.66484924122790601 930.85000000000002 -0.79356426026969629 0.25881904510252057 2.8186213524399917 22.982500000000005 925.6500000000002 0.71500000000000008 70.250000000000014 16.990898242597225 20.57812926115751 22.46380584661819 18.738370801992168 922.35000000000002 2218.1325000000002 0.69009661159397362 0.78656609248549303 15.440000000000001 -0.81403855522663837 22.365000000000006 920.95000000000016 22.545000000000005 921.05000000000007 23.311748395786456 -0.12447811117596669 2231.7060000000006 1.0750000000000004 2301.3575000000005 22.010052643941297 23.555854913796306 -1.1812716183549428
decision_type=2 2 2 2 2 2 2 2 2 2 2 2 2 2 2 2 2 2 2 2 2 2 2 2 2 2 2 2 2 2 2 2 2 2 2
left_child=3 2 7 4 6 10 14 -2 9 -9 17 12 -12 -6 -1 -16 19 24 21 -13 29 -3 -19 -24 27 33 -27 -4 -5 -20 -18 -22 -23 34 -26
right_child=1 18 5 28 13 -7 -8 8 -10 -11 11 16 -14 -15 15 -17 30 22 20 -21 31 32 23 -25 25 26 -28 -29 -30 -31 -32 -33 -34 -35 -36
leaf_value=0.0042242093616004671 -0.00022075536762809788 -0.07838531385902664 -0.0024151212921674657 0.0039860973490509783 0.0046343415324523055 0.0042201735006068674 0.0042098912062784235 0.0042400403384036953 0.0042324028228745503 0.0042875815072408868 -0.0067107997569964325 0.0044455995822540086 0.0045473578254634564 0.0042825702648307583 0.0042186465205106627 0.0042567761839321806 -0.013664802238528687 -0.00011931043264728019 -0.0072860642116739727 -0.0018733407893492468 0.00086162977879377788 -0.012043668087018318 -0.0024140818617034588 2.1340530723197891e-05 -0.00011709803386955616 0.0024208190835820357 -0.00058075592121280847 0.00016796699836497337 -0.10969008628903586 -0.0032327343400743243 -0.0021963853915803909 -0.0055328498477617361 -0.048501514422029421 -0.0016530403104749298 0.0024968390509838025
leaf_weight=82 82 114 341 99 156 78 110 110 81 121 79 68 138 72 101 124 372 240 73 75 119 114 859 71 73 92 158 93 72 531 70 72 7212 249 93
leaf_count=82 82 114 341 99 156 78 110 110 81 121 79 68 138 72 101 124 372 240 73 75 119 114 859 71 73 92 158 93 72 531 70 72 6848 249 93
internal_value=1.04058e-05 -0.00015863 0.000303573 0.00252742 0.00309019 9.20083e-05 0.00196041 0.00181589 0.00231082 0.00296017 0 0.000350368 0.00119416 0.00483077 0.00253626 0.00163074 0 -0.000100177 -0.00036569 0.000472927 -5.33076e-05 -0.000389994 -0.000218368 -0.000271605 0 0.000109869 0.000371472 -0.000102918 4.48428e-06 -0.000168745 -0.00010863 0 -0.000395259 0 1.71233e-05
internal_weight=12594 11778 3543 816 645 3149 417 394 312 231 3071 802 217 228 307 225 585 2269 8235 143 795 7440 1170 930 1099 665 250 434 171 604 442 191 7326 415 166
internal_count=12230 11414 3543 816 645 3149 417 394 312 231 3071 802 217 228 307 225 585 2269 7871 143 795 7076 1170 930 1099 665 250 434 171 604 442 191 6962 415 166
is_linear=0
shrinkage=0.0139946


Tree=21
num_leaves=35
num_cat=0
split_feature=62 62 9 9 9 56 9 26 26 31 30 59 30 62 59 45 27 26 62 3 25 25 37 53 9 16 32 1 0 56 31 59 27 27
split_gain=26.691 5.77838 4.89761 4.54785 4.72783 3.05919 1.60948 1.26917 1.60855 1.79092 0.737085 0.577439 0.501832 0.329864 0.216474 0.228509 0.636876 0.194109 0.192937 0.183935 0.11604 0.0823946 0.0891536 0.0887757 0.0486422 0.0409979 0.115773 0.0350489 0.0224985 0.0199487 0.00698298 0.00684294 0.00267704 0.00164799
threshold=17.72685275518786 21.268508529905393 -0.96230016621822456 -0.30901413279605799 -0.66484924122790601 930.85000000000002 -0.79356426026969629 99.350000000000009 96.550000000000011 -2.1164545560984069 99.450000000000017 0.8650000000000001 94.250000000000014 16.990898242597225 0.54500000000000015 2202.5375000000008 85.65000000000002 96.850000000000009 18.652166542208217 0.82350000000000001 15.785000000000002 16.995000000000001 28.035477892378996 0.99850000000000005 -0.12447811117596669 24.177743642614242 -3.0299999999999989 26.500000000000004 0.46500000000000002 928.95000000000016 -6.3232395031709183 1.0850000000000002 98.250000000000014 99.15000000000002
decision_type=2 2 2 2 2 2 2 2 2 2 2 2 2 2 2 2 2 2 2 2 2 2 2 2 2 2 2 2 2 2 2 2 2 2
left_child=3 2 7 4 6 10 -1 8 -2 -10 14 -12 17 -6 15 16 -4 20 19 -16 -3 -20 23 28 -5 27 -27 30 -23 -30 -14 -32 -21 -34
right_child=1 12 5 24 13 -7 -8 -9 9 -11 11 -13 25 -15 18 -17 -18 -19 21 32 -22 22 -24 -25 -26 26 -28 -29 29 -31 31 -33 33 -35
leaf_value=0.0041625900945889364 0.0041759988492415488 -0.014079045575612504 -0.0094306855242394759 0.0039303133527957366 0.004569485592405333 0.0041610748393991551 0.0041509752956217765 0.00011429297746037758 0.0015115011838775188 0.0042418935187075978 0.0041489982754728651 -0.0015214855311128394 -0.0033927206861366498 0.004222637236934966 0.0046438149839111353 -0.0014080219960789543 0.0044623166079566781 -0.00015341816014446626 0.00095004927783409558 -0.0028308406889831694 -0.040125257097469287 -0.0027895181774219551 0.0010289360427046463 1.3236874469410459e-05 -0.108155013051491 -0.0055872064372012942 0.0034144251343995661 0.00027382296358391075 -0.0021948548638945119 -0.017530508329693079 -0.0021770603754125155 -0.0016951534760663331 0.00024442449912154274 -0.001003334518238396
leaf_weight=307 85 124 78 99 156 83 110 85 73 102 107 76 68 72 93 141 77 217 121 184 7426 69 93 116 72 102 131 68 1344 75 404 72 93 71
leaf_count=307 85 124 78 99 156 83 110 85 73 102 107 76 68 72 93 141 77 217 121 184 7062 69 93 116 72 102 131 68 1344 75 404 72 93 71
internal_value=9.29477e-06 -0.000155066 0.000345488 0.00245898 0.00300366 0.000126694 0.00182676 0.00192999 0.00242552 0.00323911 2.06634e-05 0.000885377 -0.000346939 0.00483077 -1.55187e-05 0.00029625 0.000672279 -0.000382243 -8.63828e-05 9.33919e-05 -0.000394135 -0.000167067 -0.000198489 -0.000229244 4.48428e-06 0 0.000130816 -8.08262e-05 -0.00026137 -0.000273373 -0.000141145 -0.000160059 0 0
internal_weight=12594 11778 3166 816 645 2821 417 345 260 175 2738 183 8612 228 2555 296 155 7767 2259 441 7550 1818 1697 1604 171 845 233 612 1488 1419 544 476 348 164
internal_count=12230 11414 3166 816 645 2821 417 345 260 175 2738 183 8248 228 2555 296 155 7403 2259 441 7186 1818 1697 1604 171 845 233 612 1488 1419 544 476 348 164
is_linear=0
shrinkage=0.0139946


Tree=22
num_leaves=35
num_cat=0
split_feature=62 62 9 9 9 56 9 54 2 30 30 59 38 62 4 54 9 3 26 30 63 21 63 32 5 40 27 38 4 4 24 3 4 32
split_gain=26.342 5.48539 4.89803 4.73517 4.72783 3.08954 1.60948 1.52052 0.843242 0.510107 0.48681 0.405587 0.361165 0.329864 0.279087 0.495675 0.203146 0.225655 0.189044 0.162721 0.142873 0.13558 0.11643 0.0793592 0.0525667 0.0313783 0.0307901 0.0235731 0.118947 0.0530147 0.0137647 0.162457 0.0128637 0.00766184
threshold=17.72685275518786 21.268508529905393 -0.30901413279605799 -0.96230016621822456 -0.66484924122790601 930.85000000000002 -0.79356426026969629 0.9085000000000002 13.450000000000001 99.450000000000017 94.250000000000014 0.8650000000000001 5.0084163176799228 16.990898242597225 928.05000000000007 0.88750000000000007 0.35769492645306972 0.97450000000000003 96.850000000000009 97.750000000000014 -0.41134664805441717 16.005000000000006 0.73759721525213362 -2.7099999999999977 -0.78656609248549303 0.83520456480677929 89.750000000000014 4.9395747566537027 922.45000000000016 924.25000000000011 21.745000000000001 0.34350000000000008 920.85000000000002 -3.2950000000000013
decision_type=2 2 2 2 2 2 2 2 2 2 2 2 2 2 2 2 2 2 2 2 2 2 2 2 2 2 2 2 2 2 2 2 2 2
left_child=2 3 4 7 6 9 8 -2 -1 14 18 -11 -9 -6 16 30 19 -18 21 25 -19 -3 24 -24 -12 -5 -4 28 -21 32 -16 -32 -29 -26
right_child=1 10 26 5 13 -7 -8 12 -10 11 22 -13 -14 -15 15 -17 17 20 -20 27 -22 -23 23 -25 33 -27 -28 29 -30 -31 31 -33 -34 -35
leaf_value=0.0041132600984336047 -0.0016104807041105317 -0.01458539211250548 -0.024588775772349865 -0.0022314586456845167 0.0045055372878725596 0.0041028420962088896 0.0040928838919080503 0.0041660838208447196 0.0041013834951836598 0.0040909345394438065 0.00068790258270555698 -0.0015001928892785447 0.0041257844107491139 0.004163542950171439 -0.014115342499583454 0.0042910146400050048 -0.0025571434212930851 -8.8037853041159856e-05 -0.00015127112826811653 0.0026584593190322357 0.0016774220104129522 -0.039548040474393108 -0.0022664990416372392 0.0034307103204650382 -0.0059792410098895759 -0.0093600993484602105 0.003978845729997702 -0.0010411240521523686 -0.0013521789040562148 0.00046510028301012502 0.0044103122735387155 -0.0051945055810868595 -0.0027823523350709784 -0.0033119501707173289
leaf_weight=231 93 162 86 956 156 83 110 168 76 107 130 76 84 72 197 73 127 79 217 135 82 7388 71 83 73 68 85 68 160 86 99 87 338 488
leaf_count=231 93 162 86 956 156 83 110 168 76 107 130 76 84 72 197 73 127 79 217 135 82 7024 71 83 73 68 85 68 160 86 99 87 338 488
internal_value=8.18372e-06 -0.000155066 0.00244187 0.000332235 0.00300366 0.000116779 0.00182676 0.00188964 0.00235502 1.04478e-05 -0.000342065 0.000733971 0.00246006 0.00483077 -1.55187e-05 0.000259969 -0.000107617 0.000122892 -0.000376839 -0.00018153 0.000546115 -0.000388575 0 0.000320131 -9.9282e-05 -0.000298829 0 0 6.2953e-05 -8.34634e-05 0 0.000119592 -0.000184098 -0.000174426
internal_weight=12594 11778 816 3166 645 2821 417 345 307 2738 8612 183 252 228 2555 456 2099 288 7767 1811 161 7550 845 154 691 1024 171 787 295 492 383 186 406 561
internal_count=12230 11414 816 3166 645 2821 417 345 307 2738 8248 183 252 228 2555 456 2099 288 7403 1811 161 7186 845 154 691 1024 171 787 295 492 383 186 406 561
is_linear=0
shrinkage=0.0139946


Tree=23
num_leaves=38
num_cat=0
split_feature=62 62 9 9 9 57 5 9 26 44 31 57 54 58 45 51 62 25 4 31 45 36 63 57 45 9 63 39 9 59 20 24 44 24 37 37 20
split_gain=25.9722 5.1977 4.39346 4.63546 4.10859 3.41702 1.55537 1.53484 1.42713 2.27738 1.53844 0.620217 1.25423 0.959176 0.292384 0.245539 0.204985 0.19674 0.195303 0.162567 0.157392 0.0903693 0.097943 0.076784 0.116044 0.144169 0.229909 0.0579745 0.0486422 0.0380696 0.0273999 0.0207653 0.0584772 0.0130325 0.0101046 1.16024 0.00725854
threshold=17.72685275518786 21.633385622840475 -0.30901413279605799 -0.66484924122790601 -0.96230016621822456 930.85000000000002 -1.0000000180025095e-35 -0.79356426026969629 99.350000000000009 2.8186213524399917 -2.1164545560984069 925.6500000000002 0.70150000000000012 0.71500000000000008 2149.6985000000004 233.05500000000004 16.990898242597225 16.005000000000006 922.45000000000016 -5.1272541767623929 2301.3575000000005 3.5959395262227702 -2.0955929864546312 920.95000000000016 2076.6120000000005 -0.25118773779856163 0.50076758487562156 23.891666666666669 -0.12447811117596669 0.19500000000000003 18.386912598163576 21.745000000000001 3.2834268494520513 23.285000000000004 20.45317532922267 22.082999836630666 21.758047911585688
decision_type=2 2 2 2 2 2 2 2 2 2 2 2 2 2 2 2 2 2 2 2 2 2 2 2 2 2 2 2 2 2 2 2 2 2 2 2 2
left_child=2 4 3 7 6 11 8 34 9 10 -2 18 31 -14 17 19 -5 -3 23 33 36 22 -20 27 -25 -26 -27 -6 -4 -19 -15 -13 -33 -16 -1 -36 -21
right_child=1 14 28 16 5 -7 -8 -9 -10 -11 -12 12 13 30 15 -17 -18 29 21 20 -22 -23 -24 24 25 26 -28 -29 -30 -31 -32 32 -34 -35 35 -37 -38
leaf_value=0.0040492755317604549 0.0040975153020448027 -0.00020726915086384992 0.0038196275210105471 0.0044424839168218343 -0.0023018146618096983 0.004045739084818911 -0.00032468118695547747 0.004035605456459466 6.5390585286331454e-05 0.0040676360045772339 0.0041274478548035277 -0.019244451084312813 0.0043368194133256033 0.004286042221453258 -0.00036059379061931192 -0.014473035012848875 0.0041052756666602542 -0.088053321029520612 -1.3574208375926749e-05 5.3586280487644339e-05 -0.0004942089494096634 -0.00010344683724717095 -0.0015693476046030467 -0.0024510684571881353 -0.00053652268235520825 -3.7491946734439736e-05 0.0023767693240394614 0.00015777574940057141 -0.10629731155295423 -0.063465117176664601 -0.0051189048101249737 0.0046096343786004076 -0.0068366570280790394 -0.0056582454832960578 -0.0016544408513399314 0.0040777838731914113 0.0014934063635205178
leaf_weight=75 82 159 99 156 341 78 82 110 73 74 83 230 96 87 68 642 72 86 87 80 105 72 957 207 255 165 82 103 72 6728 76 93 220 224 69 163 143
leaf_count=75 82 159 99 156 341 78 82 110 73 74 83 230 96 87 68 642 72 86 87 80 105 72 957 207 255 165 82 103 72 6364 76 93 220 224 69 163 143
internal_value=8.18372e-06 -0.000153878 0.00242476 0.00296039 0.000283834 9.20083e-05 0.00163912 0.00179335 0.00208787 0.0026155 0.00354226 0 0.000350368 0.00114889 -0.000350399 -7.80126e-05 0.00476988 -0.000390002 -0.000100177 3.56786e-05 0.000311634 -0.000233674 -0.000274381 0 0.000116456 0.000253456 0.00049348 -0.000110026 4.48428e-06 -0.000401626 2.50747e-05 0 3.53528e-05 -4.50218e-05 0.00230971 0.00150952 0.000528724
internal_weight=12594 11778 816 645 3543 3149 394 417 312 239 165 3071 802 259 8235 1262 228 6973 2269 620 328 1116 1044 1153 709 502 247 444 171 6814 163 543 313 292 307 232 223
internal_count=12230 11414 816 645 3543 3149 394 417 312 239 165 3071 802 259 7871 1262 228 6609 2269 620 328 1116 1044 1153 709 502 247 444 171 6450 163 543 313 292 307 232 223
is_linear=0
shrinkage=0.0139946


Tree=24
num_leaves=39
num_cat=0
split_feature=16 10 5 10 18 51 11 23 10 27 59 44 59 42 59 10 37 37 9 44 39 45 45 36 52 31 35 45 44 44 51 9 31 36 29 4 26 29
split_gain=17.998 10.2228 7.49225 6.21698 6.14045 2.86123 3.02027 1.70894 0.873201 1.33009 1.1662 1.1857 0.841329 0.774399 0.477082 0.396735 0.480821 0.941209 0.370339 1.35943 0.222801 0.198151 0.112103 0.0613289 0.0702119 0.0552772 0.0464735 0.0464306 0.109277 0.269449 0.0426326 0.0365543 0.0187786 0.0187786 0.0121168 0.00861228 0.0586314 0.00153464
threshold=18.691167710183787 -0.17552498857989965 -0.25881904510252113 0.94968266440323645 17.795380776724119 233.05500000000004 8.5000000000000018 23.825000000000003 -0.18399835165767994 82.250000000000014 1.1950000000000001 2.132135032749765 1.1650000000000003 1.5151622399282425 0.7350000000000001 -0.67758968959607091 22.438506913466323 23.649249856085738 0.45206801762443477 3.6552503794638471 16.621666666666666 2240.4830000000006 1138.6075000000003 3.4365751085450409 0.99850000000000005 -0.032822019618487623 17.584407599652213 2226.0540000000005 2.987403111549209 2.7364748821872436 86.042000000000016 -0.73831951690629072 -1.2439474744522874 2.246504877834075 90.15000000000002 922.85000000000002 96.750000000000014 53.95000000000001
decision_type=2 2 2 2 2 2 2 2 2 2 2 2 2 2 2 2 2 2 2 2 2 2 2 2 2 2 2 2 2 2 2 2 2 2 2 2 2 2
left_child=1 15 3 4 -3 6 14 12 35 -10 11 -11 -6 -13 18 26 -17 -18 27 -20 22 23 -16 24 -22 30 -1 28 29 -2 -4 -29 -5 -23 -28 36 -8 -30
right_child=5 2 25 32 7 -7 8 -9 9 10 -12 13 -14 -15 20 16 17 -19 19 -21 21 33 -24 -25 -26 -27 34 31 37 -31 -32 -33 -34 -35 -36 -37 -38 -39
leaf_value=-0.00039456820145233597 -0.0014305258276611935 0.0039926073796007011 0.0040723397175017224 -0.024496214441600796 0.0041130290247246171 -0.043463216965616648 -0.0014357082869015316 0.0041290086830665183 -0.0026795862547908441 0.001503275606941034 -0.0063230855429038382 0.0044056508353157555 0.0039963729741499176 0.001853332716145797 -0.069940073399646557 -0.00037325019175362236 0.0043729612761482049 -0.0014266763828157953 0.004422232028364983 -0.0061933677490835209 -0.005522110187756649 0.00067027898313765078 0.0039783573326148151 -0.0015386136489969945 -0.00050696095067978065 -0.002355504207028329 -0.0011281244663619184 -2.4411430963762751e-05 -0.00021429555238337554 0.0025942046675038622 -0.0028339159191126096 -0.0036118559545846671 0.0040878388832158103 -0.0042079607266600882 -0.0017603763332858307 -0.0028083684697520067 0.0012903474852435819 -0.0054807261935242565
leaf_weight=86 73 180 79 87 278 6257 106 89 148 88 78 205 105 68 118 132 108 80 119 142 1877 68 75 95 92 130 372 68 77 68 91 337 68 112 73 97 90 178
leaf_count=86 73 180 79 87 278 5893 106 89 148 88 78 205 105 68 118 132 108 80 119 142 1877 68 75 95 92 130 372 68 77 68 91 337 68 112 73 97 90 178
internal_value=8.18372e-06 0.00124565 0.00213259 0.00283704 0.00343787 -0.000213468 4.73281e-05 0.00233387 0.000790066 0.00110689 0.00149245 0.00182637 0.00275249 0.00229095 -0.000120545 1.07546e-05 0.000460255 0.000924714 8.32081e-05 0.000551316 -0.00023696 -0.000283557 0 -0.000325877 -0.00034265 8.59504e-06 -0.000134346 0 1.07422e-05 0.000387466 0.000251242 -0.000149122 0 0 -0.000204672 0 9.23293e-05 0
internal_weight=12594 1958 1107 807 652 10636 4379 472 880 587 439 361 383 273 3499 851 320 188 1062 261 2437 2244 193 2064 1969 300 531 801 396 141 170 405 155 180 445 293 196 255
internal_count=12230 1958 1107 807 652 10272 4379 472 880 587 439 361 383 273 3499 851 320 188 1062 261 2437 2244 193 2064 1969 300 531 801 396 141 170 405 155 180 445 293 196 255
is_linear=0
shrinkage=0.0139946


Tree=25
num_leaves=36
num_cat=0
split_feature=62 62 9 9 10 1 5 49 59 43 9 2 30 57 62 25 4 52 37 45 10 45 30 52 36 62 62 43 9 21 51 5 43 62 45
split_gain=26.0186 4.98427 4.39346 4.63546 3.8499 3.67306 2.71165 2.00886 1.70007 1.60755 1.53484 0.774994 0.386158 0.307278 0.204985 0.196901 0.170306 0.135311 0.242613 0.426014 0.132762 0.112713 0.100031 0.207332 0.0953571 0.0695958 0.0612423 0.0553677 0.0486422 0.0198363 0.0760984 0.018459 0.00664586 0.00139271 4.03883e-05
threshold=17.72685275518786 21.633385622840475 -0.30901413279605799 -0.66484924122790601 -0.27608674622158907 0.045000000000000005 -0.25881904510252113 56.650000000000013 1.0050000000000001 22.594583333333336 -0.79356426026969629 13.450000000000001 94.250000000000014 925.25000000000011 16.990898242597225 16.005000000000006 922.35000000000002 0.17600000000000002 20.042306807789934 2076.6120000000005 0.91925191855388755 2192.0765000000006 96.250000000000014 0.99250000000000005 3.5634387159783021 24.704215044844322 18.59871034772112 27.157500000000002 -0.12447811117596669 24.305000000000003 233.05500000000004 -0.78656609248549303 20.772916666666671 20.358213778639346 2257.2040000000006
decision_type=2 2 2 2 2 2 2 2 2 2 2 2 2 2 2 2 2 2 2 2 2 2 2 2 2 2 2 2 2 2 2 2 2 2 2
left_child=2 4 3 10 13 17 7 8 9 -7 11 -1 15 16 -5 -3 22 32 -19 20 -20 -17 27 -24 26 34 -18 -2 -4 31 -31 -14 -6 -8 -23
right_child=1 12 28 14 5 6 33 -9 -10 -11 -12 -13 29 -15 -16 21 24 18 19 -21 -22 25 23 -25 -26 -27 -28 -29 -30 30 -32 -33 -34 -35 -36
leaf_value=0.0039608974980339549 -0.0018946760853524361 -6.239496010609284e-05 0.0037089653776520388 0.0043248923269354712 -0.047659778826966058 0.0040888870846391076 -0.0014879379605432842 0.0041368466837005133 0.0039483146718171623 0.0039422587231082822 0.0039215682527540567 0.0039287750579093872 -0.00040909109954524411 0.0016329456938320307 0.0039918875812689015 -0.066681813831787395 -0.00023004489858511866 -0.025003311616489911 0.0045614029413392947 -0.0077666224390176121 0.0039632916672196483 0.002003522654573953 0.0019496600127573884 -8.4969159134563714e-05 1.1951059267912707e-05 -0.011286977516971637 -0.0015102396624469771 2.3561250833761278e-06 -0.10477221913125159 0.0011940023001494285 -0.014936365494414657 -0.0039750276386937237 -0.00061454654897796822 -0.00039316225587620457 -0.00056130860849169177
leaf_weight=231 409 147 99 156 199 74 84 154 82 126 110 76 106 134 72 6835 134 89 80 68 79 104 138 476 68 323 854 76 72 130 104 338 125 94 148
leaf_count=231 409 147 99 156 199 74 84 154 82 126 110 76 106 134 72 6471 134 89 80 68 79 104 138 476 68 323 854 76 72 130 104 338 125 94 148
internal_value=5.96161e-06 -0.000156254 0.00242476 0.00296039 0.00027199 0.000897777 0.00167622 0.00227262 0.00304311 0.00382588 0.00179335 0.00230971 -0.0003487 -4.18784e-05 0.00476988 -0.000377496 -0.000109235 4.32881e-05 0.000295221 0.000573294 0.000993113 -0.000387985 0 0.000131011 -0.000236344 -3.4822e-05 -0.00028029 -0.000136116 4.48428e-06 0 6.91473e-05 -7.86382e-05 0 0 0
internal_weight=12594 11778 816 645 3543 1254 614 436 282 200 417 307 8235 2289 228 7557 2155 640 316 227 159 7410 1099 614 1056 575 988 485 171 678 234 444 324 178 252
internal_count=12230 11414 816 645 3543 1254 614 436 282 200 417 307 7871 2289 228 7193 2155 640 316 227 159 7046 1099 614 1056 575 988 485 171 678 234 444 324 178 252
is_linear=0
shrinkage=0.0139946


Tree=26
num_leaves=34
num_cat=0
split_feature=62 62 9 9 9 57 9 26 44 5 57 54 29 62 4 25 26 9 61 10 17 25 38 20 38 57 25 9 62 59 62 10 37
split_gain=25.9885 5.03484 4.84455 3.88092 3.44835 3.18281 1.8055 1.2402 1.76693 1.03017 0.636773 1.37264 0.439823 0.204985 0.192571 0.17985 0.122487 0.0756701 0.0573821 0.336546 0.0566943 0.0542457 0.241467 0.0957775 0.0638532 0.128826 0.114582 0.0486422 0.0403069 0.0374626 0.0302184 0.0126187 0.00899157
threshold=17.65929765440621 22.438345227523694 -0.30901413279605799 -0.66484924122790601 -0.96230016621822456 930.85000000000002 -0.79356426026969629 99.350000000000009 2.7735046872732463 -0.25881904510252113 925.6500000000002 0.86750000000000005 84.15000000000002 16.990898242597225 922.35000000000002 16.005000000000006 97.250000000000014 0.74409704927257569 1.0000000180025095e-35 0.87377473702374975 26.517947458118034 23.245000000000001 4.5198800984695451 19.154519160032901 5.4469373775055301 920.95000000000016 21.635000000000002 -0.12447811117596669 19.268537055770619 0.18500000000000003 18.527192493512675 -0.43663505800854857 24.568025069997287
decision_type=2 2 2 2 2 2 2 2 2 2 2 2 2 2 2 2 2 2 2 2 2 2 2 2 2 2 2 2 2 2 2 2 2
left_child=2 4 3 6 7 10 -1 8 9 -2 14 18 -13 -5 21 -3 29 20 28 -20 30 23 -23 24 25 -6 -27 -4 -12 -17 -16 -25 -30
right_child=1 15 27 13 5 -7 -8 -9 -10 -11 11 12 -14 -15 17 16 -18 -19 19 -21 -22 22 -24 31 -26 26 -28 -29 32 -31 -32 -33 -34
leaf_value=0.0039281211797599245 0.0039533361849780633 -0.00016034637071046288 0.0036570597434891143 0.0042643670170287367 -0.0024128523087938985 0.0038760161358433955 0.0038666873179525351 -0.00010349068726237953 -0.00017935873726292249 0.00014318987508293236 0.0019776702231056966 0.0042593581770933612 0.0023270952269648644 0.0039360225528000574 -0.00026592813385977571 -0.037265830550482958 -0.00081236000449128347 3.704952096137919e-05 -0.0061275663348468734 0.0047162200546596849 -0.00027138063086055861 -0.0018619059597606939 0.0014831156445244836 -0.0013611179785345939 -0.0030678683548487481 -0.00014857475163579457 0.001791613663331868 -0.10330596967272926 -0.02250225320737044 -0.034317624741920842 -0.0012955484278970115 -0.0012409045750651417 -0.0090475512784107467
leaf_weight=256 161 153 99 156 72 83 110 97 112 73 108 108 76 72 165 81 226 79 141 82 71 101 150 462 144 92 128 72 291 7386 1051 68 68
leaf_count=256 161 153 99 156 72 83 110 97 112 73 108 108 76 72 165 81 226 79 141 82 71 101 150 462 144 92 128 72 291 7022 1051 68 68
internal_value=2.62846e-06 -0.000153841 0.00250444 0.00310878 0.000241255 7.50156e-05 0.00187193 0.00141234 0.00180254 0.00250184 0 0.000334988 0.00140543 0.00476988 -0.00010111 -0.000363006 -0.000372788 -0.000216543 0 0.000217541 -0.000247515 0 0.000202307 -1.68503e-05 3.53299e-05 0.000210751 0.000415394 4.48428e-06 -3.56796e-05 -0.000382607 -0.000271942 -0.000186434 -0.000153394
internal_weight=12594 11829 765 594 3983 3540 366 443 346 234 3457 874 184 228 2583 7846 7693 1366 690 223 1287 1217 251 966 436 292 220 171 467 7467 1216 530 359
internal_count=12230 11465 765 594 3983 3540 366 443 346 234 3457 874 184 228 2583 7482 7329 1366 690 223 1287 1217 251 966 436 292 220 171 467 7103 1216 530 359
is_linear=0
shrinkage=0.0139946


Tree=27
num_leaves=35
num_cat=0
split_feature=16 10 5 10 23 51 11 23 10 10 49 44 59 26 11 44 25 10 30 16 4 59 27 47 60 44 43 44 25 52 31 10 53 26
split_gain=17.3779 10.4479 7.39191 6.1314 5.05183 2.90838 2.59831 1.21788 0.892142 1.18372 0.863932 0.914864 0.663604 0.487355 0.37921 0.8619 0.307683 0.278114 0.44536 0.785031 0.234895 0.108562 0.0920975 0.0737569 0.0593258 0.057453 0.21178 0.271257 0.0504883 0.0202182 0.0187786 0.00728153 0.00509465 0.00128529
threshold=18.691167710183787 -0.17552498857989965 -0.25881904510252113 0.94968266440323645 21.595000000000002 233.05500000000004 8.5000000000000018 23.825000000000003 -0.18399835165767994 0.91925191855388755 552.1500000000002 2.1183268157521624 1.1650000000000003 73.450000000000017 5.5000000000000009 2.7735046872732463 16.005000000000006 -0.67758968959607091 98.950000000000017 17.405392348732224 922.55000000000007 0.7350000000000001 94.550000000000011 64.550000000000011 11.405000000000003 2.7930676762597564 25.284166666666668 2.987403111549209 21.375000000000004 0.99850000000000005 -1.2439474744522874 -0.93533330245768853 0.45750000000000007 97.65000000000002
decision_type=2 2 2 2 2 2 2 2 2 2 2 2 2 2 2 2 2 2 2 2 2 2 2 2 2 2 2 2 2 2 2 2 2 2
left_child=1 17 3 4 -3 6 13 12 33 10 11 -10 -6 -2 15 -15 -17 24 -19 -20 -18 25 -13 32 -1 -16 27 -27 -23 -30 -5 -28 -4 -8
right_child=5 2 23 30 7 -7 8 -9 9 -11 -12 22 -14 14 21 16 20 18 19 -21 -22 28 -24 -25 -26 26 31 -29 29 -31 -32 -33 -34 -35
leaf_value=-0.002547454112164795 -0.026537013731687223 0.003830203107522133 -0.0067587671345010559 -0.024256483613870242 0.0039903935285971982 -0.041640780441346614 -0.0025292184014595823 0.0040014095880011608 -0.00035683255766166442 -0.021397963693985094 -0.0015622150969326724 0.004275070329034676 0.0038126830695554776 0.0048733548666531771 -0.0019255476678715217 0.0038045593038569421 0.0010612300380906392 -0.00020759441603697296 -0.0028022072244726385 0.0043308974486831421 -0.014233962010631767 -0.0012169914550675493 0.0038927155585929047 -0.014883095736340311 -0.00019992013651006665 0.0023951545405257765 -0.0052628301086332929 -0.0037237855867786112 -0.0027178855838124018 -0.0022034177092186721 0.0039155580288007365 0.00047526069792183754 0.003431825180393545 0.0011608525418812432
leaf_weight=419 1097 275 75 87 212 6257 167 89 76 158 68 180 76 118 300 112 123 161 70 89 485 75 105 117 112 85 201 100 652 75 68 76 108 126
leaf_count=419 1097 275 75 87 212 5893 167 89 76 158 68 180 76 118 300 112 123 161 70 89 485 75 105 117 112 85 201 100 652 75 68 76 108 126
internal_value=8.18372e-06 0.00122423 0.00211997 0.00281974 0.00341647 -0.000209521 5.37171e-05 0.00202702 0.000742457 0.00105936 0.00143939 0.00171067 0.00248863 -0.000100558 0 0.000250702 0 0 0.000373295 0.000906115 -5.56554e-05 -0.000117127 0.00207998 8.59504e-06 -0.000134346 0 0.000100327 0.000496943 -0.000230592 -0.00026872 0 0 0.000279753 0
internal_weight=12594 1958 1107 807 652 10636 4379 377 880 587 429 361 288 3499 2402 838 720 851 320 159 608 1564 285 300 531 762 462 185 802 727 155 277 183 293
internal_count=12230 1958 1107 807 652 10272 4379 377 880 587 429 361 288 3499 2402 838 720 851 320 159 608 1564 285 300 531 762 462 185 802 727 155 277 183 293
is_linear=0
shrinkage=0.0139946


Tree=28
num_leaves=33
num_cat=0
split_feature=62 30 9 57 9 27 9 32 1 25 45 9 11 1 45 8 45 43 43 45 62 62 47 9 62 59 17 29 33 61 29 53
split_gain=25.9214 4.95995 4.84455 4.00189 3.88092 3.18144 1.8055 1.42748 1.21401 0.857356 0.622237 0.540906 0.80614 0.826475 0.454675 0.410957 0.344439 0.741971 0.8251 0.283809 0.25986 0.204985 0.128156 0.0486422 0.0480559 0.106971 0.0420649 0.0382235 0.0185856 0.00605548 0.0145654 0.00095299
threshold=17.65929765440621 93.450000000000017 -0.30901413279605799 925.45000000000016 -0.66484924122790601 90.15000000000002 -0.79356426026969629 -0.3350000000000008 0.045000000000000005 16.005000000000006 1186.8760000000004 -0.81403855522663837 5.5000000000000009 1.635 2170.3325 1.0000000180025095e-35 2234.5600000000009 24.510208333333338 23.76604166666667 2165.2430000000004 18.59871034772112 16.990898242597225 9.6000000000000014 -0.12447811117596669 21.170547451515763 0.71500000000000008 17.325695361679355 61.95000000000001 16.512414853439122 0.76500000000000012 59.750000000000007 0.98150000000000015
decision_type=2 2 2 2 2 2 2 2 2 2 2 2 2 2 2 2 2 2 2 2 2 2 2 2 2 2 2 2 2 2 2 2
left_child=2 9 4 11 6 -5 -1 8 -7 10 -2 15 13 -13 -10 -3 17 18 -17 20 -11 -6 24 -4 -21 -26 -14 29 -22 -28 -31 -18
right_child=1 3 23 5 21 7 -8 -9 14 19 -12 12 26 -15 -16 16 31 -19 -20 22 28 -23 -24 -25 25 -27 27 -29 -30 30 -32 -33
leaf_value=0.0038083279893978937 -0.024751570553348361 -0.0016048259340745428 0.0035510836860926688 -0.004468259474561375 0.004144860668031213 0.0039388547016477914 0.0037596446446618061 -0.0022197461127598907 0.0039251236540206735 0.0042571049675830287 0.0037324661867965099 -0.00080999894447365015 -0.0010952149083276182 0.0047793881657275427 0.0039394245380675779 0.0010771537309524678 0.0011771987891868335 -4.3943733787204287e-05 0.0038401614710245838 -5.9393299579202237e-05 -0.010916061119905557 0.0038276214387381671 -0.0062111943150464219 -0.1015607830546478 0.0016655329968500764 -0.0012286576422521817 0.00013154332692994915 -0.0018098586511857456 -0.034529074917036516 -0.0040876543810142562 -0.00063156204004438568 -0.0013730974535028175
leaf_weight=256 173 146 99 220 156 81 110 68 184 90 91 112 75 132 68 130 96 165 149 162 108 72 450 72 190 91 171 1048 7192 234 72 131
leaf_count=256 173 146 99 220 156 81 110 68 184 90 91 112 75 132 68 130 96 165 149 162 108 72 450 72 190 91 171 1048 6828 234 72 131
internal_value=5.96161e-06 -0.000150292 0.00250444 0.000301407 0.00310878 0.00131564 0.00187193 0.00205494 0.00243212 -0.000331652 0.000329802 3.86565e-05 -6.44843e-05 0.000618465 0.0029562 0.00035335 0.000521119 0.000749083 0.00118666 -0.000360936 -0.000391685 0.00476988 -3.08924e-05 4.48428e-06 2.81678e-05 0.000185799 -0.000211295 -0.000228548 -0.000402838 0 -6.20666e-05 0
internal_weight=12594 11829 765 3282 594 621 366 401 333 8547 264 2661 1844 244 252 817 671 444 279 8283 7390 228 893 171 443 281 1600 1525 7300 477 306 227
internal_count=12230 11465 765 3282 594 621 366 401 333 8183 264 2661 1844 244 252 817 671 444 279 7919 7026 228 893 171 443 281 1600 1525 6936 477 306 227
is_linear=0
shrinkage=0.0139946


Tree=29
num_leaves=33
num_cat=0
split_feature=20 10 28 2 18 47 11 31 9 56 25 16 3 9 30 38 61 31 0 4 34 38 16 20 25 10 10 43 0 43 52 38
split_gain=18.0503 8.12877 7.42013 4.89795 3.27198 3.04905 3.33177 1.14195 1.49012 3.09354 0.591003 1.14358 0.545564 0.64798 0.64607 0.809261 0.364548 0.275123 0.224274 0.41468 0.148308 0.130303 0.0684274 0.06387 0.0418707 0.0293331 0.0254282 0.012107 0.0415186 0.134657 0.0117457 0.00310517
threshold=18.453144659510638 -0.18399835165767994 85.950000000000017 19.000000000000004 17.730139245209319 9.6000000000000014 8.5000000000000018 -2.1164545560984069 -0.40542197401079733 923.95000000000016 16.005000000000006 24.470360688627185 0.97050000000000003 0.45206801762443477 82.65000000000002 4.7029972668757436 17.225000000000005 -4.0349950372961851 1.155 930.35000000000002 2.272098187912031 5.6557972451070313 16.454411595244135 19.043974068518914 23.245000000000001 -0.93533330245768853 -0.17552498857989965 24.370416666666671 0.89500000000000013 23.76604166666667 0.97650000000000003 5.2616148952593491
decision_type=2 2 2 2 2 2 2 2 2 2 2 2 2 2 2 2 2 2 2 2 2 2 2 2 2 2 2 2 2 2 2 2
left_child=1 16 18 4 -4 6 10 17 9 -9 11 -2 30 21 -15 -16 27 20 19 -3 26 23 -7 -14 -17 -23 -8 28 29 -1 -12 -29
right_child=5 2 3 -5 -6 22 7 8 -10 -11 12 -13 13 14 15 24 -18 -19 -20 -21 -22 25 -24 -25 -26 -27 -28 31 -30 -31 -32 -33
leaf_value=-0.0054118803315826736 0.0033046515198050645 -0.0018900867093143414 0.0037754012623544648 0.0016271807943147561 0.0037829196041883652 -0.016013942760261891 -0.00010379277540108161 -1.4091749167106988e-05 -0.025604630445614413 0.004077031426026629 -0.0096709350938647062 -0.020127005090005187 -0.00016655585512012749 -0.0087946131581859051 0.0046946892876129154 -0.0006550395212751687 0.003981612760532687 -0.0011961038701202489 -0.017484330914629625 0.0038779672497635757 -0.0020950118624897085 -0.011244471897488489 -0.028977361165595742 -0.0022740605885355576 0.00097998955386186036 0.0011596157367438635 0.0039727545066254935 -0.0010321202167054627 -0.00092209634035813205 0.0022230890648867506 -0.00084698556764576424 -0.0030431298991263063
leaf_weight=82 79 116 197 122 377 52 86 120 95 138 1478 149 146 117 81 76 99 209 166 68 88 83 6463 957 103 86 119 105 111 99 105 222
leaf_count=82 79 116 197 122 377 52 86 120 95 138 1478 149 146 117 81 76 99 209 166 68 88 83 6099 957 103 86 119 105 111 99 105 222
internal_value=4.06362e-07 0.00131767 0.00210756 0.002954 0.00349866 -0.00020812 6.72215e-05 0.000858031 0.00152208 0.00207044 -0.000109089 0.00050809 -0.00017373 0 0.000512538 0.000929124 7.08693e-05 0.000253456 0.000226126 0.000577172 0.000540844 -0.000146612 -0.00040079 -0.000218817 0 0 0.000746566 0 0 0.000210873 -0.000359171 -8.49127e-05
internal_weight=12594 1764 1046 696 574 10830 4315 855 353 258 3460 228 3232 1649 377 260 718 502 350 184 293 1272 6515 1103 179 169 205 619 292 181 1583 327
internal_count=12230 1764 1046 696 574 10466 4315 855 353 258 3460 228 3232 1649 377 260 718 502 350 184 293 1272 6151 1103 179 169 205 619 292 181 1583 327
is_linear=0
shrinkage=0.0139946


Tree=30
num_leaves=35
num_cat=0
split_feature=62 30 18 2 43 40 53 53 11 24 26 17 11 1 62 55 1 32 26 21 62 63 60 55 43 43 31 63 16 18 0 55 55 7
split_gain=25.61 4.7429 4.11082 3.12485 2.61345 2.64187 0.906554 0.923139 0.831621 0.662779 0.88677 0.702534 0.592891 0.955734 0.557563 0.449519 0.256553 0.256131 0.220979 0.159899 0.121405 0.125367 0.110926 0.108413 0.0628254 0.0610942 0.0586748 0.0330547 0.0287147 0.0125788 0.0300629 0.0112285 0.0101784 4.03883e-05
threshold=17.65929765440621 93.450000000000017 19.336804036891529 44.100000000000009 22.538125000000001 0.40869711686457083 0.064500000000000016 0.90150000000000008 8.5000000000000018 25.395000000000003 99.050000000000011 21.63582795332891 5.5000000000000009 1.635 20.421159798168251 930.6500000000002 2.7950000000000004 -0.53000000000000014 96.350000000000009 16.995000000000001 18.652166542208217 0.7569105639243966 30.705000000000002 930.6500000000002 24.491250000000004 23.969375000000003 -6.1415890979231138 2.9465975880964543 17.073406082334021 27.765425567359408 0.90500000000000014 919.85000000000002 922.35000000000002 0.60355339059327384
decision_type=2 2 2 2 2 2 2 2 2 2 2 2 2 2 2 2 2 2 2 2 2 2 2 2 2 2 2 2 2 2 2 2 2 2
left_child=2 14 3 15 5 17 -4 -8 12 29 11 16 13 -6 23 -1 -11 -3 19 -16 24 26 -21 27 25 -14 -22 28 -2 -10 -31 -28 -23 -20
right_child=1 4 6 -5 8 -7 7 -9 9 10 -12 -13 20 -15 18 -17 -18 -19 33 22 21 32 -24 -25 -26 -27 31 -29 -30 30 -32 -33 -34 -35
leaf_value=0.0037018357616326681 -0.0032376927563691187 0.0038277396105163004 -0.011350869450964916 0.002333824800894987 -0.0010072585089757511 0.00064469357505196698 0.0037361367695230808 -0.0030313810478787072 -0.00022002077956425478 0.0041820278862810898 -0.0002684168991072336 -0.0013723619009135078 -0.00083368834043158003 0.0035232585385929285 -0.010247768401179556 0.0040121107529321959 0.003727494356722331 0.0037837670679787411 0.0013929574312072839 -0.032392514054432574 -0.0022427516702199358 0.0015792336780717209 -0.0051821953002646132 0.0036641699202980757 -0.0011677084932707566 0.00055519114488149712 -0.0010951790632580029 0.0035467375807632009 -0.0011304206980793721 -0.00031100803264417858 0.0039445288824603948 -0.0018850821625836158 -0.0024545972125495697 -0.0040594554295276001
leaf_weight=261 69 108 78 70 147 176 212 75 260 100 112 129 68 164 249 69 72 69 104 7279 72 163 126 76 127 72 88 113 349 110 78 1015 152 182
leaf_count=261 69 108 78 70 147 176 212 75 260 100 112 129 68 164 249 69 72 69 104 6915 72 163 126 76 127 72 88 113 349 110 78 1015 152 182
internal_value=2.62846e-06 -0.000152658 0.00248619 0.00355855 0.000288622 0.00144321 0.00111524 0.0014813 0.000125654 0.00049233 0.000903895 0.001301 0 0.000530304 -0.000330015 0.0041447 0.00193387 0.0026505 -0.000361917 -0.000376204 -0.000126474 -0.000186537 -0.000387963 0 0 0.000294507 -0.000254898 0 -0.000124172 0 0.00011391 -0.000282149 0 0
internal_weight=12594 11829 765 400 3282 353 365 287 2929 861 413 301 2068 311 8547 330 172 177 7940 7654 1757 1490 7405 607 267 140 1175 531 418 448 188 1103 315 286
internal_count=12230 11465 765 400 3282 353 365 287 2929 861 413 301 2068 311 8183 330 172 177 7576 7290 1757 1490 7041 607 267 140 1175 531 418 448 188 1103 315 286
is_linear=0
shrinkage=0.0139946


Tree=31
num_leaves=33
num_cat=0
split_feature=20 10 28 2 51 9 10 37 34 26 10 30 0 43 9 45 26 26 10 37 37 45 20 16 59 53 19 57 43 59 60 55
split_gain=17.2853 8.37367 7.29964 4.82042 3.12186 2.31788 2.94819 1.27943 1.06596 0.56512 0.678174 1.45982 2.33935 0.395808 0.511418 0.377188 0.308444 0.234489 0.21434 0.298551 0.906557 0.0912194 0.0761113 0.066646 0.0523794 0.0267986 0.0256 0.123789 0.0384634 0.0138214 0.0124245 0.00516071
threshold=18.453144659510638 -0.18399835165767994 85.950000000000017 19.000000000000004 233.05500000000004 -0.6254047815183511 -0.18399835165767994 20.45317532922267 0.61086542111289521 73.450000000000017 -0.63872576220844923 88.350000000000009 0.8650000000000001 27.157500000000002 0.57023701209772126 1346.1360000000002 92.850000000000009 98.250000000000014 -0.66483077113278999 23.649249856085738 22.410116072263111 2025.8430000000003 19.043974068518914 16.454411595244135 0.52500000000000013 0.99850000000000005 29.132149504110835 921.25000000000011 23.884583333333339 1.1150000000000004 5.3800000000000008 921.25000000000011
decision_type=2 2 2 2 2 2 2 2 2 2 2 2 2 2 2 2 2 2 2 2 2 2 2 2 2 2 2 2 2 2 2 2
left_child=1 18 16 7 5 6 26 -4 -8 -7 13 15 -13 22 -15 -12 -3 -10 25 20 -20 -18 -11 -6 -24 30 27 -2 -29 -26 -1 -28
right_child=4 2 3 -5 23 9 8 -9 17 10 11 12 -14 14 -16 -17 21 -19 19 -21 -22 -23 24 -25 29 -27 31 28 -30 -31 -32 -33
leaf_value=-0.0026873753026390953 -0.0031943344876462863 -0.012611757825069202 0.0036836770397158524 0.0015717479481142493 -0.015744523057348279 -0.024477241166928544 0.0037732724003837876 0.003677084782622431 0.0038740413629650061 -0.00011543229219111515 0.0042581777645689621 0.0046363744246092978 -0.01531408370153468 0.0022197941240521082 -0.0022665523792832227 -0.012068970852036745 0.0040737098803204901 -0.00014716713975219522 -0.0015496735678295905 -0.0014312198992251152 0.0039731472011784686 0.0038665820587690594 -0.0010349903515807759 -0.028713340626151915 -0.0018294895735342499 -0.00031573312976084406 1.796859124056363e-05 -0.00064773548942810794 0.0012940256508577582 -0.0016917373455872652 -0.00012007538423316054 -0.0011517270937327665
leaf_weight=273 177 202 288 122 52 1103 148 286 157 175 127 72 78 73 123 349 72 73 102 75 80 76 132 6461 932 91 71 77 116 140 97 194
leaf_count=273 177 202 288 122 52 1103 148 286 157 175 127 72 78 73 123 349 72 73 102 75 80 76 132 6097 932 91 71 77 116 140 97 194
internal_value=4.85056e-06 0.0012939 0.0020942 0.00293395 -0.000199076 7.99574e-05 0.000672874 0.00347435 0.00165217 -8.17247e-05 2.00464e-05 0.000432534 0.00162977 -0.000101489 0.000375246 0 0.000226126 0.000620801 3.19879e-05 0.000404136 0.000740247 0.000723291 -0.000218457 -0.00039434 -0.000258865 -3.06998e-05 0 0.000116116 0.000387487 -0.000291206 -0.000123642 0
internal_weight=12594 1764 1046 696 10830 4317 1013 574 378 3304 2201 626 150 1575 196 476 350 230 718 257 182 148 1379 6513 1204 461 635 370 193 1072 370 265
internal_count=12230 1764 1046 696 10466 4317 1013 574 378 3304 2201 626 150 1575 196 476 350 230 718 257 182 148 1379 6149 1204 461 635 370 193 1072 370 265
is_linear=0
shrinkage=0.0139946


Tree=32
num_leaves=36
num_cat=0
split_feature=62 9 62 9 10 1 8 18 43 9 31 30 37 10 9 3 31 30 1 25 4 28 19 4 1 45 35 9 9 36 21 19 9 25 37
split_gain=25.5656 4.75856 4.5617 3.6462 3.39618 3.48714 1.82591 2.91877 2.37476 1.8055 0.377572 0.370679 0.328307 0.217553 0.208431 0.40789 0.42189 0.296445 0.236038 0.204832 0.180181 0.387481 0.561723 0.089423 0.186284 0.0837976 0.0764142 0.0509329 0.0486422 0.0342864 0.0341189 0.0413068 0.0258378 0.0178115 0.00281203
threshold=17.65929765440621 -0.30901413279605799 22.497412473296468 -0.66484924122790601 -0.27608674622158907 0.045000000000000005 1.0000000180025095e-35 23.865329927630004 22.594583333333336 -0.79356426026969629 -1.1623488339942651 93.250000000000014 20.9571147082324 -0.18399835165767994 0.35769492645306972 0.95050000000000001 -1.2243562763540135 97.750000000000014 0.62500000000000011 16.005000000000006 929.1500000000002 61.550000000000004 20.311552195899164 922.45000000000016 1.2350000000000001 2237.1200000000003 27.695619409876127 -0.7610972106345526 -0.12447811117596669 0.51054257256264113 24.505000000000006 29.35570391917058 -0.90149333598846371 24.075000000000003 22.739065484181825
decision_type=2 2 2 2 2 2 2 2 2 2 2 2 2 2 2 2 2 2 2 2 2 2 2 2 2 2 2 2 2 2 2 2 2 2 2
left_child=1 3 4 9 14 20 -7 8 -8 -1 -5 19 -9 -14 17 -16 18 26 -17 -4 29 -22 -23 24 -19 -21 32 34 -3 -6 31 -13 -2 -32 -25
right_child=2 28 11 10 5 6 7 12 -10 -11 -12 30 13 -15 15 16 -18 23 -20 25 21 22 -24 27 -26 -27 -28 -29 -30 -31 33 -33 -34 -35 -36
leaf_value=0.0036263342058914208 -0.00032811268326064498 0.0033494064869614973 -1.188560289414271e-05 0.0035112597962728169 0.00035006624713934372 -0.0017489704930634658 0.0036433273221030374 -0.0058650122779079841 0.0035655893315835047 0.0035422887481352441 0.0039299428803012178 -0.0050373460790119444 -0.0012956733441604922 0.0039595773192332828 -0.002886273579249257 -9.7446725454474747e-05 -0.00014920790253596407 0.0024318751189430117 0.0038954581107971532 -0.069078503403898872 -0.067448324428050613 -0.012892932155896918 0.0040343788469535471 -0.0030616862158768989 -8.122213094942859e-05 -0.00085956897981668634 -0.00047952540291655609 -0.0033725242931542687 -0.099664533898179072 -0.011009161685747774 -0.0018405025559058265 8.6531099979418491e-05 -0.0019302419367258157 0.00081916499252230679 0.00078451928691645383
leaf_weight=256 79 99 140 87 79 98 99 72 157 110 141 299 69 180 231 68 74 136 145 6775 109 74 119 91 274 285 114 340 72 325 101 77 992 107 120
leaf_count=256 79 99 140 87 79 98 99 72 157 110 141 299 69 180 231 68 74 136 145 6411 109 74 119 91 274 285 114 340 72 325 101 77 992 107 120
internal_value=4.85056e-06 0.00248619 -0.000150292 0.0030853 0.000220752 0.000786889 0.00150799 0.0018102 0.00301238 0.00187193 0.004709 -0.000351769 0.000630912 0.000876702 -4.7799e-05 0.000151974 0.000560798 -0.00012748 0.000898537 -0.000379283 1.06862e-07 0.000328166 0.000746578 0 0.00019998 -0.00039037 -0.00027987 -4.34213e-05 4.48428e-06 -7.94922e-05 0 -9.13085e-05 -0.000317175 0.000129728 0
internal_weight=12594 765 11829 594 4045 1381 675 577 256 366 228 7784 321 249 2664 518 287 2146 213 7200 706 302 193 961 410 7060 1185 551 171 404 584 376 1071 208 211
internal_count=12230 765 11465 594 4045 1381 675 577 256 366 228 7420 321 249 2664 518 287 2146 213 6836 706 302 193 961 410 6696 1185 551 171 404 584 376 1071 208 211
is_linear=0
shrinkage=0.0139946


Tree=33
num_leaves=36
num_cat=0
split_feature=20 10 28 5 18 47 11 31 9 57 59 26 45 9 3 30 63 63 26 29 31 61 36 9 10 9 36 20 16 9 16 19 34 28 45
split_gain=16.9859 8.25968 7.18011 5.23828 3.43569 2.94755 3.25669 1.14195 1.49012 2.36818 0.733562 0.501056 0.777953 0.412586 0.851174 0.553547 0.71165 0.32903 0.308444 0.298289 0.275123 0.266623 0.158754 0.279235 0.291314 0.114594 0.0879248 0.0830876 0.0637317 0.0361782 0.0277104 0.027196 0.0163934 0.0113105 0.00938807
threshold=18.453144659510638 -0.18399835165767994 85.950000000000017 -0.25881904510252113 17.730139245209319 9.6000000000000014 8.5000000000000018 -2.1164545560984069 -0.40542197401079733 924.45000000000016 1.0750000000000004 73.450000000000017 1416.0250000000003 0.45206801762443477 0.95050000000000001 82.65000000000002 0.50076758487562156 1.2988892758125223 92.850000000000009 73.450000000000017 -4.0349950372961851 13.905000000000003 3.4674249447382786 -0.88606241628642823 -0.18399835165767994 -0.74981945761428159 2.2206612182071903 19.043974068518914 16.454411595244135 -0.84293373149377071 20.175389261979394 29.664625025783923 1.2135489933733128 98.250000000000014 2290.4110000000005
decision_type=2 2 2 2 2 2 2 2 2 2 2 2 2 2 2 2 2 2 2 2 2 2 2 2 2 2 2 2 2 2 2 2 2 2 2
left_child=1 21 18 4 -4 6 11 20 9 -9 -6 -2 17 25 -15 -16 26 -13 -3 -20 22 29 23 24 -8 32 -17 -27 -7 -1 33 34 -14 -31 -30
right_child=5 2 3 -5 10 28 7 8 -10 -11 -12 12 13 14 15 16 -18 -19 19 -21 -22 -23 -24 -25 -26 27 -28 -29 31 30 -32 -33 -34 -35 -36
leaf_value=0.00029875054629615325 -0.025166130462488279 -0.012494189973208503 0.0035658148320428305 0.001508240238930991 0.003612033098861934 -0.015580643808153371 9.1578927674025498e-05 0.0010628532200550821 -0.025408916312726192 0.0035537159950511329 0.0035143414077771391 0.0034970387474252758 -0.00063090270508908762 -0.0026370524196711108 -0.0052562862404174591 0.0013100321898894636 0.0045883036326110462 0.0010319324750222541 0.0039825005017997588 -0.0011034441333295614 -0.0011980985141667694 0.0011627868064225161 -0.0023907499496042947 -0.0055166218850153355 0.0038948400419933854 -0.00016311027237898734 -0.00088661014356932399 -0.0025256356284037024 -0.031570575420850823 -0.0010383113931763119 -0.00099935085709222616 -0.0018254379400548097 0.0011750831401009232 -0.00033760657017667704 -0.013860015747065722
leaf_weight=118 1096 202 197 122 258 52 72 136 95 122 119 73 127 319 72 116 75 77 70 78 209 136 72 69 80 187 78 1170 6254 326 69 94 70 69 115
leaf_count=118 1096 202 197 122 258 52 72 136 95 122 119 73 127 319 72 116 75 77 70 78 209 136 72 69 80 187 78 1170 5890 326 69 94 70 69 115
internal_value=8.18372e-06 0.00128597 0.00208085 0.00291389 0.00347435 -0.000193908 7.69471e-05 0.000858031 0.00152208 0.00207044 0.00232253 -9.69609e-05 0 -4.80327e-05 0.000198448 0.000732887 0.0010393 0.000984697 0.000226126 0.000723291 0.000253456 3.19879e-05 0.000540844 0.000725621 0.0010574 -0.000196134 0.000169011 -0.000246093 -0.00038361 0 -0.000123327 -0.000387648 0 -0.000177564 -0.000391567
internal_weight=12594 1764 1046 696 574 10830 4315 855 353 258 377 3460 2364 2214 660 341 269 150 350 148 502 718 293 221 152 1554 194 1357 6515 582 464 6463 197 395 6369
internal_count=12230 1764 1046 696 574 10466 4315 855 353 258 377 3460 2364 2214 660 341 269 150 350 148 502 718 293 221 152 1554 194 1357 6151 582 464 6099 197 395 6005
is_linear=0
shrinkage=0.0139946


Tree=34
num_leaves=35
num_cat=0
split_feature=33 2 18 26 10 10 10 10 47 32 31 63 58 44 44 25 9 52 29 52 33 45 9 10 63 10 32 50 39 56 31 31 45 10
split_gain=15.0849 10.7711 9.61088 2.90866 2.78172 2.7668 2.05389 1.53153 1.26054 1.35766 0.987913 0.835073 0.70656 0.697969 0.517516 0.510206 0.337783 0.274191 0.368275 0.295189 0.232987 0.174359 0.164287 0.160273 0.125929 0.0912609 0.0893577 0.0799201 0.0199146 0.0187786 0.0169826 0.0104513 0.00549772 0.00129118
threshold=18.671979662200702 15.450000000000001 17.730139245209319 85.950000000000017 -0.66483077113278999 -0.18399835165767994 0.94968266440323645 0.84750952922804634 4.1500000000000012 -2.8800000000000003 -1.2661237732093118 -1.6068095390354153 1.1250000000000002 2.132135032749765 2.6893757522382917 16.275000000000002 0.45206801762443477 0.97450000000000003 74.850000000000009 0.99350000000000016 24.307832495785526 2080.3045000000006 -0.74981945761428159 0.45971571054515326 0.92790823086480689 0.91234096280339505 -2.7099999999999977 0.74166666666654368 23.021666666666668 923.55000000000007 -3.5436701499272103 -0.85024198203678647 2319.7140000000004 -0.17552498857989965
decision_type=2 2 2 2 2 2 2 2 2 2 2 2 2 2 2 2 2 2 2 2 2 2 2 2 2 2 2 2 2 2 2 2 2 2
left_child=1 2 25 15 -4 16 7 10 9 -7 23 -11 13 -13 -15 20 22 -18 19 -19 -2 -17 26 33 -24 -1 -5 29 -28 -3 -23 -29 -30 -6
right_child=3 27 4 5 6 8 -8 -9 -10 11 -12 12 -14 14 -16 21 17 18 -20 -21 -22 30 24 -25 -26 -27 28 31 32 -31 -32 -33 -34 -35
leaf_value=0.0034625853074020194 0.0038229460877332107 -0.00026130521885510893 -0.00010276991796177851 0.0012635679595715316 -9.1588958425576172e-05 -0.0024797782620595583 -0.017399156160183785 0.0031380386989718111 -0.004551688740312889 -0.00025837393937075046 0.0036156530327409188 0.00079954276792492676 0.0035684249433499391 0.0038262236312555792 0.0038366531678476453 -0.068082811749592756 -0.0015436453476258027 0.0022521469807666337 -0.001382072831972185 0.0011202040668234462 -0.011655666298170164 0.000539845587563969 -0.0031521095970602772 -0.016931701549482498 -0.0016761560005131317 0.0034741864303668504 -7.3837441558004482e-06 -0.0027127929313201793 -0.0019795375961672288 0.0035048307840576227 -0.012468662940992158 -0.0034666149870202943 -0.0011513133266184683 0.0034563625310306059
leaf_weight=173 86 83 221 83 69 139 89 94 172 79 214 74 121 130 122 6466 210 86 94 128 171 120 1260 83 326 70 292 69 251 68 303 496 68 84
leaf_count=173 86 83 221 83 69 139 89 94 172 79 214 74 121 130 122 6102 210 86 94 128 171 120 1260 83 326 70 292 69 251 68 303 496 68 84
internal_value=8.18372e-06 0.00119365 0.00206667 -0.000185094 0.00125196 0.000123657 0.00172371 0.00204756 0.000835402 0.00111719 0.0014459 0.00144239 0.00167661 0.00206616 0.00246006 -0.000351567 -6.56046e-05 0.000205813 0.000494339 0.000827598 7.97629e-05 -0.000377453 -0.000156915 0.000418046 -0.000235897 0.00462343 0 -5.1961e-05 -3.46033e-05 0 0 -0.000176157 -0.000120178 0.000686383
internal_weight=12594 1813 1097 10781 854 3635 633 544 837 665 450 526 447 326 252 7146 2798 518 308 214 257 6889 2280 236 1586 243 694 716 611 151 423 565 319 153
internal_count=12230 1813 1097 10417 854 3635 633 544 837 665 450 526 447 326 252 6782 2798 518 308 214 257 6525 2280 236 1586 243 694 716 611 151 423 565 319 153
is_linear=0
shrinkage=0.0139946


Tree=35
num_leaves=37
num_cat=0
split_feature=62 9 62 9 56 9 9 45 44 54 47 9 3 45 4 60 9 61 45 44 1 62 21 62 9 43 43 61 6 1 9 42 4 54 44 45
split_gain=25.8768 4.84455 4.21248 3.88092 2.72151 3.32599 1.8055 1.11268 1.07647 0.625569 0.52364 0.44865 0.578394 0.593482 0.446109 0.424878 0.395138 0.327623 0.336691 0.233185 0.206756 0.204985 0.13854 0.118804 0.0842719 0.0690223 0.113047 0.0645119 0.0609434 0.0510733 0.0486422 0.0457283 0.0394573 0.0354983 0.0214347 0.000575398
threshold=17.65929765440621 -0.30901413279605799 20.611959699578659 -0.66484924122790601 930.85000000000002 -0.96230016621822456 -0.79356426026969629 2080.3045000000006 2.4540029019331846 0.98350000000000015 21.750000000000004 0.45206801762443477 0.95050000000000001 2301.3575000000005 928.05000000000007 6.5950000000000006 -0.74981945761428159 1.0000000180025095e-35 2124.7055000000005 2.2189749828466589 7.785000000000001 16.990898242597225 16.995000000000001 18.652166542208217 0.35769492645306972 24.385208333333338 23.82520833333334 0.27500000000000008 0.98296291314453421 0.37500000000000006 -0.12447811117596669 1.5259314094986463 921.55000000000007 0.53850000000000009 2.1054847892376327 2197.4140000000002
decision_type=2 2 2 2 2 2 2 2 2 2 2 2 2 2 2 2 2 2 2 2 2 2 2 2 2 2 2 2 2 2 2 2 2 2 2 2
left_child=1 3 4 6 5 8 -1 22 9 -2 11 16 -13 15 23 -14 19 33 -19 -9 -21 -5 -4 25 31 26 -7 -12 -24 -18 -3 32 -25 -16 -34 -27
right_child=2 30 7 21 -6 14 -8 10 -10 -11 27 12 13 -15 17 -17 29 18 -20 20 -22 -23 28 24 -26 35 -28 -29 -30 -31 -32 -33 34 -35 -36 -37
leaf_value=0.0034768292475070434 0.0035248299464676982 0.0036598151746763726 -0.0088404585453787776 0.0037690736886277177 0.0034098461641719198 -0.0016852255528799769 0.0033923829568476061 -0.0040595347568029051 -0.001105775982842195 0.003459658388647984 -0.0016360581614453355 -0.0018888978386087966 0.0016678395044014422 -0.00064380262561394906 -0.015539108654187509 -0.00062404840151771771 -0.0037143199106123722 0.0037471385855389235 -0.0007276838441763314 0.0008130416331498364 0.0012464088017145364 0.0034700365706743608 -0.064809768670725132 -0.0011028320443724144 -0.00012905706390512278 -0.0015890704041831446 0.0010471064379392347 -0.011800299049094123 -0.0047543213043071547 -0.0052933967765639023 -0.097967676778130439 -0.00048937160996147179 -0.00036104594788321246 0.0041989389362435924 -0.0017738929139849884 1.1239702521612608e-05
leaf_weight=256 80 99 281 156 78 119 110 107 127 122 71 119 122 69 204 81 72 97 71 136 71 72 6462 333 156 171 117 925 123 545 72 68 79 82 673 68
leaf_count=256 80 99 281 156 78 119 110 107 127 122 71 119 122 69 204 81 72 97 71 136 71 72 6098 333 156 171 117 925 123 545 72 68 79 82 673 68
internal_value=8.18372e-06 0.00250444 -0.000147927 0.00310878 0.000332227 0.000224316 0.00187193 -0.000293586 0.00153605 0.00220533 0 0.000153549 0.000550556 0.000921116 2.83965e-07 0.00130445 0 0.000416448 0.000918249 0.000388361 0.000668393 0.00476988 -0.000383424 -6.8218e-05 -0.000154324 2.74515e-05 0.000241541 -0.000267384 -0.000396743 -0.000219246 4.48428e-06 -0.000203284 -0.000228364 0 -0.000292296 0
internal_weight=12594 765 11829 594 2645 2567 366 9184 329 202 2318 1322 391 272 2238 203 931 454 168 314 207 228 6866 1784 1309 475 236 996 6585 617 171 1153 1085 286 752 239
internal_count=12230 765 11465 594 2645 2567 366 8820 329 202 2318 1322 391 272 2238 203 931 454 168 314 207 228 6502 1784 1309 475 236 996 6221 617 171 1153 1085 286 752 239
is_linear=0
shrinkage=0.0139946


Tree=36
num_leaves=36
num_cat=0
split_feature=62 62 57 9 9 27 2 38 53 9 42 45 9 2 9 26 27 9 52 45 60 44 58 4 16 40 62 60 52 44 57 38 38 9 60
split_gain=25.5951 5.31578 3.82238 3.79002 3.8457 3.65135 2.37173 2.85661 2.83874 1.86576 1.86226 1.13667 0.80445 0.574317 0.520507 0.427056 0.691734 0.413751 0.392826 0.521854 0.498875 0.293377 0.161516 0.14629 0.0710835 0.0459867 0.0478721 0.0446617 0.0351835 0.032806 0.0832644 0.108439 0.121326 0.0417704 0.00932357
threshold=17.042356613092441 20.611959699578659 925.55000000000007 -0.2760944163666606 -0.66484924122790601 86.550000000000011 15.450000000000001 5.2525689471955461 0.13350000000000004 -0.79356426026969629 1.3490910446783821 2067.1020000000003 -0.96230016621822456 1.0000000180025095e-35 0.45206801762443477 99.350000000000009 97.750000000000014 -0.74981945761428159 0.92850000000000021 2301.3575000000005 6.5950000000000006 2.2189749828466589 0.7350000000000001 922.45000000000016 18.24979822434317 0.10214368964399166 20.757175865842161 0.68500000000000016 0.0055000000000000005 3.039733418744075 920.55000000000007 4.4201955343700137 4.9395747566537027 0.29259762607704992 5.745000000000001
decision_type=2 2 2 2 2 2 2 2 2 2 2 2 2 2 2 2 2 2 2 2 2 2 2 2 2 2 2 2 2 2 2 2 2 2 2
left_child=3 2 12 4 9 -4 7 8 -7 -1 -10 25 15 14 17 16 -2 21 -16 20 -20 -13 34 29 -15 -3 -27 -19 -28 30 -14 -32 -33 -31 -23
right_child=1 11 5 -5 -6 6 -8 -9 10 -11 -12 13 23 24 18 -17 -18 27 19 -21 -22 22 -24 -25 -26 26 28 -29 -30 33 31 32 -34 -35 -36
leaf_value=0.0034280748300170453 -0.00048184252899649647 -0.011892987189694341 -0.0028743639560771745 0.0016278314579444956 0.0037188540869369795 -0.0010207338559474856 -0.00016490796141709863 -6.6849175028818163e-05 0.0036430163927010316 0.0033495528082532178 0.0038506900617500919 -0.0045408877269058536 -0.0011031703813129039 -9.5269206684713546e-05 -0.0030538638471674603 -0.00037351074949166683 0.0033539249330699927 -0.0051819239862702111 0.0014383787605303259 -0.00063479283982307373 -0.001471205233125758 0.00059257047776300835 4.7739894466075133e-05 -0.00085095599973337164 -0.01080379328860177 -0.0040071937498454861 -0.21395015690483715 -0.005384003859388942 -0.068976307199303893 -0.0031149344018049259 -0.0012435698584589464 0.001951276466097556 -7.7815904684851419e-05 6.0840676915082737e-05 0.0013671744918013218
leaf_weight=187 100 71 378 85 178 74 138 90 258 99 88 122 139 69 86 69 85 120 126 69 90 70 90 679 927 70 148 579 6479 296 135 124 135 73 68
leaf_count=187 100 71 378 85 178 74 138 90 258 99 88 122 139 69 86 69 85 120 126 69 90 70 90 679 927 70 148 579 6115 296 135 124 135 73 68
internal_value=1.04058e-05 -0.000119113 0.000397693 0.00296515 0.00346261 0.00108113 0.0017173 0.00215678 0.00264013 0.00202268 0.00317037 -0.000287492 0 0 0.000153399 0.000741973 0.00109609 0 0.000602607 0.000860347 0.00120156 0.000385218 0.000690739 -0.000102695 -0.000281409 -0.00038083 -0.000384595 -0.00020278 -0.000388445 0 8.36075e-05 0.000225031 0.000397818 -8.51075e-05 0.00100514
internal_weight=12594 12045 2861 549 464 1026 648 510 420 286 346 9184 1835 2416 1420 254 185 1049 371 285 216 350 228 1581 996 6768 6697 699 6627 902 533 394 259 369 138
internal_count=12230 11681 2861 549 464 1026 648 510 420 286 346 8820 1835 2416 1420 254 185 1049 371 285 216 350 228 1581 996 6404 6333 699 6263 902 533 394 259 369 138
is_linear=0
shrinkage=0.0139946


Tree=37
num_leaves=34
num_cat=0
split_feature=16 10 50 10 30 10 31 10 47 44 44 56 50 59 41 21 43 26 19 30 24 19 30 21 63 26 60 26 50 4 47 44 61
split_gain=16.218 11.6138 7.45568 4.66008 2.99896 2.22009 1.95533 1.50629 1.20071 1.55553 1.44652 1.02747 1.63227 0.777261 0.591935 0.402848 0.336713 0.29372 0.258058 0.155065 0.146862 0.301638 0.0914373 0.0902389 0.0741976 0.049538 0.0302958 0.0288617 0.143971 0.0250243 0.00835553 0.0074246 0.0628839
threshold=18.691167710183787 -0.17552498857989965 0.74166666666654368 0.94968266440323645 86.250000000000014 0.76663042157996963 -1.4923976372322973 -0.63872576220844923 21.750000000000004 3.2834268494520513 2.0768454059974482 924.85000000000002 102.20833333333319 0.7350000000000001 20.515833333333337 17.755000000000006 27.157500000000002 95.950000000000017 29.966369392595571 98.250000000000014 26.885000000000002 25.250771738099065 97.750000000000014 21.285000000000004 1.72354170530552 97.250000000000014 22.365000000000006 73.750000000000014 1.0000000180025095e-35 930.55000000000007 72.950000000000017 2.8419168040270542 1.4950000000000003
decision_type=2 2 2 2 2 2 2 2 2 2 2 2 2 2 2 2 2 2 2 2 2 2 2 2 2 2 2 2 2 2 2 2 2
left_child=1 19 3 5 15 6 -3 16 9 10 -9 18 -13 -8 -4 27 22 -16 -12 -1 21 -21 24 -23 26 -17 -6 -2 -29 -11 -10 32 -24
right_child=4 2 14 -5 7 -7 13 8 30 29 11 12 -14 -15 17 25 -18 -19 -20 20 -22 23 31 -25 -26 -27 -28 28 -30 -31 -32 -33 -34
leaf_value=-0.0011692452456458101 -0.034906032839852427 0.0032700065148589513 -0.0096019572132021742 0.0033617882517770511 -0.004258267079347124 0.0033251186866402687 0.0033577361572127342 -0.0023089187600311583 -0.0020300591142391041 -0.0077342041064677935 0.0018675881478776675 0.0037543100111829967 -0.00098222895315010932 0.0033840822418908078 -0.003870601469931516 -0.047172179788265614 0.00077138958451283357 0.0035073917941646311 -5.7114342009707482e-08 -0.00026966516734006345 -0.00032823659468084431 9.8193326498447337e-05 0.0024104931816770077 0.003929182342278288 -0.00018606803082895561 -0.0084213534682665882 -0.00032338117929247624 0.0023624933116668766 -0.10220424937073359 0.0032738262164419157 -0.012870062980571808 -0.0045174193567127652 -0.00088948835234557971
leaf_weight=385 202 126 163 134 1032 217 79 175 101 243 249 226 91 140 75 6628 132 173 163 101 196 76 69 93 201 70 68 120 74 68 255 274 195
leaf_count=385 202 126 163 134 1032 217 79 175 101 243 249 226 91 140 75 6264 132 173 163 101 196 76 69 93 201 70 68 120 74 68 255 274 195
internal_value=1.3739e-05 0.00118852 0.00213259 0.00303422 -0.000196366 0.00360687 0.00245449 0.000122124 0.000454269 0.000675492 0.000974296 0.00125067 0.00196077 0.00333391 0.000435755 -0.000364872 -0.00010864 0.000881891 0.000535132 0 0.000125791 0.000364735 -0.000185155 0.000746605 -0.000249367 -0.000390866 -0.000294475 0 0.000169011 0 -0.000112054 0 1.39699e-05
internal_weight=12594 1958 1107 696 10636 562 345 3542 1571 1215 904 729 317 219 411 7094 1971 248 412 851 466 270 1839 169 1301 6698 1100 396 194 311 356 538 264
internal_count=12230 1958 1107 696 10272 562 345 3542 1571 1215 904 729 317 219 411 6730 1971 248 412 851 466 270 1839 169 1301 6334 1100 396 194 311 356 538 264
is_linear=0
shrinkage=0.0139946


Tree=38
num_leaves=37
num_cat=0
split_feature=20 10 50 10 35 59 47 11 10 9 26 9 9 10 35 5 28 50 3 43 1 28 10 16 45 19 4 27 43 58 42 59 28 28 63 63
split_gain=16.1645 9.97716 7.69366 4.52473 3.35414 2.83987 2.16388 1.41704 0.571871 1.1446 0.485631 1.06258 0.623795 1.48459 0.762631 0.418641 0.559096 0.387735 0.319833 0.687645 0.218566 0.138521 0.118012 0.106978 0.103903 0.0821505 0.0538682 0.068792 0.118321 0.0468975 0.0441856 0.0420979 0.0293395 0.0261009 0.0184064 0.0147876
threshold=19.154519160032901 -0.18399835165767994 0.74166666666654368 0.94968266440323645 17.258586944949791 1.0750000000000004 9.6000000000000014 8.5000000000000018 -0.18399835165767994 -0.40542197401079733 73.450000000000017 0.39753913293121995 0.78829775591774609 -0.63872576220844923 23.812666399925885 -1.0000000180025095e-35 69.450000000000017 182.74166666666665 0.98350000000000015 27.157500000000002 27.945000000000004 89.050000000000011 -0.66483077113278999 17.941441828843988 2111.8045000000006 29.664625025783923 922.75000000000011 97.850000000000009 24.322916666666675 0.17500000000000002 0.94714481845171405 0.56500000000000006 64.850000000000009 90.350000000000009 4.035037436153913 0.92790823086480689
decision_type=2 2 2 2 2 2 2 2 2 2 2 2 2 2 2 2 2 2 2 2 2 2 2 2 2 2 2 2 2 2 2 2 2 2 2 2
left_child=1 20 3 4 -3 -6 7 10 -9 17 30 22 13 18 -15 16 -4 -10 -13 -20 26 -5 31 -8 -18 29 27 35 -29 -25 -2 -12 -24 -28 -31 -1
right_child=6 2 15 21 5 -7 23 8 9 -11 11 12 -14 14 -16 -17 24 -19 19 -21 -22 -23 32 25 -26 -27 33 28 -30 34 -32 -33 -34 -35 -36 -37
leaf_value=-0.00192932677986213 -0.0032385198525724003 0.0033134213857500087 -0.0076951984919008173 -0.020887757470282518 0.0035164699557779528 0.00078915164569167123 -0.00127611213309206 3.048128558738122e-06 0.0036379273687487568 -0.012640812563218695 -0.0017227420594614989 -0.00097992986118158269 -0.011169130164371622 0.0035990217491089819 0.004381178550626412 -0.0032873011905277649 0.0037985088044193032 0.00010648116473991195 -6.1463150465491443e-05 0.0022406209710663519 0.0036393368194918324 0.003469455265757317 0.0015795519157797452 -0.038362826967992772 0.0032155631923998927 -0.00076319518532599699 -1.1731120615264843e-05 0.0019028453110158791 -0.00012893938279245524 -0.037488804753497779 -0.030367397029527062 -0.0024232007812854321 -0.0015930621132197057 -0.00087636911252476197 -0.02744783794933325 0.00073975747173338105
leaf_weight=221 115 251 120 82 275 126 124 245 198 134 197 181 171 69 68 179 96 75 175 98 72 68 86 73 70 94 125 115 119 6044 980 824 195 326 106 97
leaf_count=221 115 251 120 82 275 126 124 245 198 134 197 181 171 69 68 179 96 75 175 98 72 68 86 73 70 94 125 115 119 5688 980 824 195 326 98 97
internal_value=1.485e-05 0.00106832 0.00191 0.00275285 0.00326665 0.00212442 -0.000219388 2.88326e-05 0.000634074 0.000957549 -7.50692e-05 2.21209e-05 0.000463984 0.000695301 0.00202321 0.000306816 0.000661437 0.0014763 0.000140154 0.000508917 1.21564e-05 6.31611e-05 -0.000185098 -0.000376678 0.0011843 -0.00038469 0 4.10696e-05 0.000247149 -0.000390904 -0.000319421 -0.000257429 0 -0.000145717 -0.00039511 0
internal_weight=12594 2342 1267 802 652 401 10252 3811 652 407 3159 2064 762 591 137 465 286 273 454 273 1075 150 1302 6441 166 6317 1003 552 234 6223 1095 1021 281 451 6150 318
internal_count=12230 2342 1267 802 652 401 9888 3811 652 407 3159 2064 762 591 137 465 286 273 454 273 1075 150 1302 6077 166 5953 1003 552 234 5859 1095 1021 281 451 5786 318
is_linear=0
shrinkage=0.0139946


Tree=39
num_leaves=35
num_cat=0
split_feature=62 30 10 5 10 10 0 36 38 10 11 38 35 25 10 30 52 4 45 63 3 43 19 45 20 35 45 40 31 0 24 19 31 37
split_gain=25.0463 5.60299 4.91693 3.80451 3.71926 3.57842 3.36752 2.8476 2.71295 1.86576 0.880393 1.76305 0.433407 0.430652 0.306812 0.313814 0.427411 0.206879 0.165311 0.13341 0.130601 0.181439 0.112122 0.102426 0.0564738 0.0496712 0.0377837 0.0185011 0.0163333 0.0144756 0.0132349 0.0115463 0.00848701 0.00115214
threshold=17.042356613092441 86.250000000000014 -0.18399835165767994 -1.0000000180025095e-35 0.95989713290459411 0.74407637760383738 1.1250000000000002 2.7742380136840858 5.2349828891951704 0.60503365783732044 5.5000000000000009 4.5547792570494581 17.584407599652213 16.275000000000002 -0.61186373645567615 97.950000000000017 0.99550000000000016 922.85000000000002 1760.7025000000001 1.4261278891494718 0.98550000000000015 24.951458333333338 35.497307439008331 1138.6075000000003 20.386077581951159 17.584407599652213 2285.9055000000003 0.17214335111677348 -6.3232395031709183 0.37500000000000006 23.345000000000002 18.572761547599132 -4.0349950372961851 22.332331517638185
decision_type=2 2 2 2 2 2 2 2 2 2 2 2 2 2 2 2 2 2 2 2 2 2 2 2 2 2 2 2 2 2 2 2 2 2
left_child=4 13 10 6 5 9 7 8 12 -1 11 -3 -4 23 19 27 17 -17 -8 25 -13 -22 24 -2 -15 -12 -26 -16 -27 -5 -9 -30 -29 -31
right_child=1 2 3 29 -6 -7 18 30 -10 -11 14 20 -14 22 15 16 -18 -19 -20 -21 21 -23 -24 -25 26 28 -28 32 31 33 -32 -33 -34 -35
leaf_value=0.0032841414268082493 -0.058056112192835373 0.0049971303327415052 0.0033321831626424848 0.0038668597029636515 0.0018805845272699612 0.0035648872806985214 -0.05360469070663923 -0.0024880795724986468 0.0032089270950073634 0.003206106281689478 -0.00032103309243229622 -0.0015933731173540201 0.0033650151687007264 -0.0061202783560635908 -0.00024326965102878362 0.0012748483238599867 -1.986361081692003e-06 -0.00016795752247163919 0.0032166488377418458 4.8798001362379064e-05 -0.00060197080738295255 0.00095440194706988672 -0.0045526130833054915 0.0056246703603451019 -0.054131382558747401 -0.0077986596014015148 -0.0011088355754753194 -0.00043011423570238577 -0.020593685564989028 -0.0038973224113569172 0.0034956905773993988 -0.0017420827200762543 -0.0029469866775253565 -0.00055005949683452847
leaf_weight=187 136 77 69 72 85 178 148 72 74 99 82 218 271 63 68 92 210 75 122 322 69 110 185 99 6644 79 85 106 87 316 73 1624 275 122
leaf_count=187 136 77 69 72 85 178 148 72 74 99 82 218 271 63 68 92 210 75 122 322 69 110 185 99 6280 79 85 106 87 316 73 1624 275 122
internal_value=1.70721e-05 -0.000110981 0.000249495 0.000970806 0.00293975 0.00343257 0.00155492 0.00218119 0.00278523 0.00202268 -8.02756e-06 0.000528345 0.00331526 -0.000361891 -0.000114784 5.75669e-05 0.000401722 0.000926173 4.39576e-06 -0.000210349 0 0.000372602 -0.000384003 7.99941e-06 -0.000393327 -0.000256503 -0.000397237 -8.2422e-05 -0.000272458 0 0 -0.000282001 -0.000132152 -1.0352e-05
internal_weight=12594 12045 4833 1339 549 464 829 559 414 286 3494 474 340 7212 3020 826 377 167 270 2194 397 179 6977 235 6792 1872 6729 449 1790 510 145 1711 381 438
internal_count=12230 11681 4833 1339 549 464 829 559 414 286 3494 474 340 6848 3020 826 377 167 270 2194 397 179 6613 235 6428 1872 6365 449 1790 510 145 1711 381 438
is_linear=0
shrinkage=0.0139946


Tree=40
num_leaves=38
num_cat=0
split_feature=62 9 30 10 9 27 8 9 49 56 0 11 52 32 25 9 30 52 30 44 4 33 26 4 62 19 26 60 9 6 33 42 63 10 40 24 26
split_gain=25.2782 4.75856 4.59726 4.153 3.6462 2.6027 2.42555 1.8055 1.20124 1.06159 1.75744 1.02298 0.938706 0.613998 0.47786 0.376419 0.272999 0.427411 0.26564 0.234532 0.206879 0.176854 0.122572 0.0856972 0.0840743 0.0607359 0.0562891 0.156944 0.0486422 0.0290361 0.0238513 0.0185334 0.016998 0.0283048 0.00653001 0.0128093 0.000433635
threshold=17.65929765440621 -0.30901413279605799 90.15000000000002 -0.18399835165767994 -0.66484924122790601 87.350000000000009 1.0000000180025095e-35 -0.79356426026969629 337.60000000000008 924.6500000000002 1.0750000000000004 5.5000000000000009 0.85050000000000014 -0.50499999999999889 16.275000000000002 -0.79356426026969629 97.950000000000017 0.99550000000000016 82.250000000000014 2.9529622654565695 922.85000000000002 24.307832495785526 86.850000000000009 920.45000000000016 16.990898242597225 36.332913322691219 91.15000000000002 1.3350000000000002 -0.12447811117596669 0.98296291314453421 17.096869533180875 2.4121663733600678 0.92790823086480689 -0.9993703818063705 0.18036999011368524 22.545000000000005 97.950000000000017
decision_type=2 2 2 2 2 2 2 2 2 2 2 2 2 2 2 2 2 2 2 2 2 2 2 2 2 2 2 2 2 2 2 2 2 2 2 2 2
left_child=1 4 14 11 7 -5 -7 -1 9 -8 -11 12 -4 19 21 16 34 20 25 -14 -18 -2 31 -17 -6 29 27 -24 -3 -16 -25 -20 33 -32 -13 -36 -28
right_child=2 28 3 5 24 6 8 -9 -10 10 -12 15 13 -15 18 23 17 -19 22 -21 -22 -23 26 30 -26 -27 36 -29 -30 -31 32 -33 -34 -35 35 -37 -38
leaf_value=0.0032339807399160152 0.0015258292055182992 0.003263733842164925 -0.0033532264840669111 -0.00038618413368687198 0.0035134857246777221 -0.00086600362274778428 0.00058004678460631847 0.0031543832775441541 -0.0001195142763448551 0.0033996302924794945 0.003437848758876491 -0.00023986517990996545 0.0046943903620956049 -9.189745529508499e-05 -0.072345376730633196 -0.00081630859816896853 0.0012570072808806866 -1.9585626739772937e-06 -0.012317955593880084 0.00068042090482660182 -0.00016560701745770728 -0.0063500240337514748 0.0041202716697176589 -0.00079143843594095163 0.0032219981691457757 -0.0043110393697651534 -0.00032326757326080278 -0.014051339240131496 -0.096360612438504079 -0.032964134031922901 -0.00041926617083289905 -0.025497819577411544 -0.0012195974808367853 -0.0024282548966634778 -0.0026835293806222607 -0.0030848868661636757 -0.00091113493167726276
leaf_weight=256 97 99 122 329 156 131 89 110 81 240 71 68 98 68 6209 307 92 210 509 103 75 161 73 68 72 124 306 71 72 97 74 69 286 1184 78 233 106
leaf_count=256 97 99 122 329 156 131 89 110 81 240 71 68 98 68 5845 307 92 210 509 103 75 161 73 68 72 124 306 71 72 97 74 69 286 1184 78 233 106
internal_value=1.92942e-05 0.00248619 -0.000134915 0.000240788 0.0030853 0.00105317 0.00159186 0.00187193 0.00205068 0.00237452 0.00281159 0 0.000657423 0.00114264 -0.000336001 -0.000106836 0.000101663 0.000401722 -0.000359038 0.00152841 0.000926173 7.78403e-05 -7.64544e-05 -0.000224071 0.004709 -0.000398362 0 0.000274918 4.48428e-06 -0.000404596 -0.000264875 -0.000229889 -0.000276164 -0.000310197 -2.0407e-05 -6.77843e-05 0
internal_weight=12594 765 11829 4007 594 941 612 366 481 400 311 3066 391 269 7822 2675 756 377 7564 201 167 258 1134 1919 228 6430 556 144 171 6306 1612 578 1544 1258 379 311 412
internal_count=12230 765 11465 4007 594 941 612 366 481 400 311 3066 391 269 7458 2675 756 377 7200 201 167 258 1134 1919 228 6066 556 144 171 5942 1612 578 1544 1258 379 311 412
is_linear=0
shrinkage=0.0139946


Tree=41
num_leaves=36
num_cat=0
split_feature=20 11 50 18 30 4 27 2 4 9 9 3 1 53 9 51 5 32 50 31 44 6 43 43 49 40 45 60 4 30 0 6 4 36 53
split_gain=16.3995 8.59937 7.0275 2.95165 2.1674 1.13267 1.38138 1.34224 1.06587 1.12974 0.744684 0.93611 0.845482 0.77017 0.565646 0.478523 0.443587 0.334733 0.327219 0.153451 0.153085 0.0989607 0.0928697 0.0933881 0.072468 0.0464304 0.0462288 0.0596526 0.0402818 0.0367827 0.0250643 0.0201314 0.0170438 0.0149641 0.00289402
threshold=19.154519160032901 9.5000000000000018 0.74166666666654368 17.795380776724119 82.250000000000014 928.35000000000002 85.65000000000002 19.000000000000004 929.45000000000016 -0.96230016621822456 0.45206801762443477 0.95050000000000001 4.995000000000001 0.99150000000000016 -0.9852109833579612 996.154 -1.0000000180025095e-35 -1.5099999999999996 1.0000000180025095e-35 -6.4477353935854866 2.1529475679052958 0.98296291314453421 24.131875000000001 21.335208333333338 641.05000000000007 0.10214368964399166 2177.8440000000005 9.8350000000000026 921.55000000000007 99.050000000000011 0.64500000000000013 -0.98296291314453399 920.35000000000002 1.563185185841838 0.88850000000000018
decision_type=2 2 2 2 2 2 2 2 2 2 2 2 2 2 2 2 2 2 2 2 2 2 2 2 2 2 2 2 2 2 2 2 2 2 2
left_child=1 8 3 -3 18 10 -7 -8 9 -1 14 34 13 -13 15 -6 17 -4 22 -16 -11 -20 23 -2 25 -21 27 30 -24 31 -22 -27 -32 -5 -12
right_child=4 2 16 33 5 6 7 -9 -10 20 11 12 -14 -15 19 -17 -18 -19 21 24 26 -23 28 -25 -26 29 -28 -29 -30 -31 32 -33 -34 -35 -36
leaf_value=0.0031350051319797706 -0.0021369645184738753 0.0031168520954386113 -0.0011295427507879978 0.0032432364193960557 0.0030949271824872076 -0.015078405194888721 0.0034208363058824149 -0.0006667690916435518 0.0031499973940376717 0.0037995607031201437 -0.0075805520626854132 0.003754143687723142 -0.00023245454196553272 0.00090028470200295035 0.0006680713752071993 -0.0025860489789173015 -0.0053535264919008308 0.0032815023259668268 -0.084629877379557128 -0.00027393356142020044 -0.00093735715420906998 -0.025336971966867218 -0.0015883879229582802 0.0030016803518982697 -0.0040977916545044688 -0.011692829882242826 0.0001038247286396746 -0.00038201410027350268 -0.03021357019022302 -0.0007677013630833328 -0.0018010017335753925 -0.0020415987969912013 -0.002750542926849417 0.0030656899153509482 -0.00019298993201525658
leaf_weight=184 156 196 132 295 125 140 127 91 101 131 185 88 125 109 113 107 146 85 5892 93 93 83 72 74 198 135 200 93 376 110 68 1784 543 75 69
leaf_count=184 156 196 132 295 125 140 127 91 101 131 185 88 125 109 113 107 146 85 5528 93 93 83 72 74 198 135 200 93 376 110 68 1784 543 75 69
internal_value=1.92942e-05 0.00108026 0.00213958 0.0031349 -0.000216658 4.35886e-05 0.000795099 0.00150507 0.000334276 0.000168565 -1.90543e-05 0.000409414 0.000930149 0.00149723 -0.000137148 0.000432378 0.00039489 0.000810499 -0.000367538 -0.000219417 0 -0.00040141 0 0.000137941 -0.000251854 -0.000275729 -5.73783e-05 -0.000124298 -0.000174998 -0.000289803 -0.000184491 -0.000304213 -0.000217282 0.00203545 0
internal_weight=12594 2342 929 566 10252 3599 358 218 1413 1312 3241 576 322 197 2665 232 363 217 6653 2433 1128 5975 678 230 2320 2122 997 797 448 2029 704 1919 611 370 254
internal_count=12230 2342 929 566 9888 3599 358 218 1413 1312 3241 576 322 197 2665 232 363 217 6289 2433 1128 5611 678 230 2320 2122 997 797 448 2029 704 1919 611 370 254
is_linear=0
shrinkage=0.0139946


Tree=42
num_leaves=38
num_cat=0
split_feature=62 9 62 9 9 57 9 26 38 62 57 54 9 3 45 19 53 61 38 9 6 45 45 39 61 62 62 52 9 39 0 58 60 24 24 56 62
split_gain=25.1682 4.75856 4.37441 3.6462 2.97908 2.77712 1.8055 1.2551 1.21445 1.8331 0.460267 0.944942 0.325655 0.370353 0.321606 0.313642 0.280517 0.172063 0.262299 0.167482 0.161498 0.125921 0.117967 0.103491 0.0895797 0.0840743 0.0644969 0.0524637 0.0486422 0.0287553 0.0122468 0.011409 0.00993933 0.0657265 0.15005 0.00588223 8.67697e-05
threshold=17.65929765440621 -0.30901413279605799 22.798549279380399 -0.66484924122790601 -0.96230016621822456 930.85000000000002 -0.79356426026969629 99.350000000000009 5.0395364877933995 19.957872151906134 925.6500000000002 0.95750000000000013 0.35769492645306972 0.98350000000000015 2067.1020000000003 28.586857803918164 0.99450000000000005 1.0000000180025095e-35 5.2425578704255384 -0.81403855522663837 -0.98296291314453399 2194.5810000000006 2174.7425000000007 17.048333333333336 17.225000000000005 16.990898242597225 19.268537055770619 0.44750000000000006 -0.12447811117596669 21.84 1.6650000000000003 0.6150000000000001 8.9950000000000028 26.885000000000002 25.395000000000003 921.1500000000002 25.036778268797104
decision_type=2 2 2 2 2 2 2 2 2 2 2 2 2 2 2 2 2 2 2 2 2 2 2 2 2 2 2 2 2 2 2 2 2 2 2 2 2
left_child=1 3 4 6 7 10 -1 8 9 -2 12 17 19 35 23 20 -15 26 27 32 36 -17 -10 -4 31 -5 -12 -19 -3 -22 -28 -21 33 34 -6 -14 -16
right_child=2 28 14 25 5 -7 -8 -9 22 -11 11 -13 13 16 15 21 -18 18 -20 24 29 -23 -24 -25 -26 -27 30 -29 -30 -31 -32 -33 -34 -35 -36 -37 -38
leaf_value=0.0031433344194378775 0.0031891869615383104 0.0031031205365697179 -0.029404990781758435 0.0034168809758198626 -0.0010856932397847647 0.0030570869477213676 0.003061619822344497 -0.0004870545474145938 -0.0026902366179641134 0.0013477647426771435 0.0038418376388293812 0.0034238226036198234 0.00011011736548779373 0.0022857720890122079 0.001503587160959236 -7.7273406979300402e-05 6.1716206804318845e-05 0.003679238114245142 -0.010456012593266352 -0.0015042820261056639 -0.0090498967828904521 -0.00026221308475167336 0.0033198845740326889 -0.11356735724745291 -5.4768693387315828e-05 0.0031335712323564092 -0.022558105033899958 0.002623461846669168 -0.094801063536914768 -0.010397124074550576 -0.0063608428624614488 -0.0022681466239010172 -0.0025131910736169477 -0.00014043778860527324 0.0038182282315973714 -0.0014384338221334315 -0.011133244800994889
leaf_weight=256 120 99 258 156 136 92 110 97 70 100 116 144 74 122 103 85 148 73 81 237 68 97 72 5919 168 72 338 125 72 853 69 1339 157 168 71 233 96
leaf_count=256 120 99 258 156 136 92 110 97 70 100 116 144 74 122 103 85 148 73 81 237 68 97 72 5555 168 72 338 125 72 853 69 1339 157 168 71 233 96
internal_value=2.48495e-05 0.00248619 -0.000129 0.0030853 0.000214446 6.99415e-05 0.00187193 0.001288 0.00166635 0.00237081 0 0.000277651 -7.73311e-05 0.000166221 -0.000337769 -6.70327e-05 0.000570642 2.18326e-06 0.000339594 -0.00016874 -0.000196914 0.000359672 9.00201e-05 -0.000383893 -0.000236512 0.004709 -5.00038e-05 0.000647376 4.48428e-06 -0.000285323 -0.000184674 -0.000270208 0 7.18702e-05 0.000266368 0 0
internal_weight=12594 765 11829 594 4350 3891 366 459 362 220 3799 946 2853 577 7479 1302 270 802 279 2276 1120 182 142 6177 1744 228 523 198 171 921 407 1576 532 375 207 307 199
internal_count=12230 765 11465 594 4350 3891 366 459 362 220 3799 946 2853 577 7115 1302 270 802 279 2276 1120 182 142 5813 1744 228 523 198 171 921 407 1576 532 375 207 307 199
is_linear=0
shrinkage=0.0139946


Tree=43
num_leaves=38
num_cat=0
split_feature=20 10 28 5 30 10 5 52 31 37 9 38 59 25 37 16 33 30 54 44 20 38 36 37 37 60 59 34 38 63 9 43 20 48 52 30 44
split_gain=15.7868 8.98198 7.18011 5.23828 2.95238 1.69357 2.23064 2.31627 1.883 1.36647 1.04855 1.22894 1.02193 0.635689 0.455711 0.449753 0.345806 0.221132 0.211749 0.646075 0.130393 0.106042 0.148233 0.353581 0.370049 0.0604135 0.05841 0.070776 0.0570424 0.0330926 0.0300153 0.0254501 0.0187798 0.0146454 0.0100319 0.00530918 0.00526713
threshold=18.453144659510638 -0.18399835165767994 85.950000000000017 -0.25881904510252113 81.050000000000011 -0.17552498857989965 -1.0000000180025095e-35 0.075500000000000012 -2.0226730752294979 20.45317532922267 0.43664718845046319 4.5547792570494581 1.0750000000000004 16.275000000000002 28.663697319618603 19.924687555080116 24.723238828605361 97.950000000000017 0.53850000000000009 3.0087746975975507 20.258549085601274 5.4031213516092746 0.76370636903751854 22.410116072263111 23.580014949455663 32.650000000000013 0.52500000000000013 0.22988273242090276 4.7805817906164618 0.7569105639243966 0.35769492645306972 23.031875000000003 19.447644667021304 197.75000000000003 0.99650000000000005 94.750000000000014 3.0087746975975507
decision_type=2 2 2 2 2 2 2 2 2 2 2 2 2 2 2 2 2 2 2 2 2 2 2 2 2 2 2 2 2 2 2 2 2 2 2 2 2
left_child=1 21 18 9 13 10 7 -7 20 -4 17 -12 -11 16 28 -10 -2 25 -3 -20 -9 22 -1 -24 -25 26 -6 -28 -13 32 -29 35 34 -33 -19 -8 -23
right_child=4 2 3 -5 5 6 31 8 15 12 11 14 -14 -15 -16 -17 -18 29 19 -21 -22 36 23 24 -26 -27 27 30 -30 -31 -32 33 -34 -35 -36 -37 -38
leaf_value=-0.00034945402792507059 0.0055395810154464202 -0.010725097678761062 0.0031092969803629533 0.0013246241106318682 -0.002185579981673597 -0.01311291284935814 -0.037821324643658193 -0.00094009414735888187 0.0032784548331144621 0.0032968044824512642 0.0041898817616567519 0.00052597839781413989 0.0029836818972053245 -0.067472258264318422 0.0008728112395533017 0.0030428532098732736 -0.021157743678694534 0.00087649572795429431 -0.0073410057572251388 0.0038669058029372001 0.0032091399358900206 -8.5583442215492137e-06 -0.0050038747042771446 0.0035884510513623491 4.2852743368621727e-05 -3.8350104270210112e-05 -0.00095710502828383847 -0.0031864665163931936 -0.0012723214749802226 0.0021606485596668661 -0.0039064187141184745 0.0033384952193138894 -0.0029243943272395149 -0.0018645487499031278 -0.0014920623499598883 -0.00292569810362536 -0.0031814306367357343
leaf_weight=158 81 202 287 122 283 150 254 115 129 196 105 85 91 6273 106 76 116 105 80 68 95 70 76 68 87 68 131 1481 346 109 77 99 269 108 100 69 259
leaf_count=158 81 202 287 122 283 150 254 115 129 196 105 85 91 5909 106 76 116 105 80 68 95 70 76 68 87 68 131 1481 346 109 77 99 269 108 100 69 259
internal_value=2.26274e-05 0.00125427 0.00208085 0.00291389 -0.000171944 9.74892e-05 0.000578425 0.00119083 0.00173683 0.00347435 -4.34177e-05 0.000433088 0.00220801 -0.000363897 2.79289e-05 0.00277613 0.000230501 -0.00018594 0.000226126 0.000629908 0.000388762 0 0.000197476 0.000436037 0.000850711 -0.000256234 -0.000271868 -0.000305038 -3.60605e-05 0 -0.000331284 0 0 0 0 -0.000123867 -0.000129235
internal_weight=12594 1764 1046 696 10830 4360 1095 565 415 574 3265 642 287 6470 537 205 197 2623 350 148 210 718 389 231 155 2040 1972 1689 431 583 1558 530 474 207 205 323 329
internal_count=12230 1764 1046 696 10466 4360 1095 565 415 574 3265 642 287 6106 537 205 197 2623 350 148 210 718 389 231 155 2040 1972 1689 431 583 1558 530 474 207 205 323 329
is_linear=0
shrinkage=0.0139946


Tree=44
num_leaves=41
num_cat=0
split_feature=62 62 10 27 10 8 10 38 10 10 10 18 30 11 3 38 21 10 63 37 63 1 26 19 59 58 6 38 3 43 28 24 63 28 33 60 1 24 16 58
split_gain=24.9915 5.16265 3.7791 4.10355 3.71926 3.58376 3.57842 2.58325 3.09558 6.39811 1.86576 1.49331 0.278148 0.273601 0.988168 0.312024 0.190855 0.144337 0.165952 0.488847 0.159086 0.111587 0.101528 0.0552348 0.08405 0.044828 0.0383106 0.0305172 0.206948 0.0267055 0.0480755 0.106389 0.0246249 0.00600484 0.00576052 0.00327556 0.000302558 0.000296077 0.000187888 2.96642e-06
threshold=17.042356613092441 22.798549279380399 -0.18399835165767994 86.550000000000011 0.95989713290459411 1.0000000180025095e-35 0.74407637760383738 5.2425578704255384 0.94415253529446119 0.86527520261780289 0.60503365783732044 24.469451264731614 90.15000000000002 5.5000000000000009 0.98350000000000015 5.0303356815425522 16.995000000000001 -0.58427653070765284 -0.33298309875863547 22.410116072263111 0.67995660764623633 25.175000000000001 97.15000000000002 28.586857803918164 0.50500000000000012 1.0250000000000001 0.98296291314453421 5.0799775937298168 0.99350000000000016 20.772916666666671 56.45000000000001 20.395000000000003 -2.3923120577344803 98.450000000000017 20.557191738269864 0.27500000000000008 0.115 30.605000000000004 25.055585168949296 1.1450000000000002
decision_type=2 2 2 2 2 2 2 2 2 2 2 2 2 2 2 2 2 2 2 2 2 2 2 2 2 2 2 2 2 2 2 2 2 2 2 2 2 2 2 2
left_child=4 2 13 29 6 -5 10 8 9 11 -1 -7 16 14 37 -16 38 20 19 -19 21 32 26 24 -14 -20 -18 28 -22 34 -31 -32 -15 -34 -4 -29 -9 -2 -3 -39
right_child=1 12 3 5 -6 7 -8 36 -10 -11 -12 -13 23 17 15 -17 22 18 25 -21 27 -23 -24 -25 -26 -27 -28 35 -30 30 31 -33 33 -35 -36 -37 -38 39 -40 -41
leaf_value=0.00305740730667599 -0.0001172817435974335 0.0037482529058186845 -0.0083810916669498029 -0.00068654783570497291 0.0017392789798271911 0.0031043345307050032 0.0033266553035222121 -0.0098234921694989458 0.0029699503281831619 0.0037067685351304825 0.0029829785361824546 0.0032463589106802326 -8.9876482785427092e-05 -0.0022284313723714881 0.0035197501819543378 0.00056314239809563251 -0.065069838228504581 -0.0016756593101249087 -0.00074263576486337766 0.0014101767451233866 0.0022639359366737771 -0.00010396421380916876 -0.00095160187712886167 0.00067341814585565195 -0.003201451267554104 0.00018625288031203901 -0.019809432845835202 -0.00045070988256823186 -0.0011458291941389375 -0.0021205067336976429 -0.01235885715989638 0.0024309087349295867 -0.0019062623039703449 -8.4912453286990696e-05 -0.041639045556296085 -0.0046977896067234761 0.0032416326455758453 -0.0080282285458081141 -0.27840580784890262 -0.006236489662051343
leaf_weight=187 68 69 68 247 85 187 178 75 105 74 99 158 93 71 68 74 6408 141 325 115 87 96 70 95 527 69 81 91 163 88 81 146 1067 150 254 194 68 168 136 68
leaf_count=187 68 69 68 247 85 187 178 75 105 74 99 158 93 71 68 74 6044 141 325 115 87 96 70 95 527 69 81 91 163 88 81 146 1067 150 254 194 68 168 136 68
internal_value=2.04053e-05 -0.000107496 0.000254918 0.000817001 0.00293975 0.00141748 0.00343257 0.00194951 0.00240753 0.00294667 0.00202268 0.00184929 -0.000337769 -1.22246e-05 0.000275148 0.00125736 -0.000366328 -8.84867e-05 1.47147e-05 0.000353059 -0.000158501 -0.00023938 -0.000379587 0 -0.000107692 -3.55423e-05 -0.000385621 0 0.000149213 0 3.24797e-05 0.000206401 -0.000280198 -0.000295027 -0.000122954 -3.58755e-05 0 0 0 -1.56136e-05
internal_weight=12594 12045 4566 1551 549 914 464 667 524 419 286 345 7479 3015 446 142 6764 2569 650 256 1919 1384 6559 715 620 394 6489 535 250 637 315 227 1288 1217 322 285 143 304 205 236
internal_count=12230 11681 4566 1551 549 914 464 667 524 419 286 345 7115 3015 446 142 6400 2569 650 256 1919 1384 6195 715 620 394 6125 535 250 637 315 227 1288 1217 322 285 143 304 205 236
is_linear=0
shrinkage=0.0139946


Tree=45
num_leaves=39
num_cat=0
split_feature=62 26 10 5 9 9 42 9 10 9 38 5 19 38 38 59 30 45 62 4 44 1 37 17 4 17 59 40 38 59 7 2 0 19 19 60 40 26
split_gain=24.9367 5.18268 5.25036 4.22865 3.71926 3.57842 2.6681 1.86576 0.68877 0.583996 0.957437 1.09795 0.475702 0.612594 0.411272 0.552418 0.3102 0.236602 0.178458 0.158291 0.232592 0.295488 0.139878 0.10849 0.0871704 0.31265 0.0578315 0.0540181 0.0475679 0.0430736 0.037399 0.0352331 0.0297227 0.00999163 0.00932743 0.00794939 0.00369081 0.00151451
threshold=17.042356613092441 86.850000000000009 -0.18399835165767994 -1.0000000180025095e-35 -0.2760944163666606 -0.66484924122790601 0.91031313267174763 -0.79356426026969629 0.94415253529446119 0.35769492645306972 4.6794142289113339 -0.5 28.081093485630692 5.2425578704255384 5.1420145140848987 1.0050000000000001 97.750000000000014 2080.3045000000006 20.377138798094375 922.85000000000002 3.06019481408164 1.2350000000000001 22.609800071048195 26.660325668775197 921.85000000000002 22.278528285761102 2.0850000000000004 0.10214368964399166 5.5670507246507537 0.19500000000000003 0.91597561503675362 1.0000000180025095e-35 0.37500000000000006 36.332913322691219 27.617152801642714 10.345000000000001 0.16563010998549851 98.65000000000002
decision_type=2 2 2 2 2 2 2 2 2 2 2 2 2 2 2 2 2 2 2 2 2 2 2 2 2 2 2 2 2 2 2 2 2 2 2 2 2 2
left_child=4 17 9 6 5 7 14 -1 12 16 11 -11 13 -8 15 -4 23 18 -2 20 21 -18 -23 27 25 -12 29 -3 -21 -20 33 34 -5 -31 -19 37 -26 -34
right_child=1 2 3 32 -6 -7 8 -9 -10 10 24 -13 -14 -15 -16 -17 19 31 26 28 -22 22 -24 -25 36 -27 -28 -29 -30 30 -32 -33 35 -35 -36 -37 -38 -39
leaf_value=0.0030146199929676517 -0.0011333850106204433 -0.00024985554694425356 0.0030527636563962082 0.0035744713791610017 0.0017149383971466314 0.0032800999611048371 0.0036402809661757051 0.002941232826301285 -0.019868328769231662 0.0038777889864313859 -0.00078506712112607008 -0.00049771547443242567 -0.0006410900790910502 -0.00052832206881886891 0.0029704698710704557 0.0029636064356610031 0.0035787595857870989 -0.0029938816461916643 -0.051061293468979543 -0.00099254349934117976 -0.0038157099101973711 0.0012193549454005974 -9.9096220418764175e-05 -0.0020259282195311825 -0.0005254115890314981 0.0011550595226042014 -0.057777686234645187 -0.0018030329021579555 -8.1106753550320957e-05 -0.088240427142905267 -0.0057470346193938303 -0.024945160360414328 -0.0082419606998356699 -0.0063630563651487218 -0.00060027067468653513 -0.00016538416950159074 -0.0014014028695907281 -0.00061196451976273903
leaf_weight=187 217 98 202 86 85 178 209 99 93 105 70 80 70 73 68 68 100 133 75 415 131 88 237 314 68 68 118 1261 108 5995 271 249 283 116 97 90 321 68
leaf_count=187 217 98 202 86 85 178 209 99 93 105 70 80 70 73 68 68 100 133 75 415 131 88 237 314 68 68 118 1261 108 5631 271 249 283 116 97 90 321 68
internal_value=2.37384e-05 -0.000104011 0.000246043 0.00100155 0.00293975 0.00343257 0.00165282 0.00202268 0.000715149 -2.06144e-05 0.000310243 0.00117098 0.00101344 0.00126828 0.0026784 0.00304154 -0.000130833 -0.000343119 -0.000364488 0 0.000213368 0.000407693 0 -0.000253807 0 0.000304722 -0.000377557 -0.000308051 -0.000103331 -0.000383285 -0.00038724 0 0 -0.000397242 7.75831e-05 -1.3126e-05 -0.000102235 -6.80324e-05
internal_weight=12594 12045 4774 1310 549 464 783 286 445 3464 712 185 352 282 338 270 2752 7271 6792 1079 556 425 325 1673 527 138 6575 1359 523 6457 6382 479 527 6111 230 441 389 351
internal_count=12230 11681 4774 1310 549 464 783 286 445 3464 712 185 352 282 338 270 2752 6907 6428 1079 556 425 325 1673 527 138 6211 1359 523 6093 6018 479 527 5747 230 441 389 351
is_linear=0
shrinkage=0.0139946


Tree=46
num_leaves=38
num_cat=0
split_feature=20 10 28 47 47 11 4 45 10 10 34 25 45 45 11 3 43 43 43 27 44 44 38 60 43 38 38 55 38 0 56 27 20 59 0 59 0
split_gain=15.9353 8.80217 7.18011 4.29835 2.99754 2.43387 1.48699 1.66548 1.05213 1.57119 2.14165 0.583265 1.20965 0.544606 1.01955 0.84707 0.507121 0.997683 0.467036 0.235614 0.355709 0.23435 0.270367 0.156539 0.122163 0.141613 0.0658824 0.0629463 0.089437 0.149568 0.0482226 0.0457619 0.0325906 0.026395 0.0236603 0.00420503 0.000124443
threshold=18.453144659510638 -0.18399835165767994 85.950000000000017 5.3500000000000005 72.950000000000017 8.5000000000000018 930.6500000000002 2076.6120000000005 -0.17552498857989965 0.94968266440323645 0.61086542111289521 16.275000000000002 1164.0320000000004 2004.2455000000002 5.5000000000000009 0.97050000000000003 24.951458333333338 28.136041666666671 23.525416666666672 86.550000000000011 3.039733418744075 2.6893757522382917 4.4773863549425714 17.860000000000003 26.841666666666669 5.6557972451070313 5.7343557532969109 922.35000000000002 5.3442748454822224 0.85500000000000009 919.95000000000016 99.750000000000014 18.978358294109736 0.56500000000000006 0.20500000000000004 1.1150000000000004 0.85500000000000009
decision_type=2 2 2 2 2 2 2 2 2 2 2 2 2 2 2 2 2 2 2 2 2 2 2 2 2 2 2 2 2 2 2 2 2 2 2 2 2
left_child=1 23 19 6 5 11 7 -4 36 10 18 12 -2 30 15 -15 -17 -18 -10 -3 -21 22 -12 27 25 32 -27 28 29 -1 -13 34 -16 -34 -6 -35 -7
right_child=4 2 3 -5 31 8 -8 -9 9 -11 21 13 -14 14 24 16 17 -19 -20 20 -22 -23 -24 -25 -26 26 -28 -29 -30 -31 -32 -33 33 35 -36 -37 -38
leaf_value=0.0017629321997242513 -0.042353175238357743 -0.0084489086582350097 0.0030498922266066577 -0.0045590910646484909 -0.013915420332571947 -0.0009075830339026229 0.0028888816904632545 0.0029619661532411181 0.0035512278016205947 -0.014322101842111487 -0.00013158621741272749 -0.0032861650586960573 0.0036255276898783783 -0.00096656808944965255 -0.00030484807487867453 -0.00065250415517105519 0.0028979652710185069 -0.0022494254222861633 0.0028884779530783675 -0.001148631662040782 0.0034498093258820118 -0.0044961021973499733 0.0033282664788078075 0.0031222201592300235 0.00099064623775414144 0.0011204139854049679 -0.0018394982912469651 -0.00061265945188514886 -0.0034238817963085704 -6.3055905648573833e-05 -0.017343771155193963 -0.0070730076512133489 -0.0011494399069327797 -0.0022896850426818529 -0.059756741597686375 -0.0036888039182276598 0.00068795429407676582
leaf_weight=69 158 188 382 76 101 182 72 166 80 168 99 111 95 180 150 68 147 80 96 91 71 97 126 84 77 68 176 351 133 81 1508 75 273 918 5526 103 168
leaf_count=69 158 188 382 76 101 182 72 166 80 168 99 111 95 180 150 68 147 80 96 91 71 97 126 84 77 68 176 351 133 81 1508 75 273 918 5162 103 168
internal_value=2.48495e-05 0.0012622 0.00208085 0.00291389 -0.000170652 6.36883e-05 0.00329882 0.00358214 0.000683402 0.00101011 0.00140672 -7.32932e-05 0.000526889 -0.000130329 0 0.000585051 0.00105293 0.00136823 0.00274644 0.000226126 0.000625625 0.00045482 0.000705425 0 -0.000143643 -0.000189029 0 -4.5199e-06 0 0.000339622 -0.000325982 -0.000393168 -0.000246869 -0.000270045 -0.000397785 -0.000312156 0
internal_weight=12594 1764 1046 696 10830 5128 620 548 1016 666 498 4112 253 3859 2240 475 295 227 176 350 162 322 225 718 1765 1688 244 634 283 150 1619 5702 1444 1294 5627 1021 350
internal_count=12230 1764 1046 696 10466 5128 620 548 1016 666 498 4112 253 3859 2240 475 295 227 176 350 162 322 225 718 1765 1688 244 634 283 150 1619 5338 1444 1294 5263 1021 350
is_linear=0
shrinkage=0.0139946


Tree=47
num_leaves=38
num_cat=0
split_feature=35 2 10 10 30 10 27 59 5 36 36 9 38 25 52 44 30 9 17 30 52 43 19 63 3 29 36 31 10 9 47 30 17 19 19 32 59
split_gain=12.468 14.9387 6.63929 5.05751 4.36612 4.28511 2.65885 1.74988 1.21716 1.79517 0.673901 0.663992 1.16075 0.657641 0.426142 1.24533 0.334396 0.320974 0.280957 0.205345 0.304821 0.178367 0.147028 0.0732856 0.0674849 0.156907 0.0565521 0.0396073 0.0583657 0.0315406 0.0138703 0.00923987 0.00575333 0.00332915 0.00169699 0.00105144 0.0137362
threshold=18.246882174951441 13.450000000000001 -0.0387208465846701 0.94968266440323645 87.950000000000017 -0.18399835165767994 82.250000000000014 1.1950000000000001 -1.0000000180025095e-35 2.7742380136840858 0.56701337712266742 0.4975086818028765 4.5636202585240655 16.275000000000002 0.83350000000000002 2.6782356030484529 81.050000000000011 -0.79356426026969629 24.681005757130691 97.950000000000017 0.99550000000000016 19.949375000000003 27.190770119172839 0.92790823086480689 0.98550000000000015 65.450000000000017 3.3836447250284927 -0.032822019618487623 -0.021515300460958474 -0.88606241628642823 33.45000000000001 96.750000000000014 17.660190033487748 36.332913322691219 29.604503512844381 -0.38999999999999962 0.57500000000000007
decision_type=2 2 2 2 2 2 2 2 2 2 2 2 2 2 2 2 2 2 2 2 2 2 2 2 2 2 2 2 2 2 2 2 2 2 2 2 2
left_child=1 2 -1 10 13 11 -7 8 9 14 -4 17 -13 18 15 -8 32 19 21 35 -21 -2 30 26 -14 -26 -19 28 -3 -29 -18 -25 -15 -34 -24 36 -6
right_child=4 27 3 -5 5 6 7 -9 -10 -11 -12 12 24 16 -16 -17 22 23 -20 20 -22 -23 34 31 25 -27 -28 29 -30 -31 -32 -33 33 -35 -36 -37 -38
leaf_value=0.00034493221194313464 -0.013777177061081357 -0.000843783114688168 0.0028706314361038048 0.0031236990363495108 -0.00045126449665924492 -0.001717377366790929 0.0029776540619980917 -5.7145172530257817e-05 -0.0024970732553848164 0.0032947431946159711 0.0029218724233150877 0.0044514159782556451 -0.00092108644940766288 -0.00811595150325411 0.0030114171463567676 0.0032362735767641777 -0.0054692809447214998 -0.0018956444761539012 -0.017910355124201943 0.0013020167938394512 -4.8987323466403751e-05 0.0055104767353273722 -0.0015750919409617027 -0.0014293338815588536 0.00069858379084893193 -0.00061822866368908217 -0.00048543057828862133 -0.00079412465332994332 0.0029273916294134221 -0.017119293829492926 -0.023793917908921339 0.00063283998944724772 -0.079109116213496186 -0.0061627915775039821 0.0012703592735161188 -0.0003636087660260351 -0.0023506111052380842
leaf_weight=131 70 119 101 92 92 318 84 173 89 167 256 72 192 56 222 79 205 1352 125 145 153 69 85 281 89 73 131 112 94 320 399 138 5912 122 187 68 221
leaf_count=131 70 119 101 92 92 318 84 173 89 167 256 72 192 56 222 79 205 1352 125 145 153 69 85 281 89 73 131 112 94 320 399 138 5548 122 187 68 221
internal_value=2.92937e-05 0.00137379 0.00300127 0.00380905 -0.00010985 0.000243387 0.000977836 0.00140254 0.00174057 0.00198666 0.00458122 -1.11409e-05 0.000471176 -0.000321397 0.00255522 0.00359033 -0.000351811 -0.000117118 0.000224525 7.84229e-05 0.000384815 0.000696978 -7.41864e-06 -0.000222323 0 0.000284005 -0.000270262 0 0 -0.000133713 -0.000191843 0 -0.000390272 -0.000392316 0.000154601 0 -2.55737e-05
internal_weight=12594 1225 580 449 11369 4139 1132 814 641 552 357 3007 426 7230 385 163 6966 2581 264 679 298 139 876 1902 354 162 1483 645 213 432 604 419 6090 6034 272 381 313
internal_count=12230 1225 580 449 11005 4139 1132 814 641 552 357 3007 426 6866 385 163 6602 2581 264 679 298 139 876 1902 354 162 1483 645 213 432 604 419 5726 5670 272 381 313
is_linear=0
shrinkage=0.0139946


Tree=48
num_leaves=43
num_cat=0
split_feature=62 10 62 10 10 1 5 23 10 26 26 40 47 30 34 40 10 43 1 10 61 43 4 24 62 38 3 32 16 4 53 30 1 61 62 10 34 16 1 32 16 0
split_gain=24.6433 4.67331 4.37248 3.82064 2.91763 3.03897 2.44147 3.47299 1.71349 0.97579 1.50876 0.709505 0.380968 0.445541 0.302935 0.186688 0.131503 0.29207 0.231544 0.228962 0.374244 0.459875 0.123734 0.317552 0.380378 0.117283 0.111643 0.0931518 0.240857 0.0802338 0.161991 0.152479 0.0769751 0.0642863 0.0559885 0.0486422 0.0282422 0.0159105 0.112103 0.0192379 0.00688222 0.00173819
threshold=17.65929765440621 0.94968266440323645 22.798549279380399 0.74407637760383738 -0.27608674622158907 0.045000000000000005 -0.25881904510252113 21.935000000000006 0.60503365783732044 99.350000000000009 94.250000000000014 0.37749172176424817 78.250000000000014 74.850000000000009 0.59794359256693519 0.18583146486455587 -0.66483077113278999 26.922708333333336 0.58500000000000008 -0.55599684127981919 3.2850000000000006 24.131875000000001 929.1500000000002 19.225000000000005 20.377138798094375 4.9395747566537027 0.98950000000000016 -2.2399999999999998 21.029514960329312 922.55000000000007 0.99550000000000016 95.15000000000002 2.1850000000000005 0.18500000000000003 24.154814080916932 0.99164058729498161 0.44616851827004395 19.858594678507234 1.9650000000000001 -2.0600000000000009 26.038718506033359 1.155
decision_type=2 2 2 2 2 2 2 2 2 2 2 2 2 2 2 2 2 2 2 2 2 2 2 2 2 2 2 2 2 2 2 2 2 2 2 2 2 2 2 2 2 2
left_child=1 3 4 8 16 22 7 -7 -1 10 -9 15 13 -4 -5 -12 17 25 -19 20 -18 -22 36 -24 -25 29 -8 40 -29 30 31 -2 -30 -27 -14 -3 -6 38 -21 -39 41 -15
right_child=2 35 12 14 5 6 26 9 -10 -11 11 -13 34 27 -16 -17 19 18 -20 37 21 -23 23 24 -26 33 -28 28 32 -31 -32 -33 -34 -35 -36 -37 -38 39 -40 -41 -42 -43
leaf_value=0.0028834141185921664 -0.00070244678986115425 0.0023808328852099334 -0.055419226019964497 0.0030836822352244037 0.00050985118001216486 0.0028995242899503859 -0.0075950168921338082 -0.00072940785825504175 0.0027986162088033005 -0.00059639529803721253 0.0027673864496128042 0.0030468020037069067 -0.010297197136266726 -0.0040766274144988617 0.0027693467520902848 0.0030419191962601805 -0.0012659742750787519 -0.0015724784744775213 0.0012009880459275379 0.0035722557631764178 -0.00018680990314056046 0.0027895238567167825 -0.039635540603811081 0.0035695381787019483 -0.014502195515984927 -0.00030719011100727894 0.0021216112388280266 -0.0016482775674361661 0.00017822521229182963 -0.0013611625271167829 -0.00069155120037584829 0.0022989923894212454 0.0034692768188480825 -0.002651232448639006 -0.087804374013512862 -0.093172041686081564 -0.012559348954866219 -0.00039794730690044441 -0.0011672571754640251 -0.0013578446667329551 0.0004538989572740711 -0.0056452000973241153
leaf_weight=256 70 99 1020 158 191 72 155 80 110 86 70 77 192 205 70 86 141 78 89 75 68 95 131 114 81 123 96 108 147 346 221 89 110 969 5311 72 250 76 159 262 318 68
leaf_count=256 70 99 1020 158 191 72 155 80 110 86 70 77 192 205 70 86 141 78 89 75 68 95 131 114 81 123 96 108 147 346 221 89 110 969 4947 72 250 76 159 262 318 68
internal_value=3.26268e-05 0.00246794 -0.000119537 0.00306181 0.000224093 0.000727633 0.00138282 0.00198454 0.00183389 0.00122942 0.00159099 0.00215676 -0.000328416 -0.000109427 0.004709 0.00279298 -1.47398e-05 -9.6746e-05 0.00034604 9.41424e-05 0.000414785 0.000873944 2.13945e-05 0.000273411 0.000663639 -0.000174757 0 5.12151e-05 0.000237861 0 0.00010208 0.000471127 0.00051226 -0.00026797 -0.000394746 4.48428e-06 -1.3126e-05 0 0 -9.57529e-05 0 -7.00275e-05
internal_weight=12594 765 11829 594 4350 1489 722 471 366 399 313 233 7479 1976 228 156 2861 1985 167 876 304 163 767 326 195 1818 251 956 365 726 380 159 257 1092 5503 171 441 572 234 338 591 273
internal_count=12230 765 11465 594 4350 1489 722 471 366 399 313 233 7115 1976 228 156 2861 1985 167 876 304 163 767 326 195 1818 251 956 365 726 380 159 257 1092 5139 171 441 572 234 338 591 273
is_linear=0
shrinkage=0.0139946


Tree=49
num_leaves=43
num_cat=0
split_feature=20 18 10 5 47 18 44 10 31 40 38 27 52 10 57 54 63 25 63 27 52 40 25 10 30 63 47 63 51 27 20 10 57 19 0 20 33 0 40 58 58 52
split_gain=14.8459 6.62409 4.50599 4.22725 4.14782 2.34189 1.96566 3.87763 1.73223 1.45227 0.763077 0.967171 1.60144 0.414205 0.475258 0.402161 0.481186 0.372757 0.446824 0.356303 0.263036 0.254297 0.226252 0.445351 0.845817 0.209653 0.173764 0.100042 0.0831527 0.0614786 0.0419274 0.0360019 0.0346515 0.0282353 0.0222022 0.0175565 0.00512952 0.00186158 0.00138408 0.00747901 0.00991548 0.000417528
threshold=17.660190033487748 19.336804036891529 -0.0387208465846701 -1.0000000180025095e-35 9.6000000000000014 18.453144659510638 3.0915196652418895 -0.17552498857989965 -2.2450286136857218 0.1950213663507413 5.2425578704255384 86.550000000000011 0.86050000000000015 -0.8038981836306559 921.95000000000016 0.99550000000000016 -0.097009068713349564 16.275000000000002 1.5344556738663775 96.250000000000014 0.97950000000000015 0.9922029292645389 23.245000000000001 -0.89388548498445497 81.350000000000009 3.1611730551357096 78.250000000000014 0.7569105639243966 914.74600000000009 99.350000000000009 18.572761547599132 -0.99463397642532658 919.45000000000016 18.572761547599132 0.20500000000000004 24.742672163538554 31.016059310816171 0.7350000000000001 1.080817590004189 0.83500000000000008 0.56500000000000006 0.99650000000000005
decision_type=2 2 2 2 2 2 2 2 2 2 2 2 2 2 2 2 2 2 2 2 2 2 2 2 2 2 2 2 2 2 2 2 2 2 2 2 2 2 2 2 2 2
left_child=1 2 -1 -4 5 -2 7 13 19 -10 11 -3 -13 27 -15 16 -16 18 -8 21 25 -9 30 -24 -25 -19 28 31 33 34 -22 -7 -33 -6 -28 -27 -35 -12 39 40 -30 -14
right_child=4 10 3 -5 26 6 17 8 9 -11 37 12 41 14 15 -17 -18 20 -20 -21 22 -23 23 24 -26 35 29 -29 38 -31 -32 32 -34 36 -36 -37 -38 -39 -40 -41 -42 -43
leaf_value=0.00023011764738391344 0.0028253890257779945 -0.029315615042241394 0.0028817074782942769 0.002890569116929679 -0.0012782631513277645 -0.00010004961211767598 0.0043670025364752627 0.0032698627942778658 0.0027374896068701336 0.0030640785422241974 0.0028317889745349861 0.0029376295002036664 0.0027201453120153829 -0.00015953749614469538 0.0029930527762474868 -0.00012551771581619688 0.00032876602710885425 -0.011404528517517581 -0.0096207757157572172 -0.0028208806182366919 -0.00050979118408545738 -0.00022477524321188837 -0.0087230333684913744 -0.0091348555789858132 0.0025846664994760042 0.0017176158482456552 -0.01369658791801121 0.0022553285130733642 -0.0014430981772668744 -0.0067123516273689572 -0.0015100639590298736 -0.002526086805144745 -0.0012666026001067838 -0.0029961742920873481 -0.069659080769396683 -0.017519604246208541 -0.035799826895578965 -0.0031296845187580176 -0.017413372666502638 -0.00074968208989944867 0.00065534814209166747 -0.0030886801995720823
leaf_weight=116 111 91 317 83 89 83 80 152 92 114 70 114 99 362 142 109 119 1349 227 70 114 75 132 80 124 69 101 129 68 179 387 100 504 405 5408 121 86 215 84 85 68 71
leaf_count=116 111 91 317 83 89 83 80 152 92 114 70 114 99 362 142 109 119 1349 227 70 114 75 132 80 124 69 101 129 68 179 387 100 504 405 5044 121 86 215 84 85 68 71
internal_value=3.15158e-05 0.00153158 0.00274847 0.00345408 -0.000117308 0.000184316 0.000121646 0.000454399 0.00152723 0.0026261 0.000473325 0.000888832 0.00130543 6.09085e-05 0.000328486 0.000680625 0.000977231 -0.000107768 0.000270747 0.000527986 -0.000185186 0.000817889 0 0.000294314 0.000752232 -0.000293862 -0.000349874 -9.69414e-05 -5.89438e-05 -0.000383264 -0.000172974 -0.000198999 -0.000238041 -0.000182439 -0.000392234 0 -0.000224754 0 0 3.48758e-05 0.00011221 6.95325e-06
internal_weight=12594 1176 516 400 11418 4845 4734 2051 503 206 660 375 284 1548 732 370 261 2683 307 297 2376 227 837 336 204 1539 6573 816 885 5688 501 687 604 580 5509 190 491 285 305 221 136 170
internal_count=12230 1176 516 400 11054 4845 4734 2051 503 206 660 375 284 1548 732 370 261 2683 307 297 2376 227 837 336 204 1539 6209 816 885 5324 501 687 604 580 5145 190 491 285 305 221 136 170
is_linear=0
shrinkage=0.0139946


Tree=50
num_leaves=39
num_cat=0
split_feature=20 18 2 26 10 8 31 10 26 40 38 38 0 47 63 10 44 29 47 37 63 53 20 26 20 38 63 43 37 63 38 63 63 43 16 43 29 38
split_gain=15.0613 6.49176 4.80604 4.40711 4.14203 3.28828 3.64928 1.66446 2.80274 1.38747 1.31744 0.992596 0.396293 0.349368 0.269082 0.384502 0.262969 0.249713 0.245027 0.273633 0.484353 0.225518 0.331498 0.218472 0.144193 0.140744 0.119381 0.103131 0.100781 0.0987397 0.0831432 0.0469339 0.0322644 0.00760793 0.00742799 0.00464779 0.00153004 0.00146613
threshold=17.560833970334667 17.730139245209319 20.150000000000002 86.850000000000009 -0.17552498857989965 1.0000000180025095e-35 -1.4923976372322973 -0.27608674622158907 93.550000000000011 0.17214335111677348 5.2425578704255384 4.8601775560500213 1.2850000000000004 72.950000000000017 0.98840968212905989 -0.66483077113278999 2.7930676762597564 70.550000000000011 9.6000000000000014 22.410116072263111 -0.33298309875863547 0.99450000000000005 22.636052902325776 73.450000000000017 23.299462383401089 4.6179866423583968 3.0412723525761209 27.064166666666669 23.30628982281802 0.15214762687938335 4.5945550129446344 3.3702916126887517 -3.8179465172695877 23.031875000000003 25.977105911461834 23.867083333333337 66.550000000000011 2.2896122070012446
decision_type=2 2 2 2 2 2 2 2 2 2 2 2 2 2 2 2 2 2 2 2 2 2 2 2 2 2 2 2 2 2 2 2 2 2 2 2 2 2
left_child=1 2 11 13 14 33 12 -3 -9 -8 -10 -1 17 23 15 25 -16 -7 19 -17 28 22 -18 26 31 36 -2 32 -21 -26 37 -25 -27 -6 -28 -35 -5 -31
right_child=3 7 -4 4 5 6 9 8 10 -11 -12 -13 -14 -15 16 18 21 -19 -20 20 -22 -23 -24 24 29 27 34 -29 -30 30 -32 -33 -34 35 -36 -37 -38 -39
leaf_value=0.0029759109777879092 -0.083178721547220849 -7.4428406719181486e-05 0.0015992977368045069 0.00052981987836594763 -0.01278712250517567 0.00036425838752746607 0.0026765807606151755 -0.0090607541474704151 0.0028677377402024648 0.0030606812910019768 0.0027600754727512286 0.0027276557242824702 -0.011430308148785255 -0.10632692284128155 -0.0012877591561978488 -0.0017510909427219585 0.00086214291306323633 0.0030686620481650325 -0.0044588343493995423 0.0035326907825556438 -1.2001748733096003e-05 -0.0010510595427966802 0.0034902266180249488 -0.0093444965183009602 -0.012706634431871033 -0.00064309457979514156 0.0017136384349351141 -7.4030770106137193e-05 0.00085032073352328563 0.0017858768293318133 0.00025161737322659843 0.00068495290188501324 -0.0021541621747078184 0.00029530213342302919 -0.013479364905410613 -0.00059577776785799358 -0.00077764275081486952 0.0054676639961596472
leaf_weight=101 995 269 77 94 202 109 100 199 268 150 110 103 90 5019 224 111 168 255 234 91 178 152 77 389 90 70 85 80 86 73 204 85 1219 85 220 85 368 79
leaf_count=101 995 269 77 94 202 109 100 199 268 150 110 103 90 4655 224 111 168 255 234 91 178 152 77 389 90 70 85 80 86 73 204 85 1219 85 220 85 368 79
internal_value=3.26268e-05 0.00157909 0.00350063 -0.000113719 0.000236049 0.000985533 0.00154775 0.00085509 0.00127832 0.00298301 0.00198374 0.00462713 0.000600644 -0.000327318 0 -8.35155e-05 0.000237162 0.000813425 0.000143272 0.000365086 0.000570017 0.000465786 0.00072764 -0.000130919 0 -0.000207036 -0.000249236 -0.00027824 0.00108565 0.000212653 0.000332614 -0.000129558 -0.00031283 0 0 0 0 0.000602617
internal_weight=12594 1127 281 11467 4228 1076 704 846 577 250 378 204 454 7239 3152 2531 621 364 700 466 355 397 245 2220 920 1831 1300 1369 177 446 356 474 1289 372 305 170 462 152
internal_count=12230 1127 281 11103 4228 1076 704 846 577 250 378 204 454 6875 3152 2531 621 364 700 466 355 397 245 2220 920 1831 1300 1369 177 446 356 474 1289 372 305 170 462 152
is_linear=0
shrinkage=0.0139946


Tree=51
num_leaves=45
num_cat=0
split_feature=62 9 9 62 10 61 50 57 50 41 62 30 57 51 9 9 3 3 31 45 30 4 38 57 1 31 52 34 58 58 0 6 9 4 30 1 45 62 50 9 52 38 42 9
split_gain=22.8501 4.25831 4.72407 4.17633 2.59543 3.28598 2.9308 3.17207 1.38812 1.08957 0.624384 0.48896 0.448375 0.407213 0.406665 0.358245 0.552351 0.480589 0.329904 0.564284 0.322371 0.213016 0.225792 0.324665 0.11101 0.249385 0.273859 0.108436 0.139142 0.0814108 0.0597892 0.050787 0.0486422 0.0434687 0.0385902 0.0347367 0.0287374 0.0282029 0.0164632 0.0142288 0.0079878 0.000473879 0.0113834 4.21031e-05
threshold=17.65929765440621 -0.30901413279605799 -0.66484924122790601 22.798549279380399 -0.18399835165767994 1.0000000180025095e-35 1.0000000180025095e-35 924.95000000000016 1.0000000180025095e-35 21.812500000000004 16.990898242597225 74.850000000000009 927.95000000000016 2240.8760000000007 -0.86095304316285715 0.35769492645306972 0.98350000000000015 0.99450000000000005 -1.0019361202185448 2234.5600000000009 97.750000000000014 922.85000000000002 5.0084163176799228 921.45000000000016 2.1850000000000005 -4.5498625230941974 0.99850000000000005 0.40819612398224664 0.99500000000000011 0.36500000000000005 0.64500000000000013 0.91597561503675351 -0.12447811117596669 924.55000000000007 96.050000000000011 15.470000000000002 1329.5045000000002 18.370503049186318 309.30833333333334 0.57023701209772126 0.58250000000000013 5.0799775937298168 0.94714481845171405 -0.82391537601316178
decision_type=2 2 2 2 2 2 2 2 2 2 2 2 2 2 2 2 2 2 2 2 2 2 2 2 2 2 2 2 2 2 2 2 2 2 2 2 2 2 2 2 2 2 2 2
left_child=1 2 8 4 15 27 7 -7 9 14 -4 31 18 24 -1 20 41 -18 19 -8 30 22 23 -22 36 -26 -27 28 -6 -15 -2 -5 -3 -23 40 37 -13 -32 -38 -19 -29 42 -17 -24
right_child=3 32 10 11 5 6 12 -9 -10 -11 -12 13 -14 29 -16 16 17 39 -20 -21 21 33 43 -25 25 26 -28 34 -30 -31 35 -33 -34 -35 -36 -37 38 -39 -40 -41 -42 -43 -44 -45
leaf_value=0.0027230748928015053 -0.00054428356089496698 0.0022659249541130875 0.002991346870063583 -0.14342460537547835 0.0029908735503370756 5.9318737368238032e-05 0.00318293029132732 0.0028397286055186349 -0.0015956788213337791 0.002694341225593761 0.0028141976983614564 0.0040470833988082685 -0.0031646335482493661 -0.010951900761618344 0.0026941096364173898 0.00094925021497047676 0.0029193867895449914 -0.00093383999906308628 -0.00057461301621006093 0.00010391504467016502 -0.00057592906508329822 -0.0015126117911212133 0.00010312010143795447 0.0018127672768031408 -0.0012845913145330655 0.0032414110422761683 -0.012612147869218352 -0.03771046287362953 -0.0090718383168447367 -0.031538278033736232 -0.00084707473133084491 -0.016312426984175343 -0.091743078910687809 4.7409529504935788e-05 0.00089902724210488946 -0.00023697018099638382 -0.0044645282635786751 -0.0031920502133718303 -0.0029962792857221462 0.002921720830547727 -0.022756197680959937 -0.006340785534171855 -0.0056411257336273102 -0.0021646786133681676
leaf_weight=100 264 99 156 5141 70 70 170 147 85 110 72 97 117 116 71 75 85 133 69 93 89 379 71 164 202 178 70 306 151 968 77 262 72 127 70 115 361 872 84 72 72 170 101 221
leaf_count=100 264 99 156 4777 70 70 170 147 85 110 72 97 117 116 71 75 85 133 69 93 89 379 71 164 202 178 70 306 151 968 77 262 72 127 70 115 361 872 84 72 72 170 101 221
internal_value=3.15158e-05 0.0023767 0.00294438 -0.000114806 0.000220878 0.000734197 0.0014292 0.00285667 0.00164367 0.00211533 0.004709 -0.000319062 0.000580921 -9.06905e-05 0.00291899 0 0.000287531 0.000742517 0.000847796 0.00107236 -8.55557e-05 4.85878e-05 0.000277287 0.0005818 6.23145e-05 0.000238025 0.000545834 0 0.000286056 -0.000292628 -0.000242304 -0.000394281 4.48428e-06 -6.51801e-05 -8.1672e-05 -0.000290241 0 -0.00031872 -0.000110719 2.39426e-06 -0.000166721 0 0 0
internal_weight=12594 765 594 11829 4350 1335 666 217 366 281 228 7479 449 2076 171 3015 636 290 332 263 2379 1051 545 253 992 450 248 669 221 1084 1328 5403 171 506 448 1064 542 949 445 205 378 346 176 292
internal_count=12230 765 594 11465 4350 1335 666 217 366 281 228 7115 449 2076 171 3015 636 290 332 263 2379 1051 545 253 992 450 248 669 221 1084 1328 5039 171 506 448 1064 542 949 445 205 378 346 176 292
is_linear=0
shrinkage=0.0139946


Tree=52
num_leaves=46
num_cat=0
split_feature=62 9 9 62 57 9 9 38 59 62 30 51 57 54 0 25 9 30 59 9 5 39 9 56 61 31 10 33 53 44 59 9 6 3 52 30 19 43 19 19 43 38 34 59 59
split_gain=22.8919 4.25831 4.72407 4.09444 3.07102 2.38412 1.28818 1.02162 1.86594 0.624384 0.539171 0.411254 0.344021 0.809291 0.756767 0.261361 0.253755 0.193053 0.194994 0.161578 0.126773 0.119109 0.122652 0.199545 0.105746 0.0730271 0.0573212 0.0532298 0.0509073 0.0488007 0.0599871 0.0486422 0.0474854 0.0440377 0.0354272 0.0930931 0.0222121 0.1011 0.0253632 0.0213571 0.0039441 0.00192788 0.000370169 0.000302558 0.000187888
threshold=17.65929765440621 -0.30901413279605799 -0.66484924122790601 22.497412473296468 930.85000000000002 -0.96230016621822456 -0.79356426026969629 5.0084163176799228 0.79500000000000015 16.990898242597225 74.850000000000009 2240.8760000000007 925.6500000000002 0.70150000000000012 0.69500000000000006 24.605000000000004 0.35769492645306972 80.65000000000002 0.90500000000000014 -0.81403855522663837 -0.70710678118654735 22.661666666666665 0.82876241254485883 922.55000000000007 13.905000000000003 -4.5498625230941974 -0.9668120007078248 18.215323122995684 0.47650000000000003 2.8419168040270542 0.7350000000000001 -0.12447811117596669 0.91597561503675351 0.97050000000000003 0.99350000000000016 96.750000000000014 24.362338698779887 20.772916666666671 26.517605419442049 17.941441828843988 22.538125000000001 4.8427169196136868 0.40819612398224664 0.60500000000000009 0.7350000000000001
decision_type=2 2 2 2 2 2 2 2 2 2 2 2 2 2 2 2 2 2 2 2 2 2 2 2 2 2 2 2 2 2 2 2 2 2 2 2 2 2 2 2 2 2 2 2 2
left_child=1 2 6 4 5 7 -1 8 43 -4 32 15 16 36 -15 20 19 -17 25 34 33 -18 23 -23 26 -19 29 -13 -22 30 -21 -3 -5 -12 35 -7 40 -38 -39 -30 -14 -16 -36 -2 -9
right_child=3 31 9 10 -6 12 -8 44 -10 -11 11 27 13 14 41 17 21 18 -20 24 28 22 -24 -25 -26 -27 -28 -29 39 -31 -32 -33 -34 -35 42 -37 37 38 -40 -41 -42 -43 -44 -45 -46
leaf_value=0.0027223531095710842 0.002534583698518516 0.0022342141507667983 0.0029494840483647753 -0.13851599235876752 0.0026523595488868734 -0.00063593033250771498 0.0026360336823791023 0.0029045422746995114 0.0027313408754442254 0.0027748140154958624 -0.0020183170340122869 -0.013681006134609612 -0.036126424817765929 0.0031695794885095701 0.0030728792659112693 -0.0066061867383405042 -0.00068785867042903983 0.00026271693267451761 -0.014806576719723595 0.0022272266060756499 -0.0058053648719980609 0.0016377665538698175 -0.24552924704988285 -0.00015838617780621793 -1.7555790589024205e-06 0.0038442005667990273 -0.002708193630311476 -0.030470938947309938 -0.005312291613563498 -0.0051624261709956754 -0.0021075009258927119 -0.090459167575303701 -0.016084140445710746 0.00092279103210149253 -5.858537766055386e-05 0.00083791857342681666 -0.025562886707081376 0.0034351545238993134 -0.0063062180639233143 -0.0025976185990676877 -0.0065293223856745441 -0.002785690003298215 -0.0011249562383932566 -0.00064489564812051563 -0.00093778571131172426
leaf_weight=256 68 99 156 5200 83 102 110 69 135 72 163 95 233 103 92 81 150 72 73 70 102 127 86 110 211 122 899 1013 68 368 93 72 262 68 114 112 153 70 72 465 68 83 203 72 99
leaf_count=256 68 99 156 4836 83 102 110 69 135 72 163 95 233 103 92 81 150 72 73 70 102 127 86 110 211 122 899 1013 68 368 93 72 262 68 114 112 153 70 72 465 68 83 203 72 99
internal_value=2.92937e-05 0.0023767 0.00294438 -0.000117171 0.000234585 0.000160024 0.00164367 0.00112921 0.0016648 0.004709 -0.00030863 -8.94007e-05 1.83455e-05 0.000271076 0.000892367 4.33402e-05 -3.98411e-05 0.00038982 0.000581694 -0.000124539 -1.87919e-05 0.000206161 0.000365971 0.000531716 -0.000199462 0.000812074 -0.000245177 -0.000295378 -0.000180967 0 2.50747e-05 4.48428e-06 -0.000389435 0.000135545 0 0.000179284 0 6.2953e-05 0.000381854 -0.000240073 -0.000102368 0 0 0 0
internal_weight=12594 765 594 11829 4045 3962 366 443 275 228 7784 2322 3519 874 278 1214 2645 348 267 2172 866 473 323 237 1641 194 1430 1108 635 531 163 171 5462 231 531 214 596 295 142 533 301 175 317 140 168
internal_count=12230 765 594 11465 4045 3962 366 443 275 228 7420 2322 3519 874 278 1214 2645 348 267 2172 866 473 323 237 1641 194 1430 1108 635 531 163 171 5098 231 531 214 596 295 142 533 301 175 317 140 168
is_linear=0
shrinkage=0.0139946


Tree=53
num_leaves=42
num_cat=0
split_feature=33 10 5 10 36 26 35 10 5 9 26 32 56 9 63 56 44 9 25 9 44 45 45 7 30 24 30 63 44 24 19 19 26 4 9 24 26 32 36 32 0
split_gain=13.2457 9.78644 8.95627 5.50679 3.74304 3.19348 1.73894 1.58952 1.33982 1.28062 0.920776 0.936406 0.723722 0.456287 0.518581 0.766705 0.424405 0.771616 0.405057 0.287708 0.256748 0.435924 0.169106 0.131211 0.132257 0.123869 0.118678 0.0878546 0.0764097 0.188913 0.191488 0.0662259 0.047954 0.0438258 0.0371869 0.0276128 0.0327456 0.0187786 0.0166608 0.0095045 0.0657002
threshold=18.671979662200702 -0.17552498857989965 -1.0000000180025095e-35 0.94968266440323645 0.55826586161335878 82.250000000000014 17.258586944949791 -0.18399835165767994 -1.0000000180025095e-35 -0.12447811117596669 98.850000000000009 -2.8350000000000004 925.05000000000007 0.35769492645306972 0.50076758487562156 922.55000000000007 2.7735046872732463 0.6254047815183511 16.275000000000002 -0.74981945761428159 2.8108257009283384 2182.4475000000007 1138.6075000000003 0.91597561503675362 89.750000000000014 26.375000000000004 98.050000000000011 0.92790823086480689 2.9529622654565695 24.815000000000001 29.132149504110835 36.332913322691219 98.050000000000011 930.25000000000011 -0.92263100495486394 22.075000000000003 98.550000000000011 -0.90999999999999825 0.7154489714540474 -1.7149999999999996 0.83500000000000008
decision_type=2 2 2 2 2 2 2 2 2 2 2 2 2 2 2 2 2 2 2 2 2 2 2 2 2 2 2 2 2 2 2 2 2 2 2 2 2 2 2 2 2
left_child=1 26 3 4 -3 18 -6 13 9 10 11 -9 -13 19 16 -16 17 -15 22 20 32 -22 -2 24 31 -8 -1 35 29 -28 -31 -20 -7 38 -34 -21 -37 -5 -4 40 -10
right_child=5 2 33 37 6 7 25 8 39 -11 -12 12 -14 14 15 -17 -18 -19 23 27 21 -23 -24 -25 -26 -27 28 -29 -30 30 -32 -33 34 -35 -36 36 -38 -39 -40 -41 -42
leaf_value=-0.00098872313885020038 -0.052700366396333929 0.0025868034916475976 0.0023335460878682757 -0.019203273939215924 0.0026696760966268334 -0.0030911338718181149 0.0029025231236323667 -0.0030064716070773516 0.00079741744720174181 -0.0093846780257504404 -0.00011088514828562025 0.00078424972441646019 0.0031800417126027309 -0.00088382044134333721 0.002619042423590563 -0.00017696798602077863 -0.0054272612261515663 0.0025755089373038914 -0.088833947728264834 -0.015567709625463942 -0.00019477294841055835 0.0014314735568895472 0.0040435340769584254 -0.0079677127248510629 -0.0029361034322985132 0.0026049495054917627 -0.00063563361959038868 -0.0013816083995729289 -0.0046028143600822212 0.0017405264110415771 -0.00010439434562149112 -0.0050641931536733707 0.00037121065520153893 -0.008176799102695833 -0.0017434616097898568 -0.0038012486569028209 -0.00054673583847479081 0.0029046602295984612 -0.0014491182591423314 -0.0074348278910848472 -0.015521904305863334
leaf_weight=366 142 125 93 72 163 326 220 70 68 188 74 69 258 136 104 82 345 83 5862 68 128 110 81 207 216 73 105 405 93 120 73 112 81 156 122 963 175 68 86 207 99
leaf_count=366 142 125 93 72 163 326 220 70 68 188 74 69 258 136 104 82 345 83 5498 68 128 110 81 207 216 73 105 405 93 120 73 112 81 156 122 963 175 68 86 207 99
internal_value=3.7071e-05 0.00114738 0.00201752 0.0028954 0.00349962 -0.000143563 0.00261349 0.000149114 0.000624709 0.00100408 0.00139263 0.00165872 0.00197349 0 0.000291957 0.000939028 0 0.000545903 -0.00033769 -0.000103057 5.7798e-05 0.000469404 3.08314e-05 -0.000361072 -0.000372668 0.00153754 0 -0.000221394 8.74668e-05 0.000244804 0.000531123 -0.000385014 -1.45967e-06 0 0 -0.000282304 -0.000298654 0 0.000217848 0 1.45356e-05
internal_weight=12594 1813 1056 721 581 10781 456 4161 1033 659 471 397 327 3128 750 186 564 219 6620 2378 767 238 223 6397 6190 293 757 1611 391 298 193 5974 529 335 203 1206 1138 140 179 374 167
internal_count=12230 1813 1056 721 581 10417 456 4161 1033 659 471 397 327 3128 750 186 564 219 6256 2378 767 238 223 6033 5826 293 757 1611 391 298 193 5610 529 335 203 1206 1138 140 179 374 167
is_linear=0
shrinkage=0.0139946


Tree=54
num_leaves=43
num_cat=0
split_feature=62 9 9 62 57 9 9 38 58 32 62 26 2 57 58 5 9 9 53 27 20 32 40 61 61 62 9 45 57 62 58 38 9 30 44 45 40 41 56 52 26 40
split_gain=22.8919 4.25831 4.72407 3.85551 2.36531 2.29989 1.28818 0.991294 1.65885 0.907155 0.624384 0.484379 0.410776 0.385871 0.556026 0.749556 0.269798 0.181971 0.171567 0.644273 0.156538 0.191283 0.154141 0.0878134 0.0638701 0.0591386 0.0486422 0.0443651 0.04082 0.0376218 0.0314113 0.0274262 0.0205216 0.0819819 0.0197918 0.0163934 0.0128309 0.00323861 0.00203215 0.00038137 4.21031e-05 2.14518e-05
threshold=17.65929765440621 -0.30901413279605799 -0.66484924122790601 22.798549279380399 930.85000000000002 -0.96230016621822456 -0.79356426026969629 5.0084163176799228 0.79500000000000015 -0.92999999999999783 16.990898242597225 74.350000000000009 9.6000000000000014 924.95000000000016 0.70500000000000007 0.12940952255126045 0.35769492645306972 -0.81403855522663837 0.97650000000000003 91.350000000000009 23.532792387151073 -2.2399999999999998 0.40300935857552228 17.225000000000005 0.075000000000000025 18.70278998696276 -0.12447811117596669 2004.2455000000002 925.95000000000016 22.977276856128451 0.30500000000000005 1.6076867493167504 -0.89391031859722869 97.950000000000017 2.1054847892376327 2189.6730000000002 0.67569716362588028 21.812500000000004 920.6500000000002 0.99150000000000016 98.750000000000014 0.44607547589199803
decision_type=2 2 2 2 2 2 2 2 2 2 2 2 2 2 2 2 2 2 2 2 2 2 2 2 2 2 2 2 2 2 2 2 2 2 2 2 2 2 2 2 2 2
left_child=1 2 6 4 5 7 37 8 40 -10 -4 27 20 16 15 22 17 32 -18 -20 41 39 -15 34 -14 36 -3 29 -27 -5 -26 -30 38 -34 -19 -9 -16 -1 -7 -22 -2 -13
right_child=3 26 10 11 -6 13 -8 35 9 -11 -12 12 24 14 25 -17 18 23 19 -21 21 -23 -24 -25 30 28 -28 -29 31 -31 -32 -33 33 -35 -36 -37 -38 -39 -40 -41 -42 -43
leaf_value=0.0026589416104370791 0.002473025083911078 0.0021660356930734955 0.0028836054450242978 -0.06976524599280795 0.0026516135818323398 -1.7950842686794408e-05 0.0025629419578563979 -0.0018063124890916249 0.002827493024699292 0.0026091043532882894 0.0026901902583074139 -9.8379975342371905e-05 -0.0082836462124600725 0.0034033698943131481 0.0031346423424830861 -0.027798815700453099 -0.00071893622785423883 -0.00083644605165620256 0.0010997894059259368 -8.5285483579050563e-05 0.0023020032842288002 0.0034985301835974338 0.00072993233942800727 -0.00011534041533992419 -0.037642843271553032 0.002898069337261625 -0.088651871925647621 -0.017441903365134875 -0.0049789339969488443 -0.15191020591186571 -0.020031078990200922 -0.0077129122665132496 -0.00079676613149636379 0.00070643929628442256 -0.0024636109043127182 0.0028172237833842752 -0.0027049824476475699 0.0025848397090704341 -0.00094309538258161268 -0.0044552728398132005 -0.00071124710612011685 -0.0026968747485474212
leaf_weight=158 71 99 156 85 92 70 110 104 68 75 72 68 219 129 89 132 239 122 83 207 197 132 71 163 68 121 72 76 73 5136 1084 406 134 99 1365 70 80 98 216 151 71 263
leaf_count=158 71 99 156 85 92 70 110 104 68 75 72 68 219 129 89 132 239 122 83 207 197 132 71 163 68 121 72 76 73 4772 1084 406 134 99 1365 70 80 98 216 151 71 263
internal_value=2.92937e-05 0.0023767 0.00294438 -0.000117171 0.000204799 0.000139443 0.00164367 0.00107543 0.00159213 0.00269488 0.004709 -0.00031345 -9.38503e-05 8.15737e-06 0.00024307 0.000722044 -6.28511e-05 -0.000149917 0.000166487 0.00040687 0.00010081 0.000284196 0.00126075 -0.000226079 -0.000258059 0 4.48428e-06 -0.000391129 -2.75625e-05 -0.00039607 -0.000300124 -0.000132576 0 0.000130816 -0.000261264 0 0.000255169 0.0021983 0 0 0 0
internal_weight=12594 765 594 11829 4350 4258 366 459 285 143 228 7479 2182 3799 1101 332 2698 2169 529 290 811 480 200 1650 1371 769 171 5297 600 5221 1152 479 519 233 1487 174 169 256 286 348 142 331
internal_count=12230 765 594 11465 4350 4258 366 459 285 143 228 7115 2182 3799 1101 332 2698 2169 529 290 811 480 200 1650 1371 769 171 4933 600 4857 1152 479 519 233 1487 174 169 256 286 348 142 331
is_linear=0
shrinkage=0.0139946


Tree=55
num_leaves=49
num_cat=0
split_feature=62 9 9 62 9 56 50 50 9 44 26 50 62 35 32 45 59 9 38 2 62 3 55 9 9 9 27 60 31 59 60 21 54 32 4 9 36 44 60 45 26 44 20 20 44 38 45 19
split_gain=22.5161 4.17756 4.47456 3.91254 1.84925 1.56325 2.5527 1.38812 0.950641 0.905856 1.15528 1.51639 0.494772 0.478027 0.326694 0.267674 0.265452 0.711986 1.17194 0.255746 0.160947 0.320774 0.242953 0.379328 0.705857 0.128772 0.244503 0.157058 0.113792 0.110179 0.159269 0.109397 0.0956288 0.0980019 0.0598922 0.0486422 0.0473834 0.0323353 0.014726 0.0117507 0.00863225 0.00434466 0.0684255 0.219195 0.0040288 0.00340566 0.129078 0.000228669
threshold=17.65929765440621 -0.30901413279605799 -0.66484924122790601 23.516602184991545 -0.96230016621822456 930.85000000000002 10.133333333333317 1.0000000180025095e-35 -0.79356426026969629 2.6893757522382917 99.350000000000009 8.4999999999999272 16.990898242597225 17.853784641165984 -1.6899999999999993 2004.2455000000002 0.74500000000000011 0.44437406304545285 5.2037331417212469 9.6000000000000014 18.652166542208217 0.82350000000000001 921.85000000000002 0.35769492645306972 0.82876241254485883 -0.81403855522663837 96.050000000000011 5.8250000000000011 -4.5498625230941974 0.90500000000000014 2.3650000000000007 20.045000000000005 0.10350000000000001 -0.31500000000000122 922.45000000000016 -0.12447811117596669 3.3262940632304692 2.1183268157521624 0.85500000000000009 2220.4405000000006 81.050000000000011 6.1508457347502299 23.299462383401089 24.585163141088071 2.5310720487136322 4.9154304768313688 2226.0540000000005 29.132149504110835
decision_type=2 2 2 2 2 2 2 2 2 2 2 2 2 2 2 2 2 2 2 2 2 2 2 2 2 2 2 2 2 2 2 2 2 2 2 2 2 2 2 2 2 2 2 2 2 2 2 2
left_child=1 2 7 4 9 16 -7 8 13 10 11 -2 -4 -1 -13 40 17 25 -19 28 21 -18 23 39 -25 26 27 -6 47 30 -30 -27 41 37 45 -3 -36 -34 -21 44 -5 42 -24 -44 -22 46 -33 -17
right_child=3 35 12 15 5 6 -8 -9 -10 -11 -12 14 -14 -15 -16 19 20 18 -20 38 22 -23 32 24 -26 31 -28 -29 29 -31 -32 34 33 -35 36 -37 -38 -39 -40 -41 -42 -43 43 -45 -46 -47 -48 -49
leaf_value=0.0025965746924571831 0.0026788681630304698 0.0021357228039464711 0.0028432504257509396 -0.14994004542196654 -0.0011246339521951054 0.0026443589075814695 -0.068020291792622645 -0.001675369160428461 0.0025369075158123452 -0.00017749772053580776 -0.00074045196618025867 0.0027691829005118316 0.0026525420148868716 0.0026036287580945205 -0.00019687446163727993 -0.0050595434947313953 0.0034637145962011042 0.0036655858579375828 -0.0042586107251074094 -0.04371831812073157 -0.0019873665177569614 -7.1658430826607636e-05 -0.044226659504310463 0.0018800615018234443 -0.30936268985377346 0.0031012375944307956 -6.1452997281997835e-05 0.0026200364522287445 -0.0043041399580268499 -0.0026162429106867183 0.0033679659676302373 0.0022498698309373305 -0.00069004649164326358 -0.0011567083355097016 -0.0028231942490179484 -0.087411220918292898 -0.0018143764631301424 -0.0026806693422006568 -0.025502113973453193 -0.00077806286182819089 -0.046691051298268366 -0.087639432783236659 0.0037061678005477928 -0.014262911027124068 -0.0027905597426971388 -0.0020113410737875588 -0.0013327812348952013 -0.0060506872655466297
leaf_weight=93 111 99 156 5042 122 68 68 85 77 147 83 76 72 111 83 201 86 116 77 132 68 295 153 108 80 78 185 69 72 93 115 70 69 182 559 72 69 1175 774 70 118 191 96 116 234 229 79 70
leaf_count=93 111 99 156 4678 122 68 68 85 77 147 83 76 72 111 83 201 86 116 77 132 68 295 153 108 80 78 185 69 72 93 115 70 69 182 559 72 69 1175 774 70 118 191 96 116 234 229 79 70
internal_value=3.04047e-05 0.00235845 0.00292089 -0.000114806 0.000163263 6.18274e-05 0.00153338 0.00164367 0.00211533 0.00098116 0.00136433 0.00180609 0.00464812 0.00265569 0.000384129 -0.000343996 2.76818e-06 0.000157256 0.000962032 -0.000104517 -6.16047e-05 0.00013727 -0.000117978 5.94146e-05 0.000629876 3.68975e-06 0.000255751 0.000613548 4.19033e-05 0.000287249 0.000487235 -2.19787e-05 -0.000202071 -0.00026429 -0.000116157 4.48428e-06 -0.000200531 -0.000308965 -0.000267686 -5.03609e-05 -0.000398501 0 0 0.000250325 -0.000103413 0 6.63627e-05 0
internal_weight=12594 765 594 11829 5212 4712 136 366 281 500 353 270 228 204 159 6617 4576 1653 193 1457 2923 381 2542 560 188 1460 376 191 551 280 187 1084 1982 1426 1006 171 628 1244 906 372 5160 556 365 212 302 378 149 271
internal_count=12230 765 594 11465 5212 4712 136 366 281 500 353 270 228 204 159 6253 4576 1653 193 1457 2923 381 2542 560 188 1460 376 191 551 280 187 1084 1982 1426 1006 171 628 1244 906 372 4796 556 365 212 302 378 149 271
is_linear=0
shrinkage=0.0139946


Tree=56
num_leaves=46
num_cat=0
split_feature=62 62 9 9 37 50 0 9 9 60 26 60 24 35 30 9 3 38 3 43 63 2 10 35 8 62 49 37 60 31 42 31 59 17 4 57 30 25 28 38 49 10 30 57 30
split_gain=22.3606 4.44379 3.3086 4.33714 2.01308 3.61646 1.69148 1.31409 0.968081 0.640957 0.612248 0.715644 0.379289 0.330866 0.317482 0.228366 0.668305 0.606179 0.318104 0.37728 0.879484 0.19518 0.188861 0.607203 0.129759 0.231388 0.169639 0.108116 0.10113 0.196943 0.088547 0.0814365 0.0753465 0.0696204 0.0600877 0.0733104 0.036582 0.0225277 0.0263879 0.0187786 0.0133495 0.0623612 0.0122929 0.00689387 3.44663e-05
threshold=17.042356613092441 23.516602184991545 -0.2760944163666606 -0.66484924122790601 21.530535618151124 6.3749999999998774 1.0450000000000002 -0.79356426026969629 -0.96230016621822456 0.025000000000000005 99.250000000000014 1.925 24.865000000000006 18.173572668311703 80.65000000000002 0.35769492645306972 0.97450000000000003 4.6685010091814103 0.84050000000000014 20.772916666666671 2.9465975880964543 9.6000000000000014 0.76663042157996963 24.51740300729448 0.37940952255126048 20.377138798094375 334.05000000000007 29.769005914655676 2.3650000000000007 -4.5498625230941974 0.45370327988470849 -6.4477353935854866 0.70500000000000007 22.278528285761102 920.45000000000016 925.6500000000002 82.65000000000002 24.345000000000002 98.450000000000017 4.7731492989056239 12.450000000000001 -0.55599684127981919 95.950000000000017 920.95000000000016 86.850000000000009
decision_type=2 2 2 2 2 2 2 2 2 2 2 2 2 2 2 2 2 2 2 2 2 2 2 2 2 2 2 2 2 2 2 2 2 2 2 2 2 2 2 2 2 2 2 2 2
left_child=2 4 3 7 5 6 9 13 10 -2 11 -6 -13 -1 -3 18 22 -18 19 -10 40 28 27 -24 42 26 -26 30 44 -30 -17 -20 -31 -19 43 37 -23 38 -36 -29 41 -21 -7 -33 -16
right_child=1 14 -4 -5 8 24 -8 -9 15 -11 -12 12 -14 -15 21 16 17 33 31 20 -22 36 23 -25 25 -27 -28 39 29 32 -32 34 -34 -35 35 -37 -38 -39 -40 -41 -42 -43 -44 -45 -46
leaf_value=0.0025865148241560479 0.0028149295887865289 -0.10916284934455509 0.0020622627623123548 0.0028097559050453982 -0.0012698300658596829 -0.036841834696541745 -0.00034466616762260903 0.0024984170231637302 -0.03856682253455368 0.0026380033337860963 -0.0014878858157399554 0.0021721927118604984 0.0027476734348221969 0.0025055667786766287 -0.012311183678641556 0.00022237239637561034 0.0035694781499561786 -0.00032687419655019122 0.000360271505120769 -0.0017074763243973142 0.0037128817039980221 -0.051248220051425458 0.0040605700572436789 -0.095005512560482369 0.0032645877228508978 -0.0063066823026299403 -0.0052511093347643771 -0.022265996942550759 -0.0065638298701843683 0.0036266859245894013 -0.016371860143535189 -0.0013267911252832123 4.2978161028442758e-05 0.00032811165838551892 -0.0015937403719306377 -1.0552389437091575e-05 -0.023698787451832667 -0.001087849427105931 -6.3915544767820441e-05 0.003731673685555765 -0.0099479983163602743 0.0016353993515588693 -0.00033096656214074837 -0.0002227171944807463 -0.0044328652278820815
leaf_weight=101 80 5415 85 178 132 227 85 99 222 170 82 85 95 86 72 69 102 127 85 83 74 102 68 90 98 77 77 74 165 68 669 227 80 136 1341 90 552 68 218 68 111 133 75 90 163
leaf_count=101 80 5051 85 178 132 227 85 99 222 170 82 85 95 86 72 69 102 127 85 83 74 102 68 90 98 77 77 74 165 68 669 227 80 136 1341 90 552 68 218 68 111 133 75 90 163
internal_value=2.59605e-05 -9.47179e-05 0.00278732 0.00325233 0.000194192 0.000809261 0.0019582 0.0017796 5.86046e-05 0.00253849 0.000719964 0.00101775 0.00159948 0.00248793 -0.000341881 0 0.000140413 0.000657476 -7.87764e-05 0.000145473 0.000456993 -6.09761e-05 0 0.000389158 0 0.000310111 0.000627907 -0.000120375 4.44225e-05 0.000257587 -0.000214222 -0.000176547 0.000629908 1.56078e-05 -0.000200759 -0.000233632 -0.0002519 -0.00025771 -0.000268579 0 0 0.000109548 -5.73569e-05 0 0
internal_weight=12594 12045 549 464 5428 889 335 286 4539 250 394 312 180 187 6617 4145 1403 365 2742 623 401 1202 1038 158 554 252 175 880 548 313 738 2119 148 263 2034 1717 654 1627 1559 142 327 216 302 317 235
internal_count=12230 11681 549 464 5428 889 335 286 4539 250 394 312 180 187 6253 4145 1403 365 2742 623 401 1202 1038 158 554 252 175 880 548 313 738 2119 148 263 2034 1717 654 1627 1559 142 327 216 302 317 235
is_linear=0
shrinkage=0.0139946


Tree=57
num_leaves=44
num_cat=0
split_feature=20 57 50 47 45 56 9 19 9 52 60 9 27 9 52 38 57 24 43 38 37 30 9 38 63 63 37 61 27 25 37 60 45 0 37 30 4 30 27 9 30 25 45
split_gain=14.3575 5.74295 5.82435 3.7405 3.73417 2.21667 2.98264 1.18935 0.990731 0.62893 0.554511 0.533883 0.457057 0.552803 0.841486 0.804841 0.603429 0.658692 0.580866 0.49454 0.235881 0.193337 0.176813 0.285089 0.139679 0.128642 0.0709778 0.0554512 0.0552119 0.0538629 0.0466273 0.0437869 0.036327 0.0189583 0.0104015 0.00735707 0.126936 0.019151 0.00560968 0.00241211 0.00164799 0.000187888 7.53953e-05
threshold=17.660190033487748 926.55000000000007 0.74166666666654368 78.250000000000014 1596.2200000000003 928.85000000000002 -0.40542197401079733 26.97572752825489 -0.9852109833579612 0.83050000000000013 1.925 -0.96230016621822456 64.350000000000009 0.45206801762443477 0.97050000000000003 4.9853705408558886 925.75000000000011 21.745000000000001 24.951458333333338 4.4773863549425714 20.507792605736416 89.750000000000014 -0.74981945761428159 5.5580189108649209 0.59258786625383142 3.1019811327572868 25.385619550272512 16.830000000000002 99.350000000000009 22.585000000000004 28.802668596925376 5.2350000000000012 2052.2225000000003 0.20500000000000004 28.802668596925376 96.750000000000014 922.1500000000002 86.850000000000009 98.250000000000014 0.87795195455888941 64.850000000000009 21.105000000000004 1346.1360000000002
decision_type=2 2 2 2 2 2 2 2 2 2 2 2 2 2 2 2 2 2 2 2 2 2 2 2 2 2 2 2 2 2 2 2 2 2 2 2 2 2 2 2 2 2 2
left_child=1 11 4 5 -3 8 9 20 10 -7 -2 -1 25 16 26 18 22 -18 -16 -19 -6 42 23 29 27 32 -15 -24 33 31 -17 -14 -10 -5 39 37 -37 -26 -13 -28 -27 -40 -8
right_child=3 2 -4 28 7 6 21 -9 12 -11 -12 38 13 14 15 30 17 19 -20 -21 -22 -23 24 -25 35 40 34 -29 -30 -31 -32 -33 -34 -35 -36 36 -38 -39 41 -41 -42 -43 -44
leaf_value=0.0026805433130223711 -0.0010325016496133242 0.0024646154513509747 -0.00010406287159734956 -0.01136093696376928 0.0026473501618158135 0.003963713296044254 0.0024310231969615096 0.002550333289244065 -0.070194394191043424 0.0027568078146516812 0.002506351086612926 -0.0039832279312761714 0.0029764052428563042 0.0034290768364795086 5.5842104149163542e-05 -0.0055105211069956068 -0.011628786740944056 0.0015775576772613326 0.0043164449162447476 0.003015300778293319 0.0024784641098022854 0.0025234588967071292 -0.0019462473595558026 0.0017363498339803148 8.4903963042729286e-05 -0.015562692946541093 -0.0048116185077022979 -0.00043574578402139064 -0.0066905185728420077 -0.0020934703036031375 0.00059076721343962748 -0.00062452702424240013 -0.0025865674398893291 -0.064993634186936697 -0.026147627541348493 0.0022994821476921856 -0.0047906614849523455 -0.0026436071676245098 -0.00055424312341478257 -0.045396103424276524 0.0022212604022222929 0.00088464441402298687 -0.043197353422011975
leaf_weight=105 76 106 170 101 212 70 137 134 895 68 153 232 127 69 75 120 184 119 110 116 75 69 1106 115 80 148 312 136 179 342 76 141 68 5408 75 70 73 274 73 70 93 69 163
leaf_count=105 76 106 170 101 212 70 137 134 895 68 153 232 127 69 75 120 184 119 110 116 75 69 1106 115 80 148 312 136 179 342 76 141 68 5044 75 70 73 274 73 70 93 69 163
internal_value=3.26268e-05 0.00150781 0.0023284 -0.000113631 0.00305304 0.000130099 0.00101689 0.00365884 3.07905e-05 0.00280623 0.000928404 0.000169247 0 6.45338e-05 0.000369173 0.000868324 -8.12699e-06 0.000452743 0.00154544 0.000953335 0.00438815 0.000155296 -0.000114105 0 -0.00019579 -0.000247259 0 -0.000275034 -0.000370966 -3.39736e-05 0 0 -0.000320187 -0.000379536 -5.78061e-05 0 8.65005e-05 -3.16722e-05 0 -9.64436e-05 0 0 0
internal_weight=12594 1176 697 11418 527 5730 507 421 5223 138 229 479 4994 3790 907 381 2883 419 185 235 287 369 2464 725 1739 1204 526 1242 5688 610 196 268 963 5509 457 497 143 354 374 382 241 142 300
internal_count=12230 1176 697 11054 527 5730 507 421 5223 138 229 479 4994 3790 907 381 2883 419 185 235 287 369 2464 725 1739 1204 526 1242 5324 610 196 268 963 5145 457 497 143 354 374 382 241 142 300
is_linear=0
shrinkage=0.0139946


Tree=58
num_leaves=47
num_cat=0
split_feature=62 62 10 10 10 27 2 38 10 10 10 36 57 26 2 42 38 38 4 52 41 25 43 63 56 16 57 24 16 43 26 55 52 63 59 34 25 58 36 30 52 57 57 43 63 26
split_gain=22.2916 4.41582 3.66896 3.3086 4.33714 2.79117 2.45741 1.92678 2.42407 6.79639 1.31409 1.16152 1.88557 0.773654 0.441167 0.254681 0.174925 0.190642 0.281153 0.158002 0.139989 0.134509 0.130179 0.289723 0.113153 0.106566 0.0884091 0.0728281 0.0706039 0.0632191 0.0578612 0.0487398 0.0336755 0.0306228 0.0266979 0.0422742 0.0200948 0.0497139 0.0194577 0.267188 0.00648303 0.00313335 0.00149425 0.000302558 3.03497e-05 0.00378023
threshold=17.042356613092441 22.497412473296468 -0.18399835165767994 0.95989713290459411 0.74407637760383738 86.250000000000014 20.150000000000002 5.2425578704255384 0.94415253529446119 0.86527520261780289 0.60503365783732044 2.9789567117494218 924.95000000000016 74.350000000000009 9.6000000000000014 1.5259314094986463 5.0535200133481704 4.4201955343700137 922.55000000000007 0.99550000000000016 21.812500000000004 23.175000000000004 20.772916666666671 2.9465975880964543 928.1500000000002 21.029514960329312 923.05000000000007 26.035000000000004 23.793328676264981 24.305833333333339 97.950000000000017 919.85000000000002 0.48550000000000004 2.2859492535113319 0.56500000000000006 0.23566039379704246 24.705000000000002 1.135 0.8337767325903066 95.450000000000017 0.98650000000000004 921.25000000000011 921.25000000000011 23.809375000000006 -1.6372937609763187 92.15000000000002
decision_type=2 2 2 2 2 2 2 2 2 2 2 2 2 2 2 2 2 2 2 2 2 2 2 2 2 2 2 2 2 2 2 2 2 2 2 2 2 2 2 2 2 2 2 2 2 2
left_child=3 2 16 4 10 22 7 8 9 11 20 12 -7 28 15 25 17 34 19 38 -1 29 -4 -24 -14 -15 -27 30 -3 -18 32 -31 -16 -33 -2 -36 37 -17 -19 -40 -38 -23 -21 -9 -20 -46
right_child=1 13 5 -5 -6 6 -8 43 -10 -11 -12 -13 24 14 27 36 21 18 44 42 -22 41 23 -25 -26 26 -28 -29 -30 31 -32 33 -34 -35 35 -37 40 -39 39 -41 -42 -43 -44 -45 45 -47
leaf_value=0.0025139151861577939 0.00023286188962703459 -0.028314680996163542 -0.021466612866312924 0.0020010459166922867 0.0027368124493725408 0.00015376538760252897 -0.00036264811898475263 -0.010814783866223362 0.0023517279893721199 0.0029919774022546712 0.0024079818375772875 -0.0021144349158055222 0.0026473815153450109 -0.0017583093910595669 -0.0079280645313112488 -0.005726711753439185 -0.00019957263605709273 1.2615348824038831e-05 0.002775435950628707 -0.0029668638424846855 0.0024115004189186641 -0.00074084515867668774 -0.0086938034313370546 0.0042945791381586232 0.0025196101288111829 5.3980955884434013e-05 0.0037284354924584204 -0.0020440477980699845 -0.1336013063510883 -0.00039752962321975313 -0.00072737502293466984 -0.0017302186322210205 -0.027552352499505835 -0.0011424560186119466 8.5505532320068581e-06 -0.0012487044293989292 -0.015707327483564081 0.00024255164856239495 0.001111549769676478 0.0022655213493089732 0.00036275973017532628 0.00028480105528512115 0.00066226901217502992 0.0027671410756284803 -0.0008860979575953347 -0.0012439065772282792
leaf_weight=116 97 109 291 85 178 101 218 74 107 79 99 86 72 82 167 318 192 70 68 88 71 118 184 82 87 195 178 91 5253 88 75 802 1068 68 86 369 68 69 90 68 111 119 125 68 68 296
leaf_count=116 97 109 291 85 178 101 218 74 107 79 99 86 72 82 167 318 192 70 68 88 71 118 184 82 87 195 178 91 4889 88 75 802 1068 68 86 369 68 69 90 68 111 119 125 68 68 296
internal_value=3.04047e-05 -9.00712e-05 0.000263801 0.00278732 0.00325233 0.000836434 0.0013218 0.00173862 0.00212924 0.00260428 0.0017796 0.0014807 0.00194454 -0.000292453 -5.10702e-05 0.000130736 -7.68552e-06 7.29265e-05 0.000223876 0.000472597 0.00248793 -0.000139007 0 0.000271959 0.00290706 0.000383985 0.000485154 -0.000231591 -0.000388868 -0.00021487 -0.000261204 -0.000261349 -0.000285529 -0.000293506 -4.41009e-05 -0.000117485 0 -0.000100602 0.000751621 0.000914409 0 0 0 0 0 -4.0307e-06
internal_weight=12594 12045 4261 549 464 1449 892 674 532 425 286 346 260 7784 2422 1021 2812 1425 873 441 187 1387 557 266 159 455 373 1401 5362 1150 1310 958 1235 870 552 455 566 387 228 158 179 237 213 142 432 364
internal_count=12230 11681 4261 549 464 1449 892 674 532 425 286 346 260 7420 2422 1021 2812 1425 873 441 187 1387 557 266 159 455 373 1401 4998 1150 1310 958 1235 870 552 455 566 387 228 158 179 237 213 142 432 364
is_linear=0
shrinkage=0.0139946


Tree=59
num_leaves=41
num_cat=0
split_feature=62 62 10 9 9 40 8 59 57 10 36 9 26 24 9 44 38 9 62 62 9 30 20 31 41 26 26 25 63 1 54 16 58 61 58 28 24 40 25 63
split_gain=22.2056 4.68486 3.35858 3.3086 4.33714 2.606 2.34351 3.30936 2.53122 2.15314 1.49191 1.31409 0.602984 0.371077 0.370892 0.414768 0.467388 0.294739 0.194045 0.169178 0.166601 0.158399 0.199879 0.154608 0.139989 0.111376 0.243766 0.489057 0.242913 0.0847052 0.0832918 0.0722634 0.0720197 0.0691732 0.0570216 0.0817628 0.0332751 0.0295792 0.00582226 0.000302558
threshold=17.042356613092441 22.798549279380399 -0.18399835165767994 -0.2760944163666606 -0.66484924122790601 0.66890457715139695 1.0000000180025095e-35 1.1650000000000003 924.35000000000002 0.94415253529446119 2.3958424607319393 -0.79356426026969629 74.350000000000009 25.515000000000004 0.35769492645306972 4.289673541104599 5.1355691475831593 -0.81403855522663837 18.428862405675986 24.154814080916932 0.45206801762443477 73.450000000000017 22.708281758797281 -4.5498625230941974 21.812500000000004 99.250000000000014 97.15000000000002 22.585000000000004 -0.85579688876867255 25.175000000000001 0.76850000000000007 23.793328676264981 0.36500000000000005 0.045000000000000005 0.6150000000000001 98.450000000000017 24.205000000000002 0.09574207775632218 22.885000000000002 -0.15436815547661273
decision_type=2 2 2 2 2 2 2 2 2 2 2 2 2 2 2 2 2 2 2 2 2 2 2 2 2 2 2 2 2 2 2 2 2 2 2 2 2 2 2 2
left_child=3 2 14 4 11 6 -4 8 -8 10 -10 24 31 19 17 16 20 25 -9 -14 -16 -15 -23 -24 -1 26 -2 28 -28 34 36 -3 -21 -34 -19 37 38 -36 -7 -18
right_child=1 12 5 -5 -6 30 7 18 9 -11 -12 -13 13 21 15 -17 39 29 -20 32 -22 22 23 -25 -26 -27 27 -29 -30 -31 -32 -33 33 -35 35 -37 -38 -39 -40 -41
leaf_value=0.0024787338488621155 -0.00092071584405202381 -0.026936490973588894 -0.00044718754965801798 0.0019730420000419872 0.0026985117451854917 -0.022281331086777066 0.00024005417145829783 0.0031202062871557908 0.0025694744786724363 0.0026362333736125211 0.0028713561273014127 0.0023742829993284031 0.0001845304614416204 -0.033381505673564002 4.9917074029891616e-05 -0.0094305871371140916 -0.0076642122937277219 -0.0010221963614072207 -0.011914342764079775 -0.010968886446542201 0.0029052416195273841 -0.0023923714160783115 0.0004128270057839966 0.0040581502014310463 0.002377752339391667 -0.00073720271064549303 0.00051258499909942305 -0.0013084044410129189 -0.00013931272355495713 5.31982944072407e-05 0.0027433381200588861 -0.13534649759965364 -0.038326709759462931 -0.014683491134508748 -0.0018612881369312782 -3.8217317913183218e-06 0.00013144721730631455 -0.0019700922379957114 -0.0024439422448722615 0.00030897794399260581
leaf_weight=116 251 107 257 85 178 285 107 95 216 84 82 99 401 120 70 224 130 256 148 113 144 125 97 149 71 133 73 99 94 102 134 5190 79 1098 70 100 70 1201 73 68
leaf_count=116 251 107 257 85 178 285 107 95 216 84 82 99 401 120 70 224 130 256 148 113 144 125 97 149 71 133 73 99 94 102 134 4826 79 1098 70 100 70 1201 73 68
internal_value=3.596e-05 -8.42628e-05 0.000261046 0.00278732 0.00325233 0.000789965 0.00122192 0.00162524 0.00229552 0.00283367 0.00341838 0.0017796 -0.000304096 -6.82174e-05 0 0.000287531 0.000568946 -9.14337e-05 0 -0.000189438 0.00102209 0.000211693 0.000377409 0.000610087 0.00248793 0.00010059 0.000233991 0.000533188 0.00100905 -0.000202581 0 -0.000388488 -0.000269581 -0.000302663 -0.000231935 -0.000268253 -6.59383e-05 -0.000300322 -0.000152653 0
internal_weight=12594 12045 4566 549 464 1551 989 732 489 382 298 286 7479 2182 3015 636 412 2379 243 1691 214 491 371 246 187 650 517 266 167 1729 562 5297 1290 1177 1627 1371 428 1271 358 198
internal_count=12230 11681 4566 549 464 1551 989 732 489 382 298 286 7115 2182 3015 636 412 2379 243 1691 214 491 371 246 187 650 517 266 167 1729 562 4933 1290 1177 1627 1371 428 1271 358 198
is_linear=0
shrinkage=0.0139946


Tree=60
num_leaves=46
num_cat=0
split_feature=16 47 37 37 31 10 25 44 10 9 59 38 9 37 54 36 44 57 25 47 43 9 17 37 7 54 9 36 27 57 37 4 9 37 43 9 48 25 42 61 4 44 57 61 9
split_gain=13.4009 5.15934 4.5603 4.18189 5.35674 1.98387 1.82645 1.5996 2.38706 2.26334 0.944197 0.907194 0.722921 0.763078 0.955989 0.758062 0.540819 0.744045 0.355043 0.335959 0.302399 0.922994 0.283364 0.482021 0.359632 0.25389 0.165956 0.115729 0.0904517 0.189349 0.284429 0.0624827 0.130676 0.310751 0.0975737 0.0610871 0.0536469 0.0472338 0.0856837 0.0559352 0.0197913 0.0184103 0.0176355 0.011278 0.00290418
threshold=16.454411595244135 9.6000000000000014 20.042306807789934 21.530535618151124 -1.2661237732093118 0.91234096280339505 17.550000000000001 3.06019481408164 -0.66483077113278999 -0.73831951690629072 1.1850000000000003 4.4201955343700137 -0.79356426026969629 24.697614556432729 0.99250000000000005 1.7333962198464716 3.2707793141681436 926.55000000000007 16.785000000000004 78.250000000000014 26.841666666666669 0.52707282776374187 24.681005757130691 22.766614598106582 0.60355339059327384 0.76850000000000007 -0.74981945761428159 1.0649258635298804 79.550000000000011 925.75000000000011 20.042306807789934 922.55000000000007 -0.25118773779856163 25.079457870242134 24.816458333333337 0.48250327361223927 18.050000000000004 23.205000000000002 0.89485659529930839 4.5150000000000006 921.35000000000002 5.5264080172884267 920.75000000000011 11.805000000000001 -0.5416228050394748
decision_type=2 2 2 2 2 2 2 2 2 2 2 2 2 2 2 2 2 2 2 2 2 2 2 2 2 2 2 2 2 2 2 2 2 2 2 2 2 2 2 2 2 2 2 2 2
left_child=2 3 5 4 28 6 -1 8 31 11 -6 -10 13 14 15 -13 17 -4 22 37 26 -22 23 -9 -25 -17 -20 41 -2 -30 -31 32 43 34 -34 -33 42 -3 39 -39 -29 -23 -21 -5 -40
right_child=1 19 16 7 10 -7 -8 18 9 -11 -12 12 -14 -15 -16 25 -18 -19 20 36 21 27 -24 24 -26 -27 -28 40 29 30 -32 35 33 -35 -36 -37 -38 38 44 -41 -42 -43 -44 -45 -46
leaf_value=0.0024285764358942625 -0.027596225554198099 -0.0019068126174578732 -0.00062662784613143677 -0.0021950097695436705 0.002685373189626793 0.0022733251419183552 0.0024142841764154014 -0.06656503195054253 -0.0019335284837486773 0.0023986913167741196 0.0031210953778395951 0.0024008124286831294 -0.0028511493492704224 -0.00011339660578235071 0.00013674899866347707 -0.0024650632565245303 -0.01226260264748949 0.002443712921987353 6.3711921249787841e-05 -0.00064981913835142596 0.0023098938349671244 -0.0068478821889044906 -0.014923433540545625 0.00013639621177114427 0.0041339159559457628 0.0026974127768251395 -0.0049459087421237424 -0.0020628456089476078 -0.00077156221086741115 -0.0010590812211848646 0.0036793167497247798 -0.0025085052986648401 2.6676954469013456e-05 -0.0014175988193357281 0.0021904017060044799 7.8489994972958692e-05 -0.087782185223470199 0.0012553525810495817 0.00017412155693822274 -0.00059791285696196139 -0.019078432916468501 0.002997056327049405 -0.0064324451030705115 3.9316078291250442e-06 -0.012441723651969638
leaf_weight=75 98 366 68 250 151 73 156 77 221 100 70 123 88 138 152 69 93 123 170 95 97 92 142 79 88 136 1451 71 70 77 93 438 73 83 68 76 5034 108 68 68 477 95 530 68 256
leaf_count=75 98 366 68 250 151 73 156 77 221 100 70 123 88 138 152 69 93 123 170 95 97 92 142 79 88 136 1451 71 70 77 93 438 73 83 68 76 4670 108 68 68 477 95 530 68 256
internal_value=3.81821e-05 -5.75328e-05 0.00210076 0.000252067 0.00140768 0.00334309 0.00404194 0.000106655 0.000407418 0.00088924 0.00311183 0.000578181 0.000830459 0.00100796 0.00127165 0.00171168 0.000522134 0.000976362 -9.04218e-05 -0.000327918 -0.000169743 0 0.000238332 0.000561545 0.00100905 0.000678914 -0.000282981 -0.000118423 8.4224e-05 0.000288465 0.000576959 0 2.38124e-05 0.000338641 0.000779302 -0.000152066 -0.000368243 0 5.16994e-06 0.000307286 -0.000244977 0 -6.55318e-05 0 0
internal_weight=12594 12006 588 5481 559 304 231 4922 2083 1027 221 927 706 618 480 328 284 191 2839 6525 2453 832 386 244 167 205 1621 735 338 240 170 1056 542 224 141 514 5659 866 500 176 548 187 625 318 324
internal_count=12230 11642 588 5481 559 304 231 4922 2083 1027 221 927 706 618 480 328 284 191 2839 6161 2453 832 386 244 167 205 1621 735 338 240 170 1056 542 224 141 514 5295 866 500 176 548 187 625 318 324
is_linear=0
shrinkage=0.0139946


Tree=61
num_leaves=45
num_cat=0
split_feature=62 62 9 9 57 27 8 38 53 42 9 30 19 9 9 9 30 44 44 20 31 63 44 58 41 16 19 40 59 28 7 43 40 57 52 30 44 2 59 58 31 60 44 34
split_gain=22.1884 4.33714 3.3086 4.33714 3.04106 3.34189 2.81472 3.53702 2.95115 1.56999 1.31409 0.741394 0.428969 0.374257 0.385846 0.189752 0.180044 0.250939 0.377295 0.175604 0.196092 0.169227 0.499806 0.144594 0.139989 0.066699 0.0612077 0.048901 0.0473993 0.0871672 0.0425747 0.035505 0.0805942 0.14189 0.0327042 0.0927067 0.0278072 0.0265406 0.0363956 0.0240485 0.021752 0.00694063 0.000302558 0.000295351
threshold=17.042356613092441 22.798549279380399 -0.2760944163666606 -0.66484924122790601 925.55000000000007 86.550000000000011 1.0000000180025095e-35 5.2425578704255384 0.13350000000000004 1.3490910446783821 -0.79356426026969629 73.15000000000002 27.617152801642714 -0.96230016621822456 0.35769492645306972 -0.81403855522663837 99.15000000000002 2.2005046146683989 2.756668114825958 23.071640330364129 -4.5498625230941974 0.50076758487562156 4.289673541104599 0.68500000000000016 21.812500000000004 19.620151929838169 31.07227246252771 0.09574207775632218 0.6150000000000001 98.450000000000017 0.91597561503675362 20.772916666666671 0.9922029292645389 927.85000000000002 0.99350000000000016 96.750000000000014 2.7265804745593942 9.6000000000000014 0.8650000000000001 0.60500000000000009 -4.465594529288853 2.3650000000000007 5.565965885778632 0.40819612398224664
decision_type=2 2 2 2 2 2 2 2 2 2 2 2 2 2 2 2 2 2 2 2 2 2 2 2 2 2 2 2 2 2 2 2 2 2 2 2 2 2 2 2 2 2 2 2
left_child=2 4 3 10 13 31 -7 8 -8 -10 24 30 23 16 15 34 17 -2 -19 -14 -21 36 -23 37 -1 -25 -22 -17 -29 -30 -3 -6 33 -33 35 -15 -16 40 39 -39 -13 -42 -24 -36
right_child=1 11 -4 -5 5 6 7 -9 9 -11 -12 12 19 14 21 27 -18 18 -20 20 26 22 42 25 -26 -27 -28 28 29 -31 -32 32 -34 -35 43 -37 -38 38 -40 -41 41 -43 -44 -45
leaf_value=0.0024098459798047654 -0.00025337775905296138 -0.14726567669673668 0.0018764278642458515 0.0026218763449511297 -0.021097630264702627 -0.0012056685174530145 -0.00098304383626120228 -0.00016010728169590902 0.0026550384933614365 0.0028329899555015704 0.0023074869434220996 -0.00013658447345925171 -0.0016186200007678106 -0.00066871984491789251 -0.001539265511860236 -0.00015440981666038029 -0.0013135678375736141 0.0023227459184137498 0.00026899398714410656 -0.0006329718746306617 0.0033334414377267671 0.0010975129557910127 -0.013922350560147944 -0.0023819752515761771 0.0023108780471241216 -0.019288146805374919 0.00017070040245688198 -0.0011507874862333439 -0.0019656342229659187 -3.997689132033349e-05 -0.01476307093987738 -0.0046211337280710023 -0.0069884732457490533 0.0038752860153100973 -2.5843822006214506e-05 0.00067936688915402356 -0.0015491122856400607 -0.022670808575342268 0.0016757403503697703 -0.013001315553373438 -0.0037565969525160513 0.0020230153656898169 0.0019382896408740831 -0.001129853465550609
leaf_weight=116 97 5034 85 178 308 206 75 134 282 90 99 95 156 104 93 115 72 92 102 93 88 86 125 71 71 974 68 324 1194 101 141 101 99 69 113 113 201 375 106 86 86 106 68 202
leaf_count=116 97 4670 85 178 308 206 75 134 282 90 99 95 156 104 93 115 72 92 102 93 88 86 125 71 71 974 68 324 1194 101 141 101 99 69 113 113 201 375 106 86 86 106 68 202
internal_value=3.7071e-05 -8.31011e-05 0.00278732 0.00325233 0.000248791 0.000801908 0.00139395 0.00189093 0.00248724 0.00299556 0.0017796 -0.000294742 -5.04063e-05 0 -4.11599e-05 -0.00014295 0.000433246 0.00059519 0.000883525 0.000310786 0.000541985 0.000243331 0.000489076 -0.000163113 0.00248793 -0.00027452 0.000842662 -0.000219331 -0.000239642 -0.000280951 -0.000390453 0 0.000109296 0.000332671 0 0.000171072 0 0 -7.86096e-05 -0.00015164 7.63238e-05 0.000175086 0 0
internal_weight=12594 12045 549 464 4566 1364 787 581 447 372 286 7479 2304 3202 2839 2266 363 291 194 405 249 573 279 1899 187 1045 156 1734 1619 1295 5175 577 269 170 532 217 294 854 567 461 287 192 193 315
internal_count=12230 11681 549 464 4566 1364 787 581 447 372 286 7115 2304 3202 2839 2266 363 291 194 405 249 573 279 1899 187 1045 156 1734 1619 1295 4811 577 269 170 532 217 294 854 567 461 287 192 193 315
is_linear=0
shrinkage=0.0139946


Tree=62
num_leaves=40
num_cat=0
split_feature=62 26 10 18 8 0 36 56 4 10 9 44 9 47 10 37 36 9 0 56 34 20 0 42 37 28 37 43 1 61 10 6 10 9 16 37 43 43 40
split_gain=22.2056 4.28476 3.90219 3.43603 2.61384 2.38854 2.18796 1.66209 1.62741 1.55723 0.537713 0.533675 1.1194 0.456943 0.350065 0.298524 0.226491 0.222758 0.133059 0.109128 0.0991529 0.163491 0.137547 0.232765 0.0964472 0.0941547 0.218692 0.719426 0.0831812 0.0955977 0.0610499 0.0588495 0.0467594 0.0187086 0.00895454 0.00888044 0.0018551 0.034092 0.000381706
threshold=17.042356613092441 86.550000000000011 -0.18399835165767994 19.336804036891529 1.0000000180025095e-35 1.155 2.2654702924124934 924.6500000000002 930.6500000000002 0.91925191855388755 0.45206801762443477 2.834081513518274 0.59817537509284302 72.950000000000017 0.49001051533419943 20.9571147082324 1.0649258635298804 -0.81403855522663837 0.72500000000000009 922.55000000000007 0.34786983001517863 22.708281758797281 1.3250000000000004 1.2474640807137145 22.69040325996362 97.950000000000017 23.649249856085738 23.76604166666667 25.175000000000001 0.37500000000000006 -0.8520459593969173 0.91597561503675351 0.76663042157996963 0.37371625404731906 23.5861475145811 25.488500567670346 23.031875000000003 24.002291666666668 0.14571661996497134
decision_type=2 2 2 2 2 2 2 2 2 2 2 2 2 2 2 2 2 2 2 2 2 2 2 2 2 2 2 2 2 2 2 2 2 2 2 2 2 2 2
left_child=3 13 10 8 36 6 7 -6 -1 14 17 12 -12 16 -9 -8 20 25 -18 -13 32 -22 23 -23 -17 26 27 -3 29 -19 -20 -15 34 -31 -2 -28 -4 -38 -27
right_child=1 2 4 -5 5 -7 15 9 -10 -11 11 19 -14 31 -16 24 18 28 30 -21 21 22 -24 -25 -26 38 35 -29 -30 33 -32 -33 -34 -35 -36 -37 37 -39 -40
leaf_value=0.0023558426044616681 -0.0089466595802733997 -0.0020143568539072718 -0.0041998989799191941 0.0023761531537249661 -0.000125667264086793 0.00020438652817330452 -0.0004913917014351491 0.0024182436787212329 0.0022955732741232861 0.0025486375433127887 -0.0014025351042677664 0.00098068722983095011 0.0024881293937786195 -0.10004873411868172 0.0027188579535988352 0.0037371226057078787 0.0023627522745651641 -6.1504157497275231e-05 -0.00049966765063330935 -0.0045329082876939342 -0.020673077420813403 0.0035857445066232183 -0.0097802678413014318 -0.023856293560452348 -0.00049293567062779723 -7.9743395516662253e-05 -0.0012505778248189669 0.0026068575944086336 0.0002032010119105988 -0.0013347445781230413 -0.032735908436012373 -0.03434666526804965 0.00087080055095508605 -0.00050775618098548891 -0.064314297205432927 0.00097571602895730938 0.002986308722616579 -0.00064676773723315725 -0.0014300678298392606
leaf_weight=252 69 111 266 226 72 236 118 157 71 70 73 123 117 4884 71 70 153 268 131 250 90 148 83 75 82 79 204 111 124 1648 1032 120 143 116 297 98 107 80 169
leaf_count=252 69 111 266 226 72 236 118 157 71 70 73 123 117 4520 71 70 153 268 131 250 90 148 83 75 82 79 204 111 124 1648 1032 120 143 116 297 98 107 80 169
internal_value=3.596e-05 -8.42628e-05 0.000230984 0.00278732 0.000876101 0.00132166 0.00176574 0.00252469 0.00381227 0.00299835 0 0.000378948 0.000983639 -0.000303901 0.00361311 0.000467688 -9.32739e-05 -9.08753e-05 -0.000219449 0 1.59784e-05 0.00022179 0.000409363 0.00059096 0.000875484 5.47119e-05 0.000198675 0.000532961 -0.000174233 -0.000200544 -0.000277227 -0.000383857 -1.24745e-05 -0.000238588 -0.000158464 0 0 4.26363e-05 0
internal_weight=12594 12045 4820 549 1329 876 640 370 323 298 3491 563 190 7225 228 270 2221 2928 1316 373 905 396 306 223 152 772 524 222 2156 2032 1163 5004 509 1764 366 302 453 187 248
internal_count=12230 11681 4820 549 1329 876 640 370 323 298 3491 563 190 6861 228 270 2221 2928 1316 373 905 396 306 223 152 772 524 222 2156 2032 1163 4640 509 1764 366 302 453 187 248
is_linear=0
shrinkage=0.0139946


Tree=63
num_leaves=40
num_cat=0
split_feature=50 37 10 11 9 3 45 31 54 10 53 27 41 44 9 37 38 30 9 9 30 31 27 27 9 50 30 45 2 24 50 17 63 22 56 30 40 4 28
split_gain=11.7418 19.3869 4.35425 4.26282 2.36894 2.86678 2.00875 1.49357 1.03201 0.944993 0.865882 0.442494 0.486588 0.374274 0.408241 0.361217 0.46828 0.183371 0.148201 0.145724 0.14184 0.194511 0.129723 0.267193 0.626506 0.121094 0.164956 0.1108 0.109473 0.110046 0.122491 0.0965317 0.0941078 0.0533291 0.0208642 0.0152991 0.00999639 0.00688626 0.00137201
threshold=0.74166666666654368 20.45317532922267 0.91925191855388755 9.5000000000000018 -0.30901413279605799 0.90150000000000008 2004.2455000000002 -1.5188467337253166 0.91550000000000009 0.76663042157996963 0.033500000000000009 97.250000000000014 24.407500000000002 2.8608649846050689 0.55601228778889811 29.64938228391382 4.9033704339831745 88.350000000000009 -0.74981945761428159 0.35769492645306972 80.350000000000009 -5.1272541767623929 98.950000000000017 97.750000000000014 -0.8779519545588893 421.12499999999994 96.050000000000011 2202.5375000000008 9.6000000000000014 26.265000000000004 228.4916666666667 17.560833970334667 1.4810111120499736 21.055000000000003 920.75000000000011 90.550000000000011 0.50241077532000289 928.05000000000007 90.550000000000011
decision_type=2 2 2 2 2 2 2 2 2 2 2 2 2 2 2 2 2 2 2 2 2 2 2 2 2 2 2 2 2 2 2 2 2 2 2 2 2 2 2
left_child=1 2 -1 9 5 7 17 -5 11 13 37 12 -8 14 22 27 -17 31 28 32 -14 -22 23 38 -25 26 -23 34 29 30 -10 -2 -20 -30 -15 -19 -21 -11 -3
right_child=6 3 -4 4 -6 -7 8 -9 18 10 -12 -13 20 15 -16 16 -18 35 19 36 21 25 -24 24 -26 -27 -28 -29 33 -31 -32 -33 -34 -35 -36 -37 -38 -39 -40
leaf_value=0.0024059038564829792 -0.0060564057165456838 0.0020965014250848338 0.002261576577924192 0.0022606023592197265 -0.015129971524077001 0.0023413469285137921 0.0027952917499010047 0.002576735627395051 0.0021646767754116016 0.0035270001977797303 0.00333428375132621 -0.0023152550981765736 -0.0043455434193000282 -0.00075477718064130756 0.0028133231353636486 -0.016473095996696545 0.0023160429171519403 0.003013455227479566 -0.0063076765796273677 0.00027317024365265474 -0.00013643522704829213 0.0036692938840639957 -0.00032571347466646921 0.0032553954850219899 1.6620942270728607e-05 -0.010298201867635522 -0.0028681374538422752 0.00022301630555539767 0.00088411020090565433 -0.00023043639256899837 -0.0023083213623500353 -0.10918907415486952 -0.0011405720138020249 -0.0028385279146272485 -0.0032212905604393012 -0.0088805303924056455 -0.0038126593303086792 -0.014167649418275077 -0.0012060106665857445
leaf_weight=278 206 74 78 92 114 97 149 118 221 81 90 145 96 123 71 78 77 101 932 134 212 196 236 75 165 81 74 175 79 119 86 5401 139 400 1048 298 200 78 177
leaf_count=278 206 74 78 92 114 97 149 118 221 81 90 145 96 123 71 78 77 101 932 134 212 196 236 75 165 81 74 175 79 119 86 5037 139 400 1048 298 200 78 177
internal_value=3.7071e-05 0.000754806 0.00385217 0.000358552 0.00167313 0.00230971 -0.000213229 0.00322914 4.84174e-05 0.000113859 0.000932488 0.000448412 0.000586586 0 0.000266738 -0.000104437 0.00040463 -0.000366565 -8.76855e-05 -0.000182389 0.000284089 0.000378948 6.481e-05 0.000240088 0.000577775 0.000581238 0.000725073 -0.000213527 0 0.00020951 0.000361368 -0.000387726 -0.000264998 -7.43695e-05 -0.000266268 0 0 0 0
internal_weight=12594 3325 356 2969 421 307 9269 210 3263 2548 249 953 808 2299 798 1501 155 6006 2310 1405 659 563 727 491 240 351 270 1346 905 426 307 5607 1071 479 1171 399 334 159 251
internal_count=12230 3325 356 2969 421 307 8905 210 3263 2548 249 953 808 2299 798 1501 155 5642 2310 1405 659 563 727 491 240 351 270 1346 905 426 307 5243 1071 479 1171 399 334 159 251
is_linear=0
shrinkage=0.0139946


Tree=64
num_leaves=43
num_cat=0
split_feature=62 26 57 9 9 5 32 24 10 10 9 50 63 9 10 35 26 9 54 43 43 0 26 59 1 10 20 54 63 63 35 62 0 59 34 4 34 63 19 19 43 0
split_gain=22.1198 4.34254 3.95495 3.3086 4.33714 3.06321 2.08506 2.23146 2.42534 1.90212 1.31409 0.528627 0.48308 0.596682 0.345058 0.330866 0.199637 0.159631 0.152766 0.143318 0.552123 0.31216 0.334255 0.143027 0.356609 0.139737 0.237813 0.0896368 0.075765 0.0638844 0.0517278 0.0511218 0.0392707 0.0255226 0.0229611 0.0150527 0.0147876 0.0102346 0.00300817 0.0116829 0.00291342 0.000210922
threshold=17.042356613092441 86.250000000000014 925.25000000000011 -0.2760944163666606 -0.66484924122790601 -1.0000000180025095e-35 -1.6199999999999999 27.525000000000002 0.94415253529446119 0.88201535311751322 -0.79356426026969629 1.0000000180025095e-35 0.98840968212905989 0.35769492645306972 -0.67758968959607091 18.173572668311703 82.250000000000014 0.59817537509284302 0.99350000000000016 23.76604166666667 24.258750000000003 0.92500000000000016 98.950000000000017 0.74500000000000011 2.2250000000000005 0.76663042157996963 23.071640330364129 0.71450000000000002 3.1611730551357096 0.67995660764623633 17.584407599652213 20.421159798168251 0.45500000000000007 0.20500000000000004 4.1435775359536953 924.25000000000011 0.40819612398224664 0.32534078161094199 29.733882362450952 18.139028020211551 23.587708333333335 1.0450000000000002
decision_type=2 2 2 2 2 2 2 2 2 2 2 2 2 2 2 2 2 2 2 2 2 2 2 2 2 2 2 2 2 2 2 2 2 2 2 2 2 2 2 2 2 2
left_child=3 11 12 4 10 6 27 8 9 -8 15 25 14 18 17 -1 31 29 23 36 21 22 -21 24 -14 28 -27 -4 37 30 -3 -13 -7 -33 -35 -22 -16 -2 39 -18 -34 -20
right_child=1 2 5 -5 -6 32 7 -9 -10 -11 -12 16 13 -15 19 -17 38 -19 41 20 35 -23 -24 -25 -26 26 -28 -29 -30 -31 -32 33 40 34 -36 -37 -38 -39 -40 -41 -42 -43
leaf_value=0.0023110968777843247 -0.072718239494632089 -0.00087025918048783308 -0.0056118030972916394 0.0021641076613261603 0.0025433195453164882 0.0013204436328556747 0.0024682617556696395 6.0369437770740147e-05 0.0024405569900133252 0.0026837565308581359 0.0022070082873695044 -0.011351612479873588 0.0025980172550190083 0.001923694490987334 -0.0012316587637632515 0.0022302735533923767 -0.00025031926490319187 8.075764664338913e-05 -0.0025778224832959692 0.0031957168596954428 -0.00047056030939689392 -9.9422507930671018e-05 -4.5358256228818983e-06 -0.00032617081398137512 -0.00012235154456236559 -0.01215655484407881 0.0043435596470359763 0.0027021600050162443 0.0013093500669111382 -0.00010904123461366113 -0.0015473541809740241 -0.05035813025727353 -0.0060671208345447073 -0.072928080570396556 -0.17368140490869613 0.00032661250712362033 -0.003307452540718442 -0.016808452332505681 0.00080389318289075199 -0.010389739023571272 -0.0019830442015500035 -0.0019689124566861734
leaf_weight=101 72 83 156 85 178 105 236 127 85 68 99 61 129 90 92 86 100 132 177 115 260 74 79 175 98 77 101 80 134 107 1620 91 294 5686 95 111 221 400 68 297 81 68
leaf_count=101 72 83 156 85 178 105 236 127 85 68 99 61 129 90 92 86 100 132 177 115 260 74 79 175 98 77 101 80 134 107 1620 91 294 5322 95 111 221 400 68 297 81 68
internal_value=4.15152e-05 -7.84543e-05 0.000236738 0.00278732 0.00325233 0.00092127 0.00147816 0.00199181 0.00252477 0.00311431 0.0017796 -0.000301259 0 0.000323422 -7.73478e-05 0.00248793 -0.000343587 -0.00019759 5.98598e-05 9.72051e-05 0.000240546 0.000733559 0.00102643 0.000281561 0.000512145 0 0.000377008 6.50358e-05 -5.44572e-05 -0.00024319 -0.000264937 -0.000365909 0 -0.000370114 -0.000374172 0 0 -0.000187399 0 -3.84327e-05 -1.61675e-05 -3.03506e-05
internal_weight=12594 12045 4863 549 464 1232 752 516 389 304 286 7182 3631 737 2894 187 6398 1942 647 952 639 268 194 402 227 784 178 236 606 1810 1703 5933 480 5872 5781 371 313 472 465 397 375 245
internal_count=12230 11681 4863 549 464 1232 752 516 389 304 286 6818 3631 737 2894 187 6034 1942 647 952 639 268 194 402 227 784 178 236 606 1810 1703 5569 480 5508 5417 371 313 472 465 397 375 245
is_linear=0
shrinkage=0.0139946


Tree=65
num_leaves=47
num_cat=0
split_feature=16 5 37 2 10 37 36 53 57 27 59 38 45 9 58 9 45 38 63 38 38 37 53 34 63 38 63 9 60 27 60 1 25 25 58 53 10 43 9 47 59 34 24 45 43 51
split_gain=13.6835 4.93445 5.09969 4.61782 4.47496 4.8727 3.53263 1.75676 1.19177 2.47464 1.04306 2.23385 0.484371 0.315439 0.480545 0.264121 1.00458 0.818469 0.518423 0.469491 0.255746 0.304326 0.250158 0.200508 0.186266 0.181752 0.172042 0.137663 0.12431 0.0763208 0.0700666 0.156456 0.105431 0.0416653 0.0341316 0.0307755 0.0296741 0.721379 0.0220413 0.0224911 0.0157376 0.012658 0.00486289 0.0167277 0.00421494 0.00334969
threshold=16.454411595244135 -1.0000000180025095e-35 21.530535618151124 26.350000000000005 0.91925191855388755 20.45317532922267 1.2284328195999421 0.97950000000000015 925.6500000000002 86.250000000000014 1.1250000000000002 5.149869158012172 1943.0915000000002 -0.96230016621822456 0.92500000000000016 0.35769492645306972 2004.2455000000002 4.6949126144609368 0.50076758487562156 4.2513183670178236 5.2425578704255384 19.986734368704305 0.88850000000000018 1.0806572011227569 3.1611730551357096 4.8939499601369603 0.59258786625383142 -0.81403855522663837 28.615000000000006 98.350000000000009 0.85500000000000009 0.025000000000000005 24.655000000000005 16.785000000000004 0.36500000000000005 0.86750000000000005 0.76663042157996963 20.772916666666671 0.67125374152323958 10.550000000000002 0.6150000000000001 0.23566039379704246 26.885000000000002 2234.5600000000009 26.502083333333335 3301.8795000000005
decision_type=2 2 2 2 2 2 2 2 2 2 2 2 2 2 2 2 2 2 2 2 2 2 2 2 2 2 2 2 2 2 2 2 2 2 2 2 2 2 2 2 2 2 2 2 2 2
left_child=3 2 6 4 5 -1 7 -2 13 36 11 35 33 14 25 27 24 19 -19 -18 21 -8 -23 -20 -17 -4 28 42 34 40 31 -28 -33 -3 -14 -11 44 -38 39 -36 -29 -42 43 -15 -10 -32
right_child=1 12 8 -5 -6 -7 20 -9 9 10 -12 -13 26 15 -16 16 17 18 23 -21 -22 22 -24 -25 -26 -27 30 29 -30 -31 45 32 -34 -35 38 -37 37 -39 -40 -41 41 -43 -44 -45 -46 -47
leaf_value=0.0022913682703673962 0.0026529795457939176 -0.0045430407678448076 4.0941446021801625e-05 -0.0003039663436506158 0.0020975109186130536 0.0022568326196616001 -0.00051899888505571525 0.0021772942334621873 -0.062622580137357831 0.0022820448486131329 -0.0061617156518390757 -0.00013068059024113913 -0.0016025230425465193 0.0023772614604132989 -0.00011917968341147806 -0.066840696016011628 3.5587672310816831e-05 -0.0015166651673908481 0.0013306212661156577 0.0041898779903414059 -0.023836943229583164 0.0028658367007349042 4.5176386705299263e-06 0.00045973776467877526 0.0011965232168197584 0.0025097974782301085 -0.011031592875374105 -0.0011421251295667745 0.00085773155764201083 -2.3573675313478839e-05 -0.00040694148468681436 -0.0006088434110871452 0.0097297414206794549 -0.13421873374120027 -0.00019574616997989738 0.002373152003017469 -0.037940689050195341 0.0040722393531837132 -0.0012638625400633416 -0.007249673978712139 -0.0013934466452788319 -0.0027914510505266761 -0.00021529178463273161 -9.4631040413810139e-05 -0.0042404413280304806 -0.032255146609818333
leaf_weight=218 114 79 69 161 100 109 76 68 241 105 88 104 96 119 107 650 70 268 82 75 69 74 70 83 132 80 100 278 127 267 190 81 106 4679 72 95 219 95 69 1052 89 1012 213 87 69 187
leaf_count=218 114 79 69 161 100 109 76 68 241 105 88 104 96 119 107 650 70 268 82 75 69 74 70 83 132 80 100 278 127 267 190 81 106 4315 72 95 219 95 69 1052 89 1012 213 87 69 187
internal_value=4.04042e-05 -5.63673e-05 0.00026297 0.00212449 0.00288387 0.00367568 0.00165899 0.00325204 0.00010804 0.000532163 0.00140086 0.00178743 -0.000307572 0 0.000461603 -4.46576e-05 7.58934e-05 0.000551361 7.06518e-05 0.00150897 0.000409713 0.000667706 0.00104247 0.000774567 -0.000190056 0.000994007 -8.46007e-05 -0.000156648 -0.000184231 -0.000217116 2.65954e-05 0.000221666 0.000487235 -0.000390818 -0.000236941 0.00264731 0 7.82178e-05 -0.000257383 -0.000272287 -0.000258996 -0.000294589 0 6.76895e-05 -0.00011153 0
internal_weight=12594 12006 5168 588 427 327 471 182 4697 1016 392 304 6838 3681 256 3425 1360 578 433 145 289 220 144 165 782 149 2080 2065 1416 1646 664 287 187 4758 1289 200 624 314 1193 1124 1379 1101 419 206 310 377
internal_count=12230 11642 5168 588 427 327 471 182 4697 1016 392 304 6474 3681 256 3425 1360 578 433 145 289 220 144 165 782 149 2080 2065 1416 1646 664 287 187 4394 1289 200 624 314 1193 1124 1379 1101 419 206 310 377
is_linear=0
shrinkage=0.0139946


Tree=66
num_leaves=48
num_cat=0
split_feature=62 62 18 57 62 10 19 38 10 4 9 26 9 9 53 63 24 9 54 4 29 52 24 38 25 57 31 41 63 63 60 10 58 35 59 59 44 52 58 59 50 44 17 63 28 28 60
split_gain=22.2228 4.09171 3.43603 1.87064 3.73839 2.02919 3.13647 2.53628 3.60304 1.62741 1.10152 0.368248 0.27792 0.324539 0.333874 0.628445 0.221648 0.167926 0.148588 0.123178 0.25926 0.0971422 0.15039 0.144797 0.11036 0.0936065 0.0816829 0.187465 0.0734365 0.0581986 0.048962 0.0716226 0.0453957 0.0445978 0.0332501 0.0315593 0.0298603 0.0198799 0.0509264 0.0813433 0.0180521 0.0114424 0.00984423 0.00582185 0.0037795 0.00309332 0.000748458
threshold=17.042356613092441 23.516602184991545 19.336804036891529 925.6500000000002 20.377138798094375 0.94415253529446119 20.311552195899164 5.2425578704255384 0.86527520261780289 930.6500000000002 -0.96230016621822456 80.65000000000002 -0.96230016621822456 0.35769492645306972 0.97450000000000003 0.1889016703770974 27.705000000000002 -0.81403855522663837 0.85650000000000015 921.1500000000002 95.350000000000009 0.54350000000000021 20.395000000000003 4.8763543741485416 16.275000000000002 929.55000000000007 -1.292949249346506 17.769166666666674 0.38007379646322731 3.0412723525761209 23.260000000000002 -0.9668120007078248 0.36500000000000005 24.51740300729448 0.20500000000000004 0.74500000000000011 2.2765782653172137 0.99350000000000016 0.59500000000000008 0.78500000000000014 29.916666666666554 2.7265804745593942 22.540607270251162 -4.7095309505982881 98.450000000000017 84.15000000000002 3.1250000000000004
decision_type=2 2 2 2 2 2 2 2 2 2 2 2 2 2 2 2 2 2 2 2 2 2 2 2 2 2 2 2 2 2 2 2 2 2 2 2 2 2 2 2 2 2 2 2 2 2 2
left_child=2 3 9 12 5 6 -5 8 10 -1 -8 34 18 17 29 41 28 37 -2 -20 36 24 -23 -24 33 -4 -7 -28 32 42 31 35 -13 -6 -3 45 -21 38 -14 -40 -34 -16 -15 -42 -33 -19 -39
right_child=1 11 25 4 21 26 7 -9 -10 -11 -12 16 13 14 15 -17 -18 30 19 20 -22 22 23 -25 -26 -27 27 -29 -30 -31 -32 44 40 -35 -36 -37 -38 46 39 -41 43 -43 -44 -45 -46 -47 -48
leaf_value=0.0023346303502109274 -0.00029012902317843468 -0.15974383330121089 0.0022528831500807098 -2.9213987398114023e-05 0.0034896216037560847 -0.033581143353713976 0.0023828618963002458 -0.00025544801858766323 0.0028297035779478738 0.0021649284273970054 0.0022459870056291435 -0.0066812386293947507 -0.00066468219453530105 -0.001578382737547575 0.00051666570485214077 0.00091668060465032971 0.0001480461038050559 -0.0084533726106761926 -8.5913892808857134e-05 0.0001676169074999675 -0.00048412768826539601 -0.0082391789126365095 0.0026647557675433132 -0.0064413013403278102 -0.018146670192250018 0.0021304786374456521 -0.014537194349735206 0.0040821016292935499 -0.00057434637169617578 0.0017255600431648559 -5.3514543108872941e-05 -0.0023401910192185293 -0.019381927745471591 -0.17341671434771105 -0.096329765499396883 -0.002307120638183334 0.0024695017188302833 -5.9377377192192428e-05 0.0010621376986323942 -0.00019857124874689513 -0.0019719541155459991 -0.001780687633497383 -0.0060287908494613632 -0.0074251390040972207 -0.00040077128079041318 2.9568066266246663e-05 -0.0021621131122965317
leaf_weight=252 99 84 147 175 77 115 77 78 88 71 160 70 74 68 103 122 95 110 69 74 73 82 105 71 539 79 79 99 250 106 112 941 70 116 5293 336 88 120 85 75 90 150 301 665 104 150 207
leaf_count=252 99 84 147 175 77 115 77 78 88 71 160 70 74 68 103 122 95 110 69 74 73 82 105 71 539 79 79 99 250 106 112 941 70 116 4929 336 88 120 85 75 90 150 301 665 104 150 207
internal_value=3.48489e-05 -8.54244e-05 0.00278732 0.000191614 0.000551078 0.0012194 0.00170981 0.00238838 0.00293007 0.00381227 0.00158631 -0.000322852 0 -4.02498e-05 0.000159115 0.000480351 -3.81498e-05 -0.000142646 0.000348962 0.000506294 0.000657918 0 0.000185548 0.000464651 -0.000117191 0.00100757 1.8766e-05 0.000299201 -0.000140761 0 -0.000213527 -0.000233536 -0.000203404 0 -0.000375945 0 0.000967244 0 0.000128481 0.000292702 -0.000235856 0 -0.000160578 -0.000255821 -0.000314625 0 0
internal_weight=12594 12045 549 5428 1861 871 578 403 325 323 237 6617 3567 3164 850 375 1240 2314 403 304 235 990 258 176 732 226 293 178 1145 475 1753 1641 895 193 5377 596 162 561 234 160 825 253 369 755 1045 260 327
internal_count=12230 11681 549 5428 1861 871 578 403 325 323 237 6253 3567 3164 850 375 1240 2314 403 304 235 990 258 176 732 226 293 178 1145 475 1753 1641 895 193 5013 596 162 561 234 160 825 253 369 755 1045 260 327
is_linear=0
shrinkage=0.0139946


Tree=67
num_leaves=47
num_cat=0
split_feature=62 62 18 37 19 38 10 10 4 10 45 44 57 39 17 24 37 38 4 45 38 38 27 52 25 45 45 38 17 31 2 57 57 1 37 30 53 44 62 1 34 0 24 30 25 38
split_gain=22.1027 4.29804 3.43603 2.13262 2.92493 2.21232 1.72404 3.72124 1.62741 0.678495 0.535009 0.366303 1.27788 0.742964 1.31584 0.247594 0.230965 0.652075 0.199096 0.282981 0.389948 0.40878 0.258773 0.435326 0.19661 0.330134 0.308502 0.46751 0.128042 0.117878 0.0950214 0.0936065 0.0674321 0.0748532 0.0508177 0.0442383 0.0396865 0.0390561 0.0320086 0.0281726 0.0248639 0.00358814 0.00331487 0.0025155 0.00181365 0.000261629
threshold=17.042356613092441 23.516602184991545 19.336804036891529 21.530535618151124 20.311552195899164 5.2425578704255384 0.94415253529446119 0.83824865459667641 930.6500000000002 -0.021515300460958474 2080.3045000000006 2.8419168040270542 925.1500000000002 24.210000000000004 19.517264541810668 26.035000000000004 29.64938228391382 4.9033704339831745 922.95000000000016 2234.5600000000009 4.3765257965913529 5.0303356815425522 98.750000000000014 0.99550000000000016 16.785000000000004 2177.8440000000005 1164.0320000000004 2.6000780218143285 26.035208997106565 -4.5498625230941974 214.00000000000003 929.55000000000007 924.25000000000011 24.410000000000004 24.199245791821365 91.950000000000017 0.99850000000000005 2.2471656462563563 24.704215044844322 13.375000000000002 4.1435775359536953 0.81500000000000006 20.395000000000003 98.450000000000017 23.245000000000001 4.8217825730708626
decision_type=2 2 2 2 2 2 2 2 2 2 2 2 2 2 2 2 2 2 2 2 2 2 2 2 2 2 2 2 2 2 2 2 2 2 2 2 2 2 2 2 2 2 2 2 2 2
left_child=2 3 8 4 37 6 7 9 -1 -6 35 12 18 14 45 32 24 -18 19 20 -5 22 23 -22 26 30 -13 -28 43 -17 36 -4 33 38 -20 40 39 -2 -12 -26 -3 -21 -39 44 -27 -14
right_child=1 10 31 11 5 -7 -8 -9 -10 -11 15 16 13 -15 -16 29 17 -19 34 41 21 -23 -24 -25 25 28 27 -29 -30 -31 -32 -33 -34 -35 -36 -37 -38 42 -40 -41 -42 -43 -44 -45 -46 -47
leaf_value=0.002301958039600135 0.00067186000258884172 -0.10570762844656244 0.002221354862083128 -0.00057647511715724865 -0.0006218313151253492 -0.02933667272291076 0.0023513346469476149 0.0028575955553130452 0.0021346310340543623 0.002156691034044202 -0.0043922729383838906 -0.013520169844245358 0.0024459737305977292 -0.01113741653069197 0.0027170475135091911 -0.00036969161710959553 -0.010460368279971044 0.0030368847623647101 -0.0018817177630805581 -0.0010261988992301219 0.0031293374441740854 -0.00014431707436790323 -7.5873359824903838e-05 0.00062574547288725304 -0.0037376080668933285 -0.0015639007678318253 0.0030664420964923648 -0.031953812572261681 0.0010419894074640004 0.0047565255205787122 -2.5998128634525104e-05 0.002100663356501505 -0.00065950305026175708 0.00012828865755518993 -4.6908312063340669e-05 -0.042662125944316523 -0.00098140948968034524 -0.035574399937899841 -0.01117275267545067 -5.9164062075464585e-05 -0.16802435303948882 -0.00013835227015240111 -0.0038824722534016583 0.00066565150197177834 -0.00053364071820969738 -0.00017022849901674746
leaf_weight=252 117 5356 147 179 72 90 115 68 71 128 155 187 68 70 96 83 96 87 414 188 102 118 71 110 1433 227 100 74 150 78 69 79 160 70 167 72 101 230 548 69 95 70 69 127 97 69
leaf_count=252 117 4992 147 179 72 90 115 68 71 128 155 187 68 70 96 83 96 87 414 188 102 118 71 110 1433 227 100 74 150 78 69 79 160 70 167 72 101 230 548 69 95 70 69 127 97 69
internal_value=4.26263e-05 -7.72927e-05 0.00278732 0.000207078 0.000840679 0.0015913 0.0020616 0.00270418 0.00381227 0.00126075 -0.000320738 6.78504e-05 0.000231575 0.00106019 0.00144172 0 -8.41658e-06 0.000431159 6.06157e-06 0.00018405 0.000379662 0.000630683 0.000918463 0.00116645 -6.48019e-05 -0.000131498 0.000167976 0.000633864 7.32484e-05 0.000460185 -0.000245347 0.00100757 -0.000122383 -0.000187387 -0.000134826 -0.000377105 -0.000272726 0 -0.00024372 -0.000290763 -0.000381674 0 -0.000100258 0 -3.88827e-05 7.59776e-06
internal_weight=12594 12045 549 5428 889 473 383 268 323 200 6617 4539 1722 303 233 1094 2817 183 1419 838 580 401 283 212 2634 2273 361 174 601 161 1672 226 933 773 581 5523 1603 416 703 1502 5451 258 299 451 324 137
internal_count=12230 11681 549 5428 889 473 383 268 323 200 6253 4539 1722 303 233 1094 2817 183 1419 838 580 401 283 212 2634 2273 361 174 601 161 1672 226 933 773 581 5159 1603 416 703 1502 5087 258 299 451 324 137
is_linear=0
shrinkage=0.0139946


Tree=68
num_leaves=46
num_cat=0
split_feature=20 37 50 47 56 9 10 26 10 28 54 59 44 56 40 44 9 37 44 26 25 9 45 63 54 45 59 7 23 26 38 38 3 3 7 63 60 9 44 50 61 61 63 45 28
split_gain=13.982 5.77436 7.41503 3.52108 2.20249 2.98264 1.4473 1.41248 0.98444 1.30187 1.11 1.26355 0.727694 1.59713 0.886151 0.663182 0.327411 1.12356 0.518561 0.292225 0.23798 0.225145 0.272641 0.18871 0.168652 0.279048 0.27538 0.168561 0.128964 0.0919475 0.0673722 0.0658824 0.0615257 0.0514309 0.0482667 0.046226 0.042078 0.0373851 0.0249876 0.00813527 0.0027039 0.0153354 0.00086222 0.000187888 7.86541e-05
threshold=17.660190033487748 20.45317532922267 0.74166666666654368 78.250000000000014 928.85000000000002 -0.40542197401079733 0.91234096280339505 93.750000000000014 -0.27608674622158907 85.950000000000017 0.99050000000000005 1.0750000000000004 2.8419168040270542 924.6500000000002 0.34501207708417791 2.5229545354296774 0.67125374152323958 28.035477892378996 4.2533364904698203 89.950000000000017 16.995000000000001 -0.74981945761428159 2199.6830000000004 3.0412723525761209 0.99250000000000005 2234.5600000000009 0.56500000000000006 0.60355339059327384 18.265000000000004 97.950000000000017 4.3765257965913529 4.7875073578269687 0.99550000000000016 0.96450000000000002 0.78656609248549325 0.7569105639243966 12.015000000000002 -0.94130860066615785 1.6000066957041426 176.14166666666662 0.16500000000000004 4.3450000000000006 1.8420258209113778 1943.0915000000002 97.350000000000009
decision_type=2 2 2 2 2 2 2 2 2 2 2 2 2 2 2 2 2 2 2 2 2 2 2 2 2 2 2 2 2 2 2 2 2 2 2 2 2 2 2 2 2 2 2 2 2
left_child=1 2 6 4 12 7 -1 -6 44 -10 11 -11 13 24 15 -15 17 20 -19 -7 28 22 -22 -18 25 26 -2 -23 -14 34 -28 -25 33 -32 38 37 -27 -26 -5 -16 -29 -42 -36 -4 -3
right_child=3 8 43 29 5 19 -8 -9 9 10 -12 -13 16 14 39 -17 23 18 -20 -21 21 27 -24 31 35 36 30 40 -30 -31 32 -33 -34 -35 42 -37 -38 -39 -40 -41 41 -43 -44 -45 -46
leaf_value=0.0022047337339317018 0.0045300698970161205 -0.00019523310629706623 -0.028458964537681514 -0.0072259931277050219 0.0037363451445843487 -0.017137216564684584 0.0021313227091415707 0.0020987799957023763 -0.011181794209600493 0.002550964668882251 -4.1904724630459204e-05 0.0020020402295721708 -0.01397092003118589 0.0022035732501725024 0.0027100000493709728 0.0024276757509796372 -0.037029383249468348 0.0047155960375644158 0.0012754003517453153 0.0020944100502054241 -0.0016312933052619674 -0.0061897120863789986 0.0013226264839986891 -0.022651867102297739 -0.00015573903119149734 -0.0010647348999949463 -0.0014731854215229009 8.1013646673253973e-05 0.0038286938083233408 -0.0017533392738964485 -0.0009522544651638942 0.0021888107449271345 -0.00012072630519217132 0.00078403199010050877 -0.0078346968928940594 -0.0010061218333228385 9.5556427078616983e-05 -0.00069488917258982738 -0.080342539101289842 -0.0047796314005251498 -0.0021302144309370227 5.1210256527979229e-06 0.0025436869323263163 0.0022914224783490839 0.00039731281805317515
leaf_weight=234 72 198 82 93 68 246 70 70 122 132 88 72 70 152 108 70 1090 73 74 123 176 989 96 158 79 274 127 123 68 128 76 68 81 78 208 118 104 454 5165 101 224 120 94 69 109
leaf_count=234 72 198 82 93 68 246 70 70 122 132 88 72 70 152 108 70 1090 73 74 123 176 989 96 158 79 274 127 123 68 128 76 68 81 78 208 118 104 454 4801 101 224 120 94 69 109
internal_value=4.04042e-05 0.00149593 0.00277329 -0.000103828 0.000132541 0.00101689 0.00402941 0.00280623 0.000591554 0.00103532 0.0015442 0.00211185 3.34689e-05 0.000261056 0.0010105 0.00165822 -7.58594e-05 5.52491e-06 0.00120102 0.000155296 -5.3685e-05 -0.000129645 0.0001035 -0.000251307 0 0.000168951 0.000422714 -0.000219494 0.000404783 -0.000353749 5.09765e-05 0 0.000244333 0.00040992 -0.000362293 -0.000122514 0 -0.000187743 -0.000374952 0 0 -2.0449e-05 0 0 0
internal_weight=12594 1176 455 11418 5730 507 304 138 721 414 292 204 5223 1894 431 222 3329 2013 147 369 1866 1728 272 1316 1463 812 434 1456 138 5688 362 226 235 154 5560 651 378 533 5258 209 467 344 302 151 307
internal_count=12230 1176 455 11054 5730 507 304 138 721 414 292 204 5223 1894 431 222 3329 2013 147 369 1866 1728 272 1316 1463 812 434 1456 138 5324 362 226 235 154 5196 651 378 533 4894 209 467 344 302 151 307
is_linear=0
shrinkage=0.0139946


Tree=69
num_leaves=50
num_cat=0
split_feature=62 62 35 37 50 0 36 19 45 54 58 57 50 17 31 30 55 37 40 40 19 55 25 26 45 62 60 57 60 31 40 31 63 36 30 60 62 20 54 25 55 16 55 45 58 30 37 20 20
split_gain=22.2228 4.09171 2.44744 2.03249 3.61646 1.69148 1.30781 0.924008 0.489021 0.337945 0.454503 0.696257 0.523027 0.44757 0.253566 0.23355 0.355157 0.905442 1.2233 0.197188 0.182513 0.174713 0.160048 0.188475 0.600289 0.111643 0.0716039 0.0670799 0.0731371 0.0619486 0.0567421 0.053578 0.0490464 0.0462307 0.0442383 0.0376365 0.0292278 0.0253921 0.058081 0.025015 0.0138345 0.0131202 0.00744164 0.0045551 0.0585937 0.00447364 0.00232905 0.0635933 0.0107481
threshold=17.042356613092441 23.516602184991545 18.298864782231096 21.530535618151124 6.3749999999998774 1.0450000000000002 0.4816578569021629 22.37387254589467 2080.3045000000006 0.99650000000000005 1.1250000000000002 924.25000000000011 102.20833333333319 18.633405960122108 -1.2051118884558514 98.850000000000009 923.75000000000011 26.612906725132969 0.41243181254644401 0.23065125189420996 27.45467792828622 922.35000000000002 23.245000000000001 85.65000000000002 2220.4405000000006 18.527192493512675 18.220000000000002 924.25000000000011 25.080000000000002 -3.2187303940204717 0.13613718570907998 -4.5498625230941974 -2.1329555227848949 0.86915517471836667 91.950000000000017 7.785000000000001 24.704215044844322 18.929891436406233 0.98950000000000016 22.455000000000002 919.95000000000016 19.785200300784844 920.55000000000007 2240.4830000000006 0.71500000000000008 99.050000000000011 25.526199935188981 21.053394669036134 24.375593707520991
decision_type=2 2 2 2 2 2 2 2 2 2 2 2 2 2 2 2 2 2 2 2 2 2 2 2 2 2 2 2 2 2 2 2 2 2 2 2 2 2 2 2 2 2 2 2 2 2 2 2 2
left_child=2 3 6 4 5 7 -1 -2 34 10 11 21 13 -13 -4 16 -15 18 19 -18 27 22 37 -24 -25 -6 32 28 36 43 -31 -22 -11 46 -3 39 -10 38 -5 -27 -34 -35 -39 44 -23 -32 47 -12 -48
right_child=1 8 14 9 25 -7 -8 -9 20 26 33 12 -14 15 -16 -17 17 -19 -20 -21 31 29 23 24 -26 35 -28 -29 -30 30 45 -33 40 41 -36 -37 -38 42 -40 -41 -42 -43 -44 -45 -46 -47 48 -49 -50
leaf_value=0.0021048404412987772 0.0020239779540105799 -0.1029262019077839 0.0020288596601473435 -0.0013113271515094625 0.0021819161940991546 -0.00055019673199980547 0.0021740116745856673 0.0022893580867341776 -0.0045377964187970207 -8.5019819595626373e-05 -0.0024611484903161464 9.5038644325407042e-05 -0.0027420723556914064 -0.0012498422664754733 0.0024758620799221866 -3.3420283180101054e-05 0.0021622736005960266 0.00030984923689034665 -0.0026931365818247941 0.0033413896617802527 -0.00028036472993549574 0.0030004171174266431 -0.016473052670749035 0.0021210596579840772 4.7604128186186031e-05 -0.013255003680761955 5.8218687257672677e-05 -0.00041753163225976566 9.3943201997052838e-05 0.00037419488108281223 -0.0018100352141367103 0.0046034574897283412 -0.0015214010275564004 -0.00038975991505917757 -0.041951757794401266 0.00089073425283596962 -0.0098318994688521635 9.9696340208057501e-05 0.0005576561888810316 -0.00049339854681998147 -0.0014044666131451265 -0.0032062871866324581 -0.001350862459063324 -0.00099104000099421957 -0.0024902718036125199 -3.8756747703260085e-05 0.001424453087403165 0.0037751126179098819 -0.079649300543479296
leaf_weight=77 71 5451 114 73 96 85 244 179 158 73 85 160 159 71 114 69 84 122 68 82 81 69 70 82 171 307 102 160 72 82 406 82 81 110 72 70 541 116 153 81 605 401 275 146 138 87 120 68 211
leaf_count=77 71 5087 114 73 96 85 244 179 158 73 85 160 159 71 114 69 84 122 68 82 81 69 70 82 171 307 102 160 72 82 406 82 81 110 72 70 541 116 153 81 605 401 275 146 138 87 120 68 211
internal_value=3.48489e-05 -8.54244e-05 0.00278732 0.000191614 0.000809261 0.0019582 0.00370845 0.00253849 -0.000322852 5.55226e-05 0.000124913 0.000227759 0.000577962 0.000755303 0.0011778 0.000964306 0.00108911 0.00127116 0.00178983 0.00243485 0 3.85101e-05 0.000192943 0.000452128 0.00063671 0 -0.000162438 -0.000121745 -0.000186786 -4.55323e-05 -0.000156122 0.000364622 -0.000219897 -8.47285e-05 -0.000377105 0 -0.000242715 0 0.000147732 -0.000137317 -0.000259713 -0.000177787 0 0 6.53553e-05 -0.000225542 0 5.38044e-05 -4.85077e-06
internal_weight=12594 12045 549 5428 889 335 321 250 6617 4539 3678 2683 815 656 228 496 427 356 234 166 1094 1868 940 323 253 554 861 931 771 928 575 163 759 995 5523 458 699 617 226 388 686 511 391 353 207 493 484 153 331
internal_count=12230 11681 549 5428 889 335 321 250 6253 4539 3678 2683 815 656 228 496 427 356 234 166 1094 1868 940 323 253 554 861 931 771 928 575 163 759 995 5159 458 699 617 226 388 686 511 391 353 207 493 484 153 331
is_linear=0
shrinkage=0.0139946


Tree=70
num_leaves=46
num_cat=0
split_feature=62 62 9 9 37 50 60 9 9 44 57 35 30 9 44 38 60 52 9 37 54 24 47 9 38 6 47 25 44 44 38 57 61 38 38 19 19 53 25 37 48 22 38 60 44
split_gain=22.2056 4.1314 3.3086 4.33714 2.1217 3.50026 1.42866 1.31409 0.449829 0.377581 0.596681 0.330866 0.329321 0.240852 0.725742 0.435497 0.43075 0.280377 0.335053 0.377982 0.185506 0.166229 0.118923 0.198762 0.167479 0.115019 0.108378 0.189328 0.0873947 0.242883 0.288548 0.220454 0.0813772 0.0534045 0.100349 0.0387202 0.0167524 0.0138447 0.0135616 0.0114951 0.00053841 0.00377229 0.00351831 0.000302558 0.000234735
threshold=17.042356613092441 23.516602184991545 -0.2760944163666606 -0.66484924122790601 21.530535618151124 6.3749999999998774 0.025000000000000005 -0.79356426026969629 -0.96230016621822456 2.132135032749765 923.05000000000007 18.173572668311703 80.350000000000009 0.35769492645306972 4.289673541104599 5.2837450808588589 4.8450000000000006 0.82350000000000001 -0.40542197401079733 22.820018411228954 0.99250000000000005 25.395000000000003 28.250000000000004 -0.32533907195844763 4.8682566019648386 0.91597561503675351 128.50000000000003 25.235000000000003 5.5264080172884267 6.1508457347502299 2.2896122070012446 924.25000000000011 6.2950000000000008 4.9154304768313688 4.7509030683274016 26.831461290879464 18.572761547599132 0.99750000000000016 26.205000000000002 25.079457870242134 5.3500000000000005 21.415000000000003 5.6557972451070313 1.8150000000000002 2.756668114825958
decision_type=2 2 2 2 2 2 2 2 2 2 2 2 2 2 2 2 2 2 2 2 2 2 2 2 2 2 2 2 2 2 2 2 2 2 2 2 2 2 2 2 2 2 2 2 2
left_child=2 4 3 7 5 6 21 11 9 -6 44 -1 25 17 15 16 20 18 19 -10 -15 -2 23 24 -7 -3 27 35 -16 30 -30 -32 33 34 37 36 -14 -19 -28 -20 41 -34 -43 -37 -11
right_child=1 12 -4 -5 8 22 -8 -9 13 10 -12 -13 26 14 28 -17 -18 32 39 -21 -22 -23 -24 -25 -26 -27 38 -29 29 -31 31 -33 40 -35 -36 43 -38 -39 -40 -41 -42 42 -44 -45 -46
leaf_value=0.0021677433413797428 0.0022851345461666426 -0.10457807692806646 0.0019806328272876433 0.0023665955808605411 -0.0021930108293805933 0.0027050436932904839 0.0021794519983181866 0.0019970772185835075 0.0030626465317592226 0.00083329755046907602 0.0024111601769681262 0.0020404169427014674 -0.0022138635975242444 0.0023240627902162687 -0.028140425883513193 -0.00011632657394809272 -0.0010475210888729566 -0.0020097317948962377 -0.010852695035831505 -0.00048674598639020982 -5.5478051396010518e-07 -0.012586919310075433 -0.021862092795005474 -0.034472328659933826 -0.0062586441361882671 -0.020744975615196722 -0.031635197592967859 0.0044911795145892294 -0.17633261852646145 -0.11496906956873838 0.00081872797827906539 0.0062392788292140473 -4.1657033881831529e-05 -0.0017556005644114576 0.002151813186686005 -0.012438308607321868 -0.0064309147840016217 -0.002846020045454254 -0.013406007174778578 0.001805558637354776 0.00019997928548369463 -0.00011730290954820511 -4.8044555689058424e-05 0.0007314846405135514 -0.001833177018059933
leaf_weight=101 71 5214 85 178 99 170 193 99 77 101 121 86 96 155 346 187 119 383 288 125 75 71 195 113 76 175 456 158 75 261 90 95 68 836 111 76 302 106 72 97 106 457 88 68 73
leaf_count=101 71 4850 85 178 99 170 193 99 77 101 121 86 96 155 346 187 119 383 288 125 75 71 195 113 76 175 456 158 75 261 90 95 68 836 111 76 302 106 72 97 106 457 88 68 73
internal_value=3.596e-05 -8.42628e-05 0.00278732 0.00325233 0.000194192 0.00082497 0.0019582 0.0017796 5.55226e-05 0.00050785 0.000770081 0.00248793 -0.000322852 0 0.000160336 0.000575161 0.00086615 -6.34753e-05 0.000156268 0.000626436 0.00122438 0.000284576 1.42348e-05 0.000248796 0.000497165 -0.000373447 -4.58046e-05 0 -1.92535e-05 0 0.000394696 0.000721622 -0.000154654 -0.000216707 0 -3.71922e-05 -0.000144383 -0.000166939 -0.000211965 0 0 -1.30957e-05 -3.92913e-05 0 0
internal_weight=12594 12045 549 464 5428 889 335 286 4539 394 295 187 6617 4145 1403 536 349 2742 587 202 230 142 554 359 246 5389 1228 700 867 521 260 185 2155 1436 600 542 398 489 528 385 719 613 545 144 174
internal_count=12230 11681 549 464 5428 889 335 286 4539 394 295 187 6253 4145 1403 536 349 2742 587 202 230 142 554 359 246 5025 1228 700 867 521 260 185 2155 1436 600 542 398 489 528 385 719 613 545 144 174
is_linear=0
shrinkage=0.0139946


Tree=71
num_leaves=43
num_cat=0
split_feature=62 62 57 18 32 2 10 38 10 4 45 63 44 60 25 25 39 54 63 38 38 30 25 45 57 24 26 38 25 26 26 10 57 60 45 63 59 7 0 33 57 50
split_gain=22.1884 3.89956 3.78174 3.43603 2.6195 2.32597 2.68591 4.47386 3.00244 1.62741 1.17532 0.578541 0.300146 0.306206 0.26505 0.210817 0.23376 0.183678 0.130847 0.148702 0.133926 0.133843 0.11724 0.106332 0.0936065 0.0802605 0.071819 0.0700907 0.173601 0.171953 0.0797084 0.159638 0.0474229 0.0587222 0.0468861 0.034662 0.027372 0.0211082 0.0187786 0.0187786 0.0091887 1.45249e-06
threshold=17.042356613092441 21.633385622840475 925.55000000000007 19.336804036891529 -1.6199999999999999 15.450000000000001 0.94415253529446119 5.2425578704255384 0.86527520261780289 930.6500000000002 2004.2455000000002 0.59258786625383142 2.4843221269241149 5.3150000000000004 16.275000000000002 23.785000000000004 28.143333333333334 0.71450000000000002 1.1227954453473112 4.7509030683274016 5.0535200133481704 97.65000000000002 23.065000000000001 2202.5375000000008 929.55000000000007 37.330000000000005 95.450000000000017 5.0084163176799228 22.585000000000004 99.350000000000009 97.450000000000017 -0.48248986924805465 923.45000000000016 13.595000000000001 2202.5375000000008 3.3702916126887517 0.75500000000000012 0.91597561503675362 0.91500000000000015 24.772870985950682 922.45000000000016 2.8833333333332489
decision_type=2 2 2 2 2 2 2 2 2 2 2 2 2 2 2 2 2 2 2 2 2 2 2 2 2 2 2 2 2 2 2 2 2 2 2 2 2 2 2 2 2 2
left_child=3 2 18 9 17 6 7 8 -6 -1 14 23 -13 15 39 -14 -17 35 21 41 -21 22 -2 26 -5 37 -12 28 29 30 -23 -32 33 40 -22 -4 -29 -16 -8 -3 -25 -20
right_child=1 10 4 24 5 -7 38 -9 -10 -11 11 12 13 -15 25 16 -18 -19 19 20 34 27 -24 32 -26 -27 -28 36 -30 -31 31 -33 -34 -35 -36 -37 -38 -39 -40 -41 -42 -43
leaf_value=0.0021800371331324249 -0.0010811525623836071 0.0035964242420499326 -0.012572402694172667 0.0020920396389013294 0.0022150388304917742 -0.00028123835528790528 0.002263585736230902 -0.00014826419558367117 0.0026056007120077345 0.0019940959514142824 -0.0063534192075948006 -0.016533837494914463 -0.0021546111414538112 -0.0053425628917407241 -0.10915517316332299 0.0065130148702519592 0.0031345783111389534 0.002181405200024408 -0.0010628966619157733 0.0020837514001235849 -0.0025646078745811839 -0.00016194266917041471 5.4230466914012398e-05 -0.0037242910652407718 0.0019582927121613281 -0.0016340912637396693 -0.0023266088653297995 -9.3615376991265727e-06 -0.001962326770661489 -0.00026136505174421276 3.1249833530740162e-05 0.0030652837177547023 0.0015244244358340968 3.3431053640263406e-05 0.002011803573533534 0.003277963993605386 -0.001615562099629659 -0.011243288304120696 -0.015290068315743578 -0.25068102161303613 -0.0015816837814345457 0.00010193082206313483
leaf_weight=252 676 68 302 147 201 191 68 88 71 71 663 102 82 143 5663 224 85 117 161 120 222 75 222 330 79 92 150 205 160 104 114 74 158 135 100 76 317 161 77 106 73 69
leaf_count=252 676 68 302 147 201 191 68 88 71 71 663 102 82 143 5299 224 85 117 161 120 222 75 222 330 79 92 150 205 160 104 114 74 158 135 100 76 317 161 77 106 73 69
internal_value=3.7071e-05 -8.31011e-05 0.000278601 0.00278732 0.00093217 0.00149009 0.00198892 0.00264473 0.00352727 0.00381227 -0.000258651 0 0.000375291 0.000526642 -0.00035811 0.000728668 0.000896567 9.44687e-06 0 0.000145902 0.00031294 -7.60843e-05 -0.000204125 -0.000124633 0.00100757 -0.000375214 -0.000233147 0 0.000142243 0.000348115 0.000543982 0.000703586 0 -6.02797e-05 0 0 -7.60122e-05 -0.000381715 0 0 -0.000182351 0
internal_weight=12594 12045 3810 549 1191 696 505 360 272 323 8235 2145 636 534 6090 391 309 495 2619 672 442 1947 898 1509 226 5916 813 1049 527 367 263 188 696 538 322 378 522 5824 145 174 403 230
internal_count=12230 11681 3810 549 1191 696 505 360 272 323 7871 2145 636 534 5726 391 309 495 2619 672 442 1947 898 1509 226 5552 813 1049 527 367 263 188 696 538 322 378 522 5460 145 174 403 230
is_linear=0
shrinkage=0.0139946


Tree=72
num_leaves=49
num_cat=0
split_feature=20 18 2 57 2 11 31 9 25 33 56 27 52 18 3 9 9 63 48 63 43 52 43 37 20 9 43 29 37 18 21 31 20 31 63 37 24 63 6 60 25 4 25 58 23 9 22 1
split_gain=14.1493 6.92921 3.98509 3.59973 3.38206 3.28331 2.86491 3.10787 0.617582 1.20694 0.599099 1.03142 1.03341 0.477116 0.455315 1.19618 0.663602 0.723741 0.322186 0.228868 0.216712 0.18037 0.282422 0.75522 0.179723 0.169495 0.161671 0.304717 0.156204 0.110618 0.110593 0.13148 0.0987337 0.0842122 0.0756688 0.0604688 0.0474805 0.0517927 0.0272815 0.0224287 0.0189719 0.018683 0.022284 0.013351 0.0461373 0.00817121 0.00639557 0.00588223
threshold=17.660190033487748 19.336804036891529 26.350000000000005 925.6500000000002 11.550000000000002 9.5000000000000018 -1.4923976372322973 -0.40542197401079733 16.005000000000006 24.307832495785526 927.55000000000007 86.550000000000011 0.85650000000000015 17.730139245209319 0.95050000000000001 0.45206801762443477 0.78829775591774609 0.50076758487562156 19.000000000000004 2.9962867692734041 27.913333333333338 0.17600000000000002 23.494375000000005 20.9571147082324 25.554968959922746 -0.92263100495486394 24.079791666666672 83.850000000000009 26.582512025785682 24.062336218009484 22.515000000000004 -1.1623488339942651 19.043974068518914 -6.4477353935854866 2.3159169506196196 24.5077321036939 22.025000000000002 -2.2672806800123886 0.78656609248549303 23.260000000000002 23.245000000000001 922.35000000000002 21.745000000000001 0.93500000000000016 22.915000000000003 -0.63874350706337046 22.685000000000006 6.5950000000000006
decision_type=2 2 2 2 2 2 2 2 2 2 2 2 2 2 2 2 2 2 2 2 2 2 2 2 2 2 2 2 2 2 2 2 2 2 2 2 2 2 2 2 2 2 2 2 2 2 2 2
left_child=1 2 3 -1 5 8 21 -8 9 -2 43 -12 -13 -5 19 25 17 28 30 29 -19 -7 23 -23 -21 26 -16 -28 35 -10 31 -6 41 -34 47 -17 -35 -38 45 -39 -33 42 -27 44 -3 -31 -46 -32
right_child=4 10 -4 13 18 6 7 -9 14 -11 11 12 -14 -15 15 16 -18 20 -20 24 -22 22 -24 -25 -26 32 27 -29 -30 38 34 40 33 36 -36 -37 37 39 -40 -41 -42 -43 -44 -45 46 -47 -48 -49
leaf_value=2.6880430535806184e-05 0.0032588788928617587 -0.0015513596496049861 0.0016448341573398174 0.0021480085649562652 6.2689850228705388e-05 -0.018852802678145188 0.0025814461912714499 0.0007333262386442713 -0.00012572773665941355 -0.015878630653584285 -0.018401672293450373 0.0023793289369189617 -0.0030339063987398019 0.0020693160471008157 -0.00011790006598662368 -3.1580386850407122e-05 -0.0079865895161976667 0.012621422269786634 -0.085275746497273833 0.0017308135351386011 0.0013055134662695192 -0.00032849005292972594 -0.00075793199912975071 0.0035324755774341307 -0.014576365140114003 -0.0014238710075921131 -0.00011883463316675532 0.002416408829550742 -0.0023352335836002653 -0.00015402010291603409 -0.0077432923570700564 -0.0018285010292053592 0.00018496816796829347 -0.00011414004985148731 -0.0016018238280694776 0.0011810656797852268 -0.0022447606586165135 -0.002428210179202756 -0.0083113057913828704 -0.00011575795043073774 -0.0042509933868209648 -0.00030413730810778636 0.00053459501959726935 -0.0051865215587876797 0.0021842773054234687 -0.013279537116202699 -0.00052750384731852212 0.00020630389829562475
leaf_weight=79 76 74 109 189 161 97 132 97 174 125 85 125 73 139 168 69 85 68 4944 79 68 116 149 73 119 78 76 68 84 103 233 661 82 68 133 68 72 1049 77 69 174 151 129 161 68 1174 74 69
leaf_count=79 76 74 109 189 161 97 132 97 174 125 85 125 73 139 168 69 85 68 4580 79 68 116 149 73 119 78 76 68 84 103 233 661 82 68 133 68 72 1049 77 69 174 151 129 161 68 1174 74 69
internal_value=4.37373e-05 0.00150781 0.00274847 0.00338776 -0.000101377 0.000160604 0.00107746 0.00238326 5.79964e-06 0.000769565 0.000431036 0.000918463 0.00148763 0.0040451 -1.51511e-05 8.91137e-05 0.00075435 0.00103247 -0.000319172 -0.000202204 0.00193942 0.000228579 0.000413643 0.000771023 1.71826e-05 -2.42442e-05 0.000215157 0.000562751 0.000160466 -0.000274661 -6.94949e-05 -0.000169212 -0.000108058 -0.000170887 4.33738e-06 0.000511502 -0.000210224 -0.00023349 -0.00031796 -0.000259 -0.000254777 0 0.000132359 0 0.000109548 -0.000333712 0.000284576 0
internal_weight=12594 1176 516 407 11418 5043 664 229 4379 201 660 283 198 328 4178 2452 442 357 6375 1726 136 435 338 189 198 2010 312 144 221 1528 1431 996 1698 1340 435 137 1258 1190 1354 1118 835 358 207 377 216 1277 142 302
internal_count=12230 1176 516 407 11054 5043 664 229 4379 201 660 283 198 328 4178 2452 442 357 6011 1726 136 435 338 189 198 2010 312 144 221 1528 1431 996 1698 1340 435 137 1258 1190 1354 1118 835 358 207 377 216 1277 142 302
is_linear=0
shrinkage=0.0139946


Tree=73
num_leaves=46
num_cat=0
split_feature=62 62 9 9 37 50 1 9 44 9 10 44 58 5 26 37 30 35 63 56 56 10 24 54 35 58 24 62 23 49 31 30 26 54 56 30 0 37 4 54 4 63 61 61 30
split_gain=22.0513 4.26914 3.3086 4.33714 2.00409 3.50026 2.03118 1.31409 0.405257 0.933645 0.857222 0.46056 0.663062 0.656673 0.38239 0.356303 0.462368 0.330866 0.314938 0.303659 0.251305 0.210717 0.214816 0.311348 0.246395 0.143208 0.136528 0.13429 0.185517 0.198882 0.123166 0.105294 0.0735171 0.0699904 0.0903108 0.134913 0.19198 0.0557316 0.049165 0.0215905 0.00994001 0.00959327 0.00874266 0.0141228 0.000736502
threshold=17.042356613092441 23.516602184991545 -0.2760944163666606 -0.66484924122790601 21.530535618151124 6.3749999999998774 0.045000000000000005 -0.79356426026969629 3.06019481408164 0.59817537509284302 -0.27608674622158907 2.132135032749765 1.1250000000000002 -1.0000000180025095e-35 75.550000000000011 29.64938228391382 61.95000000000001 18.173572668311703 0.59258786625383142 922.75000000000011 927.45000000000016 0.76663042157996963 23.025000000000002 0.061500000000000006 24.51740300729448 0.80500000000000016 25.395000000000003 20.421159798168251 23.065000000000001 334.05000000000007 -3.4965609433006697 87.950000000000017 94.65000000000002 0.99650000000000005 922.45000000000016 94.250000000000014 0.83500000000000008 23.555854913796306 920.25000000000011 0.98850000000000005 924.45000000000016 1.0000000180025095e-35 1.0550000000000004 0.085000000000000006 94.950000000000017
decision_type=2 2 2 2 2 2 2 2 2 2 2 2 2 2 2 2 2 2 2 2 2 2 2 2 2 2 2 2 2 2 2 2 2 2 2 2 2 2 2 2 2 2 2 2 2
left_child=2 4 3 7 5 6 26 17 9 10 33 -12 13 19 31 21 -17 -1 32 -13 -8 25 -23 24 -24 41 -2 28 -7 -30 -20 -3 -16 34 35 -6 -37 39 -27 -36 -35 -10 43 -43 -29
right_child=1 14 -4 -5 8 27 20 -9 15 -11 11 12 -14 -15 18 16 -18 -19 30 -21 -22 22 23 -25 -26 38 -28 44 29 -31 -32 -33 -34 40 37 36 -38 -39 -40 -41 -42 42 -44 -45 -46
leaf_value=0.0020789535699524972 0.002163600706087582 -0.1297760839091251 0.001927065321223214 0.0022705803001109477 -0.00059460449284189066 -0.028061135057818973 0.0020565455068000055 0.0019050957786611923 -0.0030926153165372222 0.0024999228816020348 -0.0019739592447473439 0.00029158023205950968 -0.0004032190292262324 0.0010235672966992402 -0.0088215565101563923 -0.024163100973585188 0.0027695144550835037 0.0019314685816469578 0.0042522637493890231 0.0022601627394267217 0.0020786432394789009 -0.039260540750288564 0.0039218296322774213 -0.028443727891460272 -0.0030642922473378114 -0.0012964485773263232 -0.010099211260778944 -0.049967466242399103 0.002550531859168619 -0.00022050922139063261 -0.00046117266630892935 -0.012506670847308112 -4.096812595062299e-05 -0.0015574699495242879 0.0003237979883893862 -0.00025304082216221586 0.00066111535445316776 -0.0030037320639752945 -0.004693779035123611 -0.00050984294474104206 -0.00017345732451724989 -0.0017222320186729436 -0.0013047293597925557 0.0027110081046375144 -0.00070908537928088126
leaf_weight=101 79 4881 85 178 151 73 73 99 233 75 116 72 74 145 960 87 96 86 116 121 109 232 90 70 71 93 74 189 99 125 314 68 278 418 119 253 163 299 1082 107 68 71 145 88 68
leaf_count=101 79 4517 85 178 151 73 73 99 233 75 116 72 74 145 960 87 96 86 116 121 109 232 90 70 71 93 74 189 99 125 314 68 278 418 119 253 163 299 1082 107 68 71 145 88 68
internal_value=4.59594e-05 -7.38076e-05 0.00278732 0.00325233 0.000209656 0.00082497 0.0019582 0.0017796 7.40142e-05 0.000216411 0.000126182 0.000616595 0.000839464 0.00111366 -0.000316509 -2.92085e-05 0.000506862 0.00248793 -7.73149e-05 0.00168021 0.00302369 -0.00010566 6.91028e-05 0.000436037 0.000803903 -0.000192261 0.000234541 1.42348e-05 0.000293854 0.000524524 0.000171275 -0.000383458 -0.00021813 0 1.82365e-05 0.000176523 0.000325044 -2.48455e-05 -0.000278681 0 -0.000165383 0 4.87468e-05 0.000123136 -4.8406e-05
internal_weight=12594 12045 549 464 5428 889 335 286 4539 2181 2106 528 412 338 6617 2358 183 187 1668 193 182 2175 463 231 161 1712 153 554 297 224 430 4949 1238 1578 1092 567 416 525 1175 226 486 537 304 159 257
internal_count=12230 11681 549 464 5428 889 335 286 4539 2181 2106 528 412 338 6253 2358 183 187 1668 193 182 2175 463 231 161 1712 153 554 297 224 430 4585 1238 1578 1092 567 416 525 1175 226 486 537 304 159 257
is_linear=0
shrinkage=0.0139946


Tree=74
num_leaves=48
num_cat=0
split_feature=62 62 18 10 27 5 58 57 36 55 45 63 9 44 38 38 62 51 45 43 9 50 62 43 57 1 20 26 36 27 27 57 53 56 1 55 54 44 56 63 9 16 62 18 28 54 62
split_gain=22.0513 4.06249 3.43603 1.78176 3.08233 2.78967 2.3958 1.86407 2.23256 0.874489 0.613481 0.314169 0.204568 0.42752 0.453781 0.62086 0.484958 0.185343 0.190982 0.149645 0.356318 0.783328 0.121354 0.0946103 0.0936065 0.0840449 0.0723813 0.0619041 0.0605991 0.0437127 0.21859 0.0356772 0.0406023 0.0319715 0.0248827 0.0223648 0.0598483 0.150064 0.0208195 0.019713 0.0169055 0.0134849 0.00676598 0.023524 0.00566618 0.0127441 0.00464779
threshold=17.042356613092441 23.556476892480205 19.336804036891529 -0.18399835165767994 86.250000000000014 -0.25881904510252113 1.1250000000000002 923.85000000000002 2.5907818635919853 930.6500000000002 1943.0915000000002 0.59258786625383142 0.35769492645306972 4.289673541104599 5.0929824253975227 4.4514448908690349 21.170547451515763 7046.924 2197.4140000000002 20.772916666666671 0.64534213713577271 6.8083333333332385 18.652166542208217 27.001875000000002 929.55000000000007 4.4650000000000007 24.328380422669557 94.65000000000002 3.7450584223398677 98.950000000000017 98.050000000000011 924.75000000000011 0.99950000000000017 921.1500000000002 25.175000000000001 929.95000000000016 0.48550000000000004 2.0523342577642896 920.55000000000007 0.1889016703770974 -0.95747632178960107 19.723123568158506 24.129949366009104 32.058068656195509 64.850000000000009 0.52150000000000019 18.370503049186318
decision_type=2 2 2 2 2 2 2 2 2 2 2 2 2 2 2 2 2 2 2 2 2 2 2 2 2 2 2 2 2 2 2 2 2 2 2 2 2 2 2 2 2 2 2 2 2 2 2
left_child=2 3 9 12 19 6 7 -6 -9 -1 -3 27 22 14 15 -14 -17 18 25 41 21 -21 29 -22 -4 38 28 42 31 30 -2 32 34 -15 40 36 -7 -38 -13 -16 -24 -5 -12 -44 -23 -46 -8
right_child=1 10 24 4 5 35 46 8 -10 -11 11 17 13 33 39 16 -18 -19 -20 20 23 44 26 -25 -26 -27 -28 -29 -30 -31 -32 -33 -34 -35 -36 -37 37 -39 -40 -41 -42 -43 43 -45 45 -47 -48
leaf_value=0.002043105401192835 -0.00064577627129149516 -0.14519023279507609 0.0020404245812544034 -0.014098399676482631 -4.335634316194995e-05 -0.012392300978772119 0.0023521811871139056 0.0022548503899120147 0.0023820736933216368 0.0021435168224685514 -0.0023383016786630339 -0.00020106479201912754 -0.0001104059588338563 0.0011041037550688468 -0.0066612017270449592 5.5382603769552271e-05 0.0031081179863788845 -0.028722825322089435 -0.0082451737139087374 0.0045754633097345515 -0.19422699866015733 -0.0096678151329302794 -0.0017107075577429966 0.0028528301416190682 0.0018699920461773608 -0.0011420745640123155 9.3835310226367624e-05 -3.8847216087316168e-05 6.5218842917591572e-05 -0.0001042616291471789 0.0017172515353853491 -6.556444863486664e-05 -0.00088936107271523181 -0.033687429919239641 -0.000140527195458945 -0.0088913424898515916 -0.0031548872484654855 0.0024062154599556462 0.012618449675693356 8.1861764846176445e-05 -0.0013732807096202967 -0.039567559540770299 -0.013311612111602629 -0.0030345873566815862 -0.013539344010094177 -1.9306643735581067e-05 -0.00050422603712757259
leaf_weight=254 221 4804 147 68 75 81 85 295 95 69 87 70 71 68 174 79 95 172 103 78 345 107 71 82 79 73 108 273 68 156 118 75 119 263 103 127 72 106 124 68 1377 346 761 120 78 95 89
leaf_count=254 221 4440 147 68 75 81 85 295 95 69 87 70 71 68 174 79 95 172 103 78 345 107 71 82 79 73 108 273 68 156 118 75 119 263 103 127 72 106 124 68 1377 346 761 120 78 95 89
internal_value=4.59594e-05 -7.38076e-05 0.00278732 0.00020107 0.00050591 0.00106896 0.00163813 0.00216533 0.00255297 0.00381227 -0.000311791 -4.44988e-05 0 0.000181712 0.000474503 0.00089771 0.00135006 0.000178204 0.000379553 0 0.000135799 0.000483988 -7.33071e-05 0 0.00100757 0.000581694 -0.000136938 -0.000196097 -0.00016637 3.76129e-05 0.000164858 -0.000188549 -0.000203285 -4.68941e-05 -0.000222739 0 0.00012958 0.000299201 0.000740622 0 -0.000237694 -0.000188633 -0.000248554 -0.000263377 0 7.96635e-05 0
internal_weight=12594 12045 549 5458 2224 1025 639 465 390 323 6587 1783 3234 818 487 245 174 542 370 1199 785 358 2416 427 226 267 1921 1241 1813 495 339 1745 1670 331 1551 386 259 178 194 242 1448 414 968 881 280 173 174
internal_count=12230 11681 549 5458 2224 1025 639 465 390 323 6223 1783 3234 818 487 245 174 542 370 1199 785 358 2416 427 226 267 1921 1241 1813 495 339 1745 1670 331 1551 386 259 178 194 242 1448 414 968 881 280 173 174
is_linear=0
shrinkage=0.0139946


Tree=75
num_leaves=49
num_cat=0
split_feature=20 18 2 2 11 34 9 44 56 26 38 38 25 16 28 25 27 6 30 52 26 27 9 27 63 9 30 63 52 50 38 60 9 27 60 1 26 25 16 34 50 56 16 2 38 16 40 58
split_gain=14.3384 6.72319 4.96009 3.41144 3.43066 2.06862 2.75157 1.50778 1.45706 2.18254 0.992596 0.848906 0.617556 1.27811 0.402671 0.350356 0.237673 0.226628 0.197475 0.195195 0.308019 0.490509 0.15977 0.145686 0.145218 0.136319 0.12556 0.162177 0.144869 0.30708 0.209546 0.615286 0.117786 0.0945941 0.0755586 0.0703296 0.0651303 0.0559698 0.039501 0.0370352 0.0225089 0.0217062 0.023901 0.0187312 0.0132349 0.00566618 0.00577622 0.000302558
threshold=17.660190033487748 17.730139245209319 20.150000000000002 9.6000000000000014 9.5000000000000018 0.61086542111289521 -0.2760944163666606 2.4358112448931251 925.6500000000002 93.550000000000011 4.8601775560500213 5.2425578704255384 16.005000000000006 24.929058441399558 41.650000000000013 24.605000000000004 84.15000000000002 0.78656609248549303 76.550000000000011 0.21850000000000003 97.750000000000014 81.65000000000002 0.45206801762443477 98.250000000000014 2.228696266559052 -0.45206801762443477 96.250000000000014 2.6442602078131583 0.99550000000000016 30.908333333333207 5.0303356815425522 5.0650000000000004 0.20088869483109786 96.050000000000011 1.0000000180025095e-35 12.890000000000002 99.250000000000014 23.715000000000003 17.941441828843988 0.16823639447791436 0.74166666666654368 922.45000000000016 18.386912598163576 33.45000000000001 5.6557972451070313 19.858594678507234 0.33679852311999131 1.0050000000000001
decision_type=2 2 2 2 2 2 2 2 2 2 2 2 2 2 2 2 2 2 2 2 2 2 2 2 2 2 2 2 2 2 2 2 2 2 2 2 2 2 2 2 2 2 2 2 2 2 2 2
left_child=1 2 10 4 12 6 7 -6 23 47 -1 40 13 -2 -14 26 18 43 -17 -7 21 -21 25 -3 35 -20 27 33 29 30 31 -28 -29 37 -26 38 -25 39 -19 -16 -11 45 -43 -5 -32 -30 -47 -10
right_child=3 8 -4 17 5 19 -8 -9 9 11 -12 -13 14 -15 15 16 -18 24 22 20 -22 -23 -24 36 34 -27 28 32 41 -31 44 -33 -34 -35 -36 -37 -38 -39 -40 -41 -42 42 -44 -45 -46 46 -48 -49
leaf_value=0.0020865580765282409 0.003613295531914848 -0.0034481408693395328 0.0015134433184673703 -0.013496510435175932 0.0018733082738738457 -0.015886816658158068 -0.040613941853383462 0.0025214952952361327 0.0019686154475033225 0.0019868780469122719 0.0018211280320087622 0.0021820799579043079 -0.057016285392985179 -0.11852362080471518 -0.0090462756265839335 -0.02160045072752902 -2.901543918211822e-05 -0.00098508431015952242 0.0033200864353090495 -0.00047583345002374412 -0.00069181974625462568 0.0027745748894893838 0.01134641998500305 0.0009552130138547367 -0.0034110468497382603 -0.01041137807115357 0.0021152010665827481 -0.0061990277639002696 -0.00010165342642788093 -0.0017535401277275287 -0.0015280980704031422 -0.00021899758441433877 0.0014425534371030229 -3.9241120118066404e-06 0.0055865343029302839 -2.4305207229671213e-05 -6.7117366954341873e-05 -0.00029851957946446184 -0.0022808884102787845 -0.0040523727635773023 0.0023218691406323589 -6.3354002988479083e-05 -0.0015858690843605465 -0.10527959085249242 1.6647802522369734e-05 -0.0012623744942541818 0.00028752413011762283 -0.012052688231771851
leaf_weight=101 93 207 79 285 95 104 76 77 68 171 103 99 721 108 108 72 88 233 69 109 86 115 79 75 199 93 107 90 134 223 184 81 89 245 133 163 78 304 942 858 71 73 280 4456 73 70 103 124
leaf_count=101 93 207 79 285 95 104 76 77 68 171 103 99 721 108 108 72 88 233 69 109 86 115 79 75 199 93 107 90 134 223 184 81 89 245 133 163 78 304 942 858 71 73 280 4092 73 70 103 124
internal_value=4.59594e-05 0.00151969 0.00347311 -0.000100151 0.000164776 0.00110305 0.00217011 0.00314126 0.000819405 0.0012872 0.00462713 0.0019574 5.90939e-06 0.000769565 -1.52078e-05 3.0628e-05 0.000422255 -0.000317554 0.000613162 0.000294974 0.000488476 0.000772368 0.000804163 0 -0.000111207 2.77899e-05 0 -9.90708e-05 7.72986e-05 0.000232848 0.000464609 0.000851005 0.00014047 -0.000171931 9.44796e-06 -0.000191405 0.000415278 -0.000223205 -0.000231115 -0.000277118 0.00246338 0 -0.000109452 -0.000375961 0 0 7.96635e-05 0
internal_weight=12594 1176 283 11418 5007 662 248 172 893 533 204 341 4345 201 4144 3423 401 6411 313 414 310 224 241 360 1670 162 3022 1694 1328 668 445 188 179 1515 332 1338 153 1270 1175 966 242 660 353 4741 257 307 173 192
internal_count=12230 1176 283 11054 5007 662 248 172 893 533 204 341 4345 201 4144 3423 401 6047 313 414 310 224 241 360 1670 162 3022 1694 1328 668 445 188 179 1515 332 1338 153 1270 1175 966 242 660 353 4377 257 307 173 192
is_linear=0
shrinkage=0.0139946


Tree=76
num_leaves=48
num_cat=0
split_feature=62 62 18 37 50 1 55 45 54 45 45 10 42 63 27 53 56 61 61 63 49 51 45 34 62 19 54 6 10 45 37 57 57 53 1 19 33 19 54 62 34 0 53 9 3 19 0
split_gain=21.9487 4.24962 3.43603 2.08532 3.30726 2.03118 0.874489 0.735197 0.387197 0.456377 0.747754 0.597132 0.430285 0.39879 0.568581 0.289832 0.251305 0.220556 0.182189 0.161005 0.13885 0.13105 0.179013 0.19485 0.128223 0.168808 0.112958 0.172011 0.361055 0.689335 0.139136 0.0936065 0.0902756 0.0854003 0.0769605 0.0481269 0.0435676 0.0476306 0.0342107 0.0331927 0.027234 0.0221998 0.0210118 0.0170136 0.00541027 0.00523562 0.00240204
threshold=17.042356613092441 23.303586138093973 19.336804036891529 21.530535618151124 6.3749999999998774 0.045000000000000005 930.6500000000002 2004.2455000000002 0.99350000000000016 2004.2455000000002 2240.4830000000006 -0.97106408147883394 0.32995201623484643 1.0000000180025095e-35 83.550000000000011 0.97450000000000003 927.45000000000016 10.125000000000002 3.0650000000000004 0.59258786625383142 607.90000000000009 5309.5740000000014 2197.4140000000002 1.8142433022522486 20.421159798168251 19.042456077343257 0.36850000000000005 0.1294095225512602 0.76663042157996963 1138.6075000000003 29.837986002360164 929.55000000000007 924.95000000000016 0.99850000000000005 27.215000000000003 26.321453314393644 18.537732195261764 27.45467792828622 0.53850000000000009 18.113778864699558 4.1435775359536953 0.82500000000000007 0.99450000000000005 -0.9852109833579612 0.18450000000000003 32.228929658043242 1.7150000000000001
decision_type=2 2 2 2 2 2 2 2 2 2 2 2 2 2 2 2 2 2 2 2 2 2 2 2 2 2 2 2 2 2 2 2 2 2 2 2 2 2 2 2 2 2 2 2 2 2 2
left_child=2 3 6 4 5 35 -1 40 9 26 11 -11 -13 15 -15 -14 -7 18 -17 20 36 22 23 -21 25 -6 27 46 30 -30 44 -4 33 34 39 -2 -9 43 -27 -10 -3 45 -16 -38 -29 -12 -5
right_child=1 7 31 8 24 16 -8 19 32 10 41 12 13 14 42 17 -18 -19 -20 21 -22 -23 -24 -25 -26 38 -28 28 29 -31 -32 -33 -34 -35 -36 -37 37 -39 -40 -41 -42 -43 -44 -45 -46 -47 -48
leaf_value=0.0019972994996269732 0.0020656115632440961 -0.11748557094221775 0.0019746346780699186 -0.01657736838769076 -0.0010527241881747175 0.0019699928002099784 0.0020849924276152825 -0.0046020743351148832 -4.2560294562609655e-05 -0.0005548249258747113 -0.0011142290577067458 -0.00011148184570425389 -0.0017840191960001492 -7.6142877101697008e-05 0.0026072498423324176 -0.0015377067173418595 0.0019901919150258031 -4.516552239848026e-05 0.00076620372282766537 0.0057877314349675602 -0.00018918861023367681 -0.026723127682739354 -0.0016807057013091342 -0.0080828424643694958 -0.0060894155059782878 0.0023970296459676689 -0.0097120051293299557 -0.075358371381321301 -0.0093116320988682697 0.007023830876476427 0.001800033825264833 0.0018209622095803927 0.0015722477125839872 -5.392234541147013e-07 6.0547811960653825e-06 -0.0098904804098334468 -0.00029250491830109648 -4.4653516190190886e-05 0.0024620590053493433 -0.0011372856951842713 -0.15410004731932986 4.0617749209259696e-05 -0.00011573010937579564 -0.012680783213183649 -0.015232406324959681 -0.00017678395314228433 -0.004937795321588466
leaf_weight=254 81 5178 147 214 129 73 69 74 99 236 248 128 171 96 290 90 109 77 76 138 127 113 122 68 230 79 358 250 78 100 74 79 122 226 69 72 81 130 89 895 92 187 74 698 68 68 68
leaf_count=254 81 4814 147 214 129 73 69 74 99 236 248 128 171 96 290 90 109 77 76 138 127 113 122 68 230 79 358 250 78 100 74 79 122 226 69 72 81 130 89 895 92 187 74 698 68 68 68
internal_value=5.26257e-05 -6.68375e-05 0.00278732 0.000226195 0.000863876 0.0019582 0.00381227 -0.000301138 8.44243e-05 0.000183202 0.000328859 0.000519726 0.000670907 0.000782376 0.0011328 0.00022767 0.00302369 0.000565553 0.000850822 0 -0.000119389 0.000188193 0.000354059 0.000606302 3.63955e-05 0.000293854 0 5.94198e-05 0.00024681 0.000766046 0 0.00100757 -7.44408e-05 -0.000139369 -0.000198123 0.000234541 -0.000208533 -0.000237459 0.000588696 -0.000238973 -0.000380364 -7.6332e-06 0.00138719 -0.000278784 -0.000119241 -0.00011735 -8.11184e-05
internal_weight=12594 12045 549 5224 862 335 323 6821 4362 2951 1741 1238 1002 874 460 414 182 243 166 1551 1110 441 328 206 527 297 1210 852 570 178 392 226 1411 1289 1063 153 983 909 168 994 5270 503 364 779 318 316 282
internal_count=12230 11681 549 5224 862 335 323 6457 4362 2951 1741 1238 1002 874 460 414 182 243 166 1551 1110 441 328 206 527 297 1210 852 570 178 392 226 1411 1289 1063 153 983 909 168 994 4906 503 364 779 318 316 282
is_linear=0
shrinkage=0.0139946


Tree=77
num_leaves=49
num_cat=0
split_feature=33 57 50 10 26 37 10 5 27 26 58 4 31 50 41 31 37 10 10 45 25 36 58 61 45 26 61 10 18 3 30 26 43 43 41 36 19 55 26 30 1 25 27 4 22 45 45 30
split_gain=12.5507 9.18322 8.41771 4.32834 2.80473 2.65245 1.03619 1.5258 0.92258 0.870718 0.486182 0.528154 0.347314 0.313996 0.300729 0.230211 0.227909 0.268966 0.266518 0.622372 0.214906 0.271693 0.366284 0.546854 0.151595 0.133017 0.0962392 0.0808263 0.0554034 0.182292 0.0336496 0.0267439 0.0509923 0.0229207 0.015714 0.0845823 0.184262 0.0596909 0.0132349 0.0105633 0.0150179 0.00793993 0.00755835 0.00469487 0.0384674 0.00356022 0.0080632 0.00085729
threshold=18.671979662200702 925.55000000000007 0.74166666666654368 0.94968266440323645 74.350000000000009 20.45317532922267 -0.18399835165767994 -0.25881904510252113 85.950000000000017 98.750000000000014 1.1250000000000002 927.55000000000007 -0.83049294522961847 1.0000000180025095e-35 20.515833333333337 -1.0192813609843474 26.231367385858341 -0.66483077113278999 -0.55599684127981919 2182.4475000000007 23.025000000000002 2.7308153515980309 0.91500000000000015 4.6750000000000007 2004.2455000000002 90.350000000000009 0.83500000000000008 0.94415253529446119 28.24286549646953 0.95850000000000002 93.850000000000009 97.65000000000002 25.32854166666667 23.717708333333338 21.954166666666669 0.74851745557689042 29.132149504110835 922.35000000000002 98.550000000000011 99.050000000000011 25.175000000000001 22.075000000000003 98.350000000000009 922.1500000000002 23.145000000000003 1262.8340000000003 1434.1765000000003 97.65000000000002
decision_type=2 2 2 2 2 2 2 2 2 2 2 2 2 2 2 2 2 2 2 2 2 2 2 2 2 2 2 2 2 2 2 2 2 2 2 2 2 2 2 2 2 2 2 2 2 2 2 2
left_child=1 34 3 5 13 -3 16 8 15 10 11 -10 -7 45 -4 -8 17 26 19 -19 41 22 23 25 -15 -22 43 -17 30 -30 33 32 -20 -9 37 -36 -37 42 -33 40 -28 -18 -1 44 -6 -2 -47 -45
right_child=4 2 14 -5 6 12 7 28 9 -11 -12 -13 -14 24 -16 27 20 18 31 -21 21 -23 -24 -25 -26 -27 39 -29 29 -31 -32 38 -34 -35 35 36 -38 -39 -40 -41 -42 -43 -44 47 -46 46 -48 -49
leaf_value=-0.0011941476885064513 -0.011238233280709534 0.001953443070942475 -0.011616709821594179 0.0019743793885765399 -0.0046292688503190068 0.0019164251177653383 -0.013687683854945863 -0.039301276439445372 0.0023544833310056895 -0.00073185304878826962 0.0022257900654048678 0.0020622628935689133 0.0018910361875318599 -0.11982717448207392 0.002939595872273491 0.0028144490331166896 7.8576557268256054e-06 -0.0012675777540752183 -0.0042341726252243805 0.0020001533240835167 0.005717356651138472 -0.0031218647534907947 -0.00034449965930127125 -8.8520974319525545e-05 -1.8415187177772531e-05 5.9270167430618869e-05 -0.0021984385457436213 -0.00052410018277523592 -0.0099923792995919459 0.0038483385393146248 -0.00012263300493271887 0.00071704861507099692 0.0011603082419867614 -0.0015539213567297169 -0.00010263296316072062 0.0020222858000377418 -8.5681275420964852e-05 -0.0027219868528573165 -0.00062633240495428197 -0.00067344540373688567 -0.00047965927625317941 -0.0010824313495953846 0.00067900958710881041 -0.008525062351438073 0.0024088903263952896 0.0024582657163323323 -0.0022057072848058069 -0.00065623687538783485
leaf_weight=94 258 265 206 132 116 179 172 379 107 72 82 132 75 4979 162 74 70 120 374 135 148 153 141 130 76 75 1193 88 91 73 119 73 68 89 86 80 115 310 138 131 80 203 109 230 80 137 127 68
leaf_count=94 258 265 206 132 116 179 172 379 107 72 82 132 75 4615 162 74 70 120 374 135 148 153 141 130 76 75 1193 88 91 73 119 73 68 89 86 80 115 310 138 131 80 203 109 230 80 137 127 68
internal_value=5.15147e-05 0.00113196 0.0020099 0.00297219 -0.000124095 0.00356314 9.96413e-05 0.000414634 0.000871238 0.0013608 0.00167121 0.00203447 0.00199998 -0.000344908 0.000119014 9.02272e-05 -7.37778e-06 -8.65503e-05 6.06846e-05 0.000465034 0.000160695 0.000318675 0.000490101 0.000733344 -0.000378685 0.00115109 -0.000192443 0.00054022 0 0.000191143 -9.01991e-05 0 -0.00010863 -0.000155635 0 8.68483e-05 0.000308197 -4.28207e-05 0 -0.000251902 -0.000267577 0 0 0 2.16e-05 0 1.39699e-05 -5.25216e-05
internal_weight=12594 1813 1019 651 10781 519 5204 1478 727 393 321 239 254 5577 368 334 3726 2806 908 255 920 647 494 353 5055 223 1898 162 751 164 587 653 442 468 794 281 195 513 211 1404 1273 273 203 494 196 522 264 298
internal_count=12230 1813 1019 651 10417 519 5204 1478 727 393 321 239 254 5213 368 334 3726 2806 908 255 920 647 494 353 4691 223 1898 162 751 164 587 653 442 468 794 281 195 513 211 1404 1273 273 203 494 196 522 264 298
is_linear=0
shrinkage=0.0139946


Tree=78
num_leaves=47
num_cat=0
split_feature=62 26 10 18 50 59 10 1 45 50 45 8 9 26 45 9 38 44 62 49 37 20 49 60 48 30 54 62 1 38 16 38 20 43 37 1 34 6 44 26 20 37 43 60 9 37
split_gain=22.0171 3.80077 3.96762 3.43603 2.54287 2.37004 1.24712 0.92676 0.524015 0.604649 0.490481 0.48959 0.489263 0.478069 0.475 0.338459 0.544531 0.372894 0.328773 0.240647 0.176935 0.168715 0.148256 0.145604 0.194565 0.137786 0.0785251 0.0735841 0.0873861 0.0641321 0.411112 0.0743828 0.0432082 0.0371442 0.127374 0.0480709 0.0364178 0.0249547 0.0211695 0.0937276 0.138583 0.249097 0.389981 0.0184103 0.00560968 0.00220939
threshold=17.042356613092441 86.550000000000011 -0.18399835165767994 19.336804036891529 1.0000000180025095e-35 1.1250000000000002 -0.021515300460958474 0.03500000000000001 1951.4325000000001 1.0000000180025095e-35 1604.3835000000001 0.37940952255126048 -0.32533907195844763 98.250000000000014 1862.1445000000001 0.35769492645306972 5.0799775937298168 2.5427266903594226 21.170547451515763 348.35000000000008 25.385619550272512 23.884482687146917 617.10000000000014 5.3150000000000004 190.15000000000001 97.750000000000014 0.83550000000000002 18.738370801992168 25.175000000000001 2.6000780218143285 25.409691719175743 4.9033704339831745 19.106997263572989 23.031875000000003 23.525466455306091 4.745000000000001 4.1435775359536953 -0.98296291314453399 3.0997123171470378 98.950000000000017 19.447644667021304 23.50171791218164 23.76604166666667 2.1350000000000002 0.52707282776374187 23.50171791218164
decision_type=2 2 2 2 2 2 2 2 2 2 2 2 2 2 2 2 2 2 2 2 2 2 2 2 2 2 2 2 2 2 2 2 2 2 2 2 2 2 2 2 2 2 2 2 2 2
left_child=3 8 15 10 5 6 -4 -8 9 29 -1 33 13 19 -12 25 17 -17 -19 -13 22 -22 -10 24 -23 26 -3 -28 37 30 -2 -31 -11 -6 35 -35 -34 -29 39 40 41 42 -27 -24 -18 -41
right_child=1 2 4 -5 11 -7 7 -9 20 32 14 12 -14 -15 -16 16 44 18 -20 -21 21 23 43 -25 -26 38 27 28 -30 31 -32 -33 36 34 -36 -37 -38 -39 -40 45 -42 -43 -44 -45 -46 -47
leaf_value=0.0021843867593431187 0.0040934948911229355 -0.00048654125923039529 0.0018221673256341559 0.0019158742490050168 -0.0058862441307298112 0.0015246819753645822 0.0021325035961805338 0.0019397435627095719 -0.01959998401465753 -0.031855091234148397 0.0018586063608192851 0.0025943987762259472 -0.016361031210521935 -6.0233013090278235e-05 0.0018799422392722226 -6.1282317909502756e-06 5.4588662736737139e-05 8.7048463146286257e-06 0.0019396884942312806 0.0019197160239868623 -0.0027949895291896768 0.010475742636934127 -0.0020351195671833924 -0.011660002546227096 -0.011870475676560981 -0.0011230963018640525 -6.0585990255129893e-05 -0.011015053359305686 -3.3007434125593998e-05 -0.01275294823672277 -0.12639049117194923 0.0012272793248308885 -0.1081858991205646 -0.0024395252641589982 -0.00070392029624493258 0.0044263917653766258 -0.14215054034222399 -0.0033620970480502054 -0.0037782632779007853 -0.00020844966216710561 -0.00020507145689429153 -2.9960111042738994e-05 0.0018695979745386984 -0.010106248659121993 -0.0057130425558328439 -0.0003155553646351635
leaf_weight=70 104 133 72 226 267 142 93 138 562 75 78 111 86 111 175 151 152 75 111 91 92 150 95 105 68 76 214 70 80 418 114 123 5163 71 73 74 84 1194 196 217 240 150 109 72 232 91
leaf_count=70 104 133 72 226 267 142 93 138 562 75 78 111 86 111 175 151 152 75 111 91 92 150 95 105 68 76 214 70 80 418 114 123 4799 71 73 74 84 1194 196 217 240 150 109 72 232 91
internal_value=4.81815e-05 -7.14842e-05 0.000225179 0.00278732 0.000876101 0.00177995 0.00248324 0.00302027 -0.000278727 -0.000330411 0.00381227 0.000342265 0.000705747 0.000968737 0.00431572 -3.66722e-06 0.000243073 0.000663896 0.00108802 0.00138156 0 0.000226117 -0.000135097 0.000409049 0.000613947 -9.23193e-05 -0.000172904 -0.00020568 -0.000244415 0 0.000232036 -3.64873e-05 -0.000383378 0 0.000168384 0.000460769 -0.000388189 -0.00027755 0 5.84452e-05 0.000192512 0.000379522 0.000721622 0 0 0
internal_weight=12594 12045 4820 549 1329 445 303 231 7225 6081 323 884 399 313 253 3491 721 337 186 202 1144 415 729 323 218 2770 1691 1558 1344 759 218 541 5322 485 218 145 5247 1264 1079 883 575 335 185 167 384 308
internal_count=12230 11681 4820 549 1329 445 303 231 6861 5717 323 884 399 313 253 3491 721 337 186 202 1144 415 729 323 218 2770 1691 1558 1344 759 218 541 4958 485 218 145 4883 1264 1079 883 575 335 185 167 384 308
is_linear=0
shrinkage=0.0139946


Tree=79
num_leaves=51
num_cat=0
split_feature=62 62 18 37 5 32 4 57 1 45 57 44 27 32 32 2 25 44 21 5 16 58 25 45 6 4 19 0 56 0 57 42 36 61 33 43 34 4 57 56 17 37 18 27 44 44 37 37 0 52
split_gain=22.0684 3.60681 3.43603 2.3339 3.0654 1.91055 1.62741 1.04615 1.87375 0.811252 0.349395 1.03288 0.534767 0.937322 0.502767 0.189043 0.303786 0.190539 0.17479 0.158884 0.182554 0.154876 0.113214 0.331443 0.111068 0.108981 0.0983463 0.0963421 0.197561 0.670943 0.0936065 0.0705118 0.0313385 0.025211 0.0296631 0.0232818 0.0161119 0.0146999 0.256522 0.0530403 0.0472689 0.0176417 0.0108941 0.0108244 0.0102985 0.0322275 0.0316456 0.0140608 0.00530918 0.000687087
threshold=17.042356613092441 23.303586138093973 19.336804036891529 21.530535618151124 -0.25881904510252113 -1.6199999999999999 930.6500000000002 925.55000000000007 0.045000000000000005 1943.0915000000002 924.95000000000016 2.9978426873670916 85.65000000000002 -0.50499999999999889 -1.1000000000000003 72.950000000000017 24.505000000000006 3.4902833567349374 22.515000000000004 -0.37940952255126059 22.188919359584421 0.87500000000000011 16.785000000000004 1164.0320000000004 0.37940952255126048 922.45000000000016 35.107118329148939 0.58500000000000008 920.1500000000002 0.72500000000000009 929.55000000000007 1.3036167633645088 1.9735127535767008 0.15500000000000003 18.537732195261764 27.001875000000002 1.0105724632572797 921.05000000000007 920.95000000000016 924.85000000000002 26.102425465262392 23.089152789322021 21.63582795332891 89.050000000000011 2.756668114825958 1.9672509708940129 22.820018411228954 25.767564355941158 0.60500000000000009 0.53150000000000019
decision_type=2 2 2 2 2 2 2 2 2 2 2 2 2 2 2 2 2 2 2 2 2 2 2 2 2 2 2 2 2 2 2 2 2 2 2 2 2 2 2 2 2 2 2 2 2 2 2 2 2 2
left_child=2 3 6 4 5 -2 -1 -7 -9 26 18 12 -12 14 -14 16 36 33 25 37 -21 27 23 -13 -25 44 -3 -18 -29 -30 -4 -22 -27 -17 -35 42 -11 38 -20 40 41 -39 -24 -43 45 -5 -47 -46 -38 -6
right_child=1 9 30 10 49 7 -8 8 -10 15 11 22 13 -15 -16 17 21 -19 19 20 31 -23 35 24 -26 32 -28 28 29 -31 -32 -33 -34 34 -36 -37 48 39 -40 -41 -42 43 -44 -45 47 46 -48 -49 -50 -51
leaf_value=0.0019298510293207394 0.0013182791114533354 -0.13721197950546835 0.0018933687282835802 -0.0018554815096310196 -0.033417795173789226 3.9136841632128966e-05 0.0017572281226848733 0.002307661950508552 0.0019489973233332159 -6.8572650467187092e-05 -0.0081428158558245374 -0.0072136870266837671 0.001938980695594304 -0.00098346386508405535 0.0029973299799821379 -0.015166714583285234 0.00022264496521204389 0.0092337860366548934 -0.0013097081354602352 -0.00015020598193904349 0.0030278310008361843 -0.01013428682419323 -0.003318021640053701 0.0003670744152556208 0.0036874941194078108 -0.0013181323570056053 -0.019296977061198317 -0.0010271618479855023 0.010076924897667938 -0.002825004262112905 0.0017412601985989462 4.6974559325837065e-05 -0.001724658098068169 -0.013922411927162787 -0.032398274718252663 -0.0018532927088972888 -0.0002876976394512836 -0.0012615124215613633 0.0019597488872416281 0.0017600263525492296 -5.9966006720063025e-05 -3.7404328490192122e-05 -0.0064926102079769996 -0.0012156737735068491 -0.0015402457657392131 0.00093282927293133805 -1.8857900038837448e-05 -0.00041362727542969567 -0.0068309758350315539 0.00042178959041847653
leaf_weight=252 131 4857 147 70 172 68 71 115 137 68 73 181 69 98 131 68 164 88 228 116 77 80 69 82 85 605 77 82 89 88 79 77 113 68 769 119 69 99 118 99 223 164 382 454 316 68 175 71 254 239
leaf_count=252 131 4493 147 70 172 68 71 115 137 68 73 181 69 98 131 68 164 88 228 116 77 80 69 82 85 605 77 82 89 88 79 77 113 68 769 119 69 99 118 99 223 164 382 454 316 68 175 71 254 239
internal_value=4.48484e-05 -7.49693e-05 0.00278732 0.00019406 0.000863876 0.00165809 0.00381227 0.00224294 0.00268057 -0.000290883 4.5941e-05 0.000244097 0.000865338 0.00113154 0.00167672 -5.89263e-06 9.94368e-05 -0.000168456 -1.5362e-05 5.52013e-05 0.000364735 0.000363001 0 0.000189818 0.000677545 -0.000145138 -0.000386182 0.000477467 0.000666057 0.000929161 0.00100757 0.000679286 -0.000266831 -0.000267518 -0.000288536 -0.000129344 -6.823e-05 0 7.26318e-05 -3.16683e-05 -0.000109735 -0.000169279 -0.00017662 -0.000196993 0 3.53528e-05 0.000165481 -6.46132e-05 -0.000123867 0
internal_weight=12594 12045 549 5224 862 451 323 320 252 6821 4362 1289 371 298 200 1887 894 993 3073 1655 270 503 918 348 167 1418 4934 423 259 177 226 154 718 905 837 570 391 1385 346 1039 940 717 451 618 700 313 243 387 323 411
internal_count=12230 11681 549 5224 862 451 323 320 252 6457 4362 1289 371 298 200 1887 894 993 3073 1655 270 503 918 348 167 1418 4570 423 259 177 226 154 718 905 837 570 391 1385 346 1039 940 717 451 618 700 313 243 387 323 411
is_linear=0
shrinkage=0.0139946


Tree=80
num_leaves=49
num_cat=0
split_feature=20 18 2 47 11 34 10 35 57 59 40 25 33 54 26 11 10 10 58 40 48 55 53 53 24 27 26 28 19 54 29 26 27 20 34 28 19 0 34 20 19 57 41 35 2 10 3 27
split_gain=13.9839 6.82354 4.96009 3.17273 3.18165 1.66071 2.638 1.39839 2.14056 1.22 1.04786 0.508578 1.17642 0.307943 0.33083 0.295401 0.375065 0.302958 0.408409 0.48636 0.240058 0.223826 0.295087 0.281187 0.33587 0.61568 0.153622 0.159731 0.0851903 0.0775096 0.0760008 0.128486 0.125888 0.0453588 0.0452731 0.0443401 0.0208679 0.0755262 0.0686554 0.0155313 0.0137119 0.0096082 0.00781368 0.00857972 0.00481804 0.00185879 0.0427704 0.00077807
threshold=17.660190033487748 17.730139245209319 20.150000000000002 78.250000000000014 9.5000000000000018 0.61086542111289521 0.98043284291745803 20.59192970821351 925.6500000000002 1.0950000000000004 0.18583146486455587 16.005000000000006 24.307832495785526 0.52150000000000019 97.750000000000014 4.5000000000000009 -0.66483077113278999 -0.55599684127981919 0.72500000000000009 0.29670411748634989 144.85000000000005 922.6500000000002 0.99450000000000005 0.98750000000000016 26.825000000000003 95.550000000000011 72.550000000000011 95.750000000000014 35.497307439008331 0.83150000000000002 68.250000000000014 99.050000000000011 97.750000000000014 19.043974068518914 0.17832702305958242 99.950000000000017 18.323436208999912 0.67500000000000016 0.70905266154343016 17.159050824140841 32.837798688654125 920.85000000000002 25.737500000000004 29.271936114042237 33.45000000000001 -0.89388548498445497 0.98550000000000015 65.750000000000014
decision_type=2 2 2 2 2 2 2 2 2 2 2 2 2 2 2 2 2 2 2 2 2 2 2 2 2 2 2 2 2 2 2 2 2 2 2 2 2 2 2 2 2 2 2 2 2 2 2 2
left_child=1 2 -1 4 11 6 10 8 39 -10 -6 12 -2 -7 20 28 21 18 19 -18 -15 22 23 45 -25 -26 44 36 34 -23 -19 32 42 -24 -13 -29 47 38 -38 -3 -35 -31 -32 -44 -5 -17 -47 -28
right_child=3 7 -4 26 5 13 -8 -9 9 -11 -12 15 -14 14 -16 16 17 30 -20 -21 -22 29 33 24 25 -27 27 35 -30 41 31 -33 -34 40 -36 -37 37 -39 -40 -41 -42 -43 43 -45 -46 46 -48 -49
leaf_value=0.0018943982470536458 0.002343673565819679 -0.00078139017917599563 0.001417560486719758 -0.040010982290462141 0.0018403648541428005 -0.0031139396163924102 -0.075068344938460763 -5.162271106866194e-05 0.0021751084936507707 0.0017682814904670906 0.001930920246478068 -0.0075267501037032947 -0.0081364924021704258 0.0021636139415108424 -0.00072390279538154276 -0.0022439341748584207 -1.5368614845732757e-05 -0.0013079444272901864 -0.00013275518663780533 0.0013112437675343298 0.00016112343381054006 -0.00018396126077953093 -3.1435123888580114e-06 -0.00048803467607272112 0.0020220206113455465 -0.00035750245480213356 -0.047649992147012092 -0.014735164859038129 0.00026910627766139113 -0.0009046892865130524 -0.00051525817747864852 -0.00045724136391238199 0.0028626910812653839 -0.0017150128861201886 -0.049040764997987568 -0.0047131910700682744 -0.0087143878540171353 -0.007062298316771588 0.005075551650589049 0.00065348098261469524 -0.0029640974775605585 -0.0019171499467100347 0.0019476129216587166 -0.00018716878679955214 -0.15648297176058787 -0.0013288025502856422 0.0037816395244389209 -0.018209064661121353
leaf_weight=204 91 150 79 183 86 205 74 265 247 133 125 193 150 87 68 230 68 246 216 96 74 184 204 92 122 78 69 842 116 91 155 156 91 425 926 92 70 217 103 98 69 719 70 68 3879 78 77 233
leaf_count=204 91 150 79 183 86 205 74 265 247 133 125 193 150 87 68 230 68 246 216 96 74 184 204 92 122 78 69 842 116 91 155 156 91 425 926 92 70 217 103 98 69 719 70 68 3515 78 77 233
internal_value=5.26257e-05 0.00150781 0.00347311 -9.15729e-05 0.000132541 0.00100205 0.00188484 0.000803767 0.00116304 0.00182456 0.00268604 0 0.000631291 0.000262174 0.000625309 -2.42985e-05 2.42769e-05 0.000242124 0.00057851 0.00111927 0.000975761 -5.4632e-05 1.9672e-05 0.000265424 0.000591736 0.000914113 -0.000329153 -0.000137253 -0.000217641 -0.00022492 0 0.000154585 0.000314281 -0.000122485 -0.000259143 -0.000257284 0 8.87614e-05 0.000319761 0 -0.000197711 -0.00028417 0 0.000104602 -0.000389292 0 4.77654e-05 -5.73569e-05
internal_weight=12594 1176 283 11418 5730 719 285 893 628 380 211 5011 241 434 229 4770 3535 1166 380 164 161 2369 1375 677 292 200 5688 1626 1235 994 786 540 384 698 1119 934 692 390 173 248 494 810 293 138 4062 385 155 302
internal_count=12230 1176 283 11054 5730 719 285 893 628 380 211 5011 241 434 229 4770 3535 1166 380 164 161 2369 1375 677 292 200 5324 1626 1235 994 786 540 384 698 1119 934 692 390 173 248 494 810 293 138 3698 385 155 302
is_linear=0
shrinkage=0.0139946


Tree=81
num_leaves=46
num_cat=0
split_feature=20 57 28 2 2 11 31 9 24 25 45 45 9 38 44 45 63 63 44 43 24 9 24 43 57 63 53 55 60 34 57 54 60 45 45 63 36 32 9 2 16 44 60 20 9
split_gain=14.1614 6.10766 6.2794 3.2377 3.047 3.57497 2.8334 3.23627 1.30439 0.63208 1.42389 0.416697 0.454217 0.731503 0.820243 0.285204 0.258594 0.241763 0.209665 0.348873 0.186681 0.177456 0.197611 0.274153 0.244204 0.169136 0.141614 0.125523 0.0999648 0.0985769 0.0889809 0.0837398 0.0685558 0.0559957 0.202671 0.13968 0.0352116 0.0295423 0.0132352 0.00619553 0.00153464 0.0010217 0.000423487 0.000170242 0.000102104
threshold=17.560833970334667 925.6500000000002 85.950000000000017 15.450000000000001 9.6000000000000014 9.5000000000000018 -1.4923976372322973 -0.40542197401079733 25.865000000000006 16.005000000000006 1164.0320000000004 2004.2455000000002 0.45206801762443477 4.9474882228014545 2.5310720487136322 1937.9475 1.3971954989100797 3.1611730551357096 2.6782356030484529 23.494375000000005 29.315000000000001 -0.74981945761428159 26.975000000000005 24.10979166666667 920.75000000000011 -1.2057910229822892 0.25050000000000006 922.35000000000002 1.925 0.62406159118426974 924.95000000000016 0.43950000000000006 25.695000000000004 2218.1325000000002 2149.6985000000004 -0.62755563001837789 0.6577227906281794 -2.2799999999999989 0.52707282776374187 38.250000000000007 19.785200300784844 2.2765782653172137 6.205000000000001 18.929891436406233 -0.95747632178960107
decision_type=2 2 2 2 2 2 2 2 2 2 2 2 2 2 2 2 2 2 2 2 2 2 2 2 2 2 2 2 2 2 2 2 2 2 2 2 2 2 2 2 2 2 2 2 2
left_child=1 44 31 8 5 9 18 -8 -4 10 -2 17 21 14 -14 20 30 36 19 25 39 22 23 -13 -25 -7 -19 33 29 -18 32 -3 37 34 43 -36 -11 -17 -15 -6 -24 -29 -32 -23 -1
right_child=4 2 3 -5 15 6 7 -9 -10 11 -12 12 13 38 -16 16 28 26 -20 -21 -22 27 40 24 -26 -27 -28 41 -30 -31 42 -33 -34 -35 35 -37 -38 -39 -40 -41 -42 -43 -44 -45 -46
leaf_value=0.00054292961648445099 -0.076827091756657306 -0.011618710133377608 0.0019636279754756277 0.0018373899221259188 -0.02399946311966587 0.00011916758530281916 0.0023459237566804065 0.001441377022872259 0.0017994504277691347 -0.00527092205898328 0.0037490629894242158 -8.1766765350231748e-05 -0.00015240900419170896 9.5295838639958586e-05 0.003766734212018414 -0.010029244793491481 -0.00011297507542099177 0.0020229451326264311 -0.0030430865924259147 -0.00087820618025099932 -0.0006885375954007552 5.8810776622546804e-05 0.00061632009925309268 -0.00018313448302553745 0.0022322808316101862 0.0026391996099297309 -0.0078635724042493364 -0.00086332561282957481 -0.0042278114720296573 0.0076698727774182143 0.00079330334787087206 0.0021369814043056246 -0.0022749962390499708 -0.0016402507432304884 -0.00052021981170920076 0.0017320547037387806 -0.018401991586379316 -0.002196082203211964 -0.0056103506072409798 -0.129247419583818 -0.00111902710907022 -0.0036909549804599625 -0.0097515289585921299 -0.0020356791875150728 -0.0010513737396072424
leaf_weight=78 123 122 315 95 181 68 135 99 145 231 79 231 89 82 118 69 98 68 185 115 96 82 118 82 132 72 110 99 133 125 168 106 113 305 70 119 1113 1035 200 4238 178 540 168 200 266
leaf_count=78 123 122 315 95 181 68 135 99 145 231 79 231 89 82 118 69 98 68 185 115 96 82 118 82 132 72 110 99 133 125 168 106 113 305 70 119 1113 1035 200 3874 178 540 168 200 266
internal_value=4.26263e-05 0.0015419 0.00222341 0.0030292 -9.90766e-05 0.000149508 0.00109672 0.00238317 0.00352653 0 0.000763731 -3.42249e-05 5.20026e-05 0.000442349 0.00107042 -0.000304694 -0.000105867 -0.000228171 0.000252913 0.000519517 -0.000373765 -5.61198e-06 0.000131032 0.000339338 0.000697935 0.000985054 0 -0.000124802 0.000137083 0.000342014 -0.000204991 0 -0.000260582 0 9.04264e-05 0.00047773 -0.000306805 -0.000294928 0 -0.000388593 0 -0.000269807 0 0 0
internal_weight=12594 1127 783 555 11467 5043 674 234 460 4369 202 4167 2645 489 207 6424 1909 1522 440 255 4515 2156 741 445 214 140 178 1415 356 223 1553 228 1217 776 471 189 1344 1104 282 4419 296 639 336 282 344
internal_count=12230 1127 783 555 11103 5043 674 234 460 4369 202 4167 2645 489 207 6060 1909 1522 440 255 4151 2156 741 445 214 140 178 1415 356 223 1553 228 1217 776 471 189 1344 1104 282 4055 296 639 336 282 344
is_linear=0
shrinkage=0.0139946


Tree=82
num_leaves=47
num_cat=0
split_feature=62 9 9 62 50 63 43 9 62 9 57 42 54 54 57 35 45 43 10 43 17 19 27 63 63 38 33 45 10 10 21 20 27 9 45 58 35 62 0 47 63 43 43 29 9 45
split_gain=22.1443 3.76823 4.23039 3.0888 1.38812 1.29109 1.92252 0.950641 0.923847 0.822032 0.685752 0.63858 0.625515 0.553564 1.6389 0.478027 0.418996 0.209181 0.257752 0.402182 0.659374 0.482209 0.205899 0.180653 0.138306 0.315285 0.121742 0.0890575 0.0886183 0.108328 0.0822829 0.0817856 0.0735138 0.0720165 0.11915 0.124727 0.0526615 0.0259259 0.018226 0.0128329 0.0107203 0.0589145 0.00568282 0.00625648 0.00228097 0.00502838
threshold=17.65929765440621 -0.30901413279605799 -0.66484924122790601 24.237834161804987 1.0000000180025095e-35 -2.3923120577344803 20.189166666666669 -0.79356426026969629 16.990898242597225 -0.81403855522663837 923.1500000000002 0.33667986757982554 0.74850000000000005 0.96850000000000003 924.85000000000002 17.853784641165984 1943.0915000000002 26.922708333333336 0.68389408864483059 20.772916666666671 24.728705518553458 24.728369130715638 99.250000000000014 0.62706924126242758 2.5342725981353529 4.5198800984695451 19.774550671413504 2182.4475000000007 -0.96227343267549392 -0.97106408147883394 24.345000000000002 17.795380776724119 89.750000000000014 -0.93535928755917819 2127.8220000000006 0.87500000000000011 21.006650758615049 18.155079110543291 0.99500000000000011 183.40000000000003 -0.54752495666085099 23.76604166666667 25.528125000000006 85.350000000000009 0.67125374152323958 1425.9060000000002
decision_type=2 2 2 2 2 2 2 2 2 2 2 2 2 2 2 2 2 2 2 2 2 2 2 2 2 2 2 2 2 2 2 2 2 2 2 2 2 2 2 2 2 2 2 2 2 2
left_child=1 2 4 5 7 6 -2 15 -4 10 40 -12 -13 -8 -15 -1 -5 18 28 26 21 -21 -14 27 44 -26 -20 -18 29 36 31 -30 -3 -25 35 39 -11 -33 -27 -35 41 -7 43 -42 -19 -46
right_child=3 32 8 16 -6 9 13 -9 -10 17 11 12 22 14 -16 -17 23 24 19 20 -22 -23 -24 33 25 38 -28 -29 30 -31 -32 37 -34 34 -36 -37 -38 -39 -40 -41 42 -43 -44 -45 45 -47
leaf_value=0.0018003225674180644 0.0016470034322469871 -0.022508068709845792 0.0020499745880197271 -0.14327694456230358 -0.0016566582462593791 -0.0018634543015695342 -0.0021212355861199897 0.0016593124424536781 0.0018951035800439065 -5.9487404723882915e-05 -0.00076817261359777005 -0.0027471817152357491 0.0020984734189917762 -0.00010719010266177244 0.003125777848592721 0.001775376708467012 -0.028565523374964676 0.00023574923693715622 0.0020530507276382004 0.0003410236453481808 -0.0098276802184060225 0.0045456133718960578 0.00095094658923052899 -0.02343041095389431 -0.0052702387890281987 0.0026300993325292909 -0.038074368779457739 -9.4708984492029052e-05 -8.5551100999119327e-05 0.0019749076868351731 0.00021735431856254934 -0.00093152039855962543 0.0014657883170390935 0.010019515988077259 -0.010836741112437853 -0.029808017762863587 -0.001971217817966598 -0.0014730227345165715 0.00094315669195101667 -0.0013804764891456329 -0.00043983086740203859 -0.00031431112791963838 0.00055930192194712423 -0.00032766065808573512 -0.0096600310796816358 -0.0089913675539714469
leaf_weight=93 73 86 156 4540 85 73 265 77 72 219 100 110 240 174 69 111 684 122 80 101 158 107 74 89 70 80 416 377 188 85 164 70 85 87 113 76 379 1458 80 73 214 89 72 162 68 230
leaf_count=93 73 86 156 4176 85 73 265 77 72 219 100 110 240 174 69 111 684 122 80 101 158 107 74 89 70 80 416 377 188 85 164 70 85 87 113 76 379 1458 80 73 214 89 72 162 68 230
internal_value=5.04036e-05 0.00235845 0.00289741 -9.35136e-05 0.00164367 0.000129235 0.000762454 0.00211533 0.00458723 4.54295e-05 0.00038398 0.000757543 0.00100115 0.000300428 0.000794165 0.00265569 -0.000318206 -3.23884e-05 -8.95795e-05 7.0072e-05 0.000464332 0.000996632 0.00131879 -5.73949e-05 0.000164996 0.000439729 -8.61659e-05 -0.000184539 -0.000169556 0 -0.000220014 -0.000249817 8.54427e-05 9.68923e-05 0.000227967 0.000418046 -9.62438e-05 -0.000283809 0.000811463 0.000638543 0 0.000113195 0 -5.42721e-05 0 -5.85135e-06
internal_weight=12594 765 594 11829 366 5790 581 281 228 5209 1134 524 424 508 243 204 6039 4075 3425 862 366 208 314 1499 650 230 496 1061 2563 683 1880 1716 171 438 349 236 598 1528 160 160 610 162 448 376 420 298
internal_count=12230 765 594 11465 366 5790 581 281 228 5209 1134 524 424 508 243 204 5675 4075 3425 862 366 208 314 1499 650 230 496 1061 2563 683 1880 1716 171 438 349 236 598 1528 160 160 610 162 448 376 420 298
is_linear=0
shrinkage=0.0139946


Tree=83
num_leaves=44
num_cat=0
split_feature=62 62 57 18 27 9 45 2 53 55 54 36 43 3 10 62 25 19 61 10 10 19 57 43 9 45 57 55 55 43 24 23 25 43 23 57 39 37 37 6 55 43 39
split_gain=21.9487 3.69087 4.04958 3.43603 2.61624 2.13829 1.34895 1.1039 1.205 0.874489 0.69477 0.621888 0.493753 0.459144 0.97161 0.378576 0.318389 0.31127 0.172378 0.155833 0.200203 0.137876 0.0936065 0.091624 0.0863214 0.145651 0.0914249 0.0778826 0.0519621 0.0452784 0.0443244 0.0434661 0.0415505 0.0299467 0.135545 0.0253921 0.102732 0.0203279 0.0132349 0.0123961 0.0110842 0.00884099 0.00672094
threshold=17.042356613092441 20.611959699578659 925.55000000000007 19.336804036891529 86.550000000000011 0.39753913293121995 2004.2455000000002 72.950000000000017 0.13350000000000004 930.6500000000002 0.93450000000000022 2.9789567117494218 23.494375000000005 0.95850000000000002 -0.89388548498445497 22.629705432179119 16.785000000000004 34.037053280082766 0.35500000000000004 -0.66483077113278999 -0.61186373645567615 27.114424632958016 929.55000000000007 21.565416666666671 -0.96230016621822456 2134.5005000000006 923.1500000000002 921.05000000000007 922.85000000000002 24.322916666666675 28.355000000000004 25.515000000000004 23.455000000000002 20.772916666666671 25.515000000000004 920.95000000000016 22.751666666666669 29.909823097345598 22.586139653187196 0.98296291314453421 922.35000000000002 23.847708333333337 22.514999999999997
decision_type=2 2 2 2 2 2 2 2 2 2 2 2 2 2 2 2 2 2 2 2 2 2 2 2 2 2 2 2 2 2 2 2 2 2 2 2 2 2 2 2 2 2 2
left_child=3 2 24 9 33 7 16 8 -6 -1 13 12 -10 18 -15 -16 23 39 -8 21 -21 -12 -5 -3 25 -2 -27 35 30 41 -23 -31 38 -4 -35 -26 -37 -19 -22 -18 -20 -29 -34
right_child=1 6 4 22 5 -7 10 -9 11 -11 19 -13 -14 14 15 -17 17 37 40 20 32 28 -24 -25 27 26 -28 29 -30 31 -32 -33 42 34 -36 36 -38 -39 -40 -41 -42 -43 -44
leaf_value=0.0018220182440554407 -0.00040945390755704416 -0.028101616685549079 -0.013387003242323553 0.0017905111553085115 -0.0011090160984331555 0.0020861298841256377 0.0041930422748953497 -0.00065473071038824699 0.0019731251413278891 0.001875411878649498 -0.0067991558486144264 0.0021532620934052852 0.0016252300434866265 -0.0089632953742736377 -0.00046580362247482547 0.0038622943966771703 -0.08167313264598916 -0.042802314121730391 -0.00089689381419878333 0.00309657996274634 -0.0038880186614976566 0.00011966264524465802 0.0016263275000173579 0.003022950034774677 -0.00052153208809460931 -6.0406667948679796e-05 0.0019936938505480247 -0.0019515839527577611 -0.0019003545204055714 -0.001291980004795052 -9.7130867242479178e-05 -0.0018597465523051927 -0.0045479390392706466 0.0053941053865193813 -0.010139213098261154 -4.1656541998636072e-05 0.00046963810989573079 0.0013101070640139146 0.00064791253382422739 -0.025233675577442938 -0.0064551384406913654 -0.00026250391024934381 -0.0015959572665505126
leaf_weight=254 99 158 213 147 82 70 83 117 205 69 753 92 82 152 81 155 5710 134 87 113 117 141 79 81 213 76 79 202 262 594 157 124 68 82 83 155 71 148 73 105 238 222 368
leaf_count=254 99 158 213 147 82 70 83 117 205 69 753 92 82 152 81 155 5346 134 87 113 117 141 79 81 213 76 79 202 262 594 157 124 68 82 83 155 71 148 73 105 238 222 368
internal_value=5.26257e-05 -6.68375e-05 0.000363475 0.00278732 0.00106751 0.00160963 -0.00020827 0.00115472 0.00146203 0.00381227 2.33033e-05 0.0017937 0.00215956 0.000391241 0.000737505 0.00130057 -0.000322968 -0.000344413 0 -8.68443e-05 2.91017e-07 -0.000187062 0.00100757 0 0 0.000195013 0.000493846 -6.73299e-05 0 -0.000140029 0.000104793 -0.000208509 0 0 0.000187481 0 0.000147732 0 0 -0.000367221 -8.28633e-05 0 -0.000136327
internal_weight=12594 12045 2861 549 1026 648 9184 578 461 323 2848 379 287 796 388 236 6336 6097 408 2052 739 1313 226 239 1835 254 155 1581 560 1142 298 718 626 378 165 439 226 282 190 5815 325 424 436
internal_count=12230 11681 2861 549 1026 648 8820 578 461 323 2848 379 287 796 388 236 5972 5733 408 2052 739 1313 226 239 1835 254 155 1581 560 1142 298 718 626 378 165 439 226 282 190 5451 325 424 436
is_linear=0
shrinkage=0.0139946


Tree=84
num_leaves=49
num_cat=0
split_feature=16 2 10 37 5 37 34 44 44 61 43 45 54 45 44 10 61 55 28 37 25 45 10 44 10 43 28 3 4 10 61 30 2 26 1 39 23 28 43 23 34 19 51 61 22 3 28 1
split_gain=13.2373 5.14116 4.59674 4.54361 4.34031 4.54718 3.13714 2.59272 0.685353 2.16405 3.15749 0.42243 0.318149 0.52034 0.331955 0.392764 1.00725 1.19008 0.263658 0.401647 0.246262 0.257832 0.425198 0.497638 0.246811 0.481697 0.241032 0.203202 0.196971 0.394667 0.186405 0.1803 0.14009 0.129874 0.112508 0.104121 0.0931021 0.0848808 0.0631488 0.049249 0.0357354 0.0279435 0.0262615 0.0165851 0.0081774 0.00411375 0.00268324 0.000337404
threshold=16.454411595244135 20.150000000000002 0.91925191855388755 20.45317532922267 0.12940952255126045 21.530535618151124 0.5565416775898222 2.4932289277613404 2.8419168040270542 0.055000000000000007 23.983333333333338 1943.0915000000002 0.99650000000000005 2240.4830000000006 1.9343085283659598 -0.67758968959607091 1.4350000000000003 921.6500000000002 41.650000000000013 29.64938228391382 16.785000000000004 2157.4259999999999 -0.66483077113278999 3.1636041340273415 0.76663042157996963 20.638333333333335 67.450000000000017 0.99050000000000005 922.45000000000016 -0.92260537345622995 0.29500000000000004 64.850000000000009 96.950000000000017 89.950000000000017 0.025000000000000005 27.826666666666664 23.715000000000003 85.350000000000009 18.208541666666672 23.345000000000002 0.32000387956498039 35.90757329248067 2354.6855000000005 9.3350000000000026 21.705000000000002 0.97050000000000003 89.550000000000011 13.155000000000003
decision_type=2 2 2 2 2 2 2 2 2 2 2 2 2 2 2 2 2 2 2 2 2 2 2 2 2 2 2 2 2 2 2 2 2 2 2 2 2 2 2 2 2 2 2 2 2 2 2 2
left_child=1 2 3 -1 5 6 7 -2 9 10 -7 -6 13 14 -11 28 -17 -18 41 20 24 35 33 -24 -20 38 -8 -28 29 -16 34 -21 47 -23 -13 37 -35 -22 -26 -19 -34 -10 -42 45 -14 -15 -39 -32
right_child=4 -3 -4 -5 11 8 26 -9 18 12 -12 30 44 43 15 16 17 39 19 31 21 22 23 -25 25 -27 27 -29 -30 -31 32 -33 40 36 -36 -37 -38 46 -40 -41 42 -43 -44 -45 -46 -47 -48 -49
leaf_value=0.001795448738458339 0.0017679848908017564 -0.0010226300591694426 0.0015389437386701742 0.0017117647635665279 -0.12740733174402585 0.0017910387407775094 -0.0094983037801469813 0.0022696976279825438 -0.062634530169320038 -0.00061190697671279198 -0.0015799863193001261 -0.015773135262520891 -0.00069253314044978478 -0.0014274147405533208 0.0016255369458265017 -0.0013355123124870322 -3.9891511646478584e-05 0.0017800500540906528 -0.20592542622242105 -0.0010925461771737338 -0.0081853892535179266 0.00039816996780859832 0.0023857771936704715 -0.0094666917977656792 0.0020022125402500645 0.0069901191676739549 0.0024763118202434631 -0.0007315097952629888 -0.000891517238969992 -3.0116189027473295e-05 -0.0021717872014335067 0.0015356805704093033 -0.0041176023880276583 0.00010923086335077552 0.015496991080189529 0.0035314548537276032 -0.0016027488671124827 2.3827369890419506e-05 -0.070020498544831791 0.0042269433142644516 -0.0055541415117422313 -0.011748388404713532 -0.019320865399804897 2.9449880764821975e-05 -0.00055399192527151868 -0.00077348847562827517 -0.0011686461546428397 0.00071373483179522129
leaf_weight=218 126 165 100 105 4410 83 134 113 605 114 84 83 68 68 91 107 70 75 91 87 1050 103 118 76 69 70 124 68 190 104 210 78 99 94 144 68 468 111 137 81 69 68 795 172 336 235 360 100
leaf_count=218 126 165 100 105 4046 83 134 113 605 114 84 83 68 68 91 107 70 75 91 87 1050 103 118 76 69 70 124 68 190 104 210 78 99 94 144 68 468 111 137 81 69 68 795 172 336 235 360 100
internal_value=5.15147e-05 0.00210076 0.00291497 0.00372611 -4.35473e-05 0.000211842 0.00141302 0.0026736 7.65274e-05 0.000296629 0.00183781 -0.000318355 0.000105033 0.000234966 0.000456922 0.000576328 0.000969388 0.00149891 -1.82848e-05 1.77662e-05 0 -7.21211e-05 7.17793e-05 0.000669171 0.000310175 0.000549255 0.000273411 0.000608217 5.916e-05 0.000450374 -5.76362e-05 0.000690698 -0.000157804 -2.84076e-06 0.000206401 -0.000192259 -0.000174861 -0.000228045 0 0.00217243 -0.000247666 -0.000277365 -0.000276468 -1.2777e-05 -0.000148455 -0.000104451 0 0
internal_weight=12594 588 423 323 12006 6096 565 239 5531 1878 167 5910 1711 1307 832 718 333 226 3653 2980 2815 2448 859 194 367 276 326 192 385 195 1500 165 1273 665 227 1589 562 1521 206 156 963 673 864 475 404 303 471 310
internal_count=12230 588 423 323 11642 6096 565 239 5531 1878 167 5546 1711 1307 832 718 333 226 3653 2980 2815 2448 859 194 367 276 326 192 385 195 1500 165 1273 665 227 1589 562 1521 206 156 963 673 864 475 404 303 471 310
is_linear=0
shrinkage=0.0139946


Tree=85
num_leaves=56
num_cat=0
split_feature=20 18 2 2 18 38 26 57 55 30 32 38 30 5 45 26 3 4 3 57 44 60 35 19 57 0 38 30 57 24 4 2 38 63 38 57 55 0 4 30 57 63 63 1 30 60 42 1 38 63 41 58 18 60 5
split_gain=13.7767 6.92442 4.96009 3.13091 3.39978 1.6274 1.40399 1.79823 1.04205 2.091 1.10596 0.992596 0.923974 0.318243 0.255527 0.202558 0.256709 0.441044 0.43987 0.207668 0.400069 0.331028 0.18917 0.189152 0.166728 0.122785 0.121447 0.112361 0.107107 0.118609 0.0810566 0.0756696 0.0655585 0.0636809 0.177232 0.0727336 0.0617101 0.0512752 0.200301 0.040623 0.033998 0.0313969 0.0381341 0.0283819 0.0265659 0.0187786 0.0168717 0.0202889 0.0163934 0.00648303 0.00488225 0.0029832 0.00223318 0.000187888 0.000101457
threshold=17.660190033487748 17.730139245209319 20.150000000000002 9.6000000000000014 18.453144659510638 5.1024025152289108 93.550000000000011 925.75000000000011 928.25000000000011 88.15000000000002 -2.1249999999999996 4.8601775560500213 95.65000000000002 0.37940952255126054 2004.2455000000002 89.250000000000014 0.97050000000000003 921.75000000000011 0.99250000000000005 923.85000000000002 2.7474971152472922 0.33500000000000008 24.875424734418143 35.497307439008331 924.45000000000016 0.20500000000000004 2.7959194687070368 85.15000000000002 921.35000000000002 24.915000000000003 921.1500000000002 72.950000000000017 5.6557972451070313 1.0000000180025095e-35 4.7575622829636108 921.05000000000007 928.85000000000002 1.0050000000000001 923.75000000000011 99.050000000000011 919.35000000000002 -2.8590639316290125 1.1813151974994496 0.03500000000000001 71.350000000000009 1.925 0.82871185165534089 18.615000000000006 4.9785196830781517 0.62706924126242758 20.992500000000003 0.62500000000000011 24.121507704038802 6.8050000000000006 -0.70710678118654735
decision_type=2 2 2 2 2 2 2 2 2 2 2 2 2 2 2 2 2 2 2 2 2 2 2 2 2 2 2 2 2 2 2 2 2 2 2 2 2 2 2 2 2 2 2 2 2 2 2 2 2 2 2 2 2 2 2
left_child=1 2 11 4 -2 6 54 -8 14 50 -11 -1 -12 27 22 16 -16 -18 -19 30 21 -21 26 -24 -23 -15 -6 28 29 -5 33 -27 39 51 -35 -36 -9 38 -7 41 -33 -32 -43 -29 -30 -20 47 -45 -25 -46 52 -17 -10 -34 -3
right_child=3 5 -4 13 8 37 7 36 9 10 12 -13 -14 25 15 19 17 18 45 20 -22 24 23 48 -26 31 -28 43 44 -31 32 40 53 34 35 -37 -38 -39 -40 -41 -42 42 -44 46 49 -47 -48 -49 -50 -51 -52 -53 -54 -55 -56
leaf_value=0.0017966648563537935 0.0022783271829799022 0.0017152311243985624 0.0013404360913840849 -0.0056156845775014244 0.0024495498639130202 -4.0032958710437161e-05 -0.00014561113255113307 0.0016628801977814957 -0.018335255064037888 -0.0015623395629252006 0.0022320609112146802 0.0015697064249944961 0.0015653790936827469 -0.00022094718185713212 -0.00076673989340945981 0.00026931942102623993 -0.00072397221232301597 0.00082383347744608803 -0.0028532260397989275 -0.0081451216109279922 -0.00091893747833051245 -0.00032192240312016039 -0.027266531146836644 -0.024949079014911963 0.0023089571319061426 -0.0020439222199521642 -0.0076411658097717281 -2.5804272174242385e-05 -0.059508997839851023 0.0030831681548860001 -7.879755350121624e-05 -0.066341250309452732 -0.0014368770399769749 -0.00078613741173689394 -5.3713097408772826e-05 0.0016659250917609326 0.0020771224710881987 -0.0055949185138509886 0.0015498567332576207 -1.0916618546879359e-05 -0.089752515836103386 -0.0016509265926962669 -0.00038503674842726564 -0.00091682602007917848 -0.017462042994761246 0.0018613521637273018 -0.011431331612336211 -0.00057773368053876388 0.0014352828828501343 0.0017827835168542914 -0.01678535118407206 -0.00085290946171865702 0.0020760717421699883 0.00014998729110650487 -0.015673356967907948
leaf_weight=101 88 70 79 71 93 105 111 120 86 83 105 103 68 96 177 69 148 78 81 94 197 79 904 96 161 155 274 131 286 71 90 84 123 77 87 75 111 169 121 149 4617 672 141 544 108 68 68 69 70 111 193 221 91 69 86
leaf_count=101 88 70 79 71 93 105 111 120 86 83 105 103 68 96 177 69 148 78 81 94 197 79 904 96 161 155 274 131 286 71 90 84 123 77 87 75 111 169 121 149 4253 672 141 544 108 68 68 69 70 111 193 221 91 69 86
internal_value=5.15147e-05 0.00149593 0.00347311 -9.15729e-05 0.000161982 0.000788128 0.00132273 0.00182839 9.84445e-05 0.000633138 0.00160131 0.00462713 0.00224054 -0.000300096 4.54721e-06 9.55161e-05 0.000344278 0.000554621 0.000940186 6.46639e-06 0.000269339 0.000590241 -0.000129313 -0.000238741 0.000867085 -0.000358055 6.65451e-06 -5.70505e-05 0 0.000381854 -3.44991e-05 -0.000368357 -0.000118005 3.46767e-05 0.000233303 0.00054022 0.00253948 0 0.000209149 -0.00016925 -0.000378563 -0.000205317 -0.000233147 -0.000181331 0 0 -0.000217552 -0.000240702 0 0 0 0 0 0 0
internal_weight=12594 1176 283 11418 5007 893 498 342 4919 626 256 204 173 6411 4293 2856 552 375 227 2304 531 334 1437 1070 240 4952 367 1459 647 142 1773 4856 1244 529 239 162 231 395 226 1052 4701 903 813 812 505 149 681 613 166 219 370 290 177 192 156
internal_count=12230 1176 283 11054 5007 893 498 342 4919 626 256 204 173 6047 4293 2856 552 375 227 2304 531 334 1437 1070 240 4588 367 1459 647 142 1773 4492 1244 529 239 162 231 395 226 1052 4337 903 813 812 505 149 681 613 166 219 370 290 177 192 156
is_linear=0
shrinkage=0.0139946


Tree=86
num_leaves=48
num_cat=0
split_feature=62 62 57 18 5 10 38 10 4 5 42 43 11 63 60 25 43 37 44 43 57 10 19 33 43 61 10 4 60 4 44 33 58 63 30 57 49 63 30 57 43 30 32 55 51 29 43
split_gain=21.9487 3.64192 4.54567 3.43603 2.20575 3.58435 3.31833 2.83391 1.62741 1.27854 0.723744 0.383299 0.305006 0.317258 0.260982 0.208636 0.231883 0.204406 1.05504 0.170198 0.0936065 0.0920445 0.0971096 0.0829112 0.0827513 0.377579 0.0672189 0.0967564 0.0859144 0.229754 0.0708583 0.0827249 0.0630286 0.0563339 0.0516691 0.0500024 0.140439 0.0420912 0.0403305 0.0403083 0.0820625 0.0400484 0.02342 0.0157989 0.0117485 0.00608425 0.0335253
threshold=17.042356613092441 20.421159798168251 925.55000000000007 19.336804036891529 -0.25881904510252113 0.91925191855388755 5.149869158012172 0.84750952922804634 930.6500000000002 0.37940952255126054 0.94714481845171405 20.772916666666671 4.5000000000000009 0.94990304249216362 25.695000000000004 16.785000000000004 30.651875000000008 27.941744270990068 4.289673541104599 21.565416666666671 929.55000000000007 -0.63872576220844923 18.754178328060629 18.537732195261764 24.10979166666667 4.5150000000000006 -0.27608674622158907 921.05000000000007 0.42500000000000004 921.35000000000002 2.1054847892376327 22.58825290981331 0.9850000000000001 3.7090445509157086 83.250000000000014 922.55000000000007 569.45000000000016 -1.7968291602218256 98.450000000000017 920.95000000000016 25.071875000000006 95.750000000000014 -1.78 924.1500000000002 3235.8890000000006 98.050000000000011 21.064791666666668
decision_type=2 2 2 2 2 2 2 2 2 2 2 2 2 2 2 2 2 2 2 2 2 2 2 2 2 2 2 2 2 2 2 2 2 2 2 2 2 2 2 2 2 2 2 2 2 2 2
left_child=3 2 26 8 5 6 7 10 -1 12 -4 -7 15 14 21 19 -17 35 -19 -3 -5 22 -14 -11 -23 -26 27 39 -28 -30 -29 37 34 42 -24 41 -37 -32 -31 -2 -41 -15 -25 -39 -44 46 -6
right_child=1 9 4 20 45 11 -8 -9 -10 23 -12 -13 13 17 -16 16 -18 18 -20 -21 -22 24 32 33 25 -27 28 30 29 38 31 -33 -34 -35 -36 36 -38 43 -40 40 -42 -43 44 -45 -46 -47 -48
leaf_value=0.0017378086410570139 -0.00048314797922139837 -0.028027343903578333 0.0016774439536788933 0.0017024591903994956 -0.018559649397411067 -0.015134244652875556 0.00010906629853082955 0.0022388266593694156 0.0015687686386029478 -0.012534784380183645 0.0016880958289944086 0.0029088409165038452 0.0042177636508612887 -0.0056108125617635365 0.0020354553682828506 -0.067703889158381311 0.0019555793802165274 -0.003302241638363455 -0.001211308456383838 0.0028485401710786362 0.0015380886552091933 -0.0048809975916800112 -0.0054171762043436081 -0.02469038362767649 -0.00013379076594881059 0.0017268919232281013 -0.0062436257816010209 -0.00051136234557291546 -0.00017096337587767748 4.121815474305438e-05 -1.9347208729940087e-05 2.9288187762929348e-05 -1.3834367233807801e-05 -0.003944212183327106 -0.0019981791202122834 0.0086006582197349427 -0.00041640879093354685 -0.0013537628873579628 0.0017300884303174495 -0.0010026484988887908 0.00023143089736019933 0.0015761172318097638 -0.050052224321876337 -6.7643681328286788e-05 -0.097737920880785797 -0.00528804268132535 0.00081582660860233624
leaf_weight=252 220 161 117 147 103 169 87 72 71 141 75 123 97 312 138 1246 79 126 235 81 79 183 136 95 114 90 75 142 71 73 96 71 281 116 820 77 97 676 68 95 114 80 48 86 4554 75 130
leaf_count=252 220 161 117 147 103 169 87 72 71 141 75 123 97 312 138 1246 79 126 235 81 79 183 136 95 114 90 75 142 71 73 96 71 281 92 820 77 97 676 68 95 114 80 48 86 4214 75 130
internal_value=5.26257e-05 -6.68375e-05 0.000373101 0.00278732 0.00115521 0.00162536 0.00260392 0.00338285 0.00381227 -0.000203549 0.00190761 0.000210751 -1.21321e-05 5.82576e-05 -1.47051e-05 -0.000180147 -0.000262997 0.000276852 0.00055365 0 0.00100757 -9.59748e-05 -0.000159293 -0.00035808 0 0.000276368 -6.22206e-06 -7.62726e-05 0.000124771 0.000315762 -0.000160644 -0.000211309 -0.000206671 -0.000367897 -0.000261018 0 0.000235978 -0.000259192 0.000681343 0 0.000193491 0 -0.00037555 -0.000293965 -0.000380716 0 7.12293e-05
internal_weight=12594 12045 2738 549 951 643 351 264 323 9307 192 292 4353 2786 1859 1567 1325 927 361 242 226 1721 1334 4954 387 204 1787 1500 287 212 1071 929 1237 4813 956 566 174 858 141 429 209 392 4697 762 4602 308 233
internal_count=12230 11681 2738 549 951 643 351 264 323 8943 192 292 4353 2786 1859 1567 1325 927 361 242 226 1721 1334 4590 387 204 1787 1500 287 212 1071 929 1237 4449 956 566 174 858 141 429 209 392 4357 762 4262 308 233
is_linear=0
shrinkage=0.0139946


Tree=87
num_leaves=50
num_cat=0
split_feature=33 57 5 18 10 5 11 27 10 10 59 57 37 19 43 9 37 57 10 60 60 54 63 61 10 9 23 35 38 38 30 23 19 54 44 30 61 32 63 4 4 63 6 63 3 51 5 30 4
split_gain=12.4506 9.18322 8.00752 5.47845 3.19243 2.68312 1.60475 1.19215 1.17114 0.970038 0.868013 0.901632 0.537625 0.417833 1.04838 0.321749 0.460329 0.994627 0.411549 0.436402 1.1877 0.234151 0.171757 0.16869 0.152491 0.121727 0.119909 0.296631 0.321095 0.409089 0.129206 0.0779657 0.14097 0.055038 0.324219 0.0570827 0.0495257 0.0428409 0.0407562 0.0364069 0.033595 0.031645 0.0211485 0.0205851 0.0179262 0.0165967 0.0142603 0.0104315 0.00684461
threshold=18.671979662200702 925.55000000000007 -1.0000000180025095e-35 19.336804036891529 0.94968266440323645 0.37940952255126054 9.5000000000000018 81.65000000000002 0.75546532993267157 0.94415253529446119 1.1950000000000001 925.75000000000011 19.848152761892695 20.311552195899164 23.525416666666672 0.82876241254485883 28.035477892378996 921.25000000000011 -0.66483077113278999 1.925 3.7350000000000008 0.84150000000000003 3.2321149531528346 0.90500000000000014 -0.57022117041332276 -0.99466160899732459 22.545000000000005 24.78323894322919 3.002154666655517 2.0954794355219821 98.050000000000011 22.755000000000006 29.132149504110835 0.82550000000000001 3.8368725470136682 96.450000000000017 19.905000000000005 -0.3350000000000008 0.7569105639243966 922.85000000000002 925.05000000000007 -2.7099730075538679 0.78656609248549303 3.7090445509157086 0.99050000000000005 3235.8890000000006 -0.91597561503675329 81.350000000000009 930.1500000000002
decision_type=2 2 2 2 2 2 2 2 2 2 2 2 2 2 2 2 2 2 2 2 2 2 2 2 2 2 2 2 2 2 2 2 2 2 2 2 2 2 2 2 2 2 2 2 2 2 2 2 2
left_child=1 31 3 4 8 6 15 -8 -3 12 11 -9 -5 -13 -15 16 18 21 23 26 -21 -18 -17 33 40 -7 27 28 29 -20 46 39 -33 34 -2 47 37 41 -37 -1 -22 -25 -43 45 -26 -27 -28 -35 -4
right_child=5 2 48 9 -6 25 7 10 -10 -11 -12 13 -14 14 -16 22 17 -19 19 20 24 -23 -24 36 44 43 30 -29 -30 -31 -32 32 -34 35 -36 38 -38 -39 -40 -41 -42 42 -44 -45 -46 -47 -48 -49 -50
leaf_value=-7.5800789127879535e-06 0.0057826680538952827 0.0016484989718365665 0.0016463510164020508 0.00018699921832774583 0.0017436362666770383 -0.00095094983894610104 -0.0034994690693848796 1.4787587485455404e-05 0.0015786748723246756 -0.0125438375358048 -0.0084790005487181477 0.001772280182076151 0.0022586093467942278 0.0022484024171912473 0.001611521893703575 -0.12636514323049342 -0.00057245782014922399 -3.7804493783085715e-05 -0.006599610102997997 0.004701799600107249 0.0024082676067616309 0.00028420896377178003 0.00032054649459485433 -0.00012047153788027089 0.00068138052765190262 -0.041490828865390919 -0.0020915039654227268 -0.086057265456536233 -0.0091728918467294633 0.003133629033905488 0.0018977963945090441 0.0017867406268576777 -0.00066295651985049471 -0.013802124570424658 -0.012619602176542916 -0.0039938468078522353 -9.8997754613240277e-05 -0.00076999760455958145 0.0017651414931525397 -0.0019124146512765018 -0.00018888566501383731 -0.0023003433767562736 -0.00029668735173462749 -0.10810393509060506 -0.00043869609729223701 -0.10361442442222553 -0.0038888922908193973 -0.0061271556331812154 -0.0055691529824350126
leaf_weight=266 68 185 140 68 73 103 231 90 151 70 90 73 171 121 79 958 79 222 69 85 76 79 120 109 88 43 76 127 69 72 113 75 117 69 77 145 115 87 79 336 68 1065 77 99 267 4553 525 315 161
leaf_count=266 68 185 140 68 73 103 231 90 151 70 90 73 171 121 79 958 79 222 69 85 76 79 120 109 88 43 76 127 69 72 113 75 117 69 77 145 115 87 79 336 68 1065 77 75 267 4213 525 315 161
internal_value=5.59589e-05 0.00113196 0.0020099 0.00281201 0.00394827 -0.000118903 6.94383e-05 0.000707329 0.00456069 0.00107664 0.00112592 0.0014305 0.00151155 0.00183271 0.00223134 -4.09827e-07 4.16092e-05 0.000505213 0 0.000163602 0.000469753 0.00135212 -0.000227123 -0.000129087 6.19007e-05 -0.000367735 0 0.000209608 0.000586928 0.00097522 -0.000109581 0 0.000247274 0 0.000270187 -9.761e-06 -0.000219081 -0.000243629 0 -7.52121e-05 0.000466806 -0.000264904 -0.000286843 -0.000378511 0 -0.000383708 -0.000237136 -0.000170657 0
internal_weight=12594 1813 1019 718 409 10781 5983 684 336 309 453 363 239 273 200 5299 4221 380 3841 1635 584 158 1078 2206 499 4798 1051 337 210 141 714 794 192 753 145 608 1453 1338 224 602 144 1251 1142 4695 355 4596 601 384 301
internal_count=12230 1813 1019 718 409 10417 5983 684 336 309 453 363 239 273 200 5299 4221 380 3841 1635 584 158 1078 2206 499 4434 1051 337 210 141 714 794 192 753 145 608 1453 1338 224 602 144 1251 1142 4331 355 4256 601 384 301
is_linear=0
shrinkage=0.0139946


Tree=88
num_leaves=52
num_cat=0
split_feature=20 10 50 45 2 19 56 26 31 9 10 58 49 6 44 10 63 44 9 23 0 9 44 63 60 63 45 38 45 45 32 56 10 36 0 58 27 60 10 0 17 54 9 44 63 42 45 63 33 63 26
split_gain=13.9633 5.47381 6.10496 3.85603 3.06537 2.91239 2.66769 3.04891 2.72689 0.593157 0.612317 0.276712 0.293748 0.276565 0.239037 0.203195 0.194517 0.38653 0.661917 0.269759 0.227088 0.387883 0.832976 0.172694 0.412071 0.165199 0.165872 0.163746 0.11308 0.0957501 0.100135 0.0798651 0.0683712 0.0556216 0.0476401 0.0321529 0.0337295 0.0264363 0.0256811 0.0229817 0.0157983 0.011832 0.0873194 0.0436783 0.0117646 0.0147702 0.00550784 0.00265188 0.00121768 0.000175071 6.35827e-06
threshold=17.660190033487748 -0.021515300460958474 0.74166666666654368 1596.2200000000003 72.950000000000017 26.97572752825489 928.85000000000002 87.15000000000002 -1.4923976372322973 -0.79356426026969629 -0.18399835165767994 1.1250000000000002 552.1500000000002 0.78656609248549303 2.132135032749765 0.91925191855388755 1.9298070488626886 2.8419168040270542 0.59817537509284302 23.715000000000003 1.0350000000000004 0.21772121422198085 4.289673541104599 0.2467483042555543 1.2350000000000001 2.3159169506196196 1604.3835000000001 5.2208497108262515 2305.4850000000006 2114.1800000000007 -0.65999999999999825 921.1500000000002 -0.9975933521984367 3.5301204042015217 0.42500000000000004 1.1950000000000001 70.550000000000011 23.260000000000002 -0.99049576193482802 1.0450000000000002 17.560833970334667 0.98850000000000005 -0.89391031859722869 2.8271733797422969 4.035037436153913 0.94714481845171405 1943.0915000000002 -0.26690641089727934 16.910148670768141 1.6157960785547554 98.550000000000011
decision_type=2 2 2 2 2 2 2 2 2 2 2 2 2 2 2 2 2 2 2 2 2 2 2 2 2 2 2 2 2 2 2 2 2 2 2 2 2 2 2 2 2 2 2 2 2 2 2 2 2 2 2
left_child=1 29 3 -3 6 15 9 -8 -9 10 41 12 14 40 -12 -5 17 18 23 35 21 -18 -23 37 -25 31 -27 -7 32 48 -31 -15 -21 -34 -33 50 -37 39 -36 47 -6 42 -2 -44 45 -22 -4 -11 -1 -43 -19
right_child=4 2 46 5 13 27 7 8 -10 16 11 -13 -14 25 -16 -17 20 19 -20 28 44 22 -24 24 -26 26 -28 -29 -30 30 -32 34 33 -35 38 36 -38 -39 -40 -41 -42 49 43 -45 -46 -47 -48 -49 -50 -51 -52
leaf_value=-2.2015048616525948e-05 -9.1177060573657389e-05 0.0014854970106511903 -0.022835271286691428 0.0017611469454860472 -0.071189307451910072 0.0015845662635395985 -0.0061416515576181007 0.00086424293573543064 0.0022637521380464796 -0.0008518050340727486 0.00016393283086956167 -0.00019236733301283368 3.9148175702312215e-05 -3.1934774285844184e-05 0.0019469422946451092 0.0016537564808305463 -0.0047338311332466333 -0.0030662836060493886 0.0028985692858749246 -0.0025032576451625953 -0.00079070612488879209 0.0035768828467287244 -2.5745186690955855e-05 0.002239935090587454 -0.0037290347765024812 -0.039602842196765665 0.013107836485835345 0.0016284320782033758 6.035290747319943e-05 0.0019374217805487369 -0.00032405951704763438 -0.00044403711802729859 -0.0048526189905488664 -0.0018811667686026508 -0.011946621978367388 -0.18529422587304636 0.00176228617590632 -0.0005384196012979724 -0.0063614267300350054 -3.8357870893929894e-05 -0.11082271860104104 -0.00017612814322454532 -0.0016870955463180854 0.0010179125754887031 0.00018850354858655866 -0.0175706226894741 0.0016112276931770689 -0.0011099931347231724 -0.001350868876757778 -0.0030925601649808439 9.1101050983953991e-06
leaf_weight=69 166 112 109 229 107 76 241 128 124 480 120 77 109 193 153 74 231 195 111 84 80 109 190 84 82 120 117 71 73 76 71 131 1565 107 71 68 68 70 719 132 4181 212 78 68 104 246 113 85 176 68 71
leaf_count=69 166 112 109 229 107 76 241 128 124 480 120 77 109 193 153 74 231 195 111 84 80 109 190 84 82 120 117 71 73 76 71 131 1565 107 71 68 68 70 719 132 3817 212 78 68 104 246 113 85 176 68 71
internal_value=5.37368e-05 0.00150781 0.00218443 0.00296157 -9.03475e-05 0.00355193 0.000127859 0.0011141 0.00218443 2.27751e-05 0.00032772 0.000711037 0.000864968 -0.000325884 0.0011199 0.00445715 -3.71108e-05 -0.000100086 7.84849e-05 -0.00021382 0.000107454 0.00032326 0.000661231 0 0.000350603 -7.98112e-05 0.000121595 0.00120102 -0.000290885 0 0.000354927 -0.000183174 -0.000317375 -0.000337315 -0.00023983 0 0.000213722 -0.000130968 -0.000280743 -0.000162109 -0.000387639 0 8.13916e-05 0.000360167 -2.76653e-06 -8.38911e-05 0 -0.000200845 0 -2.90643e-05 0
internal_weight=12594 1176 784 562 11418 450 5779 493 252 5286 1051 459 382 5639 273 303 4235 3275 1044 2231 960 530 299 933 166 1351 237 147 1829 392 147 1114 1756 1672 921 402 136 767 790 697 4288 592 312 146 430 326 222 565 245 280 266
internal_count=12230 1176 784 562 11054 450 5779 493 252 5286 1051 459 382 5275 273 303 4235 3275 1044 2231 960 530 299 933 166 1351 237 147 1829 392 147 1114 1756 1672 921 402 136 767 790 697 3924 592 312 146 430 326 222 565 245 280 266
is_linear=0
shrinkage=0.0139946


Tree=89
num_leaves=50
num_cat=0
split_feature=16 37 5 11 5 18 27 26 25 9 55 25 58 11 11 9 3 54 53 26 61 52 9 3 43 43 17 30 0 43 37 9 30 56 25 27 2 27 34 27 61 34 26 30 36 26 26 55 30
split_gain=13.4632 4.73942 4.44774 6.41453 3.5372 2.93163 1.07706 0.991202 0.971541 1.27345 0.895469 0.703419 1.70931 0.544627 0.314073 0.482932 0.893085 0.655207 0.31336 0.291914 0.262687 0.246001 0.232794 0.212639 0.454936 0.208439 0.206099 0.109114 0.0900921 0.0626186 0.129436 0.0606493 0.0590753 0.0508092 0.0474642 0.0750927 0.0412541 0.039928 0.0629979 0.0624123 0.0391329 0.0279224 0.0225868 0.0175958 0.0154329 0.00591467 0.00164799 0.00095299 0.000453004
threshold=16.454411595244135 20.042306807789934 0.12940952255126045 9.5000000000000018 -0.25881904510252113 19.336804036891529 84.850000000000009 97.850000000000009 17.550000000000001 -0.48250327361223916 927.55000000000007 16.995000000000001 1.135 9.5000000000000018 4.5000000000000009 0.45206801762443477 0.97650000000000003 0.99350000000000016 0.52650000000000008 81.050000000000011 5.3150000000000004 0.83350000000000002 -0.81403855522663837 0.99350000000000016 24.658541666666668 30.651875000000008 16.454411595244135 82.65000000000002 0.67500000000000016 25.284166666666668 24.760686694980915 -0.30081702196488969 85.15000000000002 920.75000000000011 23.955000000000002 98.350000000000009 33.45000000000001 97.050000000000011 0.70905266154343016 74.850000000000009 0.12500000000000003 4.1435775359536953 74.350000000000009 94.050000000000011 0.59113991628616447 98.450000000000017 98.950000000000017 928.05000000000007 81.65000000000002
decision_type=2 2 2 2 2 2 2 2 2 2 2 2 2 2 2 2 2 2 2 2 2 2 2 2 2 2 2 2 2 2 2 2 2 2 2 2 2 2 2 2 2 2 2 2 2 2 2 2 2
left_child=1 4 3 11 8 18 -7 10 -1 -10 -8 12 -2 -3 25 22 33 20 -5 36 27 -12 23 24 -16 -13 -15 -18 37 30 34 -32 -31 -17 35 44 48 38 -21 -40 -30 -38 -14 -35 -24 -46 -37 -9 -4
right_child=2 13 19 5 -6 6 7 47 9 -11 21 14 42 26 15 16 17 -19 -20 28 -22 -23 29 -25 -26 -27 -28 -29 40 32 31 -33 -34 43 -36 46 41 -39 39 -41 -42 -43 -44 -45 45 -47 -48 -49 -50
leaf_value=0.0015256269056072361 0.001739023386302872 -0.00062291681896436599 -0.052039831291796117 0.0028847801350739485 0.00012151755273153319 -0.0024156306177587714 -0.00048644736639901056 0.0016591766386053084 0.0016062839906665267 0.0014215290346417421 0.0022701094299235015 -0.047598562777499603 -0.023446312504182665 0.0014028196381437531 0.0022451934799009197 0.0013929892472144484 0.0028669150308414538 -0.00010409630322858891 0.0016672177449436447 -0.0024831625094556874 0.00015233294623672651 0.001641359506582753 -0.0033087535607489783 -4.4015488577332303e-05 -0.00028419723871765039 0.002615050074561069 0.0016306401211727138 0.0026952558756907848 -0.0033930009244163349 -0.00020186796289237591 -9.9077362587583927e-05 0.0017036028635426708 -0.0023178622283419651 -0.0092991504258729384 0.00020431820535390954 -0.00016678296908660803 -0.10658782667663834 -0.0055226589059855962 -0.0030811381737421276 0.0039776135350573418 -0.010799075568209427 -0.13784065313113095 0.00260777213313137 -0.00029307491456387433 -0.002351219246218372 -0.00040756877780232241 -0.00029467051825454163 -0.015257271365599583 -0.0011308713457040855
leaf_weight=70 69 138 204 74 70 210 78 96 91 73 155 1052 159 76 150 74 69 118 82 101 107 94 72 461 188 69 70 114 116 114 103 114 691 297 97 93 4372 217 69 122 506 92 118 93 556 89 172 68 111
leaf_count=70 69 138 204 74 70 210 78 96 91 73 155 1052 159 76 150 74 69 118 82 101 107 94 72 461 188 69 70 114 116 114 103 114 691 297 97 93 4008 217 69 122 506 92 118 93 556 89 172 68 111
internal_value=5.8181e-05 0.00212449 -3.772e-05 0.000221022 0.00338884 0.00134389 0.000819442 0.00117711 0.00422253 0.0027224 0.00163305 2.40741e-05 0.000635858 0.000522134 -5.64732e-06 4.08859e-05 0.000336716 0.00081761 0.00323624 -0.000315988 0.00117406 0.00204821 -2.50069e-05 0.00014356 0.000413643 -0.000222039 0.00111734 0.00156671 -3.8485e-05 -0.000121224 -7.04636e-07 0.000235014 -0.000231296 0 -0.000110772 -0.000151422 -0.000367528 0 0.000163128 0.000323296 -0.000175989 -0.00038264 0 -0.000138759 -0.000227683 -0.000249564 0 0 0
internal_weight=12594 588 12006 6096 304 857 701 491 234 164 327 5239 346 284 4893 3772 872 408 156 5910 290 249 2900 799 338 1121 146 183 1131 2101 1296 217 805 464 1079 982 4779 509 292 191 622 4464 277 390 717 645 265 164 315
internal_count=12230 588 11642 6096 304 857 701 491 234 164 327 5239 346 284 4893 3772 872 408 156 5546 290 249 2900 799 338 1121 146 183 1131 2101 1296 217 805 464 1079 982 4415 509 292 191 622 4100 277 390 717 645 265 164 315
is_linear=0
shrinkage=0.0139946


Tree=90
num_leaves=48
num_cat=0
split_feature=62 18 2 2 18 38 4 53 53 28 56 33 38 0 50 27 3 62 1 37 33 37 45 42 21 31 3 3 28 3 42 44 1 56 55 55 57 44 0 19 0 28 44 3 43 39 43
split_gain=21.9391 4.08603 3.36942 3.14692 2.35404 2.02779 1.1296 0.816482 0.767019 0.763888 1.61148 1.13034 0.691953 0.681715 0.623714 0.378405 0.518007 0.313637 0.262735 0.237315 0.215189 0.183555 0.194014 0.236521 0.171176 0.155914 0.107294 0.34534 0.0864446 0.0957027 0.0768176 0.221155 0.0716619 0.0704668 0.0702254 0.0634186 0.0822237 0.0817469 0.0490264 0.0348984 0.0362699 0.0304637 0.0229375 0.109533 0.0190908 0.0165654 0.000365266
threshold=17.65929765440621 19.336804036891529 44.100000000000009 72.950000000000017 18.323436208999912 4.8039120830771163 930.6500000000002 0.071500000000000008 0.90150000000000008 56.850000000000001 925.45000000000016 24.062798168405202 5.2425578704255384 1.3350000000000002 179.64166666666651 98.750000000000014 0.13350000000000004 24.896082134889124 0.83500000000000008 30.821094570147785 25.146763236455474 22.820018411228954 2257.2040000000006 1.5694818651366869 23.175000000000004 -2.0819079826485658 0.97050000000000003 0.99450000000000005 96.15000000000002 0.99450000000000005 0.41940036288888377 2.4453885533492623 3.8550000000000004 921.1500000000002 924.75000000000011 921.05000000000007 920.95000000000016 2.9787140681841486 0.42500000000000004 28.685091521915606 0.21500000000000002 55.250000000000007 2.5427266903594226 0.98350000000000015 26.335208333333338 22.163333333333338 25.153541666666673
decision_type=2 2 2 2 2 2 2 2 2 2 2 2 2 2 2 2 2 2 2 2 2 2 2 2 2 2 2 2 2 2 2 2 2 2 2 2 2 2 2 2 2 2 2 2 2 2 2
left_child=1 2 6 4 5 -2 -1 -3 -9 18 20 12 13 14 15 16 -12 24 19 41 28 -22 23 25 33 -23 -20 32 29 35 46 -32 -28 -5 44 36 -11 42 -35 40 -19 -6 -37 -44 -31 -40 -30
right_child=3 7 -4 17 9 -7 -8 8 -10 10 11 -13 -14 -15 -16 -17 -18 39 26 -21 21 22 -24 -25 -26 -27 27 -29 30 34 31 -33 -34 38 -36 37 -38 -39 45 -41 -42 -43 43 -45 -46 -47 -48
leaf_value=0.0016419373788287015 0.0016321097399892267 -0.014058146774042239 0.0013728741573290129 4.2406120609597119e-05 -0.031211704872662421 -0.00048409591015722664 0.0023614208062223757 0.0016884187805645077 -0.0043876303967515873 -0.00019255973630872425 0.00210834617018597 -0.00041328190695670477 -0.00029942893617840809 2.7337816582535977e-05 -0.008554964335278397 0.0016620808406318777 0.002529135319472145 -0.065020138941633207 -0.012177506239865106 0.00055802626258168024 -0.011587819736108748 0.0036912511529605106 -9.3424403185990103e-06 -0.00074499290380089316 0.0046253164195453923 -0.0010905641043058561 0.0029080759493841533 -0.012650556025376057 -9.3501430764572285e-05 -0.0010928070810423132 0.0019809791910296456 -6.3687781790025009e-06 0.00012629685101327393 -0.00023920314515093547 -6.0101029447086811e-05 -0.0031873892333143259 0.00047763780897790874 -0.0021109208007478392 -0.0078920995295206388 -0.025676549189388425 -0.097835243996779647 -0.0018614266135748461 -0.0012928638926676872 0.00040197203598907176 -0.00021970494059293837 -0.00056353771544983265 6.5442528840219677e-05
leaf_weight=262 74 82 70 139 1167 80 68 208 75 76 87 364 142 116 71 72 256 82 172 120 105 130 235 97 135 93 69 121 237 845 111 194 70 119 78 172 69 393 538 82 4480 77 75 70 69 79 68
leaf_count=262 74 82 70 139 1167 80 68 208 75 76 87 364 142 116 71 72 256 82 172 120 105 130 235 97 135 93 69 121 237 845 111 194 70 119 78 172 69 393 538 82 4116 77 75 70 69 79 68
internal_value=6.15141e-05 0.00235845 0.00341926 -8.16847e-05 0.000128996 0.00184654 0.00401819 0.0010008 0.00136061 7.33221e-05 0.00018354 0.000642389 0.00095439 0.00116167 0.00139428 0.00160254 0.00182187 -0.000323659 -0.000148405 -0.00025723 0 0.000240737 0.000365293 0.000590696 -2.05433e-05 0.000839906 3.95264e-05 0.00028781 -3.92448e-05 -0.000102907 4.31233e-05 0.000229642 0.000796328 -0.000150587 -0.000196366 0 0.000270187 -4.88603e-05 -0.000213664 -0.000375045 -0.000380373 -0.000331431 0 0.000174896 -0.000238454 -0.000264473 0
internal_weight=12594 765 400 11829 6175 154 330 365 283 6021 4225 1108 744 602 486 415 343 5654 1796 1364 3117 660 555 320 1010 223 432 260 2457 1847 610 305 139 875 992 855 145 710 736 4644 4562 1244 317 145 914 617 305
internal_count=12230 765 400 11465 6175 154 330 365 283 6021 4225 1108 744 602 486 415 343 5290 1796 1364 3117 660 555 320 1010 223 432 260 2457 1847 610 305 139 875 992 855 145 710 736 4280 4198 1244 317 145 914 617 305
is_linear=0
shrinkage=0.0139946


Tree=91
num_leaves=50
num_cat=0
split_feature=62 28 2 35 2 10 45 4 9 56 4 28 37 45 28 9 3 52 26 28 60 30 57 10 20 10 9 4 29 60 58 20 9 10 37 30 55 57 60 54 45 20 20 17 10 10 30 30 57
split_gain=21.98 3.84477 3.04908 3.52152 2.51067 2.01571 1.80984 1.40695 0.764589 0.825822 0.391805 0.82648 0.779021 0.278437 0.24831 0.483772 0.934505 1.15507 0.203429 0.484305 0.180638 0.144681 0.11208 0.0823853 0.0781433 0.0941054 0.0755302 0.067106 0.0649365 0.0978837 0.156368 0.0559751 0.0447933 0.0461611 0.0412038 0.0343451 0.0551428 0.0419405 0.0403058 0.0317774 0.0293387 0.10397 0.0797222 0.025505 0.0184864 0.00735771 0.0765363 0.000104633 7.86541e-05
threshold=17.65929765440621 85.65000000000002 41.750000000000007 17.584407599652213 44.100000000000009 -0.021515300460958474 2108.9945000000002 930.95000000000016 -0.8779519545588893 924.95000000000016 929.25000000000011 59.45000000000001 19.92795871906446 1932.3815000000002 41.650000000000013 0.45206801762443477 0.97650000000000003 0.99150000000000016 99.050000000000011 79.250000000000014 0.62500000000000011 75.15000000000002 920.1500000000002 0.82873938879806197 24.974963053536893 -0.82389248692129191 -0.98801351631316325 921.55000000000007 75.550000000000011 3.4150000000000005 0.68500000000000016 18.064952823616881 -0.81403855522663837 -0.99862982478704421 30.821094570147785 81.350000000000009 927.95000000000016 920.1500000000002 16.855000000000004 0.98950000000000016 1534.7240000000002 24.375593707520991 23.299462383401089 29.132149504110835 0.31717953954346351 -0.92260537345622995 96.450000000000017 92.850000000000009 924.95000000000016
decision_type=2 2 2 2 2 2 2 2 2 2 2 2 2 2 2 2 2 2 2 2 2 2 2 2 2 2 2 2 2 2 2 2 2 2 2 2 2 2 2 2 2 2 2 2 2 2 2 2 2
left_child=1 31 3 5 6 -2 7 -3 9 28 14 -12 -13 22 34 24 40 -18 19 -11 21 -15 -4 -14 27 -26 -22 45 -5 30 -30 -1 -29 -34 -10 -35 37 -37 -39 -19 41 42 -17 -42 -28 46 -16 -47 -23
right_child=2 4 13 8 -6 -7 -8 -9 10 18 11 12 23 20 15 16 17 39 -20 -21 26 48 -24 -25 25 -27 44 32 29 -31 -32 -33 33 35 -36 36 -38 38 -40 -41 43 -43 -44 -45 -46 47 -48 -49 -50
leaf_value=-0.013707851042709811 -1.5096974284781032e-06 0.0016361757084556396 -0.028386000965542689 -0.00018824930890373544 0.0011900658026605829 0.0015105503286043315 0.0014597353910876726 0.0014774314424198425 -0.090879449035882867 0.0016029123573610812 -0.055561196037945466 -0.010945750472134273 0.0021951381055328226 0.014348094641057352 -0.00070947188198831391 -0.01902198773189373 0.0034203524035716841 0.00054331404180161006 0.0014460962385364944 0.0019457553111345148 0.00018529923702442563 -0.0010737707449781156 -0.1264017569758682 0.002250600623539406 -0.0058288294598989364 0.0033805748519470085 -0.0027347773650235373 -2.3671508352155981e-05 -0.00058214497324172423 -2.1220983349730941e-05 0.0028239873797291982 0.0021710815423344062 -4.5462156470316236e-05 -0.0054318208464106555 -0.0056411157709895278 -0.002812829741514047 -0.0064656271729302706 -0.0028520840908778347 -1.4700681647084851e-05 -9.0495458765480513e-05 -0.0033025176910309048 -0.017692265505433499 0.0038311089792399753 -0.0071178162789750253 -0.0045776867075706896 -0.0009995469950728707 -4.0249594769135676e-05 -0.0015811331026620798 0.00036488743033840146
leaf_weight=70 83 377 122 214 84 97 70 69 657 77 175 68 74 85 162 68 114 110 68 106 115 198 4133 70 231 102 1065 150 68 254 74 95 116 95 104 102 76 967 114 135 328 257 96 68 69 72 156 234 100
leaf_count=70 83 377 122 214 84 97 70 69 657 77 175 68 74 85 162 68 114 110 68 106 115 198 3769 70 231 102 1065 150 68 254 74 95 116 95 104 102 76 967 114 135 328 257 96 68 69 72 156 234 100
internal_value=5.9292e-05 0.00235845 -8.40505e-05 0.000131675 0.00288759 0.00206119 0.00326193 0.00361865 5.90624e-05 0.000443674 0 0.000416583 0.00103558 -0.000313206 -4.52616e-05 0 0.000236504 0.000830513 0.00114317 0.0014153 -9.5464e-05 6.16492e-05 -0.000380814 0.00161814 -0.000105795 0 -0.000197528 -0.000140237 4.31233e-05 0.000186615 0.000479133 1.9742e-05 -0.00018798 -0.000211892 -0.000275456 -0.000235387 -0.000254787 -0.000279634 -0.000305199 0 0 5.14759e-05 0.000359893 -0.000107823 -0.000236624 0 2.82373e-05 -6.20666e-05 0
internal_weight=12594 765 11829 5942 600 180 516 446 5762 861 4901 387 212 5887 4514 3753 1176 359 251 183 1632 383 4255 144 2577 333 1249 2244 610 396 142 165 1620 1470 761 1354 1259 1183 1081 245 817 421 164 396 1134 624 318 306 298
internal_count=12230 765 11465 5942 600 180 516 446 5762 861 4901 387 212 5523 4514 3753 1176 359 251 183 1632 383 3891 144 2577 333 1249 2244 610 396 142 165 1620 1470 761 1354 1259 1183 1081 245 817 421 164 396 1134 624 318 306 298
is_linear=0
shrinkage=0.0139946


Tree=92
num_leaves=44
num_cat=0
split_feature=20 18 2 5 11 57 35 5 9 34 20 38 9 54 38 38 9 30 37 43 9 54 54 38 38 1 29 60 10 30 9 9 0 9 4 4 57 51 33 33 43 0 20
split_gain=13.4066 7.44723 6.17964 2.83286 2.32062 1.82106 1.85165 1.4414 1.49746 2.5598 0.926835 0.823647 0.302724 0.624743 0.402756 0.872219 1.12682 1.71549 0.260568 0.191351 0.176488 0.122715 0.0993061 0.162842 0.317664 0.435466 0.0962962 0.0782713 0.0774826 0.0772988 0.0554864 0.0498707 0.0454348 0.0445978 0.0395569 0.0260707 0.0250968 0.0161913 0.0151306 0.0130725 0.0108553 0.0248829 0.00644324
threshold=18.004562840189934 17.730139245209319 20.150000000000002 0.37940952255126054 9.5000000000000018 925.35000000000002 20.59192970821351 -0.25881904510252113 -0.32533907195844763 0.57894168061210227 14.960830519171301 4.8601775560500213 0.82876241254485883 0.93650000000000022 2.2896122070012446 4.9306870005233376 0.39753913293121995 73.450000000000017 28.525631507685386 30.651875000000008 -0.88606241628642823 0.99350000000000016 0.98350000000000015 4.3765257965913529 4.9474882228014545 4.4650000000000007 94.950000000000017 30.705000000000002 -0.62538740722492581 79.950000000000017 0.33346569090932193 -0.43664718845046341 0.64500000000000013 -0.96230016621822456 920.45000000000016 925.25000000000011 921.25000000000011 13309.447000000002 20.616909515154827 28.087104969122016 21.726458333333337 0.8650000000000001 17.484121936679095
decision_type=2 2 2 2 2 2 2 2 2 2 2 2 2 2 2 2 2 2 2 2 2 2 2 2 2 2 2 2 2 2 2 2 2 2 2 2 2 2 2 2 2 2 2
left_child=1 2 11 4 12 33 10 8 9 -6 -7 -1 13 14 30 16 31 -18 26 -14 32 22 28 -24 25 -25 38 29 -15 -23 -2 -16 37 -3 -31 -36 -34 39 -17 -5 -9 -42 -35
right_child=3 5 -4 20 7 6 -8 40 -10 -11 -12 -13 19 21 15 18 17 -19 -20 -21 -22 27 23 24 -26 -27 -28 -29 -30 34 -32 -33 36 42 35 -37 -38 -39 -40 -41 41 -43 -44
leaf_value=0.0016548354380417454 0.0029771322542105514 0.0018171150435037559 0.0011383550872048722 0.005715187552726605 0.0020561092171665438 0.0013131846206269418 4.0939895181586521e-05 -0.038628694460944767 -0.0032257089861835691 0.0015098854880445038 0.0018453593022501745 0.0015012411941368879 -0.11307420812876487 -0.0018927692330643919 0.00099577319341005266 -0.0022146809224878909 -0.00038724240264772689 0.0042322572407837451 0.00093221728102460186 0.00076897149192130666 -0.13190178646815992 7.0835857320930416e-05 -0.0024689921897051866 0.0019462238787111314 -6.3118383380794026e-07 -0.00021641655824448992 0.0012826573605195951 2.5757071468941345e-05 -3.4786956942438582e-05 -0.0003865740539407581 -0.099242450762940512 -0.0088855201435429406 -0.0043053036733356354 -0.0012127117536890959 -0.00074303395954320069 -0.0026207103743514739 -0.034150863921508033 -0.054681395407092971 -0.0027988645537531213 -0.0066260131037792864 0.0005712013853927453 -0.003991464706518272 -9.2228080823281104e-06
leaf_weight=106 84 77 87 112 134 96 206 113 111 129 345 105 942 460 123 114 125 175 84 134 4260 68 174 102 382 74 131 84 175 235 296 202 85 235 894 69 321 104 386 70 133 88 164
leaf_count=106 84 77 87 112 134 96 206 113 111 129 345 105 942 460 123 114 125 175 84 134 3896 68 174 102 382 74 131 84 175 235 296 202 85 235 894 69 321 104 386 70 133 88 164
internal_value=6.04031e-05 0.0013431 0.00337171 -9.68993e-05 9.34546e-05 0.000740195 0.00122453 0.000846651 0.00145082 0.00202343 0.00173661 0.00465839 0 4.75294e-05 0.000264842 0.000385731 0.000768767 0.00139943 0 -0.000213781 -0.00034958 -6.53458e-05 0 0.000137787 0.000286096 0.000779381 -4.67776e-05 -0.000162377 -9.30695e-05 -0.000200509 0 0 -1.90673e-05 0 -0.000234733 -0.000276675 -0.000149785 0 -0.000200367 0.000131328 0 9.76709e-05 0
internal_weight=12594 1421 298 11173 6221 1123 647 708 374 263 441 211 5513 4437 1720 1340 625 300 715 1076 4952 2717 1367 732 558 176 631 1350 635 1266 380 325 692 476 1198 963 406 286 500 182 334 221 399
internal_count=12230 1421 298 10809 6221 1123 647 708 374 263 441 211 5513 4437 1720 1340 625 300 715 1076 4588 2717 1367 732 558 176 631 1350 635 1266 380 325 692 476 1198 963 406 286 500 182 334 221 399
is_linear=0
shrinkage=0.0139946


Tree=93
num_leaves=50
num_cat=0
split_feature=16 50 11 50 10 19 9 36 3 30 10 16 54 20 3 9 63 17 9 27 23 9 44 57 43 9 9 56 32 1 9 44 63 59 54 25 0 30 9 1 27 58 50 17 0 56 3 25 50
split_gain=13.6494 4.49985 6.1744 4.36747 4.23377 2.98669 2.21182 2.20291 1.7564 1.56773 1.17529 0.808534 0.574407 0.520371 0.415688 0.60072 0.267258 0.228552 0.325068 0.529535 0.540086 0.179391 0.176406 0.447997 0.152673 0.107299 0.100967 0.0785653 0.0749987 0.159367 0.344717 0.0730571 0.0648942 0.0474927 0.0460939 0.151471 0.166607 0.114769 0.121812 0.0230425 0.0202406 0.0186091 0.0107969 0.0099001 0.00950476 0.0094395 0.0175565 0.0166437 0.00331004
threshold=16.454411595244135 0.74166666666654368 9.5000000000000018 0.74166666666654368 0.91925191855388755 26.97572752825489 -0.20931270765420754 1.3140050821599287 0.78650000000000009 72.850000000000009 0.76663042157996963 24.929058441399558 0.93650000000000022 19.620855194168062 0.95850000000000002 0.45206801762443477 3.7090445509157086 23.424842868394332 -0.10738035228456493 97.050000000000011 22.395000000000003 -0.74981945761428159 3.0495125382457151 924.85000000000002 26.123541666666672 0.35769492645306972 -0.89391031859722869 920.75000000000011 -0.58500000000000074 6.2950000000000008 -0.90149333598846371 2.2626107404978644 2.9962867692734041 0.52500000000000013 0.99650000000000005 22.545000000000005 0.66500000000000015 97.850000000000009 -0.88606241628642823 23.295000000000005 85.350000000000009 1.9450000000000001 9.2583333333332209 18.815158874364396 0.41500000000000004 922.05000000000007 0.98050000000000004 21.335000000000004 193.97500000000005
decision_type=2 2 2 2 2 2 2 2 2 2 2 2 2 2 2 2 2 2 2 2 2 2 2 2 2 2 2 2 2 2 2 2 2 2 2 2 2 2 2 2 2 2 2 2 2 2 2 2 2
left_child=3 2 10 4 5 -1 7 8 -4 16 22 13 14 -12 17 26 42 18 19 20 -11 28 23 34 41 33 -16 -19 29 -14 -31 -29 45 -23 35 36 -2 -38 -39 44 -33 43 -3 -24 -30 46 -26 -47 -18
right_child=1 9 6 -5 -6 -7 -8 -9 -10 12 11 -13 21 -15 15 -17 48 27 -20 -21 -22 25 24 -25 32 -27 -28 31 39 30 -32 40 -34 -35 -36 -37 37 38 -40 -41 -42 -43 -44 -45 -46 47 -48 -49 -50
leaf_value=0.001529392967868427 -0.00054418993608391258 -0.037401823077415464 0.0020337367402309451 0.00065885054004939496 0.0013308513218422784 0.0015116994469681908 0.00045149562690339925 0.0012160454956380898 0.0015093102229078337 -0.0072688244836016597 0.0013215354444361461 -0.019514302703177173 -0.00059352788240702944 0.0043131582223232797 0.0032052986005316766 0.003667341048961732 0.0042625599280935516 0.00099671152867221989 -0.045385636888076238 -0.00073892813454711371 0.002384326611067673 -0.0033799219982106757 -0.0016401407852562953 0.0018818684370142875 -0.0012531256786506987 -0.00014010117567462554 -0.0013429296126438825 0.00055599835383783158 -0.0023357007953881438 -4.2412540652570185e-05 0.0017649669903067077 -0.010812407990631613 0.0012250360400931424 -0.0062604132102759462 -0.00062842442680804468 -0.00028893204187500112 -8.37295147908516e-05 -9.7410493351431381e-05 0.0018959240288822237 -0.00045951363748473838 -0.0027045490594323771 -0.017466345296805349 -0.11686460631484211 -0.0035185643202511438 -0.0020941266315613982 -0.0038522911887910551 0.00013158207363884097 -0.0010543799209212772 -0.11294739101676593
leaf_weight=253 115 110 120 162 103 70 96 84 116 78 71 69 244 103 131 105 88 71 143 118 116 149 85 135 74 331 310 68 68 164 95 543 114 1051 239 200 88 71 137 69 69 68 4604 490 297 70 69 285 85
leaf_count=253 115 110 120 162 103 70 96 84 116 78 71 69 244 103 131 105 88 71 143 118 116 149 85 135 74 331 310 68 68 164 95 543 114 1051 239 200 88 71 137 69 69 68 4264 490 297 70 69 285 61
internal_value=6.81804e-05 -2.83964e-05 0.000444875 0.00214821 0.00289159 0.00368303 0.00203309 0.00259079 0.00330097 -0.000186509 0.000150348 0.00107993 0 0.00158879 0.000204474 0.000531455 -0.000357233 6.27919e-08 0.000292089 0.000571865 0.00102643 -0.000125932 1.86364e-05 0.000179182 -5.38396e-05 -0.000220167 0.000124992 -8.76519e-05 0 0.000141243 0.000397818 -0.000176207 1.88173e-05 -0.000281617 0 0.000110873 0.000300168 0.000484185 0.000663208 -0.000102918 -0.00024041 -0.000227334 -0.000378677 -0.000253161 -0.000157752 0 0 -7.19757e-05 0
internal_weight=12594 12006 2899 588 426 323 416 320 236 9107 2483 243 4220 174 1752 546 4887 1206 455 312 194 2468 2240 985 1255 1531 441 751 937 503 259 680 612 1200 850 611 411 296 208 434 612 643 4714 575 365 498 143 355 173
internal_count=12230 11642 2899 588 426 323 416 320 236 8743 2483 243 4220 174 1752 546 4523 1206 455 312 194 2468 2240 985 1255 1531 441 751 937 503 259 680 612 1200 850 611 411 296 208 434 612 643 4374 575 365 498 143 355 149
is_linear=0
shrinkage=0.0139946


Tree=94
num_leaves=51
num_cat=0
split_feature=33 57 50 36 47 3 11 27 35 59 57 23 9 9 9 57 63 18 38 57 35 9 49 38 44 6 44 63 63 36 44 38 44 29 54 9 34 29 23 24 55 57 9 38 38 22 59 29 54 29
split_gain=12.2725 9.63265 8.1492 3.8911 2.37849 1.89017 1.5022 1.28121 1.17935 0.853134 0.878003 0.446928 0.428871 0.269597 0.483773 0.548679 0.683719 0.447539 0.420049 0.305614 0.42184 0.22961 0.225041 0.199385 0.216206 0.191588 0.17848 0.17462 0.163677 0.117218 0.115257 0.101416 0.0983473 0.0716843 0.0647334 0.0414749 0.0375976 0.033891 0.0319656 0.0708103 0.0501549 0.0147028 0.0139167 0.033924 0.0339063 0.018859 0.00576588 0.00271388 0.0029832 0.000302558
threshold=18.671979662200702 925.55000000000007 0.74166666666654368 0.56701337712266742 179.90000000000003 0.45750000000000007 9.5000000000000018 81.65000000000002 17.14792893471979 1.1950000000000001 926.55000000000007 20.865000000000006 -0.40542197401079733 0.82876241254485883 0.35769492645306972 921.05000000000007 0.88528936949742321 24.572032321856007 5.149869158012172 924.25000000000011 23.308869395710129 -0.74981945761428159 351.50000000000006 5.4383283052586249 3.1636041340273415 0.91597561503675351 3.7055280753513919 3.2321149531528346 3.7090445509157086 0.90469953028242689 2.5310720487136322 4.6685010091814103 2.8419168040270542 61.550000000000004 0.53850000000000009 -0.99466160899732459 4.1435775359536953 95.450000000000017 22.515000000000004 26.765000000000004 922.25000000000011 922.1500000000002 -0.92263100495486394 4.5198800984695451 4.9853705408558886 22.585000000000004 0.52500000000000013 74.850000000000009 0.95050000000000001 80.65000000000002
decision_type=2 2 2 2 2 2 2 2 2 2 2 2 2 2 2 2 2 2 2 2 2 2 2 2 2 2 2 2 2 2 2 2 2 2 2 2 2 2 2 2 2 2 2 2 2 2 2 2 2 2
left_child=1 38 3 -3 6 12 13 -8 -7 10 49 -4 -5 14 21 16 -16 18 19 -17 -21 23 -12 42 -25 28 30 -15 35 47 -19 -32 33 -31 -13 -6 -37 -34 40 -40 -1 -28 43 -2 -45 -44 -35 -23 -49 -9
right_child=4 2 11 5 25 8 7 9 -10 -11 22 34 -14 27 15 17 -18 26 -20 20 -22 29 -24 24 -26 -27 41 -29 -30 32 31 -33 37 46 -36 36 -38 -39 39 -41 -42 -43 45 44 -46 -47 -48 48 -50 -51
leaf_value=-1.8517716008867281e-05 -0.00059835256788488215 0.00155807178139432 -0.010780456217362653 0.0013276313221298973 -0.0055489607649111166 0.0015440297509110297 -0.0019581751106195391 0.0015767879830221759 0.0013991087633507943 -0.0085933098341190381 0.0019884045447054336 0.0012767775878166361 -0.0029191163312351021 -0.10722411122530688 -5.2842974664951063e-05 -0.00021661347794051832 0.0030707152964077116 -0.0015676935178585863 -0.0049297956568347791 0.0029134674580005224 0.00088819599313035534 0.00027150369766898967 0.00065523846722765299 0.0017849928680287626 -0.0034174275202278641 0.00088856370174231311 -3.7555955739633372e-05 0.00074862054397824263 0.00024130462693562201 0.0018696635708004095 0.0078996937754168949 -6.6306838371368298e-05 -0.0036832107817344026 -0.002652088464280142 0.0027742314693143849 -0.10204010223182063 -0.11693926634001212 -0.044605730520935624 0.0013806311648021053 -0.00023914821658813578 -0.0024289402349961932 -0.018730976598588939 -0.00031307211153147011 0.0013575355297358726 -0.00017679602964628034 -0.0017700525926947377 -0.0010470116680854598 -0.0029861347356776257 -0.0045043402911191365 -0.00066040594762817686
leaf_weight=185 110 175 182 70 77 116 273 68 164 91 155 76 126 936 95 79 125 71 102 83 84 214 71 141 68 76 72 112 118 84 68 82 861 68 110 4369 83 70 131 155 323 552 71 113 75 298 403 68 221 74
leaf_count=185 110 175 182 70 77 116 273 68 164 91 155 76 126 936 95 79 125 71 102 83 84 214 71 141 68 76 72 112 94 84 68 82 861 68 110 4029 83 70 131 155 323 552 71 113 75 298 403 68 221 74
internal_value=5.59589e-05 0.00112425 0.00202361 0.00297219 -0.000117606 0.00204724 5.64545e-05 0.000652673 0.00286908 0.0011058 0.00140549 0.000156851 0.000516705 -1.30421e-05 2.2384e-05 0.000245256 0.000920019 6.3193e-05 0.000509821 0.000835933 0.0011748 -6.41202e-05 0.00199025 7.82007e-05 0.000458965 -0.00035506 -4.18976e-05 -0.000221616 -0.000369053 -0.00016066 0.000160466 0.000431775 -0.000223534 0 0.000715546 -0.000383174 -0.000388824 -0.000316769 0 7.80474e-05 -9.40192e-05 -0.00022149 0 1.14526e-05 0.000187619 -8.51075e-05 -0.000127716 0 0 0
internal_weight=12594 1813 1019 651 10781 476 6058 732 280 459 368 368 196 5326 4278 1413 220 1193 348 246 167 2865 226 876 209 4723 845 1048 4647 1989 221 150 1486 555 186 4529 4452 931 794 286 508 624 667 298 188 369 471 503 289 142
internal_count=12230 1813 1019 651 10417 476 6058 732 280 459 368 368 196 5326 4278 1413 220 1193 348 246 167 2865 226 876 209 4359 845 1048 4283 1989 221 150 1486 555 186 4189 4112 931 794 286 508 624 667 298 188 369 471 503 289 142
is_linear=0
shrinkage=0.0139946


Tree=95
num_leaves=49
num_cat=0
split_feature=62 62 9 9 56 27 2 38 10 10 9 36 45 9 35 37 38 62 27 26 0 25 62 45 51 28 35 37 10 23 9 9 52 27 10 32 10 55 2 61 60 55 55 56 28 55 37 56
split_gain=21.7954 3.66792 3.3086 4.33714 2.50493 3.19669 1.99218 2.61963 2.22639 6.64907 1.31409 1.04485 0.883062 0.380763 0.330866 0.279243 0.590927 0.202532 0.242389 0.62799 0.198696 0.196347 0.387954 0.198086 0.250469 0.172997 0.226479 0.464059 0.305948 0.138612 0.0832802 0.0808372 0.0807481 0.159273 0.0499151 0.055813 0.0312676 0.0311028 0.0227821 0.0209807 0.0232664 0.00817719 0.00813527 0.00611744 0.00488761 0.00137201 4.03883e-05 1.17189e-05
threshold=17.042356613092441 23.303586138093973 -0.2760944163666606 -0.66484924122790601 925.45000000000016 86.550000000000011 41.750000000000007 5.2425578704255384 0.94415253529446119 0.86527520261780289 -0.79356426026969629 2.9789567117494218 1926.9190000000001 -0.81403855522663837 18.173572668311703 29.64938228391382 4.8217825730708626 18.652166542208217 98.050000000000011 99.050000000000011 0.70500000000000007 24.345000000000002 28.880236658081998 2260.9000000000001 6136.6635000000015 56.45000000000001 24.78323894322919 25.079457870242134 0.56312986467441573 29.925000000000004 0.35769492645306972 -0.98211651112579568 0.97450000000000003 91.350000000000009 -0.9668120007078248 -3.3699999999999988 -0.97502841500522164 924.25000000000011 193.15000000000001 0.25500000000000006 28.615000000000006 920.6500000000002 922.35000000000002 919.45000000000016 85.65000000000002 920.55000000000007 21.530535618151124 928.85000000000002
decision_type=2 2 2 2 2 2 2 2 2 2 2 2 2 2 2 2 2 2 2 2 2 2 2 2 2 2 2 2 2 2 2 2 2 2 2 2 2 2 2 2 2 2 2 2 2 2 2 2
left_child=2 4 3 10 15 25 7 8 9 11 14 13 43 -7 -1 17 -17 18 45 -20 21 -14 23 24 -23 -6 27 47 -29 39 31 -19 44 -34 36 -36 37 41 -37 -22 -41 -33 -31 -3 -32 -2 -8 -27
right_child=1 12 -4 -5 5 6 46 -9 -10 -11 -12 -13 20 -15 -16 16 -18 30 19 -21 29 22 -24 -25 -26 26 -28 28 -30 42 32 34 33 -35 35 38 -38 -39 -40 40 -42 -43 -44 -45 -46 -47 -48 -49
leaf_value=0.0015246824125052076 3.0232858563776417e-05 -0.028563992668347762 0.0014188828476439828 0.0016872747172351921 -0.017573860765616286 0.0015665431511519845 -0.0046283526013545934 -0.00046372938643745801 0.0015218102645349527 0.0022116229738241562 0.0013017426440578997 -0.0069423401202772968 -0.0014171576714215618 0.0020148444033667289 0.0014180645866992015 -0.0095045517772957399 0.003267231736986878 3.7184416099319756e-05 0.0010863154814900111 -7.2449845873519554e-05 -0.014575286986866295 0.0048522668571593973 -0.029273993220519105 -0.00041986428141125816 0.00026257059695952169 -0.012920542256546963 -0.0045004511742774891 -2.1648068102716273e-05 0.0075338859498770309 0.00082150911825569733 -0.016209188470686121 -0.00027109149976901957 0.0003165540171027942 -0.00017587687767940655 -4.8994582080845762e-05 -0.00071700416753226067 0.0018545968258558176 0.00015210074625492077 -0.0020252487640474524 -0.010695963684728551 -0.0018467582493280725 -0.0020808195509379145 -0.012824490196025806 -0.13777551274624691 -0.0010601988631786308 -0.0017844851372421106 0.00086788982140481054 0.0012515874118285682
leaf_weight=101 75 176 85 178 320 157 127 152 109 80 99 75 215 70 86 74 86 151 132 178 68 219 186 126 156 135 281 72 71 108 244 70 72 226 68 1156 80 89 69 727 70 351 110 4660 68 177 104 105
leaf_count=101 75 172 85 178 320 157 127 152 109 80 99 75 215 70 86 74 86 151 132 178 68 219 186 126 156 135 281 72 71 108 244 70 72 226 68 1156 80 89 69 727 70 351 110 4300 68 177 104 105
internal_value=6.26252e-05 -5.63824e-05 0.00278732 0.00325233 0.000215483 0.00062789 0.00124574 0.00164706 0.00214253 0.00265138 0.0017796 0.00138745 -0.000274474 0.00185742 0.00248793 0 0.000552082 -4.08571e-05 0.000156992 0.000443602 0 0.000125807 0.000275792 0.000505264 0.000666024 9.44576e-06 0.000194734 0.000425277 0.00105257 -0.000150611 -0.000108458 -0.000152641 0 0.000198134 -0.000183208 -0.000237506 0 -9.52923e-05 -0.00026162 -0.000244346 -0.000264444 -0.000159365 0 -0.000376822 -0.000113494 0 0 0
internal_weight=12594 12045 549 464 5224 1858 874 643 491 382 286 302 6821 227 187 3366 160 3206 562 310 1985 902 687 501 375 984 664 383 143 1083 2644 2034 610 298 1883 1293 590 510 1225 865 797 421 218 4836 312 252 231 240
internal_count=12230 11681 549 464 5224 1858 874 643 491 382 286 302 6457 227 187 3366 160 3206 562 310 1985 902 687 501 375 984 664 383 143 1083 2644 2034 610 298 1883 1293 590 510 1225 865 797 421 218 4472 312 252 231 240
is_linear=0
shrinkage=0.0139946


Tree=96
num_leaves=56
num_cat=0
split_feature=20 37 50 47 11 49 9 10 27 57 58 44 45 28 9 9 54 45 9 9 28 27 58 10 36 45 28 37 54 45 61 44 61 37 61 1 63 9 63 28 50 37 27 45 61 57 52 10 32 60 52 45 57 54 54
split_gain=13.5325 5.46613 6.67056 3.10896 3.15461 1.83382 1.73493 1.26031 1.2124 1.0536 2.05105 1.93577 0.416353 0.335712 0.577462 0.653888 0.625805 1.10995 0.822277 0.315332 0.207415 0.306455 0.18385 0.139956 0.123741 0.115816 0.0853774 0.0811012 0.149528 0.165596 0.467728 0.0760534 0.16635 0.16645 0.0708719 0.0651625 0.0618963 0.0531364 0.0522027 0.0483262 0.0471336 0.0445217 0.0340015 0.0292638 0.0211788 0.0904638 0.0188352 0.0621639 0.00645967 0.00340153 0.00305698 0.000187888 1.25677e-05 1.68122e-06 0.000300877
threshold=17.660190033487748 20.45317532922267 0.74166666666654368 68.90000000000002 9.5000000000000018 348.35000000000008 -0.19244979981841004 0.91234096280339505 94.050000000000011 926.55000000000007 1.0750000000000004 2.4932289277613404 1932.3815000000002 41.650000000000013 0.35769492645306972 0.82876241254485883 0.89150000000000007 1164.0320000000004 0.63874350706337069 0.76665171983724034 95.950000000000017 79.250000000000014 0.81500000000000006 -0.58427653070765284 1.1546548146779652 2170.3325 96.15000000000002 22.69040325996362 0.99250000000000005 2229.1620000000003 0.85500000000000009 3.1093237376809184 0.62500000000000011 22.438506913466323 1.3050000000000004 24.410000000000004 0.50076758487562156 0.96683886033945965 -2.300692541480879 99.65000000000002 24.766666666666556 30.821094570147785 61.550000000000004 1455.2980000000002 5.3800000000000008 923.05000000000007 0.99350000000000016 -0.9668120007078248 -2.1649999999999987 0.60500000000000009 0.98450000000000004 1943.0915000000002 922.25000000000011 0.52150000000000019 0.82850000000000013
decision_type=2 2 2 2 2 2 2 2 2 2 2 2 2 2 2 2 2 2 2 2 2 2 2 2 2 2 2 2 2 2 2 2 2 2 2 2 2 2 2 2 2 2 2 2 2 2 2 2 2 2 2 2 2 2 2
left_child=1 2 7 4 13 6 8 -1 -6 31 11 -11 -5 41 23 16 17 -16 24 -20 21 42 -23 26 -19 -10 34 52 29 30 -29 32 -3 -34 46 -36 38 -17 -18 40 -22 -2 -14 -39 -28 -46 47 50 -44 -48 -15 -4 -25 -7 -55
right_child=3 9 51 12 5 53 -8 -9 25 10 -12 -13 20 14 15 37 36 18 19 -21 39 22 -24 27 -26 -27 44 28 -30 -31 -32 -33 33 -35 35 -37 -38 43 -40 -41 -42 -43 48 -45 45 -47 49 -49 -50 -51 -52 -53 -54 54 -56
leaf_value=0.0015330701536226123 -0.066936803245196394 -0.0026130149252213738 -0.027474884362841918 -0.12896538084759282 0.0020860322212763785 -0.011311676782312045 -0.0032239922822402622 0.001420197507181864 0.0014871661991830915 0.0013193178354374408 -0.0035426838653889688 0.0015649742729394803 -0.0029184730442954501 -0.0028623181932054334 -0.086847568697209734 -0.22465908078012253 -0.001725806020955644 0.00331484362368329 -0.0020361086258810931 0.0028958237639404496 -0.00097597118975346214 0.0064377064253413434 -0.0098853780527593128 -4.4203750254349833e-05 0.0021899263066683713 4.9918587524065416e-07 -0.0019636314678217756 -0.00023155057569178633 -0.00015220314207619738 -3.1950921060446843e-05 0.0026767543835669312 -0.0052421668809613442 -0.001325067311927395 0.0018180045874716473 -0.0027405639018957782 -2.6043223471508603e-05 0.00045065098105148308 0.0040247277028985949 -0.0010799444694914425 -0.0011949774326265429 -0.020571778081857606 -0.0041726440812655113 -0.00010132920972877683 -0.037118266918163841 4.5247506025267399e-05 -0.00046832457172111218 -0.0073200063234596839 -0.0016085955586091407 -0.0098998807058112426 -0.00061883891628801175 0.0016244180708823298 0.001524292470571604 -0.002293974823974333 0.0015263552874970709 -0.0002928250421953957
leaf_weight=234 592 80 82 4273 110 129 113 70 151 69 115 104 88 72 144 293 100 75 135 70 94 116 87 102 109 68 188 177 164 176 123 149 75 129 791 68 140 112 309 77 622 95 68 105 96 79 236 119 313 70 68 69 162 68 71
leaf_count=234 592 80 82 3909 110 129 113 70 151 69 115 104 88 72 144 293 100 75 135 70 94 116 87 102 109 68 188 177 164 176 123 149 75 129 791 68 140 112 309 77 622 95 68 105 96 79 236 119 313 70 68 69 162 68 71
internal_value=6.48473e-05 0.00149593 0.00274266 -7.68674e-05 0.000147254 0.00102003 0.00157411 0.0039379 0.00208592 0.000610914 0.00128162 0.00224054 -0.000310438 8.68504e-06 6.75929e-05 0.000284706 0.000487104 0.000842391 0.00123581 0.00020535 -4.89939e-05 6.2831e-05 0.000553016 -3.59384e-05 0.00200779 0.000989449 -0.00012357 6.28064e-05 0.000174107 0.000319375 0.000518566 6.28824e-06 0.000228399 0.00048031 -0.000175738 -0.000259379 1.81747e-05 -1.32703e-05 0 -0.000228449 -0.000266405 -0.000259945 -7.58998e-06 0 0 0.000153142 0 2.22848e-05 -0.000132152 -0.000107524 0.000294507 0 0 0 1.52889e-06
internal_weight=12594 1176 455 11418 5680 710 442 304 329 721 288 173 5738 4970 4283 1592 1082 533 389 205 1465 672 203 2691 184 219 1787 904 640 476 300 433 284 204 1424 859 549 510 409 793 716 687 469 217 363 175 565 259 381 306 140 151 264 268 139
internal_count=12230 1176 455 11054 5680 710 442 304 329 721 288 173 5374 4970 4283 1592 1082 533 389 205 1465 672 203 2691 184 219 1787 904 640 476 300 433 284 204 1424 859 549 510 409 793 716 687 469 217 363 175 565 259 381 306 140 151 264 268 139
is_linear=0
shrinkage=0.0139946


Tree=97
num_leaves=49
num_cat=0
split_feature=62 62 10 10 57 26 38 5 10 10 10 18 26 63 43 10 19 49 44 1 1 25 63 38 38 1 31 57 43 50 25 63 29 20 19 35 26 1 4 57 26 7 1 43 50 25 25 54
split_gain=20.9902 3.67561 3.17702 4.76339 2.40039 2.89346 2.2996 3.34323 2.88536 5.70732 1.11892 0.815398 0.551539 0.330411 0.307436 0.561391 1.51121 0.247484 0.192406 0.229651 0.464529 0.276742 0.173961 0.332178 0.372147 0.280951 0.302237 0.120866 0.120641 0.10707 0.128711 0.158254 0.188924 0.104822 0.0908705 0.0814646 0.0450136 0.0899404 0.0332065 0.031535 0.0296611 0.0295471 0.0216062 0.0185814 0.0235651 0.00413348 0.000922904 0.000866497
threshold=17.042356613092441 23.303586138093973 0.95989713290459411 0.74407637760383738 925.35000000000002 89.550000000000011 5.2425578704255384 -1.0000000180025095e-35 0.94415253529446119 0.86527520261780289 0.60503365783732044 25.599307396920228 72.550000000000011 0.59258786625383142 20.772916666666671 0.76663042157996963 24.927322684183647 494.25000000000006 2.5310720487136322 3.9650000000000003 0.045000000000000005 24.605000000000004 1.1227954453473112 4.5198800984695451 5.0799775937298168 2.2250000000000005 -1.0991131902609188 923.85000000000002 24.322916666666675 0.74166666666654368 21.285000000000004 -0.24603897948640172 74.65000000000002 22.394198561902712 35.107118329148939 18.173572668311703 85.15000000000002 4.5150000000000006 921.1500000000002 919.25000000000011 95.450000000000017 -0.98296291314453399 19.590000000000003 24.10979166666667 9.2583333333332209 20.935000000000006 20.715000000000003 0.72050000000000003
decision_type=2 2 2 2 2 2 2 2 2 2 2 2 2 2 2 2 2 2 2 2 2 2 2 2 2 2 2 2 2 2 2 2 2 2 2 2 2 2 2 2 2 2 2 2 2 2 2 2
left_child=2 4 3 10 22 14 7 8 9 11 35 45 34 17 -6 46 -17 40 -15 20 -20 -22 28 -24 25 26 -25 47 29 30 -2 32 -32 38 39 -1 -19 -38 -30 -3 -14 -41 -40 44 -31 -7 -16 -26
right_child=1 12 -4 -5 5 6 -8 -9 -10 -11 -12 -13 13 18 15 16 -18 36 19 -21 21 -23 23 24 27 -27 -28 -29 33 43 31 -33 -34 -35 -36 -37 37 -39 42 41 -42 -43 -44 -45 -46 -47 -48 -49
leaf_value=0.0014825653400510758 -0.00062975679738379038 -0.0085351185671897582 0.0014798911153351391 0.0016423589542093569 -0.031995536908834797 0.0019193746803782064 -0.0003554898235436525 9.6781641981607733e-05 0.0011262513956315043 0.0021650059908948872 0.0012543319553937169 0.0013969776019027332 -0.020167794520591826 -0.01745016676119068 -0.05762934965309937 -0.014891681064636104 0.004799773867046022 -0.0064592505855009677 -0.015853117032842579 -0.00054912413978603085 -0.00014738001911118804 0.01422980864063522 -0.0045027242641679354 0.0020685096448449648 -7.2457131914933974e-05 -0.00025892993055131561 -0.00011441488587223754 0.0017799323165893308 -0.00028274515895983178 -0.00013244854713707357 4.8014701083625734e-06 -0.00044874328376134535 0.0026936259039717888 -4.7171765494158654e-05 -0.015579332647757448 0.0013690260143571999 -0.0074878963378500691 0.0015839896729427782 -0.0010609253553912658 -0.013146228769644807 -0.00015580069331830185 -0.12487043131105849 -3.1013779648241443e-05 -1.2069120799316519e-05 -0.0025200698047459381 0.001674929014775197 0.0049730892590947968 -0.00072643489291385937
leaf_weight=101 122 84 85 178 401 70 218 237 111 72 99 94 942 135 243 105 90 170 84 146 74 175 238 153 68 75 85 74 327 116 99 68 108 257 74 86 68 110 821 210 229 4320 72 91 288 143 109 269
leaf_count=101 122 84 85 178 401 70 218 237 111 72 99 94 942 135 243 105 90 170 84 146 74 175 238 153 68 75 85 74 327 116 99 68 108 257 74 86 68 110 821 210 229 3956 72 91 288 143 109 269
internal_value=6.26252e-05 -5.4059e-05 0.00273651 0.00319224 0.000218161 0.000615923 0.00116519 0.00154326 0.00220464 0.00278581 0.00168237 0.00163006 -0.000272422 -4.70363e-05 0 0.000274746 0.000876905 -0.000181784 0.000176458 0.000343866 0.000551465 0.000876702 0 0.000149918 0.000336733 0.000702056 0.000936161 0 -7.23402e-05 0 0.000220181 0.000401113 0.000601389 -0.000156097 -0.000360545 0.00233973 0 0.000221393 -0.000215159 -0.00036869 -0.000290132 -0.000373918 -0.000265476 -5.73283e-05 -0.000113973 0.00213607 0 -5.34976e-05
internal_weight=12594 12045 549 464 5224 1893 945 727 490 379 286 307 6821 2133 948 547 195 1519 614 479 333 249 3331 962 724 313 238 411 2369 892 397 275 207 1477 4688 187 348 178 1220 4614 1171 4530 893 495 404 213 352 337
internal_count=12230 11681 549 464 5224 1893 945 727 490 379 286 307 6457 2133 948 547 195 1519 614 479 333 249 3331 962 724 313 238 411 2369 892 397 275 207 1477 4324 187 348 178 1220 4250 1171 4166 893 495 404 213 352 337
is_linear=0
shrinkage=0.0139946


Tree=98
num_leaves=50
num_cat=0
split_feature=62 9 9 62 37 19 53 8 9 52 1 1 1 63 27 58 37 29 25 44 9 40 44 9 37 9 54 25 9 33 35 9 29 9 35 53 42 52 53 63 27 44 3 40 9 44 58 9 54
split_gain=20.6759 3.31178 5.15945 3.26788 3.70202 2.03464 1.61515 1.17128 1.11892 0.518106 0.454801 1.31035 0.414167 0.305851 0.347505 0.262591 0.590586 0.538043 0.205623 0.258924 0.361178 0.14364 0.128543 0.121057 0.108379 0.410966 0.736642 0.10149 0.149204 0.0905895 0.0814646 0.0644797 0.0632541 0.0618687 0.034208 0.0402559 0.0453609 0.0535975 0.0334823 0.0328069 0.0288649 0.0253035 0.0223505 0.0199784 0.0168448 0.025588 0.00702225 0.00560968 0.00331004
threshold=17.042356613092441 -0.30901413279605799 -0.66484924122790601 20.421159798168251 21.530535618151124 20.311552195899164 0.13350000000000004 -0.5 -0.79356426026969629 0.99250000000000005 0.03500000000000001 1.925 29.955000000000002 1.72354170530552 83.550000000000011 1.1250000000000002 23.117846476335817 78.550000000000011 16.785000000000004 2.9787140681841486 0.6254047815183511 0.12583057392223479 3.4409418862302759 -0.99466160899732459 28.035477892378996 0.82876241254485883 0.6735000000000001 24.655000000000005 -0.57023701209772126 18.537732195261764 18.173572668311703 -0.85206963063867713 69.15000000000002 -0.98211651112579568 17.584407599652213 0.99950000000000017 1.0000508188393267 0.99950000000000017 0.075500000000000012 3.7090445509157086 96.65000000000002 2.4609797379328171 0.98150000000000015 0.11539783989508641 -0.97505550290239429 2.87774322470294 1.9650000000000001 -0.30081702196488969 0.72050000000000003
decision_type=2 2 2 2 2 2 2 2 2 2 2 2 2 2 2 2 2 2 2 2 2 2 2 2 2 2 2 2 2 2 2 2 2 2 2 2 2 2 2 2 2 2 2 2 2 2 2 2 2
left_child=1 2 8 4 5 48 -7 23 30 15 -8 -12 13 18 24 16 17 -6 -9 20 27 -21 -16 -5 31 26 -26 32 -29 -25 -1 -15 -20 -18 -11 36 37 42 -27 -31 -23 -14 -36 -44 -34 -46 -33 -35 -2
right_child=3 -3 -4 7 9 6 10 12 -10 34 11 -13 41 14 22 -17 33 -19 19 21 -22 40 -24 29 25 38 -28 28 -30 39 -32 46 44 47 35 -37 -38 -39 -40 -41 -42 -43 43 -45 45 -47 -48 -49 -50
leaf_value=0.0014618173722681616 -0.0089310822390802139 0.0014549974826345488 0.0016360561650008757 1.6943944942232036e-05 0.0014622535450566506 0.0018073667833341804 0.0017156606440360306 0.0027351010324715747 0.0012367780315992805 2.3287270758512696e-05 0.0020286257557573287 0.0013437522481124853 0.0027240834980699832 0.00034954658022791373 -0.00027666252800706494 -0.0021509978051642625 0.0014947725292697841 -0.00049148449167935179 -0.00017579163034912995 0.00013848554727659781 0.0029918930588292954 -0.010888500247203205 0.0038141526431892509 -0.0069144484788005731 -0.0038036091188143558 0.0032550105337921468 -0.0029005751405091931 0.0052562316733530401 -0.0089468748286922698 -0.12133408365441492 0.0013498669885304933 -0.009346777596516833 -0.00022606999684808947 -0.00080054766598073907 -0.00010107305681308802 -0.00010328196468722403 -2.7134488001093424e-05 -2.299417794306064e-05 -0.17843934017922095 -0.13836085158228259 -0.001712209527469404 -2.9523616848006949e-07 -8.7090532075355598e-05 -0.00043036099859205905 -0.0022597907821160718 -0.00040622331370464797 -0.25714768169039603 0.00018007094849549119 0.0011830232541159801
leaf_weight=101 107 95 168 96 125 88 122 102 99 72 82 111 69 86 78 224 69 100 129 68 108 1932 68 137 89 79 81 127 206 4126 86 422 73 232 68 122 137 151 259 85 120 71 77 584 549 68 79 179 88
leaf_count=101 107 95 168 96 125 88 122 102 99 72 82 111 69 86 78 224 69 100 129 68 108 1932 68 137 89 79 81 127 206 3786 86 422 73 232 68 122 137 151 259 61 120 71 77 584 549 68 79 179 88
internal_value=5.70699e-05 0.0027111 0.00321008 -5.87057e-05 0.000357777 0.00133552 0.00190445 -0.000188515 0.00168237 5.21758e-05 0.0023733 0.00304476 -2.32299e-05 -5.88688e-05 0.000100838 0.000320457 0.000456061 0.00107555 -0.000135153 -0.000167948 0 -0.000262402 0.000738753 -0.000354143 0 0.000163189 0.000739818 -8.18111e-05 0 -0.000365562 0.00233973 -0.000113965 -0.000183365 2.28102e-05 -9.82546e-05 -0.000127026 -0.000160642 -0.000199722 0 -0.000377085 -0.000291259 0.000689106 -0.000249986 -0.000274786 -0.000240411 -0.000264473 -0.000200804 0 0
internal_weight=12594 549 454 12045 2738 598 403 9307 286 2140 315 193 4863 4723 1241 929 705 225 3482 3380 1260 2120 146 4444 1095 508 170 1152 333 4348 187 587 819 480 1211 1139 1017 880 338 4211 2052 140 729 661 690 617 501 411 195
internal_count=12230 549 454 11681 2738 598 403 8943 286 2140 315 193 4863 4723 1241 929 705 225 3482 3380 1260 2120 146 4080 1095 508 170 1152 333 3984 187 587 819 480 1211 1139 1017 880 338 3847 2052 140 729 661 690 617 501 411 195
is_linear=0
shrinkage=0.0139946


Tree=99
num_leaves=52
num_cat=0
split_feature=20 57 28 5 11 2 31 9 44 5 9 4 60 0 27 63 10 9 4 57 36 40 52 63 54 9 61 9 58 10 44 10 44 40 10 31 17 54 9 10 40 10 0 44 61 27 63 63 10 9 47
split_gain=12.5803 7.31979 4.05421 3.31325 5.06271 2.37612 2.36357 2.9619 1.0227 0.522146 0.49295 0.476261 0.254575 0.231266 0.262004 0.15578 0.473849 1.44916 0.79717 0.292221 0.416713 0.501262 0.541193 0.151761 0.137575 0.128086 0.102085 0.0807071 0.112461 0.0884495 0.0605164 0.0599576 0.0528944 0.0477234 0.0466273 0.0380337 0.0341667 0.0332218 0.0873097 0.155651 0.0210021 0.0203184 0.0250788 0.030379 0.0171232 0.0032742 0.0578639 0.0627815 0.00218854 0.00186158 0.000278906
threshold=17.159050824140841 926.55000000000007 86.550000000000011 1.0000000180025095e-35 9.5000000000000018 26.350000000000005 -1.4923976372322973 -0.14153898451656977 2.5849010870867235 0.60355339059327384 -0.63874350706337046 930.75000000000011 23.260000000000002 1.2150000000000001 96.350000000000009 0.67995660764623633 -0.5488429582847193 0.35769492645306972 922.55000000000007 924.95000000000016 1.5305683381292576 0.17214335111677348 0.41750000000000004 2.3159169506196196 0.43950000000000006 -0.74981945761428159 8.4500000000000011 0.31718835131409573 0.99500000000000011 -0.37370587188196386 4.1197194555506602 0.34963450400049079 2.8419168040270542 0.32000000000005396 -0.8520459593969173 10.307727707231527 21.63582795332891 0.97450000000000003 -0.92913280730858783 0.44436171794418394 0.09574207775632218 -0.9975933521984367 0.37500000000000006 2.1529475679052958 0.95500000000000007 98.450000000000017 -1.0947645370880517 -0.13413778191811151 -0.073092422389869308 -0.9523687564627995 221.70000000000002
decision_type=2 2 2 2 2 2 2 2 2 2 2 2 2 2 2 2 2 2 2 2 2 2 2 2 2 2 2 2 2 2 2 2 2 2 2 2 2 2 2 2 2 2 2 2 2 2 2 2 2 2 2
left_child=1 49 24 4 11 31 13 8 -8 10 12 15 37 14 -6 19 17 32 -19 25 21 -21 -23 41 -3 45 40 29 -29 -18 -20 -4 -17 -30 -25 -11 -34 38 -5 -40 -27 -12 -43 -44 -31 46 -2 -48 50 -1 -39
right_child=3 2 5 9 6 -7 7 -9 -10 35 23 -13 -14 -15 -16 16 27 18 30 20 -22 22 -24 34 -26 26 -28 28 33 44 -32 -33 36 -35 -36 -37 -38 48 39 -41 -42 42 43 -45 -46 -47 47 -49 -50 -51 -52
leaf_value=0.0013116208500479518 -0.001156068831609377 -0.019845321664530569 0.0013829030848797439 -0.00029630243218032383 0.0020930822557737711 0.0016053369499465888 0.0013118283806041182 -0.032007708126734757 0.0024714624556207276 -0.12484882991994899 -0.010882878562590067 0.0011608487161961995 0.003454676213740137 -0.0035410588451122347 -0.0013537455809480878 0.0017250749690418765 -0.00033941763411745728 0.0015747254249614292 0.0021331675846844866 -0.001216887438211735 -0.0055354698959718101 0.0011294884787063357 0.0027392429539522881 0.023580888977381222 0.0017513456459464605 -0.0008397166890523253 -1.988613921008744e-05 0.0031055439702514271 -0.00076510195173667517 -0.0039312810307444608 -0.013837042076005092 0.0014534995571486155 -0.00026764260780292893 -0.09401161322569658 -0.033205291910773461 -0.10388357643487792 -0.0054822794198003105 -0.0047331841871381562 0.0048629153390508384 -0.015398124172134608 -0.0014256718975398943 -0.012203100053433984 -0.0063504653125137566 -0.030022858317589558 0.0024112254717858321 -4.1635118179934721e-05 0.002326878331073676 -5.0275278968676836e-05 0.00011912150293868526 -0.0013606701199051212 -0.011157811602949343
leaf_weight=87 102 79 76 123 145 69 124 75 93 3793 75 72 68 103 79 131 167 140 70 73 169 108 75 76 68 73 417 115 79 97 83 288 69 646 193 141 326 183 116 90 1218 72 69 1325 76 179 72 69 74 215 69
leaf_count=87 102 79 76 123 145 69 124 75 93 3429 75 72 68 103 79 131 167 140 70 73 169 108 75 76 68 73 417 115 79 97 83 288 69 646 193 141 326 183 116 90 1218 72 69 1325 76 179 72 69 74 215 69
internal_value=6.15141e-05 0.001674 0.0025924 -5.4413e-05 0.000199604 0.00328883 0.00138885 0.00235379 0.00317638 -0.000270845 -7.826e-05 2.54183e-05 0.000183324 0.000313858 0.000586485 0 9.94271e-05 0.000368515 0.00115785 -6.4779e-05 0.000210984 0.000624418 0.00103678 -0.000220018 7.28949e-05 -0.000151544 -0.000208098 -3.06136e-05 -0.000139393 4.03386e-05 0 0.00375876 0 -0.000229798 0 -0.000377631 -0.0001423 0 0.000140233 0.000336996 -0.000269697 -0.000275884 -0.000287597 -0.000300828 0.000319761 0 5.11745e-05 0.000289507 0 0 -4.10904e-05
internal_weight=12594 882 580 11712 5245 433 619 292 217 6467 2533 4626 723 327 224 4554 1999 819 293 2555 425 256 183 1810 147 2130 1708 1180 840 340 153 364 526 725 269 3934 395 655 329 206 1291 1541 1466 1394 173 422 243 141 326 302 252
internal_count=12230 882 580 11348 5245 433 619 292 217 6103 2533 4626 723 327 224 4554 1999 819 293 2555 425 256 183 1810 147 2130 1708 1180 840 340 153 364 526 725 269 3570 395 655 329 206 1291 1541 1466 1394 173 422 243 141 326 302 252
is_linear=0
shrinkage=0.0139946


Tree=100
num_leaves=47
num_cat=0
split_feature=62 9 9 5 57 50 22 9 57 62 45 54 9 9 57 28 22 19 45 45 28 52 27 3 19 32 63 62 57 45 54 2 9 9 19 62 2 31 42 55 9 57 45 29 27 9
split_gain=20.3678 3.78501 4.96373 2.69633 2.2307 1.13157 1.24852 0.93311 1.49734 0.923847 0.334536 0.299987 0.603121 0.469356 1.31312 0.350432 0.246363 0.332035 0.419033 0.177947 0.216119 0.217646 0.349639 0.388638 0.280108 0.444003 0.154921 0.137106 0.107356 0.0925363 0.122596 0.0877845 0.0808674 0.277003 0.0768701 0.0762096 0.0578455 0.0562894 0.0562891 0.0464159 0.0445179 0.0224511 0.0117332 0.0008099 0.000748458 1.45249e-06
threshold=17.65929765440621 -0.30901413279605799 -0.66484924122790601 0.25881904510252091 930.85000000000002 1.0000000180025095e-35 21.785000000000004 -0.96230016621822456 925.45000000000016 16.990898242597225 1932.3815000000002 0.99350000000000016 0.82876241254485883 0.43664718845046319 921.05000000000007 51.750000000000007 16.785000000000004 30.206999157058462 2097.3870000000002 2205.0445000000004 56.45000000000001 0.99450000000000005 96.750000000000014 0.13350000000000004 31.165674471925033 -2.7399999999999998 3.2321149531528346 27.743333817254857 924.95000000000016 2137.0020000000004 0.88050000000000017 228.00000000000003 -0.88606241628642823 -0.93535928755917819 20.6178833103444 18.59871034772112 86.200000000000003 -0.78359186268582259 0.85939901473761704 920.25000000000011 -0.86095304316285715 926.75000000000011 2037.6380000000001 88.350000000000009 97.750000000000014 -0.84293373149377071
decision_type=2 2 2 2 2 2 2 2 2 2 2 2 2 2 2 2 2 2 2 2 2 2 2 2 2 2 2 2 2 2 2 2 2 2 2 2 2 2 2 2 2 2 2 2 2 2
left_child=1 2 5 4 7 6 40 8 29 -4 -5 12 13 19 -15 -16 -17 18 -18 20 43 22 23 -22 25 -25 41 32 31 -2 -31 35 33 -12 -21 -13 -29 -3 -19 -36 -1 -14 -34 -9 -23 -24
right_child=3 37 9 10 -6 -7 -8 11 -10 -11 27 28 26 14 15 16 17 38 -20 34 21 44 45 24 -26 -27 -28 36 -30 30 -32 -33 42 -35 39 -37 -38 -39 -40 -41 -42 -43 -44 -45 -46 -47
leaf_value=0.0014141396888986866 -0.00028128124415069698 -0.010353666214958389 0.0016267144434018138 -0.12530359364962981 0.0012226316132951617 -0.001625699992718031 0.0012912157667630093 -0.0057034402861626358 0.0013695211893606984 0.0014361758763410104 -8.0909258640117286e-06 -1.4359771702477137e-05 -0.17416157138668906 0.0029091849937584939 -0.02046864852852591 -0.0014360671185278176 0.0071277634905539868 0.00031643567149437904 0.00011350313033453001 0.0017466542443748635 -0.0020690326146683459 -0.0022354818037396062 0.00091238906143163408 0.0017021253733187156 -0.0023578598772259103 0.0019426953032969487 0.0030655125127315793 -0.006303909621896849 0.0010770692146346316 -0.0002597362933491728 0.0017627298371073359 0.0015143672263140521 0.00041676823527730554 0.014972935339596352 -1.1987896105612271e-05 -0.00097899876718008511 -0.052784424209906484 0.0024243212432976734 -0.001298124995903974 -0.001073240848044754 0.0012194482879161019 -0.028318985999648608 -0.02281718555865624 -0.012386714568540211 0.0001361301840824592 -0.0014752694286159678
leaf_weight=104 123 76 156 4187 103 85 99 229 101 72 247 238 761 144 272 133 137 144 93 101 192 207 68 100 71 251 114 68 116 75 169 98 119 86 69 1119 505 95 142 549 78 127 252 68 90 161
leaf_count=104 123 76 156 3823 103 85 99 229 101 72 247 238 761 144 272 133 137 144 93 101 192 207 68 100 71 251 114 68 116 75 169 98 119 86 69 1119 505 95 142 549 78 127 252 68 90 161
internal_value=5.37368e-05 0.0022672 0.00280346 -8.40505e-05 0.000103826 0.0014915 0.00191743 5.88162e-05 0.000659591 0.00458723 -0.000315195 0 7.12028e-05 0.000176104 0.00042285 0.000144902 0.00035941 0.000505492 0.000922589 2.27343e-05 0.0001369 0.000244941 0.000362684 0.000540037 0.000776737 0.000938181 -0.000198592 -4.91928e-05 -0.000154064 4.45945e-05 0.000276941 -0.000200145 1.29674e-06 0.000217127 -0.000111733 -0.000235794 -0.000228237 4.48428e-06 0 -0.000196993 0.00264312 -0.000280335 -1.1837e-05 -5.12925e-05 0 0
internal_weight=12594 765 594 11829 6365 366 281 6262 468 228 5464 5794 4223 3221 1065 921 649 516 230 2156 1437 1140 843 614 422 351 1002 1277 1571 367 244 1455 704 333 719 1357 573 171 286 618 182 888 371 297 297 229
internal_count=12230 765 594 11465 6365 366 281 6262 468 228 5100 5794 4223 3221 1065 921 649 516 230 2156 1437 1140 843 614 422 351 1002 1277 1571 367 244 1455 704 333 719 1357 573 171 286 618 182 888 371 297 297 229
is_linear=0
shrinkage=0.0139946


Tree=101
num_leaves=49
num_cat=0
split_feature=16 50 37 50 11 10 53 26 10 58 44 63 0 10 26 37 38 26 58 17 23 56 44 56 37 25 10 38 37 30 0 49 30 26 30 42 38 50 56 63 44 52 1 17 56 56 63 44
split_gain=12.9461 4.45609 5.06903 3.81727 6.47468 2.01204 2.76389 1.12819 0.982674 1.42591 0.854229 0.419988 0.315238 0.311915 0.359872 0.25567 0.614563 0.251896 0.337004 0.412804 0.303855 0.135913 0.129727 0.158764 0.402449 0.15763 0.13247 0.128761 0.108516 0.105083 0.0866714 0.0821691 0.0754842 0.0490982 0.101172 0.194473 0.211685 0.0316538 0.0258156 0.0249248 0.0642032 0.0607169 0.11254 0.0482991 0.0228607 0.0193249 0.0183512 0.0137946
threshold=16.454411595244135 0.74166666666654368 20.042306807789934 12.424999999999907 9.5000000000000018 0.98043284291745803 0.48550000000000004 72.550000000000011 0.76663042157996963 0.95500000000000007 3.2707793141681436 -0.56572566129838531 0.70500000000000007 0.57727023316007786 98.750000000000014 29.64938228391382 4.8217825730708626 93.550000000000011 0.50500000000000012 30.208988070041645 23.415000000000003 920.35000000000002 3.0495125382457151 924.25000000000011 22.913800909796183 23.245000000000001 -0.84291031405530259 2.7558769241196397 25.257111464890517 84.350000000000009 0.35500000000000004 641.05000000000007 64.65000000000002 98.850000000000009 97.750000000000014 0.4244800740557596 5.0084163176799228 28.816666666666436 920.6500000000002 2.3159169506196196 2.6893757522382917 0.99150000000000016 0.095000000000000015 30.370369865206012 920.05000000000007 920.25000000000011 2.6031930150626441 2.475133047129459
decision_type=2 2 2 2 2 2 2 2 2 2 2 2 2 2 2 2 2 2 2 2 2 2 2 2 2 2 2 2 2 2 2 2 2 2 2 2 2 2 2 2 2 2 2 2 2 2 2 2
left_child=1 2 -1 4 8 6 -6 21 15 -10 -4 27 17 14 -8 22 -17 18 -13 20 -20 46 23 33 -25 32 -27 -9 -11 -23 -29 37 -24 34 45 -36 -37 -32 -35 40 47 42 -41 -42 -34 -2 -5 -14
right_child=3 -3 10 7 5 -7 13 11 9 28 -12 12 39 -15 -16 16 -18 -19 19 -21 -22 29 25 24 -26 26 -28 30 -30 -31 31 -33 44 38 35 36 -38 -39 -40 41 43 -43 -44 -45 -46 -47 -48 -49
leaf_value=0.0014565079110318928 -1.855054050543648e-05 0.00059683655102239178 0.0013227338321426898 -0.043162343726714458 0.0015694445575641723 -0.018224114159219838 0.0014213163757287317 4.7985398864660771e-05 0.001576320401898329 -0.035337568556463583 -0.010989055465638581 -0.000268509615690466 -0.0032811781757922645 0.0011818774019021548 0.0012422869250561456 -0.0097498953188755299 0.0028712553724961187 -0.0002549242766188002 -0.00018437493881561914 0.0011033683992262258 0.0068381737840950739 -0.12772387447155595 -0.014297371282858622 -0.0015486609963335975 0.0016737237077857473 0.00023782925335048353 -0.0054051694092791458 0.0015392074160686746 0.0020028509855952669 -0.003895663612276801 -0.0011417737114616992 -0.00028643095732610799 -0.00026600891622878883 -0.00026685596950631803 -0.00056996259134567287 0.0022197777050370193 -8.4211958523174567e-05 -0.0048354275135466156 -0.00016364808322434976 -0.0028473744415629643 -0.0068567671957551445 -0.0049078184332368392 0.017019496184736471 3.58119528775329e-05 -0.0031070140185353967 -0.0021912416275939703 0.0030860627976681022 0.0018119938480711845
leaf_weight=220 68 162 130 268 114 111 132 73 68 125 76 209 201 99 70 98 113 185 68 156 120 4237 184 94 141 70 148 70 97 69 168 92 72 85 138 133 79 1266 326 83 496 69 79 98 966 250 118 100
leaf_count=220 68 162 130 268 114 111 132 73 68 125 76 209 201 99 70 98 113 185 68 156 120 3881 184 94 141 70 148 70 97 69 168 92 72 85 138 133 79 1266 326 83 496 69 79 98 966 250 110 100
internal_value=5.04036e-05 0.00207704 0.00282617 -4.35473e-05 0.000317251 0.00176053 0.00220683 -0.000217629 6.24585e-05 0.000838416 0.000808281 -8.61202e-06 0.000114496 0.00116238 0.00151885 0 0.000450708 0.000341332 0.000494232 0.000763352 0.00121955 -0.000360595 -4.97927e-05 8.14053e-06 0.0003625 -0.000149329 0 -0.000186404 0 -0.000384525 -0.000228289 -0.000256152 -0.000226928 -7.19054e-06 0 0.000226126 0.000512075 -0.00028465 -0.000153056 0 -6.29678e-05 7.5447e-05 0.000284005 -0.000164531 -0.000273542 -7.54888e-05 0 0
internal_weight=12594 588 426 12006 3781 526 415 8225 3255 290 206 3533 1864 301 202 2965 211 738 553 344 188 4692 2754 1314 235 1440 218 1669 222 4306 1596 1526 1222 1079 668 350 212 1434 411 1126 895 231 162 594 1038 318 386 301
internal_count=12230 588 426 11642 3781 526 415 7861 3255 290 206 3533 1864 301 202 2965 211 738 553 344 188 4328 2754 1314 235 1440 218 1669 222 3950 1596 1526 1222 1079 668 350 212 1434 411 1126 895 231 162 594 1038 318 378 301
is_linear=0
shrinkage=0.0139946


Tree=102
num_leaves=46
num_cat=0
split_feature=62 18 2 5 57 4 9 45 62 57 40 9 37 4 10 0 9 54 54 9 62 59 40 36 63 63 50 43 4 50 9 1 1 63 16 6 2 32 1 37 63 47 16 62 40
split_gain=20.6258 4.17087 3.20033 2.64222 1.87688 0.972559 0.742591 0.981405 0.669248 1.52065 1.17425 0.311842 0.975113 1.26568 0.504667 0.496929 0.494329 1.34942 0.350608 0.296477 0.217359 0.215578 0.204312 0.188601 0.16241 0.1214 0.0930378 0.164673 0.34008 0.0773571 0.0704997 0.0419071 0.0385082 0.0457681 0.0373926 0.0322684 0.0269554 0.0148294 0.0544271 0.0793825 0.00557116 0.00276722 0.00116039 0.000646143 0.000879999
threshold=17.65929765440621 19.336804036891529 44.100000000000009 0.37940952255126054 930.85000000000002 930.6500000000002 -0.32533907195844763 2111.8045000000006 18.652166542208217 925.6500000000002 0.64285819896607921 0.82876241254485883 28.035477892378996 923.25000000000011 -0.66483077113278999 0.8650000000000001 -0.7610972106345526 0.61650000000000016 0.83550000000000002 -0.88606241628642823 27.151296198434256 0.51500000000000012 0.26006409466467578 1.9577272283968179 3.2321149531528346 0.59258786625383142 7.7999999999999821 21.433750000000007 925.85000000000002 343.40833333333325 -0.88606241628642823 25.855000000000004 0.045000000000000005 -2.7803026314434791 23.5861475145811 -0.5 224.95000000000002 -2.5150000000000019 1.2350000000000001 25.079457870242134 -0.71263094024789975 140.75000000000003 26.474729662834971 18.370503049186318 0.13441224382994335
decision_type=2 2 2 2 2 2 2 2 2 2 2 2 2 2 2 2 2 2 2 2 2 2 2 2 2 2 2 2 2 2 2 2 2 2 2 2 2 2 2 2 2 2 2 2 2
left_child=1 2 5 4 8 -1 7 -3 9 43 -11 12 14 18 25 16 21 -18 -14 20 -5 23 -19 -16 34 29 27 -17 -29 32 -28 41 -10 -34 -13 -22 -35 -27 39 -39 -23 -21 -42 44 -2
right_child=3 6 -4 19 -6 -7 -8 -9 11 10 -12 24 13 -15 15 26 17 22 -20 31 35 40 -24 -25 -26 37 30 28 -30 -31 -32 -33 33 36 -36 -37 -38 38 -40 -41 42 -43 -44 -45 -46
leaf_value=0.0013609437225786524 -2.9312098142093573e-05 0.0014957925061460202 0.0012487732256742903 0.0058649025765999266 0.0011725202718847125 0.0020752577103055371 -0.012484607545451309 -6.4396679465577808e-05 -0.0015505667987319499 0.0018865492247986827 -6.7034590900764133e-05 -0.037583206172993593 0.011702942698101793 -0.010743576877872609 -0.002024687691353741 -0.02510487462697885 -0.0021631827961432364 0.0015636092163381194 0.00037670884636212639 -0.096591447659035087 -0.00021293366327080761 -0.00036611577753767165 0.0022812167352033422 0.0023533774769804671 0.002961852516413396 -0.0077815605452195222 -5.4719603788631549e-05 -0.00046105283995985752 0.0053823777202463259 0.0014091881959690171 -0.018471135209192208 -0.0063068204831473618 -0.00016189869279169898 -0.0010833601823209296 -0.16858552410352298 -0.050614661663365694 -0.0019428064324202596 0.0023479917444210849 -0.0005579967142602131 2.3106526591400883e-06 -0.00025895116132536262 -0.12421229628005914 -0.00013858436602000443 0.00038239654216837423 -0.0004079257496121239
leaf_weight=262 111 182 70 133 127 68 110 73 89 139 83 168 99 147 68 227 173 74 134 58 126 196 86 80 120 237 203 106 99 116 431 74 185 1319 803 434 68 68 148 228 236 4129 68 162 277
leaf_count=262 111 182 70 133 127 68 110 73 89 139 83 168 99 147 68 227 173 74 134 58 126 196 86 80 120 237 203 106 99 116 431 74 185 1319 803 434 68 68 148 228 236 3765 68 162 277
internal_value=5.8181e-05 0.00228545 0.00334961 -8.05018e-05 8.94103e-05 0.00393385 0.000924504 0.00133676 4.71589e-05 0.000434479 0.00140816 0 4.47759e-05 0.000725103 0 0.000148736 0.000380961 0.000844011 0.00138213 -0.000329841 0 3.75869e-05 0.00176253 0.000536524 -0.000216609 -0.000147494 -2.16702e-06 7.17823e-05 0.000408306 -0.000208444 -0.000158582 -0.000374303 -0.000235777 -0.000252044 -0.000292237 -0.000173989 -0.000280075 0 5.85508e-05 0.000202283 0 -0.000380181 -5.97271e-05 0 0
internal_weight=12594 765 400 11829 6875 330 365 255 6748 772 222 5976 4885 380 4505 2047 981 333 233 4954 693 648 160 148 1091 2458 1066 432 205 1777 634 4261 1661 1572 971 560 1387 681 444 296 500 4187 304 550 388
internal_count=12230 765 400 11465 6875 330 365 255 6748 772 222 5976 4885 380 4505 2047 981 333 233 4590 693 648 160 148 1091 2458 1066 432 205 1777 634 3897 1661 1572 971 560 1387 681 444 296 500 3823 304 550 388
is_linear=0
shrinkage=0.0139946


Tree=103
num_leaves=44
num_cat=0
split_feature=62 18 2 5 25 0 4 62 4 59 9 4 60 63 38 9 9 38 0 9 40 10 40 38 59 62 19 37 32 63 40 9 6 0 18 37 60 3 63 51 62 10 62
split_gain=20.6457 4.17087 3.20033 2.618 1.75995 4.90212 0.972559 0.852738 1.3171 1.18788 0.742591 0.891892 0.426446 0.412597 0.391316 0.47541 1.06316 0.939549 0.32231 0.296477 0.273184 0.253074 0.341622 0.289512 0.221131 0.217359 0.122506 0.0494242 0.0484743 0.0822696 0.0449706 0.0431621 0.0322684 0.0305532 0.0260351 0.237932 0.0231766 0.0187831 0.00823951 0.00274389 0.00124783 0.000337025 0.000151375
threshold=17.65929765440621 19.336804036891529 44.100000000000009 0.37940952255126054 16.995000000000001 0.92500000000000016 930.6500000000002 18.652166542208217 923.75000000000011 0.80500000000000016 -0.32533907195844763 927.55000000000007 13.595000000000001 1.72354170530552 4.5336284811628742 0.35769492645306972 0.82876241254485883 5.0864990541323873 0.7350000000000001 -0.88606241628642823 0.26514147167277974 -0.66483077113278999 0.31085902485520295 4.1554371245441146 0.40500000000000008 27.151296198434256 34.573156788375989 24.942055012432924 -0.58500000000000074 -0.58386000435736907 0.17540419194573817 -0.96230016621822456 -0.5 0.60500000000000009 24.728369130715638 25.079457870242134 23.260000000000002 0.87350000000000005 3.7805491755933702 3439.3335000000002 21.633385622840475 -0.15855351192338588 23.793497772425912
decision_type=2 2 2 2 2 2 2 2 2 2 2 2 2 2 2 2 2 2 2 2 2 2 2 2 2 2 2 2 2 2 2 2 2 2 2 2 2 2 2 2 2 2 2
left_child=1 2 6 4 5 -2 -1 8 -6 -10 11 -3 13 18 38 40 17 -17 24 25 -11 -14 -23 -24 -9 -5 30 28 29 -26 -20 -32 -27 -31 35 -7 39 -29 -15 -21 -16 -18 -42
right_child=3 10 -4 19 7 34 -8 12 9 20 -12 -13 21 14 15 16 41 -19 26 36 -22 22 23 -25 27 32 -28 37 -30 33 31 -33 -34 -35 -36 -37 -38 -39 -40 -41 42 -43 -44
leaf_value=0.001341897805513523 0.0014837300749035377 0.0013077595337720369 0.0012312970942996151 0.005782825378096954 -1.9860470156937755e-05 -0.035284726229256158 0.0020462152263412193 0.0036381443702630228 0.00099048702108537365 0.0015923028228286488 -0.012309889960912587 0.0013377375872069025 -4.2808443580635603e-05 -0.0069847143675868138 -0.0005143975331900997 0.0049141662836463184 -0.33546032910520507 0.0003060583388409817 -0.00022019448686449449 -0.11464210173062596 0.002080649806047209 -2.5170184227505197e-05 -0.00010169676081427101 0.0024750593316877284 -7.2264943899567947e-05 -0.00020995373337077408 2.0943042594753817e-05 -0.001297535177801905 -0.0020993545351440271 -0.00033056262101280727 -0.00019088766018374168 -0.0035768353001004662 -0.049906327709264516 0.0021426567303744737 -0.081899336789995711 0.0074555888606999297 -0.007822449462511585 -0.00062555743829992468 -0.0012191460704466047 -0.12223018337388389 0.0012469940513178404 0.0030711378522438248 -0.016999140468607957
leaf_weight=262 104 90 70 133 481 97 68 72 140 70 110 165 277 295 211 75 163 116 245 58 72 132 70 129 277 126 130 93 229 96 103 2188 434 84 141 100 95 362 70 4108 102 68 83
leaf_count=262 104 90 70 133 481 97 68 72 140 70 110 165 277 295 211 75 163 116 245 58 72 132 70 129 277 126 130 93 229 96 103 2188 434 84 141 100 95 362 70 3744 102 68 83
internal_value=5.70699e-05 0.00228545 0.00334961 -8.16847e-05 8.73753e-05 0.000943525 0.00393385 1.78239e-05 0.000462829 0.00121898 0.000924504 0.00133676 -3.03123e-05 -8.30339e-05 0.000114514 0.000318268 0.000644669 0.00141174 -0.000160669 -0.000329841 0.00213286 0.000297061 0.000557301 0.000920754 0 0 -0.000247412 -1.73314e-05 0 0.000136493 -0.000271666 -0.000292454 -0.000173989 0.000368245 0 0.000160127 -0.000374303 -0.000148118 -0.000157752 -0.000379981 0 0 0
internal_weight=12594 765 400 11829 6875 442 330 6433 763 282 365 255 5670 5062 1183 818 422 191 3879 4954 142 608 331 199 1213 693 2666 1141 686 457 2536 2291 560 180 338 197 4261 455 365 4166 396 231 185
internal_count=12230 765 400 11465 6875 442 330 6433 763 282 365 255 5670 5062 1183 818 422 191 3879 4590 142 608 331 199 1213 693 2666 1141 686 457 2536 2291 560 180 338 197 3897 455 365 3802 396 231 185
is_linear=0
shrinkage=0.0139946


Tree=104
num_leaves=49
num_cat=0
split_feature=20 57 28 50 37 57 2 44 40 45 0 57 63 48 39 43 20 44 31 30 43 30 28 20 63 26 30 1 57 44 39 44 26 45 3 26 52 57 44 44 57 43 43 26 26 1 1 19
split_gain=13.13 7.20899 4.15432 3.09378 2.75154 2.47224 2.44371 2.13352 1.52896 1.44081 0.449505 0.421461 0.426063 0.388233 0.668101 0.263389 0.256881 0.324297 0.369399 0.515724 0.397936 0.248521 0.501155 0.141911 0.12421 0.111876 0.109126 0.0850182 0.0784024 0.0707616 0.108573 0.0387617 0.0297051 0.0250601 0.0240731 0.0207218 0.0740519 0.0171562 0.00459584 0.0487188 0.0036712 0.00156667 0.0705326 0.00120309 0.000849651 0.000615797 0.0116693 0.000187888
threshold=17.159050824140841 926.55000000000007 86.550000000000011 12.424999999999907 23.117846476335817 924.95000000000016 26.350000000000005 3.2994271433968749 0.17009801096309349 1926.9190000000001 0.70500000000000007 922.45000000000016 -1.0479983124502537 391.40000000000003 22.345000000000002 19.79729166666667 21.570767854883194 6.1508457347502299 -1.3631881780046553 61.550000000000004 20.772916666666671 85.15000000000002 56.45000000000001 20.112736369542187 2.3159169506196196 91.350000000000009 94.350000000000009 1.155 919.25000000000011 2.3106978480910105 22.751666666666669 3.0495125382457151 95.450000000000017 2048.4100000000003 0.96450000000000002 98.950000000000017 0.99650000000000005 921.05000000000007 2.6611580426808801 2.2189749828466589 925.55000000000007 25.239791666666669 24.932916666666671 60.350000000000001 90.950000000000017 2.2750000000000004 0.58500000000000008 18.198310885280769
decision_type=2 2 2 2 2 2 2 2 2 2 2 2 2 2 2 2 2 2 2 2 2 2 2 2 2 2 2 2 2 2 2 2 2 2 2 2 2 2 2 2 2 2 2 2 2 2 2 2
left_child=1 -1 25 4 5 35 33 8 -7 23 11 27 -13 14 -14 -9 29 18 45 -20 -21 22 -22 -5 26 -3 32 -11 -25 -6 37 -26 -12 -4 -29 36 -2 -31 39 -28 -39 42 -32 -19 -40 46 -18 -15
right_child=3 2 6 9 16 7 -8 15 -10 10 24 12 13 47 -16 -17 17 43 19 20 21 -23 -24 28 31 -27 38 34 -30 30 41 -33 -34 -35 -36 -37 -38 40 44 -41 -42 -43 -44 -45 -46 -47 -48 -49
leaf_value=-7.1505892900837321e-05 0.0025307087243402961 -0.024437694117840088 0.0013142473817508782 -0.0068104574253877578 0.00094475243608482383 0.0010191983229563895 0.0015050145611282639 0.00094881206181699775 0.0019188386043783737 0.0019036528479320315 -0.010620158868116257 -0.0002728253953660031 -0.002749728194446059 -0.012368681312766042 0.0069622169119307941 -0.030119057037454249 -0.00077082385331388485 -0.051840224170918034 -0.27270305802230577 -0.0026513213867112037 0.0029002862904808214 4.7285098431784735e-05 0.0073932648326196617 -0.0040619284298317971 -0.0006033771538305182 0.0016286565537461867 -0.0011950318165091715 -0.0054888565527951442 -0.10272110895004677 -0.00035397222459993932 -0.0027084534169144821 0.00130146428308924 -0.0014232708332916223 0.0013274559257783801 -0.0012989005165713406 -3.6244517082307833e-05 -0.00015027389031106869 -0.00076301735435294277 -0.00046022078239027568 0.0014678497396085864 -0.00090146042056125269 -0.0002743473173823097 0.0014368898116786984 -0.20826422280054507 -0.0069282945714947497 -0.00055234535926663151 0.00029445104980905108 0.0035116533195284545
leaf_weight=302 80 73 289 135 98 99 69 81 191 135 830 285 75 113 188 113 218 68 88 105 80 72 128 93 100 74 166 85 4852 117 100 105 165 75 371 167 124 578 69 175 93 371 88 197 195 176 74 69
leaf_count=302 80 73 289 135 98 99 69 81 191 135 830 285 75 113 188 113 218 68 88 105 80 72 128 93 100 74 166 85 4488 117 100 105 165 75 371 167 124 578 69 175 93 371 88 197 195 176 74 69
internal_value=5.8181e-05 0.00170567 0.00261645 -6.03866e-05 0.000279287 0.000972358 0.00332101 0.00163217 0.00242075 -0.000213751 1.81417e-06 0.000217457 0.000445263 0.000715149 0.00107236 9.75592e-05 2.98342e-05 0.00019703 0.000340721 0.000618754 0.000855004 0.00113131 0.00139674 -0.000359611 -0.000118776 7.28949e-05 -0.000176349 0 -0.000372112 -6.32125e-05 -0.000120303 2.39426e-06 -0.000267231 0.00379701 -0.000148711 0 0.000140407 -0.000227238 0 0 -0.000256143 0 4.02004e-05 -5.95408e-05 -5.81856e-05 0 2.02586e-05 0
internal_weight=12594 882 580 11712 3506 855 433 484 290 8206 3126 1321 730 445 263 194 2651 1206 941 473 385 280 208 5080 1805 147 1600 591 4945 1445 1347 205 995 364 456 371 204 788 605 341 671 559 188 265 264 468 292 182
internal_count=12230 882 580 11348 3506 855 433 484 290 7842 3126 1321 730 445 263 194 2651 1206 941 473 385 280 208 4716 1805 147 1600 591 4581 1445 1347 205 995 364 456 371 204 788 605 341 671 559 188 265 264 468 292 182
is_linear=0
shrinkage=0.0139946


Tree=105
num_leaves=53
num_cat=0
split_feature=16 5 5 57 28 19 24 53 58 6 9 5 49 9 54 9 43 4 63 25 43 63 25 1 63 58 61 9 1 58 58 63 3 1 47 53 26 26 16 58 55 9 9 1 43 63 55 30 26 19 43 30
split_gain=12.5258 4.48984 3.54542 4.98778 5.70588 2.91306 1.3395 1.62047 2.29905 1.173 0.693532 0.571186 0.511692 0.351883 0.238198 0.244669 0.778833 1.24683 0.197223 0.169065 0.236185 0.159989 0.144508 0.0950558 0.0914729 0.296283 0.4407 0.0861966 0.0857635 0.0886533 0.192464 0.0789043 0.0629952 0.0601467 0.108705 0.0594393 0.0521226 0.0505604 0.183792 0.143399 0.0499403 0.0446833 0.0791219 0.0438195 0.0391538 0.0397181 0.0220488 0.0142247 0.0142 0.0129669 0.00188423 0.00171218
threshold=16.454411595244135 -0.25881904510252113 1.0000000180025095e-35 925.6500000000002 85.350000000000009 26.97572752825489 27.655000000000005 0.98550000000000015 1.1150000000000004 -0.12940952255126037 -0.32533907195844763 0.60355339059327384 348.35000000000008 -0.63874350706337046 0.99350000000000016 0.82876241254485883 27.713958333333338 922.55000000000007 1.8420258209113778 16.785000000000004 21.335208333333338 3.2321149531528346 23.205000000000002 32.815000000000005 0.94990304249216362 0.72500000000000009 3.1750000000000003 -0.99466160899732459 0.025000000000000005 0.76500000000000012 0.62500000000000011 2.1493003540742106 0.45250000000000007 0.045000000000000005 167.95000000000002 0.98750000000000016 98.950000000000017 98.750000000000014 20.743582328351795 0.92500000000000016 919.95000000000016 -0.92913280730858783 -0.85206963063867713 14.215000000000002 26.922708333333336 2.5342725981353529 924.85000000000002 81.950000000000017 87.950000000000017 30.279390110476339 24.64104166666667 96.550000000000011
decision_type=2 2 2 2 2 2 2 2 2 2 2 2 2 2 2 2 2 2 2 2 2 2 2 2 2 2 2 2 2 2 2 2 2 2 2 2 2 2 2 2 2 2 2 2 2 2 2 2 2 2 2 2
left_child=1 5 3 14 10 9 7 8 -6 -1 12 13 -5 22 15 16 24 -18 43 20 -12 -17 -4 40 35 26 31 -13 -24 30 41 -26 -11 -20 -35 36 47 38 39 49 -16 -30 -43 -15 45 -21 -42 -2 -49 -37 -40 -27
right_child=2 -3 11 4 6 -7 -8 -9 -10 32 19 27 -14 18 23 21 17 -19 33 44 -22 -23 28 -25 25 51 -28 -29 29 -31 -32 -33 -34 34 -36 37 -38 -39 50 -41 46 42 -44 -45 -46 -47 -48 48 -50 -51 -52 -53
leaf_value=0.0013480481430156873 -0.0021138287800989454 -0.00070841566192348564 -0.0039732490909594187 0.0019792761833334737 0.00148759126189678 0.0012476943455443064 0.00038736618445991131 0.0011205604383046177 0.0012239405831245809 0.0010859189538417291 6.5850427665627495e-05 -0.013746638981878842 -0.00019780092986485437 -0.028818037872422791 -3.8439999488552546e-05 -0.17085819721797268 0.0015065509115652215 -0.0083451367169950288 -0.033216980619013237 -0.037885906733903046 0.0067579293412880449 0.0023843224439704241 -0.0081307315703514974 0.00014609362240700736 0.0027932556630654594 -0.00066515283330500987 -0.00075992501633283683 -0.13715411193905311 -0.00010433721964186381 -0.0020308011346613286 0.0049689197226228414 0.0015324395940233681 0.0012606222533666535 -0.016340676656774362 0.013635703255074778 -0.00028751491681590477 -1.0486357812397733e-06 -0.00038508757988666944 3.1263494784053249e-05 -0.00056397475511241006 -0.00066479005395001292 0.0032403664263948528 -0.0042708726103983779 -0.0012020592200862766 0.0030958164929536527 -0.0015444748332932739 -6.1059577951859493e-05 -0.00091072749988531235 -0.0016185967536049262 -2.6353757047503672e-06 -0.0028478366182425976 0.00026785377416302017
leaf_weight=69 68 157 175 89 233 97 81 117 71 84 255 84 71 1280 165 547 102 72 209 364 83 93 68 75 82 249 69 3850 115 122 77 75 181 92 101 82 75 191 74 98 1034 72 80 95 74 70 69 74 416 70 180 118
leaf_count=69 68 157 175 89 233 97 81 117 71 84 255 84 71 1280 165 547 102 72 209 364 83 93 68 75 82 249 69 3486 115 122 77 75 181 92 101 82 75 191 74 98 1034 72 80 95 74 70 69 74 416 70 180 118
internal_value=6.04031e-05 0.00205331 -3.18928e-05 0.000219406 0.000907838 0.00278868 0.00214214 0.00246741 0.00306856 0.00342365 0.000222243 -0.000261038 0.00107084 -6.05567e-05 -1.89526e-05 3.64864e-05 0.000129046 0.00103175 -0.000184842 0 0.000290111 -0.000161025 0.000155829 -0.000181849 1.13205e-05 0.000173983 0.000577652 -0.00037052 0.000291597 0.000365086 0.00048011 0.0010109 0.00394545 0 0.000243851 -1.07901e-05 -0.000136127 6.73572e-06 0.000140134 0.000427036 -0.000222895 9.12942e-06 0.000238794 -0.000268693 -9.40192e-05 -0.000167134 -0.000256816 -0.000198107 -0.000224357 0.000693573 0 0
internal_weight=12594 588 12006 5586 1508 431 502 421 304 334 1006 6420 160 2486 4078 2735 2095 174 1777 846 338 640 709 1343 1921 593 226 3934 534 466 344 157 265 402 193 1328 633 695 504 250 1268 267 152 1375 508 434 1103 558 490 152 254 367
internal_count=12230 588 11642 5586 1508 431 502 421 304 334 1006 6056 160 2486 4078 2735 2095 174 1777 846 338 640 709 1343 1921 593 226 3570 534 466 344 157 265 402 193 1328 633 695 504 250 1268 267 152 1375 508 434 1103 558 490 152 254 367
is_linear=0
shrinkage=0.0139946


Tree=106
num_leaves=50
num_cat=0
split_feature=16 50 37 50 11 9 53 30 10 53 63 9 9 23 0 52 51 4 24 26 34 33 63 19 37 27 63 44 52 37 38 32 30 50 22 4 60 26 61 44 28 63 52 53 53 33 4 9 27
split_gain=11.9769 4.02106 4.92871 3.71839 6.4733 2.09512 2.93421 1.42503 1.31862 1.33458 0.737037 0.353152 0.301812 0.277068 0.233913 0.373046 0.369923 0.271872 0.344645 0.406628 0.293565 0.244531 0.229401 0.196067 0.157003 0.137829 0.0890479 0.0682319 0.280178 0.204894 0.242477 0.140057 0.0663911 0.0658032 0.0637167 0.0232962 0.023071 0.0581757 0.0307692 0.0230651 0.0215832 0.0171668 0.0354918 0.0235838 0.0265853 0.0142161 0.00627443 0.0014673 0.000302558
threshold=16.315214894869502 0.74166666666654368 20.042306807789934 0.74166666666654368 9.5000000000000018 -0.20931270765420754 0.48550000000000004 70.550000000000011 0.76663042157996963 0.033500000000000009 -2.1794088877743056 -0.48250327361223916 -0.81403855522663837 22.515000000000004 0.71500000000000008 0.99350000000000016 6740.4940000000015 920.85000000000002 21.175000000000004 98.350000000000009 1.8142433022522486 18.775571357453718 3.7805491755933702 29.664625025783923 28.525631507685386 83.850000000000009 3.4462449693230899 3.0495125382457151 0.99250000000000005 28.993205364159238 4.9033704339831745 -0.65999999999999825 64.65000000000002 9.2583333333332209 21.055000000000003 923.55000000000007 9.2250000000000032 89.550000000000011 8.2300000000000022 2.2189749828466589 96.850000000000009 -2.0955929864546312 0.99950000000000017 0.99950000000000017 0.99250000000000005 20.894914078927595 928.05000000000007 -0.88606241628642823 91.750000000000014
decision_type=2 2 2 2 2 2 2 2 2 2 2 2 2 2 2 2 2 2 2 2 2 2 2 2 2 2 2 2 2 2 2 2 2 2 2 2 2 2 2 2 2 2 2 2 2 2 2 2 2
left_child=1 2 11 4 8 6 -6 22 27 46 -4 -1 -8 34 15 16 17 -15 -19 20 23 -16 33 -20 25 26 -23 28 31 32 -31 -2 -29 -5 47 -17 37 -27 45 -38 -34 -30 43 44 -43 -39 -10 -9 -37
right_child=3 -3 10 7 5 -7 12 13 9 -11 -12 -13 -14 14 21 35 -18 18 19 -21 -22 24 -24 -25 -26 36 -28 29 41 30 -32 -33 40 -35 -36 48 39 38 -40 -41 -42 42 -44 -45 -46 -47 -48 -49 -50
leaf_value=0.0013358476941645028 0.0014896202638348746 -0.00047480049768930583 -0.004637472894529533 -0.032705129761466882 0.0013416695503918133 0.0012285426152856065 0.0013103731510155227 0.0045130427803062928 0.0010137930807806318 0.0039444518302658351 0.0012821413040430768 0.0011772019520976697 0.0010537560023535046 -0.0006822064047211086 0.0013385945327233193 -0.0015787348015443997 -0.019125202571089565 -0.00025494396990271369 0.005116790192858065 -8.9210094352002388e-05 -0.00011192501244947083 -0.0097389632550270045 0.00085611185266334347 0.0015431666911076228 0.0020508317638584053 0.0013215449691439936 0.00026901467560200472 0.0045635169293381543 0.00070063272093962806 -0.017189299051150464 0.0010888532501537463 -4.4820677417066053e-05 -0.0019399960591356253 -0.11425320479770366 -0.006487993006782748 0.0020541499724106614 -0.00015101933134616029 -0.00046727797592159158 -0.0026044200809796194 -0.00042997762067511694 -0.0028361686028818417 -5.3900150563748666e-05 0.00057151144475625127 -0.00081552219270370006 -0.00016802475391766201 -0.0025726389545015385 -0.013980298148385919 -0.0061212068005426336 -0.00052133917010430879
leaf_weight=111 140 142 99 105 93 96 161 91 82 86 89 98 79 106 93 240 194 152 292 69 74 996 145 70 93 75 69 133 72 110 135 107 815 4339 680 68 77 156 69 127 68 89 96 78 411 369 77 282 96
leaf_count=111 140 142 99 105 93 96 161 91 82 86 89 98 79 106 93 240 194 152 292 69 74 996 121 70 93 75 69 133 72 110 135 107 815 3999 680 68 77 156 69 127 68 89 96 78 411 369 77 282 96
internal_value=5.70699e-05 0.00209625 0.00281658 -2.88265e-05 0.000398104 0.00199156 0.0025157 -0.000173223 9.63364e-05 0.00106778 0.000703586 0.00437472 0.00127212 0 6.27535e-05 0.000209021 0.000371815 0.000517719 0.000626076 0.000801677 0.000962207 0 -0.000347073 0.0011279 -6.27518e-05 -0.000117775 -0.000224774 0 7.58968e-05 -7.77419e-05 0.000160739 0.00049348 -0.000201635 -0.000366734 -0.000196022 -1.05297e-05 0 -2.61878e-05 -0.000141044 0.000140407 -0.000247915 0 -7.05127e-05 -0.000133352 -0.000172482 -0.000184219 0 0 0
internal_weight=12594 539 397 12055 2928 429 333 9127 2499 245 188 209 240 4538 3485 1361 957 763 657 505 436 2124 4589 362 2031 1938 1065 2254 993 1261 245 247 1016 4444 1053 404 873 669 594 204 883 746 674 578 500 525 159 373 164
internal_count=12230 539 397 11691 2928 429 333 8763 2499 245 188 209 240 4538 3485 1361 957 763 657 505 436 2124 4225 362 2031 1938 1065 2254 993 1261 245 247 1016 4104 1053 404 873 669 594 204 883 746 674 578 500 525 159 373 164
is_linear=0
shrinkage=0.0139946


Tree=107
num_leaves=55
num_cat=0
split_feature=20 18 2 2 18 4 26 55 40 59 60 38 38 27 54 9 6 54 28 9 9 38 38 63 4 63 10 9 9 38 9 44 36 28 9 9 19 28 63 44 10 42 10 4 63 9 9 9 9 54 54 58 9 44
split_gain=12.4002 5.51408 3.67645 2.97909 2.41163 1.43043 1.87731 1.2251 2.69361 1.75183 1.13868 2.88671 1.01189 0.870528 0.652282 0.480749 0.330012 0.259132 0.228113 0.450014 0.494477 0.577437 1.2606 0.433561 0.464577 0.152912 0.185726 0.124811 0.104188 0.104103 0.317315 0.087851 0.0801855 0.0944412 0.0794497 0.0723154 0.0741255 0.0699847 0.0676414 0.299253 0.0611149 0.0597201 0.0531949 0.0493269 0.0338034 0.0264713 0.0260394 0.0219187 0.0268613 0.059358 0.019289 0.00463301 0.00256472 0.000187888
threshold=17.159050824140841 17.730139245209319 15.450000000000001 78.250000000000014 18.453144659510638 924.25000000000011 93.750000000000014 928.1500000000002 0.43061970848271597 1.3550000000000002 1.0550000000000004 5.227154259594136 4.8601775560500213 94.050000000000011 0.89550000000000007 -0.98211651112579568 0.78656609248549303 0.85650000000000015 41.650000000000013 0.45206801762443477 0.82876241254485883 4.6949126144609368 4.1554371245441146 0.50076758487562156 922.55000000000007 2.3159169506196196 -0.52705818521824699 -0.74981945761428159 -0.99273952934267318 5.4808608543139146 -0.90880922144842613 2.8419168040270542 0.4220767503788731 96.850000000000009 -0.99466160899732459 -0.88606241628642823 27.114424632958016 59.050000000000004 0.26478277895580332 2.65178429423425 0.7987497853924842 0.5521790052629868 -0.99862982478704421 921.05000000000007 -2.0506898527979511 0.35769492645306972 0.96683886033945965 -0.8779519545588893 -0.93535928755917819 0.98650000000000004 0.93250000000000022 0.53500000000000014 0.99166813670569354 5.9242811501010211
decision_type=2 2 2 2 2 2 2 2 2 2 2 2 2 2 2 2 2 2 2 2 2 2 2 2 2 2 2 2 2 2 2 2 2 2 2 2 2 2 2 2 2 2 2 2 2 2 2 2 2 2 2 2 2 2
left_child=1 2 12 4 14 -3 -7 15 9 13 11 -8 -1 -9 -2 17 34 -6 43 27 21 22 53 -23 -25 35 -27 29 -19 47 -31 38 -33 42 -5 -18 -37 -10 44 -40 -39 -36 -34 -17 -29 -44 -22 48 -20 -50 -46 -49 -48 -21
right_child=3 5 -4 16 7 6 10 8 37 -11 -12 -13 -14 -15 -16 18 25 28 19 20 46 23 -24 24 -26 26 -28 31 -30 30 -32 32 33 -35 41 36 -38 40 39 -41 -42 -43 45 -45 50 -47 52 51 49 -51 -52 -53 -54 -55
leaf_value=0.0012823170842302452 0.0014150677791406998 -0.00068007046459087376 0.0012220245530855452 -0.014461951984002734 -0.00042185481468705885 -0.0084143344738560801 0.001585781192886361 0.0018341386528610655 -0.017137215770374206 -0.013805777210717156 0.0010569233552160933 0.001064971990649827 0.0010816113729494299 0.0010990659355123009 0.0011198307608629001 -0.0032128861663227415 0.00027576083307423557 0.0013265764353713099 -0.0011174128712769867 -0.0028057714701722075 -0.21990891806373605 -0.0021167880602307497 0.0033616191821253809 0.0012522406440413911 -0.0010965973931608716 0.020914147435648119 -0.003776717539981234 7.2793381645746634e-06 0.0012893645997695781 -0.0010491180788229585 0.00071509998151566211 0.00053444305935486998 -0.0015325662455484893 8.5352683152543478e-05 -0.055436775755922763 -0.0064351109583968731 -0.00030818430127400084 0.00096269048014813662 -0.0012571163275589569 0.0022649266633215448 -0.0077465811741856596 -0.1160278943762284 -0.0038682444991588222 -0.072300775681234608 -0.0047988009450111004 -0.00062389519356225885 0.0013663461057826377 -0.0012409715768987317 0.0025605283362604711 -0.00012947858069131942 -0.00066344125437799184 -0.0025522824326468926 -0.34093729964294123 0.001324017409292638
leaf_weight=95 79 170 68 86 81 152 119 119 254 69 92 90 96 86 70 85 172 110 227 84 245 287 105 110 73 89 149 153 74 72 94 69 90 72 112 781 172 122 108 72 143 4079 939 646 92 77 90 69 105 91 418 246 77 69
leaf_count=95 79 170 68 86 81 152 119 119 254 69 92 90 96 86 70 85 172 110 227 84 245 287 105 110 73 89 149 153 74 72 94 69 90 72 112 781 172 122 108 72 143 3715 939 646 92 77 90 69 105 91 418 246 77 69
internal_value=5.70699e-05 0.00165817 0.00345573 -5.79971e-05 0.000149824 0.000794968 0.00121822 9.32893e-05 0.000605578 0.00172308 0.0018555 0.00245003 0.00445938 0.00237021 0.00192165 7.78648e-07 -0.000293655 0.0005892 -1.76419e-05 7.32748e-06 0.000257197 0.000485982 0.00104721 3.21911e-05 0.000658268 -4.17866e-05 0.000177682 -6.54233e-05 0.000878355 1.64595e-05 0.000350603 -0.000133034 -0.000208378 -0.000243456 -0.00035812 -0.000148227 -0.000201894 0 0 0.000214341 0.000169669 -0.000366867 -0.000282522 -0.000250449 -8.57821e-05 -0.000311627 0 0 0 0.000163059 -0.000149974 -0.000116395 0 0
internal_weight=12594 882 259 11712 6072 623 453 5923 793 274 301 209 191 205 149 5130 5640 265 4865 4134 1140 728 258 470 183 1363 238 2994 184 904 166 2090 1247 1178 4277 1125 953 519 843 180 265 4191 1106 731 663 1016 412 738 423 196 510 315 167 153
internal_count=12230 882 259 11348 6072 623 453 5923 793 274 301 209 191 205 149 5130 5276 265 4865 4134 1140 728 258 470 183 1363 238 2994 184 904 166 2090 1247 1178 3913 1125 953 519 843 180 265 3827 1106 731 663 1016 412 738 423 196 510 315 167 153
is_linear=0
shrinkage=0.0139946


Tree=108
num_leaves=51
num_cat=0
split_feature=20 18 2 8 43 4 26 26 26 61 38 9 43 9 61 44 9 25 53 61 44 9 38 2 44 49 45 43 54 44 45 54 18 9 43 20 16 43 1 7 42 53 20 36 49 43 0 4 43 16
split_gain=12.5097 5.90433 4.15972 2.56447 1.85197 1.33598 1.5551 1.79154 0.752413 1.01633 2.19863 0.379928 0.225158 1.20641 0.981033 0.330204 0.656495 0.262841 0.197208 0.19106 0.356258 0.178173 0.176532 0.205508 0.220636 0.219104 0.134766 0.40333 0.468599 0.124034 0.273846 0.135444 0.1063 0.0802861 0.164414 0.0700911 0.0658164 0.20026 0.061443 0.0571669 0.0520891 0.0507462 0.0277918 0.0229744 0.0183871 0.0183237 0.0101784 0.0385546 0.00454787 0.000841979
threshold=17.660190033487748 19.336804036891529 13.450000000000001 -0.5 23.145833333333332 928.95000000000016 86.550000000000011 91.950000000000017 93.550000000000011 0.14500000000000005 5.1091882034318781 -0.74981945761428159 26.841666666666669 0.52707282776374187 0.72500000000000009 2.8419168040270542 0.74409704927257569 17.755000000000006 0.69350000000000012 1.3050000000000004 2.65178429423425 -0.88606241628642823 4.3765257965913529 78.250000000000014 3.1977151458358528 644.6500000000002 2234.5600000000009 24.658541666666668 0.99250000000000005 5.5264080172884267 1339.0350000000003 0.40250000000000008 21.239576753252752 0.63209755774300602 20.592291666666672 18.572761547599132 17.660190033487748 24.510208333333338 18.615000000000006 0.37940952255126054 0.94714481845171405 0.98450000000000004 29.914168567834089 2.9979460832600906 607.90000000000009 27.304583333333337 0.88500000000000012 923.55000000000007 20.924791666666671 30.586595594357334
decision_type=2 2 2 2 2 2 2 2 2 2 2 2 2 2 2 2 2 2 2 2 2 2 2 2 2 2 2 2 2 2 2 2 2 2 2 2 2 2 2 2 2 2 2 2 2 2 2 2 2 2
left_child=1 2 4 21 -1 11 48 -8 -3 10 -10 22 15 14 -14 16 19 33 -9 20 -13 39 -5 24 25 26 27 28 -24 41 -31 -32 -19 34 -17 -34 -11 -38 43 40 -2 45 49 44 -21 -15 47 -28 -7 -37
right_child=3 8 -4 5 -6 6 7 18 9 36 -12 12 13 29 -16 17 -18 32 -20 38 -22 -23 23 -25 -26 -27 46 -29 -30 30 31 -33 35 -35 -36 42 37 -39 -40 -41 -42 -43 -44 -45 -46 -47 -48 -49 -50 -51
leaf_value=0.0012858354604128827 -0.00020966915353622681 -0.0089382946796475824 0.00096450490074385432 -2.479319081990744e-05 0.0010977637087709804 -0.057582765007819198 0.0028312364801960127 -0.0011908120144854416 0.0015262773230322591 -0.00063907406160473694 -0.0033050632535782773 -0.00052806366662961973 -0.00013526899433696825 -0.0011401164187907224 -0.0014301242820247704 -0.033673958100082592 0.0029674647305557972 -0.00065036937920685464 0.0010025252636324535 -0.00065685236568930737 0.0022189509931663889 -0.15508934215281553 0.0018197451136875318 -0.0001452572816277324 -0.0044995038440989359 -0.00016357550437642209 -6.7994462963257316e-05 1.8191054491610195e-06 -4.4618364276637939e-05 -0.338589872930115 0.003581391275592035 -0.0030374909567503581 -4.341171903825264e-05 -0.19449673291639141 0.0035267807283207581 -0.0050611771530060844 0.0014491782898326017 -0.0012903300467277442 -5.6749154335278351e-05 0.0046736200123283439 -0.051440836307035553 -8.5304152376768235e-05 -0.052815498568496509 -0.0020400673638401421 -0.0058854601905868149 -0.026619766244809211 -0.00023043635240487326 0.0013787906637800218 0.0027438973639490761 -0.023135077684223092
leaf_weight=304 91 215 133 372 79 224 130 137 76 114 70 187 79 69 82 86 72 271 115 535 106 3827 191 163 96 98 88 142 73 158 109 80 130 132 68 1580 117 68 108 153 371 139 78 103 71 505 84 75 128 112
leaf_count=304 91 215 133 372 79 224 130 137 76 114 70 187 79 69 82 86 72 271 115 535 106 3463 191 163 96 98 88 142 73 158 109 80 130 132 68 1580 117 68 108 153 371 139 78 103 71 505 84 75 128 112
internal_value=6.04031e-05 0.00143652 0.00258633 -7.56419e-05 0.0033343 8.40449e-05 0.000649758 0.001266 0.000431036 0.000777784 0.00177986 6.55719e-06 -4.02559e-05 9.79097e-05 0.00123355 -0.000105147 4.40388e-05 -0.000204299 0.000254984 0 0.000256074 -0.000341517 0.000219704 0.000316519 0.000408456 0.000495486 0.000589724 0.000789365 0.00111938 -1.29863e-05 0.000111335 0.000551053 -0.000266097 2.94317e-05 0.000320131 -0.000303058 5.65342e-05 0.000272265 -0.000148607 0 -0.000152218 -0.000167877 -0.000326083 -0.000205833 -0.000238639 -0.00022857 0 0.000109962 0 -0.000338289
internal_weight=12594 1176 516 11418 383 6976 734 382 660 445 146 6242 4860 1221 161 3639 1182 2457 252 1110 293 4442 1382 1010 847 751 653 406 264 1060 347 189 2171 286 154 1900 299 185 817 615 462 713 1770 709 606 574 247 163 352 1692
internal_count=12230 1176 516 11054 383 6976 734 382 660 445 146 6242 4860 1221 161 3639 1182 2457 252 1110 293 4078 1382 1010 847 751 653 406 264 1060 347 189 2171 286 154 1900 299 185 817 615 462 713 1770 709 606 574 247 163 352 1692
is_linear=0
shrinkage=0.0139946


Tree=109
num_leaves=49
num_cat=0
split_feature=62 9 9 25 0 45 62 57 50 41 62 44 43 9 10 50 0 9 10 40 37 23 9 55 44 57 49 30 31 30 20 60 1 26 26 62 8 44 50 31 43 30 62 5 56 44 62 29
split_gain=19.9551 3.70875 4.71148 2.49616 4.15218 2.33547 1.3713 1.20685 1.13157 1.39928 0.927331 1.30224 0.705689 0.790544 0.287615 0.233695 0.221191 0.253691 0.377013 0.355962 0.21473 0.198432 0.150304 0.14589 0.388942 0.141518 0.131929 0.0876504 0.0562894 0.0434537 0.260329 0.0373898 0.0924989 0.0606706 0.0282251 0.0298787 0.0244396 0.0163934 0.0156367 0.0132178 0.00750714 0.00660262 0.00455512 0.00381058 0.002108 0.00164799 0.00133296 0.000763472
threshold=17.65929765440621 -0.30901413279605799 -0.66484924122790601 16.995000000000001 0.92500000000000016 1926.9190000000001 16.990898242597225 924.45000000000016 1.0000000180025095e-35 21.812500000000004 19.008770718437361 2.2471656462563563 27.001875000000002 0.52707282776374187 -0.66483077113278999 47.083333333333307 0.67500000000000016 -0.94130860066615785 0.45971571054515326 0.2557994005731033 29.909823097345598 27.785000000000004 -0.86095304316285715 923.95000000000016 2.65178429423425 922.45000000000016 601.25000000000011 96.450000000000017 -0.78359186268582259 78.950000000000017 26.116961161227607 3.0650000000000004 25.855000000000004 97.450000000000017 91.15000000000002 18.652166542208217 0.98296291314453421 2.2765782653172137 32.024999999999984 -4.1048968723922323 31.038333333333334 98.250000000000014 20.823568791648519 -0.37940952255126059 919.05000000000007 3.7269606665740036 18.70278998696276 99.350000000000009
decision_type=2 2 2 2 2 2 2 2 2 2 2 2 2 2 2 2 2 2 2 2 2 2 2 2 2 2 2 2 2 2 2 2 2 2 2 2 2 2 2 2 2 2 2 2 2 2 2 2
left_child=1 2 8 4 -2 15 -4 12 9 22 11 -9 14 -14 26 20 17 -12 19 -19 36 31 -1 -13 -25 -23 27 -7 -3 30 -6 33 39 -16 -29 -36 38 -34 -5 -33 -22 -37 -17 45 -44 -18 -35 -45
right_child=3 28 6 5 29 7 -8 10 -10 -11 16 23 13 -15 21 42 43 18 -20 -21 40 25 -24 24 -26 -27 -28 34 -30 -31 -32 32 37 46 35 41 -38 -39 -40 -41 -42 -43 44 47 -46 -47 -48 -49
leaf_value=0.0012454642905157228 0.0012799354899978941 -0.0087874801877568607 0.001590188360507055 -0.015621244216727063 0.0065089583975584302 -0.002077735389972901 0.0012985774321422722 0.0013396386508077523 -0.0015175511005550125 0.0010664080658517765 -0.0018090449645939864 -0.0023981848828370602 -0.001958734131214562 -0.00028512817956041412 -0.00040649609847753153 -0.015269950133998305 0.0013977914082644496 -0.00062735330680804152 -0.0046072808428535726 0.0036721112948743346 0.0013702910902620386 9.498869581528021e-05 0.0010451697783113625 -0.0013418143154113155 0.001691816835734607 0.0021250667598069037 0.0016736774601311764 -0.00064438521251800334 0.0027400346030314409 -0.051040104288405261 -0.069116653357001109 -0.00016562022035753563 -0.0011754760513225553 0.0024771823293042038 9.9176298921657609e-05 -0.0001047830597544079 -0.020461727504084429 0.00086631889641375468 -0.035803604811937499 -0.00041860407602769791 -0.0042197632483064471 -0.00062343760456330612 -0.0070223072531290925 -0.0081480680601256645 -0.11065460904658105 -0.017569389689230733 -2.2348179696650294e-05 -0.015218218063660843
leaf_weight=100 108 76 156 745 111 1401 72 112 85 110 145 79 117 167 259 114 93 74 97 133 113 173 71 79 79 87 145 86 95 133 95 71 76 68 111 389 95 70 69 508 79 446 118 228 4540 77 71 68
leaf_count=100 108 76 156 745 111 1401 72 112 85 110 145 79 117 167 259 114 93 74 97 133 113 173 71 79 79 87 145 86 95 133 95 71 76 68 111 389 95 70 69 508 79 446 118 228 4176 77 71 68
internal_value=5.8181e-05 0.00224895 0.00277997 -7.8136e-05 0.000928338 -0.000123727 0.00452635 7.343e-05 0.0014915 0.00191743 0.000456207 0.00110547 -2.48309e-05 0.000620046 -8.83401e-05 -0.000320098 0.000133334 0.000363643 0.000597804 0.00093641 -5.34902e-05 3.73439e-05 0.00275707 0.000180183 0.0004767 0.000394696 -0.00018186 -0.000213669 4.48428e-06 0 0.000202343 0 -9.5023e-05 4.35872e-05 -2.90401e-05 -8.21693e-05 -0.000191366 0 -0.000216222 -0.000206123 0.000247274 -0.000120995 -0.000367451 0 -0.000372176 0 0.000299579 -5.00552e-05
internal_weight=12594 765 594 11829 447 11382 228 5509 366 281 1264 349 4245 284 3961 5873 915 449 304 207 1101 1383 171 237 158 260 2578 2433 171 339 206 1123 725 398 1032 946 909 146 814 579 192 835 4772 466 4658 170 139 296
internal_count=12230 765 594 11465 447 11018 228 5509 366 281 1264 349 4245 284 3961 5509 915 449 304 207 1101 1383 171 237 158 260 2578 2433 171 339 206 1123 725 398 1032 946 909 146 814 579 192 835 4408 466 4294 170 139 296
is_linear=0
shrinkage=0.0139946


Tree=110
num_leaves=51
num_cat=0
split_feature=16 2 10 50 37 37 45 10 58 57 29 53 42 54 50 27 0 10 9 10 63 21 53 54 40 60 0 60 55 37 34 24 45 10 60 32 33 63 58 30 37 37 16 32 32 53 27 27 53 0
split_gain=12.2826 4.86938 4.88733 3.73906 6.29199 3.24293 1.45366 1.40586 2.41231 1.29995 1.33016 1.02744 1.25467 0.959274 0.391985 0.326149 0.44363 0.198144 0.256276 0.171201 0.141631 0.110472 0.0951909 0.0840315 0.135729 0.161691 0.237482 0.0718975 0.0692495 0.108951 0.0615695 0.060248 0.0471342 0.0459259 0.0446558 0.0384558 0.0371599 0.0358019 0.021798 0.0214108 0.0210167 0.00607992 0.00205095 0.00143058 0.150719 0.000743667 0.0195386 0.0563612 0.047272 0.00634629
threshold=16.315214894869502 20.150000000000002 0.91925191855388755 0.74166666666654368 21.530535618151124 20.45317532922267 1943.0915000000002 0.36570897681179731 1.0050000000000001 925.35000000000002 58.250000000000007 0.19150000000000003 0.39697606660829537 0.91550000000000009 47.083333333333307 96.250000000000014 0.70500000000000007 0.76663042157996963 0.20088869483109786 -0.15855351192338588 0.38007379646322731 22.785000000000004 0.99150000000000016 0.99350000000000016 0.58506409905271417 4.3950000000000005 1.0650000000000002 0.46500000000000002 919.85000000000002 23.50171791218164 1.6501976828373814 26.205000000000002 2240.4830000000006 -0.99463397642532658 35.390000000000008 -2.7099999999999977 18.902456694967402 3.8987980123549488 0.59500000000000008 64.65000000000002 20.9571147082324 25.891481631728755 17.941441828843988 -1.03 -1.8199999999999992 0.99450000000000005 96.350000000000009 70.550000000000011 0.97450000000000003 0.67500000000000016
decision_type=2 2 2 2 2 2 2 2 2 2 2 2 2 2 2 2 2 2 2 2 2 2 2 2 2 2 2 2 2 2 2 2 2 2 2 2 2 2 2 2 2 2 2 2 2 2 2 2 2 2
left_child=1 2 5 4 7 -1 14 -2 -9 21 17 -12 -13 15 43 16 32 39 -19 20 34 28 -21 24 25 26 27 -23 -6 42 31 -18 35 -16 41 -8 -35 -38 -31 -11 -24 -15 -30 44 -5 46 47 -22 -49 -47
right_child=3 -3 -4 6 9 -7 13 8 -10 10 11 12 -14 19 33 -17 30 18 -20 22 45 23 40 -25 -26 -27 -28 -29 29 38 -32 -33 -34 36 -36 -37 37 -39 -40 -41 -42 -43 -44 -45 -46 49 -48 48 -50 -51
leaf_value=0.0013510933761480127 0.0010768299480070787 -0.00026385015181057446 -0.00071005176951281486 -0.0069348050084603787 0.00017484362675285366 0.0011692520999225099 0.0016760103006246141 0.0016347423939358703 0.00099590660166042717 0.0074407656148062417 -0.016271772034490862 -0.001079758004712917 0.0013287998442403459 -0.0019354916042358631 -0.054787629917125887 -0.00073229252646755309 0.00082771002846103502 -0.01289325878238003 0.0042309600573254506 -0.00019200186809727751 -0.0089890246937662163 -0.0012053765527553801 -4.8456463767303015e-05 -0.00086736926416489623 -0.0058002785684100125 -0.00042792976990713204 -0.0015269424779486909 0.0014829043280841288 -2.7966289361921214e-05 -0.00011399067623776725 -0.00017181829421312014 -0.00016117070865878696 -0.0005055634936055309 -0.044458059506515012 -6.6196610862371782e-05 0.0046980451332309155 -0.090752700917574411 -0.0065940686038916101 -0.0013142055879812404 -0.007073243699029304 0.0013072790885682707 -0.0044137578526909646 0.0014170669238813137 -0.031388387802101896 0.0021995890828016961 -0.0002092843942356974 -0.0036766231468393011 -0.0014322585848781167 0.0025539899797970386 -0.0049949316471429748
leaf_weight=204 69 148 95 232 136 92 74 96 70 99 94 73 194 1307 184 201 131 74 122 197 119 97 71 155 78 76 101 81 167 70 257 127 98 78 82 211 4568 81 686 236 71 138 154 239 85 71 74 74 158 199
leaf_count=204 69 148 95 232 136 92 74 96 70 99 94 73 194 1307 184 201 131 74 122 197 119 97 71 155 78 76 101 81 167 70 257 127 98 78 82 211 4216 69 686 236 71 138 154 239 85 71 74 74 158 199
internal_value=5.70699e-05 0.00212212 0.00293725 -2.99872e-05 0.000398104 0.00382002 -0.000174756 0.00260767 0.00335192 0.000178618 0.000617259 0.00128643 0.00172682 2.44036e-05 -0.000320371 0.000384112 0.00050148 3.29708e-05 0.000445975 -0.000103834 -0.000162643 -1.67152e-06 8.27452e-05 0.000107841 0.000231561 0.000373938 0.000538903 0.000843854 -0.000110304 -0.000162086 7.40641e-05 0.000239403 0.000897992 -0.000360388 -0.000237952 0.00105549 -0.000369912 -0.000375093 -0.000256037 -9.77846e-06 0.000381854 -0.000256661 0 0 2.96426e-05 0 1.42745e-05 0.000105314 0.000252853 -1.46904e-05
internal_weight=12594 539 391 12055 2928 296 9127 235 166 2693 892 361 267 3660 5467 1099 898 531 196 2561 2222 1801 339 588 433 355 279 178 1213 1077 515 258 383 4911 1527 285 4727 4649 756 335 142 1445 321 556 317 695 425 351 232 270
internal_count=12230 539 391 11691 2928 296 8763 235 166 2693 892 361 267 3660 5103 1099 898 531 196 2561 2222 1801 339 588 433 355 279 178 1213 1077 515 258 383 4547 1527 285 4363 4285 756 335 142 1445 321 556 317 695 425 351 232 270
is_linear=0
shrinkage=0.0139946


Tree=111
num_leaves=54
num_cat=0
split_feature=62 18 2 2 35 10 4 10 4 56 27 10 52 42 27 62 54 44 43 56 63 44 63 25 10 44 21 25 43 63 52 30 19 63 54 1 30 1 52 63 61 34 19 1 43 56 27 42 56 43 43 32 4
split_gain=20.191 4.01997 3.67654 2.60677 2.61393 2.12332 0.972559 0.742591 0.891892 0.379881 1.43119 0.903588 0.360712 0.340153 0.420504 0.277749 0.180695 0.218665 1.02449 1.85575 0.203666 0.175198 0.169557 0.148637 0.687972 0.136965 0.130931 0.120891 0.338079 0.0896318 0.150712 0.0864216 0.0812926 0.0793737 0.0563149 0.0527346 0.0480517 0.161861 0.12263 0.104492 0.0473482 0.0358151 0.0342732 0.0241824 0.0236036 0.00967581 0.0136109 0.00834171 0.0157841 0.00633676 0.0175565 0.00139172 0.0100507
threshold=17.65929765440621 19.336804036891529 44.100000000000009 72.950000000000017 17.584407599652213 -0.021515300460958474 930.6500000000002 0.94415253529446119 927.55000000000007 924.85000000000002 88.350000000000009 -0.66483077113278999 0.62350000000000005 1.4998088729186685 98.65000000000002 24.896082134889124 0.99650000000000005 4.289673541104599 27.122291666666669 922.55000000000007 2.9962867692734041 3.06019481408164 -1.2057910229822892 24.605000000000004 -0.82389248692129191 5.3718448019230465 22.515000000000004 16.785000000000004 21.433750000000007 3.2321149531528346 0.53150000000000019 81.350000000000009 20.679103183378821 3.7805491755933702 0.93450000000000022 21.870000000000001 96.450000000000017 3.2850000000000006 0.97950000000000015 -0.074164260805883217 0.18500000000000003 4.1435775359536953 26.97572752825489 12.655000000000003 26.123541666666672 920.6500000000002 84.65000000000002 0.52025954918534312 919.55000000000007 24.385208333333338 24.079791666666672 -2.5150000000000019 927.25000000000011
decision_type=2 2 2 2 2 2 2 2 2 2 2 2 2 2 2 2 2 2 2 2 2 2 2 2 2 2 2 2 2 2 2 2 2 2 2 2 2 2 2 2 2 2 2 2 2 2 2 2 2 2 2 2 2
left_child=1 2 6 4 5 -2 -1 8 -3 16 27 -12 -10 14 22 26 17 18 21 -20 -19 23 -13 36 -25 -22 42 28 -11 30 -29 -28 -23 41 -26 44 45 38 -38 -40 -34 47 -5 -42 -18 -6 -47 -17 -49 50 -39 -32 -53
right_child=3 7 -4 15 9 -7 -8 -9 12 10 11 13 -14 -15 -16 33 35 20 19 -21 25 32 -24 24 34 -27 31 29 -30 -31 51 -33 40 -35 -36 -37 37 49 39 -41 43 -43 -44 -45 -46 46 -48 48 -50 -51 -52 52 -54
leaf_value=0.0012673162028423236 -0.00047828364410638441 0.0012727629909436379 0.0011198027805231841 -0.0019369574723163056 -7.455358076709349e-05 0.0011657636516745715 0.0018795256021198184 -0.010347687828062866 0.0012982688570925534 -0.0021192312615331819 -0.0016952702294387892 0.00099169590484700994 0.00069108815869701014 0.001603256351021304 0.0011155881027976118 -0.021086894734338505 -0.0014819719261487034 -0.068084914761470966 0.0052861966410687545 -0.0042993859226092843 -0.0081383508051186115 0.0015724998790468782 0.0013621041436352884 -0.005199345878997258 0.00341601466351146 0.0010645602826726602 0.0058549514287753613 -0.02350640844386882 0.0064320149865673736 0.0045217690576703452 -0.017235914010327917 -0.00030082646660124069 -0.00015814883714435272 -0.012690438979031281 -5.4585559530690478e-05 -3.6316177271195759e-05 -0.00016188312079325182 -1.8750890751335215e-05 0.00046017870824197304 0.0012691420632509275 -0.0037646621400327638 -0.10597637003753343 -0.00033137072954653987 -0.00045797035025777551 -0.0033723320709543396 -0.00044511150493444705 -0.0015795794202294676 -0.063419983017033901 -0.090166415169926059 -0.0011562457710127814 0.00064488243473399722 0.0015797476711302009 -0.010339159732158711
leaf_weight=262 94 90 70 672 111 103 68 110 71 228 99 112 94 93 94 165 557 618 73 70 104 141 124 141 77 69 136 693 79 72 128 133 161 79 69 70 137 165 149 93 519 74 69 68 71 86 251 100 4226 198 69 103 86
leaf_count=262 94 90 70 672 111 103 68 110 71 228 99 112 94 93 94 165 557 618 73 70 104 141 124 141 77 69 136 693 79 72 128 133 161 55 69 70 137 165 149 93 519 74 69 68 71 86 251 96 3890 198 69 103 86
internal_value=6.37362e-05 0.0022672 0.00331478 -7.34045e-05 0.000117668 0.00170835 0.00393385 0.000924504 0.00133676 5.34653e-05 0.000218425 0.000842181 0.00194874 0.00113625 0.00136148 -0.000293967 -7.55051e-06 1.7086e-05 9.68039e-05 0.00124578 -0.000157363 7.77902e-07 0.00171242 0.000115777 0.000415456 0 -6.71276e-06 0 0.000225437 -8.58037e-05 -0.000158849 0.000160963 -0.000123401 -0.00034191 0.00111734 -0.000222466 0 0.00010081 0.000323918 0.000512206 -0.000198301 -0.000349755 -0.000158535 -0.000256558 -0.000267187 -5.05633e-05 -9.47965e-05 -0.00035483 -0.000362053 0 0 0 3.77901e-05
internal_weight=12594 765 400 11829 6175 197 330 365 255 5978 1911 522 165 423 330 5654 4067 3369 2578 143 791 2435 236 1546 287 173 1010 1389 307 1082 1010 269 889 4644 146 698 1259 811 379 242 748 4565 741 587 628 448 337 4491 4326 432 234 317 189
internal_count=12230 765 400 11465 6175 197 330 365 255 5978 1911 522 165 423 330 5290 4067 3369 2578 143 791 2435 236 1546 287 173 1010 1389 307 1082 1010 269 889 4280 146 698 1259 811 379 242 748 4225 741 587 628 448 337 4151 3986 432 234 317 189
is_linear=0
shrinkage=0.0139946


Tree=112
num_leaves=52
num_cat=0
split_feature=20 57 28 50 11 9 31 45 10 45 10 9 44 54 21 3 59 60 10 60 1 61 54 20 54 3 10 45 28 40 34 43 44 57 20 57 21 23 59 10 52 40 28 30 55 54 49 55 30 9 19
split_gain=12.8286 7.07942 4.05421 2.8019 4.11856 2.11009 2.16193 1.49898 1.63883 1.39843 0.801458 1.10963 0.796282 0.625142 0.350807 0.288134 0.26719 0.166353 0.151839 0.144393 0.209614 0.138514 0.137575 0.133113 0.0990537 0.186139 0.20844 0.23899 0.319796 0.464542 0.534455 0.103021 0.0871471 0.0729721 0.0518547 0.0512236 0.101574 0.0887421 0.0505595 0.04661 0.043497 0.0481269 0.0294782 0.10423 0.0355324 0.0317372 0.0246349 0.0174658 0.00692732 0.00186158 0.000583187
threshold=17.159050824140841 926.55000000000007 86.550000000000011 12.424999999999907 9.5000000000000018 -0.30901413279605799 -1.4923976372322973 1629.1635000000003 0.76663042157996963 1926.9190000000001 0.76663042157996963 0.39753913293121995 2.2005046146683989 0.89550000000000007 24.975000000000005 0.55750000000000022 0.48500000000000004 25.695000000000004 -0.18399835165767994 5.3150000000000004 0.62500000000000011 0.075000000000000025 0.43950000000000006 20.112736369542187 0.99650000000000005 0.33150000000000007 -0.66483077113278999 2240.4830000000006 56.050000000000004 0.19035055380526247 0.83940635811785369 30.245833333333341 2.3523394152574517 919.25000000000011 18.139028020211551 924.25000000000011 23.605000000000004 25.285000000000004 0.39500000000000007 -0.99463397642532658 0.98150000000000015 0.52633956086668332 90.550000000000011 96.15000000000002 921.05000000000007 0.98550000000000015 623.10000000000014 927.85000000000002 94.65000000000002 -0.9523687564627995 23.26678384283694
decision_type=2 2 2 2 2 2 2 2 2 2 2 2 2 2 2 2 2 2 2 2 2 2 2 2 2 2 2 2 2 2 2 2 2 2 2 2 2 2 2 2 2 2 2 2 2 2 2 2 2 2 2
left_child=1 49 22 4 10 6 -6 -4 -9 23 24 -12 -8 14 35 -16 -17 18 21 20 -18 -15 -3 -5 25 31 42 28 -28 -30 -31 47 -19 -25 -26 50 37 -37 -23 -35 -20 -42 43 -27 -44 -45 -40 -2 -46 -1 -11
right_child=3 2 7 9 5 -7 12 8 -10 13 11 -13 -14 17 15 16 19 32 40 -21 -22 38 -24 33 34 26 27 -29 29 30 -32 -33 -34 39 -36 36 -38 -39 46 -41 41 -43 44 45 48 -47 -48 -49 -50 -51 -52
leaf_value=0.0010963571620410308 -0.016520524142407234 -0.017505900141381075 0.00096623132859684636 -0.0068381239348899231 0.0010724961544763727 0.00097170815894316023 0.0010915093361439485 0.0011332899237459771 0.00123853551870765 -0.00020171761246728177 -0.00017008810531339173 0.0013027326371926945 0.0017375353659426884 0.013169286773057875 -0.02028471411575938 -0.0067227174677445233 0.0010561112651867302 -0.00081810259855966355 -0.0048824146353120476 0.00082182287019537197 0.0061429787084714693 -0.0011114585899143479 0.001678675781418854 -0.0037018413439556955 -5.177385003622999e-05 -9.8320150530142015e-05 -0.10408143280979819 -0.00088163692522628262 -0.0024702510794780627 0.002269627637748736 -0.00082387196973544245 0.0029323252852235179 0.00014478383842569332 -0.055035283434007543 -0.00062849856222709768 -0.00055936589699235705 -0.002430227390192509 0.0020817427725184192 -0.0034692534527468928 -0.097900330879900715 -9.1735550098784587e-05 0.0019416982709976305 0.00015898579418882188 -0.0012032456521300582 -0.00016336496999719272 0.0013748596768893059 -0.01233340378502315 -0.053828410362995953 -0.00038016737615800052 -0.0012737543362142548 -0.00050864307647794944
leaf_weight=87 489 79 71 135 109 133 70 194 168 68 172 110 110 82 69 82 73 100 147 84 118 79 68 93 134 253 75 86 133 193 71 68 95 186 500 79 80 69 1494 4666 72 81 157 76 69 103 68 69 326 215 186
leaf_count=87 489 79 71 135 109 133 70 194 168 68 172 110 110 82 69 82 73 100 147 84 118 79 68 93 134 253 75 86 133 193 71 68 95 186 500 79 80 69 1494 4302 72 81 157 76 69 103 68 69 326 215 186
internal_value=6.15141e-05 0.00168984 0.0025924 -5.56077e-05 0.000267319 0.00156914 0.00223806 0.00328883 0.00370481 -0.000201816 6.65091e-05 0.000775275 0.00321547 1.07625e-05 0.000337544 0.000634717 0.000798484 -9.28326e-05 -0.000151189 0.00100768 0.00126661 -0.000209939 7.28949e-05 -0.000345842 0 3.96354e-05 0.000144359 0.000361086 0.000502814 0.000676304 0.00101411 -0.000110675 0.000166019 -0.000357967 -0.000158582 0 0.000203677 0.000443141 -0.000250573 -0.000365431 0 0.000234541 0 0.000104038 -4.41009e-05 0.000372602 -0.000268869 -0.000223104 -0.0001423 0 -4.4051e-05
internal_weight=12594 882 580 11712 3506 422 289 433 362 8206 3084 282 180 3126 908 426 357 2218 2023 275 191 1723 147 5080 2802 2168 1542 558 472 397 264 626 195 4945 634 482 228 148 1641 4852 300 153 984 432 552 179 1562 558 395 302 254
internal_count=12230 882 580 11348 3506 422 289 433 362 7842 3084 282 180 3126 908 426 357 2218 2023 275 191 1723 147 4716 2802 2168 1542 558 472 397 264 626 195 4581 634 482 228 148 1641 4488 300 153 984 432 552 179 1562 558 395 302 254
is_linear=0
shrinkage=0.0139946


Tree=113
num_leaves=51
num_cat=0
split_feature=20 57 26 30 50 57 50 29 10 40 24 7 37 44 4 10 18 10 38 33 58 63 27 18 32 61 63 43 58 4 3 1 43 30 34 20 34 38 1 40 43 37 54 30 63 63 39 24 9 9
split_gain=13.0117 7.20899 3.2945 2.90349 2.6023 1.957 3.83912 2.50811 1.93922 1.51293 0.673084 0.405554 0.262541 0.614693 0.377393 0.327988 0.312374 0.503347 0.24397 0.454543 0.212241 0.172002 0.165484 0.386897 0.198977 0.115911 0.0797025 0.261707 0.425565 0.241855 0.0788963 0.0686368 0.0661114 0.0552183 0.103207 0.051098 0.0478957 0.0467272 0.0390415 0.0252345 0.0206209 0.0165066 0.0065592 0.0957001 0.0631488 0.0225758 0.103325 0.00630403 0.00374106 5.71676e-05
threshold=17.159050824140841 926.55000000000007 93.450000000000017 70.550000000000011 0.74166666666654368 925.35000000000002 7.7999999999999821 54.350000000000001 0.94968266440323645 0.17009801096309349 27.345000000000002 0.78656609248549325 28.035477892378996 4.289673541104599 922.95000000000016 -0.66483077113278999 30.137430821212501 -0.57022117041332276 2.6000780218143285 24.723238828605361 1.1650000000000003 3.0412723525761209 77.550000000000011 23.5861475145811 -2.8350000000000004 0.90500000000000014 -0.2251459898801684 23.76604166666667 0.91500000000000015 924.1500000000002 0.98250000000000004 19.955000000000002 25.300000000000004 61.550000000000004 0.4316447441049282 17.730139245209319 0.22553485544719737 5.2113295052111122 25.855000000000004 0.14571661996497134 23.031875000000003 21.016522835837765 0.93650000000000022 96.450000000000017 0.64728399974772277 1.0107298365009501 23.175000000000001 26.765000000000004 0.33346569090932193 -0.95747632178960107
decision_type=2 2 2 2 2 2 2 2 2 2 2 2 2 2 2 2 2 2 2 2 2 2 2 2 2 2 2 2 2 2 2 2 2 2 2 2 2 2 2 2 2 2 2 2 2 2 2 2 2 2
left_child=1 49 20 11 37 12 7 18 9 -9 -11 21 15 14 -14 25 26 -18 19 -7 -3 38 30 40 -25 42 27 41 29 -29 -8 35 39 -13 -35 -27 -37 -4 -2 -28 -24 -17 45 -44 -45 46 -5 48 -23 -1
right_child=3 2 4 5 -6 6 22 8 -10 10 -12 33 13 -15 -16 16 17 -19 -20 -21 -22 47 23 24 -26 31 32 28 -30 -31 -32 -33 -34 34 -36 36 -38 -39 -40 -41 -42 -43 43 44 -46 -47 -48 -49 -50 -51
leaf_value=0.0010843491017626502 -0.10387281210912507 0.0016076637233607949 0.0011224414755335219 -0.0015379448550847852 0.0014072854023966116 0.0018170935186940294 -0.024764092222915302 0.00094713456884313566 0.0013023339889250308 0.001733836167444497 0.00093264894299788855 -0.10516680550285874 0.0027123184904422194 -0.032782265757560908 -0.0022911325599742458 -2.2380219381102002e-05 0.00016115081671314114 6.2482254200972487e-06 -0.0088059252377073512 -0.017971778778010015 -0.0091587814585702369 -0.008536402352674102 -0.011445400566655837 -0.008265653894897659 0.0021594392120673836 -0.00016778487244550398 -1.3386841134789614e-05 0.0030325600647337506 -0.0005816748386099288 -0.00010951106848273388 0.00076803335566337603 -0.00019776644955954892 -0.00021131790458460496 0.0078708481720454887 -0.0078553360306266168 -2.0021243279365528e-05 -0.0010239081296736726 0.0011183615354715534 -0.04229683174299885 -0.0010963811264601614 0.00074954703376528108 -0.0020595239150357873 -0.0043428405981833108 -0.0047471958660644407 0.0014888734611991428 -8.1026061548347859e-05 0.0066614977119501132 0.00080630430681580538 -0.28579501946761066 -0.00060687555048839141
leaf_weight=71 4126 69 267 72 79 70 515 114 111 207 72 154 90 173 68 70 84 250 176 72 72 98 234 69 162 72 103 117 88 69 68 174 131 124 72 132 1607 93 78 417 105 225 407 139 69 105 71 143 209 231
leaf_count=71 3862 69 267 72 79 70 515 114 111 207 72 154 90 173 68 70 84 250 176 72 72 98 234 69 162 72 103 117 88 69 68 174 131 124 72 132 1607 93 78 417 105 225 407 139 69 105 71 127 125 231
internal_value=6.59583e-05 0.00170567 0.00261645 -5.20236e-05 0.00323836 0.000131284 0.000502168 0.00123196 0.00185536 0.00231773 0.00293062 -0.000311171 -9.38496e-06 0.000347084 0.00100195 -5.16244e-05 8.60389e-05 0.000465238 2.82373e-05 0.000576411 0.000191548 -0.000348089 0 0.000148922 0.000616333 -0.00015039 0 0.000100889 0.000454819 0.000864534 -0.000183657 -0.000209443 -0.000122514 0 0.000233788 -0.000235567 -0.000252063 0.00376628 -0.000377013 -0.000208778 0 -1.66772e-06 0 -3.71013e-05 0 4.1749e-05 0.000183107 0 -6.32249e-05 0
internal_weight=12594 882 580 11712 439 6708 1975 822 504 393 279 5004 4733 331 158 4402 1554 334 318 142 141 4654 1153 570 231 2848 1220 569 274 186 583 1985 651 350 196 1811 1739 360 4204 520 339 295 863 615 208 248 143 450 307 302
internal_count=12230 882 580 11348 439 6708 1975 822 504 393 279 4640 4733 331 158 4402 1554 334 318 142 141 4290 1153 570 231 2848 1220 569 274 186 583 1985 651 350 196 1811 1739 360 3940 520 339 295 863 615 208 248 143 350 223 302
is_linear=0
shrinkage=0.0139946


Tree=114
num_leaves=50
num_cat=0
split_feature=20 57 50 45 50 11 10 45 18 10 10 22 0 54 53 57 10 63 60 20 44 57 56 36 36 22 26 54 0 53 57 53 10 36 52 16 17 56 5 45 1 63 4 45 57 40 63 20 25
split_gain=12.4317 7.31979 3.43307 3.89641 3.0693 4.10363 2.12779 1.46332 1.30457 0.810384 1.10936 0.625296 0.46266 0.481777 0.388553 0.198979 0.127514 0.16352 0.132916 0.12713 0.120025 0.458495 0.25605 0.181818 0.167256 0.120701 0.0744951 0.138609 0.190169 0.214301 0.0719599 0.0695202 0.0452712 0.0425059 0.105977 0.038488 0.0372109 0.0255595 0.0226393 0.022385 0.0214379 0.0275415 0.0212401 0.0201195 0.0267445 0.0175565 0.00638894 0.00223318 0.000228669
threshold=17.159050824140841 926.55000000000007 0.74166666666654368 1613.7125000000003 11.158333333333188 9.5000000000000018 0.94968266440323645 1926.9190000000001 17.730139245209319 0.76110425866077458 0.91925191855388755 21.105000000000004 0.70500000000000007 0.91550000000000009 0.61650000000000016 923.05000000000007 -0.15855351192338588 2.3159169506196196 28.615000000000006 20.112736369542187 2.8419168040270542 925.1500000000002 920.95000000000016 0.73440820909110827 1.2159222801891809 24.905000000000005 98.950000000000017 0.99650000000000005 0.63500000000000012 0.99150000000000016 919.25000000000011 0.99150000000000016 -0.99463397642532658 0.99287297171932831 0.99350000000000016 19.665797382348867 18.870292794735281 921.75000000000011 -0.70710678118654735 2220.4405000000006 7.785000000000001 1.5031967724197524 927.45000000000016 2237.1200000000003 926.75000000000011 1.1612995513982318 -1.3357998776894691 24.585163141088071 20.935000000000006
decision_type=2 2 2 2 2 2 2 2 2 2 2 2 2 2 2 2 2 2 2 2 2 2 2 2 2 2 2 2 2 2 2 2 2 2 2 2 2 2 2 2 2 2 2 2 2 2 2 2 2
left_child=1 48 3 -3 5 9 11 19 -5 20 -11 -7 13 14 -9 39 17 18 35 -6 21 26 23 -22 -25 36 27 28 -2 -30 -21 -18 -32 34 37 -14 -24 -15 -34 -16 41 -35 43 44 -38 -19 -28 -27 -1
right_child=4 2 -4 8 7 6 -8 12 -10 10 -12 -13 16 33 15 -17 31 45 -20 30 22 -23 25 24 -26 47 46 -29 29 -31 32 -33 38 40 -36 -37 42 -39 -40 -41 -42 -43 -44 -45 -46 -47 -48 -49 -50
leaf_value=-0.00059289912605254473 -0.0011287626589961525 0.00099515199169489059 0.0013620132941020277 0.0011690910236057124 -0.0080189704686750973 0.0018214731059368158 0.0010024700375894961 -0.00031283806271178023 0.0011973907235262157 0.0011616417936298467 -0.00014787648208368674 0.0011757979102762558 -0.003769885887630262 -0.00064642092574609164 0.001244920880165356 0.00679082528659046 -0.0021145033557020102 -0.00045142999763858041 3.1224502604568038e-06 -0.0036613193463495373 -0.0028258866242899237 0.0012968417423905019 -0.0004164360190060532 0.0011097617238624172 -0.00016458297741587098 -0.0002522032804997255 -2.3603924894562682e-05 -0.00058918644877102794 -0.00029813677684030232 0.0017492213434842714 -0.052811421889631317 0.0010421660263651115 -0.018625724136243218 -0.0068745234080403008 -0.013374749879783817 -0.0048636228349137429 -0.0028045166633884813 0.0013244297509321843 -0.098198202162104772 -0.0025170228204465595 8.6874623381623989e-06 -0.00013319186277542443 -0.044937799400437822 -0.00024042001520654144 -0.0077792713622525317 0.016175349645038771 -0.00030935485705377156 -0.00098838471672794926 0.001030068779746803
leaf_weight=201 75 97 117 172 140 97 129 156 194 117 169 186 108 74 91 148 277 80 70 93 69 80 126 105 84 91 101 168 105 203 186 89 95 288 69 1124 819 120 4582 73 236 68 111 119 119 69 239 164 101
leaf_count=201 75 97 117 172 140 97 129 156 194 117 169 186 108 74 91 148 277 80 70 93 69 80 126 105 84 91 101 168 105 203 186 89 95 288 69 1124 819 120 4218 73 236 68 111 119 119 69 239 164 101
internal_value=7.15136e-05 0.001674 0.0025924 0.00313981 -4.36606e-05 0.00029739 0.0016172 -0.000195815 0.00381213 9.70698e-05 0.000807284 0.00229404 2.22066e-05 0.000237621 0.000600022 0.000883984 -9.76801e-05 -0.000170642 -0.000238764 -0.000343329 0 0.000144647 -4.17421e-05 0.000293257 0.000551053 -0.00014127 0 0.000143156 0.000316188 0.000494339 -0.000355282 7.81389e-06 -0.000362678 0 0.00017412 -0.000285202 -0.000205248 0.000383365 -0.00037237 2.23923e-05 -2.2278e-05 -0.000112054 -0.000229986 -0.000249734 -0.000272866 0 -9.76489e-05 0 0
internal_weight=12594 882 580 463 11712 3476 412 8236 366 3064 286 283 3140 1323 468 312 1817 1451 1302 5096 2778 971 1807 258 189 1549 891 551 383 308 4956 366 4863 855 263 1232 1294 194 4677 164 592 356 1168 1057 938 149 340 255 302
internal_count=12230 882 580 463 11348 3476 412 7872 366 3064 286 283 3140 1323 468 312 1817 1451 1302 4732 2778 971 1807 258 189 1549 891 551 383 308 4592 366 4499 855 263 1232 1294 194 4313 164 592 356 1168 1057 938 149 340 255 302
is_linear=0
shrinkage=0.0139946


Tree=115
num_leaves=56
num_cat=0
split_feature=16 8 10 8 11 28 19 44 10 28 10 0 57 52 53 30 45 43 56 8 19 45 45 57 50 28 30 61 61 43 16 1 0 19 28 30 44 43 45 61 58 30 56 53 50 56 31 56 1 10 10 10 28 61 10
split_gain=12.3681 4.4383 4.11168 3.6497 4.98002 4.45042 2.70858 1.18668 2.0802 0.495234 0.471206 0.718219 0.865785 0.464707 0.446099 0.612303 0.578084 0.324179 0.719185 0.313068 0.579303 0.264509 0.242349 0.208485 0.132962 0.230838 0.13966 0.126063 0.193738 0.0850512 0.330653 0.187379 0.0802603 0.068398 0.0675508 0.330969 0.452451 0.279264 0.0569787 0.0530844 0.0341248 0.0638989 0.0328415 0.029183 0.0271653 0.0223599 0.0713312 0.0199649 0.010793 0.0380585 0.0045305 0.0124215 0.00383352 0.00358033 1.47299e-05
threshold=16.454411595244135 1.0000000180025095e-35 0.91925191855388755 -0.37940952255126015 9.5000000000000018 81.050000000000011 26.97572752825489 3.3089232332931058 0.74407637760383738 41.650000000000013 -0.66483077113278999 0.92500000000000016 922.45000000000016 0.99150000000000016 0.99650000000000005 83.850000000000009 2245.8240000000001 27.122291666666669 922.1500000000002 1.0000000180025095e-35 31.165674471925033 1943.0915000000002 2152.4710000000005 927.55000000000007 176.14166666666662 75.550000000000011 96.450000000000017 0.97500000000000009 8.4500000000000011 25.209791666666671 20.311552195899164 0.31500000000000006 0.67500000000000016 35.90757329248067 56.050000000000004 78.950000000000017 6.3299573851280497 21.909791666666667 2197.4140000000002 0.18500000000000003 0.50500000000000012 76.550000000000011 919.25000000000011 0.99950000000000017 459.16666666666657 922.05000000000007 -4.3004715825635325 920.45000000000016 0.95500000000000007 -0.15855351192338588 -0.5488429582847193 -0.27608674622158907 67.950000000000017 11.405000000000003 -0.8038981836306559
decision_type=2 2 2 2 2 2 2 2 2 2 2 2 2 2 2 2 2 2 2 2 2 2 2 2 2 2 2 2 2 2 2 2 2 2 2 2 2 2 2 2 2 2 2 2 2 2 2 2 2 2 2 2 2 2 2
left_child=1 -1 6 21 9 24 23 8 13 33 17 12 50 22 15 -14 19 27 -19 -17 -21 -2 -7 -3 25 26 -6 29 43 30 -11 -32 40 42 -13 36 37 -36 -37 54 -23 -42 -5 44 -29 46 -30 -48 -34 -50 -12 -52 -26 -47 -31
right_child=3 2 -4 4 5 7 -8 -9 -10 10 11 34 14 -15 -16 16 -18 18 -20 20 -22 32 -24 -25 52 -27 -28 28 45 39 31 -33 48 -35 35 38 -38 -39 -40 -41 41 -43 -44 -45 -46 53 47 -49 49 -51 51 -53 -54 -55 -56
leaf_value=-0.0006562830572734835 -0.12405496815069526 0.0010524079846524724 0.00086536167859051476 -0.0063045601653618751 0.0038764680695320087 0.0011663734585360356 0.0011064504814359754 0.0013274493455050771 0.0014999159770717699 -0.0020921237328961591 4.4717313594062643e-05 -0.022772774592132398 0.0025369435292039158 0.0008343631432509703 -1.7905762516954155e-05 -8.7241461083359848e-05 -0.00064972640798209439 0.00944515259532956 -0.0012765579437959799 0.0023895152213136341 0.00036054713722851096 -0.011216834150732725 0.0011245165458236984 0.0012541548862962126 -0.0069096637781721161 -0.0085227400763012336 -0.001467136468880066 -0.0013641080960767186 -0.0051719507882434694 3.4868782996253086e-05 -3.5227457438670811e-05 0.0056369976091439804 -0.0025449248915216764 -0.002411948370705149 -0.0012931453799407109 -0.0010950522872069945 -0.20687793018782419 0.0094420121090359813 0.00041481909598726401 -0.0043067060767507052 0.013039004689561252 -0.0008175629412182717 -0.10307763151258528 -0.00018069408234430167 -0.037910696771544919 -1.2361878524400797e-05 -0.00022532431342524572 0.00073688028824663531 -0.015190073029110962 -0.00023322606445600984 -0.001805633498726072 -1.5300337309520954e-05 -0.00034641366113162216 -0.00098910277987811625 -0.011678992742364681
leaf_weight=156 3825 69 100 69 85 194 71 74 87 160 78 382 175 90 179 82 88 105 127 175 68 229 68 192 189 68 69 1045 92 138 69 77 152 68 74 359 94 136 111 298 79 109 783 111 69 74 79 117 413 83 226 109 117 188 70
leaf_count=156 3461 69 100 69 85 194 71 74 87 160 78 382 175 90 179 82 88 105 127 175 68 229 68 192 189 68 69 1045 92 138 69 77 152 68 74 359 94 136 111 298 79 109 783 111 69 74 79 117 413 83 226 109 117 188 70
internal_value=7.37357e-05 0.00205331 0.00278128 -1.79073e-05 0.000178339 0.00107296 0.00353051 0.00200586 0.00228604 1.36692e-05 7.74394e-05 0.000228102 0.000471106 0.00148802 0.000749465 0.000938225 0.00124123 -2.35916e-05 0.000432378 0.00151717 0.00182292 -0.000317221 0.00182054 0.00422484 3.55345e-05 0.000345417 0.000679286 -9.07906e-05 -0.00016095 0 0.000227533 0.000738753 -4.11282e-05 -0.000269997 0 5.34886e-05 0.000460539 0.00085115 -6.77803e-05 -3.76241e-05 0 0.000187619 -0.000307233 -0.00026162 -0.000283506 0 0.000122892 0.000304517 -0.000164211 -0.000198604 0 -5.13226e-05 0 -2.40672e-06 0
internal_weight=12594 588 432 12006 7116 1041 332 513 439 6075 5155 2336 1180 352 767 588 413 2819 232 325 243 4890 262 261 528 222 154 2587 1775 812 306 146 1065 920 1156 774 304 210 470 506 417 188 852 1225 1114 550 288 196 648 496 413 335 306 262 208
internal_count=12230 588 432 11642 7116 1041 332 513 439 6075 5155 2336 1180 352 767 588 413 2819 232 325 243 4526 262 261 528 222 154 2587 1775 812 306 146 1065 920 1156 774 304 210 470 506 417 188 852 1225 1114 550 288 196 648 496 413 335 306 262 208
is_linear=0
shrinkage=0.0139946


Tree=116
num_leaves=48
num_cat=0
split_feature=16 8 37 10 8 56 28 27 19 9 56 27 53 44 28 54 56 9 9 34 10 10 60 32 30 38 39 9 44 43 57 56 19 59 0 6 35 9 6 24 9 43 43 35 54 17 21
split_gain=12.1775 4.33487 4.48262 3.42769 3.3321 3.66157 5.14005 1.75097 0.970947 0.547979 0.856435 0.408551 0.720646 0.348379 0.275938 0.411479 0.75994 0.219827 0.171206 0.70982 0.155597 0.252213 0.433468 0.515972 0.0973724 0.0681054 0.0599359 0.0567625 0.0458279 0.18053 0.253936 0.0535966 0.0389345 0.0396861 0.0376657 0.0373309 0.0371869 0.0265765 0.0226832 0.0100921 0.0614427 0.0085384 0.00581835 0.0547413 0.00577506 0.00114245 0.000456004
threshold=16.454411595244135 1.0000000180025095e-35 20.347988524545105 0.91234096280339505 -0.5 927.75000000000011 85.65000000000002 97.750000000000014 23.708451448243562 -0.8779519545588893 924.95000000000016 84.65000000000002 0.18450000000000003 3.0696090365479969 41.650000000000013 0.85350000000000004 920.85000000000002 -0.88606241628642823 0.65189295912203338 0.26723400185170448 -0.66483077113278999 -0.57729161655172734 2.3650000000000007 -0.74500000000000088 81.350000000000009 5.2349828891951704 21.288333333333338 0.96683886033945965 2.4932289277613404 23.76604166666667 920.75000000000011 920.45000000000016 34.865546784382083 1.5050000000000001 0.78500000000000014 0.60355339059327384 25.538604461063606 0.99166813670569354 -0.5 21.515000000000004 -0.34156760613242332 24.385208333333338 20.725833333333338 24.934841246595134 0.049500000000000009 21.897120826785496 22.025000000000002
decision_type=2 2 2 2 2 2 2 2 2 2 2 2 2 2 2 2 2 2 2 2 2 2 2 2 2 2 2 2 2 2 2 2 2 2 2 2 2 2 2 2 2 2 2 2 2 2 2
left_child=1 -1 3 -3 17 9 11 8 -8 10 28 42 -13 -4 25 16 -16 35 19 -18 24 22 -22 -24 36 -11 -26 34 29 -6 -31 -30 33 -28 -20 38 -17 -29 -2 -21 -41 -32 45 44 -44 -7 -23
right_child=4 2 13 -5 5 6 7 -9 -10 14 -12 12 -14 -15 15 20 18 -19 27 39 21 46 23 -25 26 -27 32 37 31 30 41 -33 -34 -35 -36 -37 -38 -39 -40 40 -42 -43 43 -45 -46 -47 -48
leaf_value=-0.0006470986123382228 -0.0030263871176322674 0.0012447058264643683 0.0010774188168222916 0.0008881542671920423 -0.0010507367153638663 -0.0096469998509069368 0.00097972987442357471 0.00083545267709129729 0.00123268574664192 -0.064620563603823289 0.0016667222853380098 -0.012197078421141677 0.0017208778851237009 -0.0091627516357841686 0.012106949696657184 0.0033148108865679545 0.0019495361135470329 -0.1489053310882017 -7.8190482985436268e-05 -0.029852297282963552 -0.0017146659958659641 -0.00023460552305132085 0.0023824589122125486 -0.00025206115119850178 8.981537770347529e-06 -0.0029048151161434116 -0.00051694555294894487 0.0027944382056151423 0.00021676930065572767 -0.00048130941727079102 0.002430534536519684 -0.0010727594073094092 -2.3599227314487731e-05 -0.0090128874130202992 -0.041159180769198715 0.0045813598596927182 -0.015892236564237567 -0.33503482791144978 -0.044486513545581488 -0.0038749101811262794 0.0015431050934962805 0.00082219713089206877 0.0031046733831531894 -0.010872814959199353 -0.010572177737461125 -0.041958672731446836 -0.0013736772505259234
leaf_weight=156 77 204 89 68 144 69 69 69 184 757 251 76 124 71 150 81 96 3822 69 179 103 73 139 68 115 118 1996 88 92 83 102 293 71 75 408 154 229 97 385 138 211 68 70 130 75 200 208
leaf_count=156 77 204 89 68 144 69 69 69 184 757 251 76 124 71 150 81 96 3458 69 179 103 73 139 68 115 118 1996 88 92 83 102 293 71 75 408 154 229 97 385 138 211 68 70 130 75 200 208
internal_value=6.48473e-05 0.00202959 0.00274903 0.00388498 -2.60655e-05 0.000146319 0.000906957 0.00239935 0.00294296 1.10289e-05 0.000313676 0.000166342 0.00070613 0.000379162 -3.39073e-05 0 0.000205418 -0.000335142 3.91786e-05 0.000234012 -7.93889e-05 5.79603e-05 0.000398727 0.000802401 -0.000137259 -0.000262307 -0.000172824 -4.31176e-05 0 0.000150008 0.000417068 0 -0.000192212 -0.00020467 -0.000160601 0 0 0 -0.000122048 0 6.8421e-05 0.000739818 0 0 0.000270187 -6.48616e-05 -7.9921e-05
internal_weight=12594 588 432 272 12006 7568 1066 322 253 6502 1033 744 200 160 5469 4594 1436 4438 1286 624 3158 591 310 207 2567 875 2257 662 782 397 253 385 2142 2071 477 616 310 185 462 528 349 170 544 275 145 269 281
internal_count=12230 588 432 272 11642 7568 1066 322 253 6502 1033 744 200 160 5469 4594 1436 4074 1286 624 3158 591 310 207 2567 875 2257 662 782 397 253 385 2142 2071 477 616 310 185 462 528 349 170 544 275 145 269 281
is_linear=0
shrinkage=0.0139946


Tree=117
num_leaves=54
num_cat=0
split_feature=16 5 10 37 5 11 5 18 9 26 56 52 9 10 28 9 38 38 36 63 9 9 26 59 43 63 24 63 61 29 56 29 59 9 9 0 45 16 33 60 10 16 49 10 55 26 36 30 30 22 24 38 16
split_gain=12.1127 3.99376 4.42374 5.40827 3.35073 4.47851 3.57043 2.87831 0.881774 1.42716 1.04304 0.665873 0.44218 0.620142 0.649832 0.713302 1.74077 1.29386 0.970466 0.445881 0.445683 0.473882 0.191254 0.214384 0.171974 0.384781 0.336137 0.158365 0.140615 0.127011 0.0849165 0.235591 0.147086 0.0820345 0.056804 0.08481 0.046092 0.0457849 0.0351939 0.0306056 0.0416708 0.0216589 0.0163934 0.0148665 0.0200195 0.0287505 0.00267704 0.00128883 0.00445921 0.000296077 7.71249e-05 4.21031e-05 2.96642e-06
threshold=16.454411595244135 -0.25881904510252113 0.91925191855388755 20.45317532922267 0.60355339059327384 9.5000000000000018 -0.25881904510252113 19.336804036891529 -0.32533907195844763 97.850000000000009 927.35000000000002 0.84550000000000003 0.82876241254485883 -0.66483077113278999 52.95000000000001 0.39753913293121995 2.2896122070012446 5.0799775937298168 1.2593890497531242 1.72354170530552 0.35769492645306972 0.52707282776374187 99.250000000000014 0.95500000000000007 24.658541666666668 -1.0947645370880517 22.215000000000003 3.1611730551357096 8.4500000000000011 97.850000000000009 922.05000000000007 91.350000000000009 0.7350000000000001 -0.99466160899732459 -0.88606241628642823 0.54500000000000015 2177.8440000000005 23.5861475145811 30.205483823098309 9.2250000000000032 -0.96227343267549392 17.730139245209319 577.1500000000002 -0.97106408147883394 924.25000000000011 98.350000000000009 1.4113323045906891 75.850000000000009 95.750000000000014 22.215000000000003 26.935000000000006 4.6949126144609368 23.262984449540571
decision_type=2 2 2 2 2 2 2 2 2 2 2 2 2 2 2 2 2 2 2 2 2 2 2 2 2 2 2 2 2 2 2 2 2 2 2 2 2 2 2 2 2 2 2 2 2 2 2 2 2 2 2 2 2
left_child=1 2 3 -1 5 12 7 -7 9 10 -9 -12 13 19 38 22 -17 18 -18 28 47 -22 23 24 25 -16 -27 37 29 39 31 32 -30 -6 35 -8 -35 -14 -15 40 43 -42 -31 44 45 -2 -36 -21 -49 52 -26 -29 -25
right_child=4 -3 -4 -5 33 6 34 8 -10 -11 11 -13 27 14 15 16 17 -19 -20 20 21 -23 -24 49 50 26 -28 51 30 42 -32 -33 -34 36 46 -37 -38 -39 -40 -41 41 -43 -44 -45 -46 -47 -48 48 -50 -51 -52 -53 -54
leaf_value=0.0012000493545508404 -0.0044409275990929522 -0.00066633631176591149 0.0008381731655185804 0.0010691546547900443 -0.011776368106976501 0.001450127248102212 0.0028968701786201432 3.8444539332719096e-05 -0.0076395171537191617 0.00094212896787245826 0.0017378874849305118 0.0010046544344093913 -0.036024985928976842 -0.010976543597966307 -0.00027141309898071314 -0.15685572588362298 0.0019646113501522724 -0.013102721149827492 -0.00022063839739834603 0.015105380162512104 0.013229056977189173 -0.00067063064939481968 -0.00056677869330038898 -0.001817366390974761 0.00015778053535014336 -0.00016513098548174239 0.0017707611121498101 -0.27609399708180804 -0.00011013955446805254 -0.021032426607262771 -0.00041708841673084962 -0.0021044524732400306 0.0007523931726778634 -0.12912559654318387 -0.031336899505742505 -3.5679434827359606e-05 -0.021155599695573311 -0.16505102963779988 -0.0016300996624913373 -0.00030382065180084225 -0.00068941534192437193 -0.001614339348812933 0.0076265466971891507 0.0012268835255984975 7.2931218149665038e-06 -3.7348717637625847e-05 -8.7200028401995605e-05 -0.00335858260521287 -0.004534473698023735 0.00074642724412191867 -0.00033924067440005027 0.0032827646159421151 -0.0041618871353527207
leaf_weight=217 352 157 100 114 84 137 68 68 123 132 99 78 164 387 186 147 150 68 88 68 82 96 189 168 202 70 243 73 81 105 312 133 107 3782 184 101 68 923 68 99 82 1188 70 74 98 70 190 195 83 189 143 71 68
leaf_count=217 352 157 100 114 84 137 68 68 123 132 99 78 164 387 186 147 150 68 88 68 82 96 189 168 202 70 243 73 81 105 312 133 107 3418 184 101 68 923 68 99 82 1188 70 74 98 70 190 195 83 189 143 71 68
internal_value=7.04025e-05 0.00202959 0.00272402 0.00350034 -2.02382e-05 0.000136977 0.000932912 0.00164457 0.000953274 0.00128825 0.00191813 0.00249401 0 5.2776e-05 0.000231714 0.00035743 0.000879788 0.00150034 0.00198636 -5.53327e-05 0.000278513 0.000843854 0.000148064 0.000232521 0.000361759 0.000536899 0.000835397 -0.000239688 -0.000142907 -0.000198327 0 0.000197456 0.000556167 -0.000359853 0 0.000255169 -0.000369444 -0.000305831 -0.000148118 -0.000235577 -0.000248302 -0.000311231 0 -1.26075e-07 -7.46945e-05 -0.000126963 0 0 -2.62717e-05 0 0 0 -1.56136e-05
internal_weight=12594 588 431 331 12006 8072 1180 637 500 377 245 177 6892 5661 2366 1911 453 306 238 3295 524 178 1458 1269 844 499 313 1231 2771 2138 633 321 188 3934 543 169 3850 1087 455 1963 1864 1270 175 594 520 422 374 346 278 425 345 144 236
internal_count=12230 588 431 331 11642 8072 1180 637 500 377 245 177 6892 5661 2366 1911 453 306 238 3295 524 178 1458 1269 844 499 313 1231 2771 2138 633 321 188 3570 543 169 3486 1087 455 1963 1864 1270 175 594 520 422 374 346 278 425 345 144 236
is_linear=0
shrinkage=0.0139946


Tree=118
num_leaves=49
num_cat=0
split_feature=62 9 9 25 0 45 57 62 62 50 41 56 44 47 53 0 61 44 44 9 9 24 1 20 9 7 34 62 56 27 31 17 44 45 25 1 9 1 1 45 54 56 53 61 43 54 0 1
split_gain=19.8967 3.70875 4.71148 2.78556 4.35936 1.93342 1.56965 1.59177 1.3713 1.13157 1.39928 0.322542 0.290994 0.58063 0.262555 0.163262 0.487594 0.535964 0.727813 0.150304 0.134527 0.107699 0.103563 0.0885708 0.0839946 0.0831269 0.0812468 0.07864 0.0599524 0.0737043 0.0562894 0.0516774 0.0987827 0.0658994 0.0319536 0.0289811 0.0244029 0.0236549 0.0200589 0.0154358 0.0195114 0.015413 0.0146716 0.0512108 0.0246529 0.00894891 0.00290418 0.00169777
threshold=17.65929765440621 -0.30901413279605799 -0.66484924122790601 16.995000000000001 0.92500000000000016 1926.9190000000001 925.45000000000016 18.70278998696276 16.990898242597225 1.0000000180025095e-35 21.812500000000004 920.35000000000002 2.2471656462563563 29.950000000000003 0.99550000000000016 0.76500000000000012 1.0550000000000004 2.8108257009283384 3.7055280753513919 -0.86095304316285715 -0.98801351631316325 37.330000000000005 30.785000000000004 27.928175961560022 0.61866567420209762 0.91597561503675362 0.23566039379704246 21.268508529905393 922.25000000000011 98.250000000000014 -0.78359186268582259 26.772418506409419 2.5695661319075795 2220.4405000000006 22.315000000000001 0.31500000000000006 0.58429276287313725 13.375000000000002 19.955000000000002 1970.4735000000001 0.60350000000000004 919.05000000000007 0.99150000000000016 7.9350000000000014 25.63770833333334 0.93450000000000022 0.59500000000000008 3.2350000000000008
decision_type=2 2 2 2 2 2 2 2 2 2 2 2 2 2 2 2 2 2 2 2 2 2 2 2 2 2 2 2 2 2 2 2 2 2 2 2 2 2 2 2 2 2 2 2 2 2 2 2
left_child=1 2 9 4 -2 11 14 -8 -4 10 19 23 13 -9 15 16 17 -7 35 -1 -16 25 26 -5 -6 27 -22 -13 42 39 -3 34 33 -33 -18 -19 41 -36 -29 -30 -41 -28 44 -44 -17 -46 -14 -25
right_child=3 30 8 5 24 6 7 12 -10 -11 -12 21 46 -15 20 28 31 18 -20 -21 22 -23 -24 47 -26 -27 36 38 29 -31 -32 32 -34 -35 37 -37 -38 -39 -40 40 -42 -43 43 -45 45 -47 -48 -49
leaf_value=0.0010614575082510511 0.0010704516869848807 -0.0075110414114999188 0.0015174988128148119 0.0010027961396649058 -0.0078986715912128646 -0.00058773908962543966 0.0013031217832396194 0.0016300806956591706 0.0011226521707480119 -0.0013948141315879253 0.00090735620818101854 -0.0058146755356524495 0.0010296129346235383 -0.0069768798732014799 0.0011958646584235048 -0.0023421841332457219 -3.9342379709105708e-05 0.006227516396823657 -0.0029336498210656408 0.00096356917631144803 -1.7134002748150729e-05 -0.00088409115592587642 5.8451663804259735e-05 -0.054121644443032156 0.00090523877171450615 -0.0071814328222224427 -0.0034694052515526013 -0.10060026907070604 -0.017196132176718053 1.3382143608316764e-06 0.002726394254455272 0.0027190420568184237 -4.0684164248648589e-05 -0.00045517435276592533 -0.00076379347117285065 -0.0057351622136278266 -6.0280174840580048e-06 -0.0002717668150190742 -0.033615330345002692 -0.00021904615927072327 -0.0014313240602282762 -0.0013683119549865563 -3.8474760075968376e-05 0.00074932820966900336 0.00082666032765310561 -0.00031952504437911798 -0.0070029648153699707 -0.031431917074599733
leaf_weight=100 108 76 156 82 210 100 170 89 72 85 110 317 153 170 92 282 147 78 71 71 188 96 86 214 129 243 86 4757 68 123 95 94 266 83 367 91 72 125 96 68 514 1269 175 68 78 80 256 68
leaf_count=100 108 76 156 82 210 100 170 89 72 85 110 317 153 170 92 282 147 78 71 71 188 96 86 206 129 243 86 4401 68 123 95 94 266 83 367 91 72 125 96 68 514 1269 175 68 78 80 256 68
internal_value=6.15141e-05 0.00224895 0.00277997 -7.45874e-05 0.000990694 -0.000122498 5.56537e-05 0.000617288 0.00452635 0.0014915 0.00191743 -0.000301041 0.000191064 0.000558761 -3.08929e-05 3.32654e-05 0.000152594 0.00061345 0.00098281 0.00275707 -0.000171343 -0.000328747 -0.000215446 0 6.32054e-07 -0.00033747 -0.000247851 -0.000349835 -3.71051e-05 -0.000133205 4.48428e-06 0 0.000122543 0.000381463 -7.32718e-05 0.00148376 -0.000283988 -0.000140138 -0.000365443 -0.000207932 -0.000231191 -0.000297407 0 0.000108328 0 0 0 0
internal_weight=12594 765 594 11829 447 11382 5509 838 228 366 281 5873 668 259 4671 2878 1422 340 240 171 1793 5509 1701 364 339 5413 1615 5170 1456 773 171 1082 443 177 639 169 1427 492 4853 650 582 1355 683 243 440 158 409 282
internal_count=12230 765 594 11465 447 11018 5509 838 228 366 281 5509 668 259 4671 2878 1422 340 240 171 1793 5153 1701 356 339 5057 1615 4814 1456 773 171 1082 443 177 639 169 1427 492 4497 650 582 1355 683 243 440 158 409 274
is_linear=0
shrinkage=0.0139946


Tree=119
num_leaves=51
num_cat=0
split_feature=20 18 2 5 56 1 56 30 61 55 9 38 31 9 10 44 38 63 10 43 56 44 9 25 59 10 60 45 50 59 9 61 63 56 38 57 45 30 44 53 63 31 27 10 35 63 7 30 1 30
split_gain=12.6484 6.19702 5.11443 2.42878 1.79831 2.45109 1.54442 1.99853 1.53426 0.949812 0.606119 0.539751 0.508673 0.479508 0.437465 0.437202 0.489835 0.414935 0.283455 0.585892 1.04176 0.278256 0.374946 0.239591 0.174365 0.173059 0.205388 0.112231 0.0895031 0.284403 0.0806693 0.0778685 0.131827 0.0627748 0.112453 0.0496926 0.0451689 0.0286357 0.0283421 0.100014 0.0283764 0.0272124 0.025758 0.020295 0.0190593 0.0187786 0.0166255 0.00588073 0.00028308 0.000187888
threshold=17.660190033487748 17.730139245209319 20.150000000000002 0.60355339059327384 925.6500000000002 0.025000000000000005 928.85000000000002 88.15000000000002 1.0750000000000004 931.85000000000002 -0.48250327361223916 4.8601775560500213 -1.466951770510567 -0.79356426026969629 -0.17552498857989965 2.7835814888950696 4.4773863549425714 1.72354170530552 -0.5488429582847193 27.122291666666669 920.45000000000016 2.8419168040270542 0.59817537509284302 17.345000000000002 0.75500000000000012 -0.99271195016773384 9.3350000000000026 2234.5600000000009 3.0749999999999056 1.3050000000000004 -0.99466160899732459 1.1850000000000003 -0.13413778191811151 923.75000000000011 4.8217825730708626 920.35000000000002 2177.8440000000005 77.550000000000011 2.8934351448842732 0.99350000000000016 -0.62755563001837789 10.708923119600255 98.250000000000014 -0.98798606843101155 25.058197947822311 -1.3052725370856899 0.98296291314453421 94.550000000000011 3.2850000000000006 78.550000000000011
decision_type=2 2 2 2 2 2 2 2 2 2 2 2 2 2 2 2 2 2 2 2 2 2 2 2 2 2 2 2 2 2 2 2 2 2 2 2 2 2 2 2 2 2 2 2 2 2 2 2 2 2
left_child=1 2 11 6 42 10 13 28 -7 12 -6 -1 -9 14 38 16 -16 21 19 37 -21 22 31 -23 -24 48 46 -18 29 -8 -5 32 -15 -20 44 -33 41 -19 40 -40 45 -32 -3 -37 -35 -2 -27 -39 -25 -22
right_child=3 4 -4 30 5 8 7 9 -10 -11 -12 -13 -14 17 15 -17 27 18 33 20 49 23 24 25 -26 26 -28 -29 -30 -31 36 35 -34 34 -36 43 -38 47 39 -41 -42 -43 -44 -45 -46 -47 -48 -49 -50 -51
leaf_value=0.0010936016442721754 -0.0031567101356519229 -0.0029447802405581495 0.00096033244568695842 -0.011624082296304858 0.0012072936692257175 0.001752721442382703 0.0014802858273035486 0.00097971209231103792 0.00093967395167683133 0.00051253096860801256 -0.0074232829322227302 0.00090622437249001015 0.0015790506459947668 -0.0046618465821121769 2.2874795557582429e-05 -0.0028422152054277299 0.0016034504956071031 0.022401486729546539 -0.24788279856671736 0.012489399760434821 -0.0076679476120039237 0.00158189431464693 0.0029660942904378247 0.00027807217838949949 -9.0884891367290996e-06 -0.0064899733436058621 4.3384861441133819e-06 -0.00022805185111923445 -0.034656149285452548 -0.01932651399970306 -0.13143465863205445 -0.00028752565276622905 0.0014725452165161455 0.0034893191032515504 0.0034383579541423593 -0.00011829855005105204 -0.020855731421290033 -0.002650165039790943 0.0013303859269818139 -0.00031966016174781126 -0.00037287679828956847 -0.060856205814919358 5.5487587999723123e-05 -0.00096296567475392285 -0.019903682953903983 0.002300603936539487 -0.00029236178531364114 -0.0001387849451579599 -0.0012625052212482724 0.001146231514552666
leaf_weight=101 143 207 79 84 114 124 84 71 108 70 187 103 88 152 189 91 196 88 302 88 90 99 68 133 68 2110 230 76 232 90 3692 203 132 129 74 104 68 203 134 89 370 90 153 576 229 68 92 118 136 69
leaf_count=101 143 207 79 84 114 124 84 71 108 70 187 103 88 152 189 91 196 88 302 88 90 99 68 133 68 2110 230 76 232 90 3328 203 132 129 74 104 68 203 134 89 370 90 153 576 229 68 92 118 136 69
internal_value=6.48473e-05 0.00144841 0.00332572 -7.19655e-05 0.000772489 0.0012872 6.85455e-05 0.000728129 0.00240714 0.00177707 0.000192012 0.00449117 0.00238508 0 0.000242256 0.000546417 0.000736386 -5.08741e-05 0.000135591 0.000351118 0.000887121 -0.000130491 0 -0.000210706 0.000721281 -0.000249645 -0.000288334 0.00112552 0 0.000315555 -0.000356297 -3.82575e-05 3.25749e-05 0 3.95264e-05 -0.000137206 -0.000365811 0 0 0.000155304 -1.47751e-05 -0.000372237 0 -0.000196731 0 0 -0.000331761 -3.53429e-05 0 0
internal_weight=12594 1176 283 11418 893 533 7484 635 232 229 301 204 159 6849 1356 552 461 5493 1390 656 247 4103 1303 2800 136 2701 2432 272 406 174 3934 1167 284 734 432 883 3850 409 804 223 581 3782 360 680 358 211 2202 321 269 159
internal_count=12230 1176 283 11054 893 533 7484 635 232 229 301 204 159 6849 1356 552 461 5493 1390 656 247 4103 1303 2800 136 2701 2432 272 406 174 3570 1167 284 734 432 883 3486 409 804 223 581 3418 360 680 358 211 2202 321 269 159
is_linear=0
shrinkage=0.0139946


Tree=120
num_leaves=59
num_cat=0
split_feature=33 57 50 10 10 32 9 11 50 9 57 43 23 40 28 54 45 58 53 38 63 24 6 44 0 31 28 9 9 63 45 44 44 28 45 19 63 38 57 53 23 57 31 63 34 44 9 23 58 63 6 58 38 45 0 27 28 31
split_gain=11.4329 9.77465 7.62689 4.2301 2.48319 1.73072 1.55581 1.0917 1.54195 0.792622 1.18509 0.555567 0.376813 0.40272 0.347663 0.461196 0.240484 0.492234 0.298622 0.278948 0.29961 0.288065 0.202861 0.161663 0.164057 0.129172 0.122171 0.103395 0.0958265 0.0896837 0.112779 0.0749133 0.314572 0.305626 0.105675 0.0694727 0.0656506 0.0601276 0.0951015 0.0545693 0.0409285 0.0308158 0.0282283 0.0151025 0.0107739 0.0101257 0.00911681 0.00852493 0.0183724 0.0634984 0.0147247 0.0111585 0.00813527 0.00516071 0.0146454 0.000934442 0.000226063 8.72575e-06
threshold=18.671979662200702 925.6500000000002 0.74166666666654368 0.94968266440323645 0.75546532993267157 0.19499999999999854 -0.72660079619119988 9.5000000000000018 102.20833333333319 -0.12447811117596669 925.75000000000011 23.525416666666672 20.555000000000003 0.2557994005731033 41.650000000000013 0.99350000000000016 2229.1620000000003 0.92500000000000016 0.99550000000000016 6.0558748000195148 1.2243175555880372 22.915000000000003 0.78656609248549303 3.232971148118096 0.85500000000000009 -1.3384804841397437 96.950000000000017 0.090250774277322809 -0.99466160899732459 2.3159169506196196 1826.8010000000002 5.5264080172884267 6.1508457347502299 58.250000000000007 2139.2430000000004 35.90757329248067 4.035037436153913 5.4617076176316175 924.1500000000002 0.99450000000000005 29.225000000000005 919.75000000000011 10.708923119600255 0.30682298736417485 0.23566039379704246 2.8860212312508264 -0.66484924122790601 22.275000000000002 0.66500000000000015 -1.6068095390354153 0.91597561503675351 0.90500000000000014 5.7648265262803209 1951.4325000000001 0.63500000000000012 88.350000000000009 61.250000000000007 -1.292949249346506
decision_type=2 2 2 2 2 2 2 2 2 2 2 2 2 2 2 2 2 2 2 2 2 2 2 2 2 2 2 2 2 2 2 2 2 2 2 2 2 2 2 2 2 2 2 2 2 2 2 2 2 2 2 2 2 2 2 2 2 2
left_child=1 47 3 4 6 7 -3 14 9 10 -9 -12 -4 -14 35 16 17 18 19 20 23 -22 28 24 25 27 40 -16 -7 46 -31 34 33 -33 36 41 39 38 -18 45 44 -2 -30 -36 -17 -19 -24 50 -49 -50 -1 -51 -39 -10 -55 -25 -34 -28
right_child=5 2 12 -5 -6 22 -8 8 53 -11 11 -13 13 -15 15 26 37 31 -20 -21 21 -23 29 55 -26 -27 57 -29 42 30 -32 32 56 -35 43 -37 -38 52 -40 -41 -42 -43 -44 -45 -46 -47 -48 48 49 51 -52 -53 -54 54 -56 -57 -58 -59
leaf_value=-6.0906249901515526e-05 -0.002361335081322058 0.0010145571728813654 -0.026174464401503214 0.0010413196637185666 0.0010765081277357416 -0.0092935377804786185 -0.00013419199297982315 -0.00092221383819070311 -0.035200502083020259 -0.078473185611141985 0.0017561976670282765 0.00085859192241356276 -0.0045120133610861797 0.0042563583737391039 0.002734517765329163 -0.0011152904628835862 -0.00051442616065085699 -0.00042166431457321609 -0.00036796357882494459 -0.0025142955537490667 -0.00035818003561538232 0.00098797201529085706 -0.0054704086169663742 -0.021521659038266656 -0.002005987026421904 -0.00086372533031728316 0.0005180222382936315 0.00014797703693778547 -0.14021873927814213 -0.064311078261960461 0.022360527272000708 -0.0037721628968197061 -0.16217533761044126 0.0039877682961731425 -0.0005267567738827107 -0.0011484399412568457 0.0014456066399653 -0.00012115106748698106 0.00078212156652877039 -0.0030150542670720096 -0.0057726607590729917 -0.10523097941296261 -0.060004545140327152 0.0007605334566873034 -0.0010986310664530734 -0.017459486551483806 -0.036233935136482383 -0.00064135239514478591 -1.0540345908209856e-05 0.0006778182535130742 -0.0007996047175293585 -0.00018159322518471177 -0.0027353453737189669 0.0039522635520567962 -0.0019461723717664403 0.00036681443474857186 -0.038607702396502637 -0.00055135298591205714
leaf_weight=145 72 222 160 132 219 71 71 76 194 68 155 80 84 113 168 93 546 86 200 81 98 233 68 174 77 107 72 84 3379 71 68 118 167 113 111 68 68 108 70 111 101 802 90 68 831 609 405 93 92 125 279 78 72 99 175 68 74 132
leaf_count=145 72 222 160 132 219 71 71 76 194 68 155 80 84 113 168 93 546 86 200 81 98 233 68 174 77 107 72 84 3019 71 68 118 167 113 111 68 68 108 70 111 101 798 90 68 831 609 405 93 92 125 279 78 72 99 175 68 74 132
internal_value=7.04025e-05 0.00110111 0.0020256 0.00294395 0.00353569 -9.68399e-05 0.002202 3.44345e-05 0.000507374 0.00116905 0.00146965 0.00195775 0.000174528 0.000652742 -2.33376e-05 1.15195e-05 0.000104026 0.000172572 0.000373578 0.000467642 0.000538755 0.000977735 -0.000322572 0.000223248 0.000386904 0.000520264 -0.000205285 0.000695999 -0.000365034 0 0.000200229 0 0.000148416 0.000556234 -6.33537e-05 -0.000273489 -0.000166258 -5.3767e-05 -0.000150971 -0.000214206 -0.00027169 -0.000310061 -0.000376009 6.30928e-05 -0.000300875 -0.000261781 -0.000158417 0 0 0.000110095 -6.26142e-05 0.000279766 0 0 0 0 0 0
internal_weight=12594 1813 1001 644 512 10781 293 6629 847 379 311 235 357 197 5782 4840 3611 2815 1290 1090 1009 331 4152 678 436 359 1229 252 3540 612 139 1525 472 231 1053 942 874 796 616 806 1025 874 3469 179 924 695 473 812 388 295 424 203 180 468 274 242 241 204
internal_count=12230 1813 1001 644 512 10417 293 6625 847 379 311 235 357 197 5778 4840 3611 2815 1290 1090 1009 331 3792 678 436 359 1229 252 3180 612 139 1525 472 231 1053 938 874 796 616 806 1025 870 3109 179 924 695 473 812 388 295 424 203 180 468 274 242 241 204
is_linear=0
shrinkage=0.0139946


Tree=121
num_leaves=52
num_cat=0
split_feature=62 9 9 5 37 50 1 9 35 56 9 52 24 63 37 38 63 38 44 44 37 57 1 63 37 38 9 9 59 47 59 9 61 59 9 16 40 63 63 9 0 62 37 44 44 38 37 37 0 44 38
split_gain=20.0371 3.04808 5.20026 2.77833 1.87667 3.75054 2.12526 0.938312 0.610423 0.584605 0.546794 0.745929 0.533891 0.424904 0.394302 0.758897 0.270362 0.274851 0.353722 0.40287 0.569277 0.689618 0.235495 0.159253 0.157523 0.125178 0.0979804 0.0969997 0.083621 0.236473 0.0762529 0.0703511 0.066641 0.0426753 0.0392879 0.0382774 0.0346368 0.0341193 0.0381093 0.0236808 0.0122777 0.0329281 0.0112164 0.0249604 0.044258 0.00405974 0.0658824 0.0169139 0.00130349 0.000531069 4.21031e-05
threshold=17.042356613092441 -0.2760944163666606 -0.66484924122790601 0.60355339059327384 21.530535618151124 6.3749999999998774 0.045000000000000005 -0.79356426026969629 18.173572668311703 927.45000000000016 0.82876241254485883 0.99250000000000005 21.175000000000004 -1.0947645370880517 23.011641956111429 4.2992667800677715 0.13371924382052572 2.0954794355219821 5.5264080172884267 4.289673541104599 28.035477892378996 923.75000000000011 25.175000000000001 3.1611730551357096 23.997674808429547 4.7875073578269687 -0.88606241628642823 -0.98211651112579568 1.0150000000000003 28.250000000000004 0.50500000000000012 0.6254047815183511 20.830000000000002 1.4550000000000003 -0.93535928755917819 23.5861475145811 0.63001322723632869 3.0412723525761209 -2.0506898527979511 -0.99466160899732459 0.76500000000000012 23.650478894582452 25.032228255425906 2.900161258219379 2.6611580426808801 4.6271607255001364 23.943450982186942 23.192911594477177 1.0950000000000004 3.0997123171470378 4.6949126144609368
decision_type=2 2 2 2 2 2 2 2 2 2 2 2 2 2 2 2 2 2 2 2 2 2 2 2 2 2 2 2 2 2 2 2 2 2 2 2 2 2 2 2 2 2 2 2 2 2 2 2 2 2 2
left_child=1 2 7 4 5 6 25 8 -1 -8 11 12 36 45 15 -15 40 -18 19 20 21 42 27 35 -23 -2 34 -13 30 -30 -7 33 -24 37 39 -12 -6 38 -29 -5 41 -16 43 44 -19 46 -14 -47 -42 -44 -25
right_child=3 -3 -4 26 10 28 9 -9 -10 -11 23 22 13 14 16 -17 17 18 -20 -21 -22 24 32 50 -26 -27 -28 31 29 -31 -32 -33 -34 -35 -36 -37 -38 -39 -40 -41 48 -43 49 -45 -46 47 -48 -49 -50 -51 -52
leaf_value=0.001068208162772888 0.0013960516746883325 0.00081918571019658302 0.0013361850664607251 -0.011520068623858766 -0.018018559890639461 -0.0002199152513500744 0.0011942769132607125 0.00076111526422684649 0.00095151600893907855 0.0010125614666391372 -0.034911438927769017 0.0011409697423625407 -0.0016602230997680091 0.00032487466894805305 -0.0003762804954947096 0.0023197197229360019 -0.0011975934165126885 -0.00043414227717070256 0.0064203368817414641 -0.0074973871002834798 0.014084173670531908 -0.00019836459032566129 -9.5355606014994843e-05 -0.27166614142995327 0.006581827129786679 -0.0045595831269483102 -0.16347396269836872 -1.1491110762836632e-05 0.00083559042700726547 -0.0076447291413202501 -0.0043807537196027752 3.4303270873790391e-05 0.00017029141039635133 -0.0094605866193602089 0.0036973831254509554 -0.16021223801694887 -0.018069828079321015 -0.00059832114623582116 -0.00055563087766114492 -0.075464391937942799 -0.0021677797453476155 0.001063552810121389 -6.7479029130288915e-05 -0.0011708569207613592 0.0019921909942818847 -8.2965919792739619e-06 0.0012220683468317877 -0.0018441206888549259 -0.0061247046747662896 -0.0026566628053288008 0.003275380179677153
leaf_weight=101 68 85 178 84 138 114 73 99 86 109 173 74 173 130 127 135 221 76 85 200 118 76 78 73 148 85 3395 226 92 89 337 101 129 112 147 923 360 86 1702 308 207 81 173 96 86 94 68 274 70 260 71
leaf_count=101 68 85 178 84 138 114 73 99 86 109 173 74 173 130 127 135 221 76 85 200 118 76 78 73 148 85 3031 226 92 89 337 101 129 112 147 923 360 86 1702 308 207 81 173 96 86 94 68 274 70 260 71
internal_value=7.37357e-05 0.0026857 0.00313216 -4.01188e-05 0.000101526 0.000681421 0.00187511 0.00158514 0.00219153 0.00294758 1.34457e-05 7.83527e-05 0.000219547 0.000300395 0.000388009 0.00100873 0.000272627 0.000363434 0.000441571 0.000308205 0.000435385 0.000224916 -8.60094e-05 -0.000240993 0.00089629 0.000144173 -0.000349186 -0.000147158 0 0.000287404 -5.30095e-05 -0.000175778 0.000266368 -0.000197078 -9.19508e-06 -0.000306765 -0.000115498 -0.00021247 -0.000224984 -0.000140186 0 6.30433e-05 0 7.78403e-05 0.0001986 0 0 -4.6365e-05 -7.50452e-05 -3.78256e-05 0
internal_weight=12594 549 464 12045 8111 967 335 286 187 182 7144 5904 3396 2898 2289 265 2024 1539 1318 1233 1033 915 2508 1240 224 153 3934 2301 632 181 451 2227 207 2126 539 1096 498 2014 1928 392 485 208 691 258 162 609 241 368 277 433 144
internal_count=12230 549 464 11681 8111 967 335 286 187 182 7144 5904 3396 2898 2289 265 2024 1539 1318 1233 1033 915 2508 1240 224 153 3570 2301 632 181 451 2227 207 2126 539 1096 498 2014 1928 392 485 208 691 258 162 609 241 368 277 433 144
is_linear=0
shrinkage=0.0139946


Tree=122
num_leaves=56
num_cat=0
split_feature=16 5 37 50 37 31 56 44 53 5 0 9 42 53 44 44 54 42 10 43 63 54 63 44 56 37 10 4 21 63 20 31 42 53 10 37 54 31 40 56 0 9 1 9 61 31 43 20 20 10 40 10 9 54 44
split_gain=12.6924 4.1947 4.6911 3.29164 5.92556 1.79913 1.18399 1.52823 1.15755 1.03071 0.759565 0.752018 0.357885 0.74948 0.348379 0.263634 0.297411 0.445635 0.262909 0.545914 0.236279 0.181004 0.150828 0.24879 0.137523 0.145227 0.135593 0.117936 0.115189 0.260832 0.111799 0.128496 0.0983959 0.0685594 0.0653351 0.10992 0.0696506 0.0600537 0.054475 0.0532267 0.0748973 0.0447058 0.0418865 0.0483781 0.0363512 0.0277035 0.0233605 0.0271239 0.021267 0.0203279 0.0242699 0.0104982 0.0402961 0.00520673 0.00154081
threshold=16.454411595244135 -0.25881904510252113 20.347988524545105 14.091666666666669 21.530535618151124 -1.2661237732093118 925.05000000000007 3.2455042956695053 0.97650000000000003 0.60355339059327384 0.70500000000000007 -0.48250327361223916 0.84299861597002523 0.97650000000000003 3.0696090365479969 4.1057428552013215 0.93450000000000022 0.68903797662967803 0.76663042157996963 20.772916666666671 -0.20216152896585091 0.99650000000000005 2.3159169506196196 3.2196355733317601 920.6500000000002 23.50171791218164 -0.76107606668641947 923.95000000000016 21.375000000000004 -0.33298309875863547 27.04711160007616 -1.1206702908859929 0.79900458848355627 0.13350000000000004 -0.15855351192338588 20.042306807789934 0.53150000000000019 -2.4163825106196604 0.17540419194573817 923.75000000000011 0.91500000000000015 -0.99466160899732459 21.405000000000005 0.03872192231363817 8.6850000000000005 10.708923119600255 26.922708333333336 25.616633094939324 21.758047911585688 -0.57022117041332276 1.175046097616254 -0.62538740722492581 -0.92913280730858783 0.89150000000000007 3.2834268494520513
decision_type=2 2 2 2 2 2 2 2 2 2 2 2 2 2 2 2 2 2 2 2 2 2 2 2 2 2 2 2 2 2 2 2 2 2 2 2 2 2 2 2 2 2 2 2 2 2 2 2 2 2 2 2 2 2 2
left_child=1 2 11 4 5 -2 21 12 -7 10 15 -1 13 -8 -4 16 17 -5 46 33 -19 24 23 34 26 28 -6 37 -26 -30 51 -32 -11 -20 42 -36 -37 -27 -39 -29 -41 -34 43 53 -25 -43 47 -9 -23 50 -24 -18 -53 -12 -51
right_child=3 -3 14 9 6 8 7 18 -10 32 22 -13 -14 -15 -16 -17 30 20 19 -21 -22 48 49 44 25 27 -28 39 29 -31 31 -33 41 -35 35 36 -38 38 -40 40 -42 45 -44 -45 -46 -47 -48 -49 -50 54 -52 52 -54 -55 -56
leaf_value=0.0010541088936690012 0.00090047214750080078 -0.00018363299541589029 0.0010185133974363288 -0.00082613996380184751 -0.00016759888104225055 0.0016449041014355624 0.0010710376189455295 -0.016237331882480912 0.00087207446701245857 -0.010479322791188113 -0.0036428686721762639 0.00092288819682732827 0.00073268853147953822 0.00064217924916259615 -0.0089821284659650572 -0.03460094021695409 -0.0068640755892130628 0.00057682871824849349 -0.026244471586569645 0.0048997495944379009 0.0061604972313009853 -0.00093187174618443826 -0.00022333620702636768 -0.030935117187002349 -0.00016260101949831153 -0.00016774983571200873 0.0015469221380659363 -0.00026187336587772984 0.0015839546303111993 -2.4000753000757085e-05 -0.00012536072433399912 0.010661397969453311 -0.013159808409651797 0.0012374291646528081 -0.0013938494708450584 -0.0037988636520819856 0.0015764916387943871 -6.0746103227561228e-05 -0.0011986380142664304 0.0010367364956271529 -0.0038467756972368826 -0.13350534837127392 -6.5347878438755158e-06 -0.00033032046541181612 -0.0099235989124615339 -0.055239398035451297 0.00023662694406933007 -0.23250451079594581 -0.0010778561961709082 -0.00050525312560226339 0.01340658635786157 -0.00074688603243632976 0.00087325642250969183 -0.0036238216434475224 -0.02509880580425922
leaf_weight=144 75 157 89 205 146 149 148 288 72 237 85 127 70 110 71 172 285 129 184 86 215 549 71 1217 76 224 98 94 105 69 100 86 69 68 95 69 134 178 602 71 75 3538 70 179 74 90 134 69 68 81 77 135 104 468 213
leaf_count=144 75 157 89 205 146 149 148 288 72 237 85 127 70 110 71 172 285 129 184 86 215 549 71 1217 76 224 98 94 105 69 100 86 69 68 95 69 134 178 602 71 75 3174 70 179 74 90 134 69 68 81 77 135 104 468 213
internal_value=7.15136e-05 0.00207704 0.00278868 -2.14037e-05 0.000312027 0.00222258 0.000130734 0.000500865 0.00286065 -0.000184536 -1.67484e-05 0.00395204 0.00132985 0.00158575 0.000379162 0.000227134 0.00031539 0.000577084 8.95302e-05 0.000413643 0.000884741 -2.27735e-05 -0.000163774 -0.000210051 1.64525e-05 0 0.000333862 -9.55397e-05 0.000260342 0.00047471 1.74064e-05 0.000343075 -0.000349186 0 0 0.000104793 0.000348079 -0.000185118 -0.000243166 0 0.00026552 -0.00036736 -0.000108727 -0.000155331 -0.000345469 -0.000374073 0 -0.000112912 -0.00024186 0 0.00016299 0 0 -0.000221331 0
internal_weight=12594 588 431 12006 3808 296 3512 1157 221 8198 4264 271 328 258 160 1431 1259 549 829 338 344 2355 2833 2391 1738 1494 244 1244 250 174 710 186 3934 252 1100 298 203 1004 780 240 146 3697 802 732 1291 3628 491 357 617 442 148 524 239 553 294
internal_count=12230 588 431 11642 3808 296 3512 1157 221 7834 4264 271 328 258 160 1431 1259 549 829 338 344 2355 2833 2391 1738 1494 244 1244 250 174 710 186 3570 252 1100 298 203 1004 780 240 146 3333 802 732 1291 3264 491 357 617 442 148 524 239 553 294
is_linear=0
shrinkage=0.0139946


Tree=123
num_leaves=51
num_cat=0
split_feature=35 5 55 5 24 55 9 29 52 9 25 26 1 9 52 0 34 44 37 61 38 38 19 43 1 60 37 43 9 1 1 9 37 9 34 9 3 34 23 34 44 9 59 1 9 59 53 59 52 38
split_gain=10.4218 11.38 7.52854 2.43508 1.63209 1.38087 2.82862 2.40493 1.15403 0.500072 0.34258 0.454659 0.319147 0.258289 0.387239 0.316033 0.333516 0.30972 0.43563 0.352426 0.184147 0.376717 0.326992 0.171037 0.328023 0.5672 0.140836 0.127091 0.104865 0.096977 0.0795829 0.117483 0.0760187 0.0789205 0.0746057 0.0810231 0.0631488 0.0609065 0.0472487 0.0446009 0.0387575 0.0299349 0.0266963 0.033028 0.0224111 0.0100845 0.00997638 0.00730433 0.0312114 0.000101457
threshold=18.246882174951441 -1.0000000180025095e-35 924.55000000000007 0.60355339059327384 26.035000000000004 927.95000000000016 -0.32533907195844763 79.250000000000014 0.84050000000000014 -0.98211651112579568 16.785000000000004 88.750000000000014 0.46500000000000002 0.82876241254485883 0.99250000000000005 0.76500000000000012 0.4879279156319169 3.7519304486321836 26.337438797771565 4.6750000000000007 5.0799775937298168 2.4635661830903364 28.081093485630692 25.209791666666671 0.31500000000000006 1.0550000000000004 22.946342040651139 30.533125000000002 -0.90149333598846371 29.955000000000002 6.9850000000000012 -0.81403855522663837 28.736419546452087 -0.88606241628642823 0.23566039379704246 0.6254047815183511 0.62350000000000005 0.22553485544719737 21.705000000000002 0.58517655157395132 3.8733235617725348 -0.93535928755917819 1.2050000000000003 6.1350000000000007 -0.99466160899732459 0.55500000000000016 0.99450000000000005 0.52500000000000013 0.99950000000000017 4.7266731679409402
decision_type=2 2 2 2 2 2 2 2 2 2 2 2 2 2 2 2 2 2 2 2 2 2 2 2 2 2 2 2 2 2 2 2 2 2 2 2 2 2 2 2 2 2 2 2 2 2 2 2 2 2
left_child=1 2 -1 5 -4 9 7 8 -7 12 11 -8 -2 14 15 17 20 18 23 -20 21 -17 -23 24 -11 -26 -14 -15 41 34 -27 -32 33 -18 -16 40 -9 -12 -35 -40 47 44 43 45 -5 -3 -41 -36 -49 -29
right_child=3 42 4 28 -6 6 10 36 -10 13 37 -13 26 27 29 16 32 -19 19 -21 -22 22 -24 -25 25 30 -28 49 -30 -31 31 -33 -34 38 35 -37 -38 -39 39 46 -42 -43 -44 -45 -46 -47 -48 48 -50 -51
leaf_value=-5.0393307111558383e-05 -0.00072090410454533264 -0.013898269129317352 0.0010128903052325669 -0.010355945437648992 0.0010101212061578958 0.001974730597612274 -0.00027031157880725562 0.00092887719600540542 0.00096224510012242188 -0.01470978146149067 0.0026830368452135365 0.0025757678708988423 3.3507443295486164e-05 -0.11578950076261518 5.5850925918604879e-05 -0.0043822344325328833 -3.0941203310898523e-06 -0.0029566113938074502 0.0094382631500074081 0.00063014705923509118 -0.00040579940422677253 0.00078271651788386321 0.0022016788111091359 -0.0015948726309394092 0.0091714607143525868 -0.00050457424902148609 0.0016603131843698842 -0.18560893204546625 -0.15636309781096872 -0.00077055761454284007 0.0012849758808665874 -0.0029026286415656999 0.00052034743847594142 -0.00032897242072078299 -0.00074789824313527882 6.9885885258200606e-05 -0.0051594642529599931 -0.043905921292419679 -0.00063252625045904956 -0.0061038251745867567 -0.00030410398692744831 0.0047317215201456127 0.0010825374118148244 -0.00021477212403160702 -0.073270044125527609 -0.0073492309633791412 -0.0017981116314917116 -0.00048064794402912999 -0.00047819532996414232 0.0032212211256958229
leaf_weight=164 83 70 387 81 85 105 194 69 95 121 91 69 110 961 165 117 100 212 87 69 108 78 82 231 69 212 133 99 3361 125 73 74 102 77 174 93 118 420 93 673 79 101 71 130 291 318 93 1317 294 70
leaf_count=164 83 70 387 81 85 105 194 69 95 121 91 69 110 961 165 117 100 212 87 69 108 78 82 231 69 212 133 99 2997 125 73 74 102 77 174 93 118 420 93 673 79 101 71 130 291 318 93 1317 294 70
internal_value=6.59583e-05 0.00129394 0.00259122 -6.06205e-05 0.00348566 7.82385e-05 0.000521767 0.00149624 0.00257798 0 0 0.000438307 0.000529518 -3.15181e-05 0 0.00012595 0 0.000301169 0.000419385 0.00119727 0.000348558 0.000545779 0.000984383 0.00017515 0.000323034 0.000532143 0.000794165 -0.000223612 -0.000350992 -0.000121941 9.36717e-05 0.000354927 -0.000126769 -0.000178871 -0.000157123 -0.000185003 0 -0.000177787 -0.000227787 -0.000259379 -0.0002108 0 0 -0.000100287 -0.000125226 -0.000173213 -0.000294621 -0.000225054 -0.000238748 0
internal_weight=12594 1225 636 11369 472 7535 1161 387 200 6374 774 263 326 6048 4918 2671 1523 1148 936 156 385 277 160 780 549 428 243 1130 3834 2247 359 147 1138 1036 2122 1957 187 511 936 859 1864 473 589 518 372 388 766 1785 1611 169
internal_count=12230 1225 636 11005 472 7535 1161 387 200 6374 774 263 326 6048 4918 2671 1523 1148 936 156 385 277 160 780 549 428 243 1130 3470 2247 359 147 1138 1036 2122 1957 187 511 936 859 1864 473 589 518 372 388 766 1785 1611 169
is_linear=0
shrinkage=0.0139946


Tree=124
num_leaves=55
num_cat=0
split_feature=16 2 19 2 18 57 42 55 27 26 59 9 45 42 9 9 9 38 38 63 58 9 57 9 63 9 19 38 30 30 52 42 57 19 16 38 9 60 24 16 58 2 19 55 25 18 9 32 31 63 18 55 39 52
split_gain=13.0614 4.3174 3.37077 3.03038 5.65791 2.84914 2.22211 1.58508 3.04047 1.49893 1.09864 0.549826 0.422582 0.357874 0.226037 0.160051 0.310081 0.447592 1.3982 0.176578 0.167585 0.151965 0.169588 0.150633 0.125869 0.10399 0.0772579 0.0761824 0.0720511 0.0610918 0.0540387 0.162344 0.0987478 0.183512 0.0449631 0.0447524 0.110002 0.0426417 0.0393807 0.0393706 0.039189 0.0385257 0.0382013 0.032302 0.0251416 0.0896779 0.029916 0.0250291 0.0248391 0.0235022 0.0396156 0.0155322 0.00157006 0.022612
threshold=16.454411595244135 20.150000000000002 26.97572752825489 78.250000000000014 18.453144659510638 928.1500000000002 1.0651087301667299 927.95000000000016 86.250000000000014 97.850000000000009 1.1950000000000001 -0.98211651112579568 2257.2040000000006 1.0296512285795656 -0.99273952934267318 0.82876241254485883 0.45206801762443477 4.6949126144609368 4.1554371245441146 1.035626379877373 0.82500000000000007 -0.88606241628642823 921.1500000000002 -0.23448921811828094 3.1611730551357096 -0.93535928755917819 25.299631363005997 5.6983503437507892 81.350000000000009 96.750000000000014 0.99250000000000005 0.86559998417495443 923.05000000000007 28.844904710407246 23.5861475145811 5.5241916949550491 -0.49750868180287638 7.5150000000000006 21.175000000000004 23.262984449540571 0.20500000000000004 445.05000000000001 20.679103183378821 920.85000000000002 16.785000000000004 24.728369130715638 -0.19244979981841004 -1.4649999999999996 10.708923119600255 -2.2672806800123886 21.239576753252752 924.95000000000016 26.748333333333328 0.98950000000000016
decision_type=2 2 2 2 2 2 2 2 2 2 2 2 2 2 2 2 2 2 2 2 2 2 2 2 2 2 2 2 2 2 2 2 2 2 2 2 2 2 2 2 2 2 2 2 2 2 2 2 2 2 2 2 2 2
left_child=1 2 6 4 5 -2 -1 11 44 10 29 12 14 21 -6 16 23 18 -18 -19 -21 25 26 30 34 -5 -23 41 -25 -10 31 32 -13 38 -17 36 51 -37 -34 -15 -41 47 -30 -38 45 -9 -46 -24 -42 -44 -51 -32 53 -33
right_child=3 -3 -4 13 7 -7 -8 8 9 -11 -12 15 -14 39 -16 24 17 19 -20 20 -22 22 27 28 -26 -27 -28 -29 42 -31 35 52 33 -35 -36 37 43 -39 -40 40 48 -43 49 -45 46 -47 -48 -49 -50 50 -52 -53 -54 -55
leaf_value=0.00097116022138950394 0.0006422029346353546 -0.00037878380333531916 0.00092309913195542177 -0.00096703836681471839 0.0010253831764167705 0.0011559812799526057 0.0008324968068212093 0.0013206738718888166 0.0017769266176811637 -0.012135362265703335 0.00074226888438754901 -0.0002279052662233572 -0.00039291806029643345 -0.085046732327801772 0.0016569046322895266 -0.031982215380514024 -4.9060081078890226e-05 -0.00089575854992409831 0.0089240859565509027 -0.0019443231746060553 0.00074699989896075548 -0.015557076512582551 -0.060743584614287249 -0.00015951352090383885 0.0025498981482601443 0.0046654242479386016 -0.0021846109319699192 -0.00018289450426379108 -0.0098808168675222439 0.00087699200336129534 -0.00098759199920583907 -0.0035830899238389613 -0.00050955176732368735 -0.00034209283617057696 -0.16416739380857434 -0.00068384580982232409 -0.0014536864100960574 -8.8456661443309787e-05 0.002432888783803649 -0.14246588338218336 -0.10919464295971003 -0.083077744231616735 -0.0017726947946563854 0.00061498665771724794 0.0010784463946434044 -0.016910020971094751 -0.047894305618002384 -0.0093003170621175704 -0.0520857317480811 -1.8398405988389634e-05 -0.0012850603593188123 -0.0001306997584156695 0.00038322042824296727 3.8976092787703533e-05
leaf_weight=257 68 165 94 257 126 87 72 96 123 78 79 130 87 72 80 101 235 367 116 98 117 158 75 202 109 92 86 136 90 71 614 281 71 80 684 137 170 78 98 74 3496 103 68 84 134 78 299 931 92 106 770 70 81 71
leaf_count=257 68 165 94 257 126 87 72 96 123 78 79 130 87 72 80 101 235 367 116 98 117 158 75 202 109 92 86 136 90 71 614 281 71 80 684 137 170 78 98 74 3136 103 68 84 134 78 299 927 92 106 770 70 81 71
internal_value=6.59583e-05 0.00210076 0.00284909 -2.83964e-05 0.000172144 0.00281347 0.00352403 9.53991e-05 0.000618847 0.00165207 0.0021382 0 0.000588306 -0.000272029 0.000942935 -3.3458e-05 0 0.000227471 0.000620899 0 0.000305586 -6.33254e-05 -0.000148833 -6.21125e-05 -0.000203162 0.000108307 0 -0.000230486 -0.000183888 0.00274126 0 0.00010017 0.000323918 0.000486198 -0.000279859 -4.57498e-05 -0.000109075 0 0.000746605 -0.000356642 -0.000363039 -0.000270295 -0.000232447 0 0 0.0001564 -3.78256e-05 -0.000296668 -0.000369665 -0.000259003 -0.000278428 -0.000218437 0 -2.94783e-05
internal_weight=12594 588 423 12006 6434 155 329 6279 958 351 273 5321 293 5572 206 5028 4134 933 351 582 215 1838 1489 3201 894 349 244 1245 1236 194 1965 812 379 249 785 1153 938 215 169 3734 3662 1109 1034 254 607 174 433 1006 3588 944 876 684 433 352
internal_count=12230 588 423 11642 6434 155 329 6279 958 351 273 5321 293 5208 206 5028 4134 933 351 582 215 1834 1485 3201 894 349 244 1241 1236 194 1965 812 379 249 785 1153 938 215 169 3374 3302 1105 1034 254 607 174 433 1002 3228 944 876 684 433 352
is_linear=0
shrinkage=0.0139946


Tree=125
num_leaves=51
num_cat=0
split_feature=62 10 10 25 58 5 50 41 11 62 10 54 29 44 57 10 10 37 10 32 44 44 40 10 10 37 60 29 60 61 58 44 34 61 59 26 57 49 22 61 31 3 10 29 59 60 10 61 59 44
split_gain=20.4084 3.46613 4.96373 2.43779 5.91787 1.663 1.13157 1.39928 1.06641 0.923847 0.617332 1.2099 0.731456 0.872403 0.919074 0.388418 0.750762 0.345531 0.723369 0.339032 0.645614 1.26551 0.180097 0.150304 0.147493 0.12361 0.107482 0.0814988 0.165453 0.0783972 0.0925746 0.0727336 0.0706655 0.0651775 0.0889428 0.0519221 0.0330464 0.0299492 0.101119 0.0281203 0.024516 0.0174286 0.0268965 0.0152487 0.0626563 0.0122419 0.0112173 0.00569822 0.00511305 0.000302558
threshold=17.65929765440621 0.94968266440323645 0.74407637760383738 16.995000000000001 0.94500000000000006 0.60355339059327384 1.0000000180025095e-35 21.812500000000004 8.5000000000000018 16.990898242597225 -0.18399835165767994 0.76250000000000007 98.250000000000014 2.2471656462563563 925.6500000000002 -0.55599684127981919 -0.66483077113278999 28.035477892378996 -0.8520459593969173 -0.70999999999999985 3.2570993497794789 2.5310720487136322 0.30022213997909958 0.50494235051780223 -0.99271195016773384 30.673057401913699 6.5950000000000006 73.450000000000017 4.9200000000000008 30.705000000000002 0.19500000000000003 3.1515791274057339 0.22553485544719737 0.12500000000000003 0.52500000000000013 89.550000000000011 920.35000000000002 348.35000000000008 20.475000000000005 8.4500000000000011 10.708923119600255 0.99150000000000016 -0.35768498937424864 89.950000000000017 0.87500000000000011 3.0650000000000004 0.78827585631460517 0.14500000000000005 0.7350000000000001 5.3718448019230465
decision_type=2 2 2 2 2 2 2 2 2 2 2 2 2 2 2 2 2 2 2 2 2 2 2 2 2 2 2 2 2 2 2 2 2 2 2 2 2 2 2 2 2 2 2 2 2 2 2 2 2 2
left_child=1 2 6 4 -2 8 7 23 15 -4 41 37 13 14 -13 16 17 24 -19 20 21 -18 -15 -1 27 32 33 -5 31 30 -7 -29 -17 -26 -35 -3 -34 38 -12 -36 -32 42 -10 44 -28 -43 -6 -22 -24 -27
right_child=3 35 9 5 46 29 -8 -9 10 -11 11 12 -14 22 -16 25 19 18 -20 -21 47 -23 48 -25 26 49 43 28 -30 -31 40 -33 36 34 39 -37 -38 -39 -40 -41 -42 45 -44 -45 -46 -47 -48 -49 -50 -51
leaf_value=0.0010274923035938457 0.0015927279567403577 -0.027222816041919087 0.0014057327046576608 -0.0015466096317094818 0.0010015054191280686 -0.067394943884167974 -0.0012536806834006233 0.00076723397236365995 0.00082311927842213786 0.00098889853469310879 -0.061820421216362782 6.1930222938011163e-05 -2.0676523201366414e-05 -0.0002674163130118381 0.0011970737693828232 -0.003187902872275048 0.00091437697458170901 0.013852466031927182 -0.00092742971518285674 -0.00015797064887740152 0.0007396862686488326 0.0038730511534377219 0.0013790940500196934 0.00084697493749655555 -0.0001009702921883598 -0.41905042344276539 -7.3663270374073935e-05 -0.00044634253116644651 -0.0034131778558801305 -0.02393608967892482 -0.10399248277960407 0.018387999096730827 -0.0039024761852138293 -9.6077007041185054e-05 -0.0021767654301593649 0.0024402780544168427 -0.018854523852849667 -0.0039779903936618651 0.0014889670642248992 -0.00055742236649142544 -0.05066393401407502 -0.00023506048794235852 -0.00070660196097108933 -0.0010214876957362093 0.00044344976182097913 -0.00050783409425866812 -0.014697263107997391 -0.011723681845487865 0.00042515308307166175 0.0031174022650581434
leaf_weight=100 99 77 156 220 132 70 85 110 135 72 83 70 137 97 103 275 99 110 201 176 83 75 73 71 297 108 267 87 94 82 3691 75 70 145 1391 94 1414 282 93 73 91 118 97 257 115 279 216 111 70 68
leaf_count=100 99 77 156 220 132 70 85 110 135 72 83 70 137 97 103 275 99 110 201 176 83 75 73 71 297 108 267 87 94 82 3327 75 70 145 1391 94 1414 282 93 73 91 118 97 257 115 279 216 111 70 68
internal_value=7.04025e-05 0.00228545 0.00280346 -6.749e-05 0.000928338 -0.000112663 0.0014915 0.00191743 1.40061e-06 0.00458723 0.000325135 0.000539704 0.000981021 0.00127496 0.00216051 -7.82814e-05 0 -7.6169e-05 0.000306649 0.000483665 0.000724413 0.00135006 0.000346327 0.00275707 -0.000138033 -0.000240139 -0.000184272 0 0.000244516 -0.00034563 -0.000354945 0.00054022 -0.000277811 -0.000237408 -0.000273274 8.54427e-05 -0.000317455 0 0.000149921 -0.000306511 -0.00036484 0 7.33292e-05 0 2.64461e-05 -7.35191e-05 0 0 0.00066614 0
internal_weight=12594 765 594 11829 447 11382 366 281 7448 228 1637 1008 550 413 173 5811 3876 3332 311 544 368 174 240 171 3021 1935 2545 476 256 3934 3852 162 1759 1906 1609 171 1484 458 176 1464 3782 629 232 639 382 397 348 194 143 176
internal_count=12230 765 594 11465 447 11018 366 281 7448 228 1637 1008 550 413 173 5811 3876 3332 311 544 368 174 240 171 3021 1935 2545 476 256 3570 3488 162 1759 1906 1609 171 1484 458 176 1464 3418 629 232 639 382 397 348 194 143 176
is_linear=0
shrinkage=0.0139946


Tree=126
num_leaves=52
num_cat=0
split_feature=62 18 5 5 37 5 60 41 4 44 4 28 10 43 10 19 44 57 21 37 24 26 0 10 34 44 20 28 28 58 1 19 18 20 56 29 60 19 27 44 60 60 37 62 58 36 62 26 37 37 21
split_gain=20.4281 3.82951 3.11736 2.26512 1.34561 2.70127 1.94964 2.66382 0.896367 0.636947 0.681317 0.375821 0.545242 0.350777 0.587019 0.460136 0.334853 0.46932 0.348973 0.416338 0.334273 0.284468 0.310138 0.102311 0.0877149 0.188102 0.23358 0.556032 0.145617 0.0748833 0.0724428 0.0677921 0.0645899 0.0561295 0.0325228 0.0320844 0.106621 0.0305836 0.0274487 0.0443341 0.0191761 0.021477 0.0174871 0.0172255 0.0170013 0.0169686 0.0126318 0.0098102 0.00195088 0.0611979 3.14388e-05
threshold=17.65929765440621 19.336804036891529 -1.0000000180025095e-35 0.60355339059327384 21.530535618151124 -0.25881904510252113 0.025000000000000005 21.463333333333338 930.6500000000002 3.2834268494520513 927.55000000000007 41.650000000000013 -0.66483077113278999 26.841666666666669 -0.8520459593969173 31.630431909556947 3.1977151458358528 922.45000000000016 21.375000000000004 21.962861399558012 21.965000000000003 99.15000000000002 0.8650000000000001 -0.99271195016773384 0.4316447441049282 6.4147140285938535 20.319269153783967 58.250000000000007 63.750000000000007 0.20500000000000004 24.410000000000004 35.90757329248067 24.681005757130691 24.483153806479098 919.25000000000011 84.15000000000002 1.0050000000000001 18.572761547599132 98.65000000000002 1.8721448581871918 23.710000000000004 2.8650000000000007 29.837986002360164 19.07770863280648 0.43500000000000005 0.76370636903751854 19.429777379429158 98.350000000000009 26.429784361218847 24.987711323739415 21.935000000000006
decision_type=2 2 2 2 2 2 2 2 2 2 2 2 2 2 2 2 2 2 2 2 2 2 2 2 2 2 2 2 2 2 2 2 2 2 2 2 2 2 2 2 2 2 2 2 2 2 2 2 2 2 2
left_child=1 2 8 4 5 6 -2 -8 -1 10 -3 31 13 23 15 -15 17 40 -19 -20 -21 22 45 35 25 26 -18 -28 -29 -5 37 34 48 -30 -6 47 -37 -25 39 -31 41 -14 -34 50 -7 -22 -46 -13 49 -26 -39
right_child=3 9 -4 29 11 44 7 -9 -10 -11 -12 12 16 14 -16 -17 24 18 19 20 21 -23 -24 30 32 -27 27 28 33 38 -32 -33 42 -35 -36 36 -38 43 -40 -41 -42 -43 -44 -45 46 -47 -48 -49 -50 -51 -52
leaf_value=0.00096699776070586054 0.00088627760056131778 0.0010388079603960388 0.0010437309615705273 -0.09795136712910768 -0.005788749934923368 0.00084224939600620839 0.001577785568349242 0.00075736713406476829 0.0016333545905234811 -0.014283468573407131 0.00093561555784390106 -0.0021912205159531364 0.00029334066424533756 0.011900640479807021 -0.0014423441539355313 -5.1661092235852703e-05 -0.0043680633309045504 -0.0005945467472349234 -0.0028804407568823365 -0.00025910616376887845 0.00075074319232385682 -8.9668732384816892e-05 0.00053339823622718953 -0.0064391285700098203 -0.0075483192442795692 -0.17383252713608999 -0.0003877037554401348 0.014145187476918271 0.0011220034603699157 -0.044558951758097001 2.5963869169642741e-05 -0.0011739047477876234 -0.01067478468511421 -0.041110331565366136 -0.095049968787769959 0.018788067289124584 -0.00065104451617973766 -0.00042625873099222416 -0.0063630234615760844 -0.1027819731618899 0.00040719757487415369 -0.00031944737769594049 -0.00043004218671175521 -0.0011776953845701339 -0.0003021978561985683 0.0029025622208259183 -0.0065018228036356233 -4.8530259821986759e-05 -0.019260021692848246 0.00058248240716504977 9.0319591925205764e-05
leaf_weight=262 148 86 70 86 69 69 86 131 68 86 193 213 199 79 196 89 101 118 73 144 72 104 130 176 117 163 241 79 70 127 101 68 403 76 771 69 123 230 85 3636 68 276 103 1726 84 217 332 71 83 69 158
leaf_count=262 148 86 70 86 69 69 86 131 68 86 193 213 199 79 196 89 101 118 73 144 72 104 130 176 117 163 241 79 70 127 101 68 403 76 771 69 123 230 85 3272 68 276 103 1726 84 217 332 71 83 69 158
internal_value=6.92915e-05 0.00228545 0.00331478 -6.86729e-05 6.08488e-05 0.00058625 0.00149671 0.00234512 0.00389168 0.000962651 0.00128631 0 3.66471e-05 -7.40899e-05 0.00027791 0.000918249 0.000182909 0.000340727 0.000544339 0.000659972 0.000777823 0.00094643 0.00111779 -0.000142418 0 0.000139311 0.000299528 0.000454822 0.000952176 -0.00034563 -0.000180808 -0.00026802 -6.18857e-05 7.62273e-05 -0.000305628 0 0.000175086 -0.000200805 -0.000354878 -0.000360845 0 -1.2777e-05 -0.000175404 -0.000215657 0 0.00142011 -8.92661e-05 -3.45324e-05 0 4.50981e-05 0
internal_weight=12594 765 400 11829 7895 850 365 217 330 365 279 7045 6137 3231 364 168 2906 1401 858 740 667 523 419 2867 1505 730 567 466 225 3934 2391 908 775 146 840 476 192 2290 3848 3763 543 475 506 2114 485 289 416 284 269 186 388
internal_count=12230 765 400 11465 7895 850 365 217 330 365 279 7045 6137 3231 364 168 2906 1401 858 740 667 523 419 2867 1505 730 567 466 225 3570 2391 908 775 146 840 476 192 2290 3484 3399 543 475 506 2114 485 289 416 284 269 186 388
is_linear=0
shrinkage=0.0139946


Tree=127
num_leaves=52
num_cat=0
split_feature=16 5 37 16 57 5 18 38 5 10 63 37 17 9 9 19 10 45 0 41 30 30 38 45 54 54 45 45 38 38 57 9 47 59 61 18 16 60 32 4 10 60 60 20 20 19 10 63 42 18 18
split_gain=12.7189 3.79848 4.03277 3.03079 4.82145 1.73129 2.97979 1.59398 1.5815 1.02324 1.01208 0.702757 0.625602 0.562812 0.562584 0.534674 0.359225 0.368981 0.310317 0.236399 0.208096 0.365539 0.430848 0.192713 0.180187 0.563398 0.173478 0.113929 0.10361 0.355094 0.101296 0.0937278 0.0444438 0.0426417 0.0339187 0.0332605 0.0280939 0.0331574 0.0228006 0.0214574 0.0105279 0.0100775 0.00688222 0.00522956 0.114377 0.0173587 0.00275174 0.00246745 0.00227478 0.00173819 0.000473879
threshold=16.454411595244135 -0.25881904510252113 20.347988524545105 19.153241136287598 925.35000000000002 -1.0000000180025095e-35 18.572761547599132 5.1355691475831593 0.60355339059327384 0.94415253529446119 2.9465975880964543 19.848152761892695 22.864937830358272 -0.88606241628642823 -0.17552986495351994 28.937707617380031 -0.18399835165767994 2234.5600000000009 0.72500000000000009 21.593333333333337 84.950000000000017 52.750000000000007 4.2076700369859781 2226.0540000000005 0.52150000000000019 0.86350000000000005 2111.8045000000006 2192.0765000000006 2.7959194687070368 2.2274149043336733 919.6500000000002 -0.37371625404731884 270.65000000000003 0.52500000000000013 10.635000000000003 20.311552195899164 19.665797382348867 16.215000000000003 -0.63999999999999868 920.95000000000016 0.93834263341299773 21.310000000000006 3.1750000000000003 18.386912598163576 19.27278530099748 29.664625025783923 0.25118075958286767 3.5815483689182419 0.84299861597002523 24.252466934015011 23.925790931253577
decision_type=2 2 2 2 2 2 2 2 2 2 2 2 2 2 2 2 2 2 2 2 2 2 2 2 2 2 2 2 2 2 2 2 2 2 2 2 2 2 2 2 2 2 2 2 2 2 2 2 2 2 2
left_child=1 2 7 4 35 6 -6 -1 10 11 13 -8 14 16 -12 -13 -5 27 23 28 21 -14 40 24 50 48 32 -18 29 -20 -21 -4 -10 -27 -25 38 -32 39 -2 -38 -23 -40 49 -37 45 -45 -30 -22 -26 -35 -15
right_child=3 -3 31 8 5 -7 9 -9 26 -11 12 15 20 18 -16 -17 17 -19 19 30 47 22 -24 34 25 33 -28 -29 46 -31 36 -33 -34 42 -36 43 37 -39 41 -41 -42 -43 -44 44 -46 -47 -48 -49 -50 -51 -52
leaf_value=0.0010574401949605911 -2.0672691306754728e-05 -0.00026623521994091463 0.00096144798050121086 -1.3603486373531107e-05 0.00097411924595854603 -0.0012090374123664186 -0.00096090139125122348 0.00076631847247030798 -0.15022790862419688 -0.01341090778344879 0.0030691280917286125 0.0016146358285784518 -0.06849889294560832 0.0008263121010467202 0.00094969263719575289 0.00044269035599618276 0.00061278476158961983 -7.0198685381185787e-05 -0.079655798513903628 -7.454245045612385e-05 4.2287696132739979e-08 -0.042491819420368698 0.0040939828849486321 -0.0012683801400101512 0.0013999646994132199 0.0017513048370378869 0.0020984603868331518 0.0033400256518120166 -0.00046390915345959484 0.0056521271825360712 -0.00010054662540435345 -0.0039862455665734811 -0.10455506000791062 -0.002683405828262824 -0.00012470507836422732 -0.00032903511961307377 -0.00020883805890148816 -0.00014615045838987136 -0.0002163503317640196 -0.0061590009097455189 0.0051454133863509961 -5.4600506650889183e-05 4.1442761196530376e-05 0.0021007185367623994 -0.00028569418403136298 -0.00065421540549999175 -0.092729523404301156 -0.00071918758862234394 0.01771270985638293 -0.0094252417220185031 -0.032971445227579117
leaf_weight=202 75 157 81 320 89 146 71 69 127 89 89 209 118 70 72 90 111 138 92 253 70 124 174 382 68 78 146 70 119 75 164 79 3657 68 149 227 236 112 362 2115 76 68 151 69 192 68 186 183 83 205 170
leaf_count=202 75 157 81 320 89 146 71 69 127 89 89 209 118 70 72 90 111 138 92 253 70 124 174 382 68 78 146 70 119 75 164 79 3293 68 149 227 236 112 362 2115 76 68 151 69 192 68 186 183 83 205 170
internal_value=6.92915e-05 0.00207704 0.00275635 -2.37346e-05 0.000506104 0.00141513 0.0017751 0.00384946 -0.000121092 0.0011058 5.65633e-06 0.0014333 0.000447117 -5.58953e-05 0.00131948 0.00173108 0.000306057 0.000637461 -0.000118525 -0.000195054 0.000165557 0.0003521 0.000594447 1.4383e-05 0.000178211 0.000311909 -0.000341995 0.00105272 0 0.00034604 -0.000245648 0.000465622 -0.000361173 0 -0.000134346 -2.6536e-05 -0.000271471 -0.00028431 -0.000119701 -0.000295703 0 -0.000164793 0 0 5.56379e-05 0.000410721 -1.5295e-05 0 0.00106706 -7.00275e-05 0
internal_weight=12594 588 431 12006 1755 694 548 271 10251 459 6321 370 906 5415 161 299 639 319 4776 3352 745 492 374 1424 893 653 3930 181 472 167 2880 160 3784 502 531 1061 2627 2463 505 2351 200 430 424 556 329 137 305 253 151 273 240
internal_count=12230 588 431 11642 1755 694 548 271 9887 459 6321 370 906 5415 161 299 639 319 4776 3352 745 492 374 1424 893 653 3566 181 472 167 2880 160 3420 502 531 1061 2627 2463 505 2351 200 430 424 556 329 137 305 253 151 273 240
is_linear=0
shrinkage=0.0139946


Tree=128
num_leaves=51
num_cat=0
split_feature=20 57 28 26 57 50 9 45 10 31 32 25 53 63 63 53 61 59 28 32 45 37 37 10 36 31 60 7 54 25 45 6 10 41 57 45 25 17 57 23 24 61 40 21 9 40 63 32 9 37
split_gain=12.2201 7.55789 4.05421 2.4954 2.11458 3.35013 2.36693 1.49898 1.63883 0.954251 2.64119 0.455533 0.799819 0.377541 0.363367 0.331592 0.327595 0.368179 0.56347 0.636218 0.263133 0.197832 0.281821 0.496238 0.187117 0.179942 0.157304 0.137592 0.137575 0.12563 0.124073 0.11377 0.0959279 0.0902979 0.165199 0.0765567 0.0655234 0.0619787 0.0474245 0.0289746 0.1783 0.0221722 0.0217526 0.0151904 0.0134564 0.0082221 0.00728128 0.0413786 0.00534251 0.00437342
threshold=17.159050824140841 926.55000000000007 86.550000000000011 69.65000000000002 925.35000000000002 7.7999999999999821 -0.30901413279605799 1629.1635000000003 0.76663042157996963 -1.4923976372322973 -0.56499999999999939 16.275000000000002 0.033500000000000009 3.1611730551357096 0.92790823086480689 0.99350000000000016 4.4650000000000007 0.79500000000000015 96.050000000000011 -2.7399999999999998 1937.9475 20.9571147082324 22.46380584661819 0.41326329957804331 1.1314422317054633 -0.16621974853843643 23.260000000000002 0.78656609248549325 0.43950000000000006 26.825000000000003 2103.3545000000004 0.91597561503675351 -0.78295110140207591 21.980833333333337 922.95000000000016 1902.2585000000001 19.225000000000005 30.137430821212501 920.95000000000016 22.355000000000004 30.495000000000001 0.095000000000000015 0.17009801096309349 25.115000000000006 -0.85206963063867713 0.66022723361037283 1.9628775967905343 -1.2299999999999984 -0.95747632178960107 24.925684751872627
decision_type=2 2 2 2 2 2 2 2 2 2 2 2 2 2 2 2 2 2 2 2 2 2 2 2 2 2 2 2 2 2 2 2 2 2 2 2 2 2 2 2 2 2 2 2 2 2 2 2 2 2
left_child=1 48 28 13 14 6 9 -4 -9 -6 -11 12 -8 27 24 16 17 18 19 -16 36 -22 23 -23 31 29 37 35 -3 -15 -21 32 -5 -34 -35 -2 -7 41 -33 -13 -41 -26 -43 49 -40 -28 -19 -48 -1 -17
right_child=3 2 7 4 5 20 11 8 -10 10 -12 39 -14 25 15 43 -18 46 -20 30 21 22 -24 -25 26 -27 45 -29 -30 -31 -32 38 33 34 -36 -37 -38 -39 44 40 -42 42 -44 -45 -46 -47 47 -49 -50 -51
leaf_value=0.00081531153107318943 -0.11443928585907648 -0.016394625359966546 0.00070918756883832671 -1.5642112572380857e-05 0.00075458126344688122 -0.011444298867611169 0.00035749157611585347 0.00094148333575286584 0.0010476744440266698 0.0013349615300623798 0.0008608857902572722 -0.027867044909472723 0.0021815707517490409 0.0038483429226201797 0.00012933489761401655 -0.00049278352374422193 -0.00039944227643129649 -0.00080881225752177605 -0.0024013886062054296 0.022382995479071244 -0.0015543115645018108 -0.011285555872067261 -0.001378338152905079 0.0060249068660392785 -0.001539526613516132 -0.098895014443350179 -0.00014298022786181445 -0.014936123551933522 0.0012798800601944399 -0.017091622401091001 0.0011120725309026994 0.00014156143484814147 -8.4000402057957249e-05 -0.00030155494137746913 0.0019903157928239045 -0.023274168984759255 -0.049192446535111033 -0.00047370020867835619 -0.00021782580191428717 0.0017303398699037276 -0.0067801331182435138 -0.00025917681393857725 -0.0013209798113949119 -0.00029105468602689448 -0.0011553142775212939 0.00070159783029389048 -0.00042713524173503188 0.0046359998889244462 -0.00057725461019962913 -0.0002655829089379504
leaf_weight=71 4052 79 71 361 102 176 123 194 168 88 101 149 114 135 124 105 177 166 69 69 196 70 196 93 115 294 129 181 68 81 111 113 77 88 109 87 448 149 69 74 92 70 1788 89 354 79 70 99 231 280
leaf_count=71 3776 79 71 361 102 176 123 194 168 88 101 149 114 135 124 105 177 166 69 69 196 70 196 93 115 206 129 181 68 81 111 113 77 88 109 87 448 149 69 74 92 70 1788 89 354 79 70 99 231 280
internal_value=6.92915e-05 0.00165817 0.0025924 -4.48554e-05 0.000119387 0.0005015 0.00117434 0.00328883 0.00370481 0.00226769 0.00297072 0.000470615 0.000941837 -0.000292776 -2.58636e-05 0.000148243 0.000325626 0.000472074 0.000783816 0.00105535 0 0.000239637 0.000442702 0.000873944 -0.000112726 0 -0.000186558 -0.000336067 7.28949e-05 0.000366493 0.00159948 0 0.000156796 0.000353358 0.000511995 -0.000352684 -0.000176769 -0.000229604 -0.000110981 0 0.000183863 -0.000250683 -0.000262798 -4.13306e-05 -0.00019353 0 0 9.13571e-05 0 -9.89515e-05
internal_weight=12594 882 580 11712 6882 2022 843 433 362 291 189 552 237 4830 4860 1359 885 708 373 304 1179 555 359 163 3501 510 2330 4320 147 216 180 1171 635 274 197 4139 624 2122 536 315 166 1973 1858 474 423 208 335 169 302 385
internal_count=12230 882 580 11348 6882 2022 843 433 362 291 189 552 237 4466 4860 1359 885 708 373 304 1179 555 359 163 3501 422 2330 4044 147 216 180 1171 635 274 197 3863 624 2122 536 315 166 1973 1858 474 423 208 335 169 302 385
is_linear=0
shrinkage=0.0139946


Tree=129
num_leaves=49
num_cat=0
split_feature=16 2 10 37 50 37 53 58 56 26 53 9 52 10 63 32 16 35 56 23 44 37 55 54 58 37 56 9 58 10 18 52 56 37 44 40 26 19 35 61 1 54 63 9 9 23 59 32
split_gain=12.6791 4.61593 4.36779 4.82838 3.26675 5.64435 1.85883 1.62883 1.38075 1.25371 1.0486 0.956379 1.35004 0.871596 0.318348 0.315231 0.318601 0.308728 0.237506 0.206663 0.16386 0.177455 0.157952 0.139605 0.152921 0.157593 0.192465 0.132491 0.129964 0.231864 0.317598 0.39126 0.156692 0.121764 0.0768861 0.0739274 0.0696513 0.0606574 0.0583431 0.0569776 0.0266939 0.0240217 0.0525388 0.0148497 0.0186562 0.00884806 0.00417124 0.000471356
threshold=16.454411595244135 20.150000000000002 0.91925191855388755 20.45317532922267 0.74166666666654368 21.530535618151124 0.97950000000000015 0.85500000000000009 925.6500000000002 69.65000000000002 0.033500000000000009 0.67125374152323958 0.95250000000000001 0.91925191855388755 2.8554899732702865 -0.5400000000000017 18.633405960122108 26.409654325278272 920.35000000000002 22.455000000000002 2.8860212312508264 29.64938228391382 919.95000000000016 0.99650000000000005 0.66500000000000015 24.987711323739415 921.95000000000016 -0.88606241628642823 0.7350000000000001 -0.66483077113278999 28.687836298748362 0.97050000000000003 921.95000000000016 21.479802474252939 3.6010463453098214 0.46701177715416314 99.050000000000011 32.054306722340208 30.298671882467058 15.470000000000002 12.655000000000003 0.93250000000000022 1.2732775454899701 -0.92913280730858783 -0.98801351631316325 27.975000000000005 0.6150000000000001 -1.1000000000000003
decision_type=2 2 2 2 2 2 2 2 2 2 2 2 2 2 2 2 2 2 2 2 2 2 2 2 2 2 2 2 2 2 2 2 2 2 2 2 2 2 2 2 2 2 2 2 2 2 2 2
left_child=1 2 3 -1 5 6 7 -2 20 18 -10 12 13 -12 15 16 33 19 -6 -16 23 22 -22 24 -7 26 -26 43 29 41 -31 -32 -33 -11 -29 47 -28 -20 39 -37 -24 46 -43 44 -17 -23 -18 -30
right_child=4 -3 -4 -5 9 8 -8 -9 10 14 11 -13 -14 -15 17 27 28 -19 37 -21 21 45 40 -25 25 -27 36 34 35 30 31 32 -34 -35 -36 38 -38 -39 -40 -41 -42 42 -44 -45 -46 -47 -48 -49
leaf_value=0.00098949990198721389 0.00087152788958216616 -0.00039466901430580507 0.0007500903467926788 0.00090004788786932088 -0.0023958777803895041 -0.00031295224564733903 0.0007878678142745686 0.00089912123322131478 -0.00023878228982772323 0.0015281449293694474 0.0010622829084615368 0.0012352993280313421 -0.0006182417051811272 0.0017345664185310342 -0.0029991814469709235 -0.00015310521455970885 -0.0049324006577077337 -4.3801868697642713e-05 -0.11597307120943466 0.020174615926890255 0.00039857815609024063 0.00098234771422779513 -0.0018008399645343016 -0.00037782386556058529 -9.5702153032934252e-05 -0.00057469120667948484 0.0020376091481069361 -0.0076524916403505287 0.00067031053111918436 -0.00015992961455469718 -0.00028316093922424901 0.00097359152477008058 0.0051301355666238417 -0.00014189305948669804 -0.00019631443752418008 -0.0035147926895867589 -5.1568731576173147e-05 -0.043404595829174608 -0.00042559328086135288 -0.0012242707508325532 -0.00046730687870910414 -0.0053135007127933405 3.1765015173286338e-05 0.002507819732982326 -0.0049013413463696847 -0.00058872928263836797 0.00080569329766892598 -0.00056984935160689257
leaf_weight=218 76 165 100 105 342 149 76 69 312 137 138 187 76 89 80 116 70 215 3964 88 96 73 805 196 114 71 148 1030 196 261 81 74 80 79 209 699 74 106 164 108 77 328 69 101 273 73 86 151
leaf_count=218 76 165 100 105 334 149 76 69 312 137 138 187 76 89 80 116 70 215 3608 88 96 73 805 196 114 71 148 1030 196 261 81 74 80 79 209 699 74 106 164 108 77 328 69 101 273 73 86 151
internal_value=7.26246e-05 0.00207704 0.00284909 0.00363995 -2.02382e-05 0.000382159 0.00254668 0.00351008 0.000176746 -0.000155781 0.000663735 0.00106655 0.00156514 0.00210201 0 -3.09659e-05 4.70779e-05 0.000388914 -0.000325131 0.000835861 0 -0.000135555 -0.000236019 0.000122994 0.000263541 0.000409897 0.000542841 -0.000186411 0 0.000116066 0.000345898 0.000717001 0.00112823 0.000559201 -0.000263405 -9.25158e-05 0.000783019 -0.000354983 -0.000162772 -0.00021446 -0.000311055 0 -0.000108606 0 -3.06263e-05 7.62273e-05 0 0
internal_weight=12594 588 423 323 12006 2899 221 145 2678 9107 802 490 303 227 4695 4312 2583 383 4412 168 1876 1124 978 752 556 407 336 1729 2367 1049 496 235 154 216 1239 1318 222 4070 971 807 882 553 397 490 389 146 156 347
internal_count=12230 588 423 323 11642 2899 221 145 2678 8743 802 490 303 227 4695 4312 2583 383 4048 168 1876 1124 978 752 556 407 336 1729 2367 1049 496 235 154 216 1239 1318 222 3714 971 807 882 553 397 490 389 146 156 347
is_linear=0
shrinkage=0.0139946


Tree=130
num_leaves=50
num_cat=0
split_feature=62 9 9 5 16 37 50 41 62 9 10 45 31 54 63 41 30 45 30 30 9 44 9 38 63 45 9 60 35 41 61 4 42 59 27 2 20 42 10 31 30 42 36 3 9 57 55 37 9
split_gain=20.4479 3.46613 4.96373 2.1892 1.32007 1.55868 1.13157 1.39928 0.923847 0.699788 0.677306 0.560298 0.525321 0.44311 0.308753 0.433557 0.726511 0.316099 0.586955 0.584956 0.415198 0.292475 0.496631 0.234184 0.175319 0.172649 0.150304 0.149947 0.139846 0.0846261 0.101486 0.0839235 0.0754978 0.218318 0.0735138 0.0666526 0.0613821 0.0366396 0.054313 0.0356465 0.02433 0.0238213 0.0196953 0.0146686 0.0324579 0.0115038 0.00287226 0.000672728 0.000582522
threshold=17.65929765440621 -0.30901413279605799 -0.66484924122790601 0.60355339059327384 16.454411595244135 20.042306807789934 1.0000000180025095e-35 21.812500000000004 16.990898242597225 -0.8779519545588893 -0.18399835165767994 2234.5600000000009 -1.0019361202185448 0.83850000000000013 2.8554899732702865 18.264166666666672 75.850000000000009 1100.4290000000003 73.750000000000014 56.250000000000007 0.82876241254485883 3.2196355733317601 0.6254047815183511 5.5170101169317221 1.72354170530552 2111.8045000000006 -0.86095304316285715 1.2350000000000001 27.416361100535791 20.695833333333336 4.3950000000000005 920.45000000000016 0.79900458848355627 0.99500000000000011 89.750000000000014 176.65000000000001 17.660190033487748 0.91031313267174763 -0.73829900574246976 10.307727707231527 97.950000000000017 0.69558727849413626 3.4365751085450409 0.99150000000000016 -0.93535928755917819 920.95000000000016 921.85000000000002 24.819122796852145 -0.96230016621822456
decision_type=2 2 2 2 2 2 2 2 2 2 2 2 2 2 2 2 2 2 2 2 2 2 2 2 2 2 2 2 2 2 2 2 2 2 2 2 2 2 2 2 2 2 2 2 2 2 2 2 2
left_child=1 2 6 4 5 -2 7 26 -4 10 43 12 13 -12 15 16 -11 -16 19 -19 -21 22 23 27 29 35 -1 32 -25 -23 -31 -29 40 47 -3 -5 -33 41 -39 -37 -17 -26 -38 44 -6 -32 -47 -34 -45
right_child=3 34 8 25 9 -7 -8 -9 -10 14 11 -13 -14 -15 17 21 -18 18 -20 20 -22 24 -24 28 37 -27 -28 31 -30 30 45 36 33 -35 -36 39 42 38 -40 -41 -42 -43 -44 48 -46 46 -48 -49 -50
leaf_value=0.00096180199862945558 0.00081213494388748884 -0.017585663836342424 0.0013269589382710531 -0.038433709072422488 -0.00066458178354433892 -0.00028140212605894864 -0.0010893624863183662 0.00069808675794354397 0.00091872790611608509 -0.061669990116244557 0.00053403186842772179 -8.9809526507423929e-05 0.00021011187507245094 0.0012513079709167789 -0.045115564030839425 -0.0034530824263581711 0.00091587390436928908 -0.0069417121110466528 -0.0001387446420051259 0.018294632512482586 0.0022641979361497132 -0.0089322701137443741 0.0020839314795643559 -4.742416285621358e-05 -0.00036022150814007302 0.0020010380981731373 0.00076426265098969968 -2.6684938108142736e-05 0.0022727296861200248 -0.0060434272502195982 9.6481440566842949e-05 -0.00054667388246805719 -0.0057557702254029753 0.0043160692741290385 0.002230279796675034 -0.11086197688100995 -0.00095966626980727849 0.00060485082178079476 -0.028658803622845418 -0.07334581524304086 -0.00062475032469782828 0.012161424382432425 -0.0052947816728921085 -6.6042596044994721e-05 0.0013491836530499209 -0.00087521983431972268 -0.005132973428019761 0.0013485907207727572 -0.0006052260692652262
leaf_weight=100 115 86 156 102 93 159 85 110 72 152 70 147 143 179 179 309 116 110 309 87 73 194 138 170 94 147 71 250 68 1719 72 69 203 80 85 3544 1035 119 309 141 135 74 78 103 127 68 220 68 261
leaf_count=100 115 86 156 102 93 159 85 110 72 152 70 147 143 179 179 309 116 110 309 87 73 194 138 170 94 147 71 250 68 1719 72 69 203 80 85 3180 1035 119 309 141 135 74 78 103 127 68 220 68 261
internal_value=6.81804e-05 0.00228545 0.00280346 -6.98558e-05 5.73044e-05 0.00101286 0.0014915 0.00191743 0.00458723 1.38712e-05 0.000342076 0.000699015 0.000974474 0.00137878 -3.25656e-05 -7.64952e-05 0.000422408 0.000210794 0.000405131 0.000879504 0.00141668 -0.000113374 0 -5.18251e-05 -0.000210857 -0.000342075 0.00275707 -0.000119268 0.000294371 -0.000266839 -0.000292927 -0.000206381 0 0.000184635 8.54427e-05 -0.000361219 -0.000255873 0 -6.59383e-05 -0.000370985 -7.86382e-05 0.000176755 -0.000283384 0 0.000100003 0 -8.81298e-05 0 -4.22818e-05
internal_weight=12594 765 594 11829 7895 274 366 281 228 7621 1123 539 392 249 6498 5740 268 758 579 270 160 5472 2603 2465 2869 3934 171 2227 238 2273 2079 1432 795 351 171 3787 1182 596 428 3685 444 168 1113 584 220 360 288 271 364
internal_count=12230 765 594 11465 7895 274 366 281 228 7621 1123 539 392 249 6498 5740 268 758 579 270 160 5472 2603 2465 2869 3570 171 2227 238 2273 2079 1432 795 351 171 3423 1182 596 428 3321 444 168 1113 584 220 360 288 271 364
is_linear=0
shrinkage=0.0139946


Tree=131
num_leaves=52
num_cat=0
split_feature=62 18 5 25 26 62 55 49 5 59 9 61 9 37 10 10 10 43 9 54 27 55 20 9 43 52 9 18 37 61 36 19 20 62 59 62 9 27 9 21 10 52 9 40 62 59 59 55 3 55 26
split_gain=20.0931 3.68359 3.58859 2.7446 4.02311 1.59908 1.23861 1.17768 0.970417 0.645241 0.607742 0.83708 0.515607 0.436259 0.35153 0.337013 0.379068 0.317134 0.768214 0.301423 0.325684 0.212892 0.214512 0.415188 0.165157 0.160751 0.142053 0.112325 0.391872 0.102247 0.0930477 0.0663366 0.0656136 0.0667398 0.0568643 0.0403135 0.0395214 0.0247921 0.0236808 0.0215647 0.0678389 0.175228 0.0175565 0.0130685 0.00888966 0.00673155 0.00372589 0.00221852 0.00103882 0.000934442 0.000302558
threshold=17.65929765440621 19.336804036891529 -1.0000000180025095e-35 16.995000000000001 89.950000000000017 18.652166542208217 923.95000000000016 337.60000000000008 0.60355339059327384 0.82500000000000007 -0.32533907195844763 0.055000000000000007 -0.88606241628642823 22.69040325996362 -0.18399835165767994 -0.55599684127981919 -0.66483077113278999 27.001875000000002 0.52707282776374187 0.76250000000000007 96.550000000000011 925.75000000000011 28.956099256805583 -0.7610972106345526 30.533125000000002 0.97550000000000014 -0.88606241628642823 24.728369130715638 25.079457870242134 0.90500000000000014 0.4816578569021629 31.630431909556947 29.914168567834089 19.032984463591067 0.43500000000000005 20.576156348962567 -0.93535928755917819 57.150000000000013 -0.99466160899732459 22.855000000000004 -0.9668120007078248 0.99350000000000016 0.88606241628642846 0.13613718570907998 18.370503049186318 1.0850000000000002 1.1050000000000002 921.1500000000002 0.99150000000000016 922.25000000000011 70.250000000000014
decision_type=2 2 2 2 2 2 2 2 2 2 2 2 2 2 2 2 2 2 2 2 2 2 2 2 2 2 2 2 2 2 2 2 2 2 2 2 2 2 2 2 2 2 2 2 2 2 2 2 2 2 2
left_child=1 2 30 4 27 6 43 9 12 -8 11 13 14 -3 48 16 17 29 31 -16 25 22 23 -18 35 -21 36 28 -2 39 -1 -19 33 -31 -35 -17 38 -36 -10 46 41 -41 -26 47 -45 -42 -14 -5 -7 -20 -38
right_child=3 10 -4 5 -6 8 7 -9 26 -11 -12 -13 15 -15 19 24 21 18 49 20 -22 -23 -24 -25 42 -27 -28 -29 -30 32 -32 -33 -34 34 37 -37 50 -39 -40 40 45 -43 -44 44 -46 -47 -48 -49 -50 -51 -52
leaf_value=0.0007929977823977045 -0.013089267472593346 0.0013020224391926058 0.00099123551118206047 0.00015212230057734015 0.0009351911403431035 0.00068012651157445183 0.00069604478333349686 -0.00075276824626188525 -0.0098243279858178986 0.0014823690456117337 -0.008607112883866553 0.00071738500465538303 -0.0017408182335968863 0.00069120593247657021 -0.00010260799603790336 -0.0025827636460735675 -7.8053585989046342e-05 0.01445206381376519 -0.00016681058382538285 0.0007650143111634437 0.000297002001435656 -0.00047614447677910005 -0.0025643290564029658 0.0021429488580304371 -0.43818365202240711 0.001476201718462589 -0.14968495788242467 -0.013875771818804299 0.0071772198886658782 -3.8681985316520375e-05 0.0010029405658537613 8.3935026478813759e-05 0.00020253288669420136 -0.00029807033647227924 -0.011623736756759548 -0.039329816158657924 -0.029249989606537928 -0.0011220522087066851 -0.065943167539698519 0.0091700143861045483 -0.0017349463249601972 -0.011874188210630783 0.0031618179430812567 -0.00052768471544361673 0.00044401246832937867 -0.00087785684810110648 -0.0038959075481233433 -3.2401854020270603e-05 -0.00093604754293767699 -0.035723878448404939 0.0091697377340407196
leaf_weight=95 85 92 70 71 106 164 69 94 84 93 110 88 276 75 119 363 151 68 73 71 146 101 70 158 102 91 3395 156 100 141 235 69 83 71 68 1714 79 1503 308 122 236 88 69 243 106 82 68 87 244 174 68
leaf_count=95 85 92 70 71 106 164 69 94 84 93 110 88 276 75 119 363 151 68 73 71 146 101 70 158 102 91 3031 156 100 141 235 69 83 71 68 1714 79 1503 308 122 236 88 69 243 106 82 68 87 244 174 68
internal_value=6.92915e-05 0.0022672 0.00327996 -6.749e-05 0.000990694 -0.000115122 0.000481126 0.00127568 -0.000164384 0.0019921 0.000962651 0.00133676 -4.96743e-05 0.00192069 0.000253106 -0.000104473 -9.52487e-07 -7.54655e-05 0.000241744 0.000534362 0.000765323 0.000342281 0.000507642 0.000671473 -0.000240258 0.00122346 -0.000342075 3.89964e-05 0.000347158 -0.00014468 0.00389168 0.00111619 -0.000203532 -0.000224836 -0.000250676 -0.000279341 0 -0.000269733 -0.000140186 0 3.55345e-05 0.000256651 0 0 0 0 -0.000101375 0.000126532 0 0 0
internal_weight=12594 765 400 11829 447 11382 763 256 10619 162 365 255 6685 167 835 5850 3602 3122 384 427 308 480 379 309 2248 162 3934 341 185 2738 330 137 1866 1783 1642 2077 539 1571 392 872 528 210 171 507 349 318 344 158 408 247 147
internal_count=12230 765 400 11465 447 11018 763 256 10255 162 365 255 6685 167 835 5850 3602 3122 384 427 308 480 379 309 2248 162 3570 341 185 2738 330 137 1866 1783 1642 2077 539 1571 392 872 528 210 171 507 349 318 344 158 408 247 147
is_linear=0
shrinkage=0.0139946


Tree=132
num_leaves=54
num_cat=0
split_feature=16 5 37 50 11 9 53 5 25 9 25 35 4 9 11 9 63 24 25 52 37 37 21 42 55 9 20 9 55 37 52 29 36 43 55 43 9 9 54 4 39 60 9 25 52 60 52 9 63 34 56 42 55
split_gain=12.3157 4.09362 4.03277 3.6212 5.93366 2.05528 3.09488 1.08072 0.981762 1.88516 0.920734 0.935871 0.526268 0.458496 0.420233 0.386751 0.37104 0.295099 0.306239 0.417329 0.220742 0.288744 0.249499 0.334868 0.325922 0.199123 0.462286 0.195183 0.183903 0.239719 0.170203 0.143246 0.147449 0.195804 0.399422 0.547503 0.126511 0.120056 0.0804531 0.0850541 0.0671589 0.0487679 0.0395214 0.0371057 0.0313039 0.0306917 0.0240183 0.0236808 0.0215092 0.00313335 0.00313335 0.000302558 6.86761e-05
threshold=16.454411595244135 -0.25881904510252113 20.347988524545105 0.74166666666654368 9.5000000000000018 -0.20931270765420754 0.48550000000000004 0.60355339059327384 17.550000000000001 -0.4673548892883575 16.995000000000001 24.78323894322919 927.95000000000016 -0.81403855522663837 9.5000000000000018 -0.81403855522663837 2.3880680390501259 23.375000000000004 28.895000000000003 0.99150000000000016 24.568025069997287 22.150379691423797 22.455000000000002 1.5884636182521696 921.1500000000002 0.81900730237416519 24.537691466857279 -0.24284747324344261 927.95000000000016 20.042306807789934 0.9425 60.650000000000013 0.76370636903751854 24.658541666666668 921.6500000000002 23.790208333333339 -0.88606241628642823 -0.30081702196488969 0.11350000000000002 921.05000000000007 26.748333333333328 2.3650000000000007 -0.93535928755917819 23.455000000000002 0.99850000000000005 4.4650000000000007 0.027500000000000004 -0.99466160899732459 -2.7099730075538679 1.2897302105278134 920.95000000000016 1.7529066194548109 920.25000000000011
decision_type=2 2 2 2 2 2 2 2 2 2 2 2 2 2 2 2 2 2 2 2 2 2 2 2 2 2 2 2 2 2 2 2 2 2 2 2 2 2 2 2 2 2 2 2 2 2 2 2 2 2 2 2 2
left_child=1 2 8 4 10 6 -6 13 -1 -10 11 12 -2 20 -4 30 27 -18 19 25 21 -5 -23 24 -24 26 -19 28 37 -30 -8 38 52 34 -34 -36 42 40 46 -40 -15 -29 47 -41 -38 49 -12 -9 -47 -43 -35 -44 -33
right_child=3 -3 14 7 5 -7 15 36 9 -11 31 -13 -14 16 -16 -17 17 18 -20 -21 -22 22 23 -25 -26 -27 -28 41 29 -31 -32 32 33 50 35 -37 44 -39 39 43 -42 45 51 -45 -46 48 -48 -49 -50 -51 -52 -53 -54
leaf_value=0.00098525116975516514 4.2435138436624722e-05 -0.00026481918038463335 -0.00087856386483513532 -1.8584620932767077e-05 0.0011013397848831734 -0.00013076452845525702 0.00094708550089878205 -0.009686840055248289 0.00086547708534679552 0.00064176131357622057 -0.01581380017446532 -0.01687064795435015 0.0044796078184934224 -0.0027587670305045365 0.00084814886441593115 0.00048136983222297922 -0.0075928014181003874 -0.00094142573143815502 -0.096165816865656437 -0.00341093966736623 -0.00012994438642327503 -7.1245273214914031e-05 -3.5327714586843768e-05 -0.00016372351380353163 0.001232205443538313 -0.0006069932468250901 0.031048058899004461 -0.01520908617332521 -0.015215915070838013 0.0013578449315472924 0.00080609711508252259 1.8057966971084923e-05 -0.00093435479083686895 5.5837412285738157e-05 -0.0010498523759303081 0.001112577966715794 -0.14864788504794335 0.001161399749656368 -0.00023851954388011805 -0.0015310047719654827 0.0012467438897921716 0.0015726273241254312 0.0093392851650242643 -0.00068072311013637815 -0.18232508681070392 -2.9442618909511355e-05 -0.0018460540157081427 -0.065020316668541439 -0.0043759537927654099 -0.013648897743420055 -0.0010123381668712373 -0.064988835796636987 -0.00037552808201460336
leaf_weight=81 95 157 83 309 89 96 89 84 115 75 120 112 91 687 77 74 230 87 85 85 224 104 72 77 207 80 97 1777 70 97 68 71 98 119 70 165 3311 76 219 547 122 119 68 148 84 115 90 308 375 78 273 79 265
leaf_count=81 95 157 83 309 89 96 89 84 115 75 120 112 91 687 77 74 230 87 85 85 224 104 72 77 207 80 97 1777 70 97 68 71 98 119 70 165 2947 76 219 547 122 119 68 148 84 115 90 308 375 78 273 79 265
internal_value=7.81799e-05 0.00205331 0.00275635 -1.32455e-05 0.000411105 0.00196611 0.00250383 -0.000155781 0.00384946 0.0025154 0.000122188 0.000851517 0.00146049 -9.12782e-06 0.000465622 0.00121732 -8.56213e-05 0.000173717 0.000422714 0.000626831 0.0002447 0.000365186 0.000587387 0.000762782 0.00098735 0.000908828 0.00117954 -0.000153817 0 0.000428916 0.00162755 0 0.000136349 0.000258679 0.000509673 0.000835168 -0.000331407 -7.47237e-05 -8.58346e-05 -0.000162053 -0.000180449 -0.000221936 0 -0.000241699 -0.000366814 0 0 -0.000140186 -0.000110548 0 0 0 0
internal_weight=12594 588 431 12006 2899 416 320 9107 271 190 2483 298 186 5173 160 231 4180 664 434 349 993 769 460 356 279 264 184 3516 1052 167 157 2185 1061 725 333 235 3934 885 1124 914 809 2464 539 695 3395 687 210 392 490 197 392 147 336
internal_count=12230 588 431 11642 2899 416 320 8743 271 190 2483 298 186 5173 160 231 4180 664 434 349 993 769 460 356 279 264 184 3516 1052 167 157 2185 1061 725 333 235 3570 885 1124 914 809 2464 539 695 3031 687 210 392 490 197 392 147 336
is_linear=0
shrinkage=0.0139946


Tree=133
num_leaves=54
num_cat=0
split_feature=62 18 2 25 26 5 9 4 44 61 10 26 50 37 44 52 37 16 1 54 1 1 52 62 37 50 44 9 44 18 37 61 37 9 34 44 27 53 50 59 1 9 47 10 9 9 9 37 62 53 9 32 9
split_gain=20.015 3.68359 3.58859 2.87707 3.88779 1.48543 1.16939 0.896367 0.636947 0.728186 0.451459 0.469139 0.606465 0.300291 0.253897 0.292094 0.232354 0.194452 0.215132 0.364505 0.301884 0.248253 0.261342 0.213929 0.200549 0.225902 0.181274 0.16446 0.371297 0.1588 0.336907 0.14754 0.141389 0.126511 0.0734845 0.0700445 0.0691236 0.161446 0.0543345 0.078136 0.0401966 0.0395214 0.0605164 0.0329322 0.0264277 0.0236808 0.0235613 0.0203279 0.0187768 0.0115336 0.0105373 0.0082221 0.00162774
threshold=17.65929765440621 19.336804036891529 44.100000000000009 16.995000000000001 89.950000000000017 0.60355339059327384 -0.96230016621822456 930.6500000000002 3.2834268494520513 0.055000000000000007 -0.18399835165767994 99.350000000000009 8.4999999999999272 22.850275519393467 4.289673541104599 0.99450000000000005 29.837986002360164 25.102557839148613 0.065000000000000016 0.95650000000000002 5.3150000000000004 0.62500000000000011 0.82650000000000012 18.738370801992168 23.30628982281802 88.533333333333317 2.8419168040270542 -0.32533907195844763 2.5427266903594226 24.728369130715638 25.079457870242134 5.3800000000000008 26.464078127921599 -0.88606241628642823 0.22553485544719737 2.1054847892376327 93.850000000000009 0.92850000000000021 60.741666666666667 1.1950000000000001 22.955000000000002 -0.93535928755917819 541.40000000000009 -0.38168922026665864 -0.78297285307474518 -0.99466160899732459 0.57023701209772126 20.222066977051878 18.113778864699558 0.99650000000000005 -0.82391537601316178 -0.64499999999999946 -0.45206801762443477
decision_type=2 2 2 2 2 2 2 2 2 2 2 2 2 2 2 2 2 2 2 2 2 2 2 2 2 2 2 2 2 2 2 2 2 2 2 2 2 2 2 2 2 2 2 2 2 2 2 2 2 2 2 2 2
left_child=1 2 7 4 29 6 10 -1 9 13 -5 12 -12 -3 15 17 34 23 -19 20 21 -20 -23 24 25 -8 27 43 -29 30 -2 35 44 41 -16 -17 37 -14 39 -18 -35 45 -43 -25 -28 -7 48 -45 -37 50 -33 -34 -51
right_child=3 8 -4 5 -6 33 14 -9 -10 -11 11 -13 36 -15 16 31 38 18 19 -21 -22 22 -24 26 -26 -27 32 28 -30 -31 -32 49 51 40 -36 46 -38 -39 -40 -41 -42 42 -44 47 -46 -47 -48 -49 -50 52 -52 -53 -54
leaf_value=0.00087587287588832355 -0.012906681754699735 0.0012873172254618829 0.00098106957635202968 -6.2691361806492562e-05 0.00085061072089064038 -0.0095512762187315338 0.0016828195837168842 0.0015355366196299655 -0.014600259147023949 0.00068604551226593934 0.0010428663258012676 -0.0007636401253125172 -0.00042900211735484735 0.00067636812220238276 -0.0064956252933033032 -0.0012363413659958146 -0.00092402924865163123 -0.009729156052345261 -0.0075264623658820081 -7.4361132158939244e-05 -0.00070270890048640335 0.00021864925844275923 0.01054908341996371 -0.0045738726857057809 -5.9023076300955213e-05 -0.00055113398055190517 -6.7669698958939506e-05 -0.00025930475726605804 0.0009321160556588679 -0.013284536905142919 0.0070761834177198654 -0.00012285892911080202 -0.00051584132989453146 -0.149911929457517 -0.044350931993719395 -0.0013907515211436352 -5.6407391066785797e-05 0.0014249876490408466 -0.067216139157549717 0.0030998721957888123 -0.012215933141685072 0.021203560492831227 -0.036975372663145774 -0.0043439492259880544 -0.0049801472730078445 -0.064110380762833791 -7.4784335899438087e-05 0.00070125416082085956 -0.0025075289234505458 -0.00064118735401076459 0.00048706115735343617 0.0017801973258752342 -0.00024739367866891988
leaf_weight=262 85 122 70 170 106 84 103 68 86 88 111 70 68 69 224 95 153 161 85 315 117 68 133 258 149 82 68 169 126 156 100 87 131 3321 1171 79 99 73 148 70 74 70 77 84 775 308 69 148 921 335 323 79 131
leaf_count=262 85 122 70 170 106 84 103 68 86 88 111 70 68 69 224 95 153 161 85 315 117 68 133 258 149 82 68 169 126 156 100 87 131 2957 1171 79 99 73 148 70 74 70 77 84 775 308 69 148 921 335 323 79 131
internal_value=7.37357e-05 0.0022672 0.00327996 -6.27584e-05 0.00102187 -0.000111434 0 0.00389168 0.000962651 0.00128631 0.00060088 0.000845757 0.00105716 0.00177455 -4.67147e-05 0 -0.000191296 9.01027e-05 0.000267154 0.000381921 0.00066006 0.000904515 0.00118348 0 0.000340234 0.000646729 -4.05064e-05 6.46571e-05 0.000345804 7.98135e-05 0.00042205 -0.00012601 -0.000182755 -0.000331407 -0.000280876 -0.000229335 0.000288465 0.000485425 0 0.000217541 -0.000366814 0 0 0 -0.000272905 -0.000140186 -0.000264709 0 -0.000281962 0 6.40638e-05 0 -3.48585e-05
internal_weight=12594 765 400 11829 447 11382 7448 330 365 279 591 421 351 191 6857 5091 1766 3051 879 718 403 286 201 2172 334 185 1838 785 295 341 185 2040 1053 3934 1395 1164 240 141 371 223 3395 539 147 490 843 392 1069 232 1000 876 410 210 466
internal_count=12230 765 400 11465 447 11018 7448 330 365 279 591 421 351 191 6857 5091 1766 3051 879 718 403 286 201 2172 334 185 1838 785 295 341 185 2040 1053 3570 1395 1164 240 141 371 223 3031 539 147 490 843 392 1069 232 1000 876 410 210 466
is_linear=0
shrinkage=0.0139946


Tree=134
num_leaves=50
num_cat=0
split_feature=62 18 6 16 10 1 19 42 9 56 53 9 47 26 19 10 37 29 30 42 8 55 18 10 1 37 55 36 1 9 9 36 54 59 19 23 19 37 37 30 58 30 9 58 62 30 18 37 17
split_gain=20.0931 3.68359 3.58859 2.09357 2.11325 2.08838 2.19817 1.10467 0.607742 0.84339 0.903647 0.539304 0.333728 0.382905 0.318844 0.358186 0.31663 0.433795 0.227974 0.203537 0.225311 0.219416 0.203323 0.197139 0.156207 0.155834 0.0971876 0.0930477 0.0799573 0.0618965 0.0522789 0.0554471 0.048733 0.0437656 0.0393087 0.0296956 0.135291 0.153667 0.0222349 0.0945756 0.0512736 0.105289 0.0451643 0.0215753 0.0139954 0.00627443 0.00558993 0.00351248 0.00095299
threshold=17.65929765440621 19.336804036891529 0.98296291314453421 18.691167710183787 -0.021515300460958474 0.015000000000000001 20.479085541108002 2.1794624410462187 -0.32533907195844763 927.6500000000002 0.83050000000000013 -0.88606241628642823 60.500000000000007 90.750000000000014 18.323436208999912 -0.38168922026665864 25.57596054886071 72.550000000000011 99.15000000000002 1.5884636182521696 -0.78656609248549325 921.45000000000016 35.497307439008331 -0.98798606843101155 15.185 24.884082794470711 920.1500000000002 0.4816578569021629 0.97500000000000009 -0.81403855522663837 0.74409704927257569 3.4365751085450409 0.53850000000000009 1.2850000000000004 27.762908492970315 22.815000000000001 30.279390110476339 22.795925040673954 29.769005914655676 61.95000000000001 0.84500000000000008 64.65000000000002 0.35769492645306972 0.51500000000000012 18.59871034772112 61.550000000000004 34.87257519283451 24.41782470503556 30.137430821212501
decision_type=2 2 2 2 2 2 2 2 2 2 2 2 2 2 2 2 2 2 2 2 2 2 2 2 2 2 2 2 2 2 2 2 2 2 2 2 2 2 2 2 2 2 2 2 2 2 2 2 2
left_child=1 2 27 4 35 32 -7 11 9 -3 -11 14 13 16 43 -16 17 25 19 20 -17 -22 -9 28 29 33 -15 -1 -14 -25 31 -28 -6 -13 46 44 37 -37 40 -40 42 45 -18 -5 -2 -42 -31 -46 -19
right_child=3 8 -4 7 5 6 -8 22 -10 10 -12 12 23 26 15 18 38 48 -20 -21 21 -23 -24 24 -26 -27 30 -29 -30 34 -32 -33 -34 -35 -36 36 -38 -39 39 -41 41 -43 -44 -45 47 -47 -48 -49 -50
leaf_value=0.00076033618132647252 2.0353701464504381e-06 -0.00068852776119186342 0.00096733986109897262 -0.00035701249759974583 -0.023469661460470276 -1.7330104298696827e-05 0.001059804703781054 -0.057091853744524856 -0.0085211508179161427 0.00098713736597445204 0.00060620643162271367 0.00040857359513953853 0.019689150850394459 3.3748788236073217e-05 -0.00038470399913186152 -0.0071719278498000557 -0.0088701170680072008 -0.0070382744010728717 -0.0030499177783737592 -0.00058275819746837266 -0.0011753219957443433 0.0011421330399957472 -0.00016024036712641387 -0.018599176693392221 -0.00037347627006791082 0.0052560925384816928 -0.00036335154215337768 0.00096253973238485144 -0.02604911989545123 -0.050854517819764647 -3.6984743430385649e-05 -0.0001128177722282266 0.00061044441158607081 -0.025851404584557529 -0.03577004242691724 -0.00012938214468556292 -0.0005846995967695738 0.0012907665454279698 -0.0070900810529082358 0.0021900315633729133 -0.25674501423204338 -0.0077677101980897067 0.0069754280156488161 -0.012841210237452213 -0.00053518708354071147 0.015169327413645836 -0.09494161754760061 -0.004019949021977008 5.0116583638081541e-05
leaf_weight=95 230 78 70 96 167 79 175 3012 110 106 71 100 85 174 182 81 96 255 72 109 112 265 133 129 191 108 1236 235 188 2018 101 110 75 81 111 79 151 109 105 75 91 491 101 236 273 82 101 68 96
leaf_count=95 230 78 70 96 167 79 175 2708 110 106 71 100 85 174 182 81 96 255 72 109 112 265 133 129 191 108 1236 235 188 1970 101 110 75 81 111 79 151 109 105 75 91 491 101 236 273 82 89 68 96
internal_value=6.92915e-05 0.0022672 0.00327996 -6.749e-05 0.000427489 0.00116107 0.00205468 -0.000140787 0.000962651 0.00133676 0.00186807 -3.56124e-05 -9.57861e-05 0 0.00022534 0.000383606 0.000147654 0.000392139 0.000546267 0.000643944 0.000774361 0.000918862 -0.000362602 -0.000207454 -0.000250542 0.000794627 -0.000153629 0.00389168 0 -0.000284268 -0.000198932 -0.00022391 0 5.78108e-05 -0.000301514 0 0.000123802 0.000408748 0 0.000137389 -3.26868e-05 -0.000128318 0 0 -3.21336e-05 0 -0.000315116 -9.85886e-05 0
internal_weight=12594 765 400 11829 1406 496 254 10423 365 255 177 7278 6125 3302 1153 821 1681 640 639 567 458 377 3145 2823 2550 289 1621 330 273 2359 1447 1346 242 181 2230 910 339 188 1041 180 861 664 197 332 571 173 2119 341 351
internal_count=12230 765 400 11465 1406 496 254 10059 365 255 177 7218 6065 3302 1153 821 1681 640 639 567 458 377 2841 2763 2490 289 1621 330 273 2299 1447 1346 242 181 2170 910 339 188 1041 180 861 664 197 332 571 173 2059 341 351
is_linear=0
shrinkage=0.0139946


Tree=135
num_leaves=55
num_cat=0
split_feature=62 9 9 5 62 16 43 50 41 38 9 57 54 45 10 36 9 9 54 55 26 34 38 39 9 45 43 9 59 45 50 30 27 34 45 30 32 44 47 16 36 44 49 38 38 34 45 44 34 32 23 23 45 45
split_gain=19.8593 3.39247 4.71148 2.21547 1.3713 1.13708 2.32615 1.13157 1.39928 0.775817 0.575276 0.52931 0.513291 0.245996 0.31661 0.584122 0.2347 0.233114 0.341357 0.789718 0.801413 0.461855 0.344513 0.33372 0.266693 0.161863 0.15757 0.150304 0.129017 0.0951183 0.149254 0.0792147 0.0735138 0.0691267 0.0555557 0.132054 0.260191 0.400034 0.0525116 0.0491548 0.0467326 0.0540013 0.0209323 0.0187786 0.0104388 0.0151647 0.00886309 0.00991548 0.00823119 0.00280995 0.000947661 0.0277859 0.00246015 0.000151375
threshold=17.65929765440621 -0.30901413279605799 -0.66484924122790601 0.60355339059327384 16.990898242597225 18.323436208999912 20.05479166666667 1.0000000180025095e-35 21.812500000000004 4.8427169196136868 -0.88606241628642823 924.45000000000016 0.82850000000000013 2234.5600000000009 -0.18399835165767994 0.78125480907905265 -0.99052327954040364 0.82876241254485883 0.85350000000000004 922.25000000000011 85.350000000000009 0.30575498608291779 2.2896122070012446 30.369999999999997 0.39753913293121995 2111.8045000000006 30.533125000000002 -0.86095304316285715 0.6150000000000001 1962.1890000000001 1.0000000180025095e-35 85.350000000000009 89.750000000000014 3.8409982393549016 2264.6660000000006 90.350000000000009 -0.62499999999999989 2.987403111549209 270.65000000000003 23.98516510588254 3.4365751085450409 2.1054847892376327 577.1500000000002 4.7347341971364001 5.1940237518035399 0.57894168061210227 2106.1420000000003 3.1429067635890635 0.22553485544719737 -1.365 27.585000000000004 23.285000000000004 2063.8485000000005 2319.7140000000004
decision_type=2 2 2 2 2 2 2 2 2 2 2 2 2 2 2 2 2 2 2 2 2 2 2 2 2 2 2 2 2 2 2 2 2 2 2 2 2 2 2 2 2 2 2 2 2 2 2 2 2 2 2 2 2 2
left_child=1 2 7 5 -4 6 -2 8 27 11 13 -8 -13 14 49 -16 -17 18 19 20 23 22 -21 -12 -24 33 39 -1 34 30 -23 50 -3 38 35 -20 37 -37 -5 -19 41 -33 48 -28 -11 -46 47 -31 -43 -7 51 -30 -52 -15
right_child=3 32 4 25 -6 10 9 -9 -10 44 17 12 -14 53 15 16 -18 26 28 21 -22 29 24 -25 -26 -27 43 -29 31 46 -32 40 -34 -35 -36 36 -38 -39 -40 -41 -42 42 -44 -45 45 -47 -48 -49 -50 -51 52 -53 -54 -55
leaf_value=0.00086418069090866869 0.0017353361495036335 -0.0167819852353806 0.0012399800426544432 -0.13671443445907352 0.00084206106683877124 -0.0030372627283779788 -0.00018046869584227273 -0.0010951261406594577 0.00063930348068780773 -2.0997876505253644e-05 0.018092039079563145 0.00089687455935526965 0.0010002154684757637 -0.00030786091569216795 -0.00026755599796093388 7.2992013583041655e-05 6.3725056428821513e-05 -0.029084836352516848 -0.00036804140928562329 -0.001386571504263356 -0.0011780472088938967 7.7642621794425085e-05 5.6454823756867195e-05 0.010326273642911207 0.0058744229454949712 0.0015653434888510895 -0.17797624768167988 0.00068707330203560233 -0.007407592670114046 0.0034320136658823829 -0.040567909622131443 -0.0001655604774731378 0.0021613858953789581 -0.028317223436475778 -0.003402439762256538 0.0019256482493839691 -0.00085686327638350877 -0.0025947705061330224 -0.10422905907732868 -0.18630122530163357 -5.7153178873723233e-05 -0.00085373582435791624 -0.0022387882472681151 0.0031070934123468836 -0.00082018298832780016 -4.8858475512119459e-05 -0.00038367608292906873 -0.0012161291309432777 -0.00056745716681384621 0.00037558314844407249 -0.038944141760344587 0.0017485374998383436 -0.00046356448323275012 2.2092667706979637e-05
leaf_weight=100 74 86 156 117 72 92 223 85 110 189 114 113 157 228 71 74 124 207 177 152 74 178 74 74 76 147 103 71 206 68 612 156 85 151 197 112 98 82 3519 843 108 87 68 68 284 111 233 68 1215 151 223 140 89 102
leaf_count=100 74 86 156 117 72 92 223 85 110 189 114 113 157 228 71 74 124 207 177 152 74 178 74 74 76 147 103 71 206 68 612 156 85 151 197 112 98 82 3155 843 108 87 68 68 284 111 233 68 1215 151 223 140 89 102
internal_value=8.26241e-05 0.0022672 0.00277997 -5.32953e-05 0.00452635 7.50262e-05 0.000481379 0.0014915 0.00191743 0.000244846 0 0.000661619 0.00108541 0.000347028 0.000539929 0.000884301 0.00127757 -4.32488e-05 0 0.000158176 0.000865861 0 0.00051239 0.00136697 0.000984697 -0.000327852 -0.000215326 0.00275707 -8.94815e-05 -9.59048e-05 -0.000192378 -0.000146088 8.54427e-05 -0.000346445 4.30412e-06 0.000152036 0.000353621 0.000669171 -0.000358786 -0.000288516 -0.000198519 -0.000219513 -0.00024774 0 0 -7.17738e-05 0 0.00011221 -0.000260231 0 0 0 -2.43175e-05 0
internal_weight=12594 765 594 11829 228 7895 1151 366 281 1077 6744 493 270 842 512 269 198 5902 4681 1723 262 1461 302 188 150 3934 1221 171 2958 1159 790 2292 171 3787 666 469 292 194 3636 1050 1634 1526 1370 171 584 395 369 136 1302 243 658 346 312 330
internal_count=12230 765 594 11465 228 7895 1151 366 281 1077 6744 493 270 842 512 269 198 5902 4681 1723 262 1461 302 188 150 3570 1221 171 2958 1159 790 2292 171 3423 666 469 292 194 3272 1050 1634 1526 1370 171 584 395 369 136 1302 243 658 346 312 330
is_linear=0
shrinkage=0.0139946


Tree=136
num_leaves=52
num_cat=0
split_feature=62 9 9 25 16 45 62 57 62 50 22 63 63 60 54 60 44 44 25 44 51 27 60 56 35 20 43 45 63 27 31 57 63 55 55 28 9 62 60 33 42 42 38 57 44 27 55 31 51 45 26
split_gain=19.9955 3.39247 4.71148 2.5558 3.57142 1.78293 1.3713 1.20838 1.31927 1.13157 1.24852 0.368887 0.327948 0.284461 0.379407 0.391515 0.475772 0.446142 0.249201 0.242582 0.450076 0.202867 0.185335 0.210462 0.181303 0.344692 0.129424 0.120425 0.0812981 0.0735138 0.0726825 0.0890638 0.194783 0.168691 0.0724064 0.0831351 0.0445179 0.0358542 0.0350993 0.0345352 0.0286045 0.0228289 0.017882 0.012194 0.011278 0.0066096 0.00545421 0.00124783 0.00595254 0.00633254 2.16032e-05
threshold=17.65929765440621 -0.30901413279605799 -0.66484924122790601 16.995000000000001 17.941441828843988 1926.9190000000001 16.990898242597225 925.35000000000002 18.70278998696276 1.0000000180025095e-35 21.785000000000004 2.9465975880964543 0.98840968212905989 3.2850000000000006 0.99650000000000005 0.025000000000000005 2.475133047129459 3.7055280753513919 26.885000000000002 2.2324607014973652 114.76850000000002 58.250000000000007 23.260000000000002 920.85000000000002 24.78323894322919 20.319269153783967 24.322916666666675 1850.796 -2.7099730075538679 89.750000000000014 -0.56013871289963102 922.1500000000002 -1.0947645370880517 923.25000000000011 919.85000000000002 57.150000000000013 -0.86095304316285715 20.279893993358471 0.50500000000000012 18.60270102230902 1.7108750143515732 1.5426675910100316 2.0954794355219821 924.35000000000002 3.1178272897688908 61.95000000000001 924.25000000000011 -1.5395523521329346 7247.4570000000012 2088.6300000000006 98.15000000000002
decision_type=2 2 2 2 2 2 2 2 2 2 2 2 2 2 2 2 2 2 2 2 2 2 2 2 2 2 2 2 2 2 2 2 2 2 2 2 2 2 2 2 2 2 2 2 2 2 2 2 2 2 2
left_child=1 2 9 4 -2 11 -4 12 -9 10 36 27 22 14 15 -14 -17 40 21 20 -10 -13 26 -24 25 -6 30 37 -28 -3 31 50 -33 -34 -30 -36 -1 -5 43 -37 -18 -20 -27 -29 -15 -40 -25 -21 49 -49 -7
right_child=3 29 6 5 24 7 -8 8 19 -11 -12 18 13 44 -16 16 17 -19 41 47 -22 -23 23 46 -26 42 28 38 34 -31 -32 32 33 -35 35 39 -38 -39 45 -41 -42 -43 -44 -45 -46 -47 -48 48 -50 -51 -52
leaf_value=0.00086176092107534007 0.0006846819701885851 -0.016547127398366716 0.0012226269687079627 -0.018507215195173104 -0.025233888400613316 -0.00048793861662673127 0.00083027672559330096 0.00093078342405431176 0.001132401911269102 -0.0010798002448822858 0.00053011391097189885 0.0039947727038371706 -0.00091723005824997028 -0.00050117433440897453 -0.003802454332105569 -0.0010312073110037173 0.011148851807259611 -4.0710549639820184e-05 -0.026570934225495339 -0.0017916505543235522 0.00083924689654437886 -0.00019299257209484335 0.0012775665510292727 -9.8511367742023023e-05 -0.067764712544507527 0.001109845045987711 -1.6688611257002405e-05 0.0063236257431700284 -9.8521961325261935e-05 0.0021311380784955107 -0.0056470848691688958 -4.5224186196645727e-05 0.0027639030273603387 -0.0027385362623547284 -0.00026028153491129913 -0.00022577624475191043 0.0006632766343241161 -0.086917873618640146 -0.03168794931817373 -0.0011127347033757673 0.00019545632596788985 -0.10423213216466158 0.0047020053254002514 -0.0088656732044567772 0.00022531571782528857 -0.02478808901854148 0.00062918005740609378 0.0056251245126854379 -0.046152238323692682 -0.0012583379299639002 -0.00011715948313365397
leaf_weight=104 76 86 156 130 70 196 72 172 77 85 99 97 132 250 144 76 215 153 91 211 183 123 69 195 148 77 201 102 190 85 304 259 121 68 148 226 78 4528 68 1265 81 328 76 91 143 315 72 74 89 68 127
leaf_count=104 76 86 156 130 70 196 72 172 77 85 99 97 132 250 144 76 215 153 79 211 183 123 69 195 148 77 201 102 190 85 304 259 121 68 148 226 78 4288 68 1265 81 216 76 91 143 315 72 74 89 68 127
internal_value=7.48467e-05 0.0022672 0.00277997 -6.15755e-05 0.000959516 -0.000107746 0.00452635 6.32721e-05 0.000542704 0.0014915 0.00191743 -0.000279602 -1.27825e-05 0.000168112 0.000333897 0.000498632 0.000675621 0.000860278 0 0.000161555 0.000501581 0.000415394 -9.51791e-05 0.000128629 0.000189744 0.000466487 -0.000141148 -0.000318617 -0.000207215 8.54427e-05 0 5.53259e-05 0.000209841 0.000551053 -0.000237379 -0.000267424 0.00264312 -0.000345147 0 -0.000299186 0.00118894 -0.000158127 0.00086712 0 0 -0.000133647 0 0 0 9.00201e-05 0
internal_weight=12594 765 594 11829 447 11382 228 5509 874 366 281 5873 4635 1194 801 657 525 449 639 702 260 220 3441 336 371 223 3105 5234 2030 171 1075 771 448 189 1829 1639 182 4658 576 1491 296 419 153 193 393 383 267 442 231 142 323
internal_count=12230 765 594 11465 447 11018 228 5509 874 366 281 5509 4635 1194 801 657 525 449 515 702 260 220 3441 336 371 223 3105 4994 2030 171 1075 771 448 189 1829 1639 182 4418 576 1491 296 295 153 193 393 383 267 442 231 142 323
is_linear=0
shrinkage=0.0139946


Tree=137
num_leaves=52
num_cat=0
split_feature=16 2 10 37 11 5 18 30 9 56 27 42 10 37 57 58 2 24 63 49 57 47 41 40 49 63 38 8 61 1 24 53 9 40 24 20 57 38 9 37 40 20 0 34 57 0 63 29 56 38 42
split_gain=12.4074 4.50625 4.2555 4.65283 2.9151 5.93754 3.17854 1.25126 0.743981 0.990454 1.34714 0.355714 0.520933 0.325109 0.287216 0.554373 0.290943 0.284056 0.226314 0.210193 0.144574 0.137322 0.123613 0.118949 0.136099 0.105024 0.123963 0.0993162 0.0976297 0.153177 0.0697304 0.0663481 0.0557495 0.178952 0.0480369 0.124865 0.0456679 0.204178 0.059198 0.0416117 0.0337342 0.0418749 0.0219647 0.0617751 0.0218916 0.020544 0.0373788 0.018683 0.0898334 0.00275895 0.00268583
threshold=16.454411595244135 20.150000000000002 0.91925191855388755 20.45317532922267 9.5000000000000018 -0.25881904510252113 19.336804036891529 60.95000000000001 -0.32533907195844763 927.35000000000002 96.750000000000014 1.6022510094532494 -0.66483077113278999 22.69040325996362 922.6500000000002 0.92500000000000016 315.65000000000003 21.965000000000003 2.4295140820437635 703.70000000000016 919.75000000000011 121.15000000000002 18.264166666666672 0.16258331197862949 552.1500000000002 -2.8590639316290125 5.5580189108649209 0.78656609248549303 0.37500000000000006 12.655000000000003 22.685000000000006 0.99550000000000016 -0.92263100495486394 0.38214307966161315 23.755000000000006 24.203334718112178 924.95000000000016 2.2896122070012446 0.82876241254485883 22.410116072263111 0.14571661996497134 17.660190033487748 0.80500000000000016 0.5387802281968882 920.55000000000007 0.45500000000000007 0.77345151155689973 90.15000000000002 922.45000000000016 5.6830873277074589 1.0082864585557505
decision_type=2 2 2 2 2 2 2 2 2 2 2 2 2 2 2 2 2 2 2 2 2 2 2 2 2 2 2 2 2 2 2 2 2 2 2 2 2 2 2 2 2 2 2 2 2 2 2 2 2 2 2
left_child=1 2 3 -1 7 6 -6 20 9 -8 -11 12 19 22 32 16 23 21 25 28 -2 -7 -14 -16 31 -13 -27 -22 42 40 -19 -25 33 -15 -20 -36 -17 -38 -39 -24 -30 -42 43 -9 -34 -43 -47 48 -31 -28 -44
right_child=4 -3 -4 -5 5 17 8 11 -10 10 -12 18 13 14 15 36 -18 30 34 -21 27 -23 39 24 -26 26 49 -29 29 47 -32 -33 44 -35 35 -37 37 38 -40 -41 41 45 50 -45 -46 46 -48 -49 -50 -51 -52
leaf_value=0.00085222186007202544 -1.0254428933298418e-05 -0.00040081941069229708 0.00063780576907362409 0.00079820478674333612 0.0010767609767886835 -2.6952644151636564e-05 0.00087856108698986814 -0.0015672889804968667 -0.0059837193858286591 0.0011882804091523516 0.00039912575337635399 0.00042216549812940248 0.00058230900328381727 -0.00022251746587446063 -0.00040636301617637488 -0.0063013608455821405 -0.016411751376417871 0.0075428770584132759 -0.046700140438020857 0.017880058626908415 -0.15958473887696828 -0.06906968738974166 -0.0015068283625379812 0.0043783458769313223 -9.8058771878598529e-05 -0.0084756447125861663 0.00086984446951518491 -0.022189781721795847 -9.4568837506571587e-05 0.00035256346533353133 -6.3773451005233608e-05 0.00090258631633934245 -4.664660717009186e-05 0.0010498253824414239 -0.0024169288064709565 0.0068775241574192958 -0.022624273253515906 0.0055455642801609216 0.0013772800132101485 -1.6590379866386473e-05 -0.0030719000376506055 -0.0099919577166187965 -0.00042194150388818601 0.0057100994630205192 -0.0020324302842018335 -0.0015478475021781964 -0.00045628467389888721 -0.0020613139696093858 -0.00040357122642979806 -0.004349059751730733 -1.9730715558386465e-06
leaf_weight=218 123 165 100 105 137 283 135 68 123 159 83 106 68 125 91 151 74 98 70 74 2980 693 406 207 111 1240 71 188 269 97 113 68 74 125 74 99 146 76 147 102 85 70 290 106 280 1100 257 131 110 255 68
leaf_count=218 123 165 100 105 137 283 135 68 123 159 83 106 68 125 91 151 74 98 70 74 2616 693 406 207 111 1240 71 188 269 97 113 68 74 125 74 99 146 76 147 102 85 70 290 106 280 1100 257 131 110 255 68
internal_value=7.04025e-05 0.00205331 0.00281615 0.00359687 -2.14037e-05 0.000486442 0.00157885 -0.000119067 0.000869618 0.00117743 0.00171734 -1.85811e-06 5.03392e-05 0.000215277 0.000316599 0.00045727 0.000775982 -4.46768e-05 -0.000172557 -6.12537e-05 -0.000343889 -0.000192709 0 0.000902327 0.00103212 -0.000245347 -0.00027818 -0.000363017 -0.000104004 -0.000150152 0.000319218 0.00126042 0 0.000204778 5.11745e-05 0.000239728 0 0.000155296 0.000466487 -0.000148915 -0.000208918 -0.00023615 0 0.0001564 -3.16722e-05 -0.000254605 -0.000266691 0 0.000132359 0 0
internal_weight=12594 588 423 323 12006 1824 637 10182 500 377 242 6891 4976 2251 1675 1071 551 1187 1915 2725 3291 976 576 477 386 1672 1566 3168 2651 2119 211 275 604 250 243 173 520 369 223 508 1781 1512 532 174 354 1427 1357 338 207 326 358
internal_count=12230 588 423 323 11642 1824 637 9818 500 377 242 6891 4976 2251 1675 1071 551 1187 1915 2725 2927 976 576 477 386 1672 1566 2804 2651 2119 211 275 604 250 243 173 520 369 223 508 1781 1512 532 174 354 1427 1357 338 207 326 358
is_linear=0
shrinkage=0.0139946


Tree=138
num_leaves=52
num_cat=0
split_feature=16 5 37 11 5 18 38 5 44 3 4 25 35 34 52 11 52 11 63 52 9 44 57 60 16 44 1 5 25 61 57 9 57 9 53 63 1 10 5 59 63 3 32 59 1 10 29 38 52 10 7
split_gain=12.355 4.09362 4.03277 3.03359 5.78691 3.17854 1.59398 1.18697 0.802577 0.835639 0.864489 0.646402 0.718227 0.455811 0.87372 0.420233 0.405329 0.316705 0.346276 0.305313 0.242313 0.214613 0.214608 0.204231 0.471268 0.476171 0.291115 0.168981 0.165247 0.119472 0.112972 0.153299 0.102755 0.0839708 0.0763849 0.0845016 0.0831321 0.0693998 0.0659107 0.0595998 0.0539939 0.0455769 0.0398361 0.0315136 0.0265709 0.0259724 0.0232918 0.0370878 0.015579 0.00428054 0.00401973
threshold=16.454411595244135 -0.25881904510252113 20.347988524545105 9.5000000000000018 -0.25881904510252113 19.336804036891529 5.1355691475831593 0.60355339059327384 3.2834268494520513 0.99150000000000016 927.55000000000007 16.995000000000001 24.78323894322919 0.90279850325443023 0.84050000000000014 9.5000000000000018 0.0095000000000000015 4.5000000000000009 3.1019811327572868 0.99450000000000005 -0.88606241628642823 3.778758374336622 928.35000000000002 1.0050000000000001 22.188919359584421 2.6611580426808801 24.410000000000004 0.78656609248549325 23.345000000000002 26.955000000000002 924.45000000000016 0.37371625404731906 920.75000000000011 0.51236666743397874 0.99350000000000016 -2.0506898527979511 19.955000000000002 -0.76107606668641947 1.0000000180025095e-35 1.4550000000000003 2.0882862287067412 0.98950000000000016 0.77000000000000146 1.1650000000000003 23.295000000000005 -0.99463397642532658 98.450000000000017 5.6673519693952352 0.97050000000000003 -0.78295110140207591 0.91597561503675362
decision_type=2 2 2 2 2 2 2 2 2 2 2 2 2 2 2 2 2 2 2 2 2 2 2 2 2 2 2 2 2 2 2 2 2 2 2 2 2 2 2 2 2 2 2 2 2 2 2 2 2 2 2
left_child=1 2 6 7 5 -5 -1 11 9 10 -7 12 16 14 -12 -4 -2 18 50 21 27 23 -18 24 -19 -26 30 28 -6 44 31 42 33 -23 49 -36 39 -27 -22 41 -34 -37 46 -40 -9 -43 47 -25 -33 -21 -13
right_child=3 -3 15 4 20 8 -8 29 -10 -11 13 17 -14 -15 -16 -17 22 19 -20 34 38 32 -24 26 25 37 -28 -29 -30 -31 -32 48 40 -35 35 36 -38 -39 43 -41 -42 45 -44 -45 -46 -47 -48 -49 -50 -51 -52
leaf_value=0.00090062239378453819 -0.00073474749001588248 -0.00026616476559403163 -0.00086544344274843495 0.0010616920948630863 -7.397127314036078e-05 0.00076740433660663163 0.00064197062106715165 -0.10773525085708925 -0.0069553855823019772 -0.00091442230344732371 0.00093404298059489603 -0.074955132631216129 -0.061316878821768235 0.0008888587037358597 0.00063315976328329573 0.00077522688511312359 0.0021403190376302812 -2.7475609422216125e-05 0.004193662301398734 -0.00068564112407393371 -0.0022275905320422 -0.011212744110243702 0.0047079558301299871 -0.00038816010907565825 -0.0046151210651448615 0.014922270993847901 0.0010826891778688414 -0.022829846903017315 0.011124669099599829 0.0010003670610616567 0.00057485298115213582 -0.0055919116993796416 -0.009964232888980044 0.001614360569742364 -1.3069744908377812e-06 -0.0011473433655999823 -6.2556054069476937e-06 0.0011769571800657097 -0.039288864826719956 -8.7573529528584118e-05 -0.00036463199944372431 -0.00035021258817786446 -0.00035225704117415303 -0.040190190809471248 -0.04557794529575989 -0.00089363662986905498 -0.00033530927545402607 -0.0011059159367462247 0.00054490895802793648 0.00073375753341824244 -0.028772552806435217
leaf_weight=202 69 157 83 137 96 96 69 3117 100 72 93 1290 143 70 69 77 72 338 131 318 89 70 73 631 75 190 112 140 129 88 131 73 428 125 246 96 157 76 626 68 147 75 73 107 85 973 107 100 111 239 155
leaf_count=202 69 157 83 137 96 96 69 2753 100 72 93 1290 143 70 69 77 72 338 131 318 89 70 73 631 75 190 112 140 129 88 131 73 428 125 246 96 157 76 626 68 147 75 73 107 85 973 107 100 111 239 155
internal_value=7.48467e-05 0.00205331 0.00275635 -1.67418e-05 0.000501771 0.00157885 0.00384946 -0.000116319 0.000869618 0.00115566 0.00145713 -1.91874e-06 0.000564501 0.00192841 0.00241913 0.000465622 0.00108692 -4.33211e-05 -0.000216992 0 -2.11339e-05 0.000108267 0.00150897 0.000191845 0.000407292 0.000773704 3.18089e-05 0.000199714 0.000458673 -0.000335364 0 -7.70038e-05 -2.33049e-05 9.49309e-05 -0.000111664 -0.000161297 -0.00020678 0.00105564 -0.000201213 -0.000248397 -0.000180382 -0.000274862 -0.000191867 -0.00025091 -0.000350516 -0.000301595 -0.000222041 -0.000250449 0.000125397 0 -0.000305023
internal_weight=12594 588 431 12006 1824 637 271 10182 500 400 328 6892 357 232 162 160 214 6535 1576 4959 1187 2787 145 2017 679 341 1338 365 225 3290 1226 1095 770 195 2172 1615 1369 266 822 1212 575 1144 911 733 3202 1048 838 731 184 557 1445
internal_count=12230 588 431 11642 1824 637 271 9818 500 400 328 6892 357 232 162 160 214 6535 1576 4959 1187 2787 145 2017 679 341 1338 365 225 2926 1226 1095 770 195 2172 1615 1369 266 822 1212 575 1144 911 733 2838 1048 838 731 184 557 1445
is_linear=0
shrinkage=0.0139946


Tree=139
num_leaves=57
num_cat=0
split_feature=20 57 28 5 30 38 57 5 9 26 45 59 7 49 20 11 18 26 9 24 26 9 19 33 59 53 19 30 38 45 23 19 20 38 9 5 18 27 28 30 30 20 38 60 6 38 57 18 28 36 19 53 28 45 45 20
split_gain=12.0779 6.58837 5.51538 3.23085 2.05576 1.52497 1.43109 2.48252 2.44979 1.78354 0.674146 0.66528 0.398989 0.31236 0.27798 0.207141 0.320999 0.169582 0.158345 0.152969 0.187595 0.197193 0.143439 0.140022 0.108763 0.105082 0.0852817 0.0794767 0.154396 0.0768749 0.0675377 0.0640321 0.0636692 0.149839 0.206572 0.0688756 0.0754305 0.120838 0.122316 0.0500909 0.148964 0.047822 0.0512342 0.041025 0.0402995 0.0399225 0.0335285 0.0267689 0.0208038 0.0207639 0.0178898 0.0114117 0.0112823 0.0104554 0.00556414 0.00139667
threshold=17.560833970334667 925.75000000000011 85.950000000000017 -1.0000000180025095e-35 69.65000000000002 5.2349828891951704 925.35000000000002 -0.25881904510252113 -0.13301347478292289 92.550000000000011 2076.6120000000005 0.7350000000000001 0.60355339059327384 637.05000000000007 27.294632980552638 2.5000000000000004 24.728369130715638 93.550000000000011 -0.92263100495486394 21.555000000000003 75.850000000000009 -0.94130860066615785 34.865546784382083 21.024911956123265 0.6150000000000001 0.020500000000000004 34.277506672536674 90.550000000000011 4.9230573707032343 1951.4325000000001 26.435000000000006 21.180127439189366 21.660232520960999 4.7939071106240192 -0.081675638985454949 -0.5 22.37387254589467 98.050000000000011 98.550000000000011 60.95000000000001 65.750000000000014 30.22344238076894 3.3186905019643116 22.365000000000006 0.91597561503675351 1.2461281372498427 919.45000000000016 32.617067768918794 89.050000000000011 0.76370636903751854 21.305191211737796 0.99650000000000005 92.850000000000009 1534.7240000000002 2139.2430000000004 17.246969650170978
decision_type=2 2 2 2 2 2 2 2 2 2 2 2 2 2 2 2 2 2 2 2 2 2 2 2 2 2 2 2 2 2 2 2 2 2 2 2 2 2 2 2 2 2 2 2 2 2 2 2 2 2 2 2 2 2 2 2
left_child=1 54 17 5 12 10 13 8 9 -8 -4 -11 18 23 -15 16 25 -3 -2 29 -21 -22 43 32 27 -10 41 -25 30 50 -29 -23 35 -34 -35 36 37 -6 51 53 49 42 -26 45 47 -20 -47 -44 -38 -41 -9 -39 -37 -14 55 -1
right_child=4 2 3 -5 6 -7 7 19 15 11 -12 -13 39 14 -16 -17 -18 -19 22 20 21 31 -24 24 26 -27 -28 28 -30 -31 -32 -33 33 34 -36 52 48 38 -40 40 -42 -43 44 -45 -46 46 -48 -49 -50 -51 -52 -53 -54 -55 -56 -57
leaf_value=-0.002245979129789159 -0.00019555204255517075 -0.014212613647823082 0.00080985383958975614 0.0011230614754158756 -0.00096860011859811951 0.00077307039887547925 0.0036967908981487886 -0.048134559677701555 -0.00038385601453297044 -0.0037729536571878461 0.00084791875846023106 0.00092674455081141283 -0.17896540492511337 -0.00014496494683848406 0.0079505311577133808 -0.00054395848927904272 -0.0044638200542506858 0.00083601249503743055 -0.0022207892322342955 -0.01352986126661997 -0.0036573745550853602 0.0063846081021562678 -0.00023294936653171029 -0.0021406648450741366 -0.0003850865567142257 0.0010824694259905987 -9.0000731739906245e-08 -0.00038285182910807649 -0.0001375825766217124 -0.00016566170317117127 0.0025500836116801933 6.9169143550927047e-05 -0.00025613495725902008 0.00096314563546158471 -0.00010783397627829379 -0.00048345840684881742 -5.5018423159934238e-05 0.0019312717030250215 -2.9940713448016016e-05 0.017826332639774501 -0.0049719771582850706 -0.00016219940874781687 -0.0011956169968171644 -0.0086256287926937143 -8.7630513062481754e-05 -0.0040814266639958028 -0.12224747796718186 -0.00028401366079563583 -0.00048203402272345132 -0.012401592566570013 -0.02707213215121115 -0.00057553455111704213 -0.00075006161296858052 -0.12442828537387657 -0.00028310497082275737 -7.1227065969465148e-05
leaf_weight=200 153 146 279 85 155 111 79 484 84 80 74 178 225 143 132 208 124 81 75 84 78 68 126 262 70 80 175 72 245 241 82 68 179 181 100 68 149 90 82 91 138 68 1390 72 91 84 3711 215 279 86 68 94 379 81 83 68
leaf_count=200 153 146 279 85 155 111 79 484 84 80 74 178 225 143 132 208 124 81 75 84 78 68 126 262 70 80 175 72 245 241 82 68 179 181 100 68 149 90 82 91 138 68 1390 72 91 84 3347 215 279 86 68 94 379 81 83 68
internal_value=7.15136e-05 0.00145512 0.00217523 0.00293975 -5.8809e-05 0.00340253 9.38393e-05 0.000417583 0.000992282 0.00194416 0.00396716 0.00099336 -0.000281534 -2.44467e-05 0.000401113 0.000205351 0.000460855 2.29547e-05 -0.00033079 0 0.000244804 0.000503441 -0.000348074 -6.62625e-05 -0.000132439 0.000866144 -0.000184116 0 0.000147165 -0.000122811 0.000499708 0.000822793 0 0.00016318 0.000383699 -1.14875e-05 0 0.000183856 0.000376451 0 0.000164979 -0.000215007 -0.000230877 -0.000363523 -0.000247814 -0.000369705 -0.000376086 -0.000264199 -3.33821e-05 0.000459706 -0.000220972 0.000577172 -0.000174453 -6.20666e-05 0 -6.35462e-05
internal_weight=12594 1127 776 549 11467 464 6625 1924 833 337 353 258 4842 4701 275 496 288 227 4221 1091 298 214 4068 4426 2670 164 2009 661 399 793 154 136 1756 460 281 1296 849 421 266 621 315 1834 1766 3942 1696 3870 3795 1605 428 177 552 184 447 306 351 268
internal_count=12230 1127 776 549 11103 464 6625 1924 833 337 353 258 4478 4701 275 496 288 227 3857 1091 298 214 3704 4426 2670 164 2009 661 399 793 154 136 1756 460 281 1296 849 421 266 621 315 1834 1766 3578 1696 3506 3431 1605 428 177 552 184 447 306 351 268
is_linear=0
shrinkage=0.0139946


Tree=140
num_leaves=55
num_cat=0
split_feature=62 18 5 25 58 45 10 62 44 44 45 63 45 45 25 52 63 61 25 28 44 22 60 42 9 9 61 30 56 30 20 32 30 62 27 27 40 30 62 25 44 41 7 27 34 17 40 28 20 9 44 9 52 20
split_gain=20.015 3.68359 3.58859 2.41202 4.91207 1.73311 0.973937 0.962869 1.45729 0.636947 0.880687 0.504192 0.401561 0.456044 0.386979 0.220457 0.247771 0.30837 0.550371 0.501251 0.606604 0.315849 0.154192 0.177489 0.140892 0.324369 0.125241 0.106858 0.0885345 0.0698294 0.271039 0.0655835 0.0607143 0.0418181 0.0383756 0.25139 0.0352326 0.0268631 0.0239007 0.0219372 0.0190688 0.0191832 0.0149872 0.127387 0.0488919 0.0443998 0.00957724 0.104598 0.00974438 0.00537981 0.00401779 0.00381058 0.0029832 0.000763472
threshold=17.65929765440621 19.336804036891529 -1.0000000180025095e-35 16.995000000000001 0.88500000000000012 1850.796 -0.18399835165767994 19.268537055770619 2.2471656462563563 3.2834268494520513 2111.8045000000006 2.9962867692734041 1604.3835000000001 1862.1445000000001 29.115000000000006 0.99450000000000005 0.42742214363542536 3.4750000000000005 24.605000000000004 95.850000000000009 3.7055280753513919 28.985000000000003 13.595000000000001 0.82871185165534089 -0.88606241628642823 -0.92263100495486394 5.995000000000001 95.15000000000002 926.55000000000007 78.950000000000017 25.985143779059133 -1.1700000000000006 99.050000000000011 19.367305066353641 93.550000000000011 80.350000000000009 0.76551725053081765 57.95000000000001 18.327153873826422 17.550000000000001 1.9343085283659598 21.740833333333335 0.60355339059327384 98.950000000000017 0.44616851827004395 29.606749731153695 0.45092497528239756 90.950000000000017 21.19059625764088 0.34156760613242348 3.8181376130378899 0.4975086818028765 0.31350000000000006 21.493496025437974
decision_type=2 2 2 2 2 2 2 2 2 2 2 2 2 2 2 2 2 2 2 2 2 2 2 2 2 2 2 2 2 2 2 2 2 2 2 2 2 2 2 2 2 2 2 2 2 2 2 2 2 2 2 2 2 2
left_child=1 2 12 4 -2 11 15 8 -8 10 -3 33 -1 -14 31 16 22 18 46 20 21 -20 27 -24 25 34 32 40 -10 30 -6 37 38 -5 35 -9 -37 -13 -17 -35 -7 -42 45 44 -44 49 47 48 -18 -28 -40 53 -26 -19
right_child=3 9 -4 5 29 6 7 24 28 -11 -12 14 13 -15 -16 26 17 51 19 -21 -22 -23 23 -25 52 -27 42 -29 -30 -31 -32 -33 -34 39 -36 36 -38 -39 50 -41 41 -43 43 -45 -46 -47 -48 -49 -50 -51 -52 -53 -54 -55
leaf_value=0.0010269020148583365 0.0021429383963512791 0.00099459652805356088 0.00088478647274295647 -0.018105633974638213 0.0070614250754383653 -0.0053603185120300514 0.0009747767196820517 -0.00056750409569438637 -0.00038774225516985693 -0.015082424558946934 -0.00035250917960868847 8.389910062786214e-05 0.00083067631836932019 0.00075549033907136218 -0.22776635347291574 -0.0021012597471371263 -0.00020727346602254009 -0.0003791696813352758 0.031612094427308168 -0.051792797618151254 0.00027383146796809129 0.0014301654550825647 0.0013325214167670832 -0.0027825471625489294 -0.0022866990134640854 0.011183173546379713 -0.00072255493787924739 -9.8672496809226272e-06 0.0010412086317232276 -0.025254788073872558 -0.058693566041231 -0.02207127215291969 -8.7086471107318635e-06 -0.012994024174354598 -0.00012148232735900125 0.0030950188706273182 0.00067256932292562518 0.0049448471978936455 -0.0014954802230493912 -0.08350028362921956 -0.0015144553008723564 -0.0061982775551040203 0.00048907101288770663 -0.0003349828372858162 -0.00014003398928018896 0.0015260174324208695 -0.00033902416159458385 -0.0016325567895714578 0.00048755892097857609 -5.3662173447487298e-05 -0.00061070866433136223 5.5612294933927794e-05 -0.018076881785135075 -0.0025216676343650991
leaf_weight=68 92 206 70 66 105 71 97 171 102 86 73 73 74 188 298 70 90 68 75 69 87 68 130 169 68 71 432 517 102 144 106 74 158 90 228 74 77 94 947 4528 76 645 79 212 76 75 204 92 72 72 98 68 221 228
leaf_count=68 92 206 70 66 105 71 97 171 102 86 73 73 74 188 178 70 90 68 75 69 87 68 130 169 68 71 432 517 102 144 106 74 158 90 228 74 77 94 947 4284 76 645 79 212 76 75 204 92 72 72 98 68 221 228
internal_value=7.37357e-05 0.0022672 0.00327996 -6.27584e-05 0.000928338 -0.000107746 4.18317e-05 0.00040218 0.00111617 0.000962651 0.00128631 -0.000296976 0.00389168 0.00436635 3.98481e-07 -3.28678e-05 3.23644e-05 0.000206336 0.000377599 0.000847291 0.00116402 0.00172881 -4.71628e-05 0.000149564 9.03253e-05 0.000237162 -0.000143391 -0.000143648 7.24259e-05 0 0.000253473 0.000516044 -0.000234645 -0.000345561 0 0.000152338 0.000609306 0.000677545 -0.000271098 -0.000350559 -0.000245837 -0.000267466 0 4.45945e-05 0.00040463 -6.15662e-05 0 8.56207e-05 0.00036941 -0.000146773 -0.000287888 0 0 -5.00552e-05
internal_weight=12594 765 400 11829 447 11382 6159 1211 301 365 279 5223 330 262 539 4948 2729 1121 757 299 230 143 1608 299 910 621 2219 1309 204 355 211 241 1273 4684 550 322 151 167 1115 4618 792 721 946 367 155 579 458 254 162 504 1045 364 289 296
internal_count=12230 765 400 11465 447 11018 6159 1211 301 365 279 4859 330 262 419 4948 2729 1121 757 299 230 143 1608 299 910 621 2219 1309 204 355 211 241 1273 4440 550 322 151 167 1115 4374 792 721 946 367 155 579 458 254 162 504 1045 364 289 296
is_linear=0
shrinkage=0.0139946


Tree=141
num_leaves=54
num_cat=0
split_feature=16 5 37 16 57 5 18 38 42 53 38 53 59 30 54 11 59 45 47 37 55 33 16 32 11 18 38 37 45 60 30 31 40 56 41 37 31 42 38 27 40 37 52 18 33 42 58 59 27 38 27 27 27
split_gain=12.5996 3.79848 4.03277 3.0398 4.38745 2.39014 2.80429 1.59398 1.29523 0.947384 0.632114 0.838623 0.767138 0.461621 0.577933 0.420233 0.267027 0.388691 0.430842 0.417983 0.570375 0.681551 0.412312 0.167319 0.199552 0.159487 0.146726 0.105065 0.100819 0.0858927 0.080723 0.0848217 0.0782277 0.0521683 0.191867 0.0761573 0.0566165 0.0182237 0.030427 0.0127684 0.00953725 0.00903517 0.0648356 0.0748666 0.00442393 0.00385109 0.00309702 0.00268364 0.000983439 0.000226063 0.000180684 8.37088e-05 8.72575e-06
threshold=16.454411595244135 -0.25881904510252113 20.347988524545105 19.983600662764509 925.35000000000002 -0.25881904510252113 18.572761547599132 5.1355691475831593 1.6158073235297241 0.13350000000000004 5.2425578704255384 0.97650000000000003 1.1650000000000003 60.95000000000001 0.99350000000000016 9.5000000000000018 1.3550000000000002 2234.5600000000009 351.15000000000003 20.743177498849107 925.1500000000002 24.622205543765435 23.345148018852054 -2.7099999999999977 4.5000000000000009 34.044553120265512 1.3186086495282077 29.909823097345598 2305.4850000000006 25.080000000000002 95.15000000000002 9.3236353043681248 1.2799869788361173 920.95000000000016 22.679166666666667 23.50171791218164 -0.22926093197402328 0.52849620137989695 5.5170101169317221 61.550000000000004 0.20999999999999475 22.410116072263111 0.99650000000000005 20.252088399702252 21.295366287421235 0.32995201623484643 0.53500000000000014 2.0150000000000001 77.550000000000011 3.5769640212675182 43.45000000000001 55.650000000000013 56.850000000000001
decision_type=2 2 2 2 2 2 2 2 2 2 2 2 2 2 2 2 2 2 2 2 2 2 2 2 2 2 2 2 2 2 2 2 2 2 2 2 2 2 2 2 2 2 2 2 2 2 2 2 2 2 2 2 2
left_child=1 2 7 4 33 6 -6 -1 13 -8 11 12 -11 27 16 -4 17 18 19 -15 22 44 40 -24 -25 26 -10 -5 30 32 31 -28 45 34 -2 41 -37 -19 -39 52 -21 49 43 -43 -22 -16 -33 -41 -20 -35 -27 -52 -18
right_child=3 -3 15 8 5 -7 9 -9 25 10 -12 -13 -14 14 29 -17 39 37 48 20 21 -23 23 24 -26 50 28 -29 -30 -31 -32 46 -34 35 -36 36 -38 38 -40 47 -42 42 -44 -45 -46 -47 -48 -49 -50 -51 51 -53 -54
leaf_value=0.00084530356986628463 -7.4141249704920837e-05 0.00039543122474372121 -0.0008740924638787358 -0.13650214848439809 0.00077860995514533336 -6.7932835364079992e-05 -0.0086850870541294433 0.00059030406986834857 0.00047254164406944219 0.0010324883088444323 -2.3419900853066589e-05 0.00064038470140088467 0.0010242817997060038 -0.022328240568171242 -0.00036427633823587916 0.00074298620735640587 -0.080601301452828567 0.00071024185866258409 -0.036498313204363704 5.1472239104511619e-05 0.00050437143773653266 -0.00029858226465681153 -0.00042108766037478107 -0.0013439994446307107 0.0083972885802990043 -0.064657185978307247 -0.037788208407879477 -0.00092756641382949314 -5.9975856669970829e-05 0.00037732290832621234 -0.00025472775447427657 0.0062365174755804557 -0.0042813649156016329 -4.3922146732079826e-05 0.0005000115703212713 -0.00092360093455934713 -0.00047677124124007064 -0.0003505113410072904 -8.3341628672186284e-06 -0.015118063498013177 -0.00072563394745415403 -1.2523852001353187e-05 -7.0644971458078135e-05 8.3907269324673032e-05 0.0059086415310261285 -0.0026019176269730499 -0.066159771845617235 -0.00034840655402977773 0.0027667248213299146 -0.0025426743596052548 0.00032607450220331077 -0.00013298733796447752 0.014131151498274947
leaf_weight=202 231 157 83 727 93 244 100 69 102 160 83 124 69 146 93 77 71 92 209 69 108 187 89 100 415 166 3563 174 108 76 254 68 78 73 109 535 93 406 82 261 282 77 164 106 223 768 257 68 93 167 70 101 72
leaf_count=202 231 157 83 715 93 244 100 69 102 160 83 124 69 146 93 77 71 92 209 69 108 187 89 100 415 158 3239 154 108 76 254 68 78 73 109 535 93 406 82 261 282 77 164 106 223 768 257 68 93 167 70 101 72
internal_value=7.9291e-05 0.00207704 0.00275635 -1.32455e-05 0.000422429 0.00121565 0.00167075 0.00384946 -0.000130782 0.00109554 0.0013777 0.00164039 0.0022014 1.5782e-05 9.31097e-05 0.000465622 0.000202264 0.000263668 0.000360666 0.000454285 0.000531328 0.000959571 0.000227214 0.000463485 0.000561435 -0.000297906 -0.000320612 -0.000251343 -0.000334688 -0.000160132 -0.000345978 -0.000362741 -0.000213526 0 0.000122212 -6.48099e-05 -0.000178312 0 -8.07167e-05 0 0 0 7.12201e-05 0.000279753 0.00135612 -0.000259751 0 -8.69372e-05 0 0 0 4.48428e-06 0
internal_weight=12594 588 431 12006 2428 873 629 271 9578 536 436 353 229 4889 3988 160 2973 2501 1921 1619 1473 518 955 604 515 4689 4352 901 4250 1015 4142 3888 939 1555 340 1215 628 580 488 472 351 587 347 183 331 861 325 329 302 240 337 171 143
internal_count=12230 588 431 11642 2428 873 629 271 9214 536 436 353 229 4857 3988 160 2973 2501 1921 1619 1473 518 955 604 515 4357 4028 869 3926 1015 3818 3564 939 1555 340 1215 628 580 488 472 351 587 347 183 331 861 325 329 302 240 329 171 143
is_linear=0
shrinkage=0.0139946


Tree=142
num_leaves=60
num_cat=0
split_feature=62 18 16 25 4 5 62 57 9 59 10 30 52 24 9 31 39 53 0 34 58 45 10 29 3 26 20 45 45 3 57 44 52 57 57 62 22 55 62 24 9 27 28 31 31 31 30 25 62 0 59 26 28 55 55 29 9 9 22
split_gain=19.569 3.50517 2.82391 3.38649 1.36404 1.30191 1.15004 0.996001 0.74504 0.743291 0.488195 0.337447 0.240873 0.313688 0.362868 0.331458 0.242595 0.2077 0.252594 0.304697 0.255301 0.286236 0.354186 0.219525 0.22691 0.206067 0.160481 0.310594 0.392673 0.330477 0.122632 0.109685 0.109505 0.101894 0.159963 0.0923747 0.0820461 0.0710448 0.0906498 0.069973 0.0540893 0.03887 0.0368752 0.0263433 0.0200269 0.015818 0.0127256 0.0368655 0.0222249 0.01206 0.00934496 0.00485184 0.00319243 0.00294443 0.00344472 0.00228906 0.0164895 0.000934442 2.96642e-06
threshold=17.042356613092441 19.336804036891529 18.453144659510638 16.995000000000001 930.6500000000002 0.78656609248549325 18.652166542208217 925.45000000000016 -0.88606241628642823 0.80500000000000016 0.33345642693991789 60.95000000000001 0.99550000000000016 21.855000000000004 -0.92263100495486394 -4.806696608787056 22.345000000000002 0.99350000000000016 0.72500000000000009 0.561821627137984 0.47500000000000003 2245.8240000000001 0.91925191855388755 99.15000000000002 0.99650000000000005 95.850000000000009 20.972886841177594 1279.325 1499.2635000000002 0.081500000000000017 919.75000000000011 2.132135032749765 0.98850000000000005 928.45000000000016 929.75000000000011 18.59871034772112 21.285000000000004 925.05000000000007 19.07770863280648 35.145000000000003 -0.99466160899732459 64.65000000000002 94.65000000000002 -5.624355680095289 -1.4443018304468465 -0.91011896791852809 99.15000000000002 22.755000000000006 19.07770863280648 1.7450000000000003 0.50500000000000012 66.850000000000009 61.250000000000007 922.85000000000002 920.55000000000007 54.750000000000007 0.38962684145003695 -0.11593352601052358 24.255000000000006
decision_type=2 2 2 2 2 2 2 2 2 2 2 2 2 2 2 2 2 2 2 2 2 2 2 2 2 2 2 2 2 2 2 2 2 2 2 2 2 2 2 2 2 2 2 2 2 2 2 2 2 2 2 2 2 2 2 2 2 2 2
left_child=1 4 3 -2 -1 8 7 44 10 -9 12 30 13 -4 15 -15 -17 18 20 26 52 22 23 24 25 51 57 49 29 -29 -10 -18 35 -3 -35 -21 -37 38 -19 42 -7 -40 -32 -43 -5 -46 47 48 -8 -28 -45 -22 -13 54 -34 -30 -57 -20 -14
right_child=2 33 5 6 -6 40 46 9 11 -11 -12 17 58 14 -16 16 31 37 19 32 21 -23 -24 -25 -26 -27 27 28 55 -31 39 -33 53 34 -36 36 -38 -39 41 -41 -42 43 -44 50 45 -47 -48 -49 -50 -51 -52 -53 -54 -55 -56 56 -58 -59 -60
leaf_value=0.0007867895515935835 0.0012743402427599149 0.00029735584487601622 -0.0019453680130531864 -0.0019850510837788405 0.00074143559344603432 -0.035046136869327289 -1.4999679707533277e-05 0.00054574331112589405 -0.0007170508385819619 0.0010343510514701025 0.011288834946844352 0.00042267310873848088 -0.00046289209300863591 -5.7891814403217836e-05 -0.00018604233570457116 -0.00014485824338266001 0.002439655706453566 4.4132753596880947e-06 -0.0005699178415849406 -0.00027069739266636847 0.01192331407656278 -0.00075496974840720738 -0.0044983597597859247 -0.059922147703231614 -0.0020873575274989288 -5.7468380186301507e-05 -0.017752643560371238 0.00022931603795008833 -0.00084857750157269992 0.011117067856024787 -0.097894226109998525 0.0046719842151876079 -0.00037638248941709835 0.00098639984099921883 0.0004015866421240068 -0.0047922757639393201 -0.0074777686739471334 2.6450136663300684e-05 -0.016826716382969377 -0.0011408804976998938 -0.12938755860903622 -0.00012588148440150607 -0.11749524118659363 -0.00080246287200314947 9.7071562022189807e-05 -0.00046870949302045252 0.00064050383759858181 0.00010482872450575394 -0.0015193485273965581 0.0062607628196354069 -0.00092807641103094573 0.0054796128227741266 -0.0035474811746326897 -0.0021079885749933718 0.00040594048426128773 -0.00047065435112316948 0.0012717196647139719 -0.0048115164544144913 -0.00021701415931057988
leaf_weight=252 98 86 165 84 71 60 124 108 94 147 69 74 168 82 120 84 73 218 68 75 77 205 95 82 72 76 245 70 85 75 1249 156 72 69 71 167 852 125 88 128 2806 112 68 89 107 98 119 89 408 121 964 325 222 151 141 85 68 174 68
leaf_count=252 98 86 165 84 71 60 124 108 94 147 69 74 168 82 120 84 73 218 68 75 77 205 95 82 72 76 245 70 85 75 1201 156 72 69 71 167 852 125 88 128 2490 112 68 89 107 98 119 89 408 121 964 325 222 151 141 85 68 174 68
internal_value=7.9291e-05 0.00266029 -3.31487e-05 0.000553424 0.00368303 -0.000115574 0.000301096 0.000791317 -1.27319e-05 0.00144573 0.000335173 -7.30044e-05 0.000163225 0.000323982 0.000507283 0.000717092 0.00092429 -6.30169e-06 3.7567e-05 -2.08722e-05 0.000208753 0.000333065 0.000468024 0.000601092 0.000702072 0.00081208 0.000133276 0.000255629 0.000534365 0.00112781 -0.000257533 0.00117088 -0.000171837 0.000884738 0.00118235 -0.000242707 -0.000284528 -0.000149464 -0.000183528 -0.00029535 -0.000371673 -0.000231694 -0.000325713 -0.000253485 0 0.000137698 0 -6.32565e-05 -0.000134881 0 -0.000275622 0.00093995 0 0 5.18063e-05 0 5.38044e-05 0 -1.56136e-05
internal_weight=12594 549 12045 1382 323 10663 1284 544 7797 255 985 6812 916 680 515 395 313 5273 3677 2449 1228 932 727 632 550 478 991 749 383 145 1539 229 1458 226 140 1094 1019 1596 1471 1445 2866 1253 1317 1165 289 205 740 621 532 366 1053 402 296 364 213 238 153 242 236
internal_count=12230 549 11681 1382 323 10299 1284 544 7749 255 985 6764 916 680 515 395 313 5273 3677 2449 1228 932 727 632 550 478 991 749 383 145 1491 229 1458 226 140 1094 1019 1596 1471 1397 2550 1253 1269 1165 289 205 740 621 532 366 1053 402 296 364 213 238 153 242 236
is_linear=0
shrinkage=0.0139946


Tree=143
num_leaves=58
num_cat=0
split_feature=62 18 20 37 19 38 4 5 10 9 57 19 38 27 63 21 20 9 9 53 9 61 40 0 57 59 9 10 57 57 62 10 8 9 59 57 19 19 39 38 54 24 38 9 23 19 63 3 23 18 38 10 24 20 9 10 10
split_gain=19.6494 3.50517 3.04786 2.21592 2.04908 2.94652 1.36404 1.23343 1.21617 0.457289 0.342017 0.48238 0.308417 0.257961 0.209831 0.373226 0.237002 0.246901 0.470985 0.319473 0.2017 0.192188 0.18044 0.316005 0.163803 0.154336 0.152969 0.102249 0.101894 0.159963 0.0915895 0.0676692 0.0790032 0.0886462 0.0593678 0.0563703 0.092073 0.162012 0.135408 0.0558872 0.142729 0.134417 0.115888 0.0528193 0.0357882 0.0311203 0.0251303 0.0771817 0.277129 0.0507489 0.0187855 0.0187786 0.00954054 0.00815292 0.00170934 0.000947661 0.0121853
threshold=17.042356613092441 19.336804036891529 18.139028020211551 21.530535618151124 20.311552195899164 5.2425578704255384 930.6500000000002 0.78656609248549325 0.94415253529446119 -0.8779519545588893 924.45000000000016 17.941441828843988 4.8601775560500213 41.650000000000013 1.72354170530552 16.995000000000001 25.554968959922746 -0.12447811117596669 0.52707282776374187 0.89050000000000018 0.41327478071396911 5.2350000000000012 0.22516660498399899 1.0050000000000001 923.25000000000011 0.43500000000000005 -0.63874350706337046 0.74407637760383738 928.45000000000016 929.75000000000011 18.527192493512675 -0.99862982478704421 0.98296291314453421 0.96683886033945965 0.89500000000000013 922.85000000000002 27.914810880747623 31.802132819999258 23.45333333333333 4.3765257965913529 0.97450000000000003 26.935000000000006 5.2425578704255384 -0.99466160899732459 28.675000000000004 34.573156788375989 2.810741070374521 0.37950000000000006 22.815000000000001 28.424702389244832 4.764634225889492 -0.60505606964884906 27.585000000000004 18.929891436406233 -0.82391537601316178 -0.94128245028753155 -0.76107606668641947
decision_type=2 2 2 2 2 2 2 2 2 2 2 2 2 2 2 2 2 2 2 2 2 2 2 2 2 2 2 2 2 2 2 2 2 2 2 2 2 2 2 2 2 2 2 2 2 2 2 2 2 2 2 2 2 2 2 2 2
left_child=1 6 3 4 -2 8 -1 9 27 10 39 -12 -13 -11 15 20 46 -18 19 -19 -15 25 54 24 -24 51 34 -6 -3 -30 -28 -32 33 45 -27 36 55 38 -38 -4 -41 42 -42 -9 53 -33 49 48 -48 -16 -20 -17 -26 -37 -5 -23 -57
right_child=2 28 7 22 5 -7 -8 43 -10 13 11 12 -14 14 16 21 17 18 50 -21 -22 35 23 -25 52 26 30 -29 29 -31 31 32 -34 -35 -36 44 37 -39 -40 40 41 -43 -44 -45 -46 -47 47 -49 -50 -51 -52 -53 -54 -55 -56 56 -58
leaf_value=0.00077577871529016214 -0.0039132800525867751 0.00029319445696081309 -0.00066750168863480373 -7.9915381446757383e-05 0.00071264902440634585 -0.025731252752438778 0.00073105946944651448 -0.034555678810559085 0.0024127044663024865 -0.18898994416916509 -4.7930989462761179e-05 0.0017608622362596917 -0.0024316163822198922 -9.2584607539483856e-05 -0.0026145479989477484 0.0013710835490650475 -0.018413791525156049 0.029358420419426521 -0.097553470156298103 0.0078785886724764189 0.00024436739282830846 0.00055115771663540231 -4.8967685941113935e-05 -0.0027649117569071824 0.00114129146945004 -0.0021766606044110867 0.00017425121129896327 0.0014166871113231948 0.00097259553061292809 0.00039596658175446506 -0.0004397428233358186 -0.0025879196602998818 -0.0023082401640550708 -0.0043115065711204163 0.0019701858264547 -0.00010718175439443967 0.00070831046987379306 -0.00069897191645467002 -6.3516400831071818e-05 -0.00013703104076328974 0.0035512946106182968 -0.00033255858062073096 -0.0066169896252657257 -0.12757682634314452 0.00011465584177966632 -5.120262920214281e-05 -0.010445724327730735 -0.00037444016445089911 0.0036255492016457674 -6.4756902562132171e-05 0.0032877739128205239 -0.0091847444076064762 7.7095468539065408e-05 -0.0013464635023629585 -0.0012216333248072609 -0.0040981174568567235 0.00046176834607109608
leaf_weight=252 108 86 217 102 115 81 71 60 79 730 145 124 92 70 327 68 176 94 221 73 79 153 77 122 72 209 68 68 69 71 108 2126 153 208 118 68 126 112 84 223 125 90 78 2806 69 72 103 183 103 149 122 76 73 390 238 217 95
leaf_count=252 108 86 217 102 115 81 71 60 79 682 145 124 92 70 327 68 176 94 221 73 79 153 77 122 72 209 68 68 69 71 108 2126 153 208 118 68 126 112 84 223 125 90 78 2490 69 72 103 183 103 149 122 76 73 390 238 217 95
internal_value=7.37357e-05 0.00266029 -3.89571e-05 0.000641781 0.00141087 0.00194361 0.00368303 -0.000116049 0.00266914 -1.82722e-05 0.000234534 0.000592217 0.00100885 -6.78109e-05 -2.65081e-05 -8.1661e-05 9.60284e-05 0.000297149 0.000461658 0.00109193 0.000530185 -0.000116941 3.39817e-05 0.000318258 0.00065799 -0.000176098 -0.000205751 0.00338358 0.000884738 0.00118235 -0.000241532 -0.000257964 -0.000272997 -0.000292726 0 0 9.89093e-05 0.000281973 0.000520873 0 0.000127158 0.000350997 0.000553016 -0.000366793 -7.92629e-05 -0.000318877 0 0 0.000269669 -0.000101487 0 0 0.000937224 -0.00014989 -5.67124e-05 0 -2.43175e-05
internal_weight=12594 549 12045 1135 451 343 323 10910 262 8044 1094 361 216 6950 6220 4669 1551 686 510 167 149 4520 684 344 222 3206 3062 183 226 140 2735 2667 2559 2406 327 1314 787 322 210 733 516 293 203 2866 527 2198 865 389 206 476 343 144 145 458 340 465 312
internal_count=12230 549 11681 1135 451 343 323 10546 262 7996 1094 361 216 6902 6220 4669 1551 686 510 167 149 4520 684 344 222 3206 3062 183 226 140 2735 2667 2559 2406 327 1314 787 322 210 733 516 293 203 2550 527 2198 865 389 206 476 343 144 145 458 340 465 312
is_linear=0
shrinkage=0.0139946


Tree=144
num_leaves=53
num_cat=0
split_feature=20 57 26 5 5 6 56 26 5 31 10 40 24 60 40 42 42 63 40 44 30 38 20 54 44 57 3 58 24 10 10 6 36 10 60 54 30 30 31 10 59 27 10 3 7 24 52 42 42 41 30 34
split_gain=12.3168 6.95102 3.12871 2.28723 2.27489 2.25711 1.51045 2.38436 1.79547 3.39541 2.55849 2.08036 0.592184 0.239497 0.280136 0.171457 0.169318 0.135793 0.292471 0.266739 0.242675 0.470406 0.406743 0.14723 0.192682 0.292994 0.532746 0.136228 0.133166 0.259264 0.189931 0.124763 0.253956 0.220497 0.178028 0.192884 0.11532 0.326114 0.0954156 0.0856316 0.0723701 0.0585842 0.0390764 0.0415417 0.0334637 0.0277859 0.0138428 0.0104377 0.00793993 0.00728128 0.0396048 0.00616011
threshold=17.159050824140841 926.55000000000007 91.350000000000009 -0.25881904510252113 0.60355339059327384 -0.12940952255126037 926.25000000000011 86.250000000000014 -0.25881904510252113 -1.292949249346506 0.91925191855388755 0.17540419194573817 26.035000000000004 23.260000000000002 0.333216646243156 1.2730187172913119 0.79900458848355627 2.5342725981353529 0.39949968710861988 3.2196355733317601 81.350000000000009 4.7266731679409402 29.374858447997216 0.98950000000000016 2.5427266903594226 922.6500000000002 0.87050000000000016 0.79500000000000015 22.755000000000006 0.74407637760383738 0.98043284291745803 0.37940952255126048 0.54933564806761448 -0.97106408147883394 0.085000000000000006 0.97250000000000003 92.850000000000009 97.450000000000017 9.7744155884849206 -0.99271195016773384 0.54500000000000015 95.250000000000014 -0.99271195016773384 0.82650000000000012 0.91597561503675362 29.925000000000004 0.97850000000000004 1.6954079093329051 1.2632866497852084 20.430833333333336 94.750000000000014 1.142673884520345
decision_type=2 2 2 2 2 2 2 2 2 2 2 2 2 2 2 2 2 2 2 2 2 2 2 2 2 2 2 2 2 2 2 2 2 2 2 2 2 2 2 2 2 2 2 2 2 2 2 2 2 2 2 2
left_child=1 -1 -3 5 6 -4 13 28 9 36 11 -11 -7 17 -15 -16 -6 18 27 23 21 -19 -23 24 51 -26 -27 41 -8 48 -31 -29 -33 -34 -35 -36 -9 -38 -18 -21 -25 45 -43 -44 -41 -2 -45 -22 -30 -10 -51 -20
right_child=4 2 3 -5 16 12 7 8 49 10 -12 -13 -14 14 15 -17 38 20 19 39 47 22 -24 40 25 26 -28 31 29 30 -32 32 33 34 35 -37 37 -39 -40 44 -42 42 43 46 -46 -47 -48 -49 -50 50 -52 -53
leaf_value=-7.8275978541458846e-05 0.00061148121274831612 0.00042933615097940042 0.00088855312403758125 0.0011106211470048872 -0.0015999043380826509 0.00064746534948139213 -0.028897474729767291 -0.00071252062808203139 -0.014757055386744069 0.00068070128176150456 0.00048659915101000381 0.0011819018994852081 0.00075119096423242242 -6.6568247184219957e-06 0.0013808462288917628 -2.1153086366389808e-05 -0.097463339216548928 -0.0011069692084360592 -0.0018104224450853602 -0.0050768921462684751 -0.00043809217568863964 0.0050765364332199959 -0.00044637216726432706 -7.177083006703335e-05 -9.8924813375044201e-05 -0.0032685878504311655 0.0094125269829312946 -0.00010068546368923752 -0.0002426693810386689 0.0048012382557480939 -0.0041002090701897287 -0.00067277877994383734 -0.0018076206007955065 -0.0067235308141068715 0.00013111187440593503 0.00035164790658872999 0.00045715997161832579 -0.0025659888879709615 -0.024540162479896575 -0.010793685548714252 -0.0053942913047204675 -0.00043361586407726134 -8.1081961417542656e-05 -0.001037924424986331 -0.0056168580148894219 -0.0024761877257858007 -0.00038058210405917298 -7.6575319808625957e-05 -0.14312798977417901 0.0022658900030643344 -0.0054987859112178815 -0.0013453087838181616
leaf_weight=302 140 99 75 75 237 242 439 142 151 70 77 81 89 185 100 69 3466 251 90 108 255 142 89 84 280 70 110 366 136 134 74 155 78 70 91 218 95 71 231 1351 465 91 68 74 71 74 487 70 203 100 69 234
leaf_count=302 140 99 75 75 237 242 439 142 151 70 77 81 89 185 100 69 3102 251 90 108 255 142 89 84 280 70 110 366 136 134 74 155 78 70 91 218 95 71 231 1351 465 91 68 74 71 74 487 70 203 100 69 234
internal_value=7.9291e-05 0.001674 0.00256835 0.00303609 -3.52977e-05 0.00346572 9.6859e-05 0.000447235 0.000987048 0.00148583 0.00282163 0.00390513 0.00400486 -6.25072e-07 0.000336843 0.000746605 -0.000313629 -3.41986e-05 -7.15873e-05 -0.000166455 0.000103384 0.000339131 0.000796628 0 0.00010089 0.000314682 0.000753004 3.52848e-05 0 0.000121761 0.000529838 0.000169179 0.00029239 0.000471978 0.000617876 0.000761511 0.000268518 0.000517342 -0.000337092 -0.000293122 -0.000194484 -3.29784e-05 -0.000131547 -0.000178695 -0.000322825 0 -0.000224152 -4.00482e-05 0 0 9.13571e-05 0
internal_weight=12594 882 580 481 11712 406 7778 1842 856 536 228 151 331 5936 354 169 3934 5582 4775 2863 807 482 231 1333 784 460 180 1912 986 547 208 978 612 457 379 309 308 166 3697 1530 549 934 720 629 1422 214 561 325 339 320 169 324
internal_count=12230 882 580 481 11348 406 7778 1842 856 536 228 151 331 5936 354 169 3570 5582 4775 2863 807 482 231 1333 784 460 180 1912 986 547 208 978 612 457 379 309 308 166 3333 1530 549 934 720 629 1422 214 561 325 339 320 169 324
is_linear=0
shrinkage=0.0139946


Tree=145
num_leaves=58
num_cat=0
split_feature=62 18 16 25 30 62 10 24 5 0 25 50 10 25 10 62 63 19 62 27 37 29 54 10 37 63 30 1 54 63 49 53 48 58 32 29 28 23 34 27 25 25 32 25 25 30 30 33 33 28 23 52 26 19 24 37 59
split_gain=19.5529 3.50517 2.81214 2.99479 1.26766 0.994975 0.894494 0.83904 0.455242 0.343033 0.33732 0.254241 0.297215 0.682811 0.240522 0.23985 0.188253 0.130776 0.123613 0.255042 0.313035 0.172933 0.112057 0.102875 0.481526 0.102701 0.0824178 0.130533 0.0613168 0.162982 0.0506605 0.0447432 0.041363 0.0364413 0.0336194 0.0330129 0.108417 0.143573 0.0588614 0.0296917 0.0202711 0.0196339 0.0142849 0.0727737 0.0169064 0.0138376 0.0128824 0.021822 0.0122433 0.0109729 0.00986246 0.00975146 0.00516071 0.00513429 0.0580145 0.000876521 0.00271691
threshold=17.042356613092441 19.336804036891529 18.453144659510638 16.995000000000001 60.95000000000001 18.652166542208217 -0.021515300460958474 23.285000000000004 0.78656609248549325 0.71500000000000008 24.605000000000004 11.158333333333188 -0.17552498857989965 21.105000000000004 -0.90146829171281539 23.47381128721263 3.8987980123549488 34.865546784382083 22.750520571884202 95.250000000000014 24.942055012432924 72.550000000000011 0.63150000000000006 0.76663042157996963 25.079457870242134 2.5342725981353529 93.250000000000014 18.260000000000002 0.99350000000000016 2.1493003540742106 434.45000000000005 0.99650000000000005 486.35000000000008 0.27500000000000008 5.5949999999999998 53.350000000000001 90.15000000000002 24.075000000000003 0.78670277051475435 98.050000000000011 23.865000000000006 23.065000000000001 -0.5549999999999996 21.175000000000004 22.725000000000005 64.65000000000002 96.850000000000009 24.913946555978168 19.653008842328514 96.15000000000002 27.345000000000002 0.96650000000000003 98.350000000000009 25.406610472302145 22.955000000000002 22.187187502415508 0.8650000000000001
decision_type=2 2 2 2 2 2 2 2 2 2 2 2 2 2 2 2 2 2 2 2 2 2 2 2 2 2 2 2 2 2 2 2 2 2 2 2 2 2 2 2 2 2 2 2 2 2 2 2 2 2 2 2 2 2 2 2 2
left_child=1 -1 3 -2 16 6 31 -8 9 10 18 12 35 23 51 -16 17 33 19 20 21 -6 -17 45 -25 26 27 32 29 -24 34 -5 48 -4 -10 40 37 -37 -39 -20 50 49 43 -7 -44 -14 55 -48 -13 -38 -11 -12 -21 54 -27 -28 -57
right_child=2 -3 4 5 8 42 7 -9 30 11 14 25 13 -15 15 22 -18 -19 39 52 -22 -23 28 24 -26 53 46 -29 -30 -31 -32 -33 -34 -35 -36 36 41 38 -40 -41 -42 -43 44 -45 -46 -47 47 -49 -50 -51 -52 -53 -54 -55 -56 56 -58
leaf_value=0.00078982806196318742 0.0012242453036501327 0.00079325229202689023 -0.021357893657649535 0.00054331012919166212 0.0008548769091397745 -0.013977672520440899 -0.00022666972099582891 0.00089964763013571656 -0.069299810548439006 -0.0017060865400291263 0.0028435844653361985 -0.0059776538495705253 0.0022332991658940583 -0.00037201280893928368 -0.00064924801869708419 0.004618291321892269 -0.0011387407536187159 -0.0014019083529225849 -0.0016074295567835841 -0.0011144929359611902 -0.00054680986318724151 0.00031318877377584217 0.0094996278073104963 -0.0091614269228775767 0.0064286193507118615 -0.0049780841836175541 -0.0096704029185817695 0.00022070130510025014 -0.0044977505327192585 0.0032127801207057463 -0.035800619372963423 -0.00018645758160367088 -0.01251547189010906 -0.15561546969866105 -0.13809829701050949 -0.00050507552330247396 -0.00016521628182822836 9.4438924661605143e-05 -0.00017954848032109596 -0.00071897728699602361 -0.0003139563199714159 -2.9993406765889501e-05 -0.0016806517530067447 0.00067762222340213838 -0.00016431764621794537 -0.022814615065427878 -0.0026435755759027795 -0.0021631738166968946 -0.010332758324071562 -0.0001716582709059544 -5.7056638159608149e-05 -0.01104710165480341 -2.9917182792113966e-06 -0.00036631449008120187 0.018220561587566669 0.00059533114056160537 -0.0034226694680955243
leaf_weight=323 98 226 81 125 114 143 99 132 849 308 77 146 81 99 69 89 127 90 364 194 187 134 223 133 107 75 77 68 90 76 94 188 153 3094 70 78 261 93 68 72 80 77 291 233 73 219 261 68 1054 135 69 163 259 112 69 148 108
leaf_count=323 98 226 81 125 114 143 99 132 849 308 77 146 81 99 69 89 115 90 364 194 187 134 223 133 107 75 77 68 90 76 94 188 153 2742 70 78 261 93 68 72 80 77 291 233 73 219 261 68 1054 135 69 163 259 112 69 148 108
internal_value=8.0402e-05 0.00266029 -3.1987e-05 0.000553424 -0.000114262 0.000311979 0.00076568 0.00145771 -6.06472e-07 3.45303e-05 0.000184502 -2.56198e-05 7.69024e-05 0.000327894 0.000418234 0.000580717 -0.000337903 -0.00036042 0 0.000134392 0.000388751 0.000713862 0.000695424 0 0.000288465 -0.000133649 -0.000172346 -0.000234237 0.000806153 0.000940322 -0.000283728 3.53528e-05 -0.000276568 -0.000376358 -0.000315426 -3.05207e-06 0 0.000291406 0.000546115 -0.000136327 -0.000118803 -4.05335e-05 0 3.35326e-05 -8.0533e-05 -8.59424e-06 0 -8.69372e-05 -0.000304906 -0.000107823 -0.000166053 0 0 0 8.30291e-05 8.16598e-06 2.74285e-05
internal_weight=12594 549 12045 1382 10663 1284 544 231 7271 6258 2111 4147 1808 639 787 547 3392 3265 1324 888 435 248 478 540 240 2339 2083 1421 389 299 1013 313 1353 3175 919 1169 712 239 161 436 457 473 740 376 364 300 662 329 1200 396 377 240 453 256 144 333 256
internal_count=12230 549 11681 1382 10299 1284 544 231 7271 6258 2111 4147 1808 639 787 547 3028 2913 1324 888 435 248 478 540 240 2339 2083 1421 389 299 1013 313 1353 2823 919 1169 712 239 161 436 457 473 740 376 364 300 662 329 1200 396 377 240 453 256 144 333 256
is_linear=0
shrinkage=0.0139946


Tree=146
num_leaves=60
num_cat=0
split_feature=20 18 2 48 11 56 28 2 31 9 32 45 25 45 0 42 53 3 36 27 23 61 56 58 9 29 23 43 29 43 10 9 43 56 4 58 53 61 27 45 4 30 1 45 28 3 29 27 52 18 3 10 36 34 23 36 32 27 36
split_gain=12.4125 6.08908 4.33497 2.09546 2.07757 1.82767 2.02982 1.24169 1.82797 2.43481 1.30597 0.976008 0.580554 1.17194 0.331913 0.320614 0.288796 0.426123 0.304218 0.382579 0.419183 0.241417 0.217668 0.188354 0.158037 0.49648 0.127606 0.112505 0.103962 0.118557 0.158279 0.612657 0.116025 0.238507 0.18011 0.104725 0.0630508 0.0496831 0.0763955 0.0471183 0.046425 0.0456224 0.0536113 0.0408849 0.0359579 0.0327163 0.0404851 0.0177779 0.0171705 0.0912426 0.0156409 0.0139509 0.0118294 0.0086026 0.0288149 0.0453339 0.00250476 0.000302558 0.000201353
threshold=17.560833970334667 17.730139245209319 20.150000000000002 31.700000000000006 9.5000000000000018 925.75000000000011 85.950000000000017 9.6000000000000014 -1.4923976372322973 -0.19244979981841004 -0.60500000000000032 1760.7025000000001 16.995000000000001 1279.325 0.78500000000000014 1.2730187172913119 0.63650000000000018 0.99550000000000016 0.68534715964538562 90.950000000000017 28.265000000000004 1.0000000180025095e-35 920.95000000000016 1.0750000000000004 0.35769492645306972 54.350000000000001 30.395000000000003 23.494375000000005 71.750000000000014 26.922708333333336 -0.15855351192338588 0.99466160899732492 23.76604166666667 923.95000000000016 925.95000000000016 0.6150000000000001 0.53850000000000009 4.2750000000000012 96.050000000000011 2108.9945000000002 920.95000000000016 96.750000000000014 0.65500000000000014 2165.2430000000004 97.350000000000009 0.99850000000000005 68.850000000000009 98.850000000000009 0.0075000000000000006 24.728369130715638 0.99350000000000016 0.78298010367706283 0.8337767325903066 0.77943878060100236 22.515000000000004 3.0386332190398702 -0.6750000000000006 92.750000000000014 0.45664765875936758
decision_type=2 2 2 2 2 2 2 2 2 2 2 2 2 2 2 2 2 2 2 2 2 2 2 2 2 2 2 2 2 2 2 2 2 2 2 2 2 2 2 2 2 2 2 2 2 2 2 2 2 2 2 2 2 2 2 2 2 2 2
left_child=1 2 -1 4 12 44 21 8 27 10 -10 -5 13 48 15 16 -13 18 -18 20 -20 -7 24 -8 37 -26 41 -6 29 35 39 -32 -30 53 -35 57 -17 50 -39 52 -37 42 -16 -38 -3 46 51 -40 -2 -50 -14 -42 -31 56 -55 -56 -34 -24 -58
right_child=3 5 -4 11 7 6 23 -9 9 -11 -12 14 22 -15 26 36 17 -19 19 -21 -22 -23 28 -25 25 -27 -28 -29 32 30 31 -33 33 34 -36 40 43 38 47 -41 45 -43 -44 -45 -46 -47 -48 -49 49 -51 -52 -53 -54 54 55 -57 58 -59 -60
leaf_value=0.00065308131063631779 -0.01000860783498971 -0.0019407556168251942 0.00086090826927822468 -0.13647997933760142 0.0012077985615850798 -0.012294481960326066 0.00084323703734499043 -0.00023743964089042459 0.0016446762015980803 -0.017293116685412179 0.00081315738499797914 -0.013780958410921291 8.926739477549788e-05 0.0006136026742738918 -0.0047297432992181535 0.0071589776847982125 -0.0011068040692855648 -0.0005849839786470503 0.012582854951519635 -0.002395176706640135 -0.00013829233537599131 0.0010083286662166335 0.00067893768816268895 0.00062068556400102497 -0.00044341412572345383 0.00065425588846486295 -0.00010678858196029775 -0.0021484945349711615 -0.0014373873289675264 -0.0012987846391482162 0.010271676864709747 -0.37302018848280682 -1.5214663515845766e-05 0.0019065079259242095 -0.00063105829853356342 -0.00095045050931340377 -0.020681724422640779 -0.00066057416754386304 0.00070698702678566631 3.0655074498522074e-05 -0.0013903423446256348 -5.5419609645179899e-05 -0.017875529636984293 -0.00012254092734468011 -0.00029629507240740908 -9.2221124687950323e-05 -0.0010244046166989328 -9.1372161736461049e-05 0.0060992276516990927 -0.011613585468988967 -0.00087170828264530236 -0.015244667036478508 -0.017763891628585639 -7.2505179375132977e-05 0.0026890811376638949 -0.0015215853993468813 -0.00023449688581917062 -0.0010283134456207405 -0.00012987235164307382
leaf_weight=204 112 220 77 3253 134 170 187 209 76 75 77 142 137 68 239 105 119 147 212 88 71 68 68 82 96 88 126 108 256 68 79 94 72 71 73 120 417 97 87 166 1139 83 923 188 119 100 97 70 76 76 223 85 325 129 84 74 69 121 255
leaf_count=204 112 220 77 2889 134 170 187 209 76 75 77 142 137 68 239 105 119 147 212 88 71 68 68 82 96 88 126 108 256 68 79 94 72 71 73 120 417 97 87 166 1139 83 923 188 119 100 97 70 76 76 223 85 325 129 84 74 69 121 255
internal_value=9.04015e-05 0.00149231 0.00335221 -4.17258e-05 0.000153029 0.000789066 0.00131941 0.00088004 0.00127784 0.00221281 0.0032167 -0.000223313 3.27225e-05 0.000596292 -9.70823e-06 0.000108095 0.000319288 0.000461669 0.000668215 0.000865338 0.00111497 6.09929e-05 0 0.00217598 0.000196753 0.000577172 -0.000186702 0.000110493 -5.7351e-05 -0.000113857 0 0.000399793 8.97081e-06 0.000141412 0.000658695 -0.000178465 -2.92011e-05 0 0.000195013 -7.37424e-05 -0.000221461 -0.00024171 -0.00026508 -0.000146098 0 -0.000244073 -0.000262523 0.00039425 0 0.000147838 0 -0.000284323 -0.000176336 0 7.63238e-05 0.000214074 -2.29949e-06 0 -3.88827e-05
internal_weight=12594 1127 281 11467 5354 846 507 679 470 228 153 6113 4675 332 2860 1489 779 637 490 371 283 238 4343 269 798 184 1371 242 3545 2462 732 173 1083 827 144 1730 710 614 254 559 1541 1245 1162 605 339 1421 1321 157 264 152 360 1224 393 683 287 158 396 189 324
internal_count=12230 1127 281 11103 5354 846 507 679 470 228 153 5749 4675 332 2860 1489 779 637 490 371 283 238 4343 269 798 184 1371 242 3545 2462 732 173 1083 827 144 1730 710 614 254 559 1541 1245 1162 605 339 1421 1321 157 264 152 360 1224 393 683 287 158 396 189 324
is_linear=0
shrinkage=0.0139946


Tree=147
num_leaves=62
num_cat=0
split_feature=62 18 16 25 4 30 62 55 24 19 8 9 10 54 40 43 9 63 54 20 32 44 37 43 43 27 9 0 56 1 7 32 4 20 52 30 24 44 9 56 30 54 56 7 44 32 56 40 1 56 44 32 56 31 62 53 9 9 37 9 37
split_gain=19.3767 3.50517 3.0706 2.85765 1.36404 1.23513 1.03037 0.919404 0.740409 0.445568 0.373767 0.374644 0.312494 0.379681 0.454934 0.40938 0.635587 0.269298 0.167766 0.277134 0.274989 0.37092 0.552544 0.490265 0.362462 0.466867 0.359774 0.120162 0.114049 0.112798 0.104172 0.085466 0.0778444 0.0557286 0.0536723 0.0679154 0.0666108 0.0724274 0.0645196 0.0396981 0.0825396 0.152416 0.174055 0.0361698 0.0288352 0.0268169 0.0265675 0.0251563 0.0232002 0.0287192 0.0212372 0.120881 0.0218701 0.0190665 0.0188594 0.00997618 0.0502738 0.00516071 0.00149689 0.00095299 0.000101457
threshold=17.042356613092441 19.336804036891529 18.453144659510638 16.995000000000001 930.6500000000002 60.95000000000001 18.652166542208217 924.05000000000007 23.285000000000004 27.034385493187301 -0.70710678118654757 -0.88606241628642823 -0.18399835165767994 0.76250000000000007 0.23065125189420996 23.145833333333332 -0.98801351631316325 3.1019811327572868 0.87750000000000006 23.071640330364129 -3.4950000000000006 6.4147140285938535 23.39786611136357 20.725833333333338 27.913333333333338 84.350000000000009 -0.098819223632317363 0.92500000000000016 928.75000000000011 25.175000000000001 0.37940952255126054 -1.9300000000000004 927.95000000000016 31.74242287483148 0.46950000000000003 96.15000000000002 21.225000000000005 1.8721448581871918 0.65189295912203338 922.45000000000016 98.250000000000014 0.99450000000000005 920.95000000000016 0.91597561503675362 2.4932289277613404 5.5049999999999999 920.35000000000002 0.1950213663507413 15.720000000000002 924.35000000000002 2.987403111549209 -0.57500000000000095 923.55000000000007 9.3236353043681248 19.008770718437361 0.99150000000000016 -0.93535928755917819 0.52707282776374187 24.726071369042518 -0.81403855522663837 29.769005914655676
decision_type=2 2 2 2 2 2 2 2 2 2 2 2 2 2 2 2 2 2 2 2 2 2 2 2 2 2 2 2 2 2 2 2 2 2 2 2 2 2 2 2 2 2 2 2 2 2 2 2 2 2 2 2 2 2 2 2 2 2 2 2 2
left_child=1 4 3 -2 -1 17 7 44 -9 -10 30 12 55 -14 -15 -16 -17 46 19 27 57 22 -22 -24 25 26 -25 28 -13 34 33 -19 -3 45 -20 36 -36 -38 43 40 41 42 -37 48 -5 -7 -4 -41 49 -39 51 52 -8 -48 -29 56 -12 -21 -52 -32 -26
right_child=2 32 5 6 -6 10 50 8 9 -11 11 18 13 14 15 16 -18 31 29 20 21 -23 23 24 60 -27 -28 54 -30 -31 59 -33 -34 -35 35 39 37 38 -40 47 -42 -43 -44 -45 -46 -47 53 -49 -50 -51 58 -53 -54 -55 -56 -57 -58 -59 -60 -61 -62
leaf_value=0.0007156301112103199 0.0011930012353124956 0.00034281291871221048 -0.027113655559352176 0.00041952991658989602 0.000979782527337695 -0.074572691137629765 -1.6029571909903352e-05 -9.380296234215889e-05 0.0010530862787548315 0.0004920706079575201 -0.002695893667731463 -0.00054984490661406503 -0.00032203417953789346 -0.00056377875261468435 -0.0001788582766853048 7.8546860164342724e-05 0.0017099144362039836 0.0024696040646275006 0.0098598639705733803 7.354234227849741e-05 -0.033245522456156175 -0.17467750576163929 -0.058689482680751727 0.000471800959763336 -0.12526970591392486 -0.00042656474664642946 0.012219760774066796 -0.0033580799821314928 0.0016717312578825908 0.000240868968910399 0.00064317743320826569 -0.12463026759549858 0.00081553008027402177 -0.022601135382994277 -0.0001405091860041043 -8.574561589294427e-05 -1.2752764207685913e-05 -0.0042518839808590421 -0.0003545628744367557 -1.3537155599465474e-05 -0.0024564395293857912 -0.0015223333438728829 0.00094147713044920539 -3.3935478624369961e-05 -6.2030062682034856e-05 -0.13655840426099386 -0.15632294754718828 -0.0007927349556370773 -0.0018090197092175651 -0.0027774045999310734 -0.0069608146280357285 -0.00024983724010620183 0.00071424368334892729 -0.18779471791160873 -0.006090120058093184 -0.00044268835093570145 0.0010924727894991565 -0.012226926967717043 -0.0038463453034166578 -0.091405535792147399 0.0016889673092366608
leaf_weight=252 98 84 151 139 71 847 75 100 93 72 106 260 127 83 69 96 81 87 68 68 175 140 99 85 84 82 263 68 95 145 96 286 142 88 152 83 74 1156 147 70 172 136 79 150 140 78 2766 381 73 70 210 260 125 102 423 230 117 194 70 191 70
leaf_count=252 98 84 151 139 71 847 75 100 93 72 106 260 127 83 69 96 81 87 68 68 175 140 99 85 84 82 263 68 95 145 96 190 142 88 152 83 74 1156 147 70 172 136 79 150 140 78 2498 381 73 70 210 260 125 102 423 230 117 194 70 191 70
internal_value=9.26236e-05 0.00266029 -1.92085e-05 0.000593875 0.00368303 -0.000105076 0.000355513 0.000816955 0.00142826 0.00203261 0 4.46479e-05 0.000305984 0.000565621 0.000816993 0.00111824 0.00147686 -0.000325532 0 9.29858e-05 0.000237174 0.000353349 0.000479237 0.000668106 0.000828061 0.00104622 0.00126983 -4.23433e-05 2.0996e-05 -7.03327e-05 -0.000216987 0 0.000884738 -0.000283728 -0.000107044 -0.000124787 -0.000175294 -0.000203285 -0.000228289 0 6.18494e-05 0.000244804 0.00054022 -0.000257111 0 -0.000316102 -0.00036948 -0.000114815 -0.000281379 -0.000295942 0 7.22787e-05 0.000359491 -0.000381459 -0.000224754 0 9.3068e-05 0 -7.8715e-05 0 0
internal_weight=12594 549 12045 1382 323 10663 1284 544 265 165 7271 5971 909 456 329 246 177 3392 5062 2106 1260 998 858 683 584 430 348 846 355 2956 1300 373 226 1013 2811 2743 1822 1670 1596 921 470 298 162 1449 279 925 3019 451 1299 1226 740 460 200 2868 491 453 223 262 280 287 154
internal_count=12230 549 11681 1382 323 10299 1284 544 265 165 7271 5971 909 456 329 246 177 3028 5062 2106 1260 998 858 683 584 430 348 846 355 2956 1300 277 226 1013 2811 2743 1822 1670 1596 921 470 298 162 1449 279 925 2751 451 1299 1226 740 460 200 2600 491 453 223 262 280 287 154
is_linear=0
shrinkage=0.0139946


Tree=148
num_leaves=57
num_cat=0
split_feature=62 10 10 20 56 1 50 5 41 10 30 1 38 54 42 45 24 19 35 31 42 63 36 36 40 3 10 41 30 27 34 25 0 8 62 54 42 45 31 42 56 0 1 56 51 33 43 17 38 17 41 30 43 63 17 62
split_gain=19.1383 3.10126 5.28787 2.94941 1.60829 2.10703 1.87801 1.36183 0.968497 0.716085 0.441615 0.335878 0.264022 0.257238 0.274601 0.301461 0.406229 0.415346 0.296528 0.327621 0.399416 0.219471 0.263234 0.263005 0.209999 0.093237 0.0919267 0.0880731 0.080327 0.0743143 0.0673203 0.0609702 0.121133 0.0813912 0.101665 0.0597293 0.0534277 0.0430295 0.0425393 0.0413872 0.0584273 0.0310181 0.110596 0.022752 0.0219868 0.0175437 0.0208519 0.0162814 0.0640271 0.027073 0.015537 0.00899157 0.00392218 0.00107265 0.0435251 1.25677e-05
threshold=17.042356613092441 0.94968266440323645 0.74407637760383738 18.139028020211551 925.45000000000016 0.025000000000000005 6.3749999999998774 0.78656609248549325 21.812500000000004 0.50494235051780223 55.45000000000001 24.410000000000004 4.764634225889492 0.99350000000000016 2.1034606249606571 2231.7060000000006 20.275000000000002 31.348010090559256 30.500574477886371 0.93320008489709327 0.37610725420131536 -1.0947645370880517 0.28647897740181943 2.9789567117494218 0.34061215089504787 0.81150000000000022 -0.073092422389869308 18.097500000000007 88.350000000000009 95.65000000000002 2.1632383219718201 21.105000000000004 0.71500000000000008 0.78656609248549303 18.370503049186318 0.6735000000000001 0.4244800740557596 2088.6300000000006 -4.3004715825635325 0.47596568498365538 919.45000000000016 0.67500000000000016 0.44500000000000006 918.95000000000016 10111.023500000001 22.817953802191607 28.297708333333336 25.661250121365111 4.8217825730708626 21.818211787910588 27.509166666666665 65.15000000000002 25.071875000000006 1.8686320481656973 33.141894572301574 18.021977981932611
decision_type=2 2 2 2 2 2 2 2 2 2 2 2 2 2 2 2 2 2 2 2 2 2 2 2 2 2 2 2 2 2 2 2 2 2 2 2 2 2 2 2 2 2 2 2 2 2 2 2 2 2 2 2 2 2 2 2
left_child=1 2 8 4 31 12 -7 10 9 -1 35 13 -6 14 15 16 28 18 19 20 -18 29 -23 27 -13 -15 36 -24 -12 38 45 55 -33 34 -34 -5 52 -9 -22 -17 -41 42 -21 -38 -45 -16 -47 49 -49 -19 -42 -51 -27 -20 -55 -2
right_child=3 -3 -4 7 5 6 -8 37 -10 -11 11 24 -14 25 30 39 17 47 53 41 21 22 23 -25 -26 26 -28 -29 -30 -31 -32 32 33 -35 -36 -37 43 -39 -40 40 50 -43 -44 44 -46 46 -48 48 -50 51 -52 -53 -54 54 -56 -57
leaf_value=0.0007265647227899895 -3.0788175438278412e-06 0.00021285239537834327 0.0010445814522132345 -0.1545027542271305 0.0020643185015330368 0.00073575291972420901 0.00070302696245392476 -0.11449494216579699 0.00050076853079682052 0.00046762623068600731 -0.061332331480356016 -6.0406922816787223e-06 -0.012557369157287935 0.021131607609381136 -0.027972822463450127 0.00069487512249861256 -0.00013814381143300696 -0.00019917347206259089 -0.0078673651739093187 0.013770168092811367 -0.00038382301467216755 -0.015602221798596865 6.8409374146795904e-05 -0.00022447789446858389 0.0018649233687279224 -0.00050412223965774598 0.00014481384013070845 0.0048988839579854728 0.0005576930460262805 -0.00069572161876434353 6.590475862156422e-05 -0.00024524103607883793 -3.8454197654076669e-06 -0.00014492089985624284 0.00080947241052151792 -0.070336020240989949 -0.0048590298303957703 -0.015576881888893475 0.00019410547003647654 9.1379352892771829e-05 -0.00046179795486189611 -0.0045281036117638344 -0.0071677274898488685 -0.0023506148112391332 -0.015371214636208046 -0.011294149821911317 -0.00016713234256665764 -0.002384717830640321 0.00093538470350818719 -0.011314360259376547 -0.0010820433432382228 -0.0010655031055615254 6.6437051405487805e-05 -0.0093314229603832666 0.01787612253466429 -0.0023262194761971828
leaf_weight=86 76 95 168 867 133 178 77 2795 109 91 417 163 158 78 68 95 173 92 308 68 72 86 69 78 172 261 74 547 101 109 146 126 72 68 85 236 71 71 198 70 514 283 69 954 76 483 70 97 115 68 68 291 178 82 77 162
leaf_count=86 76 95 168 823 133 178 77 2479 109 91 417 163 158 78 68 95 173 92 308 68 72 86 69 78 172 261 74 547 101 109 146 126 72 68 85 232 71 71 198 70 514 283 69 954 76 483 70 97 115 68 68 291 178 82 77 162
internal_value=8.26241e-05 0.00263489 0.00311798 -2.85019e-05 0.000641781 0.0011956 0.00215401 -0.000104506 0.00158514 0.00225929 -2.618e-06 3.01458e-05 0.000117333 0 5.9116e-05 0.000113929 0.000177657 0.00025101 0.000344156 0.000427895 0.000537448 0.000631888 0.000801619 0.000892243 0.00046261 -0.000140002 -0.000178458 0.000989932 -0.000100287 0.000103451 -0.00014917 1.22074e-05 0.000184635 0.000396986 0.000570436 -0.000269482 -0.000212256 -0.000366793 0.000261781 -8.58776e-05 -0.000144371 0 0.000209159 -0.00026921 -0.00028597 -0.000220534 -0.000246553 0 0 -8.39122e-05 -0.000207222 -0.000153394 0 0 3.61379e-05 0
internal_weight=12594 549 454 12045 1135 546 255 10910 286 177 8044 6941 291 6606 4914 4147 3400 2882 2219 1752 1332 1159 780 694 335 1692 1614 616 518 379 767 589 351 225 157 1103 1540 2866 270 747 652 420 137 1101 1030 621 553 663 212 451 582 359 439 467 159 238
internal_count=12230 549 454 11681 1135 546 255 10546 286 177 7996 6941 291 6606 4914 4147 3400 2882 2219 1752 1332 1159 780 694 335 1692 1614 616 518 379 767 589 351 225 157 1055 1540 2550 270 747 652 420 137 1101 1030 621 553 663 212 451 582 359 439 467 159 238
is_linear=0
shrinkage=0.0139946


Tree=149
num_leaves=54
num_cat=0
split_feature=62 20 10 10 57 33 38 2 5 41 10 44 63 10 43 1 38 25 40 31 42 41 1 1 62 52 0 44 38 47 1 29 7 42 19 1 36 52 40 0 52 7 52 10 44 19 25 25 40 44 3 20 10
split_gain=19.0748 3.12182 3.10126 5.28787 1.7843 1.79236 1.61814 1.99106 1.39106 0.968497 0.716085 0.348823 0.542075 0.541486 0.496854 0.668483 0.822428 0.436385 0.253331 0.30662 0.394546 0.329841 0.382152 0.191324 0.183622 0.157075 0.143656 0.127797 0.359573 0.302759 0.116594 0.110493 0.112616 0.111494 0.0926556 0.0570159 0.113086 0.0443245 0.0588343 0.0396561 0.0338707 0.0303047 0.0452922 0.0260777 0.0142349 0.0141772 0.011049 0.0534166 0.0609912 0.010515 0.00222384 0.00116129 6.33017e-05
threshold=17.042356613092441 18.139028020211551 0.94968266440323645 0.74407637760383738 924.85000000000002 19.0759558775 5.2525689471955461 15.450000000000001 0.78656609248549325 21.812500000000004 0.50494235051780223 2.8419168040270542 1.8420258209113778 -0.17552498857989965 22.851041666666671 1.8750000000000002 4.2992667800677715 16.275000000000002 0.55397042659295914 -1.2243562763540135 2.1034606249606571 19.389166666666672 0.60500000000000009 0.015000000000000001 18.70278998696276 0.99650000000000005 1.0250000000000001 2.5427266903594226 4.9650317219664828 21.750000000000004 6.8050000000000006 98.350000000000009 0.91597561503675362 0.39000851656950203 28.844904710407246 13.375000000000002 1.6475253018096259 0.99550000000000016 0.17009801096309349 2.0450000000000004 0.53850000000000009 0.91597561503675362 0.99250000000000005 -0.9975933521984367 5.7742476649159 34.865546784382083 21.105000000000004 21.665000000000003 0.22810816148059193 3.778758374336622 0.99150000000000016 25.021582146874309 -0.66483077113278999
decision_type=2 2 2 2 2 2 2 2 2 2 2 2 2 2 2 2 2 2 2 2 2 2 2 2 2 2 2 2 2 2 2 2 2 2 2 2 2 2 2 2 2 2 2 2 2 2 2 2 2 2 2 2 2
left_child=2 4 3 9 46 6 7 23 11 10 -1 13 17 25 -15 40 -17 -13 41 44 21 -21 26 -6 -19 27 -23 35 29 -29 31 32 33 -26 -27 37 -37 38 -3 43 -16 42 -14 -35 49 -45 -2 48 -48 -20 -51 -43 -32
right_child=1 8 -4 -5 5 -7 -8 -9 -10 -11 -12 12 18 14 15 16 -18 24 19 20 -22 22 -24 -25 30 34 -28 28 -30 -31 52 -33 -34 39 -36 36 -38 -39 -40 -41 -42 51 -44 45 -46 -47 47 -49 -50 50 -52 -53 -54
leaf_value=0.00071639671126732022 -0.0013738973131417044 -0.0001752987009992926 0.00020987360279327738 0.001029962911140039 0.00095406011894917555 -6.5161737926493113e-05 -3.9262917948879813e-07 -0.001849886022555399 -0.10795175153298137 0.00049376045562940572 0.00046108197006786421 0.00056238566430129712 -0.0033845717755975062 -8.7183799551481604e-05 0.0033672928539229888 -0.002064500874677265 0.0017582083739551553 0.00027031709788043093 5.3544722827303806e-06 -0.046190307565370473 -0.074113277873424019 0.018947314030482703 0.010452743586327046 0.0010948790694916763 0.00070447249372302442 -0.0012002493127318027 -4.396480202998532e-05 0.00050436382469173241 -0.00090627394978100339 -2.3797979919857151e-05 -0.0012334509506967018 -0.012253893310889521 -1.8046681568093382e-05 -0.0022631539257035507 -1.7224586637139106e-06 0.0010589813501819464 -0.0032340208976195457 3.9649458703458795e-05 -0.0017383558823731628 -0.0101540413654436 -0.0010091271200640005 -0.0015673853171402445 -0.00024981181177529494 -0.010239795663590708 0.00088578348426501515 -0.001048079199045283 -1.4111514492224849e-05 -0.00049891566820732774 0.00078164805718880113 -0.0091224490756100021 -0.0014530941386332666 -0.0011191518376361498 0.00017123186139729525
leaf_weight=86 197 70 95 168 79 200 111 73 2866 109 91 101 371 257 83 77 143 107 142 72 94 73 96 164 91 483 80 126 258 105 332 164 286 86 184 105 78 79 527 68 147 126 80 2224 72 102 128 70 113 254 68 95 138
leaf_count=86 197 70 95 168 79 200 111 73 2550 109 91 101 331 257 83 77 143 107 142 72 94 73 96 164 91 483 80 126 258 105 332 164 286 86 184 105 78 79 527 68 147 126 80 2220 72 102 128 70 113 250 68 95 138
internal_value=8.70683e-05 -2.38552e-05 0.00263489 0.00311798 0.000666401 0.00116556 0.00167648 0.0021884 -0.000101941 0.00158514 0.00225929 0 -7.31957e-05 0.000120869 0.00045359 0.000733561 0.00129849 -0.000174534 0.000116234 0.000273991 0.00056183 0.000804294 0.00104406 0.00279452 -0.000214302 0 0.0014997 9.06678e-05 0.000271287 0.000676431 -0.000240059 -0.000272291 -0.000293198 -0.000322635 -0.000171472 0 0.000204049 -7.15434e-05 -0.000142441 -0.000341626 0 -7.17249e-06 -0.000114815 -0.000351018 0 -0.000360499 0 8.29936e-05 0.000227925 0 -7.97419e-05 0 0
internal_weight=12594 12045 549 454 1135 627 427 316 10910 286 177 8044 5322 2722 707 450 220 3699 1623 951 415 321 249 243 3598 2015 153 1348 489 231 3491 3021 2857 2571 667 859 183 676 597 2480 230 672 451 2412 536 2326 508 311 241 464 322 221 470
internal_count=12230 11681 549 454 1135 627 427 316 10546 286 177 7996 5274 2722 707 450 220 3695 1579 947 415 321 249 243 3594 2015 153 1348 489 231 3487 3017 2853 2567 667 859 183 676 597 2476 230 632 411 2408 532 2322 508 311 241 460 318 221 470
is_linear=0
shrinkage=0.0139946


Tree=150
num_leaves=58
num_cat=0
split_feature=62 18 20 37 49 5 4 9 9 37 55 0 10 25 18 9 10 44 37 44 44 63 24 54 9 9 10 49 9 54 20 52 52 24 24 9 9 9 56 47 37 10 47 21 4 24 9 59 24 25 53 5 25 59 9 62 37
split_gain=18.9956 3.76149 2.86622 2.08142 1.92508 1.59954 1.36404 0.635331 0.293665 0.413167 0.537656 0.28418 0.534453 0.267729 0.364133 0.253331 0.209224 0.425408 0.356186 0.363941 0.333427 0.178165 0.154401 0.204239 0.253635 0.280721 0.251203 0.395429 0.12895 0.112991 0.0897642 0.0851638 0.0712863 0.117111 0.13783 0.122825 0.0910799 0.0675965 0.0713514 0.203314 0.210371 0.343987 0.117912 0.0596394 0.112737 0.0532332 0.0528193 0.0425334 0.0321522 0.0307901 0.0269868 0.0194475 0.0156572 0.0154472 0.0142606 0.000646143 0.000453004
threshold=17.042356613092441 19.336804036891529 17.560833970334667 20.45317532922267 161.20000000000002 0.78656609248549325 930.6500000000002 -0.8779519545588893 0.82876241254485883 29.769005914655676 922.1500000000002 0.92500000000000016 -0.66483077113278999 16.995000000000001 24.728369130715638 0.39753913293121995 -0.17552498857989965 2.7164378654488659 20.9571147082324 2.132135032749765 2.4932289277613404 3.1019811327572868 20.715000000000003 0.87750000000000006 0.63209755774300602 -0.65189295912203338 -0.89388548498445497 4.1500000000000012 -0.63874350706337046 0.52150000000000019 24.268444701086086 0.99550000000000016 0.99550000000000016 21.935000000000006 26.975000000000005 -0.92263100495486394 -0.94697898371965705 0.74409704927257569 922.45000000000016 9.6000000000000014 24.987711323739415 -0.9523422988233432 237.85000000000005 19.385000000000002 927.95000000000016 21.595000000000002 -0.99466160899732459 1.0450000000000002 24.915000000000003 26.545000000000005 0.83750000000000002 0.12940952255126045 21.555000000000003 0.94500000000000006 -0.81403855522663837 29.611594432822173 23.117846476335817
decision_type=2 2 2 2 2 2 2 2 2 2 2 2 2 2 2 2 2 2 2 2 2 2 2 2 2 2 2 2 2 2 2 2 2 2 2 2 2 2 2 2 2 2 2 2 2 2 2 2 2 2 2 2 2 2 2 2 2
left_child=1 6 3 4 29 7 -1 16 9 13 -11 12 -5 14 15 -9 32 18 -18 -20 -21 30 28 24 25 -24 51 -28 -15 -2 -10 -14 33 -4 35 36 -35 38 39 40 41 -25 52 -3 -45 -41 -7 -42 -47 -23 -26 -27 -40 56 -54 -44 -43
right_child=2 43 5 11 -6 46 -8 8 21 10 -12 -13 31 22 -16 -17 17 -19 19 20 -22 49 23 37 50 26 27 -29 -30 -31 -32 -33 -34 34 -36 -37 -38 -39 42 45 47 53 55 44 -46 48 -48 -49 -50 -51 -52 -53 54 -55 -56 -57 -58
leaf_value=0.00068542140024968449 0.00094978894295600367 0.00041725386584043247 -0.023202094602677078 -0.0029563772277522624 -0.015878794601016072 -0.03029389079986846 0.00096107544646814342 -0.0001731672056058628 -0.015574495238763602 0.011124318769336356 -0.0055082960539999054 -0.0025189064814155754 0.00079270500988015398 0.00074221925038698742 -0.01226880609620582 0.0049764224535850639 -1.0806204680505383e-05 -0.0022490324261166257 -0.0021659086200454519 0.00034285034560173295 0.0045034817014783981 0.0030326643898146337 -0.0010950937073522888 0.00062285329300745395 -0.02345182045295326 -0.0028700136458454407 -1.9519107171526696e-05 0.011234120868645638 -0.051144599598892261 0.00077176192440045802 -0.19633906170809567 1.7455561397037881e-05 -0.0005052687695002012 -2.8379743280317761e-05 -0.00039990924918173736 -7.7850546022983929e-05 0.004698959676290756 0.0015492485569771047 -0.0032894933541649939 -0.0050806928582011251 -0.00081047688108310965 0.00018490009942353686 0.020568452452078289 0.00040314372538273604 0.00070826551311772433 -0.0092855640354835445 -0.11771303324230496 3.5558949004777716e-05 -0.00014146745330155077 -0.23393218339448832 4.5970467086339044e-05 0.010547903565041592 -8.6206058303008276e-05 0.00029065100665444089 -0.00098748239200673505 -0.16634566407065937 -0.0011637375957727462
leaf_weight=252 68 71 80 119 75 60 71 111 267 68 78 227 104 77 148 113 147 110 100 90 114 85 169 120 250 172 154 228 707 116 961 79 227 72 73 102 68 86 74 142 438 68 162 76 79 639 2806 76 100 103 68 94 79 126 938 103 204
leaf_count=252 68 71 80 119 75 60 71 111 267 68 78 227 104 77 148 113 147 110 100 90 114 85 169 120 246 172 154 228 707 116 937 79 227 72 73 102 68 86 74 142 438 68 162 76 79 639 2490 76 100 83 68 94 79 126 938 103 204
internal_value=9.26236e-05 0.00263489 -1.80468e-05 0.000789248 0.0018463 -8.06638e-05 0.00368303 9.09696e-06 -3.18819e-05 1.02789e-06 0.000738753 0.000140125 0.000466334 -6.35628e-06 0.000337844 0.000710407 0.000315305 0.000530967 0.000731014 0.0010096 0.00136406 -0.000213842 -4.35162e-05 0 0.000149386 0.000302079 0.000446748 0.00068268 -0.000226257 0.00261016 -0.000284764 0.000961081 1.1786e-05 0.000188143 0.000341644 0.000512206 0.000787755 -6.60168e-05 -9.09424e-05 0 9.78052e-05 0.000313493 -0.000173821 0.000823321 0.00102914 -0.00018412 -0.000366793 0 -0.000233389 0 -3.17367e-05 0 -0.00024222 0 -0.000256791 0 0
internal_weight=12594 549 12045 788 259 11257 323 8391 7208 5792 146 529 302 5646 372 224 1183 561 451 304 204 1416 5274 4490 1135 817 648 382 784 184 1228 183 622 395 315 242 140 3355 3269 1913 1032 518 1356 226 155 881 2866 514 739 188 318 266 1091 398 1017 265 272
internal_count=12230 549 11681 788 259 10893 323 8343 7160 5788 146 529 302 5642 372 224 1183 561 451 304 204 1372 5270 4486 1131 817 648 382 784 184 1204 183 622 395 315 242 140 3355 3269 1913 1032 518 1356 226 155 881 2550 514 739 168 314 266 1091 398 1017 265 272
is_linear=0
shrinkage=0.0139946


Tree=151
num_leaves=62
num_cat=0
split_feature=62 20 9 9 57 27 5 38 2 45 41 9 9 10 45 25 30 63 30 58 3 52 30 38 52 10 45 27 56 9 9 61 61 34 48 3 3 9 57 62 34 63 59 3 61 42 10 58 9 9 52 63 59 10 52 9 25 62 24 9 20
split_gain=19.1701 3.30097 3.10126 5.28787 1.85635 1.62782 1.28984 1.23999 1.87113 1.0088 0.968497 0.716085 0.614417 0.312244 0.291841 0.384504 0.265206 0.203755 0.44035 0.673072 0.930918 0.19515 0.152888 0.148245 0.199532 0.38593 0.158784 0.318926 0.140885 0.13525 0.0949813 0.0855984 0.0840806 0.145139 0.0781324 0.0678309 0.0839953 0.0528193 0.0524502 0.0518305 0.155041 0.133997 0.0510261 0.0435626 0.0389878 0.0344802 0.0252716 0.0219063 0.0211647 0.0947498 0.0182761 0.0290996 0.00862041 0.00644324 0.00577601 0.0046088 0.0458785 0.00440066 0.00362925 0.000922904 0.000302558
threshold=17.042356613092441 18.139028020211551 -0.30901413279605799 -0.66484924122790601 924.85000000000002 90.15000000000002 0.78656609248549325 5.2525689471955461 15.450000000000001 2122.3330000000001 21.812500000000004 -0.86095304316285715 -0.8779519545588893 -0.17552498857989965 2234.5600000000009 22.355000000000004 52.750000000000007 1.72354170530552 73.750000000000014 0.99500000000000011 0.39250000000000007 0.97150000000000014 73.450000000000017 4.2992667800677715 0.98050000000000004 0.91925191855388755 2097.3870000000002 70.550000000000011 922.55000000000007 0.96683886033945965 -0.80392051724781066 0.065000000000000016 8.4500000000000011 0.93983894489280717 603.55000000000007 0.99350000000000016 0.98950000000000016 -0.99466160899732459 920.55000000000007 20.909907662438144 1.7276304380216085 2.6031930150626441 0.50500000000000012 0.99850000000000005 5.3800000000000008 0.52025954918534312 0.90515966073569365 0.76500000000000012 -0.93535928755917819 -0.92263100495486394 0.071500000000000008 2.9962867692734041 0.93500000000000016 -0.92910699518418138 0.72350000000000014 -0.82391537601316178 21.105000000000004 18.652166542208217 25.115000000000006 0.0043034984443446715 24.799363812877591
decision_type=2 2 2 2 2 2 2 2 2 2 2 2 2 2 2 2 2 2 2 2 2 2 2 2 2 2 2 2 2 2 2 2 2 2 2 2 2 2 2 2 2 2 2 2 2 2 2 2 2 2 2 2 2 2 2 2 2 2 2 2 2
left_child=2 4 3 10 55 -6 12 8 9 -7 11 -1 13 48 15 -15 38 22 19 20 -19 54 29 24 25 26 27 -24 32 34 -30 57 35 47 45 36 52 -8 -14 -33 41 -41 -32 46 -37 -18 -44 -34 58 -50 51 -21 -25 -26 -17 56 -2 -20 -3 -57 -31
right_child=1 6 -4 -5 5 7 37 -9 -10 -11 -12 -13 16 14 -16 21 17 18 31 50 -22 -23 23 28 53 -27 -28 -29 30 60 42 39 33 -35 -36 44 -38 -39 -40 40 -42 -43 43 -45 -46 -47 -48 -49 49 -51 -52 -53 -54 -55 -56 59 -58 -59 -60 -61 -62
leaf_value=0.00069696419424373492 -0.0010664984371641609 -0.002607583761422669 0.00020062328850760488 0.0010056242443378064 0.00017691299840777235 0.00092893488840310734 -0.029869938712663 2.7225490990246173e-05 -0.0018347980642373393 0.00079492958630516012 0.00048120860476045353 0.00043859667035051682 -0.066075995858674755 -1.4928086128627302e-05 -0.00029025051046316499 0.0033038773008517357 -0.0084227082235750119 0.024486948000192254 -9.9531628269776949e-05 -0.033358595529124242 0.012608472455634097 0.0015690781379839665 0.000783039526069453 -0.001848310741559176 -5.4109667905112771e-06 -0.047577031961588745 -0.00044960253100246683 0.0046993843040686011 -0.00091870753445349388 0.012199032673791953 -0.00081013740573838739 -0.0016555725180202427 -1.4442265389276891e-05 -8.822742455429475e-05 -0.012450582287899983 -0.0019813864178966248 0.00051239190644007562 -0.11606568175272407 -0.14962829730663768 0.00061068192406486766 -0.002889106861198852 -0.00024522167668004354 -0.0010002390908943426 -6.5483153351869407e-05 -0.0013598776023550046 -0.05632796250426407 -0.0026793186971600593 0.00049292047003472478 0.0022248519026775776 -0.00020102617625058041 -0.0024655463470343135 0.0040662666482797405 -0.0018061407970819249 -0.0006350379644261124 -0.00098452534477336501 -0.0014242530332195689 0.0007153787408484978 -0.0036440467957098797 -0.00021538214228038042 2.6304012435175218e-05 -0.041332023715139811
leaf_weight=86 78 224 95 168 189 177 60 120 73 68 109 91 95 115 137 76 70 95 83 104 130 114 84 205 126 128 75 105 78 68 71 145 79 161 112 424 129 2806 865 105 85 89 924 91 112 888 71 68 74 216 207 76 133 235 69 243 98 354 69 89 80
leaf_count=86 78 224 95 168 189 177 60 120 73 68 109 91 95 115 137 76 70 95 83 104 130 114 84 205 126 128 75 105 78 68 71 145 79 161 112 424 129 2490 817 105 85 89 924 91 112 888 71 68 74 216 207 76 133 235 69 243 98 354 69 89 80
internal_value=8.0402e-05 -3.08253e-05 0.00263489 0.00311798 0.000678711 0.00118781 -0.000110919 0.00165587 0.00212834 0.00271179 0.00158514 0.00225929 -1.13148e-05 0.000285616 0.000541801 0.00074338 -6.78109e-05 -2.07524e-05 0.000104333 0.000406378 0.00101386 0.00104159 -7.64797e-05 -4.89808e-06 0.000140814 0.000370433 0.000698273 0.00091767 -7.45102e-05 -0.000214823 -0.000183697 -3.26868e-05 0 0.000223354 -0.00027791 -3.16887e-05 0 -0.000366793 -0.000290778 0 0.000190111 0.000454817 -0.000228184 -0.000254268 -0.000163019 -0.000319668 -0.00028127 0.000542949 0 0.000119173 0 0.000137389 0 0 7.96051e-05 0 7.12384e-05 -0.00020075 0 0 0
internal_weight=12594 12045 549 454 1135 627 10910 438 318 245 286 177 8044 1094 511 374 6950 5990 1473 612 225 259 4517 3299 753 392 264 189 2546 1218 1235 861 1311 308 1070 1003 467 2866 960 424 279 194 1157 1086 536 958 995 147 583 290 387 180 338 361 145 508 176 437 293 332 148
internal_count=12230 11681 549 454 1135 627 10546 438 318 245 286 177 7996 1094 511 374 6902 5990 1473 612 225 259 4517 3299 753 392 264 189 2546 1218 1235 861 1311 308 1070 1003 467 2550 912 424 279 194 1157 1086 536 958 995 147 583 290 387 180 338 361 145 508 176 437 293 332 148
is_linear=0
shrinkage=0.0139946


Tree=152
num_leaves=60
num_cat=0
split_feature=20 18 2 56 26 56 26 11 24 59 31 61 63 32 52 42 34 56 1 43 53 52 20 32 28 58 26 63 17 34 31 43 60 3 2 31 26 0 6 39 55 20 60 26 19 43 61 58 60 60 52 17 55 55 59 45 32 32 58
split_gain=13.6716 6.49386 3.4561 1.84319 1.69748 0.960068 1.6316 0.844477 1.71686 0.935298 1.33728 0.731063 0.48589 0.342398 0.536811 0.21505 0.169791 0.228529 0.216541 0.221892 0.336632 0.164435 0.189432 0.127752 0.137687 0.117655 0.0887103 0.104424 0.120314 0.0862472 0.0820631 0.0743925 0.194609 0.567675 0.0672174 0.0610472 0.0599199 0.0528203 0.0575394 0.0508072 0.0502062 0.0240357 0.0247415 0.0233396 0.0228096 0.0187786 0.0182219 0.0286643 0.0249987 0.0101492 0.00763338 0.00731932 0.0114593 0.00445928 0.000575398 0.00627443 0.000531443 0.000377168 0.000101457
threshold=17.560833970334667 19.336804036891529 13.450000000000001 925.45000000000016 67.750000000000014 927.55000000000007 93.550000000000011 9.5000000000000018 21.965000000000003 0.71500000000000008 -1.2243562763540135 0.065000000000000016 3.1019811327572868 -1.53 0.23150000000000004 1.1745076581049119 0.23566039379704246 922.1500000000002 24.410000000000004 27.064166666666669 0.93250000000000022 0.89850000000000019 24.483153806479098 -0.41499999999999909 67.950000000000017 0.74500000000000011 98.050000000000011 1.72354170530552 29.606749731153695 0.3246656465240903 -1.2243562763540135 25.239791666666669 1.2650000000000003 0.99350000000000016 380.95000000000005 -6.1415890979231138 59.050000000000004 0.9850000000000001 0.60355339059327384 24.824999999999999 922.1500000000002 18.198310885280769 25.080000000000002 66.850000000000009 27.617152801642714 23.525416666666672 4.4650000000000007 0.72500000000000009 32.650000000000013 2.5250000000000004 0.52650000000000008 18.978358294109736 928.45000000000016 921.35000000000002 0.89500000000000013 2129.8055000000008 -1.0199999999999976 -0.83500000000000074 0.78500000000000014
decision_type=2 2 2 2 2 2 2 2 2 2 2 2 2 2 2 2 2 2 2 2 2 2 2 2 2 2 2 2 2 2 2 2 2 2 2 2 2 2 2 2 2 2 2 2 2 2 2 2 2 2 2 2 2 2 2 2 2 2 2
left_child=1 2 3 -1 12 54 -7 16 23 51 45 -8 15 14 -14 36 21 18 19 30 -21 22 -6 24 -9 -20 27 28 29 -19 31 32 33 -18 57 -31 49 38 -33 -26 -32 -37 -43 -17 -38 -11 47 -28 56 -2 -15 -10 -53 -34 55 -3 -48 -29 -30
right_child=4 5 -4 -5 7 6 11 8 9 10 -12 -13 13 50 -16 43 17 26 25 20 -22 -23 -24 -25 39 -27 46 34 58 35 40 37 53 -35 -36 41 44 -39 -40 -41 -42 42 -44 -45 -46 -47 48 -49 -50 -51 -52 52 -54 -55 -56 -57 -58 -59 -60
leaf_value=-8.3714002233329195e-05 -0.13748549995204806 -0.0008014252361415058 0.001020138290320537 0.00063912991723656459 -0.0025187251196374613 -0.0065617393602490168 0.0010016474928570883 -0.0056126361296570176 -0.0058806724285388658 0.00069025196964926498 0.0044349766827288806 0.00047008014323445099 0.0036875589593397553 -0.059000551006238099 -0.0014609200859118569 -0.13066124234315535 0.0023911086656760155 -0.0006500836596052364 0.002091031255678544 -0.00032792279042996093 0.0010656161057849515 -2.9924108763017717e-05 -0.0020763124202025176 -0.056472279588589622 0.0017703023682874067 -1.540057799498412e-06 -0.0007976736817720655 -0.0013124300358752154 0.0011553298867874725 -5.5978612073650286e-05 -0.00083803820448519011 -0.0036438864376229993 -0.00028673180232628091 -0.0096205288304193736 0.036788052859574892 -0.0025657303871223112 -0.011882696922413772 -2.5166364028746541e-05 1.0914682909649278e-05 -0.0033256115760840572 -0.00043470710706811587 -0.0025442941901879746 -0.0010480039946945828 -0.019759011048594857 0.00065863384595459299 -0.0013693294751627879 -5.5958074623604817e-05 1.9036918495012366e-05 0.00030562424903680686 -0.042216480915042633 -0.01686129669605679 -0.00028070839656035612 0.00083919120358766949 0.00035624927502762567 -0.001891227902053663 0.00076725907205419893 -0.00020859653903088814 -0.00092889790811087538 -0.02347419782927071
leaf_weight=76 363 99 127 302 132 116 85 163 79 68 203 69 84 224 95 3178 87 76 68 74 95 334 72 361 149 70 79 249 70 71 409 388 312 71 68 72 260 95 87 83 148 1474 74 96 91 87 78 100 72 68 91 71 68 242 171 82 244 101 73
leaf_count=76 363 99 127 302 132 116 85 163 79 68 203 69 84 148 95 2914 87 76 68 74 95 334 72 361 149 70 79 249 70 71 409 388 312 71 68 72 260 95 87 83 148 1474 74 96 91 87 78 100 72 64 71 71 68 242 171 82 244 101 73
internal_value=8.26241e-05 0.00155429 0.00276201 0.00345739 -5.63686e-05 0.000460431 0.00108541 7.41829e-05 0.000390562 0.000966427 0.00141732 0.00202611 -0.000269587 3.85354e-05 0.000604734 -0.00032372 0 -2.65965e-05 6.38885e-05 0 0.000500887 0.00023448 0.00054829 0 0.000117617 0.000604903 -0.000116741 -0.000156325 -0.00020119 -0.000238895 -1.79058e-05 0 0.000133806 0.000564242 0 -0.000263839 -1.15219e-05 -5.59277e-05 -0.000159514 0.000372536 -0.000172669 -0.000282896 -0.000294594 -0.000377672 0 0 0 0.00014047 -1.89974e-07 -0.000165382 -7.22286e-05 0 0.000100879 0 0 0 -0.000122954 -2.72595e-05 0
internal_weight=12594 1127 505 378 11467 622 270 6917 1332 576 358 154 4550 494 179 4056 5585 5047 2146 2008 169 538 204 756 395 138 2901 2328 1910 1767 1839 1282 712 158 418 1691 782 570 475 232 557 1620 1548 3274 351 155 573 179 394 431 315 218 139 554 352 181 322 350 143
internal_count=12230 1127 505 378 11103 622 270 6917 1332 576 358 154 4186 398 179 3788 5585 5047 2146 2008 169 538 204 756 395 138 2901 2328 1910 1767 1839 1282 712 158 418 1691 778 570 475 232 557 1620 1548 3010 351 155 573 179 394 427 219 218 139 554 352 181 322 350 143
is_linear=0
shrinkage=0.0139946


Tree=153
num_leaves=55
num_cat=0
split_feature=62 18 16 57 50 30 38 4 5 9 3 36 10 54 63 30 20 33 6 20 58 62 33 1 10 52 57 4 54 36 28 18 1 38 30 5 55 55 57 9 40 40 40 34 9 63 54 36 21 55 31 62 34 9
split_gain=18.854 3.61296 3.54627 1.86503 1.56841 1.38288 1.92187 1.2797 1.13777 0.764249 0.354413 0.273878 0.258035 0.416369 0.245315 0.223553 0.168323 0.157426 0.249906 0.151744 0.144841 0.224637 0.473771 0.349437 0.49665 0.155314 0.14281 0.259969 0.138719 0.278891 0.175474 0.30763 0.0854158 0.0742346 0.202217 0.0720793 0.0557858 0.0722929 0.0713121 0.0528193 0.0488865 0.191394 0.041928 0.0555929 0.0383898 0.0337031 0.126854 0.0246482 0.0145502 0.00571904 0.0210448 0.00116025 0.00838915 0.000302558
threshold=17.042356613092441 19.336804036891529 18.453144659510638 925.35000000000002 6.3749999999998774 92.550000000000011 5.2525689471955461 930.6500000000002 0.78656609248549325 -0.88606241628642823 0.99550000000000016 0.63251274397454682 -0.38168922026665864 0.76250000000000007 1.72354170530552 73.450000000000017 22.303389001872251 19.603964638582287 -0.9159756150367534 24.268444701086086 1.0450000000000002 20.421159798168251 26.494738677608964 0.95500000000000007 -0.57022117041332276 0.075500000000000012 929.55000000000007 927.6500000000002 0.97450000000000003 2.0138399181248254 69.950000000000017 31.732973589990568 12.890000000000002 4.972293303047099 98.050000000000011 -0.5 921.55000000000007 928.75000000000011 920.75000000000011 -0.99466160899732459 0.26210684844207954 0.64285819896607921 0.28095076674351455 2.272098187912031 -0.61188073503922691 2.9962867692734041 0.012500000000000002 3.4982231772806665 22.915000000000003 922.25000000000011 -2.3881158716417086 18.113778864699558 0.21294656490389061 0.92263100495486405
decision_type=2 2 2 2 2 2 2 2 2 2 2 2 2 2 2 2 2 2 2 2 2 2 2 2 2 2 2 2 2 2 2 2 2 2 2 2 2 2 2 2 2 2 2 2 2 2 2 2 2 2 2 2 2 2
left_child=1 7 3 33 5 -5 -7 -1 9 10 11 -4 -13 -14 15 19 36 -15 -19 53 21 -16 23 24 -23 45 27 -3 29 30 31 -18 44 34 -2 -36 -17 38 -38 -10 -6 -42 -30 48 -21 -22 -47 -40 -44 50 -24 -35 -53 -11
right_child=2 26 8 4 40 6 -8 -9 39 14 -12 12 13 17 20 16 28 18 -20 32 25 22 49 -25 -26 -27 -28 -29 42 -31 -32 -33 -34 51 35 -37 37 -39 47 -41 41 -43 43 -45 -46 46 -48 -49 -50 -51 -52 52 -54 -55
leaf_value=0.00065210215558572757 -0.00088507281343990049 0.00044779045642868586 -0.00063631136840221236 -8.1088608131008123e-05 -0.0068447027136911897 0.00088794492116756258 4.3183686999989696e-06 0.00092047608635526012 -0.029447991269299055 -0.063933687942077169 -0.00024329600725858937 -0.00017585440118023376 -0.0077431082914600751 -0.0012825137694337586 -0.0001702128773789873 -4.6709779894123953e-06 0.0064403393695674858 -0.00040303027099467155 0.001395601997064946 -0.022259273466500907 -0.069518277333710715 0.026550970426803565 -0.00034204753897767998 -0.00052805801617509618 0.0011780131787167344 -0.0050964985633093788 0.00019485807735039143 0.00070811234501189872 5.3143124829661964e-05 -3.4897095452254168e-05 -0.00036036417056096472 -0.014154685339984575 -0.0013057148120034089 2.5607459579150358e-05 0.00083661683168262434 -0.0002828903078927046 -0.0001060452322239423 -9.7532784326247867e-06 -0.00070533852859490701 -0.11265241259109841 0.0015797125705958571 -0.0066655008459251004 -0.0057992448046504151 9.4636603152773433e-05 -0.084811869763352782 -0.041115624861950528 0.0053399364530663388 -5.4299015493510076e-05 -0.0049124340793870987 -0.0013283560071299411 0.011402247016660616 -0.0025618412488359267 -0.001158736463255794 0.012053909863063383
leaf_weight=252 120 68 93 80 81 233 80 71 60 113 255 108 127 77 245 400 164 88 237 72 167 81 124 78 131 513 79 79 107 289 121 75 68 87 138 75 140 157 1012 2806 86 88 68 104 1460 78 83 68 428 257 141 69 245 68
leaf_count=252 120 68 93 80 81 233 80 71 60 113 255 108 127 77 245 400 164 88 237 72 167 81 124 78 131 473 79 79 107 289 121 75 68 87 138 75 140 157 1012 2490 86 88 68 104 1456 78 83 68 428 257 137 69 245 68
internal_value=7.59578e-05 0.00260948 -3.43104e-05 0.000624213 0.00117893 0.00175066 0.0021688 0.00363995 -0.000126072 -2.88819e-05 0.000320992 0.000483507 0.000593102 0.000720091 -8.94352e-05 -0.000144065 -4.54245e-05 0.00093995 0.00108902 -0.000279564 1.65402e-05 0.000151667 0.000289319 0.000742517 0.00103558 -7.33114e-05 0.000823321 0.00110701 3.61282e-05 0.000208898 0.000478992 0.000698122 -0.000324869 4.11817e-05 0.000217127 0.000507738 -0.000145506 -0.000187717 -0.000226612 -0.000366793 2.91698e-05 0.000235978 -2.75478e-05 -0.000120571 -0.00034803 1.46536e-05 0.000202397 -0.000266286 -0.000198604 0 6.47858e-05 0 -2.68219e-05 0
internal_weight=12594 549 12045 1382 648 393 313 323 10663 7797 985 730 637 529 6812 4914 3133 402 325 1781 1898 1057 812 290 212 841 226 147 1356 649 360 239 1600 734 333 213 1777 1377 1220 2866 255 174 707 600 1532 328 161 1080 496 522 265 401 314 181
internal_count=12230 549 11681 1382 648 393 313 323 10299 7749 985 730 637 529 6764 4910 3133 402 325 1777 1854 1053 808 290 212 801 226 147 1356 649 360 239 1596 734 333 213 1777 1377 1220 2550 255 174 707 600 1528 328 161 1080 496 518 261 401 314 181
is_linear=0
shrinkage=0.0139946


Tree=154
num_leaves=59
num_cat=0
split_feature=62 18 20 56 60 4 5 29 9 28 42 0 9 30 45 10 20 43 20 63 30 0 1 30 30 55 21 18 43 21 4 9 4 9 56 39 10 46 48 9 16 30 1 9 5 0 60 45 27 21 0 28 10 55 62 1 1 10
split_gain=18.9486 3.61296 3.40468 1.70793 1.56181 1.2797 1.16438 1.10319 0.493176 0.317422 0.459454 0.447093 0.261002 0.23885 0.212153 0.245835 0.323022 0.294174 0.138134 0.172046 0.292273 0.340144 0.538051 0.283648 0.141838 0.121458 0.10032 0.131548 0.0793563 0.0596394 0.112737 0.0555385 0.0724638 0.0528193 0.0527502 0.0506522 0.170033 0.0476407 0.0449557 0.0434537 0.188802 0.0408078 0.0325959 0.0297576 0.0289391 0.028452 0.0258014 0.0562442 0.0254821 0.0243245 0.0175097 0.0622312 0.0143555 0.0102209 0.00584823 0.000917603 0.00423881 0.00013096
threshold=17.042356613092441 19.336804036891529 18.139028020211551 927.35000000000002 0.025000000000000005 930.6500000000002 0.78656609248549325 74.350000000000009 -0.8779519545588893 97.250000000000014 0.33667986757982554 0.79500000000000015 0.11593352601052392 55.850000000000001 2234.5600000000009 -0.17552498857989965 19.79080938305189 23.145833333333332 21.912794973251348 1.72354170530552 73.750000000000014 0.91500000000000015 0.23500000000000001 73.450000000000017 97.950000000000017 930.75000000000011 22.355000000000004 18.691167710183787 26.922708333333336 19.385000000000002 927.95000000000016 0.58429276287313725 921.35000000000002 -0.99466160899732459 920.35000000000002 26.331666666666671 -0.78295110140207591 23.215000000000003 607.05000000000007 0.82876241254485883 25.794994004262136 91.350000000000009 13.375000000000002 -0.69016699705532225 -0.60355339059327362 0.47500000000000003 0.35500000000000004 2132.3205000000007 90.15000000000002 23.175000000000004 0.80500000000000016 92.850000000000009 -0.35768498937424864 924.75000000000011 20.230116285089746 4.5850000000000009 1.635 -0.98208922706762081
decision_type=2 2 2 2 2 2 2 2 2 2 2 2 2 2 2 2 2 2 2 2 2 2 2 2 2 2 2 2 2 2 2 2 2 2 2 2 2 2 2 2 2 2 2 2 2 2 2 2 2 2 2 2 2 2 2 2 2 2
left_child=1 5 3 9 12 -1 8 -6 14 50 -11 -12 48 34 15 52 -17 -18 24 23 21 22 -21 28 25 37 27 -25 38 -3 -31 32 -26 -8 -10 41 57 42 -20 40 -23 43 45 -28 -36 -15 54 -48 -5 -45 51 -2 -4 -34 -22 56 -43 -37
right_child=2 29 6 4 7 -7 33 -9 13 10 11 -13 -14 18 -16 16 17 -19 19 20 46 39 -24 26 31 -27 35 -29 -30 30 -32 -33 53 -35 44 36 -38 -39 -40 -41 -42 55 -44 49 -46 -47 47 -49 -50 -51 -52 -53 -54 -55 -56 -57 -58 -59
leaf_value=0.00064297622086319738 0.0006370965267686533 0.00036814553990571536 0.0042452631018148161 -0.00019450504843666259 0.00064422393524688057 0.00090759435516369008 -0.029035877241256159 0.00050396427018666241 -0.051866034630443633 -0.0011873067700072417 3.6072975429253966e-05 0.00081254506476298915 -0.12076925749568061 -0.00052134441822905444 -7.5434523389293897e-05 -4.0557143860998416e-05 -0.00012210192654376083 0.0039103575328470136 -0.052314079534564309 0.023257855174719091 -0.00096596130871666626 0.014605136623533892 0.011912506426171098 -0.0026145094865692659 0.00073902919073675071 -0.00040355622604962266 -8.0567917736716025e-05 -0.00014720114222723101 -0.0005404022443838911 0.00035960014453898707 0.00075007484239645325 6.0933395195790522e-05 -0.0011587192324428947 -0.11107588266424805 -0.03498230870591703 0.0012331597398375189 0.0063307751413085476 -0.00110888901270339 -0.017027875204774612 -0.10123703063915988 -0.0012355672946262834 -0.0017160917727037084 -7.8117671125903018e-05 -0.00030445331278460637 -0.14498225756855221 -0.00098972743807844064 -0.00033811538422583637 -0.00027434517655894835 0.0010361925805146091 -0.0019436294358988273 -0.0022701276148666414 -0.001143074409296596 -0.00067995705814013498 -0.00014643877346565972 -0.0090083924885526155 -0.0019117569497368379 6.6288329901631173e-05 -0.023515907188834877
leaf_weight=252 69 71 156 71 99 71 60 69 139 110 93 73 78 69 346 122 73 179 839 95 68 70 98 69 103 100 68 159 176 76 79 72 364 2806 129 73 131 82 97 150 136 76 109 140 861 1103 119 111 80 372 302 91 218 68 255 132 84 233
leaf_count=252 69 71 156 71 99 71 60 69 131 110 93 73 78 69 346 122 73 179 839 95 68 70 98 69 103 100 68 159 176 76 79 72 364 2490 129 73 131 82 97 150 136 76 109 140 821 1103 119 111 80 372 302 91 218 68 255 132 84 233
internal_value=6.92915e-05 0.00260948 -4.12805e-05 0.000678711 0.00144821 0.00363995 -0.000122461 0.00256601 -2.6969e-05 0.000171096 0.000549255 0.00101756 0.000322214 -7.78763e-05 0.000234534 0.000368508 0.00063168 0.000916507 -2.83966e-05 6.17343e-06 0.000166403 0.000399249 0.000890214 -3.51352e-05 -0.00012351 -0.000201344 5.52508e-05 0.000325442 -0.000220441 0.000823321 0.00102914 0 0 -0.000366793 -0.000272939 0 0.000129958 -0.000246857 -0.000272553 0 0.000202343 -5.35749e-05 -0.000268527 -0.000134336 -0.000308791 -0.000290242 0 1.72255e-05 0.000700856 -0.000178258 0 3.33209e-05 0 -0.000165969 -0.000123867 0 3.33209e-05 0
internal_weight=12594 549 12045 1135 397 323 10910 168 8044 738 276 166 229 6950 1094 748 374 252 5821 3751 1102 549 193 2649 2070 1463 1537 228 1112 226 155 607 535 2866 1129 1309 437 1363 936 356 206 872 1281 580 990 1172 553 230 151 512 462 160 374 432 323 292 160 306
internal_count=12230 549 11681 1135 397 323 10546 168 7996 738 276 166 229 6902 1094 748 374 252 5821 3751 1102 549 193 2649 2070 1463 1537 228 1112 226 155 607 535 2550 1081 1309 437 1363 936 356 206 872 1281 580 950 1172 553 230 151 512 462 160 374 432 323 292 160 306
is_linear=0
shrinkage=0.0139946


Tree=155
num_leaves=48
num_cat=0
split_feature=62 18 20 38 63 59 4 5 9 62 8 30 43 9 59 10 20 35 1 38 34 38 10 10 59 30 56 43 9 26 56 38 62 9 63 9 26 4 61 40 50 17 59 43 63 9 55
split_gain=18.7595 3.61296 3.49519 1.90488 2.31676 1.54599 1.2797 1.25353 0.429283 0.356676 0.805932 0.292475 0.224953 0.542424 0.396104 0.374166 0.205622 0.426291 0.119934 0.110723 0.154878 0.30438 0.151211 0.197412 0.136712 0.136841 0.093379 0.0926197 0.110421 0.0892662 0.213936 0.311802 0.086528 0.12209 0.12194 0.0515641 0.0464739 0.0410573 0.0404688 0.0223475 0.0189257 0.0191918 0.0132337 0.011167 0.00941902 0.00544985 0.102888
threshold=17.042356613092441 19.336804036891529 18.139028020211551 5.2837450808588589 -2.0955929864546312 0.9850000000000001 930.6500000000002 0.78656609248549325 -0.8779519545588893 18.59871034772112 0.78656609248549303 52.750000000000007 27.001875000000002 0.52707282776374187 0.77500000000000013 -0.15855351192338588 25.310906910610026 29.482042242479721 22.48 2.7959194687070368 0.37997907362231992 2.2896122070012446 -0.99271195016773384 -0.99626127116974506 0.40500000000000008 90.15000000000002 920.45000000000016 24.151041666666671 -0.11593352601052358 97.350000000000009 922.95000000000016 4.2992667800677715 19.07770863280648 -0.81403855522663837 -2.6374089156085847 -0.99466160899732459 61.550000000000004 927.95000000000016 26.385000000000002 0.41243181254644401 577.21666666666658 15.981058518216878 0.54500000000000015 25.138958333333338 0.070077827532189843 -0.52707282776374165 923.45000000000016
decision_type=2 2 2 2 2 2 2 2 2 2 2 2 2 2 2 2 2 2 2 2 2 2 2 2 2 2 2 2 2 2 2 2 2 2 2 2 2 2 2 2 2 2 2 2 2 2 2
left_child=1 6 3 4 5 -2 -1 8 16 10 44 36 18 14 -14 26 29 -18 19 20 21 -13 23 43 25 -24 -15 -20 -29 42 -31 -32 -26 -34 -35 -9 -10 -3 -37 -22 41 -36 -4 -21 -6 46 -5
right_child=2 37 7 45 9 -7 -8 35 11 -11 -12 12 13 15 -16 -17 17 -19 27 22 39 -23 24 -25 32 -27 -28 28 -30 30 31 -33 33 34 40 38 -38 -39 -40 -41 -42 -43 -44 -45 -46 -47 -48
leaf_value=0.00063397800030916556 0.0014435506110479215 0.00027257888418506841 0.00031050638607928887 -0.0012645715920122738 3.4443092803288019e-05 0.00088473948999969127 0.00089489289915885121 -0.028629530600555727 -0.18601955734370615 -0.00034710179766747368 0.00040916750560601555 -0.00046243286098039498 -9.6661354199045082e-05 0.00057620703966707856 0.017436249352741906 0.0056142575404598046 0.0089756875870504946 -0.00049765237382598147 -0.00092654485740830501 0.00012394448472199775 8.5133256202460383e-05 0.0035183522592769382 -0.037751672050313406 0.014953181298647781 -3.1019384674629452e-06 0.0019599433543171368 -0.0038112460766013046 0.0019285973086155606 -1.3544849239013421e-05 -0.0001249676646897299 -2.0936880156901193e-05 0.00062949499593152234 6.0772460066397122e-05 -4.1108666566697914e-06 -0.089845558055563296 -0.11692718220742855 -0.058077461978511116 0.00072834710704194991 -0.011366795858943107 -0.018446495730959449 -0.080006261737030265 -0.0023884326662447245 -0.00035245632316888463 -0.0028143308013331217 -0.0017717753622388357 -0.0029760003064009401 0.00060441660005220051
leaf_weight=252 127 84 96 109 135 79 71 60 858 183 81 195 69 69 73 105 176 100 85 111 82 90 99 113 374 69 580 69 87 202 93 134 174 343 72 2731 102 142 75 243 71 2605 293 212 85 259 77
leaf_count=252 127 84 96 109 135 79 71 60 810 183 81 195 69 69 73 105 176 100 85 111 82 90 99 113 374 69 580 69 87 202 93 134 174 343 72 2415 102 142 75 243 71 2605 293 212 85 259 77
internal_value=8.26241e-05 0.00260948 -2.73403e-05 0.00070333 0.00116279 0.00249145 0.00363995 -0.000109636 -1.13148e-05 0.000451222 0.000746508 -5.97586e-05 -1.14099e-05 0.000176213 0.000965523 0 0.000234534 0.00059962 -5.76862e-05 -8.29476e-05 2.02511e-05 0.000323709 -0.000113659 3.53299e-05 -0.000148422 1.19784e-05 -0.000100098 0.000170301 0.000399407 2.80863e-05 0.000205128 0.000512145 -0.000174335 -0.000197635 -0.000221333 -0.000361913 -0.000290778 0.000823321 -0.000370643 -4.00482e-05 -0.000252554 -0.000258568 0 0 0 0 4.50981e-05
internal_weight=12594 549 12045 1135 690 206 323 10910 8044 484 301 6950 5990 896 142 754 1094 276 5094 4853 610 285 4243 436 3807 168 649 241 156 818 429 227 3639 3265 3091 2866 960 226 2806 325 2748 2677 389 323 220 445 186
internal_count=12230 549 11681 1135 690 206 323 10546 7996 484 301 6902 5990 896 142 754 1094 276 5094 4853 610 285 4243 436 3807 168 649 241 156 818 429 227 3639 3265 3091 2550 912 226 2490 325 2748 2677 389 323 220 445 186
is_linear=0
shrinkage=0.0139946


Tree=156
num_leaves=52
num_cat=0
split_feature=62 20 10 10 37 50 0 5 41 10 44 10 7 56 20 30 37 3 59 45 34 29 52 3 52 56 52 55 37 5 49 45 34 27 56 31 58 56 37 10 1 60 53 37 10 56 0 5 37 37 29
split_gain=18.9328 3.6256 3.03259 4.98189 1.98836 3.08007 1.54606 1.10292 0.968497 0.716085 0.389992 0.435495 0.383478 0.267678 0.254915 0.423588 0.243396 0.30702 0.342748 0.407524 0.234061 0.426104 0.231951 0.339423 0.185019 0.299055 0.679269 0.181726 0.119964 0.112493 0.111517 0.0950998 0.0930038 0.0531064 0.0942734 0.040602 0.0435364 0.0390506 0.12876 0.160879 0.0342745 0.0248192 0.0206209 0.0167784 0.30371 0.0144868 0.0106295 0.0105732 0.0048548 0.0017525 0.000617666
threshold=17.042356613092441 18.139028020211551 0.94968266440323645 0.74407637760383738 21.178272977828755 6.3749999999998774 0.9850000000000001 0.78656609248549325 21.812500000000004 0.50494235051780223 3.232971148118096 -0.78295110140207591 0.60355339059327384 920.6500000000002 23.733606883714877 62.250000000000007 20.9571147082324 0.99550000000000016 1.0150000000000003 2106.1420000000003 0.57894168061210227 60.95000000000001 0.011500000000000002 0.9085000000000002 0.97050000000000003 922.6500000000002 0.99250000000000005 923.75000000000011 30.673057401913699 -0.37940952255126059 577.1500000000002 2088.6300000000006 0.14236614546536216 98.250000000000014 924.05000000000007 8.7274981420078266 2.0250000000000004 922.45000000000016 24.987711323739415 -0.9523422988233432 6.1350000000000007 17.485000000000003 0.30350000000000005 28.035477892378996 -0.5488429582847193 928.55000000000007 1.0050000000000001 0.12940952255126045 23.339204855085729 23.50171791218164 98.450000000000017
decision_type=2 2 2 2 2 2 2 2 2 2 2 2 2 2 2 2 2 2 2 2 2 2 2 2 2 2 2 2 2 2 2 2 2 2 2 2 2 2 2 2 2 2 2 2 2 2 2 2 2 2 2
left_child=2 4 3 8 5 6 -2 10 9 -1 11 29 13 43 40 42 47 18 24 -20 33 -22 -17 27 50 -26 -27 -24 32 37 41 -9 -15 -6 48 36 -34 38 39 -3 45 -31 -16 -12 -45 -14 49 -13 -35 -39 -18
right_child=1 7 -4 -5 20 -7 -8 31 -10 -11 12 16 14 28 15 22 17 -19 19 -21 21 -23 23 -25 25 26 -28 -29 -30 30 -32 -33 35 34 -36 -37 -38 46 -40 -41 -42 -43 -44 44 -46 -47 -48 -49 -50 -51 -52
leaf_value=0.00065630200406834613 0.0004693710419858691 0.00054142918812066527 0.00018477439665080711 0.00089712397824065059 -0.0023323858012099137 -1.790606966746841e-05 0.00057816630123947647 -0.1028995078578209 0.00044182824975905579 0.00042585605806248826 -0.010240705616035364 -0.00033829018967942531 -0.0002523244855292828 -0.0013370540921374798 -0.18239827912536868 -0.0067185270134568894 -0.00019326044198605583 -2.0893184866813035e-05 0.012554294379034773 0.00022219070082319319 -0.0015663797097666794 0.00080258596944832367 0.0011983723640551951 -0.00063770303397434047 -1.0183711770546999e-05 0.0076721604704726729 -0.00026874191503432817 0.010777136126486316 -0.0012259726680554606 -0.0062142342014821633 -0.00012077595546080646 -0.010411295935937811 -0.0080035760131498459 3.2559598671505088e-05 -0.00076056447535406213 -0.088228751917899792 -0.063848608041569138 -8.6866864936349083e-05 -0.001282557311295202 4.3340070778777071e-06 -1.9395834906427397e-05 -0.00052215758171782092 0.0057933810977552572 0.012140189770684363 -0.44002843463234925 -4.7748686517746491e-05 -0.00053454028534606396 -0.025198438813541394 -0.00049304640697504776 -0.0018130851631767877 0.0025766463372904344
leaf_weight=86 156 74 95 168 280 178 71 2795 109 91 216 100 427 167 234 76 458 477 153 138 81 120 80 107 266 106 123 208 118 727 160 71 1881 112 68 68 68 72 156 182 68 68 116 91 119 68 70 248 69 224 130
leaf_count=86 156 74 95 168 280 178 71 2479 109 91 216 100 427 163 234 76 458 477 153 138 81 120 80 107 266 106 123 208 106 727 160 71 1857 112 68 68 68 72 156 182 68 68 116 87 115 68 70 248 69 224 130
internal_value=7.04025e-05 -4.01188e-05 0.00260948 0.00308729 0.00070333 0.00151466 0.0025912 -0.000123744 0.00158514 0.00225929 -3.04477e-05 5.77219e-05 -0.000131124 -0.000230822 1.68177e-05 0.000213533 0.00019849 0.000269305 0.000375995 0.000881905 0.000158433 0.000562607 0.000504765 0.000646565 0.00017667 0.000375605 0.000746547 0.000895378 -0.000293063 -8.20815e-05 -0.000187724 -0.000361913 -0.000318231 0 0.000151481 -0.000344485 -0.000356206 0 0.000129355 0.000353059 -0.000150519 -0.000264054 0 0 0.00012454 -0.000198159 -4.43345e-05 0 0.000363935 -9.70389e-05 0
internal_weight=12594 12045 549 454 1135 405 227 10910 286 177 8044 3932 4112 2728 1384 821 2199 1851 1374 291 730 201 471 395 1083 495 229 288 2302 1733 955 2866 2184 529 249 2017 1949 778 412 256 563 795 350 426 210 495 366 348 181 296 588
internal_count=12230 11681 549 454 1135 405 227 10546 286 177 7996 3932 4064 2680 1384 821 2199 1851 1374 291 730 201 471 395 1083 495 229 288 2262 1733 955 2550 2156 529 249 1993 1925 778 412 256 563 795 350 418 202 495 366 348 181 296 588
is_linear=0
shrinkage=0.0139946


Tree=157
num_leaves=57
num_cat=0
split_feature=62 20 18 37 50 0 42 55 9 47 9 19 39 60 20 1 54 9 57 36 57 57 19 37 55 19 57 21 9 9 31 9 1 37 30 34 0 31 60 25 55 37 11 11 19 2 2 61 62 16 16 0 42 61 43 25
split_gain=18.697 3.60307 3.46696 2.06672 3.08007 1.54606 1.0423 0.509635 0.373704 0.382862 0.301838 0.339905 0.223309 0.200384 0.193837 0.150002 0.144647 0.245475 0.306092 0.347581 0.14281 0.259969 0.12324 0.101515 0.120938 0.100329 0.0955595 0.0852487 0.0819275 0.317647 0.0582871 0.0391895 0.118733 0.231515 0.118879 0.0382628 0.106948 0.0343698 0.023786 0.0229914 0.0302086 0.0168137 0.0686098 0.0132337 0.0122863 0.00632233 0.0178462 0.0057791 0.00463341 0.00327718 0.00314725 0.00146317 0.000835599 0.0167209 0.000187888 6.86761e-05
threshold=17.042356613092441 18.139028020211551 19.336804036891529 21.178272977828755 6.3749999999998774 0.9850000000000001 2.1957739685706454 930.6500000000002 -0.8779519545588893 64.550000000000011 -0.93535928755917819 23.425439024720671 27.201666666666661 17.485000000000003 23.071640330364129 22.48 0.96650000000000003 0.82876241254485883 927.25000000000011 0.86915517471836667 929.55000000000007 927.95000000000016 27.762908492970315 23.525466455306091 921.05000000000007 33.422821998654037 923.45000000000016 18.415000000000003 0.96683886033945965 0.99373737808068319 8.7274981420078266 -0.97505550290239429 1.9650000000000001 22.108917472750047 94.65000000000002 0.57894168061210227 1.0050000000000001 10.708923119600255 3.1250000000000004 23.565000000000001 925.1500000000002 22.766614598106582 7.5000000000000009 10.500000000000002 18.815158874364396 40.050000000000004 25.350000000000005 1.675 20.689828482501326 17.560833970334667 20.311552195899164 0.68500000000000016 0.74126017055942051 4.6750000000000007 24.558125000000008 23.995000000000001
decision_type=2 2 2 2 2 2 2 2 2 2 2 2 2 2 2 2 2 2 2 2 2 2 2 2 2 2 2 2 2 2 2 2 2 2 2 2 2 2 2 2 2 2 2 2 2 2 2 2 2 2 2 2 2 2 2 2
left_child=2 3 7 4 5 -2 8 -1 10 14 31 12 44 35 23 22 17 18 19 -16 21 -4 30 41 52 27 38 -8 -19 -30 45 32 -3 -34 54 47 -37 -29 -21 40 -26 43 50 49 -12 46 -11 51 -33 -10 -43 -5 53 -25 -35 -18
right_child=1 6 20 13 -6 -7 25 -9 9 15 11 -13 -14 -15 16 -17 55 28 -20 26 -22 -23 -24 24 39 -27 -28 37 29 -31 -32 48 33 34 -36 36 -38 -39 -40 -41 -42 42 -44 -45 -46 -47 -48 -49 -50 -51 -52 -53 -54 -55 -56 -57
leaf_value=0.00060964904568752113 0.00046280236336221939 -0.00054428403761954455 0.00015575594509466585 -0.00075733255829459566 -1.7655480673754004e-05 0.00057007507216027869 -0.0015281718271016088 0.00089871531197065484 -4.843493223299788e-05 -0.03716315485637401 0.0019086750412539877 -0.00021286089242134534 -0.00094873938655495741 0.00038455255086109564 0.0086149469837637372 0.0012450847201844063 0.00012889885490310286 -0.20317401505982563 -0.00012300583672198587 0.0017852305619843938 0.00016594401816523679 0.00078102290886084946 0.007289328357502998 -1.610640262256711e-05 -0.00082386064925737208 -0.00033084881261223934 -0.00056582072656791843 -0.049145594261147119 0.011443494046785482 -0.35574287053966591 -0.0084947791972359507 -0.00059396783622658162 -2.8819642515973592e-05 0.0030103699743766234 0.00059928235661788043 0.00059462786309956222 -0.0034344095785290843 -0.071358801676350878 -4.1685650058453391e-06 -0.00010518589802519891 -0.00021348295856205598 0.00017617692437917013 -0.00016424367798188239 0.001326256741228821 -0.0010327215789833347 -0.032845677088390646 0.013466206841024515 2.7175223803450174e-06 -0.0060480995623475257 -0.0013883781906612956 -0.00055000159564564462 -0.0022842709734796829 -0.0025211894652023372 0.00023327104882267359 -0.0055669491553652006 -0.00039722364307937321
leaf_weight=254 156 159 68 68 178 71 85 69 68 228 68 190 73 81 92 102 77 270 207 129 79 79 118 156 857 120 80 2809 70 84 120 103 156 69 72 107 77 85 78 106 153 82 146 176 98 2207 116 196 275 225 70 201 128 69 69 265
leaf_count=254 156 159 68 68 178 71 85 69 68 228 68 190 73 81 92 102 77 270 207 129 79 79 118 156 857 120 80 2505 70 84 120 103 156 69 72 107 77 85 78 106 153 82 146 176 98 2147 116 196 275 225 70 201 128 69 69 265
internal_value=6.04031e-05 -4.94123e-05 0.00258408 0.00069102 0.00151466 0.0025912 -0.000132721 0.00359687 -3.67474e-05 -8.75741e-05 0.000159742 0.000464972 0.000814326 0.000139311 0 -0.000207609 0.000140844 0.000233535 0.000419114 0.00065462 0.000823321 0.00110701 -0.000234954 -7.04485e-05 -0.000145148 -0.000352726 0.000124771 -0.000368804 0 0.000230343 -0.000258206 0 9.12519e-05 0.000274116 0.000586928 0 0.000200693 -0.000381804 0.000333372 -0.000221155 -0.000241833 0 0.000104793 0 0.00110093 -0.000272536 0 -4.0579e-06 -9.30382e-05 -9.37546e-05 0.00032975 -6.48616e-05 0 2.68584e-05 0 0
internal_weight=12594 12045 549 1135 405 227 10910 323 7811 6479 1332 429 239 730 3588 2891 1352 1010 586 379 226 147 2789 2236 1469 3099 287 2979 424 154 2671 903 525 366 210 649 184 2894 207 1116 1010 767 298 469 166 2551 344 465 378 293 152 269 353 225 138 342
internal_count=12230 11681 549 1135 405 227 10546 323 7751 6419 1332 429 239 730 3588 2831 1352 1010 586 379 226 147 2729 2236 1469 2795 287 2675 424 154 2611 903 525 366 210 649 184 2590 207 1116 1010 767 298 469 166 2491 344 465 378 293 152 269 353 225 138 342
is_linear=0
shrinkage=0.0139946


Tree=158
num_leaves=59
num_cat=0
split_feature=62 20 10 10 37 50 0 8 41 10 28 29 34 20 30 10 44 44 37 63 8 38 45 38 63 45 31 38 44 34 63 10 37 42 47 45 63 25 62 55 56 17 56 10 20 26 37 37 0 26 0 56 63 28 38 37 10 63
split_gain=18.5092 3.46144 2.96469 4.6833 2.06672 3.08007 1.54606 1.02076 0.968497 0.716085 0.336014 0.187176 0.413793 0.164982 0.275116 0.291755 0.256909 0.21766 0.432444 0.458015 0.349216 0.269999 0.32568 0.185491 0.142447 0.138736 0.154033 0.12533 0.222695 0.22566 0.27185 0.144022 0.169438 0.128382 0.11289 0.2085 0.104629 0.0738772 0.0938515 0.0725772 0.18588 0.202154 0.0672584 0.035448 0.0300402 0.0271513 0.0622615 0.152961 0.0260845 0.0256948 0.0396855 0.0199646 0.0176265 0.0174068 0.0145661 0.00744164 0.00621126 0.00153061
threshold=17.042356613092441 18.139028020211551 0.94968266440323645 0.74407637760383738 21.178272977828755 6.3749999999998774 0.9850000000000001 -0.70710678118654757 21.812500000000004 0.50494235051780223 41.650000000000013 61.550000000000004 0.57894168061210227 23.733606883714877 60.95000000000001 -0.89388548498445497 3.2196355733317601 6.4147140285938535 25.257111464890517 0.30682298736417485 0.91597561503675351 2.2896122070012446 2182.4475000000007 2.6000780218143285 3.1019811327572868 2070.7825000000007 9.7744155884849206 5.0395364877933995 1.9343085283659598 1.0493813949846611 1.7769862438858353 -0.98798606843101155 25.155570038961091 0.28922885610539234 10.550000000000002 2240.4830000000006 3.4462449693230899 23.715000000000003 18.428862405675986 922.55000000000007 920.35000000000002 31.266288468341799 920.05000000000007 -0.99271195016773384 18.815874440780735 98.15000000000002 22.438506913466323 23.555854913796306 0.85500000000000009 95.450000000000017 0.53500000000000014 921.45000000000016 2.6853405143610076 81.950000000000017 5.3540039173425802 22.46380584661819 -0.090248267031647136 -2.3545031100648006
decision_type=2 2 2 2 2 2 2 2 2 2 2 2 2 2 2 2 2 2 2 2 2 2 2 2 2 2 2 2 2 2 2 2 2 2 2 2 2 2 2 2 2 2 2 2 2 2 2 2 2 2 2 2 2 2 2 2 2 2
left_child=2 4 3 8 5 6 -2 25 9 -1 24 -6 45 16 36 43 27 18 39 -20 21 -21 -23 -18 -9 26 -3 28 53 30 31 -30 33 -33 35 -35 51 38 -29 40 -17 48 -25 54 -40 -13 -47 -48 -42 50 -45 -15 -44 -12 -16 -41 57 -31
right_child=1 7 -4 -5 11 -7 -8 10 -10 -11 13 12 -14 14 15 17 23 -19 19 20 -22 22 -24 42 -26 -27 -28 37 29 56 -32 32 -34 34 -36 -37 -38 -39 44 55 41 -43 52 49 -46 46 47 -49 -50 -51 -52 -53 -54 -55 -56 -57 -58 -59
leaf_value=0.00063997649230678258 0.00045632561102935775 -0.10056016729902831 0.000177095287313649 0.00087363891717258879 -0.0022997376654607139 -1.7408398582763596e-05 0.00056209707691683673 -0.1062515925478123 0.00042471488837316548 0.00041311530126601195 -0.00053524225735884778 -0.0021644387976988023 0.00081410971524829888 -0.0090079092278772723 -0.0004394451744581175 -0.00085698312366702147 -0.00018006579620024837 -0.19130476203827373 -7.8252115836237624e-05 0.00054934654765969617 -0.0001518928709252653 0.01749394389130865 -3.9702721849049576e-05 -3.5983710922990572e-05 0.00031948361779356919 -0.00019358077707540953 -0.023904377956205768 0.00022065097250876996 -0.00010887055011614803 -0.0014174955803690121 -0.00024138977198107211 0.00012939380841135497 -0.00014264692744697614 0.0017608738884402409 -2.3241648953660757e-05 -0.00031692550852638308 0.0029721582563442856 0.00053204510666922963 -0.00021769941029165703 -0.00032492915884892236 0.011774956065107469 -0.013588046872119499 -0.0015174788210963097 -0.0013658575432416659 -0.00090730240978109038 -0.00094539969073579135 4.6275210974034907e-05 -0.00079457578526216362 0.00030637125788172904 -0.00028565996154480879 -0.012825846709264519 -0.072096993377418456 -0.00026965596868269091 -0.00075179278321073947 0.016938086209029552 -0.0020555243938959232 0.00073693598346244666 -0.0042209531018348257
leaf_weight=86 156 2978 95 168 187 178 71 886 109 91 68 178 113 68 85 124 128 118 156 86 94 281 78 74 179 169 229 72 81 68 99 96 77 275 84 70 69 96 104 156 102 68 960 69 567 78 104 70 71 68 360 441 88 286 70 275 135 202
leaf_count=86 156 2662 95 168 187 178 71 862 109 91 68 178 113 68 85 124 128 118 156 86 94 281 78 74 155 169 229 72 81 68 99 96 77 275 84 70 69 96 104 156 102 68 960 69 567 78 104 70 71 68 360 441 88 286 70 275 135 202
internal_value=7.37357e-05 -3.5472e-05 0.00258408 0.00305659 0.00069102 0.00151466 0.0025912 -0.000117331 0.00158514 0.00225929 -1.70947e-05 0.000139311 0.00030553 1.10635e-05 9.86001e-05 0.000181548 -3.88616e-05 0.000285958 0.000341747 0.000609207 0.000802514 0.00096569 0.00114076 -0.000208885 -0.000251009 -0.000320942 -0.000341901 2.22414e-05 0.000117513 0.000230431 0.00037002 0.000484198 0.000559112 0.000649059 0.000757297 0.00088098 -0.000109217 -7.24872e-05 -0.000159237 2.28971e-05 0.000199714 0.00045842 -0.000284477 0 -0.000235345 0 0.00014473 0.000315555 0.000719923 -0.000114888 -0.000164201 -0.000231628 -0.000314925 -7.09982e-05 4.77654e-05 0 0 -6.61673e-05
internal_weight=12594 12045 549 454 1135 405 227 10910 286 177 7534 730 543 6469 2839 2261 3630 1609 1491 695 539 445 359 1250 1065 3376 3207 2380 1541 1187 782 683 602 525 429 345 578 839 743 796 365 241 1122 652 671 430 252 174 173 497 429 509 1048 354 155 431 405 270
internal_count=12230 11681 549 454 1135 405 227 10546 286 177 7486 730 543 6469 2839 2261 3630 1609 1491 695 539 445 359 1250 1017 3060 2891 2380 1541 1187 782 683 602 525 429 345 578 839 743 796 365 241 1122 652 671 430 252 174 173 497 429 509 1048 354 155 431 405 270
is_linear=0
shrinkage=0.0139946


Tree=159
num_leaves=56
num_cat=0
split_feature=16 2 16 19 57 36 5 11 24 24 57 9 9 0 63 40 26 30 30 61 39 54 55 9 40 45 63 54 57 45 38 38 61 22 53 9 38 31 30 61 55 63 26 38 57 30 24 2 54 0 38 56 38 38 9
split_gain=12.7146 4.44862 2.88134 2.77558 2.4112 1.78671 1.33621 0.774231 0.962976 0.674055 0.544797 0.66456 0.44125 0.410054 0.327772 0.437783 0.373514 0.370856 0.706544 0.290935 0.200521 0.297805 0.406853 0.146627 0.155958 0.131424 0.115155 0.0892882 0.0746283 0.200522 0.290018 0.0470022 0.0724102 0.0654194 0.26372 0.193264 0.045815 0.0448908 0.0345118 0.0298779 0.0227426 0.016614 0.0161261 0.0360824 0.0143601 0.0115318 0.0606683 0.103901 0.0113071 0.0105732 0.00711648 0.00223318 0.000897347 0.0369685 0.000187888
threshold=16.315214894869502 28.250000000000004 18.453144659510638 26.97572752825489 925.35000000000002 0.51054257256264113 0.78656609248549325 9.5000000000000018 21.965000000000003 23.715000000000003 925.75000000000011 -0.2760944163666606 -0.48250327361223916 1.0050000000000001 2.8554899732702865 0.53241585454264484 59.050000000000004 52.750000000000007 73.750000000000014 0.025000000000000005 26.449999999999999 0.89550000000000007 922.1500000000002 -0.81403855522663837 0.46701177715416314 2070.7825000000007 1.7769862438858353 0.11350000000000002 922.1500000000002 2182.4475000000007 4.9395747566537027 5.070588165302957 5.3800000000000008 23.025000000000002 0.99150000000000016 -0.25118773779856163 2.8478718656362729 9.7744155884849206 70.850000000000009 23.710000000000004 920.55000000000007 1.4810111120499736 86.250000000000014 3.7794286455427248 918.95000000000016 98.050000000000011 26.825000000000003 26.350000000000005 0.82150000000000001 0.91500000000000015 4.9154304768313688 922.1500000000002 5.4911982735885259 4.2513183670178236 -0.3171883513140959
decision_type=2 2 2 2 2 2 2 2 2 2 2 2 2 2 2 2 2 2 2 2 2 2 2 2 2 2 2 2 2 2 2 2 2 2 2 2 2 2 2 2 2 2 2 2 2 2 2 2 2 2 2 2 2 2 2
left_child=1 3 4 12 45 -6 7 14 42 -7 -10 -12 -1 -11 16 50 38 -17 19 -19 23 22 -22 28 31 37 27 -26 49 -30 -31 33 41 36 -35 -36 -25 -8 -4 44 -38 -33 48 -44 -29 -2 47 -47 -9 -18 -16 -34 53 -23 -54
right_child=2 -3 6 -5 5 9 25 8 10 13 11 -13 -14 -15 15 17 20 18 -20 -21 21 52 -24 24 26 -27 -28 39 29 30 -32 32 51 34 35 -37 40 -39 -40 -41 -42 -43 43 -45 -46 46 -48 -49 -50 -51 -52 -53 54 -55 -56
leaf_value=0.00044724908840179813 -0.00038635136979135894 -0.00097072032515897429 -0.15446515739517636 0.00052334171214826655 0.00042707109681868074 9.8437133015793495e-05 -0.10435548566955277 -0.030433783727381786 -0.00063719198613108982 0.0006179906265221766 0.0025478399277546028 -0.024892001670866578 0.00045126680139202238 0.00018262114874492233 -0.001505395646843141 -0.043512570005447213 -0.00011733652979841586 0.0038156721548082842 -3.9557626426461415e-07 0.0063134523197789106 0.014803906411717612 0.0018239499955229306 -0.012755556618297977 0.0013505346871221257 -0.0001154605520090856 0.00046841718037653331 -0.0016018004824384145 -0.0034759256641588897 -0.0022955728902718836 -9.0466849457672711e-05 0.00079512847730414443 -0.0017688085953620199 0.00014888937281250337 -0.00025711630713751426 -0.0011295399829496374 0.00064718439723773747 -1.3575661956357402e-05 -0.062399813539869849 -0.016325203796360883 -0.00010776259143832956 -0.00071780095755401686 -0.0020782236676938864 0.0011801719391767815 -0.0040189735840721833 -0.0048400380164574505 0.00075475401136920761 -0.00028639598672381935 -0.00045795517728357011 -0.00012317434460085557 0.00030087750412784766 -0.00025195754165189838 -0.0011683283755075985 0.0035866772670715471 -0.0073097390161802741 -0.012667584702543493
leaf_weight=162 286 144 1097 89 81 197 2650 268 115 163 225 68 144 97 242 121 248 91 179 69 145 72 120 69 235 85 254 91 112 113 79 399 91 154 77 162 70 131 71 69 414 69 101 124 1205 161 166 74 78 168 109 142 69 308 71
leaf_count=162 286 144 1077 89 81 197 2334 268 115 163 225 68 144 97 230 121 248 91 179 69 145 72 120 69 235 85 254 91 112 113 79 399 91 154 77 162 70 131 71 69 414 69 101 124 1205 161 166 74 78 168 93 142 69 308 71
internal_value=7.37357e-05 0.00217387 -1.48979e-05 0.00293867 0.000620937 0.00132323 -9.31331e-05 0 0.000368326 0.000776963 0.000885899 0.00120531 0.00359139 0.00124978 -5.15474e-05 0.000186892 -9.38251e-05 0.000496485 0.000739651 0.00141668 -2.61715e-05 0.000153584 0.000536759 -7.56102e-05 -0.000120716 -0.000352153 -0.000209674 -0.000254977 5.01229e-05 0.000231766 0.000536029 0 -0.000103843 4.14203e-05 0.000191223 0.000523815 0 -0.000370201 -0.000325687 -0.000298303 -0.000106728 -0.000215205 0 8.85462e-05 -0.000313407 0 7.48742e-05 0.000244333 -6.29757e-05 0 -2.8372e-05 0 0 -2.1453e-05 0
internal_weight=12594 539 12055 395 1225 538 10830 7964 979 457 408 293 306 260 6985 811 6174 460 339 160 5006 785 265 4221 3501 2866 1854 1600 720 304 192 1647 701 946 393 239 553 2781 1168 1365 484 468 571 225 1296 687 401 235 346 416 351 233 520 380 140
internal_count=12230 539 11691 395 1225 538 10466 7916 979 457 408 293 306 260 6937 783 6154 460 339 160 5006 785 265 4221 3501 2550 1854 1600 720 304 192 1647 701 946 393 239 553 2465 1148 1365 484 468 571 225 1296 687 401 235 346 416 323 233 520 380 140
is_linear=0
shrinkage=0.0139946


Tree=160
num_leaves=56
num_cat=0
split_feature=20 18 10 2 5 9 56 50 31 56 1 61 63 44 40 9 30 7 52 29 19 20 59 38 40 37 37 45 5 61 10 52 20 10 54 59 9 16 31 2 60 63 1 50 56 63 0 61 44 9 38 10 61 54 45
split_gain=13.0271 6.40704 4.0164 3.93236 1.48286 0.762815 1.01387 1.07321 1.21623 0.629164 1.49371 1.38241 0.519123 0.548295 0.463662 0.449152 0.447324 0.376352 0.340221 0.259316 0.422849 0.193775 0.171571 0.232744 0.152514 0.201933 0.606881 0.128856 0.121505 0.412948 0.10903 0.128854 0.103081 0.103166 0.0895236 0.0827141 0.0515777 0.0512467 0.0429964 0.0460943 0.0422505 0.0420165 0.0369391 0.0355337 0.03526 0.0219632 0.0228823 0.0162408 0.0125321 0.0122851 0.0079956 0.0276852 0.00289402 0.0142349 0.000109838
threshold=17.660190033487748 19.336804036891529 -0.021515300460958474 26.350000000000005 0.78656609248549325 -0.6254047815183511 925.05000000000007 4.3833333333332876 -1.4923976372322973 925.6500000000002 0.025000000000000005 1.0750000000000004 2.3159169506196196 2.8419168040270542 0.55397042659295914 0.58429276287313725 46.350000000000001 0.78656609248549325 0.99150000000000016 33.850000000000001 23.425439024720671 25.114944135863578 0.60500000000000009 5.070588165302957 0.2928025500807494 22.609800071048195 20.743177498849107 2070.7825000000007 -0.5 1.2850000000000004 0.21771516573566849 0.21250000000000002 18.514990014980089 -0.99862982478704421 0.84650000000000014 2.0250000000000004 -0.064507852084056697 18.386912598163576 9.7744155884849206 266.05000000000007 26.955000000000002 -3.0242591386287976 18.260000000000002 219.76666666666662 921.1500000000002 -0.54752495666085099 1.0650000000000002 10.125000000000002 1.9672509708940129 -0.48250327361223916 4.9154304768313688 0.97690230611205509 5.745000000000001 0.99350000000000016 2129.8055000000008
decision_type=2 2 2 2 2 2 2 2 2 2 2 2 2 2 2 2 2 2 2 2 2 2 2 2 2 2 2 2 2 2 2 2 2 2 2 2 2 2 2 2 2 2 2 2 2 2 2 2 2 2 2 2 2 2 2
left_child=1 2 -1 -4 5 6 21 8 -8 54 49 -12 13 15 50 28 -16 32 19 -18 -21 37 -23 -24 -9 26 -26 38 29 -7 36 -32 -15 -34 -30 42 -19 47 39 -6 43 -17 -35 45 -38 -39 -47 -2 -36 -11 51 -14 -31 -54 -3
right_child=4 9 3 -5 27 12 7 24 -10 10 11 -13 14 17 16 41 18 30 -20 20 -22 22 23 -25 25 -27 -28 -29 34 52 31 -33 33 35 48 -37 44 40 -40 -41 -42 -43 -44 -45 -46 46 -48 -49 -50 -51 -52 -53 53 -55 -56
leaf_value=2.1081781275721622e-05 -0.00044388141118120413 -0.0017907605438097591 0.00056887723799435889 0.0010543745355978064 -0.11624754449715249 0.0022365027300984336 1.8149481513448402e-05 -0.0012577646241532239 0.00077737239248366809 0.00049517204994965801 0.0011997267340185006 4.5292775994968572e-05 -0.00090035283838909273 -0.00014038160269946073 -0.1274129267162947 -1.2970288378416034e-05 -0.0020826841036757763 -3.1737129715452678e-05 -0.002628199723653568 -0.0021446023366332736 0.0097537821812581724 -0.0019532590650380528 0.00060706469046802264 0.016098987463175174 -0.0018437125991375767 -0.0011595835931370721 0.0082349672677782312 0.00046186185070252686 0.0010851134235373185 -0.0013744945432513965 -0.0007178292057935723 0.011049413331265842 0.0004623036421645705 -0.0085372441536611804 -0.00054879367521948287 -0.00011345194222660458 -6.7183937311030153e-05 -0.00018006263335369977 -0.06152655063131092 -0.10260400503371678 -3.0667396555844411e-06 0.0024447785724515171 -0.0010511692477228917 -5.3707664898338643e-05 -0.0035754756324915811 -0.00040502573784050771 -0.00021533842252061437 -0.00028146690522644699 -0.0061151943851063539 -0.0067220599662851932 4.2172133099145897e-05 0.0017557298777926291 0.00014358376821436994 -8.4686055997755907e-05 -0.00067682725826891945
leaf_weight=120 125 165 313 83 71 88 89 110 110 74 90 73 304 83 114 99 127 116 76 76 230 122 164 154 132 113 125 85 142 185 145 70 92 2639 76 69 111 146 131 2579 70 68 70 149 396 473 113 106 489 158 146 82 72 86 100
leaf_count=120 125 165 313 83 71 88 89 110 110 74 90 73 288 83 114 99 127 116 76 76 230 122 164 154 132 113 125 85 142 185 145 70 92 2627 76 69 111 146 131 2263 70 68 70 149 396 473 113 106 489 158 126 82 72 86 100
internal_value=6.81804e-05 0.00147217 0.0026674 0.00335233 -7.074e-05 1.41121e-05 0.00023795 0.000695052 0.00161748 0.000431036 0.000787618 0.0018077 -5.75537e-05 -0.000126458 0.000187933 8.6048e-05 0.000459022 -0.000217382 0.000655142 0.000810833 0.00104577 4.52823e-06 0.000284585 0.000465758 0.000168024 0.000341919 0.000566322 -0.000347274 0 0.00016991 0 0.000305586 -0.000292576 -0.000308391 -0.00012626 -0.000324839 -4.20014e-05 -4.30923e-05 -0.000365173 -0.000378304 -0.000113315 0.000760421 -0.000337909 -0.000152417 -0.000148383 -0.000193471 -0.000232474 0 -0.000225533 0 -3.81072e-06 -6.36973e-05 0 0 0
internal_weight=12594 1176 516 396 11418 8552 2301 679 199 660 395 163 6251 5096 1155 1305 623 3791 509 433 306 1622 440 318 480 370 257 2866 1138 431 838 215 2953 2870 707 2778 623 1182 2781 2650 951 167 2709 881 507 732 586 231 565 232 532 386 343 158 265
internal_count=12230 1176 516 396 11054 8504 2301 679 199 660 395 163 6203 5084 1119 1305 623 3779 509 433 306 1622 440 318 480 370 257 2550 1138 431 838 215 2941 2858 707 2766 623 1182 2465 2334 951 167 2697 881 507 732 586 231 565 232 496 370 343 158 265
is_linear=0
shrinkage=0.0139946


Tree=161
num_leaves=59
num_cat=0
split_feature=62 20 9 9 37 50 5 41 9 9 38 0 30 37 38 1 57 38 57 36 0 62 32 27 24 53 29 58 9 38 38 17 9 37 30 36 40 58 6 17 34 40 3 41 25 0 58 48 17 25 57 40 40 9 9 40 1 57
split_gain=18.6187 3.15196 2.96469 4.6833 1.84568 2.42791 1.08506 0.968497 0.716085 0.477553 0.279298 0.233114 0.230265 0.553508 0.291749 0.225212 0.216973 0.20686 0.205037 0.200553 0.184985 0.203168 0.184591 0.200476 0.168858 0.200603 0.344792 0.143613 0.127408 0.189116 0.154489 0.114376 0.102178 0.0874912 0.0753918 0.0770022 0.0685597 0.0677035 0.0644597 0.059374 0.0578166 0.0567845 0.0771234 0.220914 0.0578161 0.0376585 0.0305015 0.0292309 0.028808 0.0259821 0.0182841 0.0114951 0.0205256 0.0089172 0.00149689 0.000370169 0.000299044 1.3284e-05
threshold=17.042356613092441 17.660190033487748 -0.30901413279605799 -0.66484924122790601 20.45317532922267 6.0166666666664588 0.78656609248549325 21.812500000000004 -0.86095304316285715 -0.8779519545588893 4.8039120830771163 0.92500000000000016 50.050000000000004 29.837986002360164 4.8217825730708626 23.775000000000002 921.1500000000002 5.5884249697965229 923.25000000000011 0.54933564806761448 0.72500000000000009 18.70278998696276 -2.1249999999999996 99.350000000000009 26.975000000000005 0.80550000000000022 98.250000000000014 1.9150000000000003 0.43664718845046319 4.8939499601369603 4.1892253549067435 17.484121936679095 -0.90149333598846371 23.089152789322021 96.65000000000002 3.4982231772806665 0.19672315572923349 1.0050000000000001 0.1294095225512602 34.044553120265512 0.10259099453013264 0.69541354602888072 0.89550000000000007 20.430833333333336 21.995000000000001 0.69500000000000006 2.0950000000000002 594.70000000000016 30.052242741839422 15.135000000000003 920.6500000000002 0.333216646243156 0.41243181254644401 -0.93535928755917819 -0.99273952934267318 0.75745186865800795 1.7750000000000001 922.6500000000002
decision_type=2 2 2 2 2 2 2 2 2 2 2 2 2 2 2 2 2 2 2 2 2 2 2 2 2 2 2 2 2 2 2 2 2 2 2 2 2 2 2 2 2 2 2 2 2 2 2 2 2 2 2 2 2 2 2 2 2 2
left_child=2 4 3 7 5 10 9 8 -1 16 -2 18 50 15 -15 20 55 19 -6 -18 28 37 -21 24 25 -24 -27 34 41 30 -30 -20 53 -17 35 36 -23 -22 -35 40 -38 44 43 -43 -14 48 -29 49 -46 -42 -11 -36 -53 54 -8 -3 -13 -44
right_child=1 6 -4 -5 11 -7 32 -9 -10 12 -12 56 13 14 -16 33 17 -19 31 22 21 27 23 -25 -26 26 -28 46 29 -31 -32 -33 -34 38 51 -37 39 -39 -40 -41 47 42 57 -45 45 -47 -48 -49 -50 -51 -52 52 -54 -55 -56 -57 -58 -59
leaf_value=0.00061977607654698516 0.0007112309582108494 -0.0003059636427024901 0.0002782691474112768 0.00082787578993989035 -0.0015085560832630827 -6.5681639991972219e-06 -0.0090547162142462501 0.00038068346321107615 0.00038460933968243659 -0.042771057174117028 0.00043265712537669761 -0.006436233089392512 -4.2599882480315551e-05 -0.0038445352364302869 0.0021950270392653583 -0.00017894905054452025 -0.00015520495417558025 -0.0048367055272037687 -8.4430244466735626e-06 -0.00025402103109516317 -0.00078829285396351569 -0.00014699051158149245 0.0083356332687757172 -0.00034690850357975824 -0.00012681809631314865 0.0035390262165824323 0.0010580556042326763 0.0068517263983309297 -4.3840671917259184e-05 -0.000643394809588214 0.0075589571372900767 0.00053115333690087539 -0.14471867153478013 0.0011729020580920561 -0.00019508937110708513 -0.00017800338863365722 -0.0024102158996958381 0.0029301653616302503 -0.00021017375149912725 -0.00016022293076459361 -0.00022119526161607409 -0.069714998090206717 -0.0013517152268952674 0.0058664428199322258 -0.0015019628758027809 -1.1518877448009983e-05 -0.21169616811266259 -0.0086392485594957002 -0.011583080209728662 -0.0047849647995029092 -0.16199662279289392 -0.00045169583062833435 -0.0015306649988999657 -0.00055947319083997729 -0.064255872162496216 0.00076305777214389682 2.2346095802103791e-05 -0.00080414976030181694
leaf_weight=86 86 203 95 168 75 113 70 109 91 85 69 168 245 91 121 82 85 109 73 106 114 253 88 77 96 199 125 111 68 175 138 179 2511 83 288 179 84 130 72 77 76 69 229 112 623 70 97 70 96 2220 736 93 189 75 210 82 68 102
leaf_count=86 86 203 95 168 75 113 70 109 91 85 69 168 245 91 121 82 85 109 73 106 114 253 88 77 96 199 125 111 68 175 138 179 2195 83 288 179 84 130 72 77 76 69 229 112 623 70 97 70 96 2220 688 93 189 75 210 82 68 102
internal_value=6.59583e-05 -4.36038e-05 0.00258408 0.00305659 0.000777233 0.00177073 -0.000110557 0.00158514 0.00225929 -2.11602e-05 0.00290268 0.000180746 -7.11931e-05 -3.05807e-05 0.000642951 -6.49665e-05 0.000227922 0.000341406 0.000441522 0.000430086 -9.09915e-05 -0.000146224 0.000514156 0.000611316 0.000712146 0.000839464 0.00100776 -0.00018077 0 0.000246928 0.000538975 0.000640872 -0.000347274 0.000297361 -0.000206322 -0.000236116 -0.000254478 0.000106179 0.000493846 -0.000276672 -0.0002893 -3.22352e-05 0 0.000287404 -0.000110855 -0.000174395 0 -0.000302399 -0.000208802 -0.000311002 -0.000302991 0 0 0 -7.8715e-05 0 0 0
internal_weight=12594 12045 549 454 831 268 11214 286 177 8348 155 563 7178 6357 212 6145 1170 885 327 776 5908 3981 691 585 508 412 324 3737 1927 381 206 252 2866 237 3529 2959 2780 244 155 2527 2450 1546 512 181 1034 789 208 2366 719 2296 821 570 282 355 280 285 236 331
internal_count=12230 11681 549 454 831 268 10850 286 177 8300 155 563 7130 6357 212 6145 1170 885 327 776 5908 3981 691 585 508 412 324 3737 1927 381 206 252 2550 237 3529 2959 2780 244 155 2527 2450 1546 512 181 1034 789 208 2366 719 2296 773 570 282 355 280 285 236 331
is_linear=0
shrinkage=0.0139946


Tree=162
num_leaves=58
num_cat=0
split_feature=62 18 20 38 63 4 59 5 24 56 9 24 10 55 43 44 20 55 63 25 48 42 44 63 57 56 31 9 43 61 31 61 63 63 57 18 20 63 62 10 38 9 59 20 9 27 9 56 43 24 59 55 56 9 63 36 9
split_gain=18.697 3.46696 3.37151 1.55693 1.87104 1.19707 1.13327 0.902945 0.285113 0.862321 0.278656 0.199261 0.396529 0.237985 0.268354 0.391276 0.231824 0.208891 0.187935 0.179842 0.221832 0.274377 0.310622 0.727851 0.14281 0.282273 0.11664 0.102178 0.101839 0.190539 0.18991 0.113693 0.0785041 0.147873 0.219941 0.24255 0.0852072 0.0698376 0.0698101 0.0579809 0.0555385 0.0530938 0.0518214 0.0515413 0.0462095 0.0440736 0.0361039 0.0329859 0.0293331 0.0279746 0.0144774 0.0121801 0.0114424 0.0089172 0.00731932 0.00464779 0.00149689
threshold=17.042356613092441 19.336804036891529 18.139028020211551 5.2837450808588589 -2.0955929864546312 930.6500000000002 0.9850000000000001 0.78656609248549325 23.715000000000003 926.6500000000002 0.82876241254485883 20.045000000000005 -0.66483077113278999 922.6500000000002 26.841666666666669 4.289673541104599 24.002673554030302 925.35000000000002 3.1019811327572868 14.715000000000002 520.30000000000007 2.1034606249606571 2.5427266903594226 0.5734638627687848 929.55000000000007 927.95000000000016 -1.466951770510567 -0.90149333598846371 25.239791666666669 0.90500000000000014 -1.5395523521329346 5.3800000000000008 0.47889383452524831 -1.2057910229822892 922.45000000000016 19.392186312649784 19.447644667021304 2.5342725981353529 20.823568791648519 -0.78295110140207591 4.7875073578269687 -0.7610972106345526 0.77500000000000013 24.268444701086086 0.090250774277322809 98.450000000000017 -0.97505550290239429 922.1500000000002 24.624375000000004 22.275000000000002 0.56500000000000006 920.95000000000016 922.35000000000002 -0.93535928755917819 0.28706776568684239 1.2418188496287741 -0.99273952934267318
decision_type=2 2 2 2 2 2 2 2 2 2 2 2 2 2 2 2 2 2 2 2 2 2 2 2 2 2 2 2 2 2 2 2 2 2 2 2 2 2 2 2 2 2 2 2 2 2 2 2 2 2 2 2 2 2 2 2 2
left_child=1 5 3 4 6 -1 -2 10 -6 52 11 38 13 14 28 42 32 37 43 -18 21 22 54 -24 25 -3 -25 53 29 30 -13 -30 33 -14 -35 -36 -37 47 -4 -19 -20 -5 -16 -12 45 50 -34 -15 -46 -48 -31 -51 -10 56 -21 -33 -9
right_child=2 24 7 41 8 -7 -8 27 9 -11 18 12 16 17 15 -17 19 39 40 20 -22 -23 23 26 -26 -27 -28 -29 31 44 -32 55 46 34 35 36 -38 -39 -40 -41 -42 -43 -44 -45 48 -47 49 -49 -50 51 -52 -53 -54 -55 -56 -57 -58
leaf_value=0.00056536166206676394 0.0013583362656214492 0.00047949121041236426 -0.00026372511022282742 -0.00035800149668056375 -0.0015659088809570089 0.00069254762312223671 0.00085166325140807774 -0.0089279987231373915 3.8960616434485711e-05 0.00079017348350571195 -0.013832174455508182 -0.0029769803063449713 -0.00011791065195354351 -0.0017724364755948895 4.4581277425679935e-05 -0.030426608123922682 -0.0066686269202455573 0.02722422672865437 -0.17045704812695878 0.0010351313212928663 -0.0069709145057628022 -0.00013021770354442713 -5.083563310319038e-05 0.00013252744088125255 0.00014052099766347231 0.00062527628147615187 0.01359809977898371 -0.1426933858671155 -0.0037319585231317199 -0.0002738645110835814 -0.00077024722363630408 0.00025732600887368385 0.00047567600120609676 -2.191738254199567e-05 -0.0062191510654906537 0.00092994362596518802 0.0013657979443803623 -0.00029237413467971945 -0.060115085613499805 -0.033198395335990741 0.0027384807998538873 -0.002310214007173181 0.010091984518110829 -0.18733390662656274 -0.00057184273070766769 3.8438056163742806e-05 -0.0010449894776215854 -0.0014292051692258324 0.0005739398840983338 -0.00015070916595272957 -0.0029234587570228631 -0.0002852923981942112 -0.00042989811787988972 -0.00055164356510599096 -0.0015186859351241321 -0.0030672016876518962 -0.063356634382230159
leaf_weight=252 127 69 145 127 140 71 79 70 103 105 263 83 381 182 68 84 84 71 116 139 168 154 137 85 79 78 214 2511 615 69 116 85 92 152 69 92 134 71 611 74 72 318 110 961 87 88 72 987 86 68 368 392 136 75 98 101 210
leaf_count=252 127 69 145 127 140 71 79 70 103 105 263 83 381 182 68 84 84 71 108 139 164 154 137 85 79 78 214 2195 615 69 116 85 92 152 69 92 134 71 611 74 60 318 110 937 87 88 72 987 86 68 368 392 136 75 98 101 210
internal_value=6.04031e-05 0.00258408 -4.94123e-05 0.000666401 0.00108188 0.00359687 0.00228947 -0.000130156 0.000422418 0.000641962 -4.43626e-05 0 2.12033e-05 -6.49596e-05 2.74948e-06 0.00044156 0.000161643 -0.000209238 -0.000223158 0.000321302 0.000383753 0.000479095 0.000601279 0.000834362 0.000823321 0.00110701 0.00121941 -0.000347274 -2.57303e-05 1.98572e-05 0.000433044 -0.000160632 0 0.000123872 0.000304778 0.000534372 0.000761904 -0.000286069 -0.000219105 0 0 0 0.000843854 -0.00029574 -2.50683e-06 -0.000131094 -6.49657e-05 -0.000313815 0 -0.000134881 -0.00020075 -0.00018136 0 0 0 0 -7.8715e-05
internal_weight=12594 549 12045 1135 690 323 206 10910 484 344 8044 6632 5876 3345 1960 262 2531 1385 1412 1079 995 827 673 436 226 147 299 2866 1698 897 199 801 1452 828 447 295 226 1240 756 145 188 445 178 1224 698 525 624 1169 173 532 437 460 239 355 237 186 280
internal_count=12230 549 11681 1135 690 323 206 10546 484 344 7996 6628 5872 3345 1960 262 2527 1385 1368 1075 991 827 673 436 226 147 299 2550 1698 897 199 801 1452 828 447 295 226 1240 756 145 168 445 178 1200 698 525 624 1169 173 532 437 460 239 355 237 186 280
is_linear=0
shrinkage=0.0139946


Tree=163
num_leaves=56
num_cat=0
split_feature=62 20 18 37 50 0 62 1 55 24 20 37 38 63 55 17 44 37 56 20 16 37 54 0 34 57 56 36 55 62 37 58 3 26 63 55 1 34 18 36 62 17 1 17 44 17 57 23 37 43 10 60 57 37 43
split_gain=18.7599 3.53335 3.46696 1.96054 2.51114 1.73807 0.68759 0.617324 0.509635 0.410446 0.23681 0.178838 0.266355 0.329585 0.222725 0.179105 0.178512 0.401647 0.405654 0.382262 0.390571 0.151471 0.186613 0.149663 0.213644 0.14281 0.282273 0.136253 0.132007 0.148097 0.151878 0.139721 0.118796 0.11071 0.105313 0.114567 0.0984623 0.0802976 0.143239 0.102884 0.140718 0.0801991 0.0602592 0.0545306 0.0380636 0.0362872 0.0185403 0.115011 0.203763 0.130802 0.0162408 0.0157412 0.00757542 0.00712592 0.147945
threshold=17.042356613092441 18.139028020211551 19.336804036891529 21.530535618151124 6.3749999999998774 1.0450000000000002 29.774461249889416 0.045000000000000005 930.6500000000002 20.045000000000005 31.573137945772842 29.769005914655676 4.764634225889492 2.6031930150626441 925.1500000000002 25.661250121365111 6.1508457347502299 24.251915247494676 927.95000000000016 22.394198561902712 22.460684478381499 25.032228255425906 0.99650000000000005 1.0050000000000001 0.57894168061210227 929.55000000000007 927.95000000000016 0.5995191000149781 922.95000000000016 27.366224989956546 22.69040325996362 0.49500000000000005 0.98250000000000004 89.550000000000011 2.6442602078131583 919.6500000000002 25.175000000000001 0.4316447441049282 30.927028072381571 2.7742380136840858 19.660109209406038 21.4811632121008 16.025000000000002 31.077541826955546 2.5774340894513093 18.870292794735281 925.75000000000011 20.275000000000002 22.46380584661819 22.594583333333336 -0.66483077113278999 13.595000000000001 927.55000000000007 23.649249856085738 23.790208333333339
decision_type=2 2 2 2 2 2 2 2 2 2 2 2 2 2 2 2 2 2 2 2 2 2 2 2 2 2 2 2 2 2 2 2 2 2 2 2 2 2 2 2 2 2 2 2 2 2 2 2 2 2 2 2 2 2 2
left_child=2 3 8 4 5 7 9 -2 -1 33 11 14 -13 -14 21 16 17 46 19 -19 -21 22 28 24 53 26 -4 -8 29 30 -11 -32 -17 44 35 -23 -24 -33 39 40 -39 50 -29 45 -3 -37 -16 -48 49 -49 -30 -47 -18 54 -5
right_child=1 6 25 23 -6 -7 27 -9 -10 10 -12 12 13 -15 15 32 52 18 -20 20 -22 34 36 -25 -26 -27 -28 42 41 -31 31 37 -34 -35 -36 43 -38 38 -40 -41 -42 -43 -44 -45 -46 51 47 48 -50 -51 -52 -53 -54 -55 -56
leaf_value=0.00055724625371549811 0.00056073091069827586 -0.043311263865943597 0.00047278090367777319 -0.0017004330759288139 0.00076128670563747902 -1.768238626781855e-05 -0.00088480875476662187 0.00053987241157912608 0.00070859886037866063 -0.00057598132845086431 0.014943740433788183 -0.0027357651415392879 -0.00025257317563180648 0.0065463860614068045 -0.0016905652852144471 -0.0089606190485153475 -0.16250368333974938 -0.00058894851450946482 -0.0021889092519955492 -0.00058746715577296152 0.012759840237180114 2.6954360707747013e-05 -0.0013180100626658813 -0.0023469429877114069 0.00080897231680042393 0.00013855445692929723 0.0006165257651966216 -0.11371965191630484 -0.0015558486561861092 -0.00046876184698056711 -0.00035923615784888113 0.00013984793567638863 0.0024535225450980705 -0.0015957366928981325 -0.00019525243397248887 -0.001528998583567904 2.5703972044942658e-06 -0.00013305106708374345 0.00014765438670782388 -0.0002190197433676664 0.0016144396652587978 -0.00063774470168843672 -0.012494272772148174 -8.3118440551202641e-05 -0.078193561963667613 -0.0011512238527047931 -0.0001818106755356669 1.8169258469334923e-05 -0.00034321582577602385 0.0072377896820257689 0.0005038704675077078 -9.5401592133450118e-05 -0.022198357015375064 -0.0011947464242003851 2.9050244586165779e-05
leaf_weight=254 73 68 69 105 189 70 71 119 69 111 131 147 94 96 259 441 203 95 118 72 194 104 586 193 114 79 78 2448 170 272 103 152 73 80 318 69 69 76 128 85 152 396 168 199 1158 1170 196 119 108 121 125 97 68 147 125
leaf_count=254 73 68 69 105 189 70 71 119 69 111 131 147 94 96 259 441 203 95 118 72 194 104 586 193 114 79 78 2084 170 272 103 152 73 80 318 69 69 76 128 85 152 396 168 199 1158 1170 196 119 108 121 125 97 68 147 125
internal_value=5.59589e-05 -5.4059e-05 0.00258408 0.000678711 0.00141087 0.00229788 -0.000136569 0.00299044 0.00359687 -6.27432e-05 -9.49686e-06 -3.04416e-05 0.000250907 0.000618934 -5.56569e-05 4.17733e-05 0.000140368 0.000225916 0.000547589 0.000785054 0.00105564 -0.000116983 -1.11601e-05 9.5195e-05 0.000268483 0.000823321 0.00110701 -0.000337238 3.22679e-05 0.000152982 0.000259099 0.000347035 -0.000124937 -0.00029282 -0.00021358 -0.000258896 -0.000230851 0.000432768 0.000535798 0.000702056 0.000873387 -5.88854e-05 -0.000356381 -0.000293534 -0.000330134 -0.00032705 0 7.34622e-05 0.000269819 0.000519913 0 -0.000344062 -1.61752e-05 0 7.75831e-05
internal_weight=12594 12045 549 1135 451 262 10910 192 323 8223 6917 6786 337 190 6449 2067 1553 1282 479 361 266 4382 2425 684 491 226 147 2687 1770 1079 807 696 514 1306 1957 1639 655 593 441 313 228 691 2616 1535 1226 1336 803 544 348 240 295 1267 271 377 230
internal_count=12230 11681 549 1135 451 262 10546 192 323 8223 6917 6786 337 190 6449 2067 1553 1282 479 361 266 4382 2425 684 491 226 147 2323 1770 1079 807 696 514 1306 1957 1639 655 593 441 313 228 691 2252 1535 1226 1336 803 544 348 240 295 1267 271 377 230
is_linear=0
shrinkage=0.0139946


Tree=164
num_leaves=62
num_cat=0
split_feature=62 18 33 51 37 10 55 5 18 0 63 39 19 3 39 3 1 1 63 39 57 56 54 54 57 10 57 44 55 56 26 44 19 26 44 1 56 57 10 25 0 34 61 51 55 63 31 3 61 54 19 44 52 19 57 31 48 37 44 44 44
split_gain=18.4003 3.32348 2.64051 1.5381 2.50333 1.97798 0.918553 0.751556 0.570045 0.304287 0.247982 0.245399 0.239749 0.226075 0.563924 0.175727 0.272867 0.32422 0.397251 0.402719 0.14281 0.282273 0.125416 0.324502 0.316089 0.119205 0.204822 0.36003 0.300961 0.119445 0.113682 0.0829857 0.134712 0.134878 0.143897 0.146517 0.0929834 0.101132 0.0688447 0.0669822 0.0545174 0.0649442 0.0517876 0.0466988 0.0457574 0.0389387 0.0387901 0.0382858 0.0346967 0.0482301 0.0341683 0.0262465 0.024328 0.0123237 0.0115507 0.00694014 0.00635291 0.00633465 0.00367725 0.00451122 0.000201332
threshold=17.042356613092441 19.336804036891529 18.60270102230902 1.0000000180025095e-35 20.45317532922267 0.91234096280339505 930.6500000000002 0.78656609248549325 20.311552195899164 0.72500000000000009 3.0412723525761209 23.595000000000002 28.844904710407246 0.18450000000000003 19.565000000000001 0.99550000000000016 0.025000000000000005 0.97500000000000009 1.2243175555880372 25.71166666666667 929.55000000000007 927.95000000000016 0.99650000000000005 0.85650000000000015 923.55000000000007 -0.66483077113278999 922.1500000000002 3.2455042956695053 926.25000000000011 922.55000000000007 77.550000000000011 2.8678403419859162 26.204357304226999 98.850000000000009 2.132135032749765 0.58500000000000008 920.95000000000016 926.75000000000011 -0.99463397642532658 23.285000000000004 1.9550000000000003 2.5233573326560608 21.310000000000006 996.154 919.85000000000002 0.77345151155689973 9.7744155884849206 0.99650000000000005 19.065000000000001 0.96650000000000003 17.405392348732224 3.6324335941130381 0.99750000000000016 18.572761547599132 921.25000000000011 -0.74544595702270289 72.950000000000017 26.936760568503448 3.387343395606178 5.9022491951209224 3.2196355733317601
decision_type=2 2 2 2 2 2 2 2 2 2 2 2 2 2 2 2 2 2 2 2 2 2 2 2 2 2 2 2 2 2 2 2 2 2 2 2 2 2 2 2 2 2 2 2 2 2 2 2 2 2 2 2 2 2 2 2 2 2 2 2 2
left_child=1 6 3 4 5 8 -1 9 -2 15 11 31 22 14 -12 16 43 18 60 -20 21 -3 23 -6 -25 44 -27 28 29 -28 46 32 56 34 -34 -36 45 40 -13 55 41 -38 50 -4 -19 -33 47 -9 49 -17 -40 53 -52 -46 -15 -5 -11 58 -39 -60 -18
right_child=2 20 7 39 12 -7 -8 30 -10 10 13 38 -14 54 -16 48 17 25 19 -21 -22 -23 -24 24 -26 26 27 -29 -30 -31 -32 36 33 -35 35 -37 37 57 42 -41 -42 -43 -44 -45 51 -47 -48 -49 -50 -51 52 -53 -54 -55 -56 -57 -58 -59 59 -61 -62
leaf_value=0.00054944779316406763 0.00059046335867668476 0.00046616450526829474 0.00095553449164049846 -0.00099722015627876494 -7.5814482869176653e-05 -0.0050067453705533562 0.00069868227462755448 -0.10358670391719413 0.00090127006407948892 -0.0014306480263181511 -0.0030504520309972451 -0.0023665879312527588 -0.00040263473110013667 0.006721241420152335 0.0028393825710975621 -0.00013468584138198305 0.0013301778900629481 0.00074550681610631225 0.010096119718774822 0.013193765222468653 0.0001366154372242072 0.00060789770923981362 1.2371707173402542e-05 -2.2465639130173769e-05 0.0012481937509270099 -0.00012837396932415763 0.0002004153236127626 -0.0037218498175835579 -0.0059532338772906165 0.0081170296772906849 -0.013471720017869214 -0.003012771457470826 -0.001088919758115208 -0.00027210608315458656 -0.00019317057070060287 0.00083691819006933925 -0.0036743599069510111 -0.0062120443897004801 -0.013290464096215983 0.002904895021123708 -0.0045840405052269984 -0.0026422690520569378 -0.00018939147427790988 -0.076193988820222477 -0.0032754251223923087 0.00042283646571695301 -0.064380932457609452 -0.048686047613415336 6.8359713088841577e-07 -0.00084064602327164287 -0.0031260805129108759 -0.00035250238886008696 -0.00055471843018665837 -0.0014024655904359966 -0.0019879982047563889 -0.0016004530200686175 -0.02471069953222536 0.014922257491101014 -0.023142268445060496 -0.0012074249412216444 -0.0057288588051593895
leaf_weight=254 92 69 118 71 110 71 69 2445 77 239 157 112 222 157 88 94 134 69 95 88 79 78 130 71 77 134 81 92 76 119 151 68 68 96 87 191 886 68 170 124 68 68 90 336 69 80 131 137 78 420 1772 76 135 339 213 341 76 82 241 90 75
leaf_count=254 92 69 118 71 110 71 69 2129 77 239 157 112 222 157 88 94 134 69 95 88 79 78 130 71 77 134 81 92 76 119 151 68 68 96 87 191 886 68 170 124 68 68 90 336 69 80 131 137 78 420 1748 76 135 339 189 341 76 82 241 90 75
internal_value=5.48478e-05 0.00255867 -5.4059e-05 0.000510285 0.00088196 0.00214005 0.00355379 -0.000133838 0.00295807 -5.21154e-05 -0.000116744 -0.000157576 0.000271845 8.47444e-05 0.000444189 5.83121e-05 0.000140879 0.000248966 0.000619156 0.00111249 0.000823321 0.00110701 0.000486231 0.000670235 0.00109682 4.68149e-05 0.000225681 0.000421713 0.000700351 0.000983441 -0.000332573 -2.56989e-05 4.56505e-05 0.000249882 0.000394475 0.000542329 -9.91927e-05 -0.000151354 -0.000267241 0 -0.00023025 -0.000260686 -0.000285171 -5.54236e-05 0 0 -0.000353494 -0.000366379 -9.29744e-05 -0.000152066 -0.000299537 -0.000135532 -0.000318149 -0.000185248 0 -0.000153701 -2.80622e-05 0 -5.4243e-06 -4.68941e-05 0
internal_weight=12594 549 12045 1386 850 240 323 10659 169 7795 5302 4687 610 615 245 2493 1901 1447 392 183 226 147 388 258 148 1055 502 368 276 200 2864 2408 757 442 346 278 1651 1503 2279 536 1022 954 2167 454 553 148 2713 2582 592 514 2077 484 1907 408 370 412 315 481 399 331 209
internal_count=12230 549 11681 1386 850 240 323 10295 169 7747 5254 4663 610 591 245 2493 1901 1447 392 183 226 147 388 258 148 1055 502 368 276 200 2548 2408 757 442 346 278 1651 1503 2255 536 1022 954 2143 454 553 148 2397 2266 592 514 2053 484 1883 408 346 412 315 481 399 331 209
is_linear=0
shrinkage=0.0139946


Tree=165
num_leaves=58
num_cat=0
split_feature=20 10 28 2 45 5 11 50 38 31 9 40 9 9 3 25 34 63 38 45 54 4 50 38 35 45 10 10 3 31 0 58 63 63 24 5 38 9 9 34 59 25 54 27 10 17 1 58 24 38 10 25 21 27 27 38 42
split_gain=13.8056 4.35639 4.4399 2.34157 1.89632 1.31829 1.38425 1.74695 1.21753 1.14961 1.12784 0.577079 0.4393 0.23468 0.182464 0.362271 0.18217 0.172036 0.167268 0.203051 0.449996 0.412542 0.129885 0.136071 0.174985 0.219803 0.273539 0.199602 0.217792 0.129852 0.122714 0.0994337 0.0853254 0.0843256 0.0839953 0.0742009 0.139968 0.161446 0.0660978 0.0619294 0.086347 0.0585975 0.0476525 0.176578 0.0462314 0.046125 0.0453793 0.0303543 0.0285251 0.0187786 0.0158875 0.0101745 0.0167501 0.00280995 0.00346447 0.00121768 0.000686103
threshold=17.325695361679355 -0.18399835165767994 85.950000000000017 26.350000000000005 2082.8430000000003 0.60355339059327384 9.5000000000000018 6.8083333333332385 5.2349828891951704 -1.2243562763540135 -0.2595093939220976 0.17785762096099003 -0.74981945761428159 0.82876241254485883 0.99250000000000005 24.705000000000002 0.82271534287666104 3.1019811327572868 5.9857834265632155 1490.3635000000002 0.85050000000000014 922.6500000000002 10.133333333333317 5.0617490915973784 25.34366169635728 2207.5235000000007 0.98043284291745803 -0.78295110140207591 0.0075000000000000006 -1.4020068541609303 1.1450000000000002 0.56500000000000006 -2.0506898527979511 2.5690211404775778 26.035000000000004 0.91597561503675362 5.2113295052111122 -0.93535928755917819 -0.92263100495486394 0.23566039379704246 0.6150000000000001 21.595000000000002 0.76250000000000007 93.250000000000014 -0.98518361333263327 17.795380776724119 19.955000000000002 0.27500000000000008 21.745000000000001 4.7266731679409402 -0.99271195016773384 23.245000000000001 21.515000000000004 97.15000000000002 98.950000000000017 3.6056868100505137 1.1867609958322991
decision_type=2 2 2 2 2 2 2 2 2 2 2 2 2 2 2 2 2 2 2 2 2 2 2 2 2 2 2 2 2 2 2 2 2 2 2 2 2 2 2 2 2 2 2 2 2 2 2 2 2 2 2 2 2 2 2 2 2
left_child=1 53 16 4 8 6 13 9 -4 -8 11 -11 35 14 15 22 -3 -15 19 -17 21 -21 23 24 25 26 27 -2 -29 -22 31 -31 34 38 55 36 56 -38 -24 -34 -41 -42 48 -44 -40 -14 50 -47 -9 -19 -43 52 -25 -1 -55 -16 -7
right_child=5 2 3 -5 -6 12 7 42 -10 10 -12 -13 45 17 32 18 -18 49 -20 20 29 -23 33 51 -26 -27 -28 28 -30 30 -32 -33 39 -35 -36 -37 37 -39 44 40 41 46 43 -45 -46 47 -48 -49 -50 -51 -52 -53 -54 54 -56 -57 -58
leaf_value=-0.0027107080963791391 -6.2634254780761467e-05 -0.031179097166621393 0.00049508560308332181 0.0010474597317993125 0.00040867206958033282 -0.00022151128496466702 0.00036612392264696479 -0.017282403512817287 0.00048862677852783208 0.00058022797516500896 0.0015750043841876637 0.0007766480554596821 -0.15558387292107811 -0.099951304296441029 -1.6316326976049082e-05 -0.028485092967740742 0.00087049006415281427 -0.17173926149253385 -0.048170167334898754 0.016153684392556593 -0.00097867702718819642 -0.00092592393768394226 -3.0507434766670813e-05 -1.2876405194851362e-05 -0.00085143739660030558 -0.00043903397466146907 -0.012824291813918351 -0.0010765222501461081 0.003652408298773703 -0.00069957685235230119 -0.015103606983497006 0.0052167023084893549 2.0848194890300324e-05 -9.3313567192101547e-05 0.00067022647424665757 -0.035466082344195814 -0.0054327978773022227 0.041531143150327757 -0.00065738927106342407 -2.789427987480065e-05 -2.5873867453573315e-06 -0.00020610108707209358 0.0013338159183239522 -0.00011528608758837883 -0.0052594195727083924 -0.09742401502057095 -4.9929432908959822e-05 -0.14533224128887562 -0.00013821533532627864 0.0027154037963934645 -0.00095235896574365306 3.9155537576158024e-06 -0.0017792950672238573 3.809386815317238e-05 -0.0019755340269124481 -0.00054127283841874554 -0.041541871736567315
leaf_weight=113 110 95 269 79 74 163 140 290 86 70 76 73 66 1072 68 94 113 86 78 124 199 95 88 71 114 88 73 77 249 79 70 119 206 106 129 357 68 73 87 420 101 130 127 129 713 86 132 2949 125 68 1064 77 287 82 69 176 172
leaf_count=113 110 95 269 79 74 163 140 290 86 70 76 73 66 1072 68 94 113 86 78 124 199 95 88 71 114 88 73 77 249 79 70 119 206 106 129 357 68 73 87 420 101 130 127 129 713 86 132 2585 125 68 1064 77 287 82 69 176 172
internal_value=5.37368e-05 0.00165031 0.00221667 0.00293543 0.00335574 -7.54258e-05 2.32925e-05 0.000505684 0.00382493 0.00129589 0.0019399 0.00269488 -0.000285184 -4.14151e-05 0 7.11216e-05 0.000129728 -0.000216159 0.000316483 0.000389939 0.000480255 0.00105281 0 7.07792e-05 0.000213109 0.000333598 0.000463383 0.000610633 0.000785625 6.49315e-05 0.000318691 0.000507333 -9.2027e-05 -0.000140603 0 0 0.000114373 0.000485425 -0.000201701 -0.00013468 -0.000163462 -0.000215428 0 0.000190244 -0.000247573 -0.00036179 -0.000242037 -0.000369745 0 0 -0.000269221 -7.54003e-06 -7.48757e-05 0 6.00014e-05 0 0
internal_weight=12594 980 716 508 429 11614 7680 1030 355 359 219 143 3934 6650 5424 2998 208 1226 858 780 686 219 2140 1146 711 597 509 436 326 467 268 198 2426 994 373 833 476 141 888 2053 1847 1427 671 256 800 3101 1326 3035 415 154 1194 435 358 264 151 244 335
internal_count=12230 980 716 508 429 11250 7680 1030 355 359 219 143 3570 6650 5424 2998 208 1226 858 780 686 219 2140 1146 711 597 509 436 326 467 268 198 2426 994 373 833 476 141 888 2053 1847 1427 671 256 800 2737 1326 2671 415 154 1194 435 358 264 151 244 335
is_linear=0
shrinkage=0.0139946


Tree=166
num_leaves=55
num_cat=0
split_feature=62 18 20 33 57 38 5 45 30 45 5 57 20 6 44 16 41 63 27 57 56 8 62 50 34 60 49 30 40 60 56 9 44 45 33 40 2 38 9 54 38 59 31 7 59 56 2 30 59 16 18 16 56 59
split_gain=18.4938 3.32348 3.20527 1.53477 2.15694 1.78556 1.86525 1.01688 0.880864 0.271197 0.220644 0.179002 0.157928 0.33016 0.342754 0.306091 0.4437 0.15318 0.221005 0.14281 0.282273 0.129358 0.118683 0.161936 0.104572 0.0949076 0.110802 0.141337 0.108314 0.102539 0.099295 0.0875511 0.107111 0.0842194 0.0780861 0.112666 0.068727 0.0668043 0.0637651 0.0939316 0.060156 0.0640378 0.0541934 0.0803497 0.0258705 0.0187807 0.017427 0.0408579 0.0638148 0.0130682 0.0124837 0.00939074 0.00515641 0.00137201
threshold=17.042356613092441 19.336804036891529 17.560833970334667 18.902456694967402 925.6500000000002 5.2425578704255384 -0.5 1604.3835000000001 60.95000000000001 1862.1445000000001 0.78656609248549325 923.95000000000016 23.946528621140367 0.37940952255126048 6.4147140285938535 22.460684478381499 17.769166666666674 2.1493003540742106 42.750000000000007 929.55000000000007 927.95000000000016 0.60355339059327384 29.651275230195882 1.8583333333332102 0.50345262379403433 23.260000000000002 599.05000000000007 96.450000000000017 0.15620499351900027 3.9650000000000003 920.85000000000002 -0.61188073503922691 2.3626440198540259 2070.7825000000007 23.874869828232615 0.1950213663507413 406.35000000000008 5.4469373775055301 -0.63874350706337046 0.70800000000000007 3.7354895755679891 0.44500000000000006 -4.806696608787056 0.98296291314453421 1.5350000000000004 923.1500000000002 4.1500000000000012 98.250000000000014 0.64500000000000013 16.454411595244135 22.188919359584421 19.924687555080116 920.95000000000016 0.75500000000000012
decision_type=2 2 2 2 2 2 2 2 2 2 2 2 2 2 2 2 2 2 2 2 2 2 2 2 2 2 2 2 2 2 2 2 2 2 2 2 2 2 2 2 2 2 2 2 2 2 2 2 2 2 2 2 2 2
left_child=1 7 3 4 -2 6 -6 -1 17 -9 11 25 21 38 15 -15 -17 -4 -19 20 -3 42 23 -20 34 26 27 28 52 30 -28 32 -27 37 35 -23 40 -12 39 -14 -30 -42 -13 49 -43 -40 47 48 -29 -44 -49 -52 -10 -5
right_child=2 19 8 53 5 -7 -8 9 10 -11 33 12 13 14 -16 16 -18 18 22 -21 -22 24 -24 -25 -26 31 29 46 36 -31 -32 -33 -34 -35 -36 -37 -38 -39 45 -41 41 44 43 -45 -46 -47 -48 50 -50 -51 51 -53 -54 -55
leaf_value=0.00071416732142618117 5.1842979005274094e-06 0.00045270582928315167 -0.14171518728149721 0.00038039665155299826 0.00089842020513442792 -5.5379277885743895e-06 0.00013916578831731682 0.00040603730179540989 -0.00027808626213632689 0.00050974478099353744 -0.063749439653567413 -0.00044751117735745028 -0.0049502183532478261 -0.0037026257393382176 -0.21036233922202743 0.0012036210576932792 0.017991525641304004 -0.17761686569098264 -0.095160210082497462 0.00012383464368227132 0.00059542206500870509 -0.00037630844706083215 -0.037981570905239029 0.0097248621167811064 -5.0738216699074532e-05 -9.3410267460083447e-05 0.013695092576439178 0.00066956848174367051 -4.3353093018244816e-05 -0.0039873622119597479 -0.0011951615099638629 -0.0003056062369538806 0.00038101309084970377 0.00059598027665941139 -0.0008714278792361789 0.0022480334330817584 -0.00097549500830902344 -0.020148050120513458 -0.00040052041931587696 0.0037547957651887526 -9.3474848611619729e-06 -0.0011171985710792544 -0.00022719714807762465 0.00015914134975700194 -0.02115894677773144 -0.010068849982947173 -0.00041930202994151257 -0.00012998483490270956 -9.5983620563372681e-06 -0.00027380875577931159 -1.7702634137768789e-05 -0.00058269140274100611 -0.00023861770838585737 -0.0050371773441219379
leaf_weight=70 206 69 2542 96 150 77 82 78 84 175 811 118 71 90 72 101 135 507 68 79 78 85 155 130 316 71 112 119 160 127 102 132 74 78 75 135 225 124 103 128 68 1670 72 82 70 335 219 120 337 731 126 276 101 177
leaf_count=70 206 69 2402 96 150 77 82 78 84 175 811 118 71 90 72 101 135 295 68 79 78 85 143 130 316 71 112 119 160 127 102 132 74 78 75 135 225 124 103 128 68 1670 72 82 70 335 219 120 337 731 126 276 101 177
internal_value=4.81815e-05 0.00255867 -6.10291e-05 0.000789248 0.00123834 0.00197702 0.00258667 0.00355379 -0.000126654 0.00409608 -3.53304e-05 0 8.29663e-05 0.000217781 0.000533568 0.000742941 0.0010064 -0.000317586 -4.84753e-05 0.000823321 0.00110701 0 0.000102354 0.00036729 0.000156542 -6.33041e-05 -9.16766e-05 -0.000122992 -0.000185383 3.89964e-05 0.000308947 9.41162e-05 0.000365478 -0.000228569 0.000345804 0.000478472 -0.00021663 -0.000272396 0 0.000224025 -0.00024315 -0.000266192 -0.000101323 -0.000153623 -0.000284296 -7.3984e-05 0 2.63567e-05 0.000137708 -0.000213439 0 -7.78067e-05 0 0
internal_weight=12594 549 12045 788 515 309 232 323 11257 253 7855 6842 2649 1035 398 326 236 3402 860 226 147 1614 353 198 611 4193 3916 3575 2378 341 214 277 145 1013 295 220 2193 935 637 199 1968 1808 1003 885 1740 438 1197 978 456 803 522 402 185 273
internal_count=12230 549 11681 788 515 309 232 323 10893 253 7855 6842 2649 1035 398 326 236 3038 636 226 147 1614 341 198 611 4193 3916 3575 2378 341 214 277 145 1013 295 220 2193 935 637 199 1968 1808 1003 885 1740 438 1197 978 456 803 522 402 185 273
is_linear=0
shrinkage=0.0139946


Tree=167
num_leaves=55
num_cat=0
split_feature=62 20 10 10 37 38 5 58 41 42 10 62 26 20 62 58 40 19 26 24 4 40 59 42 42 0 5 45 21 40 40 19 4 23 25 42 59 20 38 37 57 10 5 61 48 57 59 3 25 37 10 49 21 38
split_gain=18.4782 3.15904 2.89754 4.39211 1.49657 1.88338 2.1205 2.33124 0.968497 0.838798 0.716085 0.303731 0.216783 0.212781 0.132929 0.260171 0.144724 0.12099 0.0904492 0.0884585 0.241843 0.228673 0.248051 0.241005 0.375492 0.123727 0.122211 0.110092 0.0731216 0.0674031 0.100912 0.0802211 0.0987034 0.0729019 0.052437 0.0490788 0.0440743 0.0405215 0.0374215 0.0371276 0.0360798 0.033241 0.0386883 0.0312612 0.0267639 0.0239625 0.0311713 0.01965 0.0185079 0.0182982 0.0169531 0.0163993 0.000686103 0.000233904
threshold=17.042356613092441 17.660190033487748 0.94968266440323645 0.74407637760383738 21.178272977828755 5.2425578704255384 -0.25881904510252113 0.9850000000000001 21.812500000000004 2.1957739685706454 0.50494235051780223 29.651275230195882 97.450000000000017 31.378035063530145 18.70278998696276 0.99500000000000011 0.31085902485520295 34.573156788375989 99.250000000000014 22.425000000000004 924.85000000000002 0.56752385975646413 1.2750000000000001 0.79900458848355627 1.5884636182521696 0.72500000000000009 0.25881904510252091 2014.2070000000001 18.415000000000003 0.39949968710861988 1.0364040384934248 31.730139212481941 923.25000000000011 29.665000000000003 16.005000000000006 0.71048457590831793 0.43500000000000005 19.39452400607648 5.7822211459905182 22.438506913466323 919.55000000000007 -0.99049576193482802 -0.98296291314453399 19.905000000000005 78.250000000000014 919.1500000000002 0.50500000000000012 0.99650000000000005 26.935000000000006 28.437032649860157 -0.98798606843101155 497.75000000000006 21.965000000000003 5.471701943820718
decision_type=2 2 2 2 2 2 2 2 2 2 2 2 2 2 2 2 2 2 2 2 2 2 2 2 2 2 2 2 2 2 2 2 2 2 2 2 2 2 2 2 2 2 2 2 2 2 2 2 2 2 2 2 2 2
left_child=2 4 3 8 5 6 7 -2 10 11 -1 13 52 14 15 -3 34 28 -14 25 29 -22 23 -23 27 26 -18 -25 -11 31 33 32 -21 37 -16 -13 -36 -31 43 -17 -30 -38 -43 50 -32 -39 -47 -27 49 -44 -37 -28 -6 -46
right_child=1 9 -4 -5 12 -7 -8 -9 -10 17 -12 35 18 -15 16 39 19 -19 -20 20 21 22 -24 24 -26 47 51 -29 40 30 44 -33 -34 -35 36 38 41 45 -40 -41 -42 42 48 -45 53 46 -48 -49 -50 -51 -52 -53 -54 -55
leaf_value=0.00057521922673155884 0.000654984951467939 -1.4636564320898816e-05 0.00026013132021316624 0.00077120245788015807 -0.0039667752689861117 -0.0030229442670008694 -0.0035497280939738316 0.00077357263935267479 0.00033420879172317612 -0.0014849996080931679 0.00034171336716929459 -0.019164479189158236 0.00024733914759066979 0.0082483817054154994 0.00012812478403739964 0.0035331409198291479 0.0021636210535140453 -4.6575839641150865e-05 -3.3257036995890972e-06 0.0015139072220303584 -1.2333775556984147e-05 -0.00099389504764895191 -0.00021730859348359044 0.017755571270058782 -0.0027453680550201596 -0.013272968474201797 -0.021897002731117273 0.00072784443453318217 -0.00020211494628493817 -0.0018295455992329371 0.0043554953336003904 -0.00010466252691530945 -0.00013049306848799552 -0.00067187709004113945 -0.00011793393342163542 -0.0096984751686945078 -1.7567308985900335e-05 -6.3256263031191194e-05 -0.042520666191409609 -0.00011789993848443185 -0.062302074762810987 -0.00019309663774807803 -0.0003076146553865373 -0.0082782888638117374 -0.0072044137001295522 -6.6454407258643473e-05 -0.0009866411465023464 -0.0012544468694459176 -0.060378185374957739 -0.00027061574997223377 -0.0649914825040772 -1.6089170126422967e-05 -0.0011135664833379559 0.00015438225782081887
leaf_weight=86 110 418 95 168 172 90 68 76 109 87 91 128 142 112 70 68 115 81 105 114 433 94 149 68 124 640 270 73 134 77 141 163 80 95 97 90 168 109 105 91 2805 126 1200 68 235 109 743 111 68 71 861 334 68 89
leaf_count=86 110 418 95 168 172 90 68 76 109 87 91 128 142 112 70 68 115 81 105 114 433 94 149 68 124 640 270 73 134 77 141 163 80 95 97 90 168 109 101 91 2501 126 1200 68 235 109 743 111 68 71 805 334 68 89
internal_value=4.92926e-05 -5.98674e-05 0.00255867 0.00302589 0.00076043 0.00149169 0.00210937 0.00287588 0.00158514 -0.000126778 0.00225929 -4.21023e-05 0.000102353 0 -1.551e-05 0.000166221 -4.34851e-05 -0.00032589 0.000437245 0 4.49389e-05 0.000236822 0.000437668 0.000636607 0.000851408 -8.82861e-05 0 0.00136706 -0.000341864 -1.31255e-05 -7.9823e-05 9.65336e-05 0.000311914 -0.000162473 -0.000149008 -0.000242705 -0.000170384 -0.000206251 -0.000272287 0.000645122 -0.000353834 -0.000189824 -0.000211183 -0.000298237 0 -0.000232774 -0.000258063 -0.000217772 -0.000233324 -0.000245349 -0.000318932 -3.01523e-05 0 0
internal_weight=12594 12045 549 454 831 344 254 186 286 11214 177 8107 487 6855 6743 577 6166 3107 247 4366 2896 941 508 359 265 1470 719 141 3026 1955 1598 357 194 1133 1800 1252 1730 1038 1124 159 2939 1633 1465 1019 465 961 852 751 1339 1271 951 604 240 324
internal_count=12230 11681 549 454 831 344 254 186 286 10850 177 8047 487 6855 6743 577 6166 2803 247 4366 2896 941 508 359 265 1470 719 141 2722 1955 1598 357 194 1133 1800 1192 1730 1038 1064 159 2635 1633 1465 963 465 961 852 751 1339 1271 895 604 240 324
is_linear=0
shrinkage=0.0139946


Tree=168
num_leaves=55
num_cat=0
split_feature=62 18 62 43 27 19 45 45 57 1 45 19 1 43 53 57 56 53 7 45 0 19 1 1 52 57 61 25 34 0 27 56 22 34 34 59 59 0 45 9 1 59 61 58 36 61 42 62 36 59 9 62 58 25
split_gain=18.4159 3.32348 1.79481 2.13781 1.48527 1.24576 1.01688 0.85651 0.605029 0.801141 0.271197 0.2613 0.18689 0.249752 0.294169 0.14281 0.282273 0.130155 0.12763 0.110991 0.176637 0.147821 0.20814 0.150637 0.0957166 0.117582 0.097716 0.0945489 0.101223 0.200639 0.0839563 0.0812555 0.0462606 0.0536236 0.0445192 0.0691501 0.038303 0.0630746 0.0376094 0.0335894 0.0330517 0.0327195 0.0373405 0.0265174 0.0248474 0.0180412 0.0112757 0.0972962 0.168596 0.0390171 0.00990512 0.00700784 0.00220939 0.000187888
threshold=17.042356613092441 19.336804036891529 20.421159798168251 23.252500000000001 90.15000000000002 20.959811191640501 1604.3835000000001 1844.1480000000001 925.6500000000002 0.045000000000000005 1862.1445000000001 28.685091521915606 25.855000000000004 23.82520833333334 0.98950000000000016 929.55000000000007 927.95000000000016 0.99650000000000005 0.91597561503675362 2257.2040000000006 0.66500000000000015 19.153241136287598 1.1250000000000002 0.065000000000000016 0.98950000000000016 921.35000000000002 0.12500000000000003 21.375000000000004 0.42672692970373077 0.82500000000000007 80.65000000000002 920.6500000000002 21.335000000000004 0.4879279156319169 0.23566039379704246 0.6150000000000001 0.89500000000000013 1.0950000000000004 1921.4600000000003 0.4975086818028765 16.025000000000002 1.2850000000000004 21.310000000000006 0.24500000000000002 0.61648348532034103 2.7350000000000008 1.3373213238663537 22.798549279380399 0.45664765875936758 1.3950000000000002 -0.94697898371965705 18.70278998696276 0.89500000000000013 24.455000000000002
decision_type=2 2 2 2 2 2 2 2 2 2 2 2 2 2 2 2 2 2 2 2 2 2 2 2 2 2 2 2 2 2 2 2 2 2 2 2 2 2 2 2 2 2 2 2 2 2 2 2 2 2 2 2 2 2
left_child=1 6 3 4 36 -6 -1 11 -7 -10 -8 18 17 -14 -15 16 -3 19 31 20 21 -9 23 -23 26 30 53 28 -5 -30 -26 52 -28 -34 51 -36 -2 -38 -19 -21 43 42 -37 -33 -40 -32 47 -13 -49 -48 -46 -29 -4 -22
right_child=2 15 7 27 5 8 10 12 9 -11 -12 46 13 14 -16 -17 -18 38 -20 39 24 22 -24 -25 25 -27 32 34 29 -31 45 40 33 -35 35 41 37 -39 44 -41 -42 -43 -44 -45 50 -47 49 48 -50 -51 -52 -53 -54 -55
leaf_value=0.00069277906405534656 -0.0028729249677118592 0.00044181696052407254 0.011258554230643342 -0.00046951615073463941 -1.1321830080375311e-05 -6.6659512335346538e-05 0.00038956225550450572 -0.0001910929839796709 0.0011431302891636867 0.000495720128452079 0.00049456110060533225 -0.00077474054101332539 -0.0038880473587198129 -0.00039715419019979562 0.0016271965062966381 0.00011954335509822508 0.00057997187877996544 -0.0011394820059251296 -7.1988365193021591e-05 -0.00095175153799511604 -0.00078392349159371892 -0.0017633897992596701 0.0001213683307514309 0.017106518783895071 -0.00013482855742990199 -0.00026388934031351669 -4.4702673979723614e-05 0.00014519877546805113 0.00041081563474856342 -0.00037437157722855729 -7.8791784339542857e-05 -0.049427851887568819 -0.00027647173397723465 -0.0036609668943115587 1.9726785732004638e-05 -0.00023089605618986704 0.0013992188755798083 -0.0021167206665605284 -0.00032803815648633659 -4.7449339319159031e-06 -0.029373040155940149 -0.00043213620128808642 -9.8195272935346298e-06 -0.094496395175188194 -0.00048352456114571712 0.00085862049624093955 -0.030799005712978923 -0.029874744974534954 0.015914613019913117 -0.0006000453680257388 -0.0023093221672812162 -0.00015369806161877306 -0.079595697912386118 0.017563188620965117
leaf_weight=70 169 69 81 203 123 72 78 391 143 132 175 154 100 90 109 79 78 74 175 416 81 70 308 138 96 334 68 110 69 73 78 86 124 625 248 927 78 133 104 78 77 70 73 3749 84 68 330 76 118 177 562 115 217 69
leaf_count=70 169 69 81 203 123 72 78 391 143 132 175 154 100 90 109 79 78 74 175 416 81 70 308 138 96 334 68 110 69 73 78 86 124 625 248 927 78 133 104 78 77 70 73 3397 84 68 330 76 118 177 562 115 205 69
internal_value=5.37368e-05 0.00255867 -5.52207e-05 0.000250514 0.000832675 0.00136682 0.00355379 -0.000152434 0.00179617 0.00211972 0.00409608 -0.000270677 0 0.000335625 0.000642063 0.000823321 0.00110701 -2.6822e-05 -0.000314978 0 5.52822e-05 0.000215193 0.000370373 0.000729892 0 9.45808e-05 -0.000118377 0 0.000195091 0.000479133 0.000340043 -0.000330557 -0.000199878 -0.000235872 -5.8659e-05 -0.000103119 0 0.000187728 -0.000184797 -0.000169489 -0.000348789 -0.000160402 -0.000184181 -0.000354658 -0.000217503 0.00054946 0 0 0.000311914 -6.58771e-05 -0.000249827 0 0 0
internal_weight=12594 549 12045 2738 850 470 323 9307 347 275 253 5240 4067 299 199 226 147 3768 4385 2944 2450 907 516 208 1543 576 967 1888 345 142 242 4210 817 749 1543 1318 380 211 824 494 3912 1070 1000 3835 750 146 855 348 194 507 646 225 298 150
internal_count=12230 549 11681 2738 850 470 323 8943 347 275 253 4876 4067 299 199 226 147 3768 4021 2944 2450 907 516 208 1543 576 967 1888 345 142 242 3846 817 749 1543 1318 380 211 824 494 3560 1070 1000 3483 750 146 855 348 194 507 646 225 286 150
is_linear=0
shrinkage=0.0139946


Tree=169
num_leaves=57
num_cat=0
split_feature=20 18 10 10 29 42 11 50 31 9 26 55 18 60 63 47 40 30 9 40 59 40 36 59 50 36 26 10 10 18 29 24 24 32 54 31 55 29 45 40 36 25 20 58 52 59 10 24 18 9 10 10 10 19 61 61
split_gain=13.3093 6.46145 3.34089 1.37043 1.22986 1.12465 0.717753 1.55387 1.01481 0.947703 0.67128 1.14392 0.218078 0.184705 0.179085 0.313821 0.290177 0.385258 0.766015 0.150642 0.2342 0.137192 0.0853145 0.0994641 0.0810556 0.0701746 0.108904 0.0598549 0.0579749 0.132197 0.0536629 0.0521517 0.188582 0.0693234 0.0856108 0.0484855 0.0477894 0.0461208 0.0456925 0.0429243 0.0428731 0.0381753 0.0380054 0.0364781 0.041551 0.0354152 0.0257686 0.0401138 0.0254252 0.0205985 0.0160063 0.0045551 0.0287623 0.0026146 0.00202389 0.000443557
threshold=17.560833970334667 19.336804036891529 -0.021515300460958474 0.94968266440323645 94.750000000000014 2.21323817436109 9.5000000000000018 6.8083333333332385 -1.4923976372322973 -0.42109697129093543 93.550000000000011 927.55000000000007 35.497307439008331 23.260000000000002 1.8420258209113778 9.6000000000000014 0.55397042659295914 73.750000000000014 0.52707282776374187 0.34061215089504787 0.77500000000000013 1.3100127225844753 1.0338017155018722 0.65500000000000014 4.1416666666666577 0.54933564806761448 99.050000000000011 -0.90146829171281539 -0.62538740722492581 28.844904710407246 98.250000000000014 21.965000000000003 22.685000000000006 -1.2599999999999996 0.76850000000000007 9.7744155884849206 922.55000000000007 95.350000000000009 2172.3955000000005 0.17540419194573817 3.4365751085450409 20.715000000000003 18.139028020211551 1.9350000000000003 0.99650000000000005 0.50500000000000012 -0.66483077113278999 27.225000000000005 22.955574080163441 -0.96230016621822456 -0.98518361333263327 -0.82389248692129191 -0.37370587188196386 28.081093485630692 1.2850000000000004 8.3450000000000006
decision_type=2 2 2 2 2 2 2 2 2 2 2 2 2 2 2 2 2 2 2 2 2 2 2 2 2 2 2 2 2 2 2 2 2 2 2 2 2 2 2 2 2 2 2 2 2 2 2 2 2 2 2 2 2 2 2 2
left_child=1 2 -1 4 -4 6 13 8 -8 -10 -3 46 24 14 15 22 37 18 21 -15 -21 -18 25 28 -7 -2 27 -27 54 -30 49 33 -33 34 -9 38 51 43 -26 -25 42 -29 -41 44 -16 -35 -12 -48 -13 -17 -44 -32 -53 -51 -24 -56
right_child=5 10 3 -5 -6 12 7 31 9 -11 11 48 -14 19 16 30 17 -19 -20 20 -22 -23 23 39 35 26 -28 41 29 -31 36 32 -34 45 -36 -37 -38 -39 -40 40 -42 -43 50 -45 -46 -47 47 -49 -50 53 -52 52 -54 -55 55 -57
leaf_value=9.0884998690565578e-06 -0.00020089734929114921 -0.0065860327898858637 0.00049911858887105598 0.00083251308894044464 0.00045854572755709842 -0.00014250820787298056 -0.00013208162120955137 -0.0067292474421963566 0.00067342668721415795 0.00086533778588136388 -0.0028844909670711588 0.00047488293580712654 -1.3292024107110899e-05 -2.2153736509324387e-05 -0.00081630096758436848 -0.00021123877830068251 0.017295704298288823 -0.00022750696345857972 0.00069444453512092349 0.0016392524747482768 -8.6226409625984863e-05 0.040083406917300474 0.00036011045753069087 -0.00047335958506807826 -0.064496534374178807 -2.5155783768153811e-05 -0.00010343557222646513 -6.1582595770647355e-05 -0.0010653767971565001 0.0004081945755102495 -0.01832453471753168 0.010070197793627434 -0.00022077979364901938 -0.0018851361405616844 0.0044002773954820544 -0.04783067924947558 -0.019226341818783875 0.0011018579440373669 -0.00097385110836831169 -2.5060445788612547e-05 -0.0012674902981397427 0.0030253030646815635 -0.00019164061825463729 -0.0021861584257478455 -5.2539702661967551e-05 -0.055179083279062235 -0.00046360747592486386 0.00049733971571191624 0.00039018290720596317 -0.01098319131444281 -0.00049633507284822321 0.01431952650987965 -0.0016747483866064857 -0.00064411980371148188 -0.001522387769813859 -0.00031709008226870445
leaf_weight=115 249 204 254 68 68 79 103 145 130 91 118 87 130 213 560 75 76 299 255 106 105 76 75 86 2600 111 115 70 91 77 206 87 197 122 83 181 326 68 70 78 102 162 117 69 78 375 74 68 71 1794 878 135 72 99 183 68
leaf_count=115 249 204 254 68 68 79 103 145 130 91 118 87 130 213 516 75 76 299 251 106 105 76 75 86 2296 111 115 70 91 77 206 87 197 122 83 181 326 68 70 78 102 162 117 61 78 375 74 68 71 1790 878 135 72 99 183 68
internal_value=5.15147e-05 0.00150471 0.00270679 0.00333866 0.00378212 -8.56541e-05 0 0.0002956 0.0011366 0.00166755 0.000415567 0.000754805 -0.000315306 -5.81576e-05 -8.34924e-05 -0.000125187 1.6567e-05 0.000257121 0.00054681 0.000179603 0.000450708 0.00133026 0 -6.24139e-05 -0.000344084 0.000117969 0.00022658 0.000360979 1.03126e-05 0.000259143 -0.000229357 0 0.000179443 -3.72625e-05 0 -0.000356703 -6.71271e-06 -0.000115929 -0.000373377 -0.000144232 -0.000171658 0.000492219 -0.000200186 -0.000165745 -0.000203958 -0.000170994 0 0.000187298 0.00170229 -0.000278671 -0.000225115 0 6.53553e-05 -0.000287855 0 -3.95925e-05
internal_weight=12594 1127 505 390 322 11467 8407 1333 324 221 622 418 3060 7074 6650 5169 1481 706 407 424 211 152 2462 1755 2930 707 458 343 494 168 2707 1009 284 725 228 2851 739 775 2670 1261 1175 232 1073 707 638 497 260 142 158 1968 995 413 207 1893 326 251
internal_count=12230 1127 505 390 322 11103 8347 1333 324 221 622 418 2756 7014 6590 5165 1425 702 403 424 211 152 2462 1755 2626 707 458 343 494 168 2703 1009 284 725 228 2547 739 723 2366 1261 1175 232 1073 655 594 497 260 142 158 1964 995 413 207 1889 326 251
is_linear=0
shrinkage=0.0139946


Tree=170
num_leaves=59
num_cat=0
split_feature=62 10 10 33 57 2 30 58 41 30 10 23 8 63 26 43 10 62 44 10 57 10 44 41 10 23 4 10 63 10 1 59 56 57 59 55 53 53 55 58 34 24 10 21 44 23 53 10 53 44 1 1 53 4 10 10 58 22
split_gain=17.9827 2.83115 4.10829 2.07658 1.3292 1.80957 1.26731 1.5761 0.968497 0.829013 0.716085 0.506065 0.264032 0.178757 0.196047 0.12567 0.463989 0.593263 0.265558 0.432119 0.445893 0.679839 1.04437 1.34228 0.687423 0.205665 0.156836 0.156352 0.129012 0.125756 0.123719 0.114885 0.110958 0.0825553 0.0755574 0.187079 0.300654 0.0716528 0.036598 0.0362875 0.0357382 0.0334782 0.0266608 0.0259779 0.0231711 0.0270906 0.022195 0.0645202 0.0947599 0.00967478 0.00807815 0.00571069 0.00416804 0.0497798 0.0978363 0.00362233 0.00116109 0.000404139
threshold=17.042356613092441 0.94968266440323645 0.74407637760383738 18.60270102230902 925.45000000000016 56.650000000000013 92.550000000000011 1.0050000000000001 21.812500000000004 52.750000000000007 0.50494235051780223 22.425000000000004 -0.70710678118654757 1.7769862438858353 77.250000000000014 26.841666666666669 -0.8520459593969173 22.629705432179119 3.2994271433968749 -0.78295110140207591 921.75000000000011 -0.55599684127981919 2.5427266903594226 23.244166666666672 -0.66483077113278999 22.625000000000004 921.55000000000007 -0.15855351192338588 3.2321149531528346 -0.9668120007078248 4.3950000000000005 1.0150000000000003 920.45000000000016 920.1500000000002 0.50500000000000012 925.45000000000016 0.82350000000000001 0.99850000000000005 922.35000000000002 1.9850000000000001 2.2458639761908832 21.745000000000001 -0.27608674622158907 22.355000000000004 2.3409552657706914 29.865000000000006 0.99650000000000005 -0.97106408147883394 0.94450000000000001 2.9529622654565695 11.565000000000003 10.345000000000001 0.033500000000000009 925.85000000000002 0.98043284291745803 -0.27608674622158907 1.9450000000000001 21.965000000000003
decision_type=2 2 2 2 2 2 2 2 2 2 2 2 2 2 2 2 2 2 2 2 2 2 2 2 2 2 2 2 2 2 2 2 2 2 2 2 2 2 2 2 2 2 2 2 2 2 2 2 2 2 2 2 2 2 2 2 2 2
left_child=1 2 8 4 46 6 -6 11 10 33 -1 -8 13 14 -11 18 17 -17 19 26 42 22 -22 -24 -25 52 29 32 37 30 -14 34 -18 -5 35 -23 -37 39 -36 -27 -15 -33 49 -31 -28 -46 47 -2 -49 -21 -40 -45 56 -54 -55 57 -20 -48
right_child=3 -3 -4 9 5 -7 7 -9 -10 12 -12 -13 15 40 -16 16 27 -19 25 20 21 31 23 24 -26 28 44 -29 -30 43 -32 41 -34 -35 38 36 -38 -39 50 -41 -42 -43 -44 51 45 -47 55 48 -50 -51 -52 -53 53 54 -56 -57 -58 -59
leaf_value=0.00055375960137307495 -0.0023645544438628328 0.00024338572200899246 0.00074286889599135364 -0.043196670187886969 -0.00037677800313072656 -0.00036709284151828731 0.0005718741332968332 0.00021927764905959547 0.00031476934701641534 -0.079384364320428252 0.00031801847362995225 0.00066011970562056157 0.002271367803584124 -0.02967702287190584 0.00015941792723621895 -0.0001215048221876077 0.00089796188000998835 0.015864006657991606 -0.0041615941305585338 -0.0023872698446562477 -0.0002182398754941557 -0.001339923573523461 -0.00010772091192230337 0.0099592211662255913 0.0086237856496711382 -0.0049602390346695519 -0.00010669669676506102 0.0053128391565562981 0.00095457093521634563 -0.00044967968541651779 -0.00069519908671753438 -0.00079385261126713289 -0.0036268320819249512 -0.19144897812455214 0.0010884761340260475 -0.00081901261349144356 0.0016923092883084181 -2.924050202564742e-05 -0.00041353088773507187 -0.054531863370213436 0.037950085804555528 0.0031545598574893321 0.00016548674402182108 -0.0029136172093856294 -0.0019045867255297305 -0.0014793914599577503 -0.0010010479253484584 -0.0004386120185376256 0.00025712292599435794 -0.00013338790136710691 -0.00053135659648371417 -0.00027072613953859563 -0.0074447022298601432 0.0025606260538798037 -0.034353007762678578 -8.5805629445847914e-06 0.0025494514328112763 -0.00029445050288430888
leaf_weight=86 71 95 168 85 88 258 124 96 109 1225 91 72 68 209 282 82 69 92 245 299 150 108 76 76 71 1211 208 111 86 99 68 100 593 2225 108 75 68 73 443 68 133 119 98 303 690 68 262 73 203 68 68 68 105 126 71 70 69 69
leaf_count=86 71 95 168 85 88 258 124 96 109 1225 91 72 68 209 282 82 69 92 245 299 150 108 76 76 71 1211 208 111 86 99 68 100 593 1861 108 75 68 73 443 68 133 119 98 303 690 68 262 73 203 68 68 68 105 126 71 70 69 69
internal_value=5.8181e-05 0.00253327 0.00299519 -4.94123e-05 0.000449783 0.000919589 0.00153137 0.00197281 0.00158514 -0.000120711 0.00225929 0.00270931 -4.63454e-05 -0.000193984 -0.000263366 0 0.000144176 0.000793019 -2.96659e-05 2.88438e-05 0.000184109 0.000318594 0.000858482 0.00146227 0.00223514 -0.000162047 -0.000118666 0 -0.000255867 0 0.000416746 7.07571e-05 -8.52789e-05 -0.000360089 0 0.000202307 0.000569534 -0.000297136 -8.46484e-05 -0.00032292 0 0.000355812 -9.39858e-05 -3.8122e-05 -0.00023374 -0.000274885 0 0.000111335 0.000247062 -0.000159173 -0.0001505 -0.000124436 0 5.1831e-05 0.000230501 -7.48165e-06 0 -4.68941e-05
internal_weight=12594 549 454 12045 1386 638 380 292 286 10659 177 196 8349 1849 1507 6500 947 174 5553 3499 1927 1462 373 223 147 2054 1572 773 1438 606 136 1089 662 2310 870 251 143 1352 619 1279 342 219 465 470 966 758 748 347 276 367 511 371 616 302 197 401 314 331
internal_count=12230 549 454 11681 1386 638 380 292 286 10295 177 196 8349 1849 1507 6500 947 174 5553 3499 1927 1462 373 223 147 2054 1572 773 1438 606 136 1089 662 1946 870 251 143 1352 619 1279 342 219 465 470 966 758 748 347 276 367 511 371 616 302 197 401 314 331
is_linear=0
shrinkage=0.0139946


Tree=171
num_leaves=53
num_cat=0
split_feature=20 18 10 4 30 56 26 16 56 34 9 32 37 37 50 0 50 55 59 37 38 9 9 38 26 4 59 61 41 9 38 9 10 0 50 56 20 32 29 55 40 9 32 0 32 61 23 58 38 19 59 6
split_gain=13.0441 6.95204 2.95671 1.45874 1.14213 0.765376 1.25404 0.495889 0.458293 0.498352 0.786008 1.0334 0.293849 0.195572 0.274342 0.262746 0.28497 0.409493 0.399453 0.14207 0.222309 0.150402 0.122155 0.151071 0.200482 0.117618 0.095972 0.173988 0.29878 0.132532 0.141686 0.141066 0.490455 0.0893413 0.0664842 0.0407538 0.0347843 0.0213151 0.0187786 0.015287 0.0151525 0.0145319 0.00954129 0.111963 0.0249801 0.00476497 0.00385967 0.00329989 0.00309332 0.0358454 0.00107177 2.80197e-06
threshold=17.560833970334667 19.336804036891529 -0.021515300460958474 930.45000000000016 52.750000000000007 927.55000000000007 91.350000000000009 18.386912598163576 923.95000000000016 0.59130182401369979 -0.2595093939220976 -0.57500000000000095 20.042306807789934 29.769005914655676 1.8583333333332102 0.72500000000000009 1.0833333333332293 925.55000000000007 1.3450000000000004 26.231367385858341 4.8533303502842537 0.45206801762443477 -0.98801351631316325 5.4313662739936897 93.550000000000011 920.95000000000016 0.94500000000000006 0.70500000000000007 20.430833333333336 -0.81403855522663837 4.1203558542813292 -0.92913280730858783 -0.38168922026665864 0.68500000000000016 589.75000000000011 920.35000000000002 19.27278530099748 -0.51500000000000046 72.050000000000011 923.95000000000016 0.31085902485520295 -0.99466160899732459 0.36499999999999849 1.155 -3.2399999999999998 11.165000000000001 26.535000000000004 1.9450000000000001 4.8141103615805365 32.512848698520834 0.88500000000000012 0.91597561503675351
decision_type=2 2 2 2 2 2 2 2 2 2 2 2 2 2 2 2 2 2 2 2 2 2 2 2 2 2 2 2 2 2 2 2 2 2 2 2 2 2 2 2 2 2 2 2 2 2 2 2 2 2 2 2
left_child=1 2 -1 -4 35 50 -7 8 51 10 11 -10 -8 15 -15 19 17 25 40 26 21 -21 39 24 34 48 29 28 -28 31 38 41 -33 45 36 -2 -24 -27 -31 -18 -19 -9 44 -44 -25 -32 -43 -20 -17 -50 -3 -6
right_child=4 5 3 -5 7 6 12 13 9 -11 -12 -13 -14 14 -16 16 22 18 47 20 -22 -23 23 42 -26 37 27 -29 -30 30 33 32 -34 -35 -36 -37 -38 -39 -40 -41 -42 46 43 -45 -46 -47 -48 -49 49 -51 -52 -53
leaf_value=1.7530469174041089e-05 -0.037183987029389291 0.00035221045634995657 0.0005238641676972456 0.00023612240678995259 2.48007330172949e-05 -0.012935560501241665 0.00039366484128322912 -0.0002710774540533168 -0.00017632719214137025 7.4796939801193742e-05 -0.00016473298428334754 0.00023327991858271136 0.00054881835250272641 -0.00023606486484821002 0.002202909698293024 -0.00042191732647089855 0.00075380799403520593 -8.6761497337314609e-06 -0.016062983386836562 -3.5722318759968488e-05 -0.00016612494677992608 0.0051543711313541615 -0.007124215940041455 -0.00025411462058341056 -2.9083956870658994e-05 -0.0010175769636381609 -0.057411851943522989 -0.00084059797474125982 0.013165009024427327 0.0010058296215872296 -0.0027976061847333894 -0.00010034976056740379 0.0036666895140036624 -0.00013958602158375163 -0.010316297843466032 -0.18833483852745697 -0.013379158006897538 -0.00030085087241005774 -0.0070319133350097637 -0.0031511173988552636 0.0043467127576633097 -0.0027605080356349235 0.0083212545964794615 -0.05146985492424247 -0.0012880654362127427 -0.00060805386091264857 -0.00035958422871946555 0.0042642155296561783 0.00026012512076947276 -0.0010327438526173442 -0.001582799245021528 -9.939552294032347e-05
leaf_weight=115 132 177 321 69 204 94 72 84 85 215 72 95 104 126 82 79 71 68 177 92 244 98 69 194 503 550 72 218 112 68 727 223 117 135 82 2183 2247 68 198 89 165 232 140 170 342 101 68 92 80 70 175 228
leaf_count=115 124 177 321 69 204 94 72 84 85 215 72 95 104 126 82 79 71 68 177 92 244 98 69 194 503 550 72 218 112 68 727 223 117 135 82 1827 2247 68 198 89 165 232 140 170 342 101 68 92 80 70 175 228
internal_value=5.37368e-05 0.00149231 0.0027344 0.00333866 -8.19934e-05 0.000370702 0.000930981 -4.19681e-06 0.000298506 0.000602197 0.00102676 0.00152252 0.00164489 -4.53925e-05 0.000329783 -6.35398e-05 -0.000124739 7.41163e-06 0.000364555 2.7657e-05 0.000262174 0.000618934 -0.000187587 -0.000207539 -0.00025655 -0.00012522 0 0.000177605 0.000501876 -5.56627e-05 -0.000159806 2.82531e-05 0.000285958 -0.000247666 -0.000309797 -0.000360218 -0.000324017 -0.000242147 0 0 0.000786269 -2.55829e-05 0 0 -5.89427e-05 -0.000303976 -0.000101316 0 0 6.31611e-05 0 0
internal_weight=12594 1127 505 390 11467 622 270 9152 899 467 252 180 176 8253 208 8045 5256 1349 502 2789 434 190 3907 3747 2901 847 2355 402 184 1953 1229 724 340 963 2398 2315 2316 618 266 160 233 384 846 310 536 828 300 269 229 150 352 432
internal_count=12230 1127 505 390 11103 622 270 9152 899 467 252 180 176 8253 208 8045 5256 1349 502 2789 434 190 3907 3747 2901 847 2355 402 184 1953 1229 724 340 963 2398 1951 2316 618 266 160 233 384 846 310 536 828 300 269 229 150 352 432
is_linear=0
shrinkage=0.0139946


Tree=172
num_leaves=63
num_cat=0
split_feature=62 18 16 57 55 5 10 38 42 9 5 9 10 25 38 18 10 10 10 43 10 57 57 62 25 36 10 53 38 56 56 9 43 16 21 43 27 0 40 9 10 10 33 36 58 63 43 55 36 10 28 0 10 39 58 22 55 40 5 54 63 0
split_gain=17.237 3.68156 2.66912 1.57449 1.34954 1.27499 1.36644 1.88166 0.794371 0.273462 0.34203 0.285278 1.19929 0.660804 0.241537 0.212449 0.173859 0.635554 0.144933 0.290561 0.401365 0.131967 0.226552 0.129344 0.110105 0.179693 0.208579 0.454122 0.238606 0.104056 0.10074 0.0860556 0.140198 0.223591 0.398458 0.061792 0.155073 0.219369 0.0584518 0.0504234 0.0480637 0.044934 0.0415186 0.0838924 0.0376236 0.0357281 0.0625545 0.0352314 0.0328695 0.0240183 0.0196254 0.016516 0.0144916 0.0427709 0.0411121 0.0307901 0.0130305 0.00945529 0.00560295 0.00462764 0.000234735 1.45249e-06
threshold=17.042356613092441 19.336804036891529 18.453144659510638 925.35000000000002 930.6500000000002 -0.25881904510252113 0.94415253529446119 5.2425578704255384 2.21323817436109 -0.88606241628642823 0.25881904510252091 -0.93535928755917819 -0.38168922026665864 24.165000000000003 5.3083175516225589 34.044553120265512 0.75546532993267157 0.2843486543654084 0.76663042157996963 20.638333333333335 0.98043284291745803 928.45000000000016 929.75000000000011 22.629705432179119 20.715000000000003 1.1181260189811946 -0.90146829171281539 0.21250000000000002 4.9650317219664828 920.85000000000002 920.45000000000016 -0.98211651112579568 23.82520833333334 28.330474295446617 22.915000000000003 24.131875000000001 97.750000000000014 0.72500000000000009 0.88940054007845437 -0.55601228778889811 -0.99271195016773384 -0.86092912513210462 21.295366287421235 0.73440820909110827 2.0450000000000004 0.71886720053653985 24.64104166666667 919.35000000000002 5.5083541416879838 -0.97106408147883394 97.350000000000009 1.8450000000000004 -0.99049576193482802 26.628333333333334 1.0650000000000002 29.315000000000001 922.85000000000002 0.13613718570907998 -0.78656609248549303 0.57050000000000012 2.4295140820437635 0.68500000000000016
decision_type=2 2 2 2 2 2 2 2 2 2 2 2 2 2 2 2 2 2 2 2 2 2 2 2 2 2 2 2 2 2 2 2 2 2 2 2 2 2 2 2 2 2 2 2 2 2 2 2 2 2 2 2 2 2 2 2 2 2 2 2 2 2
left_child=1 4 3 35 -1 6 7 16 9 11 18 31 -13 -14 30 44 17 -5 23 -20 -21 -3 -23 29 51 26 -26 -28 -29 42 61 32 -4 34 -34 36 -2 -38 41 56 -41 45 43 -11 48 46 -31 -42 -10 -47 -43 -25 -27 54 -54 -55 -16 -37 -33 -7 -17 -12
right_child=2 21 8 5 -6 59 -8 -9 15 10 14 12 13 -15 39 60 -18 -19 19 20 -22 22 -24 24 25 52 27 28 -30 38 -32 58 33 -35 -36 57 37 -39 -40 40 47 50 -44 -45 -46 49 -48 -49 -50 -51 -52 -53 53 55 -56 -57 -58 -59 -60 -61 -62 -63
leaf_value=0.00049098949492723456 -0.0022573903260209127 -9.222779966462187e-05 -0.0055940139526341557 0.00066180952825237269 0.00056190985744656555 -0.008517511656763713 0.00018974546093030074 -0.00033450059242499735 -0.052624753274898288 -0.0017420048295992896 0.0057960672411238269 -0.00087351850852161544 -0.00067323682104392926 0.015403985328154615 0.038860838359300431 -0.090076621451414846 0.0011405094455235396 0.00025213194887977364 -0.0063277396956288199 0.0053669568234503331 -0.0046053681268460982 0.00064411372696516296 0.0001489203407089588 -0.16467317406804122 -0.0070819797999696309 0.00044413084259297943 -0.067961825116909805 0.024086470502046087 0.0008932915725789292 7.7721229832399904e-06 -0.045783531995773522 -6.4759228424336068e-05 -0.00026423894021978389 -0.0037900240142183469 0.00044564342956558608 -5.2487570309183289e-05 -0.00070938025597220027 0.00041265726848495663 -1.958408219958151e-05 0.010479266736774897 -0.0092475915493828512 -0.00024132025040800743 -0.0012704852333759052 -1.1587318009423534e-05 -0.0078942332051734725 -0.0013865562796852022 -0.003378987127184872 -0.075460116996943299 -0.03608314688569958 -0.00017466099068765345 -0.00040687182853434552 -0.028619995912970961 -0.00073536848052371774 0.00014949644570998641 3.4651493828056264e-06 -0.013183107434038478 -0.00033832714525398655 -0.00038777881684664412 -0.0024190853488218356 -5.3097965315554891e-05 0.00050423440923821829 -0.071112803848782519
leaf_weight=254 100 86 133 77 69 117 115 78 2589 68 79 205 91 73 70 155 76 70 224 128 71 69 71 244 103 72 99 90 69 104 1759 71 73 69 130 104 120 160 75 87 72 731 211 113 74 123 359 342 142 90 79 73 339 85 100 83 80 250 374 115 101 161
leaf_count=254 100 86 133 77 69 117 115 78 2285 68 79 205 91 73 70 155 76 70 224 128 71 69 71 244 103 72 99 90 69 104 1711 71 73 69 130 104 120 160 75 87 72 731 211 113 74 123 359 338 142 90 79 73 339 85 100 83 80 250 374 115 101 153
internal_value=5.9292e-05 0.00248246 -4.59272e-05 0.000523086 0.00351072 0.00102819 0.00149723 0.00199412 -0.000126072 -3.9101e-05 -8.25783e-05 0.000133147 0.00045718 0.00137239 -0.000204154 -0.00031991 0.00264477 0.00138905 0 0.000246893 0.000642063 0.000700486 0.000985054 -2.74043e-05 4.60915e-05 0.00014756 0.00039938 0.000616381 0.00108011 -0.000112934 -0.000280859 0 0.000138804 0.000359005 0.000621329 0 0.000175377 0.00038655 -0.000170273 0 -3.38237e-05 -0.000195316 0 0.000210873 -0.000355668 0 -0.000122689 -0.000154981 -0.000364172 0 -0.00028417 -7.44089e-05 0 -9.08749e-06 -0.000138256 0 0.000247468 -3.16722e-05 -0.000142037 0 0 0
internal_weight=12594 549 12045 1382 323 648 416 301 10663 7602 6383 1219 369 164 2650 3061 223 147 3733 423 199 226 140 3310 1357 1040 361 258 159 1953 1999 850 405 272 203 734 380 280 1561 651 501 1486 392 181 2805 676 463 414 2731 213 810 317 679 607 439 168 150 354 445 232 256 240
internal_count=12230 549 11681 1382 323 648 416 301 10299 7542 6323 1219 369 164 2590 2757 223 147 3733 423 199 226 140 3310 1357 1040 361 258 159 1953 1943 850 405 272 203 734 380 280 1561 647 497 1486 392 181 2501 676 463 410 2427 213 810 317 679 607 439 168 150 354 445 232 256 232
is_linear=0
shrinkage=0.0139946


Tree=173
num_leaves=56
num_cat=0
split_feature=20 35 2 56 58 35 5 43 11 5 35 9 63 20 24 29 3 1 34 40 2 34 38 10 26 24 9 26 0 25 59 9 43 16 43 24 9 43 55 40 2 36 29 9 58 9 40 56 9 56 25 9 3 26 26
split_gain=12.928 5.21388 2.81055 1.43372 1.70856 1.55533 1.24664 1.06258 0.763071 1.19763 0.952283 0.361404 0.288763 0.495818 0.344196 0.461584 0.821411 0.168248 0.233855 0.15651 0.137104 0.12984 0.124875 0.117832 0.108998 0.0892108 0.0852133 0.0682228 0.168261 0.0667433 0.0698399 0.0656194 0.0612117 0.0560333 0.05304 0.117681 0.125062 0.0450136 0.218953 0.0421678 0.0341318 0.0312038 0.025187 0.0131751 0.0294268 0.0116468 0.00916314 0.00733986 0.0176844 0.0155313 0.00692907 0.00524588 0.00595115 0.000302558 4.57464e-05
threshold=17.560833970334667 17.584407599652213 26.350000000000005 926.1500000000002 1.0950000000000004 20.80473028030104 0.78656609248549325 22.667291666666674 9.5000000000000018 -0.25881904510252113 19.293382125936908 0.82876241254485883 1.72354170530552 24.585163141088071 22.995000000000001 32.050000000000004 0.39250000000000007 23.775000000000002 0.23566039379704246 0.33679852311999131 29.950000000000003 2.9834507728326343 4.8601775560500213 -0.99271195016773384 77.550000000000011 34.865000000000002 -0.96230016621822456 97.850000000000009 0.82500000000000007 17.935000000000006 0.6150000000000001 0.52707282776374187 27.713958333333338 23.5861475145811 23.031875000000003 22.855000000000004 -0.91585580712236336 25.284166666666668 922.85000000000002 0.10692676621666279 275.45000000000005 5.5083541416879838 98.450000000000017 0.35769492645306972 0.57500000000000007 -0.71466676797886819 1.1043474413991639 922.35000000000002 0.6254047815183511 921.75000000000011 18.575000000000003 -0.98801351631316325 0.99650000000000005 94.450000000000017 98.550000000000011
decision_type=2 2 2 2 2 2 2 2 2 2 2 2 2 2 2 2 2 2 2 2 2 2 2 2 2 2 2 2 2 2 2 2 2 2 2 2 2 2 2 2 2 2 2 2 2 2 2 2 2 2 2 2 2 2 2
left_child=1 2 7 54 5 -5 8 22 11 10 -10 12 17 43 -15 -16 -17 18 20 -19 39 31 -1 37 40 33 -25 28 -12 -28 47 -18 42 -13 45 36 -36 38 -20 -2 -8 51 -32 44 -14 -11 -46 49 -49 -31 -47 -42 -53 -6 -3
right_child=6 3 -4 4 53 -7 24 -9 9 34 27 25 13 14 15 16 21 19 23 -21 -22 -23 -24 26 -26 -27 29 -29 -30 30 32 -33 -34 -35 35 -37 -38 -39 -40 -41 41 -43 -44 -45 46 50 -48 48 -50 -51 -52 52 -54 -55 -56
leaf_value=0.00043217053311644628 -5.8248415227332344e-05 -0.0017396468300332868 0.00076968746248429448 0.0010220436308802942 -0.011181736458088912 -0.00026787047802179741 -0.058018179814844202 0.00047103033431009252 0.00080134818099351435 -0.00034918949977920226 -0.00026741860998517382 -0.025492865392777092 3.8737255940142261e-05 -0.00060392442583583202 -0.00071544424045826244 0.023455328528463354 0.015545645308445778 -6.953589717401046e-06 -0.0041591885443948385 0.0014925769650554026 -0.0007215962940179837 -0.054647612824148074 0.00023380212917437857 9.8830105138253214e-06 -0.011344453494671407 -0.00021097683490866955 2.4465660552090067e-05 -0.0010591655974500952 0.00042741745585798366 -0.00028466323861828441 -0.00090857710403711414 0.00021753602741229474 -0.00055958703602637975 -0.17632293023485573 -0.0029549113253225495 -0.00084214577819224402 0.0088955388418448869 -0.0013254101335548141 -0.0072501485138088094 0.0019790220568728601 -0.0043529520416910154 -0.035341754307112137 -0.0019340567510197422 2.1823852145821009e-05 -0.0026785580394239343 -0.03667767493063219 -0.000214971408972878 -0.0010410465071411343 -4.5936041772699173e-05 0.00075227699568051109 -0.035643493183212124 -0.1140540939283049 -0.045648383163990607 0.00036558275487165697 9.7762974203827143e-06
leaf_weight=141 74 197 89 159 108 68 76 79 141 128 96 148 86 256 110 74 141 166 100 145 296 78 110 224 153 279 104 73 131 237 2216 96 99 989 90 77 81 188 78 124 54 141 250 114 293 69 68 243 68 98 273 2327 115 68 108
leaf_count=141 74 197 89 159 108 68 76 79 141 128 96 148 86 252 110 74 141 166 100 145 296 78 110 224 153 279 104 73 131 237 2216 96 99 945 90 77 81 188 78 124 54 141 250 114 293 69 68 243 68 98 273 2011 115 68 108
internal_value=6.04031e-05 0.00149231 0.00278041 0.00062979 0.00117856 0.00197972 -7.4672e-05 0.00338564 1.87991e-06 0.000342559 0.000915003 -4.21975e-05 0 0.000188017 0.000435178 0.000648664 0.000877762 -4.59925e-05 -7.99931e-05 0.000217187 0.000151427 0.000297478 0.00396576 -0.000126573 -0.000327754 -0.000243453 -0.000155545 0.000194039 0.000328699 -0.000175669 -0.000189545 0.000473127 -0.000224271 -0.000298548 0 0.000153768 0.000409276 0 0.000221393 0.000437311 -0.000348339 -0.000356886 -0.000239109 -2.52455e-05 -8.09186e-05 -9.74386e-05 -0.000154862 0 -6.77843e-05 0 -0.000140221 -0.000370141 -0.000374769 0 0
internal_weight=12594 1127 419 708 403 227 11467 330 8601 1159 441 7442 6026 1316 755 499 389 4710 4399 311 494 315 251 3905 2866 1416 3539 300 227 3315 3211 237 2565 1137 718 248 171 366 178 198 2713 2637 2466 561 447 470 361 646 311 335 342 2496 2442 176 305
internal_count=12230 1127 419 708 403 227 11103 330 8553 1159 441 7394 6022 1312 751 499 389 4710 4399 311 494 315 251 3905 2550 1372 3539 300 227 3315 3211 237 2565 1093 718 248 171 366 178 198 2397 2321 2466 561 447 470 361 646 311 335 342 2180 2126 176 305
is_linear=0
shrinkage=0.0139946


Tree=174
num_leaves=66
num_cat=0
split_feature=20 37 50 5 44 52 11 50 31 9 30 37 58 55 37 50 36 34 37 42 37 9 44 30 24 31 1 19 36 38 28 38 34 28 28 20 20 37 37 9 9 49 55 34 31 1 26 55 61 44 38 48 9 36 59 33 9 38 24 30 38 42 38 24 42
split_gain=12.8009 5.41983 6.00013 1.20241 0.955157 1.43588 0.681359 1.08866 0.799937 0.630976 0.305932 0.300346 0.375053 0.220631 0.182379 0.250189 0.158222 0.139944 0.130948 0.120537 0.0962929 0.214629 0.430751 0.597107 0.234607 0.123309 0.142904 0.193476 0.14995 0.0748542 0.160915 0.114899 0.0739184 0.069643 0.142069 0.217542 0.0677781 0.046975 0.12996 0.216645 0.427427 0.0468079 0.0389728 0.0495162 0.0349109 0.045485 0.03286 0.029104 0.0604889 0.0852288 0.160142 0.0861135 0.0271136 0.0243014 0.020675 0.0189243 0.0159874 0.0427019 0.0154164 0.00941922 0.00862865 0.00710714 0.000760113 0.000101457 6.69532e-05
threshold=17.560833970334667 20.45317532922267 0.74166666666654368 0.78656609248549325 3.1327104729811386 0.45250000000000007 9.5000000000000018 6.8083333333332385 -1.4923976372322973 -0.42109697129093543 50.050000000000004 22.082999836630666 0.95500000000000007 923.1500000000002 29.837986002360164 1.8583333333332102 1.2036485404147566 2.1632383219718201 25.032228255425906 1.0082864585557505 25.278037836761101 0.51973899919070166 3.1881254287053991 88.350000000000009 22.995000000000001 -1.3384804841397437 0.65500000000000014 18.514990014980089 1.0427728021626173 5.4469373775055301 96.050000000000011 5.7515874502317699 0.19251189840946484 57.850000000000001 65.750000000000014 24.42278728280532 19.991197018690755 20.743177498849107 22.46380584661819 -0.30901413279605799 -0.90880922144842613 595.20000000000016 923.05000000000007 0.58517655157395132 9.7744155884849206 16.025000000000002 61.550000000000004 920.05000000000007 10.125000000000002 2.9978426873670916 4.4201955343700137 119.60000000000001 -0.92263100495486394 3.4674249447382786 0.52500000000000013 31.19386633485993 -0.81403855522663837 4.2693694444921215 28.205000000000002 79.550000000000011 3.7354895755679891 0.21930950355415921 4.5636202585240655 21.895000000000003 0.52849620137989695
decision_type=2 2 2 2 2 2 2 2 2 2 2 2 2 2 2 2 2 2 2 2 2 2 2 2 2 2 2 2 2 2 2 2 2 2 2 2 2 2 2 2 2 2 2 2 2 2 2 2 2 2 2 2 2 2 2 2 2 2 2 2 2 2 2 2 2
left_child=1 2 -1 6 5 -3 10 8 -8 -10 46 -7 13 -13 16 -16 20 18 42 -5 25 22 -22 24 -24 26 -12 -28 -29 56 31 -31 62 -23 35 -35 -20 60 39 40 -39 58 47 -44 45 -21 -2 -18 49 50 -49 -52 -45 54 -38 -56 -19 -58 61 -54 -9 -34 -27 -4 -6
right_child=3 4 63 19 64 11 7 37 9 -11 14 12 -14 -15 15 -17 17 29 36 44 21 33 23 -25 -26 32 27 28 -30 30 -32 -33 41 34 -36 -37 53 38 -40 -41 -42 -43 43 52 -46 -47 -48 48 -50 -51 51 -53 59 -55 55 -57 57 -59 -60 -61 -62 -63 -64 -65 -66
leaf_value=0.00046063888003135522 -0.1926249114592434 0.00036513200028019443 -0.013763345987972776 -0.00034711836463937479 0.00020575568891939206 -0.0018774343469589669 -0.00015985840680478728 -0.00027063275322293555 0.00057924152762321474 0.00073678735895048449 -0.0010118429629422886 7.0314154800449312e-06 -0.00047683714365165961 0.00062096469560943084 -0.00016768634349387926 0.010977653003570481 -0.00062186768902054875 0.0047950404512481131 -0.00010598189010251227 -0.090484951241096151 -5.8675735296053811e-05 -0.092196250621507728 -0.0014726267581502044 -0.00026959106143894271 0.0095938193163660826 -0.00096980956287134412 -0.00012287217866479314 0.001373739588612678 -7.1515419060100833e-06 0.024308277802479954 -0.019555136425461403 -0.0006483887322039437 -0.0003372942066088299 0.012468609792816757 -0.00044800645370117584 -0.016692659600250504 -0.00018882839307905096 -0.0061880881904756071 -0.00075530851345045034 -0.057457840158220308 0.0097886410457538146 -0.002423294079445729 1.1007394821495318e-06 -0.00096445053035081464 -0.061035445260397884 -0.028072221522234771 -0.043709672342034926 -0.0019701865888657414 -9.7270549922884799e-05 -0.0017269422404321943 0.0007726108333706898 -0.00051269556830877154 -0.045527695220361854 -0.00017177309428446233 -0.00088731519725991864 -0.027245961838789648 7.3066567429076241e-05 -0.011922942967151816 -0.00016676577311444123 -0.0010053879417753963 -0.01159305558022594 -0.00046383359416522757 -0.00054912713270790765 0.00084902459167717306 -0.0059007125849829768
leaf_weight=300 753 76 74 83 68 129 103 88 130 91 131 69 85 92 132 80 110 85 154 2466 231 330 90 106 105 129 121 97 72 71 89 73 83 68 216 98 79 78 221 94 129 99 138 88 132 185 68 75 164 130 127 72 79 71 1037 85 69 344 68 394 225 708 123 70 164
leaf_count=300 705 76 74 83 68 129 103 88 130 91 131 69 85 92 132 80 110 85 154 2150 231 330 90 106 105 129 121 97 72 71 89 73 83 68 216 98 79 78 221 94 129 99 138 88 132 185 68 75 164 130 127 72 79 71 1037 85 69 344 68 394 225 708 123 70 164
internal_value=5.48478e-05 0.00147991 0.00272652 -7.95529e-05 0.000565935 0.000947333 0 0.000318448 0.00100776 0.00147916 -4.59575e-05 0.000368947 0.000666549 0.00106169 -3.83565e-06 0.0003812 -2.71892e-05 -9.58024e-05 -0.000146067 -0.000327754 3.37379e-05 0.000133283 0.00034669 0.0007003 0.00116126 -9.88521e-07 0.000150761 0.000358921 0.000664699 4.8772e-06 0.000249989 0.000562751 -0.000109537 0 9.9361e-05 0.000433972 -0.000244688 0 0.000120893 0.000330636 0.000601389 -0.00017387 0 -0.000102941 -0.000345111 -0.000357218 -0.000302991 1.74022e-05 0.000101803 0.000209143 0.000353358 0.00057239 -0.000174426 -0.000278444 -0.000293367 -0.000309381 0 -8.68757e-05 -0.000210609 -0.000217359 -7.00205e-05 -0.000227966 0 0 0
internal_weight=12594 1127 444 11467 683 451 8601 1159 324 221 7442 375 246 161 6621 212 6409 3534 2803 2866 2875 1244 532 301 195 1631 421 290 169 731 233 144 1210 712 382 166 1426 835 522 301 207 958 1377 699 2783 2651 821 678 568 404 274 199 561 1272 1201 1122 498 413 859 473 313 791 252 144 232
internal_count=12230 1127 444 11103 683 451 8553 1159 324 221 7394 375 246 161 6621 212 6409 3534 2803 2550 2875 1244 532 301 195 1631 421 290 169 731 233 144 1210 712 382 166 1426 835 522 301 207 958 1377 699 2467 2335 773 678 568 404 274 199 561 1272 1201 1122 498 413 859 473 313 791 252 144 232
is_linear=0
shrinkage=0.0139946


Tree=175
num_leaves=57
num_cat=0
split_feature=20 37 50 10 30 44 52 25 26 56 2 10 23 37 45 10 37 58 50 25 38 4 50 38 57 2 45 37 44 54 35 28 9 37 21 36 20 60 49 39 37 31 45 32 37 3 32 37 37 26 23 3 3 9 45 32
split_gain=12.7126 5.55102 6.00013 1.65382 1.09801 0.901399 1.51899 0.452662 0.63489 0.745762 0.85576 0.799824 0.87363 0.23561 0.293059 0.180716 0.350169 0.605223 0.178477 0.177579 0.194506 0.416408 0.14573 0.14182 0.0825988 0.0812959 0.12491 0.196225 0.387025 0.334227 0.193014 0.0800928 0.073697 0.313896 0.328638 0.154329 0.0739743 0.073548 0.0714762 0.068415 0.0511872 0.0474208 0.0642869 0.314674 0.0338332 0.0338204 0.0354603 0.0308134 0.0658824 0.0350131 0.0257031 0.00518236 0.0644525 0.00312553 0.00018217 3.44663e-05
threshold=17.560833970334667 20.45317532922267 0.74166666666654368 0.91234096280339505 52.750000000000007 3.1327104729811386 0.45250000000000007 21.785000000000004 87.15000000000002 925.05000000000007 68.90000000000002 0.94968266440323645 23.755000000000006 29.769005914655676 1833.1540000000002 -0.67758968959607091 22.082999836630666 0.87500000000000011 617.31666666666672 24.655000000000005 5.4469373775055301 925.25000000000011 1.8583333333332102 4.9154304768313688 920.1500000000002 20.150000000000002 2240.4830000000006 25.079457870242134 1.9343085283659598 0.99650000000000005 25.493640038079921 96.65000000000002 -0.92263100495486394 22.609800071048195 26.755000000000006 1.0649258635298804 25.554968959922746 3.6750000000000003 712.1500000000002 26.568333333333335 28.035477892378996 -1.4443018304468465 1346.1360000000002 -1.2599999999999996 22.609800071048195 0.99850000000000005 6.1799999999999988 25.57596054886071 24.925684751872627 60.650000000000013 29.925000000000004 0.97450000000000003 0.99150000000000016 0.10738035228456499 2157.4259999999999 -0.6750000000000006
decision_type=2 2 2 2 2 2 2 2 2 2 2 2 2 2 2 2 2 2 2 2 2 2 2 2 2 2 2 2 2 2 2 2 2 2 2 2 2 2 2 2 2 2 2 2 2 2 2 2 2 2 2 2 2 2 2 2
left_child=1 2 3 -1 24 6 -3 8 41 -10 11 12 -11 14 18 -8 -17 -18 38 23 32 51 -15 25 -2 26 27 28 -16 30 -30 39 33 -21 -35 37 -37 -34 45 50 44 -6 47 -44 -38 46 -9 48 -43 -49 -25 -22 -53 -28 -33 -7
right_child=4 5 -4 -5 7 55 15 13 9 10 -12 -13 -14 22 19 16 17 -19 -20 20 21 -23 -24 31 -26 -27 53 -29 29 -31 -32 54 35 34 -36 36 40 -39 -40 -41 -42 42 43 -45 -46 -47 -48 49 -50 -51 -52 52 -54 -55 -56 -57
leaf_value=0.00045288246438103606 -0.039175967099174487 0.00036002210948907161 0.00037029252857836428 0.00036937942546771382 -0.034670925736021936 -0.0058142745894244887 -0.00043421239414205559 -0.067542877794911915 -6.4365685923819449e-06 0.00094751315139244424 -0.0084446371563384175 0.00043371619183462599 0.0004558589644120093 -0.00012409772780210684 -0.00011422238722534228 -0.001419209513250399 0.00053418015609310414 -0.0010332504545659011 0.0021626473926439098 -0.040682935887833067 -0.0069266952667799983 0.023684326707623278 0.0025990548403659144 -0.00032377521905641189 -0.18290309751930534 -0.00052882534118067022 -0.0010105358883418013 -5.8338375641238434e-05 0.0015157039692869233 -0.00020206990771106973 -0.000136450167793781 -0.00047737823997576879 0.0014010312713644572 0.01101527867061086 -0.0014140346129382737 4.7842531980816346e-05 -0.00051623814805513025 -0.0046548297072381501 -0.11132122495202598 -0.00019956598036199768 -0.00059609798631516167 -0.014145186431945522 0.01229411609106224 -0.0081554051214096351 -0.010545239846097142 -0.027602998243973834 -0.12837895552194872 -0.012213112299178902 0.0038621269572150568 -0.12238139926341002 -0.00020928066599571794 0.005280891023459475 -0.0013346984306280099 -2.5602324560420911e-05 0.00021495053908534285 0.00020106788713001911
leaf_weight=230 85 76 144 70 283 163 110 1398 350 172 108 115 75 124 198 114 83 68 118 169 132 73 82 1171 2230 422 262 161 248 82 90 192 127 111 81 69 112 175 125 141 76 115 68 96 637 70 72 101 68 312 114 89 116 85 167 69
leaf_count=230 85 76 144 70 283 163 110 1398 350 172 108 115 75 124 198 114 83 68 118 169 132 73 82 1171 1866 422 262 161 248 82 90 192 127 111 81 69 112 175 125 141 76 115 68 96 637 70 72 101 68 312 114 89 116 85 167 69
internal_value=4.70705e-05 0.00146751 0.00272652 0.00385656 -8.68743e-05 0.0005455 0.00091643 -1.03121e-05 0.000174818 0.000469723 0.000832966 0.00116636 0.00161817 -6.69037e-05 -8.82463e-05 0.000331813 0.000536759 0.000975509 -0.000248358 -2.16055e-05 6.52189e-05 0.000335895 0.000336996 -9.30579e-05 -0.000360218 0 6.7071e-05 0.000193834 0.00033065 0.000583369 0.00078424 -0.000178062 0 0.000167976 0.000608217 -5.91786e-05 -0.000187541 9.78869e-05 -0.000294989 -0.000225086 -0.000235856 0 0 0.000275518 -0.000273148 -0.000321173 -0.000335497 0 0 -0.000120609 -0.000258122 0 7.00463e-05 -2.38835e-05 0 0
internal_weight=12594 1127 444 300 11467 683 451 9152 1863 820 470 362 247 7289 7083 375 265 151 1783 5300 1967 410 206 3333 2315 1548 1126 779 618 420 338 1785 1557 361 192 1196 894 302 1665 1426 825 1043 760 164 749 1540 1470 596 183 413 1285 337 205 347 359 232
internal_count=12230 1127 444 300 11103 683 451 9152 1863 820 470 362 247 7289 7083 375 265 151 1783 5300 1967 410 206 3333 1951 1548 1126 779 618 420 338 1785 1557 361 192 1196 894 302 1665 1426 825 1043 760 164 749 1540 1470 596 183 413 1285 337 205 347 359 232
is_linear=0
shrinkage=0.0139946


Tree=176
num_leaves=65
num_cat=0
split_feature=62 18 16 37 5 58 5 57 56 28 9 63 61 57 9 16 9 9 21 19 53 58 61 57 9 19 32 63 9 10 3 61 38 16 19 59 9 0 38 62 38 53 9 38 57 9 9 38 29 9 56 43 58 62 63 38 38 9 47 52 43 35 43 38
split_gain=16.6546 3.54416 2.38655 1.72481 2.11315 1.21332 0.707338 0.38697 0.382223 0.340251 0.290172 0.263559 0.204967 0.157482 0.233772 0.331105 0.155064 0.139124 0.131272 0.126853 0.236431 0.271329 0.300785 0.229532 0.212296 0.460298 0.293974 0.113802 0.108355 0.107421 0.0988993 0.165868 0.122204 0.0899177 0.0788856 0.15499 0.0768121 0.077857 0.160221 0.0742943 0.0411483 0.03414 0.0306649 0.0291994 0.0215594 0.0214282 0.00892892 0.0082221 0.0059084 0.00569822 0.00568282 0.0128945 0.00299796 0.00270119 0.00875832 0.00832812 0.00165496 0.00149689 0.00139271 0.000461057 0.00015069 0.0590313 0.0315147 8.72575e-06
threshold=17.042356613092441 17.795380776724119 18.453144659510638 20.45317532922267 -0.5 1.0050000000000001 0.78656609248549325 927.25000000000011 928.95000000000016 85.950000000000017 0.82876241254485883 0.98840968212905989 5.2350000000000012 924.85000000000002 -0.65189295912203338 16.154679946235227 -0.88606241628642823 -0.63874350706337046 19.385000000000002 20.107216303707798 0.99350000000000016 1.0350000000000004 3.9650000000000003 926.95000000000016 -0.25118773779856163 31.630431909556947 -3.4250000000000003 3.1019811327572868 0.52707282776374187 -0.99862982478704421 0.99050000000000005 10.955000000000002 5.0084163176799228 23.98516510588254 19.983600662764509 0.8650000000000001 0.0043034984443446715 0.66500000000000015 4.7875073578269687 19.07770863280648 5.8189371890760713 0.98650000000000004 0.7775899462189082 5.5994048091198243 920.35000000000002 -0.57023701209772126 -0.93535928755917819 2.6000780218143285 99.450000000000017 -0.90149333598846371 919.95000000000016 24.707500000000003 1.0750000000000004 18.652166542208217 -2.5182078282509734 5.070588165302957 5.5467936402470217 -0.99273952934267318 1.0000000180025095e-35 0.99450000000000005 20.725833333333338 25.34366169635728 24.675625 4.7875073578269687
decision_type=2 2 2 2 2 2 2 2 2 2 2 2 2 2 2 2 2 2 2 2 2 2 2 2 2 2 2 2 2 2 2 2 2 2 2 2 2 2 2 2 2 2 2 2 2 2 2 2 2 2 2 2 2 2 2 2 2 2 2 2 2 2 2 2
left_child=1 8 3 4 5 -2 10 -3 -1 -9 11 12 17 53 -15 -16 46 34 47 41 21 22 23 24 49 26 -26 33 -28 -20 31 -14 -33 -12 35 -4 43 -38 -39 -31 -18 48 45 44 -32 -41 57 -19 -13 -21 -22 -52 -53 55 -55 -5 -56 -8 -6 -36 -23 62 -62 -29
right_child=2 7 6 13 58 -7 16 9 -10 -11 27 19 30 14 15 -17 40 18 29 20 50 60 -24 -25 25 -27 28 63 -30 39 36 32 -34 -35 59 -37 37 38 -40 42 -42 -43 -44 -45 -46 -47 -48 -49 -50 -51 51 52 -54 54 56 -57 -58 -59 -60 -61 61 -63 -64 -65
leaf_value=0.00038266636840147609 0.00047948831020673809 0.00043173740856495711 -4.1115501614092604e-05 0.00010542104049369071 0.00028122358188324063 0.00049199694040873252 -0.0024199817201803098 0.00051717998084730994 0.00038371998156508651 0.00055055436709109773 -0.021414762741131205 -0.0031976556497917527 -0.00032891757417212545 -0.00012506401187651112 -0.011019062615909682 0.00018791875148276016 -0.13567917011940672 0.0012964580302801951 0.00022804089986937435 0.00045030097942206498 3.3417427735758483e-05 -0.034396739282036244 -0.00058019946624839579 -0.00019585440733777619 0.00043669205827567397 -3.9545377716435191e-05 0.024603631687646704 -0.16766166301069077 0.0072933602220797136 -0.00064051941743194891 -0.00012308202985001184 0.0014988181820221743 -0.00031615484470062387 -0.16945335725784702 -0.0010359496626763686 0.018961190330672204 -0.00060039755596999771 0.00087393910607148201 -0.0013049043403915556 -0.0013287556735963088 -0.0093154332571998167 0.0088699323709846619 -0.00042824507934600145 -0.00010810796725360154 -0.0008952193286426638 -0.0038679372818673889 0.0022370543540095448 -0.045019114773819979 -0.011349307994381467 -0.00049370304522270054 -0.0016902274203826214 -0.00069466325556784498 -0.0049184073210118773 -2.8491082874318297e-06 -0.00049962476403829742 -0.00011345784151219579 -8.5308255089608172e-05 -0.052281002303292308 -0.004897826484400407 -4.197414567470252e-05 0.005355086591263691 -0.00035395023156500861 -0.00038195859770362266 0.0039116301259223699
leaf_weight=78 121 74 114 137 94 71 70 71 118 208 210 312 236 141 69 162 2348 79 105 83 106 165 138 132 95 107 106 116 68 113 144 150 89 1013 205 71 113 68 108 83 133 72 69 72 435 1513 105 105 69 145 69 236 71 70 255 108 70 210 84 109 126 212 93 72
leaf_count=78 121 74 114 137 94 71 70 71 118 208 210 312 236 141 69 162 2040 79 105 83 106 165 138 132 95 107 106 108 68 113 144 150 89 989 205 71 113 68 108 83 125 72 69 72 435 1513 105 105 69 145 69 236 71 70 255 108 70 210 84 109 126 208 93 60
internal_value=4.92926e-05 0.00243165 -5.4059e-05 0.000482635 0.0013204 0.00234074 -0.000130008 0.00128546 0.0041239 0.00153545 -5.04153e-05 0 -7.94636e-05 0.000108017 0.000337844 0.000616333 -0.000322875 -0.000158949 -0.000211018 0.000104867 0.000162056 0.000257531 0.000414879 0.00053306 0.000648275 0.000885369 0.0011943 -0.000232923 0.00158879 -0.000250031 1.71412e-05 0.000203536 0.000465713 -0.000284213 0 0.000272265 -5.72584e-06 7.29121e-05 0.000307286 -0.000279327 -0.000364204 0 -0.000303385 -0.000143949 -0.000182031 -0.000315873 0 0 -0.000132152 0 0 -5.42721e-05 -0.000108535 0 -3.65106e-05 0 -8.28633e-05 -7.8715e-05 0 -7.11281e-05 0 8.25712e-06 0.000229085 0
internal_weight=12594 549 12045 1382 370 192 10663 353 196 279 7797 6386 3981 1012 372 231 2866 2566 2067 2405 1952 1470 874 736 604 376 269 1411 174 1883 1415 475 239 1223 499 185 940 289 176 1778 2481 453 1665 651 579 1596 385 184 381 228 482 376 307 640 395 245 325 280 178 314 596 431 219 188
internal_count=12230 549 11681 1382 370 192 10299 353 196 279 7749 6382 3981 1012 372 231 2550 2566 2067 2401 1948 1466 874 736 604 376 269 1367 174 1883 1415 475 239 1199 499 185 940 289 176 1778 2165 453 1665 651 579 1596 385 184 381 228 482 376 307 640 395 245 325 280 178 314 592 427 219 168
is_linear=0
shrinkage=0.0139946


Tree=177
num_leaves=57
num_cat=0
split_feature=20 35 8 19 11 28 53 26 25 51 11 9 31 50 25 0 3 59 53 28 48 39 20 29 6 53 42 55 59 21 9 36 58 55 3 1 29 29 33 34 20 44 58 44 58 31 55 3 40 48 58 40 53 0 53 9
split_gain=12.6553 5.1533 2.23526 1.91916 1.15046 2.05671 1.71367 1.11952 0.615903 0.446687 0.539019 0.918989 0.973963 0.33486 0.278822 0.369952 0.233723 0.365729 0.280592 0.251702 0.184626 0.174443 0.149168 0.130065 0.123802 0.263692 0.466527 0.0761821 0.0743514 0.0613064 0.0604202 0.0599554 0.0514894 0.0441554 0.0575394 0.0431505 0.0381508 0.0501112 0.0344872 0.0369868 0.0340148 0.0291155 0.0709377 0.0368836 0.0277049 0.0726354 0.0271508 0.048879 0.0678262 0.025588 0.0104982 0.0091358 0.00524553 0.00309702 0.00173108 4.57464e-05
threshold=17.560833970334667 17.584407599652213 1.0000000180025095e-35 26.97572752825489 9.5000000000000018 85.950000000000017 0.92650000000000021 64.050000000000011 21.785000000000004 114.76850000000002 9.5000000000000018 -0.12447811117596669 -2.7072238306880521 57.858333333333263 24.655000000000005 0.72500000000000009 0.99250000000000005 0.47500000000000003 0.45250000000000007 96.65000000000002 610.75000000000011 20.945000000000004 19.519622960866567 95.050000000000011 0.1294095225512602 0.033500000000000009 0.95783784130235061 919.35000000000002 0.27500000000000008 24.555000000000003 -0.99628894895067444 0.70088510173302321 1.0450000000000002 919.45000000000016 0.99850000000000005 13.375000000000002 61.550000000000004 79.550000000000011 28.517051759036065 2.9834507728326343 25.021582146874309 2.4609797379328171 0.62500000000000011 1.9343085283659598 0.92500000000000016 -1.1623488339942651 923.05000000000007 0.98150000000000015 1.0364040384934248 610.75000000000011 1.6650000000000003 0.10692676621666279 0.99250000000000005 1.7250000000000003 0.081500000000000017 -0.081675638985454949
decision_type=2 2 2 2 2 2 2 2 2 2 2 2 2 2 2 2 2 2 2 2 2 2 2 2 2 2 2 2 2 2 2 2 2 2 2 2 2 2 2 2 2 2 2 2 2 2 2 2 2 2 2 2 2 2 2 2
left_child=1 2 -1 -4 44 -6 -7 13 9 10 24 12 -12 32 22 16 17 -16 -19 20 31 -14 41 46 53 -26 36 -15 -29 -25 -24 -20 -2 -32 38 -30 -27 -38 39 40 51 42 -10 -44 45 -3 47 -17 -49 -31 -34 -35 -43 -9 -11 -48
right_child=7 4 3 -5 5 6 -8 8 14 54 11 -13 21 27 15 23 -18 18 19 -21 -22 -23 30 29 25 26 -28 28 35 49 33 -33 50 34 -36 -37 37 -39 -40 -41 -42 52 43 -45 -46 -47 55 48 -50 -51 -52 -53 -54 -55 -56 -57
leaf_value=0.00077103771650624119 0.0029733224001802358 0.00058344586401105772 0.00040507086929738472 0.0003299747382809266 -0.0011960364630785995 0.00063609494018478725 0.00027412042566376507 -0.0033697108615067142 -0.00035751547135510917 -0.042227579118133476 -0.0017546090692625639 -0.076273626641961245 0.0018099184395531911 -0.028643549720526035 -0.00097902877497919676 -0.025001387943279166 -0.0012070126410972598 -0.022916032220461645 0.00020036705412380921 0.00031888501407757697 -0.002492467209270004 0.00032211954855399037 0.0002861102113877297 -0.0029649725245071575 -0.0014684969462888131 -0.0002682876536627553 0.010057524979197433 -0.0056953021633366265 -0.11442574668225459 -0.031506171181647211 -2.7939283621717937e-05 0.015752667562122548 -0.0048962900759561678 -0.00029643807680723456 -0.00014802432019926878 -0.027110363325827173 8.6507310852116173e-05 -0.00013136491880297299 -0.00033369464103005911 -0.004541084511763902 -0.0014554079470397211 -2.9308090330560131e-05 -0.00022851770356247628 -0.00046872851160074789 -0.0039963841399673315 -0.00078331447035740181 0.0050060726158007189 -0.0003690844710738982 0.0053904824814463596 -0.0136890695656284 0.0049471187681460714 -0.0002135838928436974 -0.00058328497099117624 0.0022229972418220823 -0.0083596217468679644 -0.014031313259899853
leaf_weight=82 122 122 268 69 143 106 74 257 94 69 82 98 102 245 223 95 244 78 77 125 68 69 73 145 196 121 81 87 3017 549 106 232 285 85 228 68 127 84 135 90 98 175 89 153 190 73 90 70 87 68 71 2066 269 68 209 197
leaf_count=82 122 122 268 69 143 106 74 257 94 69 82 98 102 213 223 95 244 78 77 125 68 69 73 145 196 121 81 87 2685 549 106 232 285 85 228 68 127 84 135 90 98 175 89 153 190 73 90 70 87 68 71 2066 269 68 209 197
internal_value=5.04036e-05 0.00146751 0.00274715 0.00326573 0.000610076 0.00122754 0.00221509 -8.32136e-05 7.43832e-06 0.00026199 0.000387536 0.000898521 0.00135055 -0.000276654 -4.76243e-05 5.20837e-05 0.000263857 0.000384187 0.000572074 0.000697851 0.000881924 0.00194749 -0.000129962 -6.67619e-05 0.000122103 0.000250068 0.000465363 -0.000326222 -0.000345451 -0.000202361 -0.000177746 0.00103162 0 -0.000191379 -0.000203126 -0.000356955 9.44796e-06 0.000187728 -0.000222736 -0.000235282 -0.000246555 0 0.000128629 0.000282656 0 0.000166019 3.98481e-07 0.00014473 0.000306157 -0.000264473 0 -0.000258169 -1.58625e-05 0 -7.62772e-05 0
internal_weight=12594 1127 419 337 708 323 180 11467 7572 1563 1285 351 253 3895 6009 2348 1047 803 580 502 377 171 3661 1301 934 609 413 3417 3172 762 2881 309 478 2808 2702 3085 332 211 2474 2339 2249 780 336 242 385 195 539 252 157 617 356 2151 444 325 278 287
internal_count=12230 1127 419 337 708 323 180 11103 7572 1563 1285 351 253 3531 6009 2348 1047 803 580 502 377 171 3661 1301 934 609 413 3053 2840 762 2881 309 478 2808 2702 2753 332 211 2474 2339 2249 780 336 242 385 195 539 252 157 617 356 2151 444 325 278 287
is_linear=0
shrinkage=0.0139946


end of trees

feature_importances:
doy_sin=675
doy_cos=457
_hi_clim=299
heat_index_c_roll24h_mean=270
heat_index_c_roll24h_std=269
temp_c_roll24h_std=267
hi_residual_lag1h=264
pressure_hpa_lag6h=256
temp_x_rh=249
rh_lag24h=236
temp_c_roll24h_mean=198
rh_lag1h=192
heat_index_c_lag24h=172
temp_c_lag24h=162
wind_ms_lag3h=160
precip_mm=159
pressure_hpa_lag3h=152
cloud_cover_lag6h=149
wind_ms=145
pressure_hpa=142
rh_lag3h=141
heat_index_c_lag12h=136
hi_change_3h=135
hour_sin=132
wind_ms_lag1h=128
precip_mm_lag1h=128
precip_mm_lag3h=128
pressure_hpa_lag1h=127
heat_index_c_lag6h=126
solar_wm2_roll6h_mean=124
cloud_cover_lag1h=122
rh_lag6h=113
cloud_cover_lag3h=112
temp_c_roll3h_std=111
heat_index_c_lag1h=106
solar_wm2=103
heat_index_c_roll3h_std=102
temp_c_lag12h=100
heat_index_c_roll6h_std=99
cloud_cover=98
temp_c_roll6h_std=83
temp_change_3h=81
rh_lag12h=70
month=67
heat_index_c_roll6h_mean=56
temp_c_lag6h=55
solar_wm2_lag1h=54
heat_index_c_roll3h_mean=53
heat_index_c_lag3h=51
temp_c_roll6h_mean=42
temp_c_lag1h=41
hour_cos=38
solar_wm2_lag6h=38
local_hour_cos=35
temp_c_roll3h_mean=34
temp_x_solar=28
local_hour_sin=26
temp_c_lag3h=21
solar_wm2_lag3h=20
temp_x_evening=1

parameters:
[boosting: gbdt]
[objective: quantile]
[metric: quantile]
[tree_learner: serial]
[device_type: cpu]
[data_sample_strategy: bagging]
[data: ]
[valid: ]
[num_iterations: 2000]
[learning_rate: 0.0139946]
[num_leaves: 135]
[num_threads: -1]
[seed: 7]
[deterministic: 0]
[force_col_wise: 0]
[force_row_wise: 0]
[histogram_pool_size: -1]
[max_depth: -1]
[min_data_in_leaf: 68]
[min_sum_hessian_in_leaf: 0.001]
[bagging_fraction: 0.949662]
[pos_bagging_fraction: 1]
[neg_bagging_fraction: 1]
[bagging_freq: 0]
[bagging_seed: 17422]
[bagging_by_query: 0]
[feature_fraction: 0.632834]
[feature_fraction_bynode: 1]
[feature_fraction_seed: 7040]
[extra_trees: 0]
[extra_seed: 6516]
[early_stopping_round: 0]
[early_stopping_min_delta: 0]
[first_metric_only: 0]
[max_delta_step: 0]
[lambda_l1: 4.81462]
[lambda_l2: 1.86215]
[linear_lambda: 0]
[min_gain_to_split: 0]
[drop_rate: 0.1]
[max_drop: 50]
[skip_drop: 0.5]
[xgboost_dart_mode: 0]
[uniform_drop: 0]
[drop_seed: 15215]
[top_rate: 0.2]
[other_rate: 0.1]
[min_data_per_group: 100]
[max_cat_threshold: 32]
[cat_l2: 10]
[cat_smooth: 10]
[max_cat_to_onehot: 4]
[top_k: 20]
[monotone_constraints: ]
[monotone_constraints_method: basic]
[monotone_penalty: 0]
[feature_contri: ]
[forcedsplits_filename: ]
[refit_decay_rate: 0.9]
[cegb_tradeoff: 1]
[cegb_penalty_split: 0]
[cegb_penalty_feature_lazy: ]
[cegb_penalty_feature_coupled: ]
[path_smooth: 0]
[interaction_constraints: ]
[verbosity: -1]
[saved_feature_importance_type: 0]
[use_quantized_grad: 0]
[num_grad_quant_bins: 4]
[quant_train_renew_leaf: 0]
[stochastic_rounding: 1]
[linear_tree: 0]
[max_bin: 255]
[max_bin_by_feature: ]
[min_data_in_bin: 3]
[bin_construct_sample_cnt: 200000]
[data_random_seed: 61]
[is_enable_sparse: 1]
[enable_bundle: 1]
[use_missing: 1]
[zero_as_missing: 0]
[feature_pre_filter: 1]
[pre_partition: 0]
[two_round: 0]
[header: 0]
[label_column: ]
[weight_column: ]
[group_column: ]
[ignore_column: ]
[categorical_feature: ]
[forcedbins_filename: ]
[precise_float_parser: 0]
[parser_config_file: ]
[objective_seed: 15521]
[num_class: 1]
[is_unbalance: 0]
[scale_pos_weight: 1]
[sigmoid: 1]
[boost_from_average: 1]
[reg_sqrt: 0]
[alpha: 0.97]
[fair_c: 1]
[poisson_max_delta_step: 0.7]
[tweedie_variance_power: 1.5]
[lambdarank_truncation_level: 30]
[lambdarank_norm: 1]
[label_gain: ]
[lambdarank_position_bias_regularization: 0]
[eval_at: ]
[multi_error_top_k: 1]
[auc_mu_weights: ]
[num_machines: 1]
[local_listen_port: 12400]
[time_out: 120]
[machine_list_filename: ]
[machines: ]
[gpu_platform_id: -1]
[gpu_device_id: -1]
[gpu_use_dp: 0]
[num_gpu: 1]

end of parameters

pandas_categorical:[]
