{
  "train_loss_history": [
    0.09312644452590818,
    0.040285848275835735,
    0.0364848489968079,
    0.03500931303000082,
    0.03430595883545757,
    0.03387303927780832,
    0.0335661881725402,
    0.033302216599882924,
    0.033029546436072414,
    0.03282024905615468
  ],
  "val_loss_history": [
    0.042711647393258466,
    0.037710446264747885,
    0.0357981543375613,
    0.03356903259425539,
    0.03489125239956256,
    0.03327499425089727,
    0.033216830795911485,
    0.03250103542734295,
    0.033415094572948674,
    0.032307907881546916
  ],
  "best_val_metric": 1.349887733948778,
  "epochs_trained": 10,
  "timestamp": "2026-04-08T15:57:06.502368Z"
}