"fold","metric"
"fold0","1.3778602770392858"
"fold1","1.349887733948778"
"fold2","1.3396589075580858"
"fold3","1.3565945019792547"
"fold4","1.355036500313472"
mean,1.35580758
std,0.01251686
