{
  "folds": {
    "0": {
      "best_val_metric": 1.3778602770392858,
      "train_loss_history": [
        0.09391400506018266,
        0.04056229868788935,
        0.036501027101472225,
        0.034966238849311555,
        0.0340572219208036,
        0.03364837044460878,
        0.03330482952360523,
        0.03305516952061898,
        0.03279325527087976,
        0.032718654498713064
      ],
      "val_loss_history": [
        0.045872961551821516,
        0.03956397960788196,
        0.036709606717900724,
        0.03540398084472135,
        0.03480333699188691,
        0.03580902847765442,
        0.03371013828338831,
        0.03561939189012108,
        0.033721831988837714,
        0.03333874959562652
      ],
      "epochs_trained": 10,
      "model_path": "D:\\Heat-wave-backend\\tmp\\cv_results\\fold0\\model.pt",
      "log_path": "D:\\Heat-wave-backend\\tmp\\cv_results\\fold0\\train.log"
    },
    "1": {
      "best_val_metric": 1.349887733948778,
      "train_loss_history": [
        0.09312644452590818,
        0.040285848275835735,
        0.0364848489968079,
        0.03500931303000082,
        0.03430595883545757,
        0.03387303927780832,
        0.0335661881725402,
        0.033302216599882924,
        0.033029546436072414,
        0.03282024905615468
      ],
      "val_loss_history": [
        0.042711647393258466,
        0.037710446264747885,
        0.0357981543375613,
        0.03356903259425539,
        0.03489125239956256,
        0.03327499425089727,
        0.033216830795911485,
        0.03250103542734295,
        0.033415094572948674,
        0.032307907881546916
      ],
      "epochs_trained": 10,
      "model_path": "D:\\Heat-wave-backend\\tmp\\cv_results\\fold1\\model.pt",
      "log_path": "D:\\Heat-wave-backend\\tmp\\cv_results\\fold1\\train.log"
    },
    "2": {
      "best_val_metric": 1.3396589075580858,
      "train_loss_history": [
        0.09749954234690572,
        0.04045695417593357,
        0.03663946296014179,
        0.03517759129909388,
        0.034490146416446134,
        0.033983057988097295,
        0.03363972498006614,
        0.03336463669744331,
        0.033169259401014346,
        0.033060600953982645
      ],
      "val_loss_history": [
        0.044230503433800396,
        0.03699934003881017,
        0.036037265116495076,
        0.033962030821947105,
        0.03433373593327942,
        0.03332160923744428,
        0.032543746779955696,
        0.03211416374675853,
        0.03179120678619923,
        0.0329729632407732
      ],
      "epochs_trained": 10,
      "model_path": "D:\\Heat-wave-backend\\tmp\\cv_results\\fold2\\model.pt",
      "log_path": "D:\\Heat-wave-backend\\tmp\\cv_results\\fold2\\train.log"
    },
    "3": {
      "best_val_metric": 1.3565945019792547,
      "train_loss_history": [
        0.09830841950415187,
        0.040165251948590046,
        0.03619319621046163,
        0.034795623253520626,
        0.03401773591678947,
        0.03371127054241983,
        0.03341513558303657,
        0.03314054310672648,
        0.03292470476717675,
        0.03285132034056603
      ],
      "val_loss_history": [
        0.043840035324125254,
        0.03793351969694438,
        0.03445081116810237,
        0.03418650388181822,
        0.03416038311584151,
        0.03363582159532872,
        0.03286199623795405,
        0.03358110883081817,
        0.03295371800099742,
        0.03245653049407961
      ],
      "epochs_trained": 10,
      "model_path": "D:\\Heat-wave-backend\\tmp\\cv_results\\fold3\\model.pt",
      "log_path": "D:\\Heat-wave-backend\\tmp\\cv_results\\fold3\\train.log"
    },
    "4": {
      "best_val_metric": 1.355036500313472,
      "train_loss_history": [
        0.09042593344228841,
        0.04048717983111726,
        0.036347809712934824,
        0.03483851074106232,
        0.034207570148694175,
        0.03380600951975906,
        0.03347585400552094,
        0.03329888333493865,
        0.033113928516527065,
        0.03294108776916728
      ],
      "val_loss_history": [
        0.044710600072492473,
        0.03842988871165538,
        0.03565187224072136,
        0.03506699305231849,
        0.034091228344924236,
        0.03376044154371301,
        0.03370387618723389,
        0.03303435326183904,
        0.03419001788947068,
        0.032570141240035835
      ],
      "epochs_trained": 10,
      "model_path": "D:\\Heat-wave-backend\\tmp\\cv_results\\fold4\\model.pt",
      "log_path": "D:\\Heat-wave-backend\\tmp\\cv_results\\fold4\\train.log"
    }
  },
  "aggregates": {
    "best_val_metric": {
      "mean": 1.3558075841677752,
      "std": 0.012516864269434706
    }
  }
}