{
  "n_folds": 5,
  "config": {
    "n_folds": 5,
    "seq_len": 7,
    "future_seq": 2,
    "rf_n_estimators": 300,
    "rf_max_depth": 20,
    "rf_min_samples_leaf": 2,
    "heatwave_threshold": 35.0,
    "event_min_duration": 3,
    "event_min_hot_fraction": 0.1,
    "random_seed": 42
  },
  "fold_results": [
    {
      "fold": 1,
      "train_samples": 4202,
      "val_samples": 467,
      "test_samples": 1167,
      "train_positive_rate": 0.7808186577820085,
      "val_positive_rate": 0.828693790149893,
      "test_positive_rate": 0.7463581833761782,
      "train_metrics": {
        "accuracy": 0.9821513564969062,
        "precision": 0.9808038392321535,
        "recall": 0.9966473636086559,
        "f1": 0.9886621315192744,
        "specificity": 0.9305103148751357,
        "tp": 3270,
        "fp": 64,
        "fn": 11,
        "tn": 857,
        "brier_score": 0.04027652561488524,
        "pr_auc": 0.9997514469937671,
        "roc_auc": 0.9991015291873951,
        "threshold": 0.3
      },
      "val_metrics": {
        "accuracy": 0.9036402569593148,
        "precision": 0.9071428571428571,
        "recall": 0.9844961240310077,
        "f1": 0.9442379182156134,
        "specificity": 0.5125,
        "tp": 381,
        "fp": 39,
        "fn": 6,
        "tn": 41,
        "brier_score": 0.09091032215966596,
        "pr_auc": 0.9848069043568016,
        "roc_auc": 0.9295381136950904,
        "threshold": 0.3
      },
      "test_metrics": {
        "accuracy": 0.8551842330762639,
        "precision": 0.8574338085539714,
        "recall": 0.9667049368541906,
        "f1": 0.9087965461413924,
        "specificity": 0.527027027027027,
        "tp": 842,
        "fp": 140,
        "fn": 29,
        "tn": 156,
        "brier_score": 0.11332801184180724,
        "pr_auc": 0.966610140187945,
        "roc_auc": 0.9120477394731126,
        "threshold": 0.3
      },
      "optimal_threshold": 0.3,
      "training_time_seconds": 32.87960243225098
    },
    {
      "fold": 2,
      "train_samples": 4202,
      "val_samples": 467,
      "test_samples": 1167,
      "train_positive_rate": 0.7641599238457877,
      "val_positive_rate": 0.828693790149893,
      "test_positive_rate": 0.8063410454155956,
      "train_metrics": {
        "accuracy": 0.9831032841504046,
        "precision": 0.982779827798278,
        "recall": 0.9953285580815945,
        "f1": 0.9890143896023518,
        "specificity": 0.9434914228052472,
        "tp": 3196,
        "fp": 56,
        "fn": 15,
        "tn": 935,
        "brier_score": 0.0408253988579488,
        "pr_auc": 0.9997597790882751,
        "roc_auc": 0.999209327422354,
        "threshold": 0.32
      },
      "val_metrics": {
        "accuracy": 0.9014989293361885,
        "precision": 0.9069212410501193,
        "recall": 0.9819121447028424,
        "f1": 0.9429280397022333,
        "specificity": 0.5125,
        "tp": 380,
        "fp": 39,
        "fn": 7,
        "tn": 41,
        "brier_score": 0.09213341183871117,
        "pr_auc": 0.9841720571561869,
        "roc_auc": 0.9258397932816538,
        "threshold": 0.32
      },
      "test_metrics": {
        "accuracy": 0.8928877463581834,
        "precision": 0.9,
        "recall": 0.975557917109458,
        "f1": 0.9362570117287099,
        "specificity": 0.5486725663716814,
        "tp": 918,
        "fp": 102,
        "fn": 23,
        "tn": 124,
        "brier_score": 0.08656265695637634,
        "pr_auc": 0.982029665767568,
        "roc_auc": 0.932149473822802,
        "threshold": 0.32
      },
      "optimal_threshold": 0.32,
      "training_time_seconds": 33.388752937316895
    },
    {
      "fold": 3,
      "train_samples": 4202,
      "val_samples": 467,
      "test_samples": 1167,
      "train_positive_rate": 0.7789148024750119,
      "val_positive_rate": 0.828693790149893,
      "test_positive_rate": 0.7532133676092545,
      "train_metrics": {
        "accuracy": 0.9831032841504046,
        "precision": 0.9825195901145268,
        "recall": 0.9960281087687137,
        "f1": 0.989227734789865,
        "specificity": 0.93756727664155,
        "tp": 3260,
        "fp": 58,
        "fn": 13,
        "tn": 871,
        "brier_score": 0.04407453055440793,
        "pr_auc": 0.9997638821570176,
        "roc_auc": 0.9991577367356691,
        "threshold": 0.31
      },
      "val_metrics": {
        "accuracy": 0.9057815845824411,
        "precision": 0.9093078758949881,
        "recall": 0.9844961240310077,
        "f1": 0.945409429280397,
        "specificity": 0.525,
        "tp": 381,
        "fp": 38,
        "fn": 6,
        "tn": 42,
        "brier_score": 0.0947896206989165,
        "pr_auc": 0.9838124167789761,
        "roc_auc": 0.9251937984496124,
        "threshold": 0.31
      },
      "test_metrics": {
        "accuracy": 0.8928877463581834,
        "precision": 0.8927083333333333,
        "recall": 0.9749715585893061,
        "f1": 0.9320282762370854,
        "specificity": 0.6423611111111112,
        "tp": 857,
        "fp": 103,
        "fn": 22,
        "tn": 185,
        "brier_score": 0.08789059859422603,
        "pr_auc": 0.9794575232442039,
        "roc_auc": 0.946832337883959,
        "threshold": 0.31
      },
      "optimal_threshold": 0.31,
      "training_time_seconds": 33.23645901679993
    },
    {
      "fold": 4,
      "train_samples": 4202,
      "val_samples": 467,
      "test_samples": 1167,
      "train_positive_rate": 0.7739171822941456,
      "val_positive_rate": 0.828693790149893,
      "test_positive_rate": 0.7712082262210797,
      "train_metrics": {
        "accuracy": 0.9859590671108995,
        "precision": 0.9868862458066484,
        "recall": 0.995079950799508,
        "f1": 0.9909661613841678,
        "specificity": 0.9547368421052631,
        "tp": 3236,
        "fp": 43,
        "fn": 16,
        "tn": 907,
        "brier_score": 0.040273969081871246,
        "pr_auc": 0.9997682707021665,
        "roc_auc": 0.9991927235061825,
        "threshold": 0.34
      },
      "val_metrics": {
        "accuracy": 0.9014989293361885,
        "precision": 0.9128329297820823,
        "recall": 0.9741602067183462,
        "f1": 0.9425,
        "specificity": 0.55,
        "tp": 377,
        "fp": 36,
        "fn": 10,
        "tn": 44,
        "brier_score": 0.09417064209250357,
        "pr_auc": 0.9832134676111601,
        "roc_auc": 0.922125322997416,
        "threshold": 0.34
      },
      "test_metrics": {
        "accuracy": 0.8783204798628963,
        "precision": 0.9006342494714588,
        "recall": 0.9466666666666667,
        "f1": 0.923076923076923,
        "specificity": 0.6479400749063671,
        "tp": 852,
        "fp": 94,
        "fn": 48,
        "tn": 173,
        "brier_score": 0.10147602385130072,
        "pr_auc": 0.9764544030354345,
        "roc_auc": 0.9263233458177279,
        "threshold": 0.34
      },
      "optimal_threshold": 0.34,
      "training_time_seconds": 33.485920906066895
    },
    {
      "fold": 5,
      "train_samples": 4202,
      "val_samples": 467,
      "test_samples": 1167,
      "train_positive_rate": 0.770823417420276,
      "val_positive_rate": 0.7558886509635975,
      "test_positive_rate": 0.8114824335904027,
      "train_metrics": {
        "accuracy": 0.9783436458829129,
        "precision": 0.9993654822335025,
        "recall": 0.9725223834516826,
        "f1": 0.9857612267250822,
        "specificity": 0.9979231568016614,
        "tp": 3150,
        "fp": 2,
        "fn": 89,
        "tn": 961,
        "brier_score": 0.041021549912815966,
        "pr_auc": 0.9997465032930117,
        "roc_auc": 0.9991343815011556,
        "threshold": 0.45
      },
      "val_metrics": {
        "accuracy": 0.8693790149892934,
        "precision": 0.9101123595505618,
        "recall": 0.9178470254957507,
        "f1": 0.9139633286318759,
        "specificity": 0.7192982456140351,
        "tp": 324,
        "fp": 32,
        "fn": 29,
        "tn": 82,