{
  "lr": 3.088756750799268e-05,
  "weight_decay": 1.395379285251439e-05,
  "batch_size": 32,
  "val_RMSE": 1.6916295404522819,
  "val_MAE": 1.2002287918122325,
  "val_R2": 0.6757382715250431,
  "epochs_trained": 6,
  "timestamp": "2026-04-08T16:57:48.749659Z"
}