{
  "lr": 0.00022563110735889096,
  "weight_decay": 8.921795677048455e-05,
  "batch_size": 32,
  "val_RMSE": 1.4330364200054266,
  "val_MAE": 1.016650868193233,
  "val_R2": 0.767298261300046,
  "epochs_trained": 6,
  "timestamp": "2026-04-08T16:59:43.006646Z"
}