{
  "lr": 0.00019004375238737127,
  "weight_decay": 2.501075522266694e-06,
  "batch_size": 64,
  "val_RMSE": 1.5271332888726685,
  "val_MAE": 1.0798364991955922,
  "val_R2": 0.7356821186245379,
  "epochs_trained": 6,
  "timestamp": "2026-04-08T16:55:53.805700Z"
}