{
  "lr": 0.0001516998058270185,
  "weight_decay": 3.1782679481783596e-06,
  "batch_size": 32,
  "val_RMSE": 1.460783434258975,
  "val_MAE": 1.0336037157920213,
  "val_R2": 0.7581996958897821,
  "epochs_trained": 6,
  "timestamp": "2026-04-08T17:01:37.366314Z"
}