{
  "train_loss_history": [
    0.09042593344228841,
    0.04048717983111726,
    0.036347809712934824,
    0.03483851074106232,
    0.034207570148694175,
    0.03380600951975906,
    0.03347585400552094,
    0.03329888333493865,
    0.033113928516527065,
    0.03294108776916728
  ],
  "val_loss_history": [
    0.044710600072492473,
    0.03842988871165538,
    0.03565187224072136,
    0.03506699305231849,
    0.034091228344924236,
    0.03376044154371301,
    0.03370387618723389,
    0.03303435326183904,
    0.03419001788947068,
    0.032570141240035835
  ],
  "best_val_metric": 1.355036500313472,
  "epochs_trained": 10,
  "timestamp": "2026-04-08T16:11:58.153225Z"
}