{
  "train_loss_history": [
    0.09391400506018266,
    0.04056229868788935,
    0.036501027101472225,
    0.034966238849311555,
    0.0340572219208036,
    0.03364837044460878,
    0.03330482952360523,
    0.03305516952061898,
    0.03279325527087976,
    0.032718654498713064
  ],
  "val_loss_history": [
    0.045872961551821516,
    0.03956397960788196,
    0.036709606717900724,
    0.03540398084472135,
    0.03480333699188691,
    0.03580902847765442,
    0.03371013828338831,
    0.03561939189012108,
    0.033721831988837714,
    0.03333874959562652
  ],
  "best_val_metric": 1.3778602770392858,
  "epochs_trained": 10,
  "timestamp": "2026-04-08T15:52:18.304237Z"
}