tree
version=v4
num_class=1
num_tree_per_iteration=1
label_index=0
max_feature_idx=63
objective=quantile
feature_names=wind_ms precip_mm solar_wm2 cloud_cover pressure_hpa hour_sin hour_cos local_hour_sin local_hour_cos doy_sin doy_cos month station_enc lat lon elevation_m heat_index_c_lag1h heat_index_c_lag3h heat_index_c_lag6h heat_index_c_lag12h heat_index_c_lag24h temp_c_lag1h temp_c_lag3h temp_c_lag6h temp_c_lag12h temp_c_lag24h rh_lag1h rh_lag3h rh_lag6h rh_lag12h rh_lag24h hi_change_3h temp_change_3h heat_index_c_roll3h_mean heat_index_c_roll3h_std heat_index_c_roll6h_mean heat_index_c_roll6h_std heat_index_c_roll24h_mean heat_index_c_roll24h_std temp_c_roll3h_mean temp_c_roll3h_std temp_c_roll6h_mean temp_c_roll6h_std temp_c_roll24h_mean temp_c_roll24h_std temp_x_rh temp_x_evening solar_wm2_lag1h solar_wm2_lag3h solar_wm2_lag6h solar_wm2_roll6h_mean temp_x_solar cloud_cover_lag1h cloud_cover_lag3h cloud_cover_lag6h pressure_hpa_lag1h pressure_hpa_lag3h pressure_hpa_lag6h wind_ms_lag1h wind_ms_lag3h precip_mm_lag1h precip_mm_lag3h _hi_clim hi_residual_lag1h
feature_infos=[0.01:9.7699999999999996] [0:170.31999999999999] [0:1028.0999999999999] [0.0050000000000000001:1] [997:1010.5] [-1:1] [-1:1] [-1:1] [-1:1] [-0.99999073973619013:0.99999073973619013] [-0.99996295911626554:1] [1:12] none none none none [20.840870306155406:42.777685411235339] [20.840870306155406:42.777685411235339] [20.840870306155406:42.777685411235339] [20.840870306155406:42.777685411235339] [20.840870306155406:42.777685411235339] [23.059999999999999:34.399999999999999] [23.059999999999999:34.399999999999999] [23.059999999999999:34.399999999999999] [23.059999999999999:34.399999999999999] [23.059999999999999:34.399999999999999] [52.200000000000003:98.400000000000006] [52.200000000000003:98.400000000000006] [52.200000000000003:98.400000000000006] [52.200000000000003:98.400000000000006] [52.200000000000003:98.400000000000006] [-6.153325409144319:10.134069465944588] [-4.1500000000000021:4.879999999999999] [21.082118772623868:42.682922116997709] [0.0023808147702145187:4.1195919240166621] [21.63732416366042:42.396516732691275] [0.034650312617772315:5.3268452088519549] [27.379763195819379:39.045373018041893] [0.79933679905409594:5.4113141928848716] [23.146666666666665:34.286666666666669] [0:1.7948908973343756] [23.363333333333333:34.00333333333333] [0.010954451179849365:2.60079731364582] [25.921250000000001:30.837083333333329] [0.30663643912159577:2.9241799296332185] [1747.134:2650.5] [0:33.93] [0:1028.0999999999999] [0:1028.0999999999999] [0:1028.0999999999999] [0:902.20000000000016] [0:33078.240000000005] [0.0050000000000000001:1] [0.0050000000000000001:1] [0.0050000000000000001:1] [997:1010.5] [997:1010.5] [997:1010.5] [0.01:9.7699999999999996] [0.01:9.7699999999999996] [0:170.31999999999999] [0:170.31999999999999] [24.134260329744883:38.751026130631971] [-6.2143710263502747:7.0934493979841946]
tree_sizes=3261 3767 4000 4183 4232 4033 4484 4243 4264 4443 4612 4518 5265 4968 5164 4970 4980 5317 5258 5513 5313 5592 5411 5879 5529 5860 6138 5799 6265 6319 6501 6176 6113

Tree=0
num_leaves=38
num_cat=0
split_feature=50 26 63 0 20 10 56 43 34 21 1 29 9 45 38 10 20 60 30 9 56 9 5 26 18 26 57 9 29 10 34 10 52 56 52 21 30
split_gain=31.2775 12.2413 5.68602 4.79709 3.38781 4.36176 3.73423 3.18797 3.3281 2.14719 2.62645 2.41716 2.13559 2.02285 1.8966 1.72543 1.66952 1.6387 1.30573 1.04943 0.759622 0.607177 0.459899 0.373578 0.554786 0.309188 0.520835 0.285554 0.17267 0.0780443 0.183291 0.0700706 0.0405055 0.0314857 0.0291651 0.00764333 0.0043111
threshold=1.1333333333334663 96.450000000000017 -1.7219153064328301 2.7850000000000006 28.61287959553265 -0.30900554811238695 1002.6500000000002 27.314791666666672 0.54010230146596905 24.615000000000006 10.085000000000003 69.750000000000014 -0.66484924122790601 2372.181 3.4166876878034396 -0.86955717898714324 27.229747951132158 0.90500000000000014 93.850000000000009 -0.43664718845046341 1000.5500000000001 0.055916472294523401 -0.70710678118654735 92.850000000000009 27.833321177618089 92.15000000000002 1002.4500000000002 -0.94130860066615785 80.65000000000002 -0.72066714955386113 0.39742543268505154 -0.70862667826445969 0.97850000000000004 998.85000000000002 0.99350000000000016 25.975000000000005 93.250000000000014
decision_type=2 2 2 2 2 2 2 2 2 2 2 2 2 2 2 2 2 2 2 2 2 2 2 2 2 2 2 2 2 2 2 2 2 2 2 2 2
left_child=1 2 3 -1 5 6 16 -8 12 -7 11 -11 -9 -12 -5 17 -4 -6 22 -20 -17 -19 25 34 -25 29 -27 -22 -18 -2 -31 -29 -26 -24 -13 -33 -35
right_child=18 -3 4 14 15 9 7 8 -10 10 13 23 -14 -15 -16 20 28 21 19 -21 27 -23 33 24 32 26 -28 31 -30 30 -32 35 -34 36 -36 -37 -38
leaf_value=94.900825917434787 94.851946060573312 95.10595217323538 94.996111952371194 95.029201415694956 95.027141903329664 95.092221815822526 95.023846746395392 95.068469219707737 94.957392873726903 94.985676479538895 94.892999356674949 94.872541334812794 95.053846128036454 94.95862925155734 95.02968194632075 95.044166874276513 94.878170587429764 94.924921338747993 94.922655880383374 94.845286602650447 94.925951469417953 94.837254886767965 94.811854247349643 94.917027228778551 94.879543325938542 94.917301702106158 94.871442678123245 94.900001525878906 94.911397303130855 94.851946060573312 94.934738059624493 94.865538987531735 94.894166365234923 94.748970736895075 94.893136609052277 94.858811501159522 94.889841471758686
leaf_weight=99 198 103 100 102 116 80 132 82 96 84 78 382 153 126 79 88 106 93 130 99 87 119 114 98 83 79 86 151 78 114 99 78 95 10243 100 465 116
leaf_count=99 198 103 100 102 116 80 132 82 96 84 78 382 153 126 79 88 106 93 130 99 87 119 78 98 83 79 86 151 78 114 99 78 95 7795 100 465 116
internal_value=94.8999 94.9057 94.9049 94.9143 94.9041 94.9059 94.91 94.9138 94.9173 94.9032 94.9023 94.9006 94.9217 94.9093 94.9209 94.9012 94.9037 94.9054 94.8982 94.9033 94.8996 94.9018 94.8981 94.8994 94.9014 94.9 94.9025 94.8989 94.8998 94.899 94.8999 94.8984 94.8991 94.898 94.8982 94.8981 94.898
internal_weight=14731 3453 3350 280 3070 1873 747 463 331 1126 1046 842 235 204 181 1197 284 328 11278 229 869 212 11049 758 276 576 165 781 184 411 213 694 178 10473 482 543 10359
internal_count=12247 3453 3350 280 3070 1873 747 463 331 1126 1046 842 235 204 181 1197 284 328 8794 229 869 212 8565 758 276 576 165 781 184 411 213 694 178 7989 482 543 7911
is_linear=0
shrinkage=1


Tree=1
num_leaves=41
num_cat=0
split_feature=50 26 25 10 10 10 10 28 44 26 30 43 10 57 1 54 37 44 59 9 4 63 30 8 38 55 34 62 40 56 9 54 54 55 32 0 26 1 29 4
split_gain=29.1075 10.3604 4.25697 3.45461 3.85239 4.0329 2.6777 2.14094 2.82631 4.13655 2.08666 2.05615 1.86221 2.20932 1.97756 1.75539 1.29622 1.15128 1.13244 0.836774 1.42483 0.707062 0.678666 0.664087 0.644097 0.406497 0.368816 0.593007 0.399255 0.271011 0.279526 0.181913 0.179526 0.239261 0.066617 0.0313663 0.00954864 0.084765 0.00733099 0.00693346
threshold=1.0000000180025095e-35 96.450000000000017 26.135000000000002 0.91586428826728705 0.82873938879806197 0.33345642693991789 -0.91583036384466876 92.750000000000014 1.5837702105098221 94.15000000000002 93.350000000000009 27.702708333333337 -0.70862667826445969 1003.4500000000002 0.8650000000000001 0.99250000000000005 31.386086092683886 1.9464102037123971 3.0450000000000004 -0.43664718845046341 1004.2500000000001 0.94765914250609218 91.350000000000009 0.78656609248549303 3.9290324896519517 1002.4500000000002 0.39742543268505154 32.391829750242643 0.20502032419628033 1000.85 -0.94130860066615785 0.90550000000000008 0.94350000000000012 1003.6500000000002 -0.39499999999999952 3.8250000000000006 91.750000000000014 18.365000000000006 86.050000000000011 1002.9500000000002
decision_type=2 2 2 2 2 2 2 2 2 2 2 2 2 2 2 2 2 2 2 2 2 2 2 2 2 2 2 2 2 2 2 2 2 2 2 2 2 2 2 2
left_child=1 2 3 4 5 6 11 8 15 17 23 -1 13 25 -15 -8 -9 -10 -19 20 -12 -5 -16 36 35 34 39 28 -28 -14 -31 -21 -30 -34 -4 -7 -2 -38 -32 -25
right_child=10 -3 12 21 -6 24 7 16 9 -11 19 -13 29 14 22 -17 -18 18 -20 31 -22 -23 -24 26 -26 -27 27 -29 32 30 38 -33 33 -35 -36 -37 37 -39 -40 -41
leaf_value=-0.050743848531809431 -0.20244726792910897 0.19181209097428575 -0.0068649168266327895 -0.027400768380029621 0.13295998147042279 -0.040970911504871983 0.067631002126356338 -0.013984488386262333 0.026695327044441879 0.16692511275612393 0.043000061842939426 0.064033987989080582 0.13426836612132612 0.14643307174726428 0.098602033313603996 0.17440172751000091 0.082707157998563749 0.090228802795431606 0.012973681350384007 0.0031030335722414303 -0.0099389422984374285 0.013520999552526948 -0.011960892235654585 -0.075136367606940438 0.091089305427177109 0.024099027042773825 0.0096625588306047845 0.049376469860317004 -0.045587634125752688 0.020049528147624424 -0.038362320634182247 -0.078624381912015873 -0.023190315088956422 0.0088441731171196233 -0.032224079815413038 -0.0020046834887005325 -0.044552085878231285 -0.090959438481673219 -0.028229566376446417 -0.037901196583053715
leaf_weight=152 9424 102 125 202 119 152 87 150 132 121 129 150 79 79 80 102 79 104 86 78 107 108 89 78 91 79 103 82 271 97 399 119 99 136 78 78 484 88 78 335
leaf_count=152 6940 102 125 202 119 152 87 150 132 121 129 150 79 79 80 102 79 104 86 78 107 108 89 78 91 79 103 82 271 97 399 119 99 136 78 78 484 88 78 335
internal_value=-6.45551e-05 0.00572866 0.00500994 0.00701169 0.0082937 0.00732071 0.00919907 0.0111515 0.0132181 0.0101381 -0.00167193 0.00358908 0.00176396 0.00478268 0.0094906 0.0202785 0.00537846 0.00599905 0.00940391 0.00299196 0.00573744 0.000357988 0.00517738 -0.0018547 0.000488424 0.000596803 -0.000251142 0.000713237 -2.18208e-05 -0.000683316 -0.00121019 -0.000288536 -0.000825798 0.00054413 -0.0010121 -0.00143092 -0.00203122 -0.00168609 -0.00189892 -0.00187412
internal_weight=14731 3198 3096 1913 1603 1484 1163 861 632 443 11533 302 1183 530 248 189 229 322 190 433 236 310 169 11100 321 282 1104 691 609 653 574 197 506 235 203 230 9996 572 477 413
internal_count=12247 3198 3096 1913 1603 1484 1163 861 632 443 9049 302 1183 530 248 189 229 322 190 433 236 310 169 8616 321 282 1104 691 609 653 574 197 506 235 203 230 7512 572 477 413
is_linear=0
shrinkage=0.0686502


Tree=2
num_leaves=44
num_cat=0
split_feature=50 26 63 0 20 44 10 61 1 63 63 26 5 61 26 63 61 10 32 59 57 32 36 9 30 44 45 59 4 55 54 38 28 30 34 44 9 38 60 2 0 31 1
split_gain=24.755 9.62991 4.38396 3.44557 2.44842 3.61337 3.65317 4.0383 3.13981 3.02425 2.888 2.15429 1.94212 1.68827 1.46114 1.33488 1.7536 1.33097 1.36481 1.29313 1.53548 0.444604 0.790672 0.388189 0.348609 0.558302 0.849048 0.322131 0.307124 0.273713 0.237811 0.423648 0.16036 0.148275 0.120216 0.0444142 0.0228216 0.160424 0.00816304 0.00731474 0.0068449 0.00612224 0.0382686
threshold=1.0000000180025095e-35 96.450000000000017 -1.7219153064328301 2.7850000000000006 28.61287959553265 1.8805638845387243 -0.42108527284769387 3.6250000000000004 10.415000000000001 -0.11243852349338999 -0.84691983183093267 93.450000000000017 -0.5 2.7050000000000005 92.15000000000002 -0.74527482471620654 4.8150000000000004 -0.86955717898714324 -0.59999999999999953 3.4350000000000005 1005.35 -0.47000000000000058 0.99495861924835838 -0.91585580712236336 90.15000000000002 1.6429117620729905 2369.3890000000006 1.2650000000000003 1002.4500000000002 1004.4500000000002 0.99450000000000005 2.9533524754476868 89.350000000000009 93.65000000000002 0.71684609277511913 2.2366769394164181 -0.94130860066615785 2.5737265569751275 28.845000000000002 5.5500000000000007 3.3350000000000004 -4.0565362684906452 2.8550000000000004
decision_type=2 2 2 2 2 2 2 2 2 2 2 2 2 2 2 2 2 2 2 2 2 2 2 2 2 2 2 2 2 2 2 2 2 2 2 2 2 2 2 2 2 2 2
left_child=1 2 3 -1 5 8 7 -7 10 28 13 -5 14 -4 23 16 -16 18 -6 20 -8 22 -12 -2 25 26 -19 -25 -10 -17 39 -32 -20 36 35 -29 37 -14 -39 -23 -26 42 -38
right_child=12 -3 4 11 17 6 19 -9 9 -11 21 -13 33 -15 15 29 -18 24 32 -21 -22 30 -24 27 40 -27 -28 34 -30 -31 31 -33 -34 -35 -36 -37 41 38 -40 -41 -42 -43 -44
leaf_value=-0.0079449298433218445 0.016975674167413628 0.17864414953863539 0.15774099054522969 0.12915610460883198 0.10019591758173652 0.087362656368461328 0.049186853025880266 0.14544290528387671 0.0074445228298363718 0.076620532039144873 0.031529221654940272 0.12379761730843278 0.00051322500813953166 0.10833147463316142 0.078041023991684069 0.00068448158447660852 -0.0032983501069872652 -0.07925352200198213 -0.014079882677199286 -0.04919217823475841 0.15713117823176209 -0.020075993092866562 -0.015655387170084308 0.055504051611947929 -0.014880251730298158 -0.058094457387729254 0.10431881095670238 -0.041995024344279867 -0.00067704614045935123 -0.018354280346663452 -0.0081462758755461977 0.08315814215366453 0.018125021243578707 -0.021458854801393503 -0.002413807732689224 -0.017637457501272932 -0.099304253035205237 -0.11665164236655132 -0.075554421794742158 -0.010099229714956994 -0.015771453499616631 -0.16936612477233448 -0.053097779097147586
leaf_weight=91 80 102 79 81 126 102 139 82 78 152 85 79 82 110 96 80 93 78 84 78 79 396 80 80 323 151 117 635 80 151 96 79 95 102 99 78 281 627 78 78 78 8893 78
leaf_count=91 80 102 79 81 126 102 139 82 78 152 85 79 82 110 96 80 93 78 84 78 79 396 80 80 323 151 117 635 80 151 96 79 95 102 99 78 281 623 78 78 78 6413 78
internal_value=-0.000171731 0.00517078 0.00447801 0.0131606 0.00370389 0.00524636 0.0103415 0.0179192 0.00337047 0.00939554 0.00149229 0.0191884 -0.00165408 0.00910362 0.000747085 0.00412514 0.00838266 0.00106641 0.00487793 0.00554945 0.00825405 -0.000281527 0.00287653 -0.000711158 -0.00048926 0.00109544 0.00352059 -0.00112829 0.00266267 0.000588935 -0.00109703 0.00104043 0.000971714 -0.00198424 -0.00154308 -0.00185588 -0.00201083 -0.00161377 -0.00195075 -0.00189791 -0.00186859 -0.00204378 -0.00165588
internal_weight=14731 3198 3096 251 2845 1793 480 184 1313 310 1003 160 11533 189 1392 420 189 1052 305 296 218 814 165 972 747 346 195 892 158 231 649 175 179 10141 812 713 10039 787 705 474 401 9252 359
internal_count=12247 3198 3096 251 2845 1793 480 184 1313 310 1003 160 9049 189 1392 420 189 1052 305 296 218 814 165 972 747 346 195 892 158 231 649 175 179 7657 812 713 7555 783 701 474 401 6772 359
is_linear=0
shrinkage=0.0686502


Tree=3
num_leaves=46
num_cat=0
split_feature=50 26 25 10 10 45 44 26 1 1 9 30 57 10 57 1 57 55 9 9 30 31 0 24 21 54 56 38 9 9 26 18 5 9 9 62 30 44 31 28 29 3 9 19 0
split_gain=20.4079 8.98443 2.4485 3.43938 3.0076 2.19978 3.0329 2.93782 1.81482 1.73914 1.66669 1.59969 1.59138 1.51196 1.80327 1.71911 1.08756 0.954771 0.908393 0.955899 0.669462 0.570703 0.646001 0.377098 0.489468 0.84814 0.28657 0.248074 0.221648 0.191454 0.169145 0.302813 0.119671 0.113658 0.37967 0.155056 0.0837804 0.0649363 0.0330461 0.159058 0.00733099 0.00633035 0.00495522 0.0043651 0.00223207
threshold=1.0000000180025095e-35 96.450000000000017 26.135000000000002 0.012909817866233263 -0.94695267581281539 2319.3135000000007 1.8974889727229833 93.950000000000017 10.555000000000001 0.03500000000000001 -0.57023701209772126 92.750000000000014 1005.9500000000002 -0.70862667826445969 1003.4500000000002 0.8650000000000001 1003.1500000000002 1002.4500000000002 -0.43664718845046341 -0.61188073503922691 91.350000000000009 -1.6235870257600753 2.8850000000000002 30.015000000000004 27.315000000000001 0.9425 1000.85 3.1191883824095425 -0.88606241628642823 -0.94130860066615785 92.550000000000011 28.039312184756017 -0.91597561503675329 -0.93535928755917819 -0.94697898371965705 29.991355604985838 89.750000000000014 1.4390205841569186 -3.8541842405120881 75.750000000000014 86.050000000000011 0.45550000000000007 0.51973899919070166 37.038702658328539 2.5850000000000004
decision_type=2 2 2 2 2 2 2 2 2 2 2 2 2 2 2 2 2 2 2 2 2 2 2 2 2 2 2 2 2 2 2 2 2 2 2 2 2 2 2 2 2 2 2 2 2
left_child=1 2 3 4 17 -6 10 -8 9 12 16 23 -5 14 27 -16 -7 44 19 21 -17 22 -13 33 25 -25 -15 37 -18 -28 41 -32 -20 34 35 -2 -26 -4 39 -35 -31 -11 -34 -40 -1
right_child=11 -3 13 8 5 6 7 -9 -10 30 -12 18 -14 26 15 20 28 -19 32 -21 -22 -23 -24 24 36 -27 29 -29 -30 40 31 -33 42 38 -36 -37 -38 -39 43 -41 -42 -43 -44 -45 -46
leaf_value=-0.067442621971114086 0.0071451843158870766 0.16638019012399238 -0.0027138972164082449 -0.0049159483559087372 0.15664659738670522 0.12252139101726513 0.07522079814962758 0.14548098091319286 0.02277747122367528 -0.073239493791929233 0.13507421064037087 -0.00062441415664058809 0.14994350996006947 0.11788930493126842 0.12677821427306279 0.081401061224322058 0.047553087210761048 0.0058495491899373409 -0.0056034642480245712 0.036027790612277323 -0.015315429527699986 -0.026747214089174624 0.05049407939585885 -0.038743878839655951 -0.12839044985464074 0.064638841264496177 0.011511614831229765 0.061320041263343977 -0.007605187960061867 -0.034646025358614711 0.012788888361852265 -0.0072313224319667377 -0.07208064171013924 -0.11540819562593904 -0.0015819223496448362 -0.13709660184949171 -0.043182200472942994 -0.038123809928639278 -0.1343050036795003 -0.00076579839918430111 -0.041093594900034121 -0.018461706528215042 -0.039296503264128438 -0.18678125331536857 -0.015719569983522443
leaf_weight=78 89 102 78 110 94 108 116 101 150 78 109 86 87 79 79 80 79 86 81 80 89 102 80 102 305 80 97 86 136 399 98 138 169 321 96 672 82 118 8915 78 78 265 78 117 80
leaf_count=78 89 102 78 110 94 108 116 101 150 78 109 86 87 79 79 80 79 86 81 80 89 102 80 102 289 80 97 86 136 399 98 138 169 321 96 668 82 118 6511 78 78 265 78 57 80
internal_value=-0.000302205 0.00454853 0.0038796 0.00539803 0.00821728 0.0103868 0.00891364 0.0155296 0.00237934 0.0010282 0.00553776 -0.00164812 0.00657789 0.0014162 0.00413679 0.00838973 0.00301187 0.00156747 0.00158533 0.00402425 0.00437181 0.00200876 0.00448704 -0.00185012 -0.000119628 0.00279333 -0.000788215 0.0003546 0.00015036 -0.00132949 -0.000862684 0.000533165 -0.000992751 -0.00194529 -0.0011703 -0.00168861 -0.00150825 -0.000974969 -0.00201497 -0.00135333 -0.00189892 -0.00183645 -0.00175025 -0.0020434 -0.00157763
internal_weight=14731 3198 3096 1913 987 743 649 217 926 776 432 11533 197 1183 530 248 323 244 676 348 169 268 166 10857 569 182 653 282 215 574 579 236 328 10288 857 761 387 196 9431 399 477 343 247 9032 158
internal_count=12247 3198 3096 1913 987 743 649 217 926 776 432 9049 197 1183 530 248 323 244 676 348 169 268 166 8373 553 182 653 282 215 574 579 236 328 7820 853 757 371 196 6967 399 477 343 247 6568 158
is_linear=0
shrinkage=0.0686502


Tree=4
num_leaves=46
num_cat=0
split_feature=50 26 63 26 44 34 17 63 37 10 9 30 4 45 28 59 28 9 9 9 21 59 63 47 9 37 3 9 36 62 38 63 37 4 26 36 27 0 27 31 44 45 28 30 10
split_gain=18.1204 7.59026 3.63675 2.20537 4.57464 2.30187 1.61391 1.30044 3.44769 1.5318 1.69786 1.15381 1.11251 0.999133 0.986494 0.858806 1.14665 0.648181 0.703748 0.640651 0.880245 0.614441 0.607057 0.282044 0.329391 0.515205 0.27615 0.326872 0.614367 0.231744 0.212107 0.166767 0.139664 0.127284 0.0850162 0.305215 0.0661486 0.0617609 0.0540172 0.0445846 0.0381651 0.0318434 0.0673026 0.00671645 0.00668502
threshold=1.1333333333334663 96.450000000000017 -2.2848942294908681 93.450000000000017 1.8662333944061775 0.5140500826873704 27.613855224380917 -0.40484684274499644 29.691113110101778 -0.86955717898714324 -0.13301347478292289 92.65000000000002 1004.2500000000001 2382.4720000000002 87.750000000000014 3.7650000000000001 90.050000000000011 -0.45206801762443477 -0.65189295912203338 -0.93535928755917819 26.445000000000004 2.3250000000000006 -0.74527482471620654 45.100000000000009 -0.93535928755917819 32.030690163404721 0.98950000000000016 0.18399664778440331 0.53044601438069117 27.380110862012867 3.9290324896519517 -0.93038727701734547 31.273902057171529 1000.85 91.350000000000009 2.1751446079800769 88.850000000000009 2.7550000000000003 90.350000000000009 0.10709633211851789 2.446405149158918 2465.2170000000006 76.850000000000009 79.050000000000011 0.82873938879806197
decision_type=2 2 2 2 2 2 2 2 2 2 2 2 2 2 2 2 2 2 2 2 2 2 2 2 2 2 2 2 2 2 2 2 2 2 2 2 2 2 2 2 2 2 2 2 2
left_child=1 2 -1 7 12 6 -6 8 -4 10 -9 23 15 32 -15 16 -5 18 22 20 -11 -12 -13 24 25 37 30 28 -28 -18 39 -19 -10 -26 40 38 -29 -2 -36 -21 41 43 -43 -35 -40
right_child=11 -3 3 4 5 -7 -8 9 13 19 21 17 -14 14 -16 -17 29 31 -20 26 -22 -23 -24 -25 33 -27 27 36 -30 -31 -32 -33 -34 34 35 -37 -38 -39 44 -41 -42 42 -44 -45 -46
leaf_value=0.10644076124053334 -0.087944034936039986 0.15495815416954983 0.14589277467404477 0.076903753803822097 0.14184666522013695 0.080573298048593478 0.1280272529591116 0.087984105635037752 -0.039400296424911427 -0.029972695232779276 0.039348044010657376 0.04633565410804185 0.058945814667471418 0.10783349168632271 0.0011669984683214123 0.10033829930082223 0.0018264708024221977 -0.0071097354177165669 0.033554475012469845 -0.018655616626916796 0.034964053258496337 -0.071884006961031727 -0.038852118613011945 -0.30500256237553069 -0.0081287049778889214 0.01301824406380428 -0.0099910188015955217 -0.0025275875868820876 0.013844763476617009 -0.0084201249324886394 -0.012473438684285222 -0.043605477418879546 0.027128282231885549 -0.17971898498750577 -0.0069161296601082719 0.0044653820729156071 -0.083790594672713645 -0.0030860868698057587 -0.039547910191252644 -0.035521271779496523 -0.055958263089435585 -0.094716205651461396 -0.041620835689080468 -0.05809686950920015 -0.012973758450540262
leaf_weight=130 106 103 120 103 89 85 78 97 168 82 124 98 107 80 103 87 138 100 80 655 80 108 137 7957 86 78 78 78 78 284 92 227 105 92 105 78 123 78 303 78 80 128 78 1389 78
leaf_count=130 106 103 120 103 89 85 78 97 168 82 124 98 107 80 103 87 138 100 80 655 80 108 137 5501 78 78 78 78 78 284 92 227 105 92 105 78 123 78 303 78 80 120 74 1381 78
internal_value=-0.000348803 0.00400112 0.00342948 0.00296905 0.00570372 0.0136423 0.0183054 0.00178316 0.00459428 0.000809076 0.00499732 -0.00168143 0.00289242 0.00183752 0.00574468 0.00174178 0.000674721 0.00113778 0.00335702 -0.000216548 0.00380719 0.00175391 0.00141518 -0.00185222 -0.00123688 0.00105906 -0.000776394 0.000807097 0.00315869 -0.000905311 -0.00146813 -0.000989503 -0.000778966 -0.0014884 -0.00158507 -0.000830935 -0.00100176 -0.000904788 -0.00147937 -0.00186142 -0.00182196 -0.00189202 -0.00102725 -0.00200768 -0.00185861
internal_weight=14731 3453 3350 3220 971 252 167 2249 576 1673 329 11278 719 456 183 612 525 642 315 1344 162 232 235 10636 2679 262 1182 357 156 422 825 327 273 2417 2331 564 201 184 486 733 1767 1687 206 1481 381
internal_count=12247 3453 3350 3220 971 252 167 2249 576 1673 329 8794 719 456 183 612 525 642 315 1344 162 232 235 8152 2651 262 1182 357 156 422 825 327 273 2389 2311 564 201 184 486 733 1747 1667 194 1473 381
is_linear=0
shrinkage=0.0686502


Tree=5
num_leaves=44
num_cat=0
split_feature=50 26 63 44 9 0 9 20 37 37 57 26 58 25 21 54 5 60 24 9 9 21 9 26 55 45 38 44 58 21 4 0 63 3 2 44 61 19 1 61 58 52 1
split_gain=16.11 7.91783 3.74444 2.0076 2.54533 3.17992 2.45253 1.61501 1.27836 2.23868 1.06539 2.91986 1.2827 2.33847 2.01472 1.05603 0.857282 0.755624 0.69189 0.757029 1.11043 0.774987 0.651386 0.684953 1.50981 0.435606 0.390721 0.298724 0.231223 0.132657 0.21595 0.124238 0.0882123 0.0681866 0.0622516 0.148645 0.28035 0.060902 0.0447495 0.0361318 0.114416 0.00819326 0.00401329
threshold=1.4333333333334661 96.450000000000017 -2.7401397980519415 1.1975865998408928 -0.32533907195844763 2.9950000000000006 -0.57023701209772126 27.26870936050064 34.723854262679822 34.249849911455449 1005.85 92.950000000000017 2.5550000000000002 26.035000000000004 25.915000000000003 0.99750000000000016 -0.25881904510252113 18.775000000000002 29.235000000000003 -0.7721494341254892 -0.90880922144842613 26.445000000000004 -0.94130860066615785 92.250000000000014 1004.2500000000001 2252.2945000000004 3.2277458666934504 1.3781158989008031 1.2650000000000003 25.995000000000001 1004.0500000000001 2.6850000000000005 -0.90910634288133518 0.98050000000000004 1.0000000180025095e-35 1.2169263291893839 6.035000000000001 36.131403478257631 13.255000000000001 4.5750000000000011 2.9750000000000005 0.29250000000000004 4.2350000000000012
decision_type=2 2 2 2 2 2 2 2 2 2 2 2 2 2 2 2 2 2 2 2 2 2 2 2 2 2 2 2 2 2 2 2 2 2 2 2 2 2 2 2 2 2 2
left_child=1 2 -1 17 5 6 15 -7 9 10 12 25 13 14 -6 18 22 -4 42 20 21 -20 26 28 -25 -12 -2 -14 -24 30 -18 -29 -33 -26 35 36 -31 -15 -37 41 -41 -30 -5
right_child=16 -3 3 4 8 7 -8 -9 -10 -11 11 -13 27 37 -16 -17 29 -19 19 -21 -22 -23 23 24 33 -27 -28 31 39 34 -32 32 -34 -35 -36 38 -38 -39 -40 40 -42 -43 -44
leaf_value=0.13017155852835172 0.016105744160698616 0.14432024344808914 -0.01157233546578054 -0.01195520625950792 -0.0014534486233593316 0.11792253400464611 0.094006845083911481 0.026115422730061188 -0.084156687096674787 0.098681558771601646 0.097430961151611248 0.12646749718297493 0.010960482415985956 -0.0040733070461608486 0.1129128173600935 0.097293390513533085 0.0021722107143893701 0.0093787159601883118 -0.020453681330754422 -0.011925724359183227 0.059102480152753718 0.016147047906996469 -0.012682912981326122 0.030566888545175464 -0.0050450621846830227 -0.046707051005187482 -0.0069164773579195767 0.00062840494714408977 -0.068216540350135066 0.0055919586507862957 -0.058604445420980922 -0.0013981644800994287 -0.029040929169993204 -0.012078620010958913 -0.2566044033467918 -0.10328468529248351 -0.013993190349125228 -0.014930214795748629 -0.014091901530317082 -0.032423589981919021 0.00017456861528585249 -0.042512534511628709 -0.015575331836268417
leaf_weight=78 79 103 495 78 78 105 153 89 320 95 78 78 94 78 86 87 130 125 113 116 83 78 83 95 78 98 80 79 79 95 192 134 408 132 8154 776 127 103 79 172 88 731 129
leaf_count=78 79 103 495 78 78 105 153 89 320 95 78 78 94 78 86 87 130 125 113 116 83 78 83 95 78 98 80 79 79 95 192 134 408 132 5694 760 127 103 75 172 84 731 129
internal_value=-0.00041404 0.00360541 0.00303983 0.00269051 0.00348353 0.00618347 0.00432434 0.0140869 0.00186674 0.00275752 0.00200945 0.00599427 0.00104285 0.00447325 0.0103755 0.00254434 -0.00169621 -0.000831176 0.00149291 0.00319611 0.00516024 0.00220964 -0.000230497 -0.000689776 0.00218963 0.00102296 0.00391689 -0.000610767 -0.00145776 -0.00194369 -0.000548462 -0.00116403 -0.00153915 -0.00104678 -0.0019917 -0.00147901 8.11287e-05 -0.0008858 -0.00188964 -0.00173151 -0.000977876 -0.00196482 -0.00169091
internal_weight=14731 3561 3458 3380 2760 1031 837 194 1729 1409 1314 254 1060 345 164 684 11170 620 597 390 274 191 1617 1458 305 176 159 715 1153 9553 322 621 542 210 9231 1077 222 181 855 1070 260 810 207
internal_count=12247 3561 3458 3380 2760 1031 837 194 1729 1409 1314 254 1060 345 164 684 8686 620 597 390 274 191 1613 1454 305 176 159 715 1149 7073 322 621 542 210 6751 1057 222 181 835 1066 256 810 207
is_linear=0
shrinkage=0.0686502


Tree=6
num_leaves=49
num_cat=0
split_feature=5 26 63 26 44 34 26 3 57 30 59 9 63 37 10 0 30 34 38 53 20 19 54 34 26 44 19 51 36 45 9 32 62 1 26 27 0 48 1 19 24 31 43 16 1 5 1 10
split_gain=11.6176 6.99033 2.46563 2.26466 3.01989 2.82399 2.15037 1.70792 1.58091 1.23401 1.22015 1.17262 1.1091 1.02567 0.838358 0.829889 1.42952 0.821875 0.865519 0.783912 0.59868 0.503632 0.398764 0.600917 0.504404 0.577071 0.21333 0.179414 0.160122 0.135116 0.129624 0.168585 0.119359 0.10644 0.105749 0.305203 0.0840715 0.03642 0.0554486 0.0360729 0.0335064 0.0260639 0.0106086 0.0282774 0.00771834 0.00756143 0.0041232 0.00247927
threshold=-0.5 96.450000000000017 -2.2848942294908681 93.15000000000002 1.8481437994790906 0.54010230146596905 94.050000000000011 0.98750000000000016 1005.7500000000001 92.050000000000011 3.5050000000000003 -0.8779519545588893 -0.38895724945783522 30.123269641500706 0.16704543776228128 1.8150000000000002 92.850000000000009 0.27722066602802803 2.8382811532220842 0.97650000000000003 25.054983674071462 36.891412762308526 0.9425 0.69953601295335022 91.950000000000017 1.7348457424878558 33.71683780195044 2957.8260000000005 1.0901933000901511 2441.6730000000002 -0.93535928755917819 -1.4799999999999984 27.856403735264966 3.9950000000000006 91.350000000000009 91.450000000000017 3.5750000000000006 346.45000000000005 0.80500000000000016 33.470636976277568 30.105000000000004 -1.2156078501478367 26.918125000000003 26.716061688244334 17.155000000000005 -0.98296291314453399 1.5250000000000001 -0.99862982478704421
decision_type=2 2 2 2 2 2 2 2 2 2 2 2 2 2 2 2 2 2 2 2 2 2 2 2 2 2 2 2 2 2 2 2 2 2 2 2 2 2 2 2 2 2 2 2 2 2 2 2
left_child=1 2 7 11 8 6 -6 -1 10 27 21 12 -4 -12 33 16 19 18 -11 -13 -17 28 42 24 32 26 -26 30 -5 36 31 -2 -24 -14 37 -36 -19 40 -39 -37 44 -28 43 -22 -32 -34 -21 -29
right_child=9 -3 3 4 5 -7 -8 -9 -10 17 13 15 14 -15 -16 20 -18 29 -20 46 22 -23 23 -25 25 -27 41 47 -30 -31 34 -33 45 -35 35 39 -38 38 -40 -41 -42 -43 -44 -45 -46 -47 -48 -49
leaf_value=0.09651465718683587 -0.055849900586551274 0.13187262388344986 0.096365806069350635 -0.0093877968048816651 0.092096495973162301 0.0054266539667060043 0.1181191035919326 0.035182203560120993 0.046616219330452138 -0.0045206388629253965 0.085233803497731672 0.054100617983833039 -0.0076059663314043003 -0.0004216950047863216 0.033416322920933564 0.055292279266757643 0.058914965677398852 -0.042755940594545717 0.057424016090165605 -0.010964630685166534 -0.09801879023879792 0.053204383470221765 -0.00165241552719236 0.073779192524582912 0.0072598589373341019 -0.0029189131539333361 -0.0021967091139833356 -0.17555571836393344 0.0068579489759225702 0.0028729864395331066 -0.057819949830237416 0.004519109897265311 -0.053787830713357999 -0.042474813069959566 0.012676987338391075 -0.048847858807716547 -0.023645001650949984 -0.19679051488173838 -0.017110646892222331 -0.020244542666680451 -0.21893618588258945 -0.010219664677711028 -0.026385297201659035 -0.011116974437436632 -0.1466869858804471 -0.041292598026191021 -0.060940205928327877 -0.32823342195091626
leaf_weight=84 104 79 79 345 78 102 108 79 88 100 84 108 78 113 101 82 100 244 148 78 120 82 144 103 80 98 78 146 114 122 1261 148 78 99 125 274 78 86 78 81 98 102 539 78 85 446 133 7473
leaf_count=84 104 79 79 345 78 102 108 79 88 100 84 108 78 113 101 82 100 244 148 78 120 82 144 103 80 98 78 122 114 122 1237 148 78 99 125 274 78 86 74 81 90 102 539 78 85 446 133 5049
internal_value=-0.000497916 0.00261593 0.0022108 0.00185569 0.00446229 0.0105034 0.0155086 0.0104512 0.00233503 -0.0016914 0.00127972 0.00078599 0.00444607 0.00588599 0.00235452 0.000229394 0.00299688 0.00110524 0.00426148 0.000718564 -0.000364972 -0.000399168 -0.000621419 0.00018547 -0.000314307 0.00175408 3.25752e-05 -0.00188638 -0.00129625 -0.000654081 -0.00135234 9.8613e-05 -0.00143199 -0.000474766 -0.0015299 -0.000616579 -0.00139746 -0.00179849 -0.000765194 -0.00165136 -0.00191136 -0.00125769 -0.00186249 -0.00133006 -0.00200248 -0.00191328 -0.00169785 -0.00204942
internal_weight=14731 4080 4001 3838 1114 288 186 163 826 10651 738 2724 357 197 278 2367 419 692 248 319 1948 541 1866 1129 1026 358 260 9959 459 444 2340 252 668 177 2088 480 322 1608 164 355 1444 180 737 198 1346 524 211 7619
internal_count=12247 4080 4001 3838 1114 288 186 163 826 8167 738 2724 357 197 278 2367 419 692 248 319 1948 541 1866 1129 1026 358 260 7475 459 444 2304 252 668 177 2052 480 322 1572 160 355 1412 180 737 198 1322 524 211 5171
is_linear=0
shrinkage=0.0686502


Tree=7
num_leaves=46
num_cat=0
split_feature=50 26 63 38 26 44 57 10 43 9 37 30 9 44 32 44 31 60 10 51 57 35 63 37 28 18 9 30 56 39 26 63 37 63 24 10 28 50 62 29 62 19 0 21 10
split_gain=12.2103 4.88411 3.64327 1.66622 2.23928 2.50246 1.6418 1.09747 1.37496 1.09283 2.55902 0.952815 0.883021 0.780105 0.598629 1.13099 0.480812 0.470638 0.8101 0.433231 0.353323 0.341495 0.302016 0.524628 0.265087 0.442843 0.854336 0.153344 0.227396 0.45769 0.480803 0.144495 0.10644 0.0905364 0.084901 0.0755456 0.0450375 0.0418257 0.121188 0.0402848 0.0355895 0.00827425 0.00518204 0.00517031 0.0024203
threshold=1.1333333333334663 96.450000000000017 -2.3468463640798194 3.2569410732261272 94.050000000000011 1.8805638845387243 1006.1500000000002 -0.86955717898714324 27.998541666666672 -0.90149333598846371 30.539358969565644 93.750000000000014 -0.43664718845046341 2.3515695827709213 -0.62499999999999989 1.6290567809679828 -1.1540591665319615 13.730000000000002 0.76663042157996963 2957.8260000000005 1005.35 29.998993448157876 -0.74527482471620654 31.273902057171529 75.950000000000017 35.188698492092875 -0.66484924122790601 91.250000000000014 1003.7500000000001 26.638333333333339 93.15000000000002 -0.52431114390505573 32.358710385750356 -0.90910634288133518 29.775000000000002 0.98662138620987927 83.950000000000017 132.30000000000004 32.856490933156188 79.750000000000014 32.915567744076853 34.68194965248064 2.8950000000000005 26.565000000000001 -0.99862982478704421
decision_type=2 2 2 2 2 2 2 2 2 2 2 2 2 2 2 2 2 2 2 2 2 2 2 2 2 2 2 2 2 2 2 2 2 2 2 2 2 2 2 2 2 2 2 2 2
left_child=1 2 -1 9 6 16 7 8 -5 10 -4 19 -13 20 15 -11 -6 22 32 24 33 -12 23 -16 37 27 -27 34 29 30 -29 -28 -19 -9 40 36 -24 38 39 -2 41 -26 -30 -21 -45
right_child=11 -3 3 4 5 -7 -8 13 -10 14 21 12 -14 -15 17 -17 -18 18 -20 43 -22 -23 35 -25 25 26 31 28 42 -31 -32 -33 -34 -35 -36 -37 -38 -39 -40 -41 -42 -43 -44 44 -46
leaf_value=0.088060200348674789 -0.05855726218922274 0.12535954350736542 0.12139414858080759 -0.0033540367699415549 0.056539853323430617 0.10162289393554653 0.11431393194874913 -0.007187095188699799 0.069705118684419684 0.088597730008690548 -0.016255953608063072 0.027970369710642221 -0.051744419692132386 0.059628145320585683 -0.010879978932134328 -0.026508828050848369 -0.0022907728701629031 -0.051253539936836061 0.013621501705929236 -0.088645248021303163 0.013491669061174582 0.01233261718781885 -0.0088672858445450857 0.12243138025278306 -0.03294902631562896 0.017847782859342885 0.0082220638460006185 0.0072256112933273284 -0.0039434607431254173 -0.0089963777581608898 -0.0017868923795002017 -0.050563319462368438 0.0033719052720505484 -0.029086097752141112 -0.014276890732116757 -0.0070594326777528435 -0.016757936935046486 -0.10139989557939182 0.0011732521697630468 -0.023007516130046743 -0.04144124379468269 -0.045205532853097932 -0.019916672997171401 -0.16391569074542914 -0.32154017076970642
leaf_weight=121 351 103 78 87 93 153 102 81 138 148 109 142 114 81 127 136 86 99 83 108 95 79 78 79 675 95 95 137 78 151 84 132 78 415 78 90 714 991 86 78 86 78 181 147 7391
leaf_count=121 351 103 78 87 93 153 102 81 138 148 109 142 114 81 127 136 86 99 83 108 95 79 78 79 675 95 95 137 78 151 84 132 78 415 78 90 714 959 86 78 86 74 181 123 4967
internal_value=-0.000563154 0.00300747 0.00254868 0.002105 0.0039669 0.00884564 0.00232993 0.00137646 0.00550985 0.000794557 0.00486282 -0.00165708 0.00246506 -8.56593e-06 0.000124575 0.00298325 0.00325447 -0.000476376 0.00213325 -0.00175361 -0.000886926 0.000465321 -0.00110678 0.00123906 -0.00110176 -0.000551127 0.00175405 -0.00103518 -0.000201252 0.000875786 0.00286836 -0.000521109 -0.000474766 -0.00162904 -0.00160212 -0.00166171 -0.00187615 -0.00178083 -0.00124609 -0.00172152 -0.00180472 -0.00195767 -0.0017645 -0.00204048 -0.00204931
internal_weight=14731 3453 3350 3229 1331 332 999 897 225 1898 266 11278 256 672 1632 284 179 1348 260 11022 591 188 1088 206 3376 1870 322 1548 631 372 221 227 177 496 917 882 792 1506 515 429 839 753 259 7646 7538
internal_count=12247 3453 3350 3229 1331 332 999 897 225 1898 266 8794 256 672 1632 284 179 1348 260 8538 591 188 1088 206 3340 1866 322 1544 631 372 221 227 177 496 913 882 792 1474 515 429 835 749 259 5198 5090
is_linear=0
shrinkage=0.0686502


Tree=8
num_leaves=46
num_cat=0
split_feature=50 26 63 9 44 0 37 16 30 36 44 43 38 4 58 20 23 38 51 57 63 9 37 20 60 63 19 49 37 1 30 0 10 0 10 19 47 29 63 16 2 28 16 33 3
split_gain=10.6348 4.26723 3.29625 1.65238 3.35855 3.56051 2.18677 0.937092 0.923467 0.841136 0.679104 1.1189 1.50791 0.59242 0.54812 1.24893 0.431021 0.382809 0.375067 0.352876 0.391827 0.268637 0.554373 0.213205 0.616779 0.142598 0.504563 0.137096 0.122053 0.10611 0.09442 0.174615 0.0919429 0.0777901 0.0687438 0.0532476 0.0477314 0.0469206 0.0406847 0.0539993 0.00723685 0.0331993 0.00710247 0.00670141 0.0065446
threshold=1.4333333333334661 96.450000000000017 -2.7401397980519415 -0.32533907195844763 1.8974889727229833 2.7150000000000003 29.797485242349847 24.729172916602824 93.550000000000011 1.3245764152423549 1.4889211333289052 27.841875000000005 3.3411861327752108 1004.2500000000001 2.7050000000000005 27.314462929546924 27.315000000000001 3.5511342491806532 2957.8260000000005 1004.1500000000002 -0.23889586974364715 -0.93535928755917819 32.109582701912089 26.770102375448925 0.90500000000000014 -0.90910634288133518 35.601322004270486 214.50000000000003 32.971524142843506 13.445000000000002 90.550000000000011 2.3650000000000007 0.78827585631460517 3.0750000000000006 0.94415253529446119 33.20159827775025 10.100000000000001 92.450000000000017 -0.90910634288133518 28.08704914199804 45.600000000000009 75.250000000000014 31.783532741135708 27.420772082197967 0.7965000000000001
decision_type=2 2 2 2 2 2 2 2 2 2 2 2 2 2 2 2 2 2 2 2 2 2 2 2 2 2 2 2 2 2 2 2 2 2 2 2 2 2 2 2 2 2 2 2 2
left_child=1 2 -1 4 6 -6 -4 -5 18 14 16 12 -12 -10 15 -9 32 -14 21 20 -17 22 27 24 33 26 29 -2 -13 36 37 -32 -8 -16 42 -15 -23 -27 39 -25 41 -20 -33 -42 -22
right_child=8 -3 3 7 5 -7 10 9 13 -11 11 28 17 35 23 19 -18 -19 40 -21 44 25 -24 38 -26 30 -28 -29 -30 -31 31 34 -34 -35 -36 -37 -38 -39 -40 -41 43 -43 -44 -45 -46
leaf_value=0.10856414914785857 0.000519145147121179 0.11675358379481386 0.064769354653860092 0.11174861237556519 0.071103274235527689 0.10194542526477907 -0.018321271578536639 0.052172223962978583 0.021374578455602512 0.081770410895540893 0.086858547964983573 -0.017688552265339341 -0.007772378035882271 -0.03441882119287501 -0.015105265102640493 0.07770178627124763 0.011485980356674941 0.015283477608217294 -0.25616613353282069 0.015258517404080857 -0.053654487655959815 -0.025164069314842413 0.0065796950933028142 -0.0041142280386891094 0.014334023992721791 -0.066200304583185668 0.010721242501412376 -0.048055660891680813 0.015202222201369688 -0.0098968647103781626 0.0015245092860339919 -0.017175425443915732 -0.00076274375976915316 -0.034068158196615295 -0.0046789071027748697 -0.0048840143532129033 -0.020914984642575296 -0.084772187346297032 -0.023985955711647224 -0.0048100900404746214 -0.12179326113020811 -0.0021605446303413307 -0.072655400968517109 -0.30422159883841199 -0.022335245482288178
leaf_weight=78 107 103 147 106 133 105 359 116 136 94 112 140 78 80 78 135 79 79 232 124 78 369 78 82 79 1385 82 171 79 130 116 360 78 188 144 78 132 79 546 78 97 83 78 7233 287
leaf_count=78 107 103 147 106 133 105 359 116 136 94 112 140 78 80 78 135 79 79 196 124 78 369 78 82 79 1349 82 171 79 130 116 360 78 188 144 78 132 79 546 78 97 79 78 4825 287
internal_value=-0.000623731 0.00264188 0.00222622 0.00189873 0.00371552 0.0111198 0.00216797 0.000626884 -0.00166548 0.000268354 0.0010108 0.0028451 0.00580141 0.00211547 -6.33479e-05 0.00136331 -0.000716968 0.00139261 -0.00176844 0.000132162 -0.00067413 -0.00114374 0.000623056 -0.00107329 0.000311914 -0.00136454 -0.000510622 -0.000801878 -0.000776702 -0.00117818 -0.00164321 -0.000968156 -0.00157111 -0.00125884 -0.00145716 -0.000716487 -0.00163332 -0.00196023 -0.00175682 -0.000733125 -0.0020315 -0.00159976 -0.00188467 -0.00204902 -0.00184984
internal_weight=14731 3561 3458 3380 1389 238 1151 1991 11170 1885 1004 488 269 294 1791 740 516 157 10876 624 500 3231 356 1051 345 2875 713 278 219 631 2162 698 437 266 582 158 501 1464 706 160 7645 315 438 7330 365
internal_count=12247 3561 3458 3380 1389 238 1151 1991 8686 1885 1004 488 269 294 1791 740 516 157 8392 624 500 3195 356 1051 345 2839 713 278 219 631 2126 698 437 266 582 158 501 1428 706 160 5197 275 438 4922 365
is_linear=0
shrinkage=0.0686502


Tree=9
num_leaves=48
num_cat=0
split_feature=50 63 26 63 38 57 10 9 0 43 59 47 9 38 0 9 44 56 38 45 63 1 24 3 43 57 31 63 9 11 63 18 10 3 22 10 36 29 38 6 36 23 21 27 0 3 29
split_gain=9.26709 3.39208 2.7297 1.33892 2.26801 1.18188 1.68254 1.78635 2.50376 3.97069 2.25593 0.778306 0.692311 0.709028 0.532119 0.522522 0.591748 0.801229 0.507209 0.955411 0.386263 0.244303 0.208175 0.444642 0.222878 0.190786 0.160516 0.1242 0.291127 0.0899235 0.0836979 0.277733 0.0850767 0.0715263 0.0672286 0.0520939 0.0495976 0.041208 0.0398448 0.0603135 0.0289183 0.0225101 0.007796 0.00518204 0.00516393 0.00505231 0.00466708
threshold=1.4333333333334661 -2.3468463640798194 96.450000000000017 1.1397214687594117 2.8382811532220842 1006.2500000000001 -0.20089055513063514 -0.3171883513140959 3.1350000000000002 27.998541666666672 2.3050000000000002 45.100000000000009 -0.78297285307474518 3.6525695694663072 2.6850000000000005 -0.93535928755917819 1.6380183930939214 1002.6500000000002 2.7411290811854401 2433.1930000000002 -1.506504094551534 1.3250000000000004 30.015000000000004 0.98950000000000016 26.436458333333338 1002.35 0.39704052184252353 0.55451070875950326 -0.2760944163666606 10.500000000000002 -0.90910634288133518 34.991810835446692 0.68389408864483059 0.97850000000000004 25.055000000000003 -0.99862982478704421 1.0026772730353037 88.850000000000009 4.2314351609057663 -0.78656609248549325 0.24016464904697618 26.505000000000006 28.765000000000004 92.950000000000017 2.4250000000000003 0.92450000000000021 78.15000000000002
decision_type=2 2 2 2 2 2 2 2 2 2 2 2 2 2 2 2 2 2 2 2 2 2 2 2 2 2 2 2 2 2 2 2 2 2 2 2 2 2 2 2 2 2 2 2 2 2 2
left_child=1 -1 3 4 20 6 7 8 9 12 -9 15 13 -6 -8 16 17 -2 19 -5 -3 29 24 -24 -23 -12 30 37 -29 38 31 44 42 43 -13 -36 -20 -22 -17 -40 -37 -14 -32 -16 -26 -27 -42
right_child=11 2 -4 18 5 -7 14 10 -10 -11 25 34 41 -15 33 21 -18 -19 36 -21 27 22 23 -25 26 45 -28 28 -30 -31 32 -33 -34 -35 35 40 -38 -39 39 -41 46 -43 -44 -45 -46 -47 -48
leaf_value=0.080713063460333981 -0.0027223559373934915 0.076970108019904004 0.10873842507357036 0.042252006167265509 0.064466190394870379 0.092842417878068823 0.032283678761451044 0.082023281509809684 0.10304962880608155 0.09478621355436409 0.0005194759671044236 -0.21124619136974557 -0.024145578029969951 -0.012870825111885009 -0.069697861448928727 -0.049573483479255019 -0.06041873958596515 0.019987384444400642 -0.0099083281706218839 -0.029074023019775828 -0.012774780966967573 0.0049831946416580937 -0.054052395183114152 0.037375308690623464 -0.042500360542484968 -0.0026499739910178376 -0.00010386917928470436 0.0024488279290687679 -0.02725534816889295 -0.0058944711964679748 -0.035063275508248989 0.0048652598434267306 -0.00086124943967006643 -0.0015163034415865174 -0.14811588298737302 -0.18681437051504166 -0.0057907427541845176 -0.024612106413532495 -0.14810858362877652 -0.0058850061425169773 -0.23109363366773761 -0.016262418184207084 -0.16177402132463053 -0.047699366222726435 -0.014343315328272547 -0.020680098395772242 -0.2227760732102845
leaf_weight=142 106 79 83 151 98 126 155 124 85 94 109 121 79 84 181 1001 147 104 476 158 393 87 90 115 78 78 86 90 116 80 563 154 137 117 155 122 135 78 101 78 113 78 79 78 180 174 7473
leaf_count=142 106 79 83 151 98 126 155 124 85 94 109 121 79 84 181 985 147 104 476 158 393 87 86 115 78 78 86 90 116 80 563 154 137 117 131 98 135 78 101 78 65 78 71 78 180 174 5113
internal_value=-0.00063771 0.00241063 0.00197402 0.00166294 0.00251163 0.0039305 0.00339371 0.00504632 0.00784831 0.0056783 0.00202858 -0.00161018 0.00216857 0.00503875 0.000257105 -0.000700061 0.00176472 0.00409876 -0.000560563 0.0016926 -0.000598553 -0.00101368 -0.000436878 0.00158758 -0.000746312 -0.000711056 -0.000979137 -0.00113675 0.000246237 -0.00172649 -0.00118908 -0.000379256 -0.00160921 -0.00112841 -0.00197251 -0.00199736 -0.00170987 -0.00175157 -0.00187826 -0.00087279 -0.00202282 -0.0011413 -0.0019401 -0.0017645 -0.00176336 -0.00175635 -0.00204033
internal_weight=14731 3561 3419 3336 2416 1660 1534 1003 518 433 485 11170 339 182 531 3186 357 210 920 309 756 2829 1569 205 1364 361 1277 677 206 1260 1191 412 779 376 7984 7863 611 471 1180 179 7708 157 642 259 258 252 7586
internal_count=12247 3561 3419 3336 2416 1660 1534 1003 518 433 485 8686 339 182 531 3158 357 210 920 309 756 2801 1557 201 1356 361 1269 677 206 1244 1183 412 771 376 5528 5407 611 471 1164 179 5276 157 634 259 258 252 5178
is_linear=0
shrinkage=0.0686502


Tree=10
num_leaves=50
num_cat=0
split_feature=50 63 26 26 38 63 10 9 9 9 20 20 59 57 30 61 0 9 35 58 10 1 10 20 61 37 9 9 53 56 38 30 42 9 10 63 11 29 54 1 19 29 19 5 9 42 30 4 0
split_gain=8.31283 4.00908 2.4309 1.25455 1.15299 2.01706 1.14307 2.002 2.78442 2.09793 1.64162 1.40622 1.39558 1.07747 0.561133 0.785855 0.491085 0.451274 0.44757 0.386116 0.696098 0.414616 0.672572 0.366341 0.449475 0.904062 0.917954 0.182188 0.174001 0.156469 0.150707 0.14678 0.213188 0.130921 0.130534 0.195832 0.158139 0.0960461 0.0908747 0.0778413 0.0495919 0.0397593 0.0848428 0.0232843 0.00785102 0.00444203 0.00419576 0.00417664 0.00368854
threshold=1.0000000180025095e-35 -2.3468463640798194 96.450000000000017 91.350000000000009 2.8731010812802618 1.1397214687594117 -0.20089055513063514 -0.3171883513140959 -0.57023701209772126 -0.73831951690629072 27.26870936050064 26.302728568705415 2.3050000000000002 1006.6500000000002 93.850000000000009 3.7550000000000003 2.6550000000000007 -0.92913280730858783 33.286390726426951 1.5950000000000004 -0.70862667826445969 14.755000000000001 0.76663042157996963 33.014368776803231 3.8750000000000004 32.165182562541474 -0.48250327361223916 -0.96230016621822456 0.98250000000000004 1000.5500000000001 3.1637972307479387 89.65000000000002 0.45384283927451569 -0.48250327361223916 -0.90146829171281539 -0.96776465642379061 11.500000000000002 66.950000000000017 0.96550000000000014 5.245000000000001 27.359892785389892 83.750000000000014 34.070944118832507 -0.5 -0.7721494341254892 0.19848592929725661 87.950000000000017 1005.0500000000001 2.8650000000000007
decision_type=2 2 2 2 2 2 2 2 2 2 2 2 2 2 2 2 2 2 2 2 2 2 2 2 2 2 2 2 2 2 2 2 2 2 2 2 2 2 2 2 2 2 2 2 2 2 2 2 2
left_child=1 -1 4 23 17 6 7 8 9 10 11 -6 -9 16 18 -16 -8 -3 27 20 -19 44 -23 24 29 31 -27 -5 -14 -2 -18 40 -33 -7 35 -29 41 -31 -34 -39 -26 42 -36 -25 -21 -45 -47 -44 -30
right_child=3 2 -4 14 5 33 13 12 -10 -11 -12 -13 28 -15 15 -17 30 19 -20 21 -22 22 -24 43 25 26 -28 34 48 37 -32 32 38 -35 36 -37 -38 39 -40 -41 -42 -43 47 45 -46 46 -48 -49 -50
leaf_value=0.095053536579720266 -0.0043733127497607915 0.060901791353292781 0.10127350872809561 0.027357568207506063 0.034629649777981678 0.00034843626112563011 0.035588914605400583 0.076706150943681981 0.078934031179684019 -0.022316933310566077 0.014507172898735522 0.08836143641812691 0.00023590099981158694 0.088947090084761649 0.053258186646488903 -0.014978532326190565 -0.0012652513268549693 0.098118703249912675 0.019409514714394348 -0.058971357076020213 -0.017766022950497978 -0.048482139448671371 0.010449380811795146 -0.073010791219757065 -0.051407569259547869 0.021855285626744107 -0.064734012822799336 -0.0048864985786185797 -0.035845160520426404 -0.038234270465725112 -0.022542173127291835 0.013422685034772956 0.0013727743955903409 -0.011803761572264546 0.0028934477976559183 0.0040366129879173644 0.00063072939619998451 -0.068403980798722883 -0.040465576600806984 -0.030186715698968136 -0.041738713467885998 -0.031180004768732984 -0.0088689681448658863 -0.26528644290746795 -0.015111605332502939 -0.3437547529914825 -0.12694172312177007 -0.021234364303968595 -0.0019638180939723442
leaf_weight=122 126 94 82 89 78 132 145 108 97 113 84 100 106 81 78 100 78 83 93 79 82 98 79 144 128 88 87 94 118 81 255 93 97 324 97 90 131 1757 136 108 363 368 135 115 582 6736 121 78 78
leaf_count=122 126 94 82 89 78 132 145 108 97 113 84 100 106 81 78 100 78 83 93 79 82 98 79 144 128 88 87 94 118 81 255 93 97 324 97 90 131 1757 136 108 363 368 135 107 582 4260 121 78 78
internal_value=-0.000628391 0.00246721 0.00197744 -0.00148743 0.0016525 0.00267645 0.00393567 0.00547561 0.00852096 0.0057763 0.00913738 0.0128486 0.00193951 0.00148879 0.000473101 0.00404924 0.000226819 -0.000114622 -6.85087e-05 -0.000547732 0.00246407 -0.00115017 0.00177514 -0.00174854 -0.00111625 8.04418e-05 0.00454219 -0.000467875 -0.000448868 -0.00169136 -0.00121397 -0.000875199 0.00023986 -0.00129125 -0.000739632 0.000889983 -0.00111763 -0.00184379 -0.000853307 -0.00194478 -0.00162467 -0.00154227 -0.000931097 -0.00201977 -0.00194352 -0.00203864 -0.0020483 -0.00170122 -0.00167037
internal_weight=14731 3198 3076 11533 2994 1897 1441 882 472 375 262 178 410 559 1353 178 478 1097 1175 1003 165 838 177 10180 3064 992 175 1082 302 2072 333 817 326 456 993 184 809 1946 233 1865 491 678 310 7116 661 6972 6857 213 196
internal_count=12247 3198 3076 9049 2994 1897 1441 882 472 375 262 178 410 559 1353 178 478 1097 1175 1003 165 838 177 7696 3064 992 175 1082 302 2072 333 817 326 456 993 184 809 1946 233 1865 491 678 310 4632 661 4488 4381 213 196
is_linear=0
shrinkage=0.0686502


Tree=11
num_leaves=49
num_cat=0
split_feature=50 63 4 42 20 10 10 10 63 9 17 26 3 30 10 9 59 29 4 16 20 38 9 26 61 40 61 43 10 16 26 31 39 22 20 44 43 56 1 24 29 28 28 39 63 10 31 7
split_gain=7.29082 2.2371 1.95706 1.7972 1.38995 1.64343 2.04965 2.01691 2.23943 1.70402 1.5921 1.1022 1.28122 0.631826 0.544459 1.47261 0.743431 0.476952 0.417827 0.510504 0.400505 0.358701 0.330961 0.301252 0.220714 0.343212 0.405259 0.352983 0.199399 0.217382 0.183892 0.137532 0.127991 0.321041 0.114802 0.164417 0.982327 0.204542 0.0807757 0.0790504 0.0664552 0.0610287 0.0605567 0.0443072 0.00783737 0.00573173 0.0204369 0.000329104
threshold=10.000000000000153 -2.2169558732851491 999.75000000000011 0.4055962673817386 28.61287959553265 -0.30900554811238695 -0.94695267581281539 -0.84291031405530259 -0.60580148716967652 -0.73831951690629072 25.054983674071462 92.750000000000014 0.96550000000000014 89.450000000000017 -0.86955717898714324 -0.3171883513140959 1.7050000000000003 68.850000000000009 1004.6500000000002 28.698620129181243 28.12870055897622 3.4301343503763086 -0.93535928755917819 91.550000000000011 4.7650000000000006 0.26229754097258756 16.895000000000003 27.433541666666674 0.98662138620987927 25.264483180918742 92.15000000000002 -1.5266123766862767 26.318333333333335 26.035000000000004 33.720382474860834 1.4390205841569186 27.85229166666667 1002.0500000000001 12.775 29.865000000000006 80.450000000000017 74.250000000000014 79.850000000000009 26.351666666666677 1.5370179000331297 0.85651926849515192 -0.65110492233097428 -0.98296291314453399
decision_type=2 2 2 2 2 2 2 2 2 2 2 2 2 2 2 2 2 2 2 2 2 2 2 2 2 2 2 2 2 2 2 2 2 2 2 2 2 2 2 2 2 2 2 2 2 2 2 2
left_child=1 3 -3 -1 5 6 21 8 -8 11 -7 -9 -13 30 15 -6 -17 -12 19 -15 28 -4 23 -16 39 -26 27 -27 29 -19 34 -31 33 -24 35 36 37 -2 -37 42 -18 -20 -21 -39 -43 -33 -47 -36
right_child=13 2 4 -5 14 10 7 9 -10 -11 17 12 -14 18 22 16 40 20 41 24 -22 -23 32 -25 25 26 -28 -29 -30 31 -32 45 -34 -35 47 38 -38 43 -40 -41 -42 44 -44 -45 -46 46 -48 -49
leaf_value=0.041810673250786072 0.0069695799426564642 0.08240304960543611 -0.046868053204177779 0.084853120660811091 0.054257470166322735 0.092374258441911827 0.095781521137300929 0.082190611002471839 0.083662677813299613 -0.0097828527114020031 0.033086590403559109 0.075928821166331401 0.0078588618417989604 0.015715929435546609 0.019395347774451309 0.041174371204099572 -0.02131824798602644 0.0080032751571463209 -0.041511181661374602 -0.045722418529262371 0.004324741501801563 -0.017251487833131497 -0.022692001516626314 -0.058317517847726298 -0.024139650083680571 0.015309983257272199 -0.016908134249470828 0.0016604389432315831 0.0055052848493298469 -0.020868360821071415 6.8628437033555782e-05 -0.011643814535973759 -0.028289446472846883 -0.0018347503849190953 -0.19426871996626552 -0.094118427545063693 0.016594558062757229 -0.053435644060605414 -0.019124034971463914 0.00094483577163855014 -0.060573077096523521 -0.018562070315085236 -0.0055135167378126187 -0.076667172000344924 -0.020200961185399057 -0.0019116544106255358 -0.0078069511631511197 -0.36307899473462413
leaf_weight=113 94 91 189 78 86 86 79 78 85 151 86 85 143 120 78 89 260 78 108 270 146 89 212 79 106 82 84 80 124 88 118 440 716 122 195 1384 78 78 103 99 96 516 104 623 78 100 147 6197
leaf_count=113 94 91 189 78 86 86 79 78 85 151 86 85 143 120 78 89 260 78 108 270 146 89 212 79 106 82 84 80 124 88 118 440 712 122 151 1372 78 78 103 99 96 516 104 623 78 100 147 3773
internal_value=-0.000661009 0.00175075 0.00140278 0.0089876 0.00116872 0.00231719 0.00457094 0.00676025 0.0132802 0.00437473 0.000745263 0.00731162 0.00481247 -0.00162797 -0.000278794 0.00154646 -4.21392e-05 9.38115e-05 -0.00038872 0.000549387 -0.000281699 -0.000310537 -0.00108698 0.0018259 -5.59895e-05 0.00123612 0.00264792 0.00464726 -0.000788212 -0.00116613 -0.00185739 -0.00151847 -0.00152939 -0.000397861 -0.00189387 -0.00147461 -0.00071552 -0.00144586 -0.00191564 -0.00102938 -0.00146044 -0.00165751 -0.00148916 -0.0018524 -0.00193047 -0.00184818 -0.00147393 -0.00204749
internal_weight=14731 4214 4023 191 3932 2194 899 621 164 457 1295 306 228 10517 1738 531 445 1209 1647 945 1123 278 1207 157 825 352 246 162 977 853 8870 775 1050 334 8752 2360 873 795 1487 473 356 702 374 701 594 687 247 6392
internal_count=12247 4210 4019 191 3928 2194 899 621 164 457 1295 306 228 8037 1734 531 445 1209 1647 945 1123 278 1203 157 825 352 246 162 977 853 6390 775 1046 334 6272 2348 873 795 1475 473 356 702 374 701 594 687 247 3924
is_linear=0
shrinkage=0.0686502


Tree=12
num_leaves=57
num_cat=0
split_feature=50 63 26 44 30 30 21 54 53 38 63 59 63 30 59 57 11 38 38 63 45 45 26 10 55 42 0 54 44 18 57 3 40 36 54 9 9 60 61 30 48 40 30 16 22 44 44 0 27 4 30 17 9 10 7 26
split_gain=6.37254 2.70931 1.51506 2.58996 2.88768 1.22971 0.997833 1.7054 0.66266 0.728288 0.893718 1.35781 0.774823 1.27929 0.419804 0.397153 0.422541 0.442426 0.554084 0.440621 1.05543 0.416212 0.325571 0.310573 0.282134 0.270241 0.375136 0.219269 0.188538 0.399728 0.738878 0.186055 0.138433 0.112881 0.102953 0.0977377 0.0794192 0.0850572 0.174143 0.0794112 0.0596194 0.0777037 0.165408 0.0408548 0.0360372 0.0348672 0.137858 0.025928 0.0235321 0.00803152 0.00683164 0.00655374 0.00586198 0.00583533 0.00492798 0.0329808
threshold=1.0000000180025095e-35 -2.4428688591493439 94.450000000000017 1.7672441026816788 94.250000000000014 89.850000000000009 24.995000000000001 0.39350000000000007 0.98950000000000016 2.8382811532220842 1.1397214687594117 2.3850000000000002 -0.55648529009316927 93.550000000000011 2.8950000000000005 1002.9500000000002 11.500000000000002 2.8382811532220842 3.020782513117521 -0.80544053259711557 2444.2195000000006 2340.5540000000005 85.750000000000014 0.84750952922804634 1001.0500000000001 0.27198651927438372 1.8650000000000004 0.98850000000000005 1.6380183930939214 35.144430730004991 1001.7500000000001 0.39850000000000008 0.20008331598077084 0.94207619356543149 0.99350000000000016 -0.26781182513105617 -0.32533907195844763 7.7150000000000007 2.6650000000000005 90.550000000000011 1.0000000180025095e-35 0.14571661996329241 86.750000000000014 26.568282417139944 26.055000000000003 1.1975865998408928 1.1607835231774652 3.3350000000000004 90.450000000000017 1005.9500000000002 85.850000000000009 29.480692564871354 -0.74981945761428159 -0.87792756428346708 -0.98296291314453399 80.850000000000009
decision_type=2 2 2 2 2 2 2 2 2 2 2 2 2 2 2 2 2 2 2 2 2 2 2 2 2 2 2 2 2 2 2 2 2 2 2 2 2 2 2 2 2 2 2 2 2 2 2 2 2 2 2 2 2 2 2 2
left_child=1 -1 6 14 -5 22 7 -3 25 23 11 -11 33 -14 -4 16 17 53 -19 20 35 -21 45 32 -24 34 -27 44 29 31 -31 -26 52 -13 -8 -20 37 38 -17 -23 41 -33 -43 -38 -28 46 50 -16 -12 -30 -2 -41 -10 -7 55 -47
right_child=5 2 3 4 -6 15 8 -9 9 10 48 12 13 -15 47 36 -18 18 19 21 -22 39 24 -25 28 26 27 -29 49 30 -32 40 -34 -35 -36 -37 43 -39 -40 51 -42 42 -44 -45 -46 54 -48 -49 -50 -51 -52 -53 -54 -55 -56 -57
leaf_value=0.08212356014887566 -0.19325362392746251 -0.066209197607513717 0.037584099918509556 0.047414699961860936 0.088555989329811693 -0.0056019601264942782 -0.017396115732385635 0.097330660228788599 -0.012502872875319371 0.066049394920760118 -0.0049459009998947178 -0.011332405995711765 0.048884330549915332 -0.0065843607573241505 -0.0091351169647477595 -0.064371691144943913 0.014736698272362968 0.002904765151326507 0.0079364787364440258 0.029840779634690319 0.038282368793853966 -0.0036186699842481042 0.026747434450063168 0.0050167589914725409 0.004753267535340863 0.023695417018739621 -0.005574627707125945 -0.00011019688961791166 -0.059783335549318292 -0.046326930144475045 0.001584143277183717 -0.021603711492979284 -0.0013800436054258204 0.0012421284202840943 -0.0010287290605197378 -0.071015408480934961 -0.011961647856083472 -0.018891467532720196 0.007420210664520077 -0.034185880003090086 -0.058363638923896191 -0.039174280161803139 -0.0015556795915300998 -0.031160427666568805 -0.039261693615046341 -0.1881099148319077 -0.0046307319990358644 -0.0074985032126248753 -0.0083915126271952092 -0.099883028926484957 -0.082478733341492819 -0.032843919925664718 -0.022026731996084119 -0.025146010537446736 -0.32935904613282208 -0.098851770433080022
leaf_weight=112 377 80 125 117 103 78 486 114 78 135 78 112 91 84 101 93 92 127 78 78 85 78 105 85 88 148 78 147 746 94 94 142 110 78 122 84 78 144 78 78 461 91 98 376 226 286 86 78 85 80 80 288 225 223 6560 87
leaf_count=112 329 80 125 117 103 78 486 114 78 135 78 112 91 84 101 93 92 127 78 78 85 78 93 85 88 148 78 147 710 94 94 142 110 78 122 84 78 144 78 78 457 87 98 376 226 238 82 78 85 80 80 288 225 223 4232 87
internal_value=-0.000693628 0.00201661 0.00163083 0.00499147 0.010641 -0.00144576 0.000939035 0.0056567 0.000547133 0.00171821 0.00320645 0.00464441 0.00243061 0.00570945 0.000854993 7.28059e-05 0.000811503 0.00045907 0.0012273 0.000521628 0.00290529 -0.000601205 -0.00177611 -0.00025622 -0.000991571 -0.000575703 0.000452081 -0.000524092 -0.00118594 -0.000575424 0.00227724 -0.0011935 -0.00104589 -0.000582379 -0.0015955 -0.000329324 -0.00115783 -0.000298091 0.000714231 -0.00142467 -0.00153006 -0.000795874 9.15818e-05 -0.00174008 -0.00158321 -0.00198496 -0.00141401 -0.00125325 -0.0011748 -0.00196665 -0.00189191 -0.00185041 -0.00180714 -0.00180547 -0.00202863 -0.00167098
internal_weight=14731 3198 3086 524 220 11533 2562 194 2368 1161 663 500 365 175 304 2058 1289 1197 896 769 247 522 9475 498 1999 1207 599 451 1894 1068 188 880 413 190 608 162 769 315 171 444 792 331 189 454 304 7476 543 179 163 826 457 366 303 301 6933 373
internal_count=12247 3198 3086 524 220 9049 2562 194 2368 1161 663 500 365 175 304 2058 1289 1197 896 769 247 522 6991 498 1943 1207 599 451 1850 1060 188 872 413 190 608 162 769 315 171 444 784 327 185 454 304 5048 491 179 163 790 409 366 303 301 4557 325
is_linear=0
shrinkage=0.0686502


Tree=13
num_leaves=54
num_cat=0
split_feature=21 10 10 50 0 60 44 25 4 43 37 44 18 29 44 43 59 63 52 45 38 38 43 37 36 57 38 62 26 57 25 2 43 10 37 1 19 53 53 16 8 47 20 53 45 59 16 22 5 1 0 17 29
split_gain=5.69743 2.3274 1.83557 1.78192 1.90576 2.50547 1.44661 1.18711 1.29974 0.892006 1.0841 0.787724 0.804331 0.686538 0.619713 1.02853 0.450846 0.337914 0.400055 0.458804 0.877386 0.315331 0.578049 0.450707 0.252033 0.230508 0.217436 0.19609 0.786584 0.227475 0.425747 0.152095 0.331376 0.333031 0.742487 0.144811 0.121623 0.0667676 0.11327 0.072584 0.0633106 0.0510557 0.0329267 0.0326835 0.0597125 0.0326599 0.0290345 0.0260639 0.0152819 0.0359963 0.00474898 0.00331186 0.0408978
threshold=26.305000000000003 -0.073092422389869308 -0.96227343267549392 1.0000000180025095e-35 2.8950000000000005 1.6250000000000002 1.4273004245513115 27.825000000000003 999.95000000000016 28.009791666666672 30.217573229068012 0.75317089766054945 25.436506507428529 69.750000000000014 1.6676945087276098 27.340625000000006 0.72500000000000009 -0.52431114390505573 0.99350000000000016 2411.5750000000003 3.3668726159577447 2.510245717587908 27.694375000000004 33.417649207524455 1.3133000413144902 1001.2500000000001 2.9819984534872863 25.14900322244754 92.850000000000009 1002.9500000000002 26.015000000000004 45.600000000000009 28.713958333333338 -0.72066714955386113 32.219673240845594 2.1550000000000007 35.643114957230353 0.9385 0.95650000000000002 29.313933629940731 0.98296291314453421 130.50000000000003 31.29308109583425 0.99150000000000016 2481.3010000000004 2.2850000000000006 34.296999642045826 26.035000000000004 -0.78656609248549303 0.93500000000000016 2.8950000000000005 28.773331199880825 86.15000000000002
decision_type=2 2 2 2 2 2 2 2 2 2 2 2 2 2 2 2 2 2 2 2 2 2 2 2 2 2 2 2 2 2 2 2 2 2 2 2 2 2 2 2 2 2 2 2 2 2 2 2 2 2 2 2 2
left_child=1 2 36 4 9 -6 -7 8 -2 10 -4 -3 -13 -14 15 -12 -10 18 19 26 24 22 41 -24 -21 -5 -18 28 -15 30 -29 32 33 46 -35 -27 50 -23 -39 -40 48 -19 -20 44 45 -41 -9 -37 49 -31 -1 52 -33
right_child=7 11 3 25 5 6 -8 31 16 -11 14 12 13 27 -16 -17 17 21 42 20 -22 37 23 -25 -26 35 -28 29 -30 40 -32 51 -34 34 -36 47 -38 38 39 43 -42 -43 -44 -45 -46 -47 -48 -49 -50 -51 -52 -53 -54
leaf_value=-0.032586798403463894 0.061108898394286217 0.0039060316646214329 0.064464803285163741 0.022182229780682034 0.10135438946739597 -0.018798894905072933 0.064271526605818988 -0.14332385100049883 0.059444218011021552 0.060118172180465217 -0.030475528283094317 0.081590037449478847 0.025481626168972579 -0.057283894636625782 -0.023402067210675084 0.072868986896232807 -0.00077470013067122321 -0.031234606274803928 -0.0053026519978511604 0.0070325766895446484 0.024752946204604699 -0.03331795396988619 0.024628782099540104 -0.017158617389144676 -0.02770142142399994 0.0018137923336280493 -0.089156104361733157 -0.0061579392680989496 0.029014079342704422 -0.0081596912655977037 0.004318969671878157 -0.067457000354633881 -0.10270080801704355 -0.16451579381406078 0.019685494983609851 -0.035006223488113393 -0.0010243544050120925 -0.0014759466014650578 -0.0014080108075566475 -0.040039233629583892 -0.00876571301228685 -0.082877144034175912 -0.036300403777470812 -0.01445018489722749 -0.0022535832910223772 -0.031415356311927017 -0.12151779230159677 -0.0061094183170120886 -0.013227693397262409 -0.0047702680242852451 -0.03856103504816983 -0.3401405436323901 -0.13247582442736341
leaf_weight=159 78 88 79 91 81 80 150 127 103 126 83 79 79 168 167 106 125 194 226 92 103 793 78 88 92 100 172 139 95 132 79 78 672 81 89 102 79 82 123 153 102 108 83 452 78 242 78 78 658 179 78 6406 378
leaf_count=159 78 88 79 91 81 80 150 127 103 126 83 79 79 168 167 106 125 194 226 92 103 793 78 88 92 100 172 139 95 132 79 78 600 81 89 102 79 82 123 153 102 108 83 452 78 242 78 78 658 179 78 3994 378
internal_value=-0.000721587 0.00176231 0.00370229 0.00488955 0.00658365 0.0108969 0.00712606 -0.00145529 -0.000393588 0.00416145 0.00265422 7.56951e-05 -0.00024966 -0.000582613 0.00100718 0.0036964 -0.000598361 -0.000740612 0.000394051 0.00145453 0.00340682 -0.00116655 0.000421761 0.00366704 0.000519782 0.000883667 -0.000421884 -0.000905237 0.000787658 -0.00125518 0.000745833 -0.00191962 -0.001135 0.00048766 0.00273257 -7.90415e-05 -0.000952426 -0.00155583 -0.00120282 -0.00139755 -0.0016678 -0.00135383 -0.00159088 -0.00160607 -0.00117408 -0.00151937 -0.00135479 -0.00125769 -0.00183885 -0.00137415 -0.00173728 -0.00203831 -0.00174147
internal_weight=14731 3357 1559 1243 872 311 230 11374 3465 561 435 1798 1710 1631 356 189 3387 3284 893 584 287 2391 468 166 184 371 297 1552 263 1289 218 7909 1047 375 170 280 316 1923 1130 1048 1071 302 309 925 473 395 205 180 969 311 237 6862 456
internal_count=12247 3357 1559 1243 872 311 230 8890 3465 561 435 1798 1710 1631 356 189 3387 3284 893 584 287 2391 468 166 184 371 297 1552 263 1289 218 5425 975 375 170 280 316 1923 1130 1048 1071 302 309 925 473 395 205 180 969 311 237 4450 456
is_linear=0
shrinkage=0.0686502


Tree=14
num_leaves=56
num_cat=0
split_feature=50 55 63 36 26 44 30 51 36 21 52 9 9 44 10 10 57 37 37 60 0 4 36 37 10 45 30 9 21 0 18 18 59 36 56 26 62 45 57 2 10 54 0 5 44 16 43 38 20 0 48 1 52 57 1
split_gain=5.22705 2.1838 1.89273 1.80768 1.21711 2.53895 3.05314 0.844094 0.570637 0.579256 1.20111 0.422545 0.493277 0.386865 0.366098 0.880869 1.0365 0.318672 0.304217 0.432847 0.36715 0.217805 0.26799 0.2146 0.543037 0.206603 0.165248 0.154842 0.69093 0.150609 0.266718 0.7838 0.144472 0.113766 0.108519 0.0867501 0.117642 0.116544 0.219469 0.0833868 0.0829022 0.120412 0.0636803 0.0475501 0.0418437 0.0554486 0.0413783 0.0320629 0.0311984 0.0289295 0.0113862 0.0328282 0.00856811 0.00626885 0.00267663
threshold=10.000000000000153 999.75000000000011 -2.1627624537286745 1.0098510992157508 94.450000000000017 1.7672441026816788 94.250000000000014 7063.5205000000005 1.4807959479703967 24.995000000000001 0.59850000000000014 -0.2760944163666606 -0.33346569090932177 2.3882380017460383 -0.84291031405530259 -0.91583036384466876 1003.6500000000002 29.324500038607219 30.09184362121356 13.730000000000002 2.7750000000000004 1002.6500000000002 0.9597169664686126 32.165182562541474 0.16704543776228128 2531.1925000000006 88.750000000000014 -0.94130860066615785 26.505000000000006 2.8150000000000004 35.036606404607859 35.843746729254114 2.8850000000000002 1.2318174390806076 1002.9500000000002 88.250000000000014 32.802313285328601 2367.9950000000003 1003.2500000000001 198.40000000000003 -0.090248267031647136 0.98650000000000004 3.3950000000000005 -0.60355339059327362 1.2512526691323707 31.946880654852446 26.943541666666672 2.472139164953826 34.206870339836712 3.4550000000000005 26.300000000000001 3.1050000000000004 0.38750000000000007 999.55000000000007 0.025000000000000005
decision_type=2 2 2 2 2 2 2 2 2 2 2 2 2 2 2 2 2 2 2 2 2 2 2 2 2 2 2 2 2 2 2 2 2 2 2 2 2 2 2 2 2 2 2 2 2 2 2 2 2 2 2 2 2 2 2
left_child=1 -1 3 -3 8 32 -7 11 9 10 -4 12 17 14 15 21 -17 -2 19 20 -16 43 34 29 26 35 48 28 -20 47 40 -32 -6 39 -23 44 37 38 -37 46 -31 -42 -22 -11 45 -13 -29 -19 -25 -34 51 -9 -48 -46 -40
right_child=7 2 4 -5 5 6 -8 50 -10 13 -12 25 -14 -15 18 16 -18 23 27 -21 42 22 -24 24 -26 -27 -28 33 -30 30 31 -33 49 -35 -36 36 -38 -39 54 -41 41 -43 -44 -45 53 -47 52 -49 -50 -51 -52 -53 -54 -55 -56
leaf_value=0.07490765313132397 0.013526478392634083 0.040105052334356892 -0.025943690984243633 0.065177251384009718 0.011695095843551589 0.04289753612628576 0.077007778953570041 -0.33743472246809542 0.035247385452768239 -0.01009217350583508 0.085473617512282718 -0.080369596773157248 -0.0034060538612233214 0.028093382080304055 0.013875760522962121 -0.035532325152224729 0.094172838840295314 -0.022108608839961567 -0.019116921880405962 0.017819732282088923 -0.0027299627898563512 0.0041653982962901268 0.014534751972388727 -0.068236374579377035 0.01290353398088466 -0.0059516898985180339 0.0015879983706555102 -0.004907372918238717 0.028190386427193567 -0.02743706987121387 0.017848196313263117 -0.046608257095730576 -0.012069109408592965 -0.032287864660053761 -0.02371510394274555 0.0012174976879945226 0.0069086551997480207 -0.028532498959445301 -0.023854751142278093 -0.0023342305098082365 -0.022943750713661091 0.0025292167569268991 -0.017115222428285011 -0.0063671002285665256 -0.046217780084946779 -0.060168290374527589 -0.062394975771406902 -0.045937231292057241 -0.026850518281174483 -0.003929357559271038 -0.37512147086987208 -0.051662707956370603 -0.015029775512433877 -0.11182434036645067 -0.03601343299572559
leaf_weight=94 96 116 126 81 131 139 101 171 87 242 96 86 100 83 99 124 86 96 185 84 95 78 103 150 88 117 79 81 79 237 83 105 126 99 103 86 140 411 78 85 80 90 218 120 94 78 79 450 78 78 6216 78 996 1140 90
leaf_count=94 96 116 126 81 131 139 101 159 87 242 96 86 96 83 99 124 86 96 185 84 95 78 103 150 88 89 79 81 79 237 83 105 126 99 103 86 140 411 78 81 80 90 218 120 74 78 79 450 78 78 3896 78 996 1044 90
internal_value=-0.000730906 0.00131104 0.00107144 0.00761574 0.000738802 0.00365308 0.0090203 -0.00154965 0.000235379 8.61514e-05 0.00346079 -0.000770329 3.81816e-05 -0.000160175 -0.000292572 0.000900247 0.00474812 -0.000247293 -0.000781553 0.000696116 -0.00021321 -0.000350337 0.0010592 -0.000491354 0.000878658 -0.00137582 -0.000474978 -0.00124195 0.000259677 -0.000970709 -0.000204191 0.00191486 -0.000198751 -0.00154164 -0.000509511 -0.00152638 -0.000942704 -0.00132616 -0.000146212 -0.00172139 -0.00119908 -9.62791e-06 -0.00137851 -0.00147033 -0.00185744 -0.000765194 -0.0018745 -0.00179376 -0.00142544 -0.00135136 -0.00203701 -0.0014786 -0.00198813 -0.00199732 -0.00160607
internal_weight=14731 4214 4120 197 3923 575 240 10517 3348 3261 222 4052 1732 3039 2956 856 210 1632 2100 496 412 646 284 1536 395 2320 307 1604 264 1141 595 188 335 1340 181 2203 805 665 254 1241 407 170 313 362 1398 164 1156 546 228 204 6465 249 1075 1234 168
internal_count=12247 4210 4116 197 3919 575 240 8037 3344 3257 222 3904 1728 3035 2952 856 210 1632 2096 496 412 646 284 1536 395 2176 307 1600 264 1141 595 188 335 1336 181 2087 805 665 254 1237 407 170 313 362 1282 164 1156 546 228 204 4133 237 1075 1118 168
is_linear=0
shrinkage=0.0686502


Tree=15
num_leaves=54
num_cat=0
split_feature=26 4 44 26 44 30 16 53 63 51 63 0 19 20 43 30 52 37 43 43 44 45 9 60 9 9 26 19 61 27 63 30 29 44 43 34 57 19 20 61 49 17 0 61 44 47 4 17 3 1 1 10 29
split_gain=4.34572 1.73709 1.67367 1.19146 2.31372 2.77835 0.711422 1.18482 0.503122 0.48035 0.414165 0.613449 0.42885 0.453031 0.906549 1.14373 0.711769 0.570316 0.443333 0.622738 0.37707 0.318302 0.623207 0.905971 0.296638 0.807449 0.440822 0.292019 0.261849 0.229673 0.172595 0.151456 0.145138 0.234776 0.119786 0.111473 0.103013 0.0938519 0.0915845 0.10016 0.0664137 0.047416 0.0417375 0.0345417 0.0328624 0.136984 0.0275096 0.00770406 0.00625635 0.0058487 0.00381065 0.00314994 0.00278145
threshold=88.65000000000002 999.75000000000011 2.4628512454494595 94.15000000000002 1.7672441026816788 94.15000000000002 25.557278268373022 0.59450000000000014 -0.60580148716967652 7595.3780000000015 0.23556287027872361 1.7850000000000004 30.624383190045041 28.001575280527877 27.466875000000005 93.65000000000002 0.98650000000000004 31.661777967213627 28.156458333333337 28.393958333333337 1.6380183930939214 2360.0460000000007 -0.66484924122790601 9.7450000000000028 0.1670500785599974 0.064507852084056461 89.65000000000002 35.804082545001641 13.730000000000002 93.750000000000014 0.13729434434686108 93.15000000000002 89.750000000000014 1.1975865998408928 27.594583333333336 0.61366582315890994 1002.4500000000002 36.963197706887961 27.573595179454735 12.775 349.85000000000008 28.039312184756017 3.8250000000000006 1.0000000180025095e-35 1.2449267299557001 401.65000000000003 1003.0500000000001 32.440728076399559 0.70650000000000002 2.2350000000000008 3.7550000000000003 -0.99463397642532658 80.050000000000011
decision_type=2 2 2 2 2 2 2 2 2 2 2 2 2 2 2 2 2 2 2 2 2 2 2 2 2 2 2 2 2 2 2 2 2 2 2 2 2 2 2 2 2 2 2 2 2 2 2 2 2 2 2 2 2
left_child=9 -2 3 6 28 8 7 -3 -6 20 11 -8 40 17 15 16 -15 42 34 -20 21 27 23 -23 25 26 -12 32 29 -5 36 38 -1 -34 -16 -18 -24 41 -22 51 -13 -28 -14 -26 45 -11 -35 -43 -36 -31 -32 -40 -46
right_child=1 2 -4 4 5 -7 10 -9 -10 44 24 12 13 14 18 -17 35 -19 19 -21 31 22 30 -25 43 -27 37 -29 -30 49 50 -33 33 46 48 -37 -38 -39 39 -41 -42 47 -44 -45 52 -47 -48 -49 -50 -51 -52 -53 -54
leaf_value=-0.034388034655226926 0.069588783921852082 -0.034079251634933722 0.070569064721056313 0.0052825826605391217 -0.04356303783576914 0.063386041584665681 0.048472655138074611 0.080446957381011944 0.037687705386474139 -0.030917466490687377 0.014667844358574895 -0.033838502056144394 -0.007795268147004009 0.0069248201447100798 0.0010571437788014909 0.053160362298610049 -0.038526888095829055 0.0076161173325797298 0.038339300443572893 -0.0060319602147101145 -0.00073405402051584178 0.022450516882658866 -0.041706091996914503 -0.0095814501219808543 -0.064386662262762934 0.0066571480736672736 -0.0039150775372028589 0.038124160325027162 0.024398544403592484 -0.01773178645646168 -0.05327418097510294 0.028094529821131288 0.0096392672825491126 -0.12005853272643557 -0.020552306427384599 0.0028147134413360501 0.014752768282784955 -0.002694110967385708 -0.04057049575542198 -0.0031397750108850503 -0.0035544560300014151 -0.011097706423646096 -0.0054675931333426015 -0.025717108411743538 -0.36964892459464432 -0.25757635052173705 -0.092889459223243723 -0.025513458918543081 -0.025472417180746783 -0.012035687324995553 -0.035805459980439339 -0.098003444192947223 -0.47230742216858868
leaf_weight=485 96 107 91 101 99 131 108 114 97 137 139 380 421 81 126 112 109 104 90 130 80 78 82 80 97 79 127 79 128 78 122 82 103 141 78 78 78 104 126 81 104 480 78 758 140 450 83 78 258 224 78 1372 5469
leaf_count=485 96 107 91 101 99 131 108 114 97 133 139 380 421 81 126 112 109 104 90 130 80 78 78 80 97 79 127 79 128 78 118 82 103 125 78 78 78 104 122 65 104 480 78 750 72 398 83 78 258 224 78 1248 3285
internal_value=-0.000744886 0.000807705 0.000639136 0.000475113 0.00281043 0.0073395 1.14512e-05 0.00379423 0.00210152 -0.00164001 -0.000191499 0.000432069 0.000174116 0.00069926 0.00155345 0.00423377 0.00175398 -0.000796629 4.66147e-05 0.0025806 -0.000945937 -0.000106789 0.00124022 0.00481552 -0.000949897 -0.000145275 -0.000721189 -0.000896476 0 -0.000851089 -0.000327455 -0.00162142 -0.00128989 -0.000153428 -0.00115306 -0.000558863 0.00132846 -0.00135435 -0.00176517 -0.00188058 -0.0016184 -0.00164755 -0.0017688 -0.00188964 -0.00199172 -0.00146228 -0.00141419 -0.00192217 -0.00183182 -0.00180631 -0.0016781 -0.00200826 -0.00204581
internal_weight=14731 5385 5289 5198 858 327 4340 221 196 9346 4119 2257 2149 1665 1062 380 268 603 682 220 3150 1409 518 158 1862 1007 928 891 531 403 360 1741 812 327 462 187 160 789 1659 1579 484 685 499 855 6196 587 224 558 336 302 200 1498 5609
internal_count=12247 5377 5281 5190 858 327 4332 221 196 6870 4111 2257 2149 1665 1062 380 268 603 682 220 2982 1385 510 158 1854 1007 928 875 531 403 352 1597 796 311 462 187 156 789 1515 1435 484 685 499 847 3888 531 208 558 336 302 196 1370 3357
is_linear=0
shrinkage=0.0686502


Tree=16
num_leaves=54
num_cat=0
split_feature=48 4 26 44 10 63 52 44 9 21 32 57 10 54 44 46 9 61 33 9 33 1 9 32 43 43 63 45 59 38 0 59 43 57 26 3 1 4 57 34 57 9 9 56 38 16 45 34 36 3 38 3 61
split_gain=4.21055 1.78535 1.39967 2.38075 2.1101 0.817528 0.910878 0.456107 0.483381 0.730923 0.450427 0.760528 0.520994 0.573457 0.370492 0.579256 0.701379 0.357645 0.320591 0.445052 0.724193 1.49907 0.369096 0.247154 0.245288 0.319102 0.238823 0.227162 0.14733 0.288641 0.146257 0.144052 0.138516 0.136612 0.125207 0.17384 0.120865 0.0781701 0.075124 0.0602589 0.056313 0.11334 0.0428455 0.160097 0.315664 0.0381166 0.0225791 0.00831242 0.00827857 0.00697585 0.00556357 0.00385684 0.00331137
threshold=1.0000000180025095e-35 999.75000000000011 94.450000000000017 1.7672441026816788 -0.55599684127981919 -2.2848942294908681 0.98650000000000004 2.446405149158918 0.69636977696931246 24.855000000000004 -0.59999999999999953 1004.35 -0.090248267031647136 0.96250000000000002 1.2665387042671761 27.625000000000004 0.10738035228456499 13.985000000000001 27.59053380780642 -0.55601228778889811 28.735849279045151 6.9750000000000005 0.073094453017891456 -1.3749999999999998 27.808541666666674 28.080208333333335 -1.1644325582066732 2330.0790000000006 2.7750000000000004 3.5213225840288338 1.9150000000000003 1.7650000000000003 26.436458333333338 999.75000000000011 88.950000000000017 0.99550000000000016 1.135 1002.2500000000001 1001.85 1.7014455916878779 1004.9500000000002 0.94130860066615818 -0.48250327361223916 1001.4500000000002 3.3826837367357152 25.803777281311913 2393.9895000000006 1.9568184642901112 1.9673347378678823 0.87550000000000006 3.2416068957765511 0.99750000000000016 17.155000000000005
decision_type=2 2 2 2 2 2 2 2 2 2 2 2 2 2 2 2 2 2 2 2 2 2 2 2 2 2 2 2 2 2 2 2 2 2 2 2 2 2 2 2 2 2 2 2 2 2 2 2 2 2 2 2 2
left_child=1 -1 5 17 -5 6 -3 8 9 -7 11 12 26 -14 15 23 -17 37 30 24 21 22 36 -2 -20 -26 -11 -28 49 -30 -12 -22 -25 -10 42 39 -21 -4 -33 -36 48 -42 43 44 -16 -32 47 -45 -35 -29 -40 -47 -44
right_child=14 2 3 4 -6 7 -8 -9 33 10 18 -13 13 -15 34 16 -18 -19 19 20 31 -23 -24 32 25 -27 27 28 29 -31 45 38 -34 40 35 -37 -38 -39 50 -41 41 -43 52 46 -46 51 -48 -49 -50 -51 -52 -53 -54
leaf_value=0.064811498889366687 0.00028306145239028195 0.042083119530544937 -0.010044451785023629 0.075207641330999248 0.0082065227532829299 0.071994349356816617 -0.00086241175500699724 0.027342438691668774 -0.00220821052628786 -0.026623017606126859 0.0070026894188935209 0.03974715545068138 -0.0004987973181873244 0.020686102137685521 0.020652379332201883 0.021861232712225773 -0.15081132169406958 0.024063907725104649 -0.025952087759766169 0.00082546075750426719 0.0029943369107531016 0.044026737375596925 0.0030297482046862858 -0.00045806447981536013 0.0024022919915609362 -0.014838785630680158 0.025596737886828865 -0.026537076228880508 -0.033655170792880211 -0.0088101359182450149 -0.0064550761650173606 -0.0026186628392770041 -0.065911211007915485 -0.05366303853678174 -0.024975578560767962 0.0011619173198405251 -0.0048998717837220457 -0.010396629334493175 -0.016003272560379932 -0.088677293409912136 -0.057861653376709836 0.0014656884293551514 -0.23804188249831518 -0.1874495513150273 -0.1254512483846261 -0.0090512752463532929 -0.059801791589239935 -0.32570159215509165 -0.076017318274741591 -0.011023084943168728 -0.0013967854923212326 -0.012062721401961959 -0.072331734210546561
leaf_weight=96 138 86 80 151 147 88 82 104 83 133 82 134 89 78 89 146 102 80 482 78 138 103 79 151 116 106 111 78 106 88 81 117 832 677 225 80 131 211 204 100 113 78 5452 1122 135 603 128 81 78 341 78 108 132
leaf_count=96 138 86 80 151 147 88 82 104 59 133 82 134 89 78 89 146 94 80 482 78 138 103 79 151 116 106 111 78 106 88 81 113 780 645 225 80 131 211 200 100 113 78 3200 1074 127 603 128 81 74 341 78 108 84
internal_value=-0.000758865 0.000676945 0.000518936 0.00346651 0.00802051 0.000126779 0.00481493 -3.47563e-05 -0.000134272 0.00022614 7.4994e-05 0.0011951 0.000549239 0.00404061 -0.00169664 -0.000650916 0.00233496 -0.000194286 -0.000440904 0.000124575 0.00111414 0.00335765 0.000778921 -0.00131828 -0.00117207 0.000695612 -0.000130674 -0.000628741 -0.00115237 0.000387809 -0.00150123 -0.000514332 -0.00170252 -0.00145197 -0.00188555 -0.000688129 -0.000715744 -0.00132728 -0.00118189 -0.00140355 -0.00168858 -0.000590055 -0.0019526 -0.00161318 6.21381e-05 -0.00178963 -0.0018988 -0.00199571 -0.00195794 -0.00187677 -0.00178844 -0.00195166 -0.00204575
internal_weight=14731 5818 5722 669 298 5053 168 4885 4781 3752 3664 1158 1024 167 8913 1369 248 371 2506 1632 928 391 288 1121 704 222 857 724 613 194 874 537 983 1029 7544 405 209 291 399 325 946 191 7139 1555 224 792 1331 1203 755 419 282 711 5584
internal_count=12247 5750 5654 669 298 4985 168 4817 4713 3744 3656 1158 1024 167 6497 1309 240 371 2498 1624 920 391 288 1069 704 222 857 724 613 194 874 529 931 969 5188 405 209 291 391 325 910 191 4783 1499 216 792 1283 1155 719 419 278 711 3284
is_linear=0
shrinkage=0.0686502


Tree=17
num_leaves=58
num_cat=0
split_feature=25 4 26 44 10 27 35 54 16 58 44 44 61 37 23 3 46 24 57 45 45 62 10 10 61 52 37 60 26 38 45 59 26 49 26 3 44 31 30 17 17 11 36 21 28 38 24 3 31 19 30 19 26 26 9 0 27
split_gain=4.0688 2.05739 1.59324 2.16213 2.01374 2.78936 0.58676 0.576758 0.452323 0.346744 0.360303 0.944529 0.843566 1.49864 0.875683 0.654019 0.50898 0.439491 0.874437 0.548136 0.531986 0.609095 0.349379 0.490513 0.315377 0.295277 0.244263 0.301721 0.239514 0.531392 0.185359 0.412425 0.139065 0.208859 0.123827 0.115148 0.0904179 0.0899337 0.0762731 0.0632494 0.0594061 0.0441025 0.0439766 0.157269 0.0417241 0.0408738 0.0407685 0.0532476 0.036765 0.00844001 0.00837061 0.00672653 0.00581084 0.033879 0.0417587 0.00438094 0.00429217
threshold=27.905000000000005 999.75000000000011 94.15000000000002 1.7672441026816788 -0.55599684127981919 94.850000000000009 27.211587392616632 0.59450000000000014 25.557278268373022 5.0050000000000008 1.3894125556719761 1.1607835231774652 4.0950000000000006 31.179838291102286 26.225000000000005 0.98150000000000015 27.025000000000002 29.805000000000003 1004.35 2395.0185000000006 2337.1910000000003 29.261999561177323 0.84750952922804634 0.91925191855388755 13.730000000000002 0.86050000000000015 32.499902297840848 3.9250000000000003 91.950000000000017 3.5213225840288338 2437.6700000000005 3.1350000000000002 84.750000000000014 610.6500000000002 92.950000000000017 0.45550000000000007 1.6337863320821338 -2.0776408187425672 84.050000000000011 29.079369771818907 30.364737315733546 9.5000000000000018 0.3771258192666847 29.805000000000003 81.850000000000009 2.6693178088447698 29.415000000000003 0.98550000000000015 -1.4663605926695309 36.820244060334652 94.050000000000011 26.942941418045688 81.450000000000017 82.250000000000014 0.15005400879207817 3.0250000000000004 85.750000000000014
decision_type=2 2 2 2 2 2 2 2 2 2 2 2 2 2 2 2 2 2 2 2 2 2 2 2 2 2 2 2 2 2 2 2 2 2 2 2 2 2 2 2 2 2 2 2 2 2 2 2 2 2 2 2 2 2 2 2 2
left_child=1 -1 7 24 5 -5 -6 34 -9 10 11 16 13 15 -14 -13 22 26 20 -20 21 -19 44 -24 25 -4 30 40 36 -30 38 -32 42 35 45 -34 -22 -37 -12 -16 -28 46 43 -2 -10 -3 50 -48 -27 -47 -40 -11 -44 54 -54 -41 -39
right_child=32 2 3 4 6 -7 -8 8 9 51 17 12 14 -15 39 -17 -18 18 19 -21 28 -23 23 -25 -26 48 27 -29 29 -31 31 -33 33 -35 -36 37 -38 56 41 55 -42 -43 52 -45 -46 49 47 -49 -50 -51 -52 -53 53 -55 -56 -57 -58
leaf_value=0.060891503479297032 0.0041458213058561963 -0.09132471384315638 0.0041973283811106805 0.070089093122740434 0.032619817272145364 0.030370495266730621 -0.014375077512806011 0.07234938865290054 -0.013335993875808154 -0.041461249605624667 -0.015188089089885644 -0.021025376366940067 0.015271531221938804 0.046112369248479272 -0.0018663223368487135 0.012135637687324544 0.0085237136669871223 0.055855780311933473 0.034017742819738309 0.0005334805023413505 -0.0080234224109788452 -0.0068086028203830761 0.0055395013736331414 -0.01053809318374976 0.021071586607463052 -0.0168043994419892 -0.0065242534178398485 0.0099766836117568102 -0.022152505107000609 0.022336934500499138 -0.0025827879295359443 0.011954907526420769 -0.02761609078707741 0.010441080638265758 -0.01559911035500358 -0.0029404461732613408 -0.033548597889908723 -0.069069856429087903 -0.017236022705601064 -0.050738091433386485 -0.036513206752876774 -0.0041581224598225466 -0.3800410383790731 -0.37758243465067348 -0.025867188342354571 -0.048251381780375614 -0.0037329119626775087 -0.024859071043681322 -0.011576045588636506 -0.02937684570131379 -0.015541641678163787 -0.023778368738842176 -0.10187791261574834 -0.12141104219114696 -0.21528629399538515 -0.003402195326562568 -0.087450736385420308
leaf_weight=90 114 79 79 83 78 83 100 130 80 78 78 137 84 120 78 108 79 83 92 83 81 88 78 109 128 78 78 120 143 135 110 84 183 78 97 138 412 106 838 143 98 126 5415 323 510 760 78 80 242 78 79 308 94 504 85 78 710
leaf_count=90 114 79 79 83 78 83 100 130 80 78 78 137 84 120 78 108 79 83 92 83 81 88 78 109 128 78 78 120 143 135 110 84 155 74 97 138 412 106 838 143 98 126 3215 191 510 760 78 80 242 78 79 308 94 440 69 78 670
internal_value=-0.000754205 0.000447292 0.000310702 0.00305261 0.00727442 0.012687 0.00213635 -8.57794e-05 0.000215847 0.000107592 0.000278551 0.00110341 0.002884 0.00524076 0.000613226 0.00210988 -0.000448681 -0.00017841 0.000884741 0.00532036 4.8322e-05 0.003501 -0.000990722 0.00157164 0.00027464 -0.000667581 -0.000852835 0.000933382 -0.000715797 0.000880497 -0.00121587 0.000739068 -0.00183704 -0.00114981 -0.0015782 -0.001389 -0.00162643 -0.00169168 -0.00151697 -0.00111828 -0.000852726 -0.00165305 -0.00196373 -0.00125796 -0.00181353 -0.00182636 -0.0017968 -0.000716487 -0.00160691 -0.00196798 -0.00197585 -0.0018612 -0.00201314 -0.00174665 -0.00087279 -0.00171411 -0.00196552
internal_weight=14731 6981 6891 871 344 166 178 6020 5006 4876 4490 1604 748 365 383 245 856 2886 1117 175 942 171 777 187 527 399 1769 296 771 278 1473 194 7750 1215 1014 1137 493 954 1279 299 176 1201 6535 437 590 917 1075 158 320 838 917 386 6098 683 179 221 816
internal_count=12247 6981 6891 871 344 166 178 6020 5006 4876 4490 1604 748 365 383 245 856 2886 1117 175 942 171 777 187 527 399 1769 296 771 278 1473 194 5266 1143 1014 1069 493 914 1279 299 176 1201 4123 305 590 917 1075 158 320 838 917 386 3818 603 163 221 776
is_linear=0
shrinkage=0.0686502


Tree=18
num_leaves=57
num_cat=0
split_feature=25 4 26 44 10 27 35 54 22 44 10 10 38 21 57 61 36 63 0 10 61 27 38 8 25 37 44 27 2 17 40 36 60 9 20 30 56 50 54 10 1 44 36 9 30 43 63 4 57 59 50 26 45 9 9 17
split_gain=3.63955 1.52834 1.23915 1.63078 1.86076 1.69587 0.495848 0.415576 0.52602 0.336361 0.343957 0.81344 0.423477 0.901806 0.409383 1.24502 0.336563 0.306715 0.30376 0.311498 0.294206 0.236848 0.218395 0.3458 0.18413 0.175692 0.280405 0.590047 0.202784 0.161159 0.149356 0.258512 0.234567 0.215969 0.190033 0.223906 0.125685 0.116692 0.176586 0.230552 0.102754 0.0987219 0.0933169 0.0451639 0.0432158 0.0621767 0.119432 0.0354395 0.0340785 0.0290664 0.0673026 0.0243734 0.00840041 0.00809958 0.0918259 0.00559387
threshold=27.905000000000005 999.75000000000011 94.15000000000002 1.7588375966074357 -0.57022117041332276 94.850000000000009 27.055916498988399 0.59450000000000014 24.855000000000004 2.446405149158918 -0.71464691390916035 -0.74979862697202038 3.0414800821304717 25.325000000000003 1003.6500000000002 0.96500000000000008 1.9364575908163815 -0.48918452435083809 1.1450000000000002 -0.99862982478704421 12.775 93.750000000000014 3.5127402499842817 0.91597561503675351 29.125000000000004 31.678842286285711 1.2892261180928892 84.850000000000009 449.65000000000003 28.001575280527877 0.34044089061148319 1.4151470123110101 6.5850000000000009 -0.94130860066615785 26.99157097359393 94.15000000000002 1006.0500000000001 25.350000000000104 0.38750000000000007 0.33345642693991789 16.585000000000004 1.9179993153086985 0.42700993974887774 -0.48250327361223916 92.250000000000014 27.314791666666672 0.17295399855054508 1003.35 1003.1500000000002 2.4050000000000007 0.85833333333341877 90.250000000000014 2457.9555 -0.74981945761428159 -0.80392051724781066 29.079369771818907
decision_type=2 2 2 2 2 2 2 2 2 2 2 2 2 2 2 2 2 2 2 2 2 2 2 2 2 2 2 2 2 2 2 2 2 2 2 2 2 2 2 2 2 2 2 2 2 2 2 2 2 2 2 2 2 2 2 2
left_child=1 -1 7 20 5 -5 -6 37 -9 10 11 14 13 -12 18 -16 30 -17 -10 -20 21 -4 29 41 25 42 27 -27 43 -21 33 32 -32 -15 -35 49 40 38 47 -40 44 -24 -2 -28 52 -46 -47 -3 -31 50 -36 -45 -14 54 -26 -23
right_child=24 2 3 4 6 -7 -8 8 9 -11 12 -13 36 16 15 17 -18 -19 19 22 -22 55 23 -25 53 26 28 -29 -30 48 31 -33 -34 34 35 -37 -38 -39 39 -41 -42 -43 -44 51 45 46 -48 -49 -50 -51 -52 -53 -54 -55 -56 -57
leaf_value=0.056711288625940388 -0.037356302014191635 -0.021088310681878764 -0.015634196578168117 0.065310817794570306 0.030380459777529092 0.028285554213156906 -0.0097779900752602185 0.059361994592161745 0.0091872691857674427 0.025465833664145007 0.056568832949898173 0.013231175116801797 -0.02875946333450825 -0.0042253602762159555 0.056140694539527046 0.032771987175342375 0.0041461892578227777 -0.0064438772372626745 0.0021032950816507506 0.00092001096449365527 0.01477931087809729 -0.011276319727906308 -1.0538790110966768e-05 0.0027250347727005653 -0.34621829563870421 0.025086266245410944 -0.045320586310847968 -0.075594196619523477 0.0019621099033806677 -0.034437977276568062 0.012973693791863151 -0.0038247237671481149 -0.024449446620121659 0.00090020389094007999 -0.035771025211018465 -0.0019583214002196155 0.0002592763885550517 -0.06402134924929534 -0.012712158937120358 0.0065282774013908093 -0.00052203360078353228 -0.025461048866061785 -0.12842540605104383 -0.063689936475924219 -0.0049643625713908755 0.0073410946562760234 -0.010654417774758711 -0.045188388512351414 -0.059738751033570604 -0.015337064634082864 -0.002558226514609011 -0.0069771432215651784 -0.035883125514146533 -0.37173060804805114 -0.070397893417049481 -0.016652088473821491
leaf_weight=90 88 78 97 82 78 83 111 78 80 101 78 100 738 145 109 117 146 165 86 113 136 206 88 82 534 99 124 134 116 578 114 128 81 84 128 86 81 557 86 79 103 121 1069 541 184 92 146 214 95 603 78 120 78 4842 83 78
leaf_count=90 88 78 97 82 78 83 111 78 80 101 78 100 738 145 109 117 146 165 86 113 136 206 88 82 518 99 124 130 104 578 114 128 81 84 128 86 81 557 86 79 103 121 1061 513 184 92 146 214 95 603 78 120 78 2426 83 78
internal_value=-0.000777504 0.000358806 0.00024098 0.00265917 0.00623925 0.0115382 0.00153351 -0.000108581 0.000147299 5.68788e-05 -2.46525e-05 0.000747805 -0.00045954 0.000278884 0.000373764 0.00230806 -7.37981e-05 -9.30159e-05 -0.000232468 -0.000519635 0.000187246 -0.000781575 -0.000842437 0.000749803 -0.00180161 -0.00127733 -0.00066169 0.00144482 -0.00121365 -0.00143885 -0.000394998 0.000895909 0.00247218 -0.000771267 -0.0011409 -0.00143773 -0.00133033 -0.00137538 -0.000544187 0.00122668 -0.00149089 -0.000715744 -0.00187466 -0.00161264 -0.00166519 -0.00106744 -0.000305073 -0.00156373 -0.0018438 -0.00179529 -0.00102725 -0.00183989 -0.00196552 -0.00202029 -0.00171326 -0.00179034
internal_weight=14731 6981 6891 871 354 165 189 6020 5006 4928 4827 1734 3093 1671 1634 391 1593 282 1243 1163 517 381 1077 291 7750 2291 1134 233 901 786 1447 323 195 1124 979 895 1422 1014 457 165 1341 209 1157 785 1238 422 238 292 673 809 206 661 816 5459 617 284
internal_count=12247 6981 6891 871 354 165 189 6020 5006 4928 4827 1734 3093 1671 1634 391 1593 282 1243 1163 517 381 1077 291 5266 2239 1090 229 861 786 1447 323 195 1124 979 895 1422 1014 457 165 1341 209 1149 757 1238 422 238 292 673 809 206 633 816 3027 601 284
is_linear=0
shrinkage=0.0686502


Tree=19
num_leaves=60
num_cat=0
split_feature=26 26 38 5 10 0 55 29 62 37 24 37 4 46 37 16 27 18 18 54 4 27 17 10 31 1 9 10 43 49 9 20 52 30 21 61 25 19 4 26 27 61 1 9 7 44 19 20 25 38 43 54 8 63 38 25 44 42 9
split_gain=3.37646 1.07216 1.23549 0.917338 1.29774 1.08387 0.537693 0.427211 0.559391 0.423662 0.471336 1.7618 0.421723 0.410278 0.397038 0.298534 0.773661 0.342076 0.366234 0.257705 0.268014 0.289179 0.581066 1.14663 0.491932 0.26886 0.24862 0.856641 0.337493 0.271783 0.343284 0.505127 0.248409 0.205047 0.299003 0.19977 0.551489 0.128662 0.127395 0.10081 0.093361 0.0920351 0.0877301 0.0699245 0.223579 0.475027 0.0642941 0.0429988 0.115616 0.0408243 0.058784 0.0400882 0.017257 0.0256518 0.0121965 0.0499992 0.00487994 0.0229935 0.00398517
threshold=85.750000000000014 94.15000000000002 3.3078898107047738 -0.5 -0.55599684127981919 2.9050000000000007 999.85000000000002 69.950000000000017 29.800365851701233 34.723854262679822 30.915000000000003 32.711392427364849 1003.0500000000001 27.905000000000005 34.295303412125008 25.557278268373022 91.15000000000002 28.458950966926725 28.609141921653471 0.6795000000000001 1002.35 91.850000000000009 29.03805123114979 -0.61186373645567615 -1.0186692603639018 20.205000000000002 -0.94130860066615785 0.047319635496388741 28.261458333333341 345.70000000000005 0.11593352601052392 29.720939660900047 0.9165000000000002 93.450000000000017 25.445000000000004 18.365000000000006 28.525000000000002 32.162552518799295 1002.9500000000002 89.15000000000002 91.550000000000011 1.2950000000000002 26.590000000000003 -0.63874350706337046 -0.91597561503675329 1.6105622273924853 38.22866184118093 29.188694721225016 26.245000000000001 2.5207153680775192 27.656875000000003 0.96350000000000013 0.60355339059327384 0.58396041512344976 2.9080528876628864 27.215000000000003 1.2449267299557001 0.36253965293902424 -0.34156760613242332
decision_type=2 2 2 2 2 2 2 2 2 2 2 2 2 2 2 2 2 2 2 2 2 2 2 2 2 2 2 2 2 2 2 2 2 2 2 2 2 2 2 2 2 2 2 2 2 2 2 2 2 2 2 2 2 2 2 2 2 2 2
left_child=7 6 32 4 5 -4 -2 8 -1 10 13 -12 -6 14 15 16 -8 33 -19 40 41 22 23 -22 -25 38 27 -24 29 47 31 -31 -3 42 -35 43 -37 -34 -23 -33 -20 -21 54 44 45 -9 -13 48 58 50 -46 -43 56 -54 55 -17 57 -45 -28
right_child=1 2 3 -5 12 -7 9 35 -10 -11 11 46 -14 -15 -16 17 -18 18 19 20 21 25 26 24 -26 -27 28 -29 -30 30 -32 39 37 34 -36 36 -38 -39 -40 -41 -42 51 -44 52 49 -47 -48 -49 -50 -51 -52 -53 53 -55 -56 -57 -58 -59 -60
leaf_value=0.047377782621902238 0.018743521361953494 0.012299267463487732 0.044943528422743038 -0.0018876378681159998 -0.012393660020653521 0.069155014787105784 -0.016538975858560557 0.024633143454599393 -0.067403757569412179 -0.084415586197647496 0.049951394077389383 -0.011192656828476141 0.014565797089067816 0.016889033172569842 0.0062473342640147695 -0.018941413206208076 0.060487224982584506 0.016568151383650444 -0.037407076805019174 -0.0015211104133909395 0.066862295804531457 0.0052683007223767236 -0.017193283269375047 0.0036150130922504584 -0.0085169728940181072 -0.000472749296740626 -0.0088816078792389105 0.014677128542123099 0.0056143495321592162 -0.0035304954262000785 -0.038549040608475055 -0.030778780522799063 -0.00016175210456902494 0.028132482515399529 -0.0036657749314454023 0.0093206822597360923 -0.17621512484614862 -0.011990133086613937 -0.0086531741847515348 -0.00031454868901178588 -0.006227652182603528 -0.0065670154048967288 -0.0082684496333235991 -0.042900029635402778 -0.13917200888371767 -0.12532267601996031 -0.012360688147377256 -0.037387208160237217 0.00040556142947285087 -0.15846337630241675 -0.0096570716089712152 -0.016646805577360591 -0.076302029514781003 -0.043408284756220272 -0.026221742590900893 -0.030202725779833801 -0.27973011007616733 -0.15982947939551409 -0.00098083675925138541
leaf_weight=92 94 78 103 137 98 79 131 99 144 477 100 120 95 78 81 234 115 82 389 104 89 98 119 115 147 86 128 94 130 129 141 89 87 78 79 99 229 234 397 78 78 78 79 110 96 151 79 324 78 931 78 343 78 99 649 115 5432 279 78
leaf_count=92 90 78 103 137 98 79 131 99 140 425 100 120 95 78 81 234 115 82 389 104 89 98 119 115 147 86 128 94 130 129 141 89 87 78 79 99 185 234 397 78 78 78 79 106 96 151 79 324 78 875 78 343 78 99 649 115 3160 231 78
internal_value=-0.000782164 0.00033748 0.00252755 0.00475514 0.00650576 0.0106523 -1.61379e-07 -0.00174636 0.00111142 -8.49956e-05 8.96408e-05 0.00273149 0.00251879 -6.70066e-05 -0.000146456 -0.00022732 0.00209303 -0.000352396 2.10566e-06 -0.000109477 0.000134436 0.000453169 0.000897516 0.00338811 0.00105906 -0.000866794 0.000261079 0.00241193 -0.000126863 -0.000542805 0.000753777 0.0020874 -0.000324708 -0.00133051 0.000959322 -0.00183504 -0.000159214 -0.0011825 -0.00148989 -0.000380683 -0.00160239 -0.00126154 -0.00166998 -0.00190904 -0.00144615 0.000388807 -0.000991201 -0.00148286 -0.000828314 -0.00186597 -0.000838969 -0.00171512 -0.00201237 -0.00124421 -0.00184525 -0.00144847 -0.00203452 -0.0016869 -0.00168913
internal_weight=14731 6814 911 512 375 182 5903 7917 236 5809 5332 299 193 5033 4955 4874 246 4628 3394 3312 2845 2320 1739 351 262 581 1388 213 1175 1045 437 296 399 1234 157 7681 328 321 495 167 467 525 1077 7353 1355 250 199 608 284 1105 174 421 5998 177 998 349 5821 389 206
internal_count=12247 6758 911 512 375 182 5847 5489 232 5757 5332 299 193 5033 4955 4874 246 4628 3394 3312 2845 2320 1739 351 262 581 1388 213 1175 1045 437 296 399 1234 157 5257 284 321 495 167 467 525 1077 4973 1299 250 199 608 284 1049 174 421 3674 177 998 349 3497 337 206
is_linear=0
shrinkage=0.0686502


Tree=20
num_leaves=58
num_cat=0
split_feature=25 4 26 44 37 58 53 59 44 44 63 7 63 9 61 20 54 1 63 57 57 49 9 19 44 53 45 57 55 25 43 9 63 20 9 63 57 42 52 43 0 19 0 19 53 1 59 57 45 17 62 9 9 44 16 0 20
split_gain=3.46909 1.1524 0.787413 1.41741 1.49775 0.640662 0.527309 0.460404 0.478123 1.14216 0.746565 1.64441 0.689479 1.11281 0.468577 0.417029 0.77597 1.14422 0.45067 0.316391 0.259357 0.25725 0.24863 0.412558 0.985928 0.452264 0.662942 0.27967 0.22546 0.18407 0.178879 0.604288 0.359528 0.173289 0.280544 0.405708 0.168709 0.154539 0.120148 0.107102 0.095733 0.0840138 0.0727841 0.0672287 0.0681445 0.053225 0.117437 0.051167 0.0409743 0.0349581 0.0123733 0.0403229 0.129122 0.00819462 0.00712775 0.00401329 0.00329395
threshold=28.125000000000004 999.75000000000011 93.750000000000014 1.7672441026816788 32.011707855152302 3.1550000000000007 0.9385 0.72500000000000009 1.4390205841569186 1.148165990811876 -0.9905395809476828 0.25881904510252091 0.89024799476691296 0.1670500785599974 1.3250000000000004 26.568282417139944 0.50350000000000017 0.055000000000000007 -1.9869527787999386 1001.85 1005.5500000000001 487.05000000000001 -0.16705007855999712 36.527923131005451 1.9136545723945957 0.98650000000000004 2427.3500000000004 1004.7500000000001 1003.4500000000002 29.125000000000004 27.927708333333335 -0.48250327361223916 -0.55648529009316927 29.413441928392086 -0.33346569090932177 -0.72507258915038253 1002.4500000000002 0.29631345907105705 0.82850000000000013 29.11791666666667 2.9750000000000005 32.162552518799295 1.5350000000000004 35.915781088510847 0.99050000000000005 3.0550000000000002 4.3150000000000004 1002.35 2449.8615000000004 28.169139444964699 34.945024833654095 -0.5416228050394748 -0.79356426026969629 2.3121271752223929 32.257729819834559 3.5050000000000003 27.186316775232971
decision_type=2 2 2 2 2 2 2 2 2 2 2 2 2 2 2 2 2 2 2 2 2 2 2 2 2 2 2 2 2 2 2 2 2 2 2 2 2 2 2 2 2 2 2 2 2 2 2 2 2 2 2 2 2 2 2 2 2
left_child=1 -1 6 19 5 28 15 -8 9 21 11 40 14 -14 -12 16 55 -18 -17 -4 38 33 23 25 -25 26 36 42 -5 30 37 -32 -33 34 35 -9 -10 -2 -21 45 -11 -40 -24 44 -27 48 47 -47 56 -16 51 52 -31 -44 -35 -3 -20
right_child=29 2 3 4 -6 -7 7 8 22 10 12 -13 13 -15 49 18 17 -19 39 20 -22 -23 27 24 -26 43 -28 -29 -30 50 31 32 -34 54 -36 -37 -38 -39 41 -41 -42 -43 53 -45 -46 46 -48 -49 -50 -51 -52 -53 -54 -55 -56 -57 -58
leaf_value=0.051758732000946217 -0.0091743063927188714 -0.016374261062530301 -0.0079260581817573068 -0.011494244228914912 0.050824611366048565 0.036460048360522253 0.045346998156217941 -0.0054522020394022555 0.0092747103005309979 -0.0097613450237799167 0.0013761047006875943 0.05937174369317199 0.015041624433260249 -0.0059376266145989348 -0.03670505238060863 -0.0080019486247953023 0.062361852662044755 -0.01762336481254155 -0.0086789296974904822 0.0043936492216652056 0.021943237529958855 0.01088165928781162 -0.010576273334410018 -0.0059346411688553959 0.030615999467794263 -0.011429774389513103 0.0092447516078756307 0.00046525358990402363 0.054573151123663802 -0.29151405677561937 0.018901354304554977 0.0031887753675089673 -0.06651649341260811 -0.025046650525231553 -0.047727027498217861 0.0048802617627542776 -0.0050209989489089675 -0.12188768404162267 -0.0018282961797945264 -0.024720539638401057 0.0024763443432489125 -0.013462488749588407 -0.05315402016664373 -0.00055237010537279041 -0.0094292690091002333 -0.013217630369445994 -0.00021898916345428757 -0.017719621713061882 -0.010463703428610704 -0.026448389079781417 -0.42476912570495778 -0.16998770075659961 -0.003946971583853408 -0.033139755233205503 -0.056663683573110191 -0.030781582888754929 -0.048458414553526084
leaf_weight=97 140 78 94 140 145 79 80 108 106 78 86 107 105 80 78 84 81 96 122 78 78 78 98 78 81 104 93 124 79 170 123 109 498 364 151 78 118 989 135 102 78 355 640 81 426 117 78 268 83 205 4665 544 80 78 78 129 1114
leaf_count=97 140 78 94 140 145 79 80 108 106 78 86 107 105 80 78 84 81 96 122 78 78 78 98 78 81 104 93 124 79 170 123 109 458 364 151 78 118 981 135 102 78 355 640 81 426 117 78 268 83 205 2293 484 80 78 78 129 1110
internal_value=-0.000744886 0.000301234 0.000201184 0.00182192 0.00488634 0.0020597 -0.000110946 0.000390113 0.000276166 0.00113516 0.00297051 0.00597977 0.00152073 0.00492453 -0.000184216 -0.000918393 0.00114062 0.0044682 -0.00132334 -1.14837e-05 -0.000562404 -0.0006105 -0.000430967 0.000272098 0.00348901 -0.000278018 0.00181392 -0.00124869 0.000110261 -0.00180515 -0.00120641 -0.000358909 -0.00125625 -0.000993461 0.000165126 0.00195727 -0.000196121 -0.00174862 -0.00108068 -0.00154542 0.00141454 -0.00148409 -0.00171357 -0.00137359 -0.00165658 -0.00166999 -0.0010072 -0.00150539 -0.00189734 -0.00154804 -0.00200772 -0.001704 -0.000934859 -0.00195271 -0.00188624 -0.00169091 -0.00199742
internal_weight=14731 7413 7316 1183 443 298 6133 3781 3701 1674 817 263 554 185 369 2352 384 177 1968 740 646 857 2027 1087 159 928 317 940 219 7318 1859 730 607 779 337 186 224 1129 568 1884 156 490 816 611 530 1782 463 385 1319 283 5459 794 250 718 442 207 1236
internal_count=12247 7409 7312 1183 443 298 6129 3781 3701 1674 817 263 554 185 369 2348 384 177 1964 740 646 857 2027 1087 159 928 317 940 219 4838 1811 690 567 779 337 186 224 1121 568 1880 156 490 816 611 530 1778 463 385 1315 283 3027 734 250 718 442 207 1232
is_linear=0
shrinkage=0.0686502


Tree=21
num_leaves=61
num_cat=0
split_feature=51 28 44 55 9 16 55 32 3 39 18 44 10 26 9 45 59 52 61 16 1 44 61 57 38 52 18 49 30 26 1 9 31 28 26 54 10 20 23 56 60 38 1 37 17 10 29 44 0 25 0 3 42 45 30 42 30 1 0 29
split_gain=3.13699 0.996322 1.22785 0.606075 0.64006 0.78557 0.597793 0.511798 0.491349 0.465713 1.40995 0.519343 0.744079 1.64523 0.56012 3.57623 0.479098 0.46545 0.649134 0.88916 0.817017 0.379088 0.32205 0.299904 0.638913 0.506661 0.254633 0.236183 0.222364 0.566883 0.328793 0.214144 0.387799 0.188671 0.188598 0.175064 0.165762 0.290322 0.578237 0.153164 0.118079 0.233439 0.100305 0.0987684 0.237228 0.077956 0.0734979 0.0705334 0.112881 0.0656512 0.0384074 0.0348145 0.0267678 0.0621149 0.0254059 0.00798898 0.00778702 0.00743434 0.00712148 0.00270447
threshold=5886.5625000000009 75.050000000000011 2.4886194114741316 999.75000000000011 0.7086201161944764 25.054983674071462 1005.6500000000002 -0.20000000000000104 0.99950000000000017 28.301666666666669 36.327565586067344 1.9050061337341881 -0.55599684127981919 93.850000000000009 0.40542197401079721 2424.5620000000004 3.3550000000000004 0.94450000000000001 14.235000000000001 27.747125365697212 3.5750000000000006 1.9992512637519337 14.455000000000002 1002.85 2.8531096098576212 0.97450000000000003 35.088750284396838 214.50000000000003 93.850000000000009 91.550000000000011 1.7250000000000003 -0.94130860066615785 -1.3088770263571321 70.750000000000014 81.450000000000017 0.79250000000000009 -0.55599684127981919 35.252255539255032 26.035000000000004 1001.35 2.4050000000000007 2.8382811532220842 20.645000000000003 32.043931162281645 29.122421889995078 0.31717953954346351 67.350000000000009 1.5378767065158321 2.5850000000000004 25.605000000000004 3.1050000000000004 0.35250000000000004 0.27570817771823591 2257.5990000000006 73.350000000000009 0.88781848616479653 86.750000000000014 0.74500000000000011 2.5350000000000006 81.050000000000011
decision_type=2 2 2 2 2 2 2 2 2 2 2 2 2 2 2 2 2 2 2 2 2 2 2 2 2 2 2 2 2 2 2 2 2 2 2 2 2 2 2 2 2 2 2 2 2 2 2 2 2 2 2 2 2 2 2 2 2 2 2 2
left_child=1 22 3 -3 5 -5 7 8 9 11 -11 14 13 21 16 -16 26 -18 19 -19 -21 -13 27 24 25 -9 28 33 31 -30 -31 32 -7 -1 52 -33 37 38 -36 -26 46 -42 -38 49 -45 -10 -6 48 -29 -25 56 -8 53 -2 -39 -48 -37 -51 -53 -54
right_child=34 2 -4 4 40 6 51 23 45 10 -12 12 -14 -15 15 -17 17 18 -20 20 -22 -23 -24 43 39 -27 -28 47 29 30 -32 35 -34 -35 36 50 42 54 -40 -41 41 -43 -44 44 -46 -47 55 -49 -50 57 -52 58 59 -55 -56 -57 -58 -59 -60 -61
leaf_value=-0.046094015326480234 -0.24801742715031441 0.020125727678801168 0.055361511072197639 0.057688142979617205 -0.0090897428735784123 -0.0091939483052402085 -0.0033020853820783687 0.010296616483473865 -0.015463864485343093 0.03046601783361096 -0.059131352279087307 0.02824216140336255 -0.012190777987205647 0.040163737544371067 0.062584030740608976 -0.032737426047650849 -0.020450053940225799 -0.0035356037856215873 -0.0018732658010605498 0.0028733068944543113 0.012961643262882343 -0.089644405764223445 0.0070421734194369172 -0.0017769384624042731 0.0012948608402004035 -0.0087262887786489062 0.0012012469050812389 -0.10439544030826318 0.045325628909195594 0.044177916318311999 -0.010518256585368814 0.0045042201679495082 0.022157746891105695 0.0029418327347215866 -0.090783487891599637 -0.011542121126735709 -0.10145946740357294 -0.31938421146695634 0.023235517032867699 -0.054135860136852065 -0.051435397523422355 -6.8938193741238381e-05 -0.033602651985315909 0.00012664295173027494 -0.032147245091939024 -0.0089617642008348614 -0.031796268713648865 -0.065350736372956436 0.0022404450179348938 -0.08000406032319235 -0.0018604412473488046 -0.0099593148867358205 -0.26531506515267472 -0.040427589268714509 -0.13509943865713225 -0.066599119682183586 -0.013830909817076961 -0.014758191713428109 -0.022599587153431085 -0.41122334493960172
leaf_weight=92 181 120 79 101 95 80 78 87 220 116 84 96 118 81 79 153 149 89 155 122 80 88 82 154 102 81 124 112 84 96 196 102 79 153 146 79 625 96 95 192 114 104 78 78 94 81 563 1193 78 78 79 78 141 92 204 78 560 419 363 5115
leaf_count=92 141 116 79 101 95 80 78 87 220 116 72 96 118 81 79 153 149 89 155 122 80 88 78 154 102 81 124 108 84 96 196 102 79 153 146 79 585 56 95 192 114 104 78 78 94 81 547 1129 78 78 79 78 77 84 168 78 560 419 363 2963
internal_value=-0.000749546 0.000174089 0.00057654 0.000465656 0.000368236 0.000674511 0.000551135 0.000807806 0.00127395 0.00154984 0.00474527 0.00130782 0.00364895 0.00566177 0.000914689 0.00410655 0.000552529 0.00219542 0.00330548 0.00521004 0.00771539 0.00200059 -0.00129259 -0.000345482 0.00104641 0.00440977 -0.000106376 -0.00150678 -0.000383325 0.00102656 -0.00039398 -0.000930844 0.00134958 0.00043848 -0.00183536 -0.00138096 -0.00106075 -0.000146052 0.00161235 -0.000869987 -0.00126057 0.000120149 -0.00175553 -0.00113362 0.000302424 -0.00135149 -0.00167604 -0.00185525 -0.000582379 -0.00152086 -0.00176187 -0.00164806 -0.00200837 -0.00127926 -0.00157689 -0.00193991 -0.00193954 -0.00190536 -0.00188585 -0.00204489
internal_weight=14731 7958 6248 6169 6049 5095 4994 4475 3190 2889 200 2689 383 265 2306 232 2074 595 446 291 202 184 1710 1285 462 168 1479 1628 1355 376 292 979 159 245 6773 820 1244 541 241 294 954 218 703 823 172 301 736 1383 190 651 718 519 5529 273 300 641 639 497 441 5256
internal_count=12247 7854 6216 6137 6021 5083 4982 4463 3178 2877 188 2689 383 265 2306 232 2074 595 446 291 202 184 1638 1285 462 168 1479 1560 1355 376 292 979 159 245 4393 820 1128 465 241 294 938 218 663 823 172 301 720 1315 186 651 718 519 3265 225 224 625 639 497 441 3040
is_linear=0
shrinkage=0.0686502


Tree=22
num_leaves=59
num_cat=0
split_feature=51 26 43 63 37 37 38 57 57 54 62 63 43 57 52 58 10 43 37 56 38 44 30 10 53 44 44 63 6 8 30 9 9 25 20 27 63 28 61 9 43 26 9 62 34 34 57 38 1 56 9 20 52 22 42 30 20 3
split_gain=2.79542 0.873528 1.47994 1.64283 0.572345 0.872218 0.948585 0.568488 0.431074 0.428562 0.467783 1.59184 0.784776 0.370719 0.363874 0.458691 0.811868 1.06009 1.24487 0.424584 0.352985 0.65694 0.327556 0.507943 0.230219 0.327337 0.856103 0.179675 0.158494 0.147949 0.139977 0.217744 0.426961 0.135626 0.132091 0.11024 0.191872 0.0914212 0.0913272 0.0795489 0.224308 0.412925 0.0756911 0.0680294 0.0644341 0.0630353 0.17035 0.0626784 0.0589367 0.0537647 0.0458626 0.0384382 0.0347914 0.026666 0.010405 0.0265128 0.00763498 0.00339524
threshold=8129.107500000001 93.65000000000002 28.10645833333334 -0.20642320685833224 34.723854262679822 34.352485296090158 3.0860652670675974 1001.6500000000002 1005.85 0.58350000000000002 27.235121457819155 -0.64180513591989186 27.702708333333337 1003.1500000000002 0.99250000000000005 2.8550000000000004 -0.49749486057528974 27.571666666666669 31.234234643013092 1003.0500000000001 2.9144827720900133 1.1680594760740302 94.450000000000017 -0.57022117041332276 0.95150000000000012 1.2449267299557001 1.1309293660168105 1.8244366608841445 -0.5 0.91597561503675351 92.850000000000009 -0.67760851415498069 -0.30081702196488969 25.875000000000004 27.787140288613195 94.350000000000009 -0.54010959748777398 91.450000000000017 1.6650000000000003 -0.57023701209772126 27.927708333333335 76.15000000000002 -0.94130860066615785 25.244962507404406 1.1122296565334444 0.88598052205808864 1002.5500000000001 3.1577240722971545 0.71500000000000008 1004.85 -0.63874350706337046 28.307797428397844 0.99650000000000005 26.345000000000002 0.29631345907105705 79.450000000000017 33.52810531925104 0.99550000000000016
decision_type=2 2 2 2 2 2 2 2 2 2 2 2 2 2 2 2 2 2 2 2 2 2 2 2 2 2 2 2 2 2 2 2 2 2 2 2 2 2 2 2 2 2 2 2 2 2 2 2 2 2 2 2 2 2 2 2 2 2
left_child=1 4 7 -4 5 9 -7 -3 22 38 11 -11 13 -13 15 24 17 18 -17 44 21 28 35 -24 29 26 -26 33 -18 56 34 57 -33 -27 -16 -9 -37 -15 43 40 50 -42 -36 -1 -19 53 -47 -40 -39 -44 -2 -22 -6 -35 55 -41 -12 -32
right_child=39 2 3 -5 52 6 -8 8 -10 10 14 12 -14 37 30 16 20 19 -20 -21 51 -23 23 -25 25 27 -28 -29 -30 -31 31 32 -34 45 42 36 -38 48 47 54 41 -43 49 -45 -46 46 -48 -49 -50 -51 -52 -53 -54 -55 -56 -57 -58 -59
leaf_value=-0.03885098077495857 -0.20483971847705626 0.03313742511774851 0.049078933764482691 0.012252139521800105 -0.098577764249999422 0.03856159760658813 -0.034841697508726927 -0.011745402801368914 0.034205107879974314 0.052340191306733078 -0.015353087705555785 0.0012777595723702699 0.0095666224290343466 -0.0061424197322046716 0.00025976058500257247 0.017050212218964154 -0.0025946051049249201 -0.045969267308067358 0.015388895972324401 0.0052163246452065475 -0.0012856856516817166 0.017807404056391838 0.027900073412337193 -0.0032752978958232935 -0.015249327947266465 -0.010409186473965484 0.018177409058735345 0.0066274670777486146 -0.017523009185389137 0.00041475925091619364 -0.0066534769943728264 0.0013461529869695883 -0.0045615324334570412 -0.0040873646231241074 -0.0017888975667762943 -0.0097925034135984742 -0.00075786618144623103 -0.0074925598758016441 -0.0045783611779828242 -0.50954559111081765 -0.262543287475002 0.025392498272516249 -0.029365416268446725 -0.038174472202398169 -0.053737739695101344 -0.048814577965287251 0.001016816965748561 -0.027527853280634607 0.00049844763858611157 -0.0044734089085313872 -0.11876876573134496 -0.09672912281412796 -0.069927031314623758 -0.015601421793669818 -0.29902246713324765 -0.14676640521087517 -0.15669007968654047 -0.0067911199372583048
leaf_weight=112 850 111 103 111 801 106 78 348 109 78 463 81 86 275 120 104 91 116 80 104 78 100 98 131 124 93 79 91 142 84 78 80 150 102 143 147 155 88 78 161 188 106 817 704 78 103 78 93 78 138 78 286 97 307 4776 88 78 109
leaf_count=112 838 111 103 111 649 102 78 348 109 78 463 81 86 275 120 104 91 112 80 104 78 100 98 131 124 93 79 91 142 84 78 80 150 102 143 147 155 88 78 113 144 106 813 700 78 103 78 93 78 138 78 286 85 303 2584 88 74 109
internal_value=-0.000791484 1.94516e-05 0.00164695 0.00685228 -0.000278086 -4.50109e-05 0.00459199 0.000620978 8.9093e-05 -0.000187043 6.54319e-05 0.00173204 0.000527635 -0.000470053 -0.000192766 0.000283591 0.00131167 0.00347398 0.0075536 0.000913392 -0.000180268 0.00142335 -0.000412789 0.00180356 -0.000470273 0.000183411 0.00263064 -0.000455404 -0.000560481 -0.00149851 -0.00100573 6.79317e-05 0.00149024 -0.000843938 -0.00137724 -0.00120389 -0.000222629 -0.0012652 -0.0014956 -0.00189339 -0.00137947 0.000256545 -0.00161498 -0.00179755 -0.00096387 -0.00123316 -0.000133223 -2.15154e-05 0 -0.00183562 -0.00190298 -0.00166141 -0.00189776 -0.00170505 -0.0020169 -0.0014786 -0.00191787 -0.00165179
internal_weight=14731 8484 1313 214 7171 6273 184 1099 988 6089 5102 686 608 522 4416 2781 1179 482 184 298 697 333 879 229 1602 977 203 774 233 625 1635 417 230 683 1218 650 302 441 987 6247 1222 294 1098 816 194 590 181 171 166 955 928 364 898 409 5025 249 541 187
internal_count=12247 8296 1313 214 6983 6249 180 1099 988 6069 5086 686 608 522 4400 2769 1175 478 184 294 697 333 879 229 1594 973 203 770 233 621 1631 417 230 679 1214 650 302 441 983 3951 1166 250 1094 812 190 586 181 171 166 951 916 364 734 405 2785 201 537 187
is_linear=0
shrinkage=0.0686502


Tree=23
num_leaves=64
num_cat=0
split_feature=5 4 44 51 44 9 9 38 3 0 18 28 44 43 37 43 0 62 47 60 63 30 9 9 9 59 9 28 39 27 29 62 43 44 38 60 38 27 25 9 38 0 41 9 9 59 18 1 10 54 1 29 29 60 58 53 36 24 50 50 0 1 0
split_gain=2.93406 0.81734 0.867998 0.739226 0.561803 0.559034 1.73367 1.27188 0.51559 0.430423 0.344801 0.417096 0.350861 0.620292 0.716181 0.341286 0.377597 0.757976 0.337517 0.326656 0.262785 0.306545 0.227669 0.555104 0.387523 0.440232 0.656886 1.70122 0.422558 0.210694 0.43089 0.200264 0.621523 0.164371 0.162387 0.160001 0.240912 0.143804 0.115907 0.0872276 0.27699 0.0601279 0.118759 0.0531721 0.335532 0.0524665 0.0445176 0.0366906 0.0304887 0.0719672 0.0247851 0.0147675 0.0226857 0.0103435 0.0236258 0.00783811 0.00764748 0.00749623 0.00579323 0.0171263 0.00420299 0.00401329 0.00291987
threshold=-0.37940952255126059 999.75000000000011 2.4886194114741316 10286.015000000001 1.7131877087601912 -0.3171883513140959 -0.49750868180287638 3.3078898107047738 0.65050000000000019 2.8050000000000002 27.787140288613195 86.050000000000011 1.6825430953409388 27.260625000000005 32.243965596565602 26.225833333333338 1.8350000000000002 29.351876029137369 340.65000000000003 12.775 -2.4428688591493439 84.950000000000017 0.1670500785599974 0.021515898191483886 -0.3171883513140959 3.2050000000000005 -0.833548052892222 82.850000000000009 26.571666666666669 90.550000000000011 88.750000000000014 25.244962507404406 26.863125000000004 2.0205578168476661 2.9080528876628864 7.2650000000000006 2.472139164953826 94.350000000000009 26.565000000000001 -0.17552986495351994 3.3992511835594956 3.5250000000000004 26.794166666666673 -0.74981945761428159 -0.79356426026969629 4.7950000000000008 33.965080017113522 22.475000000000005 -0.94695267581281539 0.98150000000000015 10.085000000000003 80.850000000000009 83.15000000000002 12.995000000000003 4.245000000000001 0.39850000000000008 1.2421927369708075 28.735000000000003 149.20833333333354 119.01666666666684 3.9850000000000008 2.1150000000000007 3.2550000000000003
decision_type=2 2 2 2 2 2 2 2 2 2 2 2 2 2 2 2 2 2 2 2 2 2 2 2 2 2 2 2 2 2 2 2 2 2 2 2 2 2 2 2 2 2 2 2 2 2 2 2 2 2 2 2 2 2 2 2 2 2 2 2 2 2 2
left_child=1 -1 5 4 18 6 8 9 -3 -8 -10 12 13 -12 -15 -7 17 -17 22 48 -18 -22 23 24 25 35 45 -28 -29 57 -31 32 62 -14 -19 36 -2 47 -38 40 -33 51 60 44 46 -27 -5 56 49 -6 -30 55 -53 58 -55 -41 -13 -24 59 -45 -43 -40 -23
right_child=3 2 -4 43 19 15 7 -9 10 -11 11 37 33 14 -16 16 20 34 -20 -21 21 31 29 -25 -26 26 27 28 50 30 -32 39 -34 -35 -36 -37 38 -39 61 41 -42 42 -44 53 -46 -47 -48 -49 -50 -51 -52 52 -54 54 -56 -57 -58 -59 -60 -61 -62 -63 -64
leaf_value=0.0435364885681436 0.0052308955387256953 0.027173681204337753 0.051556611038098499 -0.26747727355552525 -0.073802260417793294 0.050105797945395984 -0.0021039071993474321 0.042471817921169421 0.042815012812215239 0.00511607340319656 -0.010460992760828586 -0.013478607495461778 -0.02027447184098384 0.01209974105659865 -0.0042559160046202792 0.070318341281163821 0.018628370080034189 -0.051448391962048139 0.0072738088667207148 0.0046269817523988347 0.0024066096118548074 -0.031086311893387591 -0.073257497076272562 0.017211563527032209 -0.05465144296676374 -0.035771590861889101 0.016990256977636273 0.0067770134917018989 -0.0063583370339547387 0.0034576830744461389 -0.052532424016352421 -0.030838163594315453 0.031112451711465986 -0.011760591596414008 0.0016219599045062612 -0.030208717995423118 0.00029015849184505155 0.0015755275836352735 -0.077560487286651866 -0.0077430186519770036 -0.00023785027305053635 -0.0044413594251775839 0.00017003755951962852 -0.10877760119441882 0.023375872467688564 -0.0039819034081435669 -0.1752719733373749 -0.0038074245871622019 -0.066727154323325183 -0.0055489994120107508 -0.020511743419707289 -0.0028057665183743486 -0.04415405754626079 -0.11785203018391614 -0.10547807240075707 -0.016330440867848923 -0.0075023943406077641 -0.065086291560421436 -0.3769645674683621 -0.16567321033081317 -0.013405939034535999 -0.024131088486825658 -0.021054121608547107
leaf_weight=87 89 105 86 647 151 91 89 135 85 78 96 466 167 152 87 100 123 130 88 128 147 78 476 154 399 126 95 78 78 83 117 135 78 93 87 278 78 152 78 82 78 78 108 230 86 93 78 79 1422 78 93 78 80 147 92 854 78 79 4342 125 136 129 96
leaf_count=87 89 105 86 631 147 91 89 135 85 78 96 466 167 152 87 100 123 130 88 112 147 78 432 154 391 126 95 78 78 83 117 135 78 93 87 278 78 152 78 78 78 78 108 158 86 93 78 79 1238 74 93 78 80 99 84 854 78 71 2326 73 136 129 96
internal_value=-0.000749546 0.00068874 0.000559048 -0.00140188 -0.000728859 0.000423692 0.00132862 0.00607771 0.000401149 0.00200279 6.0055e-05 -0.00020143 0.00115952 0.00262693 0.00449808 -0.000233102 -0.000388197 0.00181392 -8.55086e-05 -0.00166933 -0.00071615 -0.00090535 -0.00023425 0.000189492 -0.000184604 0.000421802 0.00182852 0.00369723 0.000672701 -0.0012319 0.000655712 -0.00114344 0.00064036 -0.000715291 -0.000450683 -0.00078627 0.000128739 -0.00125322 -0.000832612 -0.00142291 -0.000100537 -0.00161784 -0.000760712 -0.00191477 -0.00137345 -0.00108813 -0.00185924 -0.00171659 -0.00192992 -0.00113028 -0.00121585 -0.00186403 -0.00114706 -0.00200223 -0.00145444 -0.00197755 -0.00191864 -0.00192143 -0.00202854 -0.00165136 -0.00170288 -0.00169091 -0.00162157
internal_weight=14731 4594 4507 10137 4390 4421 1862 302 1560 167 1455 1370 595 335 239 2559 2468 317 2611 1779 2151 2028 2523 1768 1614 1215 563 344 249 755 200 1881 252 260 217 652 374 775 285 1629 213 1416 322 5747 811 219 725 623 1651 229 171 1094 158 4936 239 936 544 555 4697 355 214 207 174
internal_count=12247 4590 4503 7657 4122 4417 1862 302 1560 167 1455 1370 595 335 239 2555 2464 317 2551 1571 2147 2024 2463 1760 1606 1215 563 344 249 703 200 1877 252 260 217 652 374 775 285 1625 213 1412 322 3535 795 219 709 623 1459 221 171 1090 158 2740 183 932 544 503 2557 231 214 207 174
is_linear=0
shrinkage=0.0686502


Tree=24
num_leaves=60
num_cat=0
split_feature=48 4 9 5 44 9 22 59 59 1 10 57 45 44 26 9 44 23 0 63 16 53 29 26 29 63 60 30 44 62 57 21 43 23 9 19 17 56 29 25 17 17 60 53 56 28 54 34 29 51 36 53 49 53 58 18 52 1 48
split_gain=2.35772 0.975511 0.676667 0.66528 0.574911 0.51663 0.462817 0.393328 0.61857 1.03651 0.370231 1.21126 1.31412 1.07521 0.722158 0.551309 0.462968 0.354531 0.325959 0.336663 0.527737 0.301777 0.302113 0.26544 0.230659 0.225764 0.223256 0.189167 0.364625 0.239715 0.458369 0.209586 0.179174 0.379212 0.725771 0.154917 0.154621 0.117927 0.0981234 0.0949805 0.209052 0.246324 0.0856534 0.0817791 0.181449 0.0658959 0.0548461 0.051252 0.0362983 0.0337597 0.0282892 0.0340882 0.0238756 0.00795242 0.00767227 0.0074897 0.0066195 0.0335778 0.00335537
threshold=1.0000000180025095e-35 999.75000000000011 0.13301347478292308 0.78656609248549325 2.4886194114741316 0.7086201161944764 24.855000000000004 3.3550000000000004 3.7650000000000001 4.3350000000000009 -0.30900554811238695 1003.6500000000002 2305.0645000000009 1.9050061337341881 93.65000000000002 0.40542197401079721 0.75317089766054945 27.515000000000004 3.7050000000000005 0.93414243244643747 33.057951099001642 0.9425 74.250000000000014 94.850000000000009 81.250000000000014 1.8798866249855328 18.365000000000006 93.250000000000014 1.8530964572809359 31.58408977945577 1002.2500000000001 25.815000000000001 27.879791666666669 29.595000000000002 -0.5416228050394748 37.982133438369864 29.713709044554374 999.95000000000016 92.050000000000011 26.175000000000004 27.613855224380917 28.609141921653471 5.035000000000001 0.98250000000000004 1002.5500000000001 91.950000000000017 0.50350000000000017 0.46768160006928966 84.850000000000009 3265.0880000000006 0.54527279102535431 0.23750000000000002 18.950000000000006 0.99450000000000005 3.2750000000000004 26.365912191461295 0.99550000000000016 4.1050000000000013 5.5500000000000007
decision_type=2 2 2 2 2 2 2 2 2 2 2 2 2 2 2 2 2 2 2 2 2 2 2 2 2 2 2 2 2 2 2 2 2 2 2 2 2 2 2 2 2 2 2 2 2 2 2 2 2 2 2 2 2 2 2 2 2 2 2
left_child=1 -1 3 7 5 6 -3 26 9 -9 11 27 -13 15 -15 23 -12 25 19 20 -10 -19 -23 36 -24 46 32 29 31 35 45 -29 48 34 -34 43 -14 -7 -20 40 -39 -42 -35 44 -8 -31 -18 -33 -2 52 -5 -52 56 -50 -45 -53 -48 -58 -4
right_child=2 4 58 50 -6 37 10 8 18 -11 16 12 13 14 -16 -17 17 21 38 -21 -22 22 24 -25 -26 -27 -28 28 -30 30 -32 47 33 42 -36 -37 -38 39 -40 -41 41 -43 -44 54 -46 -47 49 -49 53 -51 51 55 -54 -55 -56 -57 57 -59 -60
leaf_value=0.039577670521464145 -0.0024477211289294946 0.046674406636067346 -0.035583348013344542 -0.11190079326233954 0.04199716970111296 0.0026727252977911111 0.0014062653509444693 -0.0019876093246712643 -0.00065830867445742874 0.017286152242938502 0.0017323377358420167 0.030556365520396634 -0.0076103111949964997 0.02718133591035923 0.027493149504186808 0.024556776862540108 -0.0032535287169412541 -0.0063564366901389772 -0.00065100582150990152 -0.066929630614738361 0.031335415357737949 -0.0096572697745975992 0.013883740609405585 0.0066868982849161863 -0.00082879550769218301 0.014576206696204512 0.0074644620325799386 0.035957165505663614 0.022678117699689276 -0.044465171030338438 0.0049444020953383549 -0.015121475649424131 0.027501935361312041 -0.078337219527055121 -0.12903224871332111 0.0030979853998820647 -5.9816931129465142e-05 -0.020775659755207287 -0.067711093257221716 -0.044718335056728085 0.0013356616971881806 -0.061017600098226772 -0.0060488174295036121 -0.009184623794511397 -0.013451515339758489 -0.044244199566496785 -0.0076372613918616068 -0.0029693738518850737 -0.046116489061102682 -0.045862750153292414 -0.25291851450464181 -0.26559124479279517 -0.0045931152479762984 -0.02429385140148773 -0.0070953647752691707 -0.17082086921162942 -0.022881694022939398 -0.0070536329889215885 -0.15653831299401091
leaf_weight=96 82 124 131 102 102 84 109 98 135 102 119 89 283 79 79 90 101 112 153 80 86 86 114 99 90 79 89 85 135 132 133 154 93 262 88 99 78 225 249 605 78 91 78 524 149 80 689 101 551 78 98 87 108 78 79 1422 78 182 4849
leaf_count=96 82 124 127 86 102 56 109 94 135 102 119 89 283 79 79 90 101 112 153 80 82 86 114 99 90 79 89 85 135 124 133 154 93 250 80 99 78 225 245 573 78 91 78 524 149 80 689 101 551 78 74 83 108 78 79 1210 78 182 2725
internal_value=-0.000810123 0.00026406 -0.00151181 -0.000836028 0.000147104 5.28082e-05 0.000375349 -5.07135e-05 0.00105006 0.00440448 0.000257128 0.000788467 0.00301052 0.00200153 0.00696837 0.000550763 -0.000485854 -0.000776372 8.1283e-05 0.00179185 0.00317698 0.00099784 0.00217277 -0.000405265 0.0036103 -0.00132321 -0.000807436 -0.000205167 0.000961665 -0.00063446 0.00090639 -0.000226 -0.00105104 -7.28017e-05 0.00244364 -0.00119415 -0.00127929 -0.0012923 -0.00118842 -0.00150237 -0.000649982 0.00114956 -0.00143236 -0.00149282 -0.00044032 -0.00105627 -0.0015536 -0.00122449 -0.00175894 -0.00168986 -0.00185404 -0.00192637 -0.00179234 -0.00193764 -0.00193239 -0.00200864 -0.00190644 -0.00150305 -0.00204408
internal_weight=14731 5818 8913 3933 5722 5620 4537 2224 903 200 4413 2577 797 708 158 550 1836 1717 703 301 221 402 290 460 204 1315 1321 1780 475 1305 345 340 1232 521 181 960 361 1083 402 999 394 169 340 861 258 212 1236 255 711 1135 1709 1607 1057 629 603 1509 949 260 4980
internal_count=12247 5750 6497 3645 5654 5552 4529 2192 891 196 4405 2569 797 708 158 550 1836 1717 695 297 217 402 290 460 204 1315 1301 1772 475 1297 337 340 1212 501 173 960 361 1023 398 967 394 169 328 861 258 204 1236 255 711 1135 1453 1367 1057 629 603 1293 949 260 2852
is_linear=0
shrinkage=0.0686502


Tree=25
num_leaves=64
num_cat=0
split_feature=26 4 37 37 24 51 59 44 44 17 22 9 9 9 9 9 43 18 46 44 44 52 52 63 1 26 4 57 55 63 0 33 61 52 61 45 55 55 60 59 52 24 61 53 28 1 29 63 63 4 58 26 18 10 0 4 61 30 9 49 50 9 36
split_gain=2.43482 0.869585 0.573263 0.576553 0.695218 0.428633 0.397589 0.464537 1.01248 0.37255 0.655108 0.572346 0.598702 2.38853 0.52043 0.424946 0.668594 0.420063 0.3739 0.309637 0.483218 0.678838 0.796196 0.366142 0.549457 0.323258 0.39877 0.290583 0.49656 0.274692 0.273551 0.718468 0.164633 0.143055 0.122505 0.103041 0.140851 0.0992853 0.0782073 0.121383 0.28478 0.0949419 0.0781925 0.070649 0.060247 0.0594061 0.0532721 0.0417554 0.0441362 0.0348272 0.0767111 0.142767 0.0304965 0.0298027 0.0712239 0.028499 0.0191115 0.00842227 0.00678121 0.0374901 0.00648399 0.0047635 0.00307327
threshold=85.750000000000014 999.75000000000011 34.567943572894286 34.295303412125008 31.545000000000005 10286.015000000001 0.72500000000000009 1.2449267299557001 1.1607835231774652 27.613855224380917 26.205000000000002 -0.833548052892222 -0.37371625404731884 -0.49750868180287638 -0.65189295912203338 0.021515898191483886 27.473958333333336 25.436506507428529 27.875000000000004 1.1607835231774652 1.2665387042671761 0.96350000000000013 0.99250000000000005 -0.88672712153096522 11.985000000000001 91.15000000000002 1003.35 1004.2500000000001 1003.4500000000002 -2.5272339424791936 2.5350000000000006 26.154951678281325 18.365000000000006 0.49650000000000005 1.3250000000000004 2381.4225000000001 1003.35 1002.6500000000002 1.2750000000000001 3.2350000000000008 0.96950000000000014 30.285000000000004 6.7950000000000008 0.99350000000000016 82.550000000000011 1.9350000000000003 82.15000000000002 -0.52431114390505573 2.076991811190585 1003.35 3.1850000000000005 92.850000000000009 35.32397799176367 -0.99049576193482802 2.4550000000000005 1003.35 18.775000000000002 83.750000000000014 -0.74981945761428159 626.90000000000009 1.1333333333334663 -0.81403855522663837 0.72503859662201642
decision_type=2 2 2 2 2 2 2 2 2 2 2 2 2 2 2 2 2 2 2 2 2 2 2 2 2 2 2 2 2 2 2 2 2 2 2 2 2 2 2 2 2 2 2 2 2 2 2 2 2 2 2 2 2 2 2 2 2 2 2 2 2 2 2
left_child=5 -2 3 4 9 6 -1 8 43 17 11 55 13 14 -13 34 -17 -3 19 37 21 -21 -23 24 25 52 -27 33 -29 -19 31 -31 38 -25 -14 36 -35 -12 60 41 -41 -40 -33 -8 -39 -30 -7 -37 -49 50 -32 -52 -22 54 -48 -11 58 -51 59 61 -9 -55 -42
right_child=1 2 -4 -5 -6 46 7 32 -10 10 18 12 15 -15 -16 16 -18 29 -20 20 23 22 -24 27 -26 26 -28 28 45 30 49 42 -34 35 -36 47 -38 44 39 40 62 -43 -44 -45 -46 -47 53 48 -50 57 51 -53 -54 56 -56 -57 -58 -59 -60 -61 -62 -63 -64
leaf_value=0.034542445229657603 0.03859384843269003 0.043386380425680313 -0.059952291298580464 0.01440103845830612 0.026707271274338511 -0.14336014652171741 -0.077387354470330696 -0.0086662853038740831 0.021726195305602734 -0.0058804383417522749 -0.0038220220590606596 0.023392301484346852 0.00054838231443388771 0.022051821132480717 -0.008560381051888815 0.017466145277506222 -0.0013132030239088317 0.028321125058238476 0.015436607997532308 -0.024346003513354721 -0.012850447149651736 0.017039306902646153 -0.0019917008725041196 0.0065630439431435053 0.0066216549303259493 -0.002700865180706702 0.00083656793605131662 0.010171907690826078 -0.06061730967469902 0.043651878329178551 -0.01027299636535358 -0.011796166444798325 0.0033766738379072828 -0.019388383294468851 -0.035275021045065039 -0.00065452439540978605 0.0001514774510807677 -0.0022353617114227523 -0.06140150888613715 0.0035588453421628659 -0.21598528924391222 -0.0069469521925208857 -0.038313776033285604 -0.0023515431527733558 -0.012938249551514298 -0.0014010204684637287 -0.44089633066338857 -0.018156699399422507 -0.0072867326033307653 -0.047236846941833562 -0.0076097045491785448 -0.001849900084871698 -0.037743064149358442 -0.30943829705458914 -0.04548860985448569 -0.036087200572475019 -0.13502124695759316 -0.01123092813728409 -0.37098288516649536 -0.2486789278558382 -0.083704049804916164 -0.11762200193017394 -0.13554206486903841
leaf_weight=143 104 94 539 85 118 230 144 91 93 122 148 105 81 83 127 146 149 83 82 83 142 81 89 131 88 105 113 104 98 84 201 191 103 103 154 136 139 118 466 112 100 79 78 78 513 78 147 686 79 78 87 83 78 488 78 78 158 750 4225 79 928 97 78
leaf_count=139 104 94 483 85 118 122 140 91 93 122 148 105 81 83 127 146 149 83 82 83 142 81 89 131 88 105 113 104 98 84 201 191 95 103 154 136 139 118 418 100 88 79 78 78 513 78 111 686 79 78 87 83 78 472 78 78 118 750 2217 79 800 97 74
internal_value=-0.000754205 0.000196461 9.84448e-05 0.000286885 0.000206874 -0.00157297 -0.000806095 -0.00102922 0.00140452 0.000102171 0.000449324 0.00194016 0.00272301 0.00509258 0.00145983 0.00129489 0.00302771 -0.000745598 -3.74668e-05 -0.000160609 0.000233323 0.00305803 0.0055356 -0.000109632 0.00145048 0.000434931 0.00231004 -0.000641908 0.00134745 -0.00100573 -0.00121458 0.000452075 -0.00142436 -0.00108425 -0.00086351 -0.00133253 -5.18998e-05 -0.00134532 -0.0015741 -0.00106483 5.27777e-05 -0.00166764 -0.00126772 -0.00110117 -0.00172093 -0.000852726 -0.00190833 -0.00167008 -0.00186969 -0.00170956 -0.00111591 -9.62791e-06 -0.00140253 -0.00195381 -0.00111386 -0.0013373 -0.00198989 -0.00196687 -0.00201572 -0.00173772 -0.00198421 -0.00192849 -0.00163134
internal_weight=14731 6814 6710 6171 6086 7917 2415 2272 315 5968 4239 1045 845 315 232 530 295 1729 3194 3112 2333 253 170 2080 526 438 218 1554 280 1635 1552 353 1957 1274 235 1143 242 779 1854 835 290 545 269 222 631 176 5502 901 765 1199 371 170 220 5272 225 200 5047 828 4889 664 1019 585 178
internal_count=12247 6758 6654 6171 6086 5489 2195 2056 311 5968 4239 1045 845 315 232 530 295 1729 3194 3112 2333 253 170 2080 526 438 218 1554 280 1635 1552 353 1745 1274 235 1143 242 779 1650 759 262 497 269 218 631 176 3294 901 765 1199 371 170 220 3172 189 200 2983 828 2865 648 891 569 162
is_linear=0
shrinkage=0.0686502


Tree=26
num_leaves=67
num_cat=0
split_feature=21 4 26 19 1 26 61 53 10 61 44 44 30 44 1 10 17 9 53 20 20 37 9 37 11 61 56 32 25 37 55 58 30 36 44 63 37 36 27 22 38 43 23 55 52 31 40 30 61 36 18 7 61 3 58 10 55 61 63 24 18 41 26 18 10 39
split_gain=2.34972 0.843398 0.702681 0.842266 0.851469 0.779926 0.510273 0.39545 0.499466 0.474493 0.3523 0.960545 0.65609 1.08401 0.663499 0.440194 0.344707 0.474432 0.291032 0.257815 0.253163 0.325251 0.243181 0.497159 0.241748 0.41082 0.657524 0.23653 0.229935 0.544016 0.784675 0.297936 0.180716 0.180081 0.291724 0.178248 0.16649 0.142128 0.375487 0.133176 0.13043 0.0992345 0.323897 0.0867704 0.0805669 0.0625443 0.0517549 0.108008 0.0410264 0.0371733 0.0365455 0.0322113 0.0640897 0.0311914 0.141937 0.0147801 0.0136195 0.0264626 0.00876004 0.00834284 0.00745403 0.00723611 0.00698971 0.00592711 0.00573925 0.00279343
threshold=28.705000000000002 999.75000000000011 94.250000000000014 35.24909959491567 1.0450000000000002 95.050000000000011 13.730000000000002 0.9385 -0.98518361333263327 2.3150000000000004 1.4390205841569186 1.1408665314749629 87.050000000000011 1.238925104862326 0.8650000000000001 -0.55599684127981919 28.980132016619393 -0.15855791680139872 0.95250000000000001 26.568282417139944 26.114078761122226 28.429653253086055 -0.45206801762443477 33.013591711976311 10.500000000000002 7.1750000000000007 1004.0500000000001 -0.25499999999999895 26.755000000000006 32.440935928629543 1002.9500000000002 1.3450000000000004 94.550000000000011 1.9516806457867242 1.8579484299983411 -2.1627624537286745 33.218311084903426 0.61122895658281517 74.250000000000014 28.275000000000002 3.9905455822221412 27.977708333333339 26.645000000000003 1003.0500000000001 0.97750000000000015 -3.8541842405120881 0.23501772982859595 92.950000000000017 16.315000000000001 2.4321141516130935 31.884001011787166 -0.98296291314453399 1.6250000000000002 0.9385 4.2950000000000008 -0.99626127116974506 1004.35 4.0450000000000008 1.8798866249855328 26.875000000000004 32.041667262009689 28.116666666666671 91.15000000000002 29.521968657004212 -0.86955717898714324 28.255000000000006
decision_type=2 2 2 2 2 2 2 2 2 2 2 2 2 2 2 2 2 2 2 2 2 2 2 2 2 2 2 2 2 2 2 2 2 2 2 2 2 2 2 2 2 2 2 2 2 2 2 2 2 2 2 2 2 2 2 2 2 2 2 2 2 2 2 2 2 2
left_child=1 -1 7 6 -5 -6 32 8 9 -3 11 24 13 -13 -14 -15 17 27 -12 20 21 -10 23 37 61 26 -26 -16 29 33 36 -30 63 40 -35 -21 -31 38 -2 64 46 53 -43 -27 62 -33 60 -48 59 56 -45 52 -24 58 -55 -53 -47 -58 -37 -39 -20 -9 -44 -4 -18 -57
right_child=22 2 3 4 5 -7 -8 10 19 -11 18 12 14 15 16 -17 39 -19 28 35 -22 -23 51 -25 25 43 -28 -29 31 30 -32 45 -34 34 -36 41 -38 48 -40 -41 -42 42 44 50 -46 49 47 -49 -50 -51 -52 55 -54 54 -56 65 57 -59 -60 -61 -62 -63 -64 -65 -66 -67
leaf_value=0.035714811803104089 -0.24011228476422811 0.011173057404735813 -0.010358028083094741 0.045896999014344894 0.027658684200203378 -0.012666270416569982 0.02190108959417791 -0.047952402032640964 0.0077992593712784873 -0.013503650659521185 0.00055659548675976249 0.020907750726692799 0.010672103600193817 0.0068610682532465102 0.030052136881481711 -0.077091194293876161 -0.0032183950296348334 0.040484029517878127 -0.0051442106421701866 -0.013542403909799865 0.021055725592525647 -0.010463056564273378 -0.14079908756613621 0.01714256692492231 0.0064445335547038268 -0.00029363530392238817 -0.0028168854639211379 -0.0031196471135037304 0.001359646622491571 0.0047672584427649401 0.024680262172190309 -0.0072085994811370525 -0.0054284122730374699 0.0028030907321840329 -0.014270975252442877 -0.050345080741704192 -0.03168871278240154 -0.24839964557578439 0.015251988837050078 0.00058378971014546612 -0.011472078148664534 0.0093368457746953286 -0.047589797029780855 -0.019295405867440989 -0.0058228438086362138 -0.04328275461839564 -0.02713076103131282 -0.00092089143828140636 -0.072162773089208182 -0.098951020034928075 -0.012977618976094627 -0.13152193863866132 -0.0953826141188822 -0.024130495893302972 0.0090215294969782488 -0.22653292763818625 -0.033160778419390795 -0.041981539584577302 -0.062146210815224048 -0.16395853692449261 -0.0016856702859530889 -0.046242256894788787 -0.0020205917285536466 -0.01758614998781859 -0.0032686837859919188 -0.28195570776470902
leaf_weight=110 138 78 230 79 137 103 90 382 78 96 127 109 134 81 100 101 78 78 423 97 118 217 139 157 88 97 110 104 89 79 110 98 91 112 82 1212 102 708 79 79 78 97 343 237 80 733 102 78 78 80 78 199 83 242 81 139 105 78 79 78 78 78 78 78 216 4415
leaf_count=110 138 78 230 79 137 103 90 382 78 96 127 109 134 81 100 101 78 78 423 97 118 217 107 141 88 97 110 104 89 79 110 98 91 112 82 1212 102 656 79 79 78 97 327 237 80 725 102 78 78 80 78 151 67 242 81 107 105 78 79 78 78 78 78 78 216 2151
internal_value=-0.000744886 -3.73737e-06 -8.29719e-05 0.00183907 0.00457483 0.00248056 3.55629e-05 -0.000288311 -0.000919398 0.00262331 9.92699e-05 0.000747439 0.0021916 0.00497529 0.00115112 0.00167062 0.000237821 0.00205002 -0.000444443 -0.00114904 0.000419756 -0.000642418 -0.00175992 -0.000889755 -0.00070634 0.000182344 0.00274823 0.000268684 -0.000614404 3.32979e-05 0.0026278 -0.00129912 -0.00101045 -0.000756244 0.00109033 -0.00143199 -0.000133223 -0.00141773 0.000130127 -0.00112095 -0.00123625 -0.00155957 -0.000786095 -0.00104344 -0.00149669 -0.00161335 -0.00154454 -0.000500968 -0.00181208 -0.001776 -0.00159976 -0.00197509 -0.00110117 -0.00184196 -0.00118791 -0.00201447 -0.00190093 -0.00127074 -0.00200006 -0.00196193 -0.00190659 -0.001893 -0.00187763 -0.00181122 -0.00179945 -0.00204264
internal_weight=14731 8518 8408 808 319 240 489 7600 2896 174 4704 2150 1080 291 789 182 655 282 2554 2722 413 295 6213 1238 1070 610 198 204 2427 1244 291 1183 399 953 194 2309 181 1081 217 373 759 2212 598 412 501 1094 681 180 864 996 315 4975 222 1614 323 4753 916 183 1291 786 501 460 421 308 294 4554
internal_count=12247 8494 8384 808 319 240 489 7576 2880 174 4696 2150 1080 291 789 182 655 282 2546 2706 413 295 3753 1170 1070 610 198 204 2419 1244 291 1175 399 953 194 2293 181 1029 217 373 759 2196 582 412 485 1086 681 180 812 988 315 2583 174 1614 323 2409 908 183 1291 734 501 460 405 308 294 2258
is_linear=0
shrinkage=0.0686502


Tree=27
num_leaves=63
num_cat=0
split_feature=51 37 37 24 9 9 19 31 52 54 0 43 61 35 63 21 42 21 10 37 1 45 29 25 32 55 37 43 21 26 27 10 58 44 38 25 18 45 38 44 59 61 17 35 37 37 43 43 29 61 17 36 29 0 17 59 44 63 40 42 59 1
split_gain=2.25748 0.688406 1.47851 0.898624 0.528449 0.888401 0.819457 1.44485 0.58104 1.17601 0.401173 0.501214 0.592542 0.369726 0.35108 0.324652 0.295074 0.283001 0.268255 0.256441 0.268092 0.600583 0.246092 0.604797 0.226651 0.299065 0.200121 0.632631 0.67354 0.189368 0.142714 0.171058 0.369194 0.130842 0.787172 0.473563 0.121701 0.0847049 0.131397 0.268122 0.149466 0.0727661 0.063543 0.17474 0.0934234 0.278959 0.0906537 0.0571171 0.052678 0.0463534 0.0429081 0.0415408 0.0383435 0.0344664 0.052015 0.0288807 0.0438647 0.0244786 0.00858469 0.0334486 0.00828971 0.00573529
threshold=10286.015000000001 34.723854262679822 34.352485296090158 29.385000000000002 -0.2760944163666606 -0.49750868180287638 35.601322004270486 -1.7886155281050369 0.97750000000000015 0.96650000000000003 2.8850000000000002 27.674375000000001 5.035000000000001 34.518290478367248 -3.3108120426755163 26.055000000000003 0.099104318932582577 25.245000000000001 0.80898702767051955 28.025899529916398 16.085000000000004 2430.3685 68.850000000000009 25.815000000000001 -1.0499999999999987 1003.1500000000002 32.088364635388118 28.080208333333335 26.775000000000002 94.250000000000014 88.950000000000017 -0.61186373645567615 3.4550000000000005 1.3118427614998727 2.8382811532220842 27.935000000000006 34.29100279336005 2348.7730000000006 3.3992511835594956 1.515997184599909 2.0650000000000004 12.775 29.439948202425899 29.711475783190732 29.729006181292878 30.005788151045437 28.069166666666671 28.528541666666669 71.750000000000014 18.775000000000002 37.53059528448324 1.6984235571288038 82.15000000000002 3.5250000000000004 27.406954523602465 3.8050000000000002 1.4514966630144557 0.21743920089710581 0.10000000000432692 0.47350642257104719 6.0050000000000008 9.2850000000000019
decision_type=2 2 2 2 2 2 2 2 2 2 2 2 2 2 2 2 2 2 2 2 2 2 2 2 2 2 2 2 2 2 2 2 2 2 2 2 2 2 2 2 2 2 2 2 2 2 2 2 2 2 2 2 2 2 2 2 2 2 2 2 2 2
left_child=1 2 4 -4 5 10 8 -8 9 -7 17 13 -13 16 -6 -10 -12 -1 24 -16 22 -22 23 -21 25 -18 37 28 -28 -26 49 32 57 34 35 51 -25 -19 39 40 -39 -17 43 44 -35 -46 53 -29 -44 52 60 -24 -2 -47 -55 56 -3 -32 59 -54 -50 -33
right_child=30 55 3 -5 14 6 7 -9 15 -11 11 12 -14 -15 19 41 18 26 -20 20 21 -23 33 36 29 -27 27 47 -30 -31 31 61 -34 42 -36 -37 -38 38 -40 -41 -42 -43 48 -45 45 46 -48 -49 50 -51 -52 -53 58 54 -56 -57 -58 -59 -60 -61 -62 -63
leaf_value=0.029281586764770932 -0.095797635199796075 -0.052798336347638017 -0.0011410183794814872 0.026121030607051669 0.034114497548031794 -0.0036343845909241009 -0.0010183961881047149 0.034006539780031694 0.0030253079216133252 0.0092201755293798253 0.013734887469555609 0.014593734348667705 -0.012078569090096814 0.01338776829736199 0.040679976932642747 -0.0052567024803928854 -0.0016532284166320792 -0.01886002834682168 0.0075690755402988159 0.017888367445377279 -0.017464748523246833 0.012442084523746266 -0.023582362654698184 -0.017304145840732397 -0.0099565264520330241 0.0014407505933120347 -0.0022172315648940001 -0.014128379365790825 0.011845312413916237 0.0028049148054825413 -0.082922584472874594 -0.13872695333495058 0.025355133330065571 -0.019394971119581564 0.034629487873989631 0.00019129154336635366 -2.5697118075154673e-05 0.0026638699710487472 -0.018929613883286373 0.0069644826318413884 -0.021834042000081291 -0.0020342294419353202 -0.0023693000226926103 -0.0016006446373063982 0.023206854865402058 -0.023018909439775272 -0.0015535218202914522 -0.0054294734931195181 -0.038826273352331367 -0.045920826259706934 -0.18025693133342208 -0.0025723347516449966 -0.25048598720463355 -0.033198970070484377 -0.0029273076819992584 -0.024797089642206043 -0.10203420031182749 -0.16335468771574352 -0.3339562489569935 -0.35518256260633035 -0.056532252415507675 -0.091698338346453259
leaf_weight=92 194 161 84 122 118 113 78 100 104 87 78 128 85 93 98 204 98 459 92 86 103 99 496 158 494 86 92 235 89 106 125 296 109 413 85 81 82 78 270 136 247 84 119 82 78 342 144 105 919 158 78 80 173 82 80 89 792 86 4108 415 80 83
leaf_count=92 98 133 80 122 118 113 78 100 104 87 78 128 85 93 98 196 98 459 92 86 103 99 496 158 494 86 92 235 89 106 105 240 105 413 85 81 82 78 270 136 247 80 119 82 78 342 144 105 911 122 74 80 109 82 80 69 596 58 2360 263 80 75
internal_value=-0.000744886 -6.45119e-05 0.000152661 0.00587221 -3.3958e-08 0.000571736 0.00265403 0.0067273 0.00140716 0.00440448 4.55691e-05 0.000986351 0.00401261 0.000361053 -0.000562888 -0.000119356 -3.9089e-05 -0.000609255 -0.000407159 -0.000679423 -0.000773041 0.00164136 -0.000915101 0.000868831 -0.000825441 0.00126018 -0.000811965 0.000301447 0.0035725 -0.00147519 -0.00180729 -0.000871704 0.00028278 -0.00110116 -0.000294017 -0.00110872 -0.000888278 -0.00130358 -0.000829871 -0.000111938 -0.00119325 -0.00131969 -0.00134647 -0.000985804 -0.00120958 -0.000727047 -0.00120125 -0.00143236 -0.00170869 -0.00193552 -0.00186095 -0.00180756 -0.00197362 -0.00163585 -0.000749356 -0.0017227 -0.00183515 -0.0013747 -0.00201392 -0.00169623 -0.00198271 -0.00185755
internal_weight=14731 8984 7942 206 7736 3833 770 178 592 200 3063 1260 213 1047 3903 392 954 1803 876 3785 3687 202 3485 326 784 184 1711 521 181 600 5747 699 320 3159 742 657 240 1190 731 461 325 288 2417 1221 1139 726 648 340 1196 5048 1077 576 4890 504 162 1042 953 211 4696 588 999 379
internal_count=12247 8712 7914 202 7712 3821 758 178 580 200 3063 1260 213 1047 3891 380 954 1803 876 3773 3675 202 3473 326 784 184 1711 521 181 600 3535 583 268 3147 742 657 240 1190 731 461 325 276 2405 1221 1139 726 648 340 1184 2952 1065 576 2830 504 162 798 729 163 2732 372 991 315
is_linear=0
shrinkage=0.0686502


Tree=28
num_leaves=68
num_cat=0
split_feature=20 19 60 26 44 46 38 59 62 61 26 43 54 61 16 38 24 43 24 53 59 16 52 3 28 1 19 57 0 34 44 41 17 3 30 9 11 53 45 62 27 49 0 9 5 10 10 10 62 10 53 27 0 24 29 26 10 58 20 63 10 18 43 3 32 2 27
split_gain=2.23999 0.819783 0.850557 0.68499 0.88024 0.506644 0.758571 0.492925 0.465505 0.963392 0.348787 0.343336 0.321451 0.307538 0.294358 0.254415 0.319986 0.370303 0.318956 0.300401 0.303155 0.268929 0.237792 0.227439 0.288834 0.550144 0.438892 0.31041 0.381532 0.256369 0.18308 0.346409 0.277062 0.175835 0.217706 0.308048 0.214947 0.427897 0.175627 0.175056 0.140332 0.13664 0.19193 0.131923 0.225035 0.355991 0.103706 0.0658843 0.0596156 0.0581333 0.0989889 0.046586 0.0464049 0.0458351 0.0442753 0.0338349 0.0322756 0.0673809 0.0260574 0.00851961 0.00811957 0.00690451 0.00688983 0.00392811 0.00309503 0.00218465 0.000836819
threshold=34.908745265720874 35.101941000341832 3.8750000000000004 94.15000000000002 1.9050061337341881 28.185000000000006 3.020782513117521 0.72500000000000009 27.281988182327641 11.985000000000001 84.65000000000002 26.16479166666667 0.98250000000000004 2.4650000000000003 31.420591915300697 2.510245717587908 30.915000000000003 28.453958333333336 29.715000000000003 0.99250000000000005 2.8050000000000002 30.364737315733546 0.97850000000000004 0.51650000000000007 82.850000000000009 16.315000000000001 26.716061688244334 1001.9500000000002 3.5550000000000002 0.76686464748069572 1.8530964572809359 28.568333333333339 34.860962839197931 0.95150000000000012 93.550000000000011 -0.3896268414500369 9.5000000000000018 0.98650000000000004 2436.6785000000004 33.253131822957641 93.250000000000014 349.85000000000008 2.9150000000000005 -0.5416228050394748 0.78656609248549325 -0.65187484896379921 -0.69014782361074123 -0.94128245028753155 24.614145606245724 -0.74979862697202038 0.97450000000000003 94.450000000000017 1.5950000000000004 26.675000000000004 76.350000000000009 89.950000000000017 -0.99271195016773384 2.3250000000000006 34.687287518249136 1.7195836775836038 0.98662138620987927 33.395550441188661 27.907708333333336 0.98150000000000015 -1.7049999999999998 162.75000000000003 91.65000000000002
decision_type=2 2 2 2 2 2 2 2 2 2 2 2 2 2 2 2 2 2 2 2 2 2 2 2 2 2 2 2 2 2 2 2 2 2 2 2 2 2 2 2 2 2 2 2 2 2 2 2 2 2 2 2 2 2 2 2 2 2 2 2 2 2 2 2 2 2 2
left_child=1 2 10 7 12 8 -7 -3 9 40 58 -12 -5 -10 15 -9 18 -18 19 20 -17 47 -8 -15 25 29 -26 28 65 -25 31 63 -33 39 36 -36 41 -38 -19 48 -4 62 -43 44 45 -2 -14 -20 -13 50 -50 52 -29 -46 -51 -31 57 -45 60 -56 -1 -49 -35 -16 -58 -28 -66
right_child=43 3 5 4 -6 6 22 14 13 -11 11 33 46 23 30 16 17 38 21 -21 -22 -23 -24 24 26 -27 27 51 -30 55 -32 32 -34 34 35 -37 37 -39 -40 -41 -42 42 -44 56 53 -47 -48 61 49 54 -52 -53 -54 -55 59 -57 64 -59 -60 -61 -62 -63 -64 -65 66 -67 -68
leaf_value=-0.12026547100826322 0.0094298878930764475 0.025609689419437098 -0.0039539368116651256 0.027514531501390081 0.032112675440881255 0.019715121656370547 0.0082990950378010967 0.005201918171503621 0.0062253467632433996 0.034184197129402134 0.038314756089529861 -0.042433589403787171 -0.01679502929368349 0.00069110085922636198 -0.034618867247156238 -0.00041452893730729797 0.02210675743899658 -0.082716790279920405 -0.0025536592541507475 -0.0046568701300217525 0.0032317061643954959 0.0010606703171303522 -0.071545878847060942 0.0031267239749947365 0.0080413434541151321 0.0019876331111540304 -0.0033304502626983223 -0.0058180735263628535 0.012792223570536653 -0.0029170232165758171 -0.01898176802513795 0.010556629925338236 -0.034786455349503816 -0.0093615397225682833 0.0062863856837169886 -0.028492232779348724 -0.0020597262640022324 0.0043302787342180188 0.0084556754075745342 -0.0011596647677024595 -0.010603151085856541 -0.030284424016582299 0.0038838455008554052 -0.35949391246509926 -0.2825233608032372 -0.11732571774363687 -0.0043882430700981868 -0.0056317589467503905 0.0064371552937572555 -0.0024537483717023468 -0.036255707515778474 -0.001660347343710988 -0.017328205549216481 -0.094856439512700799 -0.025629165055064341 -0.028540684095681109 -0.052652165118204426 -0.035308273416339755 -0.25304094500913987 -0.0049179207448657621 -0.078897140411432684 -0.0034238581490296624 -0.0012157120697483541 -0.01205589634214646 -0.25802373380987331 -0.058255603445987909 -0.098117158130468146
leaf_weight=1354 84 90 85 78 133 91 93 81 114 88 81 89 94 117 78 80 101 94 145 114 98 109 85 149 78 99 79 78 138 186 332 82 80 329 85 95 78 86 78 92 90 107 138 145 442 120 78 331 78 148 86 137 968 141 808 78 128 81 119 78 83 78 78 126 4089 78 178
leaf_count=1326 80 90 85 78 133 91 93 81 114 88 81 89 94 117 78 80 101 94 145 114 98 109 85 149 78 99 79 78 138 186 328 82 80 329 85 95 78 86 78 92 90 107 138 97 402 120 78 331 78 148 86 137 968 129 808 78 88 81 115 78 83 78 78 126 1841 78 122
internal_value=-0.000730906 -8.55053e-05 -0.000473558 0.000982792 0.00364895 0.000436126 0.00326295 0.000491185 0.00013562 0.0028645 -0.00111669 -0.000603521 0.00120789 -0.000175889 0.000263675 0.00087246 0.00061892 0.00268508 1.96723e-05 0.00190998 0.00366666 -0.000807348 0.000606027 -0.000360262 -0.000529579 0.000877657 -0.000996359 -0.00126513 0.000711896 -0.000217664 -0.000870006 0.000176382 0.0025471 -0.00075611 -5.53378e-05 0.00209009 -0.000537822 0.0016615 0.000698238 -0.00125789 -6.77177e-05 -0.00110145 0.000159913 -0.00184225 -0.00100428 0.000937007 -0.00042908 -0.0014268 -0.00146706 -0.0015948 -0.00035024 -0.0017628 -0.00192061 -0.00169312 -0.0017864 -0.00151143 -0.00198348 -0.00111802 -0.00192202 -0.00197293 -0.00200609 -0.00187231 -0.0018714 -0.00168552 -0.00202641 -0.00157459 -0.0020415
internal_weight=14731 9323 6843 2480 383 2831 269 2097 2562 263 4012 2456 250 2299 2007 1309 1228 273 955 292 178 663 178 2185 2068 512 1556 1478 295 413 698 366 162 2375 996 180 816 164 172 1379 175 652 245 5408 787 204 172 554 1287 1198 164 1183 1046 583 1034 264 4621 226 1556 886 1437 409 407 204 4395 157 4267
internal_count=12247 9287 6811 2476 383 2831 269 2093 2562 263 3980 2456 250 2299 2003 1309 1228 273 955 292 178 663 178 2185 2068 512 1556 1478 295 413 694 366 162 2375 996 180 816 164 172 1379 175 652 245 2960 731 200 172 554 1287 1198 164 1183 1046 531 1034 264 2229 178 1524 886 1409 409 407 204 2051 157 1963
is_linear=0
shrinkage=0.0686502


Tree=29
num_leaves=69
num_cat=0
split_feature=51 37 37 20 9 9 38 50 60 62 0 10 19 56 20 26 45 58 37 36 30 38 42 60 62 52 63 44 44 63 31 38 38 44 29 9 5 10 0 10 61 60 37 30 45 25 52 53 4 50 1 44 53 58 61 50 0 1 61 47 30 35 1 4 0 0 17 30
split_gain=2.2072 0.664959 1.2988 1.00975 0.5116 0.650979 0.630951 1.30212 0.838498 0.42445 0.515264 0.435957 0.725509 0.818812 0.408875 0.714891 0.382076 0.513904 0.331041 0.55996 0.312016 0.5373 0.298811 0.264573 0.336688 0.228222 0.262321 0.59505 1.08846 0.265278 0.208671 0.397226 0.207092 1.02436 0.163446 0.159799 0.224604 0.340087 0.983912 0.132388 0.118381 0.248448 0.160937 0.0928781 0.136514 0.0889734 0.0875202 0.0776943 0.077449 0.0719686 0.0656709 0.0581496 0.0577245 0.0365578 0.0318532 0.0300372 0.02778 0.0249337 0.0205616 0.0172129 0.00802708 0.00628844 0.00551733 0.00417664 0.00339524 0.00299741 0.00123974 0.00263446
threshold=10387.349500000002 34.723854262679822 34.352485296090158 33.766590284288874 -0.2760944163666606 -0.49750868180287638 3.3012995754080592 1.7500000000001803 2.0250000000000004 26.924207360987207 2.7550000000000003 -0.55599684127981919 35.374807693661289 1002.35 26.716061688244334 93.450000000000017 2427.3500000000004 3.2150000000000003 30.071462909704106 1.5515612912503023 90.65000000000002 3.3739131166545646 0.18805139804471224 0.15500000000000003 26.693026898079243 0.99150000000000016 -0.52431114390505573 1.2730551731011317 1.1074683786131363 -2.1627624537286745 -0.90592537220257074 2.472139164953826 2.5006418124865903 1.1607835231774652 70.550000000000011 0.13301347478292308 0.78656609248549325 -0.61186373645567615 3.5050000000000003 -0.45205545877835862 5.6050000000000013 7.7150000000000007 31.466562115080752 85.050000000000011 2281.6490000000008 25.935000000000006 0.94350000000000012 0.99050000000000005 1003.5500000000001 683.88333333333355 1.9350000000000003 1.4514966630144557 0.29250000000000004 3.5450000000000004 4.5050000000000008 252.90000000000015 1.3150000000000002 11.985000000000001 0.10500000000000002 34.70000000000001 80.850000000000009 27.821178507840415 7.1750000000000007 1004.7500000000001 3.6350000000000002 3.0050000000000003 30.323202215425859 78.15000000000002
decision_type=2 2 2 2 2 2 2 2 2 2 2 2 2 2 2 2 2 2 2 2 2 2 2 2 2 2 2 2 2 2 2 2 2 2 2 2 2 2 2 2 2 2 2 2 2 2 2 2 2 2 2 2 2 2 2 2 2 2 2 2 2 2 2 2 2 2 2 2
left_child=1 2 4 -4 5 9 16 -8 -9 -1 32 12 13 -12 15 20 17 -7 19 22 21 -6 -13 58 -25 26 27 28 -26 -29 31 -20 33 63 -28 36 37 38 50 -33 56 42 -42 44 -36 -27 -43 -31 -22 52 -2 -3 -38 -53 -41 -54 -34 -24 -16 -45 -47 -32 -39 -11 -18 -15 67 -37
right_child=35 51 3 -5 14 6 7 8 -10 10 11 18 -14 65 23 -17 64 -19 30 -21 48 -23 57 24 25 45 34 29 -30 47 61 39 40 -35 43 66 49 62 -40 54 41 46 -44 59 -46 60 -48 -49 -50 -51 -52 53 55 -55 -56 -57 -58 -59 -60 -61 -62 -63 -64 -65 -66 -67 -68 -69
leaf_value=0.030417936652819545 -0.24947018459731249 -0.032348607618438455 0.02540596439143325 -0.0011427605401261439 -0.038545984122942301 -0.0014915717805378608 0.032289697907656477 -0.023234337632623427 0.0082763339261401215 -0.065148340922497175 0.011032535617910644 0.010903864968087075 0.032146201841734279 -0.0098052241306600674 -0.045698899505921819 0.036201711392565152 -0.022845560137328951 0.00592558186172571 0.0062717123851668433 0.014418676412614571 -0.0014384612974146891 -0.01284855229616387 -0.0037413140519701365 0.0010349179066137702 -0.063237836639379444 -0.029508844065055041 5.4074120397996949e-05 0.01184241882047856 0.037207206899559045 -0.029905688080638836 -0.024581125237978185 -0.00098033024298291738 -0.015323993284578835 0.010363419294374577 -0.23410139489064186 -0.44500618111461521 -0.1054441942326038 -0.13013904699146639 0.0306154102573757 -0.0011840128422366621 0.0015661867208927418 -0.00083306433721396997 -0.015437147479434948 -0.015745078323317327 0.0013845443513505618 -0.041982034792177762 -0.0076059661557018685 -0.0047874140299368146 -0.018809255755913763 -0.04086625378558343 -0.092833691051190589 -0.10324785080446416 -0.11575619101914071 -0.023526832130797943 -0.030610993023995794 -0.16574030220496755 -0.014484377895764915 -0.021388301654028732 -0.059925238244452395 -0.026428186196954206 -0.013526087244887472 -0.013353648424300153 -0.042073074002462699 -0.013348427297535119 -0.0019984907249058453 -0.04108900746880198 -0.36044489386330575 -0.083163212040276921
leaf_weight=104 121 178 124 82 81 150 112 128 84 135 99 80 92 78 697 150 109 110 78 83 84 98 78 140 90 133 114 80 96 241 78 92 111 78 111 89 123 201 81 78 78 78 82 386 146 78 286 83 251 93 78 776 113 93 158 1221 597 94 140 141 576 261 78 78 78 98 3441 78
leaf_count=104 101 146 124 78 81 150 112 128 80 135 99 80 92 78 697 150 109 102 78 83 84 98 78 140 90 133 114 80 96 241 78 92 111 78 99 89 99 201 81 78 78 78 82 386 146 78 286 83 251 81 78 600 93 53 158 1025 597 94 140 141 576 261 78 78 78 98 1505 78
internal_value=-0.000702948 -3.30768e-05 0.000180182 0.00554127 3.62093e-05 0.000599222 0.00238131 0.00468385 0.00146797 0.00014965 -5.53642e-07 0.000924889 0.00296521 0.00116074 -0.000515282 0.00103207 0.000691042 0.00239584 0.00022371 0.00201479 -0.000179009 0.00211309 0.000369486 -0.000833143 -0.000465179 -0.000668697 -0.00016427 0.000954591 0.00415477 -0.000515424 -0.000577023 0.000462351 -0.000883279 0.000749803 -0.000905527 -0.00175795 -0.00127494 -8.50144e-05 0.00159138 -0.000575983 -0.00127367 -0.000476103 0.0017537 -0.00126246 -0.000168422 -0.00161377 -0.00147355 -0.00140153 -0.00142304 -0.00170024 -0.000991201 -0.00165883 -0.00181854 -0.00189237 -0.0014468 -0.00195057 -0.00185444 -0.00122071 -0.00188599 -0.0017842 -0.00194228 -0.00183382 -0.00178554 -0.00170122 -0.00165179 -0.00162651 -0.00203822 -0.00160337
internal_weight=14731 9014 7967 206 7761 3845 771 324 212 3074 2970 1447 367 275 3916 664 447 260 1080 335 514 179 252 3252 2415 2275 1488 590 186 404 745 406 1523 291 898 5717 2109 559 280 328 1232 524 160 784 257 787 364 324 335 1550 199 1047 1457 869 236 1334 708 172 837 527 654 339 279 213 187 176 3608 167
internal_count=12247 8738 7939 202 7737 3833 759 320 208 3074 2970 1447 367 275 3904 664 439 252 1080 335 514 179 252 3240 2403 2263 1476 590 186 404 745 406 1523 291 886 3509 1837 539 260 328 1232 524 160 772 245 787 364 324 335 1298 179 799 1217 653 236 1118 708 172 837 527 654 339 279 213 187 176 1672 167
is_linear=0
shrinkage=0.0686502


Tree=30
num_leaves=71
num_cat=0
split_feature=51 37 37 36 54 22 17 62 57 44 22 30 62 52 1 41 53 53 34 3 3 44 61 45 45 43 53 9 30 9 61 28 18 45 43 52 10 24 0 10 17 3 59 57 47 4 22 58 43 44 31 37 56 29 48 59 20 57 55 55 41 19 29 1 49 3 30 17 24 0
split_gain=2.31901 0.569632 1.01337 0.842189 0.433435 0.57646 0.413569 0.495931 0.646617 0.573645 0.880955 0.431577 0.546503 0.383644 0.400246 0.484814 0.606233 0.973423 0.995985 0.437296 0.429141 0.548811 0.393673 0.324836 0.312821 0.236275 0.812258 0.233198 0.232219 0.218346 0.218452 0.373738 0.212957 0.158855 0.323627 0.610714 0.269419 0.151884 0.144447 0.455737 0.135346 0.127146 0.106032 0.0983048 0.0750159 0.0710668 0.179585 0.268797 0.0649363 0.0602195 0.0542328 0.0591739 0.118188 0.0521461 0.035167 0.0348296 0.0340423 0.0319773 0.0253565 0.0673809 0.00810687 0.00775413 0.00762656 0.00757033 0.00611252 0.00591425 0.0052184 0.00474898 0.00362564 0.00232521
threshold=8295.0915000000023 34.723854262679822 34.352485296090158 1.1172521809666283 0.6795000000000001 24.855000000000004 27.447642719874818 28.012743273043203 1002.2500000000001 1.7672441026816788 26.055000000000003 92.65000000000002 27.034034022890562 0.99450000000000005 3.0050000000000003 28.140833333333337 0.92050000000000021 0.98550000000000015 0.89771823808759266 0.58850000000000013 0.98950000000000016 1.1896764180296786 5.035000000000001 2484.9520000000007 2285.3820000000005 27.446458333333339 0.98550000000000015 -0.72660079619119988 94.15000000000002 0.13301347478292308 14.235000000000001 88.550000000000011 30.974534339295168 2248.4345000000008 27.927708333333335 0.80750000000000022 -0.9574497222574998 30.385000000000002 2.5450000000000004 0.16704543776228128 29.713709044554374 0.98250000000000004 2.2650000000000001 1004.0500000000001 136.65000000000001 1003.35 25.535000000000004 2.9850000000000008 27.272083333333338 1.4514966630144557 -3.7021009136887684 31.752015918968606 1003.4500000000002 92.050000000000011 38.900000000000006 3.5450000000000004 28.170886410328627 1001.85 1005.85 1006.6500000000002 28.875833333333336 27.133877134651609 90.350000000000009 0.075000000000000025 681.80000000000007 0.89250000000000018 90.750000000000014 33.566110955964795 28.095000000000002 3.1850000000000005
decision_type=2 2 2 2 2 2 2 2 2 2 2 2 2 2 2 2 2 2 2 2 2 2 2 2 2 2 2 2 2 2 2 2 2 2 2 2 2 2 2 2 2 2 2 2 2 2 2 2 2 2 2 2 2 2 2 2 2 2 2 2 2 2 2 2 2 2 2 2 2 2
left_child=1 2 4 -4 37 -6 24 8 -8 11 -11 12 -10 14 23 19 -17 18 -18 -16 42 -22 -23 25 -7 26 69 -19 41 30 33 -32 -14 64 36 -36 -35 38 39 68 65 -15 -21 44 56 46 -26 -48 -33 -3 -43 61 67 58 -31 66 -27 -44 -40 -60 -38 -52 -58 -47 -2 -13 -51 -53 -1 -9
right_child=29 49 3 -5 5 6 7 13 9 10 -12 40 32 28 15 16 17 27 -20 20 21 22 -24 -25 45 43 -28 -29 -30 54 31 48 -34 34 35 -37 60 -39 53 -41 -42 50 57 -45 -46 63 47 -49 -50 55 51 52 -54 -55 -56 -57 62 -59 59 -61 -62 -63 -64 -65 -66 -67 -68 -69 -70 -71
leaf_value=-0.11735193355547791 -0.22680854159834296 -0.038141568411889835 0.008948500125859675 0.028951093025965859 0.032796861362994797 0.024745549699061297 0.029998430523891957 -0.010572400096158638 0.015703137927777101 0.030209994527853307 0.0047315144571225508 -0.0013963723223857066 -0.0076353300541491306 0.00065253426731510524 0.0043666071082335712 -0.059237391135105642 0.013540835194102934 -0.039042886748303876 0.0051795495565371595 0.00015294044294203094 -0.0065816278920619795 0.035310641253549969 -4.4820219322369315e-05 0.027247954985338208 -0.0074250565855597372 -0.0028532265242265323 -0.0010299031221416728 0.0060626000218473612 0.00089423301321099916 -0.090684022975486778 0.019472247433821605 -0.094754296353461193 -0.0019356336504426658 0.016485550090949097 0.042679008809126555 -0.25144469668165204 -0.11090632951598885 -0.0003548382813532191 -0.024346913138414847 0.022454021806838087 -0.0002915895306934372 -0.013576238267320439 -0.0044123666245411376 0.0041637556050820651 -0.011382499394746124 -0.003617243552581962 -0.009413578318524277 0.017884754217904659 -0.00047413274171032754 -0.10082308580315574 -0.015211744941298644 -0.038032889377463582 0.00092059364504234098 -0.025518861513170371 -0.3319365711030508 -0.020147313659881809 -0.024105648663797739 -0.0061223186782411497 -0.021858098680224296 -0.017655060394678811 -0.094767511781525995 -0.020023263909495201 -0.099032244845394496 -0.017695325793160389 -0.21861029186178821 -0.012954948489560881 -0.061964592605615189 -0.016990944974143669 -0.034218817548784745 -0.00099638373052824639
leaf_weight=116 973 156 120 81 97 126 83 82 119 85 151 78 109 105 82 83 96 82 107 130 134 82 142 78 215 83 85 93 138 222 82 118 88 107 115 117 605 120 612 84 79 86 90 128 79 78 106 79 78 596 78 159 146 112 3628 86 461 305 81 145 78 493 78 448 94 229 96 78 78 78
leaf_count=112 765 140 116 81 97 126 83 82 119 85 151 78 109 105 82 83 96 82 107 130 134 82 138 78 215 83 85 89 138 154 82 118 88 99 111 85 589 120 612 84 79 86 90 128 75 78 106 79 74 460 78 159 146 112 1680 70 457 305 81 145 78 493 78 448 90 229 96 78 78 78
internal_value=-0.000674989 6.04985e-05 0.000258288 0.00505077 0.000126077 0.00037548 0.000288046 0.000554778 0.00189976 0.00137266 0.0042918 0.000377103 0.00225865 0.000197185 0.000680906 0.00144973 0.00327991 0.00444787 0.00766758 0.000566431 0.000111313 0.00194507 0.00402085 -0.000266879 -0.000943889 -0.000583704 0.00127418 0.000651348 -0.000770394 -0.00168284 -0.0011575 0.000634826 4.86207e-06 -0.00139879 -0.000777032 0.00145983 -0.00144198 -0.000985107 -0.00121527 0.000143485 -0.00115244 -0.00109427 -0.00113113 -0.00114031 -0.00146147 -0.00138449 -0.000671049 0.000874163 -0.000974969 -0.00153704 -0.00132655 -0.00147613 -0.000788223 -0.00161798 -0.00200391 -0.00178478 -0.00171604 -0.00169254 -0.00180442 -0.00111802 -0.00194725 -0.00192529 -0.00191734 -0.00191384 -0.0019876 -0.00181041 -0.00194871 -0.00173728 -0.00166639 -0.0015836
internal_weight=14731 8514 7580 201 7379 6031 5934 4882 1021 938 236 702 316 3861 2578 1426 461 378 203 965 883 358 224 1152 1052 1074 245 175 1283 6217 2367 278 197 2089 1022 232 790 1348 1228 278 386 1145 525 829 701 926 400 185 196 934 1040 954 383 950 3850 778 622 395 838 226 683 571 539 526 1067 307 692 237 194 160
internal_count=12247 8322 7556 197 7359 6015 5918 4866 1021 938 236 702 316 3845 2562 1418 457 374 203 961 879 354 220 1144 1052 1066 245 171 1283 3925 2091 274 197 1817 962 196 766 1344 1224 274 386 1145 525 821 693 926 400 185 192 766 1040 954 383 950 1834 626 618 395 838 226 667 571 535 526 855 307 556 237 190 160
is_linear=0
shrinkage=0.0686502


Tree=31
num_leaves=67
num_cat=0
split_feature=25 37 43 10 20 26 28 9 47 59 60 3 17 10 23 28 10 37 44 56 28 30 54 19 40 52 38 44 26 63 9 28 31 37 16 54 10 57 23 50 37 60 34 57 1 1 43 57 9 37 38 4 34 23 10 29 10 30 3 46 60 3 1 0 1 29
split_gain=2.22553 0.608439 1.06571 2.22153 0.734425 0.612308 0.597633 0.556146 0.52514 0.486071 0.432508 0.497844 0.605324 0.583026 0.406735 0.405712 0.872358 1.8786 0.405652 0.384687 0.884721 0.313302 0.540204 0.480585 0.456298 0.291991 0.291708 0.475687 0.265576 0.232642 0.197406 0.142564 0.141329 0.264508 0.131966 0.448332 0.198562 0.289958 0.181635 0.281821 0.333575 0.129801 0.129719 0.238486 0.117924 0.11226 0.097941 0.366879 0.08546 0.521189 0.0716942 0.0445345 0.0357586 0.0574963 0.0340159 0.027908 0.013799 0.0648825 0.00845562 0.00778383 0.00765985 0.00527055 0.00359372 0.00318403 0.00246084 6.65386e-06
threshold=29.505000000000006 31.257817080818068 27.423541666666672 -0.73829900574246976 28.170886410328627 94.250000000000014 81.250000000000014 -0.40542197401079733 355.7000000000001 0.79500000000000015 0.65500000000000014 0.51650000000000007 31.420591915300697 -0.58427653070765284 24.855000000000004 86.850000000000009 0.16704543776228128 32.12916668623874 1.6337863320821338 1001.1500000000002 78.350000000000009 93.350000000000009 0.99750000000000016 32.304416055874633 0.23028967265930247 0.97950000000000015 3.5767394585661827 2.0292802296657637 92.850000000000009 1.9037831385944222 -0.97873101657557326 91.350000000000009 -2.0776408187425672 32.914277912232016 32.491702372193963 0.97950000000000015 0.41326329957804331 1002.2500000000001 27.195000000000004 173.31666666666686 29.629609548260458 3.7550000000000003 0.2566835748428245 1004.2500000000001 0.025000000000000005 1.885 28.090625000000006 1004.0500000000001 -0.5416228050394748 33.095952815843191 3.2569410732261272 1002.6500000000002 1.2691631550247318 25.935000000000006 -0.90878397393106225 65.250000000000014 -0.9668120007078248 72.350000000000009 0.24550000000000002 27.785000000000004 11.215000000000002 0.51650000000000007 3.3350000000000004 2.7550000000000003 4.2350000000000012 95.350000000000009
decision_type=2 2 2 2 2 2 2 2 2 2 2 2 2 2 2 2 2 2 2 2 2 2 2 2 2 2 2 2 2 2 2 2 2 2 2 2 2 2 2 2 2 2 2 2 2 2 2 2 2 2 2 2 2 2 2 2 2 2 2 2 2 2 2 2 2 2
left_child=1 8 3 -3 5 6 -4 -7 14 18 28 12 13 -12 -1 16 19 -18 -6 20 25 29 24 -24 42 -13 32 -28 55 30 -16 45 33 62 36 -36 58 -38 44 40 -40 61 -23 64 -39 -8 52 50 49 59 -48 -46 -17 -54 -10 -11 57 -50 -32 -2 -34 -41 -21 -27 -44 -58
right_child=48 2 4 -5 9 7 31 -9 54 10 11 15 -14 -15 21 46 17 -19 -20 26 -22 22 23 -25 -26 63 27 -29 -30 -31 34 -33 60 -35 35 -37 37 38 39 41 -42 -43 43 -45 51 -47 47 -49 56 -51 -52 -53 53 -55 -56 -57 65 -59 -60 -61 -62 -63 -64 -65 -66 -67
leaf_value=0.030495059359048733 -0.21044638434695467 0.038688658284034179 0.0081555370661022079 -0.081056474598398473 0.023240706754039209 0.039627187834559895 -2.8537232956587754e-05 0.0015429401129920957 -0.18161476297831833 -0.0091370598496946561 0.021387678408151523 0.0054043854805830745 -0.076667384375735684 -0.00047274990940957326 -0.0003859426588113751 -0.010640686029780296 -0.086117296587281456 0.018188067256998723 -0.033788102316940578 -0.004505559019474031 0.029114040967405306 -0.0062630530741954928 0.03280391586441863 -0.00054257711916039632 0.009211797446416323 -0.018215042320944914 0.00099001494969604988 -0.03083200569084232 -0.0017355972860003837 0.0038993919993482637 -0.072336782815911424 0.00024808456402037032 -0.025597825887705802 0.0023838731567458497 -0.11203729170850225 0.010695882405764211 0.012022470329250178 -0.0028253184961323811 -0.0041900581650243414 -0.040835606398926319 0.0048053808424623574 -0.00011089945445808165 -0.023110664514913278 0.00055523714133419314 -0.0024001288717702784 -0.0036454702074459069 -0.028122751180602642 -0.00013338470419576435 -0.2166207841795795 0.012575356684627972 -0.0028340681258395644 -0.011119129547391974 -0.11265656714605671 -0.001439663334738597 -0.13150904139899156 -0.043235935645885189 -0.26367184574564367 -0.070365771394050466 -0.016160776259548724 -0.27191079764592635 -0.01254044939875389 -0.014557781648783222 -0.047979595571566384 -0.025042152303691088 -0.0053651291835521784 -0.39289399622588778
leaf_weight=99 501 103 79 115 83 104 155 80 101 114 113 151 86 95 149 470 85 84 90 78 78 250 79 78 114 103 111 92 78 105 78 92 469 121 154 79 115 101 89 78 79 78 85 121 78 159 238 81 313 98 137 649 92 78 1025 755 3581 102 769 78 78 186 115 78 78 201
leaf_count=99 465 103 79 115 83 104 155 80 101 114 113 147 70 95 149 466 85 84 86 78 74 250 79 78 114 103 111 88 78 105 78 92 457 121 154 79 115 101 89 78 79 78 85 121 78 159 238 81 241 82 137 649 92 78 1009 727 1425 98 769 74 78 186 115 78 78 97
internal_value=-0.000674989 -8.10129e-05 0.000445611 0.00512563 0.000231482 0.00234016 0.00104068 0.0057026 -0.000633067 -0.00010764 -0.000264224 0.000134252 0.00281257 0.00481313 -0.000235263 -0.000152659 0.000527434 0.00517738 0.00343725 -6.70043e-06 0.00177266 -0.000356944 0.000832042 0.00442562 -3.84804e-05 0.000198485 -0.00069872 0.00162326 -0.0015442 -0.000702494 -0.000828476 -1.75294e-05 -0.00125402 -7.48744e-05 -0.000972799 0.000566342 -0.00113124 -0.000637867 -0.000925833 8.37675e-05 0.00238398 -0.00103624 -0.000890313 9.71782e-05 -0.00155304 -0.000727773 -0.00117628 -0.0003908 -0.00187478 -0.00113675 -0.00130831 -0.00185979 -0.00172568 -0.000810492 -0.00193047 -0.00189237 -0.00199215 -0.00154531 -0.00196895 -0.00192714 -0.00191942 -0.00177006 -0.00166437 -0.00163838 -0.00159228 -0.0020392
internal_weight=14731 9857 5040 218 4822 669 485 184 4817 4153 3980 3033 294 208 3691 2739 1643 169 173 1474 410 3592 805 157 648 332 1064 203 947 2787 2682 406 861 314 2533 233 2300 1453 1338 510 168 342 534 284 828 314 1096 456 4874 677 375 727 640 170 1126 869 4197 415 847 579 547 264 193 181 163 3782
internal_count=12247 9765 4964 218 4746 669 485 184 4801 4077 3908 2989 278 208 3691 2711 1619 169 169 1450 402 3592 805 157 648 328 1048 199 919 2787 2682 406 849 314 2533 233 2300 1453 1338 510 168 342 534 284 828 314 1092 456 2482 621 375 727 636 170 1110 841 1861 339 847 539 535 264 193 181 163 1522
is_linear=0
shrinkage=0.0686502


Tree=32
num_leaves=67
num_cat=0
split_feature=25 61 20 55 62 1 34 58 57 9 10 57 38 38 3 1 59 57 10 29 28 9 57 19 23 61 49 63 57 57 28 52 10 3 31 10 44 44 44 37 10 60 5 43 63 57 37 17 35 3 1 29 9 37 26 3 29 4 26 57 42 45 1 0 0 1
split_gain=2.26129 0.576624 0.849721 0.697133 0.592387 0.557109 0.817631 1.04619 0.469047 0.556875 0.973321 1.14901 0.604671 1.51338 0.432307 0.735653 0.526877 0.53674 0.519517 0.471883 0.724173 1.88667 0.546048 0.329569 0.32156 0.381926 0.296757 0.457035 0.759547 0.501527 0.385041 0.201515 0.284608 0.24503 0.187126 0.169599 0.137298 0.129675 0.249483 0.128966 0.356062 0.104701 0.210943 0.098902 0.0948859 0.16636 0.0913515 0.0814538 0.158475 0.0274654 0.0263311 0.026091 0.0213007 0.148485 0.0140991 0.0551703 0.0130493 0.0119077 0.0282774 0.00733292 0.0330391 0.00620291 0.00415004 0.00368854 0.00311059 0.00267663
threshold=29.565000000000001 0.26500000000000007 26.568282417139944 1004.85 26.640528165231384 0.03500000000000001 0.5140500826873704 3.4350000000000005 999.35000000000002 -0.2760944163666606 -0.86955717898714324 1003.6500000000002 3.3012995754080592 3.6978186702505842 0.56650000000000011 1.3250000000000004 3.3550000000000004 1005.6500000000002 -0.22610730998347103 93.450000000000017 82.850000000000009 -0.833548052892222 1002.2500000000001 36.759702242201776 28.195000000000004 3.9950000000000006 1.0000000180025095e-35 -0.74527482471620654 1001.6500000000002 1003.6500000000002 81.750000000000014 0.97350000000000014 -0.98798606843101155 0.96650000000000003 -3.5573430690586991 0.82873938879806197 1.3118427614998727 1.8205409089453777 1.9677613166863999 32.12916668623874 -0.021515300460958474 1.885 -0.5 26.741041666666668 1.9518042587167399 1003.35 32.711392427364849 33.057951099001642 31.558646586689232 0.45050000000000007 1.4850000000000001 73.750000000000014 -0.5416228050394748 33.013591711976311 89.750000000000014 0.94950000000000012 95.15000000000002 1004.2500000000001 91.550000000000011 1003.35 0.57819402439193646 2367.9950000000003 10.085000000000003 3.5950000000000002 2.4550000000000005 5.7750000000000012
decision_type=2 2 2 2 2 2 2 2 2 2 2 2 2 2 2 2 2 2 2 2 2 2 2 2 2 2 2 2 2 2 2 2 2 2 2 2 2 2 2 2 2 2 2 2 2 2 2 2 2 2 2 2 2 2 2 2 2 2 2 2 2 2 2 2 2 2
left_child=1 2 5 4 -3 6 7 -1 -6 10 11 12 -10 -14 15 -12 17 23 -17 20 21 -18 -22 34 46 50 27 28 -11 36 -29 32 -28 -34 -16 62 -30 51 -39 41 65 42 -36 -21 54 -46 59 48 61 -7 -26 -32 53 -49 -4 -56 -54 -43 -59 60 -5 -2 -24 -45 -40 -41
right_child=47 3 44 24 8 49 -8 -9 9 26 14 -13 13 -15 16 18 19 -19 -20 43 22 -23 35 -25 25 -27 31 30 29 -31 37 -33 33 -35 39 -37 -38 38 64 40 -42 57 -44 63 45 -47 -48 52 -50 -51 -52 -53 56 -55 55 -57 -58 58 -60 -61 -62 -63 -64 -65 -66 -67
leaf_value=0.027267842650456692 -0.31705333019775961 0.012118705140451456 -0.094785066034472606 -0.0053780150510540064 0.0093228857152289745 -0.026912319806780827 -0.013644626075228893 -0.002682586065743074 -0.047124703351189033 0.008068717785845194 -0.01941307167718315 0.020618983407227318 0.032055107950211485 -0.0050742063288452162 0.0013061334091394236 0.029792979566513923 -0.00014130581595441175 0.017798035826757316 0.00046796939429163574 -0.00018751387140373529 0.014591804301168576 0.0099616077705918845 -0.019488198148555545 0.010870672667547968 -0.0010851928468176785 0.0014241014091787123 0.0011437933714004865 0.020087602288639247 -0.0031350786669100002 0.030374718176147487 -0.0072146765910319592 -0.01580898268525564 -0.077415584198768234 0.014923161955520261 0.0011599213284185868 0.00036857529601259118 -0.050663494145755154 -0.00046341923284911506 -0.084908815608123397 -0.027366323989680374 0.0043009710569240859 -0.01132618790084512 -0.038996641969937587 -0.030213193627736255 -0.074194783837600128 0.0223541197085627 -0.00098363499855087214 -0.30392503240740631 0.0022863652470417797 -0.065207797628687142 -0.030120062297658238 -0.02195962328057182 -0.29201627123679424 0.0067124489036789574 -0.018890713211666917 -0.025509192151930565 -0.17713704126066254 -0.031611228454581322 -0.001899141413582839 -0.01245925103436153 -0.01588440799546469 -0.13457804371308174 -0.018156104066067325 -0.069949063915756934 -0.040892320130266085 -0.11352702933745329
leaf_weight=90 290 148 1152 78 152 78 104 90 150 80 83 81 92 125 109 79 126 146 83 85 145 79 78 112 78 133 110 121 78 130 110 641 310 106 126 111 185 122 101 90 78 741 165 78 114 82 80 400 177 113 104 424 3519 86 258 110 222 120 78 733 174 80 134 118 78 78
leaf_count=90 242 148 1124 78 144 78 104 90 146 80 83 81 92 125 109 79 126 146 83 85 145 79 78 112 78 133 110 121 78 130 110 641 274 106 126 111 185 122 101 90 78 741 165 78 102 82 80 364 113 113 104 416 1415 70 258 110 114 120 78 729 174 72 134 118 78 78
internal_value=-0.000628391 -3.88373e-05 -0.00102247 0.000238139 0.000541084 0.00153802 0.00346427 0.00625208 0.000437731 0.000342203 0.000908879 0.00389259 0.00221991 0.00452997 0.000466116 0.00322415 0.000221131 -0.000454606 0.00590736 0.00153074 0.00251764 0.00591063 0.00100671 -0.000801682 -0.00115908 0.00075368 -0.000417698 0.000242558 0.00198728 0.000719511 -0.000616924 -0.00122995 -0.000221792 -0.00105318 -0.00105907 -0.00055312 -0.000990147 -0.00114691 0 -0.00126405 0.000150944 -0.00155113 -0.000388285 -0.000815236 -0.00173496 -0.000279567 -0.00172997 -0.00185653 -0.0010432 -0.00130353 -0.00126644 -0.0017878 -0.00196016 -0.00147937 -0.00191876 -0.0014799 -0.00202063 -0.00190481 -0.00133006 -0.00191202 -0.00148548 -0.00185266 -0.00169954 -0.00167037 -0.00163371 -0.00160607
internal_weight=14731 9957 2191 7766 6386 475 284 180 6238 6086 3490 448 367 217 3042 245 2797 1843 162 954 673 205 468 1697 1380 315 2596 1429 473 393 956 1167 526 416 1585 323 263 835 301 1476 246 1230 291 281 1716 196 1065 4774 547 191 182 534 4227 486 1520 368 3741 939 198 985 252 370 212 196 179 168
internal_count=12247 9857 2151 7706 6330 475 284 180 6182 6038 3486 444 363 217 3042 245 2797 1843 162 954 673 205 468 1697 1376 315 2552 1421 473 393 948 1131 490 380 1585 323 263 827 301 1476 246 1230 291 281 1676 184 1061 2390 427 191 182 526 1963 434 1492 368 1529 939 198 981 252 314 212 196 179 168
is_linear=0
shrinkage=0.0686502


end of trees

feature_importances:
doy_sin=124
doy_cos=96
temp_c_roll24h_std=94
rh_lag1h=78
hi_residual_lag1h=73
wind_ms=63
precip_mm=63
heat_index_c_roll24h_mean=60
rh_lag24h=59
heat_index_c_roll24h_std=57
pressure_hpa_lag6h=57
temp_c_roll24h_mean=49
precip_mm_lag3h=47
rh_lag12h=39
cloud_cover=36
pressure_hpa=36
heat_index_c_lag24h=36
temp_x_rh=36
wind_ms_lag3h=36
heat_index_c_lag12h=30
cloud_cover_lag1h=29
heat_index_c_lag3h=28
cloud_cover_lag6h=28
rh_lag6h=27
heat_index_c_roll6h_std=27
cloud_cover_lag3h=27
precip_mm_lag1h=26
solar_wm2_roll6h_mean=24
_hi_clim=24
heat_index_c_lag6h=23
temp_c_lag24h=23
temp_c_lag1h=22
rh_lag3h=22
heat_index_c_lag1h=21
pressure_hpa_lag1h=21
pressure_hpa_lag3h=21
temp_c_lag12h=19
hi_change_3h=19
heat_index_c_roll3h_std=19
wind_ms_lag1h=19
hour_sin=15
temp_c_roll6h_std=13
temp_x_solar=13
temp_c_lag3h=12
temp_c_lag6h=11
temp_change_3h=11
solar_wm2_lag6h=11
solar_wm2_lag1h=9
heat_index_c_roll6h_mean=8
temp_c_roll3h_std=8
solar_wm2=7
solar_wm2_lag3h=7
month=6
temp_c_roll3h_mean=6
temp_x_evening=6
local_hour_sin=5
local_hour_cos=5
temp_c_roll6h_mean=5
heat_index_c_roll3h_mean=4
hour_cos=2

parameters:
[boosting: gbdt]
[objective: quantile]
[metric: quantile]
[tree_learner: serial]
[device_type: cpu]
[data_sample_strategy: bagging]
[data: ]
[valid: ]
[num_iterations: 2000]
[learning_rate: 0.0686502]
[num_leaves: 168]
[num_threads: -1]
[seed: 7]
[deterministic: 0]
[force_col_wise: 0]
[force_row_wise: 0]
[histogram_pool_size: -1]
[max_depth: -1]
[min_data_in_leaf: 78]
[min_sum_hessian_in_leaf: 0.001]
[bagging_fraction: 0.908175]
[pos_bagging_fraction: 1]
[neg_bagging_fraction: 1]
[bagging_freq: 0]
[bagging_seed: 17422]
[bagging_by_query: 0]
[feature_fraction: 0.925547]
[feature_fraction_bynode: 1]
[feature_fraction_seed: 7040]
[extra_trees: 0]
[extra_seed: 6516]
[early_stopping_round: 0]
[early_stopping_min_delta: 0]
[first_metric_only: 0]
[max_delta_step: 0]
[lambda_l1: 0.0759513]
[lambda_l2: 1.44033]
[linear_lambda: 0]
[min_gain_to_split: 0]
[drop_rate: 0.1]
[max_drop: 50]
[skip_drop: 0.5]
[xgboost_dart_mode: 0]
[uniform_drop: 0]
[drop_seed: 15215]
[top_rate: 0.2]
[other_rate: 0.1]
[min_data_per_group: 100]
[max_cat_threshold: 32]
[cat_l2: 10]
[cat_smooth: 10]
[max_cat_to_onehot: 4]
[top_k: 20]
[monotone_constraints: ]
[monotone_constraints_method: basic]
[monotone_penalty: 0]
[feature_contri: ]
[forcedsplits_filename: ]
[refit_decay_rate: 0.9]
[cegb_tradeoff: 1]
[cegb_penalty_split: 0]
[cegb_penalty_feature_lazy: ]
[cegb_penalty_feature_coupled: ]
[path_smooth: 0]
[interaction_constraints: ]
[verbosity: -1]
[saved_feature_importance_type: 0]
[use_quantized_grad: 0]
[num_grad_quant_bins: 4]
[quant_train_renew_leaf: 0]
[stochastic_rounding: 1]
[linear_tree: 0]
[max_bin: 255]
[max_bin_by_feature: ]
[min_data_in_bin: 3]
[bin_construct_sample_cnt: 200000]
[data_random_seed: 61]
[is_enable_sparse: 1]
[enable_bundle: 1]
[use_missing: 1]
[zero_as_missing: 0]
[feature_pre_filter: 1]
[pre_partition: 0]
[two_round: 0]
[header: 0]
[label_column: ]
[weight_column: ]
[group_column: ]
[ignore_column: ]
[categorical_feature: ]
[forcedbins_filename: ]
[precise_float_parser: 0]
[parser_config_file: ]
[objective_seed: 15521]
[num_class: 1]
[is_unbalance: 0]
[scale_pos_weight: 1]
[sigmoid: 1]
[boost_from_average: 1]
[reg_sqrt: 0]
[alpha: 0.97]
[fair_c: 1]
[poisson_max_delta_step: 0.7]
[tweedie_variance_power: 1.5]
[lambdarank_truncation_level: 30]
[lambdarank_norm: 1]
[label_gain: ]
[lambdarank_position_bias_regularization: 0]
[eval_at: ]
[multi_error_top_k: 1]
[auc_mu_weights: ]
[num_machines: 1]
[local_listen_port: 12400]
[time_out: 120]
[machine_list_filename: ]
[machines: ]
[gpu_platform_id: -1]
[gpu_device_id: -1]
[gpu_use_dp: 0]
[num_gpu: 1]

end of parameters

pandas_categorical:[]
