tree
version=v4
num_class=1
num_tree_per_iteration=1
label_index=0
max_feature_idx=63
objective=quantile
feature_names=wind_ms precip_mm solar_wm2 cloud_cover pressure_hpa hour_sin hour_cos local_hour_sin local_hour_cos doy_sin doy_cos month station_enc lat lon elevation_m heat_index_c_lag1h heat_index_c_lag3h heat_index_c_lag6h heat_index_c_lag12h heat_index_c_lag24h temp_c_lag1h temp_c_lag3h temp_c_lag6h temp_c_lag12h temp_c_lag24h rh_lag1h rh_lag3h rh_lag6h rh_lag12h rh_lag24h hi_change_3h temp_change_3h heat_index_c_roll3h_mean heat_index_c_roll3h_std heat_index_c_roll6h_mean heat_index_c_roll6h_std heat_index_c_roll24h_mean heat_index_c_roll24h_std temp_c_roll3h_mean temp_c_roll3h_std temp_c_roll6h_mean temp_c_roll6h_std temp_c_roll24h_mean temp_c_roll24h_std temp_x_rh temp_x_evening solar_wm2_lag1h solar_wm2_lag3h solar_wm2_lag6h solar_wm2_roll6h_mean temp_x_solar cloud_cover_lag1h cloud_cover_lag3h cloud_cover_lag6h pressure_hpa_lag1h pressure_hpa_lag3h pressure_hpa_lag6h wind_ms_lag1h wind_ms_lag3h precip_mm_lag1h precip_mm_lag3h _hi_clim hi_residual_lag1h
feature_infos=[0.059999999999999998:11.44] [0:317.81] [0:987.29999999999995] [0:1] [999:1017.8] [-1:1] [-1:1] [-1:1] [-1:1] [-0.99999073973619013:0.99999073973619013] [-0.99996295911626554:1] [1:12] none none none none [20.662882719025841:43.077364373627944] [20.662882719025841:43.077364373627944] [20.662882719025841:43.077364373627944] [20.662882719025841:43.077364373627944] [20.662882719025841:43.077364373627944] [20.68:33.359999999999999] [20.68:33.359999999999999] [20.68:33.359999999999999] [20.68:33.359999999999999] [20.68:33.359999999999999] [50:92.400000000000006] [50:92.400000000000006] [50:92.400000000000006] [50:92.400000000000006] [50:92.400000000000006] [-8.2146513491539537:4.9024249115572047] [-3.5199999999999996:2.9699999999999989] [20.872965517196679:43.015015467456415] [0.00028906781118827861:2.8321851446411563] [21.232673308672101:42.762263431377797] [0.010944663815342112:4.3970509900479673] [24.686476625976312:41.503667211743057] [0.22329393113193688:4.4080781092961594] [20.813333333333336:33.293333333333322] [0:1.3176620709930076] [21.043333333333333:33.036666666666669] [0.0040824828855429256:1.8397110280331301] [23.884166666666669:31.826250000000002] [0.07174330246949813:2.6526499943929451] [1501:2643.576] [0:33.359999999999999] [0:987.29999999999995] [0:987.29999999999995] [0:987.29999999999995] [0:880.01666666666688] [0:31773.440000000002] [0:1] [0:1] [0:1] [999:1017.8] [999:1017.8] [999:1017.8] [0.059999999999999998:11.44] [0.059999999999999998:11.44] [0:317.81] [0:317.81] [26.608956771951156:38.400424714994287] [-8.6829557551198597:5.9641462440779307]
tree_sizes=4528 4586 5214 5387 5109 5474 5403 5335 5553 5523 5572 5505 5331 5862 5623 5512 5782 5541 6026 5894 5707 6250 6161 5901 5726 6334 6821 6344 6180 6882 6670 6885 6549 6540 6784 6798 6815 7328 6792 6993 7424 7593 6976 7821 7352 7577 7411 8139 7807 7710 8045 7273 8417 7876 8185 8732 7684 8035 8800 7944 8337 8212 8487 8476 7777 8807 8212 8210 8141 8377 8736 8666 9257 8577 8842 9188 8768 8910 8996 9231 8501 9408 8426 8661 8604 8523 8778 9711

Tree=0
num_leaves=53
num_cat=0
split_feature=26 11 20 9 37 10 60 51 9 29 60 9 49 59 37 45 9 3 23 11 24 30 10 16 28 57 37 43 45 26 46 60 10 57 62 34 29 0 44 30 21 10 9 30 27 63 3 31 45 4 49 8
split_gain=23.6961 14.8267 7.80225 6.70967 4.52781 4.45247 3.6429 3.54387 3.02579 6.69535 2.78199 5.06194 2.36563 2.5902 2.29301 1.64136 1.58091 1.33206 4.69099 1.49668 3.23532 1.11152 1.02808 1.43519 0.830278 0.670347 0.487517 0.714246 0.486237 0.269069 0.305186 0.252521 0.247823 0.371994 0.227158 0.152457 0.0958279 0.0836795 0.188516 0.0805383 0.204468 0.0538364 0.0500122 0.0424354 0.133263 0.0332591 0.0266832 0.024529 0.0243701 0.0230305 0.00199647 0.00104005
threshold=84.850000000000009 9.5000000000000018 34.219199286314158 -0.86958133671945925 33.740791962924085 -0.45205545877835862 41.895000000000003 716.55450000000019 -0.97873101657557326 85.15000000000002 5.6950000000000012 -0.97109105924028405 126.05000000000003 5.9350000000000014 35.395708840099651 2447.4670000000001 -0.93535928755917819 0.97350000000000014 31.655000000000005 10.500000000000002 28.765000000000004 80.050000000000011 -0.99862982478704421 35.205947309163456 86.450000000000017 1004.35 35.028023976898339 29.191041666666671 2307.9180000000006 82.350000000000009 29.035000000000004 12.050000000000002 -0.88603780069526494 1006.6500000000002 27.291828493700788 0.13405288142356353 62.650000000000013 8.0050000000000008 0.60650801494966478 81.050000000000011 27.355000000000004 -0.9668120007078248 0.98930504265984687 81.950000000000017 77.950000000000017 3.2343658161175814 0.98950000000000016 -1.6409884717696224 2348.4990000000007 1010.7500000000001 929.60000000000002 0.98296291314453421
decision_type=2 2 2 2 2 2 2 2 2 2 2 2 2 2 2 2 2 2 2 2 2 2 2 2 2 2 2 2 2 2 2 2 2 2 2 2 2 2 2 2 2 2 2 2 2 2 2 2 2 2 2 2
left_child=3 8 4 5 -3 -1 17 10 9 -2 28 -12 21 14 -14 -6 -13 34 19 22 49 -10 23 -19 29 -9 -23 -28 -7 37 32 48 33 35 -5 -31 -36 43 -39 47 -41 -42 45 -24 -45 -43 -34 -38 -27 -21 51 -49
right_child=1 2 -4 6 15 7 -8 25 12 -11 11 16 13 -15 -16 -17 -18 18 -20 20 -22 26 24 -25 -26 31 27 -29 -30 30 -32 -33 46 -35 36 -37 39 38 -40 40 41 42 -44 44 -46 -47 -48 50 -50 -51 -52 -53
leaf_value=87.219680481009732 87.251534803883402 87.237049273605322 86.994508097963788 87.040023016159395 87.148696030745839 86.945972606151301 87.044828983661688 87.014416498831295 87.12508092400752 86.972883256095315 87.103112155738998 86.934919710400976 87.04146488170143 86.946521792426793 87.125355507324926 87.327187188872855 87.219680481009732 86.763362442933257 87.12357059791772 86.719083445588268 87.230664887404473 86.979404725760517 86.83523937736291 87.176018969434622 87.009611116630992 86.917619950561246 87.053821691398269 86.942334753650201 87.033844274796735 87.013730377053534 87.048054941546013 87.018947735053715 86.946384540049451 87.014142291311003 86.991144285379818 86.945079617867776 86.951945058453987 86.840525270550188 87.006865309646315 87.010297620752254 86.917825748598489 86.903889593148392 86.931693165905983 86.975561004513764 86.903889593148392 86.971304117228087 86.931349784214504 86.752859327924156 86.955308890678637 86.954004432023567 86.430203588706135 86.836337721107938
leaf_weight=95 78 149 80 139 78 129 149 83 113 93 133 129 158 93 79 78 96 83 108 82 80 370 2116 78 115 463 124 140 123 100 87 104 109 99 143 177 139 141 80 90 111 1047 133 184 418 103 440 7307 117 78 150 176
leaf_count=95 78 149 80 139 78 129 137 83 93 93 133 129 146 93 71 78 96 83 36 82 80 370 1272 78 99 463 124 132 123 100 67 100 81 91 115 149 103 137 80 90 107 843 129 148 350 59 312 4011 117 78 50 88
internal_value=87 87.0079 87.0196 86.9992 87.0246 87.0036 86.9987 87.0026 87.0042 87.0127 87.0065 87.0103 87.0028 87.0077 87.0115 87.0328 87.004 86.9986 86.9996 86.9992 87.0045 87.0007 86.9989 87.0043 86.9987 86.9995 86.9996 87.0018 87.0009 86.9985 86.9995 86.9988 86.9991 87.0005 86.9981 86.9992 86.9981 86.9982 86.9995 86.9981 86.9985 86.9983 86.9982 86.9981 86.9986 86.9981 86.9982 86.998 86.9982 86.9988 86.998 86.998
internal_weight=17367 1633 385 15734 305 1472 14262 1377 1248 171 610 358 1077 330 237 156 225 14113 4575 4467 240 747 4227 161 4066 767 634 264 252 3951 1012 684 925 376 9538 277 9399 2939 221 9256 1484 1394 1283 2718 602 1150 549 7772 580 160 7633 7483
internal_count=12247 1585 385 10662 305 1468 9194 1373 1200 171 610 358 1029 310 217 156 225 9057 3323 3287 240 719 3047 161 2886 763 626 256 252 2787 800 680 733 340 5734 249 5595 1987 217 5480 1228 1138 1031 1770 498 902 393 4252 580 160 4149 4099
is_linear=0
shrinkage=1


Tree=1
num_leaves=50
num_cat=0
split_feature=26 11 50 9 1 5 56 63 1 25 44 63 9 26 9 37 9 26 28 62 10 9 28 24 5 9 62 27 44 24 43 54 28 59 58 61 34 37 59 29 62 5 56 32 34 25 10 32 63
split_gain=22.9345 12.042 6.79317 6.12513 4.32991 3.84791 4.10237 4.20717 3.86186 3.4489 2.96043 5.32303 2.18213 1.51883 1.4504 7.13445 1.40018 1.32436 0.994005 0.792674 0.893345 0.657196 0.523091 0.489625 0.431388 0.485367 0.563141 0.373302 0.684746 0.349218 0.790618 1.82207 0.293155 0.24308 0.264848 0.233074 0.190004 0.15651 0.373686 0.133659 0.10386 0.0735614 0.0423135 0.0356522 0.0344073 0.025948 0.278579 0.0184225 0.00731274
threshold=84.850000000000009 9.5000000000000018 9.9583333333333925 -0.86958133671945925 44.670000000000009 -0.78656609248549303 1004.2500000000001 0.39804552314856428 9.5350000000000019 29.775000000000002 0.48092895838061706 0.33774059144101548 -0.98211651112579568 87.550000000000011 0.53436760985011655 38.629086393851743 -0.88606241628642823 82.65000000000002 79.250000000000014 33.225207609220369 -0.99463397642532658 -0.99551215362393819 86.65000000000002 29.485000000000003 0.37940952255126054 0.18399664778440331 35.72193385360746 85.450000000000017 0.3291775718715963 28.315000000000001 28.42229166666667 0.61350000000000005 77.450000000000017 1.4350000000000003 7.7650000000000006 23.015000000000004 0.078906500779476654 35.477909179457093 5.8850000000000007 64.550000000000011 34.818814149274097 -0.37940952255126059 1009.1500000000002 -0.35500000000000037 0.049989281246321557 28.925000000000004 0.1500498401600889 -0.13999999999999876 3.6246661090764953
decision_type=2 2 2 2 2 2 2 2 2 2 2 2 2 2 2 2 2 2 2 2 2 2 2 2 2 2 2 2 2 2 2 2 2 2 2 2 2 2 2 2 2 2 2 2 2 2 2 2 2
left_child=3 9 10 5 14 8 7 -7 -1 12 -3 -12 -2 18 15 17 21 24 -14 -19 -21 -8 32 41 25 26 29 28 -20 -5 31 -31 -22 -32 36 -29 -35 43 -39 -16 -30 -23 -38 -34 -27 46 -41 -26 -49
right_child=1 2 -4 4 -6 6 16 -9 -10 -11 11 -13 13 -15 39 -17 -18 19 27 20 22 23 -24 -25 47 44 -28 35 40 30 33 -33 37 34 -36 -37 42 38 -40 45 -42 -43 -44 -45 -46 -47 -48 48 -50
leaf_value=0.10188743494351643 0.20241314512721284 0.25873014977805286 0.071062454563243199 -0.11989938037180599 0.037563862442339849 0.12112066245624908 0.032601067479903975 0.0078874088029792302 0.19958761483100693 0.01734990826193044 0.24645109112010793 0.25213890754687612 0.058938725882533925 0.14148252821894108 -0.025282516952891208 0.1150874497059203 0.12908462879211952 0.062149411676231281 0.053423038097654828 0.1565209846835211 0.044755959439317511 -0.010094673998556304 -0.0053278211370577462 0.045731524778111148 -0.16810858841583157 -0.14782999025344248 0.046924112533928197 -0.035794441267479174 -0.038604248982508617 -0.1649934674606767 0.027672745353795061 0.19752935451732395 -0.063070848443211577 0.011310852296987839 0.032250281809107245 0.00056118509198673536 -0.077934637727981065 -0.083942345683620162 0.0069810799966678891 0.010244055044349634 0.0098255933672829719 -0.065357461963939462 -0.027976039554362609 -0.052694477086817244 -0.14935934868918466 -0.26304666741514798 -0.08213634904241475 -0.20447938882760552 -0.36521601184061142
leaf_weight=147 150 78 116 412 136 86 137 97 91 102 91 100 98 136 174 94 80 118 128 87 136 104 84 80 161 99 94 314 140 94 121 82 87 133 136 82 560 142 115 78 98 650 80 394 905 6750 663 2237 90
leaf_count=147 150 78 116 412 124 86 137 93 91 66 91 100 90 136 114 38 80 118 128 87 92 104 72 80 153 59 94 314 140 94 121 82 87 133 136 82 548 130 103 78 94 650 80 386 653 2470 663 1977 90
internal_value=2.73303e-05 0.00776765 0.0183642 -0.000776328 -0.00121184 0.0034368 0.00188396 0.0113278 0.0114065 0.00447712 0.0243322 0.0289648 0.00338298 0.00220548 -0.00133002 -0.000571025 0.000221394 -0.000850888 0.00112558 0.00124008 0.000628094 -0.000497984 1.31711e-05 -0.00122799 -0.0013194 -0.000717565 -1.13787e-05 0.000275528 0.00185788 -0.000316409 0.00026973 0.00450499 -0.000481802 -0.00045419 -0.000844066 -0.00117527 -0.00133978 -0.00102719 0.000322493 -0.00196889 -0.000305073 -0.00177605 -0.0018327 -0.00175795 -0.00191481 -0.0020126 -0.00158616 -0.00197349 -0.00202651
internal_weight=17367 1633 385 15734 14262 1472 1234 183 238 1248 269 191 1146 996 14126 6461 1051 6367 860 1163 1045 971 958 834 5204 2716 1712 762 366 1618 1206 176 874 1030 909 396 773 738 257 7665 238 754 640 481 1004 7491 741 2488 2327
internal_count=12247 1585 385 10662 9194 1468 1230 179 238 1200 269 191 1134 984 9070 5745 1051 5707 848 1075 957 971 870 834 4632 2412 1700 758 362 1606 1194 176 798 1018 897 396 761 706 233 3325 234 754 628 473 712 3211 741 2220 2067
is_linear=0
shrinkage=0.0686502


Tree=2
num_leaves=57
num_cat=0
split_feature=26 11 50 1 29 63 1 30 7 38 11 56 63 24 3 56 0 10 10 63 23 20 10 11 62 31 44 1 57 8 10 30 39 36 59 11 38 2 8 62 55 3 44 44 58 59 19 10 31 49 0 62 21 4 36 29
split_gain=20.0939 11.3346 7.42842 4.22052 3.21275 8.11128 3.07692 4.01562 3.91268 5.39469 2.31391 3.05452 3.23296 2.12173 2.55373 3.47214 1.53558 1.59687 2.3442 1.0257 0.861769 0.806717 0.64695 1.31942 0.525994 0.441946 0.416212 0.341858 0.310559 0.300203 0.297529 0.230514 0.338725 0.215985 0.154044 0.123538 0.35197 0.43558 0.118853 0.0871875 0.418247 0.0843566 0.126111 0.0833788 0.0759162 0.0734771 0.187892 0.0595824 0.0538191 0.0313306 0.0108866 0.0252171 0.007134 0.00509009 0.00147489 0.00173556
threshold=83.950000000000017 9.5000000000000018 9.9583333333333925 44.670000000000009 82.050000000000011 0.46804535547750709 5.8950000000000005 81.550000000000011 0.60355339059327384 0.86378428195910495 8.5000000000000018 1004.2500000000001 0.42216178487389305 28.785000000000004 0.99450000000000005 1008.0500000000001 5.8550000000000013 -0.2093068927635835 -0.93533330245768853 -0.18383546477755527 32.055000000000007 34.079851502941956 -0.99862982478704421 6.5000000000000009 35.123112925563966 -1.4712155437378998 0.43559450461032062 2.1150000000000007 1004.5500000000001 0.78656609248549303 -0.35768498937424864 80.550000000000011 30.939999999999998 0.077038499059801105 7.3550000000000013 6.5000000000000009 1.3179424778681894 356.15000000000003 0.91597561503675351 32.411877229541808 1009.2500000000001 0.98250000000000004 0.47794756380737718 0.30977010525905985 6.2750000000000012 7.455000000000001 35.226852402019652 -0.99271195016773384 -1.8012148851395755 725.80000000000007 6.455000000000001 35.654588354714214 28.835000000000004 1010.4500000000002 0.065960437128476837 63.650000000000013
decision_type=2 2 2 2 2 2 2 2 2 2 2 2 2 2 2 2 2 2 2 2 2 2 2 2 2 2 2 2 2 2 2 2 2 2 2 2 2 2 2 2 2 2 2 2 2 2 2 2 2 2 2 2 2 2 2 2
left_child=3 6 4 10 5 -3 24 8 9 -8 20 12 -12 30 19 -16 17 18 -9 -15 22 -4 23 -1 34 27 -21 48 -18 -20 -13 35 33 -33 52 54 43 -38 -28 40 -35 -32 -43 -37 -30 47 -47 -41 -24 50 -49 -52 -2 -44 -27 -56
right_child=1 2 21 -5 -6 -7 7 16 -10 -11 11 13 -14 14 15 -17 28 -19 29 26 -22 -23 25 -25 -26 31 38 -29 44 -31 41 32 -34 39 -36 36 37 -39 -40 45 -42 42 53 -45 -46 46 -48 49 -50 -51 51 -53 -54 -55 55 -57
leaf_value=0.098132919077134825 -0.064538151649503772 0.20214059976464099 0.074159022587807807 0.042055959314961665 0.21748997746619789 0.19672903724755741 0.042354478157603695 0.12164213218626227 0.026906133772203713 0.10691111063163548 0.11445334416077299 0.037842498912510146 -0.013926420235005647 0.036702622351025289 0.032404069842952139 0.19893856769746812 -0.014614215656874196 0.21130949765919535 -0.01522041920141105 0.010556459405876368 0.046122631926964731 -0.036334638268598188 -0.14347472888279572 -0.20438998500386851 0.02150435821673391 -0.13252394667367398 -0.089354959132095124 0.1085417479142405 -0.021830109590809253 0.008907927760327226 -0.10972061416282224 0.03347105714620472 -0.056311155356912626 0.04515831371903526 0.03149359449630524 -0.044334766191232861 0.080503411947668288 -0.14103313627914621 -0.002624016772704298 -0.0055962044900104875 -0.089434329490848757 0.0087929927072543518 -0.066983174056278072 -0.15380157382917042 -0.038956984734811996 -0.14677112899813399 0.012899717689551955 -0.095125634383551719 -0.12139872917890182 -0.090200347905670844 -0.06629889428757732 -0.035726880118014011 -0.093029119442881308 -0.096529573387886383 -0.16256495355286185 -0.24476221716579141
leaf_weight=78 365 106 78 135 97 117 106 98 139 119 82 123 86 108 119 97 128 89 149 78 416 88 133 133 157 160 343 161 82 95 982 185 100 81 78 94 85 78 101 115 209 144 176 705 212 134 79 1558 93 202 144 88 78 78 160 7143
leaf_count=78 365 106 78 123 97 117 94 94 111 95 82 123 82 108 119 97 128 89 149 78 108 88 109 133 141 76 343 149 82 95 982 145 32 81 78 94 85 78 101 115 209 144 176 689 212 134 79 1050 81 142 144 64 70 78 144 3303
internal_value=-7.8789e-05 0.00577725 0.0151181 -0.00101002 0.0212127 0.0257649 0.00336924 0.00543223 0.01146 0.0170304 -0.00112066 0.000774541 0.00967683 0.000130093 0.00287939 0.00929607 0.00283892 0.00571408 0.00353086 0.000654937 -0.00150788 0.00325705 -0.00161534 0.00213087 -0.000329795 -0.00168355 -0.000601205 0.000585704 -9.46869e-05 -6.8259e-05 -0.00141522 -0.00176166 -0.00122712 -0.0013692 -0.00138683 -0.00194448 -0.00119595 0.00168413 -0.00142467 -0.00153061 -0.000382551 -0.00170572 -0.000835963 -0.00179199 -0.00133472 -0.00167154 -0.000420673 -0.00179515 -0.00111802 -0.00188321 -0.0019783 -0.0014363 -0.00188663 -0.00175873 -0.00204001 -0.00204899
internal_weight=17367 2381 486 14986 320 223 1895 1217 364 225 14851 2517 168 2349 846 216 853 431 342 630 12334 166 11918 211 678 11707 522 387 422 244 1503 11320 2895 2795 521 8425 962 163 444 2610 290 1380 398 799 294 2320 213 2107 226 1992 1790 232 443 254 7463 7303
internal_count=12247 2289 486 9958 320 223 1803 1149 300 189 9835 2513 164 2349 846 216 849 427 338 630 7322 166 7214 211 654 7003 522 339 422 244 1503 6664 2195 2163 513 4469 946 163 444 2018 290 1380 398 783 294 1728 213 1515 190 1400 1258 208 435 254 3523 3447
is_linear=0
shrinkage=0.0686502


Tree=3
num_leaves=59
num_cat=0
split_feature=26 11 50 57 29 63 60 10 43 59 10 63 3 41 11 29 43 56 44 6 29 10 25 10 10 58 58 43 39 50 45 56 32 0 42 5 30 49 34 26 10 55 20 38 37 26 27 26 42 38 0 61 38 30 43 10 32 40
split_gain=17.4376 12.0791 7.31373 3.49162 3.06228 7.02468 3.02732 3.05951 7.47415 1.80267 2.47987 5.59142 1.78357 4.79326 2.15816 2.16279 2.75224 1.37928 1.24157 1.16922 0.944497 0.866898 0.763807 0.602624 0.901 0.463831 0.352065 0.610073 0.922368 0.246292 0.428818 1.03595 0.890302 0.239969 0.287235 0.202342 0.154568 0.143215 0.147988 0.238239 0.14242 0.122839 0.211639 0.0744269 0.048741 0.0447954 0.0356944 0.0331195 0.0320982 0.0220003 0.0489439 0.0205182 0.0880889 0.042821 0.0796114 0.0159755 0.0263976 0.00773448
threshold=83.550000000000011 9.5000000000000018 9.9583333333333925 1002.35 82.050000000000011 0.46804535547750709 8.4350000000000005 -0.24284072672761489 28.444791666666674 6.0150000000000006 -0.86092912513210462 0.20085169522561588 0.97350000000000014 31.248333333333338 8.5000000000000018 78.550000000000011 28.813125000000003 1004.7500000000001 0.65813850022487663 -0.78656609248549325 79.850000000000009 -0.82389248692129191 28.705000000000002 -0.9975933521984367 -0.9993703818063705 7.955000000000001 7.3850000000000007 28.979791666666674 29.283333333333331 6.0916666666667334 2288.0050000000006 1008.6500000000002 -0.24000000000000019 6.8750000000000009 0.13733778189354448 -0.60355339059327362 86.050000000000011 774.75000000000011 0.51103988815220436 79.050000000000011 0.98927755889796032 1003.7500000000001 38.426664003464204 0.7577958478659127 33.301382497728568 82.450000000000017 82.550000000000011 86.050000000000011 0.094109864873242272 0.39823545690325418 4.785000000000001 2.1750000000000003 1.8145331323248477 80.550000000000011 28.987291666666668 -0.98208922706762081 -0.16499999999999912 0.1289702808159347
decision_type=2 2 2 2 2 2 2 2 2 2 2 2 2 2 2 2 2 2 2 2 2 2 2 2 2 2 2 2 2 2 2 2 2 2 2 2 2 2 2 2 2 2 2 2 2 2 2 2 2 2 2 2 2 2 2 2 2 2
left_child=3 6 4 -1 5 -3 19 9 -9 10 11 -8 29 14 23 16 -16 -17 -18 21 -12 -2 -4 24 -14 47 37 46 -29 30 31 32 -5 36 -35 -19 57 38 44 -40 48 42 -31 -37 -25 -32 -28 -11 -33 50 -46 -43 53 -53 -55 56 -51 -21
right_child=1 2 22 12 -6 -7 7 8 -10 25 20 -13 13 -15 15 17 18 35 -20 33 -22 -23 -24 26 -26 -27 27 28 -30 41 45 40 -34 34 -36 43 -38 -39 39 -41 -42 51 -44 -45 49 -47 -48 -49 -50 55 -52 52 -54 54 -56 -57 -58 -59
leaf_value=0.019951508197107965 0.073060242234218947 0.18002555450837976 0.06238621711349826 0.031362659769183163 0.20132354401883665 0.17292602384191016 0.13366592230670485 -0.0021732911846421626 0.2033933689159162 -0.011738214270162948 0.048014875620771266 -0.010169896827849132 -0.18179265999892014 0.10402034281502616 0.19017420308817964 0.12943600435962485 -0.038147904663886699 -0.0099259425678264873 0.032985031408684307 -0.043450948000919462 -0.027745553177876612 -0.0044296459131072672 -0.03541265473081931 -0.049438176133439739 0.069771369934068725 0.094024734654828551 -0.081619490218613436 0.091264769181162039 -0.060172731868449243 -0.00034113540499874185 -0.12069768122483415 -0.099590346236259078 -0.13110900289272601 -0.06092220651543831 0.029400208087965018 -0.017739281333008151 0.015221612418121585 0.037787178301938305 -0.092059684337344613 0.0024818794695551593 0.043084901675431213 -0.26804893560366128 -0.45288093129681128 -0.052465951194442292 -0.097788927371229198 -0.014055211845874355 -0.10866141368464219 -0.019608332215123626 -0.087033767539362789 -0.032076354019641033 -0.045994495470828865 -0.14892965492094262 -0.021587883693035353 -0.097319936592133102 -0.065663475729838702 -0.10732436519505931 -0.13723973878201168 -0.074122202268563087
leaf_weight=172 92 116 108 97 98 127 112 121 81 206 192 93 98 102 110 85 124 82 89 543 139 90 88 141 93 87 219 91 95 217 976 94 119 78 111 95 83 128 107 81 79 4981 302 386 164 163 78 81 396 79 106 1623 141 248 177 2195 109 79
leaf_count=72 84 116 108 89 98 127 104 121 81 182 152 89 98 38 110 85 124 82 89 503 139 90 88 141 93 87 219 91 87 129 480 90 103 78 111 95 83 80 83 77 79 2837 62 386 112 131 78 77 384 79 70 1083 81 248 117 1239 109 79
internal_value=-0.00012622 0.00491437 0.0141286 -0.00106506 0.0201865 0.0243309 0.00264274 0.00515222 0.0127771 0.00343643 0.00598365 0.0118964 -0.00118133 -0.000107868 -0.000426843 0.00245632 0.00703219 0.000156876 0.00241193 4.10382e-05 0.00227032 0.00503875 0.00349233 -0.00116871 0.00256637 -0.00020919 -0.00136966 0.000344932 0.00342227 -0.00172306 -0.00102128 0.000207238 0.00424455 -0.000977039 0.00117303 -0.00107201 -0.00156204 -0.00163766 -0.00173462 0.000102937 -0.00132309 -0.00189776 -0.000856615 -0.00161565 -0.00186011 -0.00187174 -0.00157203 -0.00155513 -0.00176347 -0.00192711 -0.00127063 -0.00197221 -0.0017737 -0.00188803 -0.0012354 -0.00199849 -0.00129155 -0.00193627
internal_weight=17367 2725 537 14642 341 243 2188 1112 202 910 536 205 14470 4857 4755 971 323 648 213 1076 331 182 196 3784 191 374 3593 483 186 9613 1924 785 216 894 189 563 705 3110 2982 188 569 7689 519 481 2794 1139 297 287 490 2653 270 7170 2189 2048 425 2383 188 622
internal_count=12247 2597 537 9650 341 243 2060 1032 202 830 484 193 9578 3665 3627 971 323 648 213 1028 291 174 196 2656 191 346 2465 475 178 5913 1356 745 192 854 189 563 665 1990 1910 160 553 4557 191 481 1750 611 297 259 474 1609 182 4366 1529 1448 365 1427 188 582
is_linear=0
shrinkage=0.0686502


Tree=4
num_leaves=56
num_cat=0
split_feature=26 11 50 1 2 9 37 20 2 60 30 52 59 1 37 30 22 10 26 38 30 44 10 7 57 40 10 21 43 44 1 61 10 54 38 4 61 38 42 26 56 63 31 45 0 2 28 40 6 0 24 63 1 1 21
split_gain=13.8883 9.95287 5.71038 5.10489 6.61272 3.96727 2.63465 3.66723 2.58177 1.6708 2.5129 3.46728 1.84844 1.65242 1.83607 1.3116 3.19109 1.13101 1.74329 0.795967 0.73209 0.887172 0.58843 1.18756 0.581795 0.503031 0.491751 0.355549 0.51433 0.515333 0.848985 0.822012 0.344689 0.897261 0.306924 0.558389 0.22556 0.201489 0.190604 0.170081 0.156112 0.151616 0.0734574 0.0550929 0.0462363 0.0564906 0.0409312 0.0461543 0.0330355 0.0235321 0.0222137 0.0254316 0.00764836 0.0054055 0.00164888
threshold=84.65000000000002 9.5000000000000018 9.9583333333333925 39.720000000000006 16.150000000000002 -0.833548052892222 33.740791962924085 33.341267717402808 14.250000000000002 7.205000000000001 80.850000000000009 0.99150000000000016 5.9350000000000014 5.6950000000000012 34.022873958060252 78.850000000000009 31.115000000000006 -0.90878397393106225 85.950000000000017 1.0700307634743855 86.350000000000009 0.45016502605504077 -0.9975933521984367 -0.25881904510252113 1004.1500000000002 0.16093476939662341 -0.45205545877835862 29.175000000000004 28.932708333333341 0.47794756380737718 6.705000000000001 3.4050000000000007 -0.7721279831368929 0.99050000000000005 1.9197654971725056 1011.35 12.050000000000002 1.3179424778681894 0.14290439587487996 82.65000000000002 1003.2500000000001 -2.3086435155378235 -1.5161533745537665 2389.9839999999999 7.7650000000000006 356.15000000000003 73.050000000000011 0.015275252325700685 -0.60355339059327384 5.4250000000000007 32.055000000000007 -3.5092224514201322 11.335000000000003 5.6950000000000012 29.295000000000005
decision_type=2 2 2 2 2 2 2 2 2 2 2 2 2 2 2 2 2 2 2 2 2 2 2 2 2 2 2 2 2 2 2 2 2 2 2 2 2 2 2 2 2 2 2 2 2 2 2 2 2 2 2 2 2 2 2
left_child=3 9 6 5 -5 8 -3 -8 13 32 11 -11 17 25 -15 42 20 -12 -19 -16 22 -22 23 -17 -10 38 -26 28 34 30 31 -30 33 -2 41 -36 40 53 -1 52 -29 -24 -7 -32 50 -46 -43 -48 -14 -20 51 -44 -28 -31 -42
right_child=1 2 -4 4 -6 15 7 -9 24 10 12 -13 48 14 19 16 -18 18 49 -21 21 -23 27 -25 26 -27 39 36 29 37 43 -33 -34 -35 35 -37 -38 -39 -40 -41 54 46 44 -45 45 -47 47 -49 -50 -51 -52 -53 -54 -55 -56
leaf_value=0.045888038029570408 0.079138064444268894 0.17067060876117032 0.054870269113209996 0.052811442679575507 -0.17159245519124797 -0.06696305031387817 0.26334067699185798 0.12307850803977949 0.084347598450140893 0.012944767119265071 0.11422775496903748 0.10860801189243643 -0.012276296869790225 0.14115514182538866 0.014193635649730798 0.037412972533128787 0.067139989102604311 0.16499073316057897 -0.0070057290216045042 0.12205941480446554 -0.10794424267014437 0.17277171449327852 -0.0059168541331012722 -0.037482119582008602 0.029433619571741843 0.036572641264507447 -0.075076714855252205 -0.060958270619999734 0.0050831148116826297 -0.06063465886367915 -0.067865495066698173 0.054799783649852503 -0.056986440715927955 -0.00042347777891049628 0.14750828816978775 -0.17281781038300742 -0.002899563698525274 -0.0016147198522669139 -0.024836520811074791 -0.0028610779226809374 -0.10867571273666435 -0.0012668686492585382 -0.072194208225582077 -0.0077763594230244497 -0.10878121106915827 -0.16197468900859835 -0.017548654437660609 -0.063155829417271228 -0.033076651336527783 -0.020103414387590387 -0.34146111444737209 -0.21317719005026181 -0.039901886423682545 -0.0090028012164150243 -0.13489360800788749
leaf_weight=78 92 129 128 94 102 187 78 78 83 96 82 111 82 151 137 79 222 138 78 121 94 122 84 107 132 86 517 206 104 194 85 82 282 134 78 100 133 81 133 112 155 78 135 78 78 89 79 1091 216 85 145 7471 79 78 2298
leaf_count=78 88 129 128 78 102 155 78 78 83 68 82 103 78 151 137 79 66 138 78 121 94 114 84 107 132 86 517 66 104 194 85 82 282 126 78 100 125 81 133 112 155 78 127 78 78 89 79 1091 216 85 45 4019 75 78 1154
internal_value=-0.000205272 0.00548515 0.0148309 -0.000867705 0.0100986 -0.00100889 0.0202217 0.0262688 0.00219175 0.00270408 0.00449858 0.0111038 0.00246399 0.00531238 0.00813787 -0.00138912 -0.000582474 0.00561324 0.00360775 0.00454705 -0.000915396 0.00298167 -0.00107937 0.00268977 -0.000194121 0.00138341 -0.000744398 -0.00122125 -0.000567081 0.000962655 0.00283151 0.00598603 -0.000426373 0.00155267 -0.00128195 0.00137119 -0.00173709 -0.000874307 -0.000405245 -0.00146737 -0.0018758 -0.0016415 -0.0019484 -0.000757323 -0.00198045 -0.000788247 -0.00183318 -0.00193531 -0.00157366 -0.0011748 -0.00200532 -0.00202233 -0.0019309 -0.00177853 -0.0020282
internal_weight=17367 1809 413 15558 196 15362 285 156 1629 1396 888 207 681 706 409 13733 5628 383 301 258 5406 216 5190 186 923 297 840 5004 2212 702 349 186 508 226 1510 178 2792 353 211 708 2659 1332 8105 163 7918 167 1248 1170 298 163 7751 7606 596 272 2453
internal_count=12247 1757 413 10490 180 10310 285 156 1625 1344 848 171 677 706 409 8685 4172 383 301 258 4106 208 3898 186 919 297 836 3712 2212 702 349 186 496 214 1510 178 1500 353 211 704 1375 1332 4513 163 4358 167 1248 1170 294 163 4191 4146 592 272 1309
is_linear=0
shrinkage=0.0686502


Tree=5
num_leaves=60
num_cat=0
split_feature=26 26 9 43 57 1 2 10 43 61 9 28 9 30 26 30 16 20 28 9 37 21 9 63 61 44 44 57 10 10 31 31 36 30 31 26 26 7 18 35 55 2 5 62 25 58 0 19 63 3 29 1 0 29 24 30 3 36 26
split_gain=13.1261 5.64584 5.8552 7.8517 5.29297 4.7068 4.54477 2.45825 1.81849 2.04613 1.75057 1.53754 2.94653 1.50521 1.26657 0.954479 2.70667 0.662558 0.63456 1.83239 0.793777 0.541371 0.512456 0.930654 1.6836 0.504481 1.77999 0.501803 0.450081 0.916972 0.371072 0.515358 0.193012 0.175222 0.150895 0.255505 0.137597 0.140746 0.136643 0.439241 0.112221 0.142321 0.0955914 0.0868418 0.0680814 0.0622772 0.0620276 0.101989 0.0471969 0.0554486 0.0394825 0.0971194 0.0228154 0.02072 0.0418937 0.00642998 0.00565322 0.00372541 0.00185806
threshold=83.550000000000011 87.450000000000017 -0.97873101657557326 28.571875000000006 1008.2500000000001 39.720000000000006 100.00000000000001 -0.66483077113278999 27.976250000000004 27.590000000000003 -0.833548052892222 78.950000000000017 -0.89391031859722869 81.950000000000017 80.350000000000009 78.850000000000009 40.403568151287239 33.513424317591294 80.250000000000014 -0.43664718845046341 34.757030302878299 28.135000000000002 0.54883787585413535 2.5005955579897852 4.0550000000000006 0.28486806694448391 0.25695506223517767 1004.1500000000002 -0.9975933521984367 -0.9993703818063705 -1.4712155437378998 -1.8623601819013673 0.077038499059801105 86.65000000000002 -1.4263949908817819 77.250000000000014 86.350000000000009 0.98296291314453421 34.769126204680944 33.79008053715922 1004.35 11.850000000000003 -0.78656609248549303 36.140719025605762 28.665000000000003 7.285000000000001 7.8550000000000013 34.654692766855639 -3.5092224514201322 0.83050000000000013 75.15000000000002 5.1150000000000011 7.6150000000000011 66.65000000000002 30.125000000000004 79.250000000000014 0.098500000000000018 0.069649704368128604 73.950000000000017
decision_type=2 2 2 2 2 2 2 2 2 2 2 2 2 2 2 2 2 2 2 2 2 2 2 2 2 2 2 2 2 2 2 2 2 2 2 2 2 2 2 2 2 2 2 2 2 2 2 2 2 2 2 2 2 2 2 2 2 2 2
left_child=5 2 3 17 7 10 -7 -3 -4 18 11 12 14 -11 44 34 22 -2 19 20 -10 -13 23 28 -25 26 -20 -23 29 -17 31 -30 -32 36 35 -12 37 45 39 56 41 -34 -29 -21 -1 -27 50 -48 49 -36 51 -42 53 54 -50 -52 -24 -55 -40
right_child=1 4 8 -5 -6 6 -8 -9 9 13 15 21 -14 -15 -16 16 -18 -19 25 43 -22 27 38 24 -26 33 -28 42 30 -31 32 -33 40 -35 48 -37 -38 -39 58 -41 46 -43 -44 -45 -46 -47 47 -49 52 -51 55 -53 -54 57 -56 -57 -58 -59 -60
leaf_value=-0.0046432892273198531 -0.023981948414011314 0.11789864447959435 0.093204298397514582 0.1764561423492842 0.21348034721265538 0.049185925743680033 -0.20222858822481984 -0.0065247842125370032 0.15932494044273759 0.085972854373683974 -0.28950635804417391 0.046119513364945158 0.14845333001041952 0.0015779429363104282 0.054140718695102494 -0.21236230371305673 0.092270149094965573 0.044884834452519652 -0.052875793775841909 -0.024186061107199917 0.0032005403514341556 -0.014219086507446766 -0.019768534689046338 -0.058234850502661244 0.14004059626058663 -0.021025777902013289 0.055477103774474325 -0.041065400882870126 -0.09315066045950493 0.078271257281560633 0.01364569689509486 0.13202718233858798 0.031738819655234007 -0.020144760121703884 -0.46569453464053451 0.019309777783093864 0.022623536048921353 -0.014170596465751995 -0.2056601309368557 0.0097954705926434904 -0.094389526488036543 -0.10182186941837043 -0.050950471041720354 -0.0089045062450138664 -0.018556969871064623 -0.032298648497113003 -0.2187755863053007 0.0043160642570193091 -0.14093566555027373 -0.034012549346896702 -0.12901713820564989 -0.0030150130802688558 -0.10852877776219361 -0.12139234828000077 -0.14098196097916688 -0.082995201341155553 -0.063020366709001657 -0.22154124795829214 -0.17039564493598836
leaf_weight=89 100 93 86 83 142 94 79 135 79 99 131 80 148 105 87 97 151 110 150 148 84 78 78 179 95 689 88 82 122 82 89 104 107 81 86 82 145 85 148 78 175 89 653 103 208 120 91 78 212 78 93 100 142 127 126 1169 210 7028 1697
leaf_count=89 100 93 86 83 142 78 79 131 79 79 99 80 148 105 87 97 35 110 150 128 84 78 78 155 63 657 80 82 122 82 85 104 87 81 86 82 141 85 60 78 111 73 653 63 204 120 91 74 200 74 81 68 142 63 90 1105 210 3608 769
internal_value=-0.00026456 0.00410863 0.00286302 0.0119222 0.0119809 -0.00107913 0.0101275 0.00541088 0.00156581 0.0011333 -0.00121448 0.00106717 0.00398487 0.00762023 0.000784401 -0.00146423 -0.000721274 0.00474812 0.00037797 0.00272724 0.00836378 -0.00066882 -0.00100328 -0.000360386 0.00341557 -0.000336525 0.00251849 -0.00120655 -0.000796161 0.00249355 -0.00106557 0.00155267 -0.00136629 -0.00095032 -0.00192998 -0.000100537 -0.00119388 -0.0015137 -0.00177654 -0.000542572 -0.00151421 1.53177e-05 -0.00176874 -0.000939314 -0.001342 -0.00179529 -0.00169285 -0.000400382 -0.00197925 -0.000765194 -0.00183107 -0.00103657 -0.00200449 -0.00202177 -0.00142867 -0.00199869 -0.00179406 -0.00204877 -0.00201789
internal_weight=17367 2725 2355 293 370 14642 173 228 2062 1976 14469 1425 532 204 384 13044 5032 210 1772 414 163 893 4881 2670 274 1358 238 813 2396 179 2217 226 1991 1120 8012 213 1039 894 2211 366 1902 196 735 251 297 809 1706 169 7799 164 1537 275 7635 7493 338 1262 288 7155 1845
internal_count=12247 2597 2231 293 366 9650 157 224 1938 1852 9493 1421 528 184 380 8072 3628 210 1668 354 163 893 3593 2398 218 1314 230 813 2180 179 2001 226 1775 1084 4444 181 1003 862 1195 366 1690 160 735 191 293 777 1530 165 4263 160 1365 179 4103 3961 290 1186 288 3671 829
is_linear=0
shrinkage=0.0686502


Tree=6
num_leaves=59
num_cat=0
split_feature=26 11 24 63 1 30 9 43 26 9 9 61 52 50 9 44 53 49 23 56 1 1 10 44 18 16 56 37 4 39 17 4 10 49 30 45 42 9 1 33 29 21 54 56 21 29 21 4 44 34 17 9 25 30 2 0 52 40
split_gain=11.5987 6.68292 5.18441 5.84307 3.75807 2.84533 2.28039 5.42884 1.69188 1.35737 7.58004 1.25686 1.79797 1.07373 1.10635 2.13436 1.84398 0.86079 0.848938 0.730799 0.630552 1.53749 0.454124 0.408056 0.337375 0.331395 0.311629 0.37943 0.310428 0.272126 0.84472 0.864039 0.270765 0.225683 0.156811 0.198449 0.14526 0.112678 0.100705 0.277005 0.139448 0.283503 0.500278 0.063416 0.104605 0.0526959 0.106573 0.0517146 0.0395299 0.0329808 0.0322405 0.0317749 0.0135711 0.0292897 0.00761321 0.00619947 0.00484946 0.000841065
threshold=83.15000000000002 9.5000000000000018 28.835000000000004 0.45044077400386234 41.895000000000003 84.850000000000009 -0.97109105924028405 28.494791666666675 87.65000000000002 0.53436760985011655 0.52707282776374187 27.590000000000003 0.99350000000000016 3.608333333333523 -0.43664718845046341 0.6551708345616204 0.97150000000000014 138.30000000000004 28.435000000000006 1003.2500000000001 8.9250000000000025 5.9650000000000007 -0.090248267031647136 0.37808429682735228 32.519615751000678 35.333280955945973 1005.4500000000002 34.101960183462161 1004.6500000000002 28.72166666666666 35.8733809103909 1006.6500000000002 0.99164058729498161 796.25000000000011 82.15000000000002 2284.5600000000004 0.22464787260645722 -0.22611359161738934 2.9850000000000008 32.67435067734376 80.750000000000014 29.505000000000006 0.97550000000000014 1004.9500000000002 29.565000000000001 83.450000000000017 28.235000000000003 1005.5500000000001 1.1156991374731151 0.34809354142034615 34.92060186908413 -0.98211651112579568 28.495000000000001 80.750000000000014 6.7500000000000009 7.7250000000000005 0.99850000000000005 0.14571661996341576
decision_type=2 2 2 2 2 2 2 2 2 2 2 2 2 2 2 2 2 2 2 2 2 2 2 2 2 2 2 2 2 2 2 2 2 2 2 2 2 2 2 2 2 2 2 2 2 2 2 2 2 2 2 2 2 2 2 2 2 2
left_child=4 6 18 -4 9 -5 7 23 11 10 13 17 -13 14 15 22 -17 29 24 -15 21 25 50 -2 -3 -19 27 -21 -16 45 31 -31 37 43 48 -36 -22 -30 56 -40 41 42 -41 55 -45 -8 -47 -37 52 -32 -1 -42 53 -11 -39 -29 -28 -43
right_child=1 2 3 5 -6 -7 8 -9 -10 34 -12 12 -14 19 28 16 -18 20 -20 26 36 -23 -24 -25 -26 -27 38 33 32 30 49 -33 -34 -35 35 47 -38 54 39 40 51 57 -44 44 -46 46 -48 -49 -50 -51 -52 -53 -54 -55 -56 -57 -58 -59
leaf_value=-0.044019747655280203 0.031356681126950045 0.081856631996863299 0.14877823103023305 -0.0048719367038298766 0.051734961744443246 0.18166167517785814 -0.045069400074340862 0.16022344393248825 0.093669862907715618 -0.078853526971658441 0.085935783449036449 -0.010556699273425486 0.082642594543971881 0.082377540098787644 0.010925335229038439 0.003228908020195158 0.15782319871031197 -0.046572711705201511 0.1903068725454081 0.051014167711297 -0.016963529929529958 0.095661338237521432 0.046636667052484995 -0.055816940945862259 -0.062494275676879665 0.014487533322830979 -0.20253584067950747 -0.05162661334900677 -0.11981281540946548 0.085253382484930404 -0.019582353711982445 -0.054038032673836237 0.040230675241159801 0.041290445719046887 0.0091230094227376674 -0.11355097490975762 -0.022031630745486891 -0.091664837356328521 -0.00035659708950584046 0.031635540632978472 -0.032566460287409865 -0.1198424279545047 -0.056931119623484357 -0.00046665735236709946 -0.14335078193787992 -0.0062659558302828504 -0.048005901573063357 -0.15488465621857167 -0.18481972193931775 -0.026121759573555253 -0.13500539200927836 -0.083005188682588327 -0.23117533865285883 -0.034966845439964887 -0.11291872338906871 -0.14985696865076173 -0.11332537271458262 -0.11168130059110268
leaf_weight=163 95 79 123 96 142 88 545 88 133 142 89 89 135 127 112 78 100 106 105 130 152 85 100 95 106 127 2158 334 155 85 286 126 89 122 133 118 83 507 92 135 107 257 127 107 99 84 124 287 199 87 78 1074 6416 80 79 82 102 125
leaf_count=163 95 79 123 96 126 88 545 88 133 142 37 69 131 115 112 78 100 106 105 130 124 81 100 95 106 103 1942 282 155 85 210 126 89 86 125 46 75 451 92 135 107 133 127 107 75 84 124 207 131 71 78 1050 2368 80 79 82 90 85
internal_value=-0.000331754 0.00345651 0.00998184 0.0161841 -0.00116264 0.00829401 0.00190682 0.00775927 0.00117593 -0.00127529 -0.000568874 0.000697851 0.00554343 -0.000838365 0.000802435 0.0033444 0.00940536 0.000117019 0.00335055 -0.00130243 0.00239392 0.00438069 0.00013914 0.00115614 0.000505948 0.00144482 -0.00143286 -0.000246548 -0.000595517 -0.000822404 0.000281907 0.00374663 -0.00105885 -0.000851315 -0.0019188 -0.000771721 -0.000282812 -0.00149369 -0.00167967 -0.00130377 -0.00149122 -0.000664126 0.00105906 -0.00138569 -0.000365371 -0.00168468 -0.000709329 -0.00153266 -0.00200811 -0.00167098 -0.00145944 -0.00193647 -0.00203759 -0.00140841 -0.00192872 -0.00187545 -0.00199517 -0.00185913
internal_weight=17367 3122 597 307 14245 184 2525 278 2247 14103 6728 2114 224 6639 1461 519 178 1890 290 5178 553 318 341 190 185 233 5051 874 942 1337 584 211 830 744 7375 538 235 741 4177 1917 1825 644 262 622 206 753 208 405 6837 373 241 1181 6638 222 586 416 2260 382
internal_count=12247 2942 597 307 9305 184 2345 278 2067 9179 6080 1934 200 6043 1405 519 178 1734 290 4638 489 290 341 190 185 209 4523 762 886 1245 492 211 774 632 3099 378 199 685 3761 1729 1637 480 262 546 182 753 208 253 2721 281 241 1157 2590 222 530 364 2032 218
is_linear=0
shrinkage=0.0686502


Tree=7
num_leaves=58
num_cat=0
split_feature=26 19 9 5 1 58 1 30 16 25 52 55 10 9 10 11 9 62 44 32 48 49 63 63 0 5 30 28 43 18 23 19 37 0 10 55 32 57 20 3 44 50 28 18 3 26 63 52 63 44 27 9 21 9 9 1 27
split_gain=9.54558 5.86756 4.85042 3.49888 3.35239 6.07468 3.17873 1.7391 2.25317 1.85873 2.79864 1.17774 1.0465 1.00744 0.987254 2.50175 0.581904 1.59285 0.549237 0.447384 0.432905 0.397997 0.363711 0.357995 0.259714 0.404045 0.412769 0.713943 0.278763 0.231294 0.566408 0.425751 0.163268 0.145108 0.271103 0.141039 0.117145 0.256161 0.111452 0.162034 0.098958 0.0837254 0.192156 0.306539 0.0644233 0.206003 0.0449861 0.0418058 0.0385706 0.0355086 0.0265635 0.00675093 0.0055133 0.00268546 0.00563905 0.00218465 0.00147014
threshold=87.65000000000002 35.294369577017889 -0.86958133671945925 -0.5 9.1850000000000005 5.6750000000000007 48.010000000000012 78.450000000000017 40.403568151287239 27.085000000000004 0.78650000000000009 1007.1500000000002 -0.45205545877835862 -0.99699193743116266 -0.99862982478704421 6.5000000000000009 0.54883787585413535 36.934118729188775 0.39331275983346298 -0.24000000000000019 105.90000000000002 792.6500000000002 0.013441562922285046 3.0926362973106909 6.8450000000000006 -0.25881904510252113 84.250000000000014 82.950000000000017 28.138958333333338 34.809798224928265 28.915000000000003 34.25845271368312 35.095641688641258 7.7250000000000005 -0.94128245028753155 1004.0500000000001 -0.15999999999999834 1004.6500000000002 33.655195629726968 0.94550000000000012 0.28741696884152884 1.0000000180025095e-35 71.850000000000009 30.80841027971929 0.98850000000000005 83.050000000000011 -3.2522114128938653 0.99850000000000005 0.63891252823810885 0.21398392947832082 81.050000000000011 0.64534213713577271 28.315000000000001 0.98801351631316348 0.99699193743116299 5.5650000000000004 71.350000000000009
decision_type=2 2 2 2 2 2 2 2 2 2 2 2 2 2 2 2 2 2 2 2 2 2 2 2 2 2 2 2 2 2 2 2 2 2 2 2 2 2 2 2 2 2 2 2 2 2 2 2 2 2 2 2 2 2 2 2 2
left_child=2 11 3 4 18 -6 7 33 9 10 -9 -2 -5 -14 15 -11 17 21 -1 20 -15 23 -20 24 28 26 27 32 -16 30 51 -32 -26 41 -35 -21 37 -30 39 -37 -39 42 43 -4 45 -42 -43 53 -27 -38 -44 -18 -51 -48 -55 -28 -31
right_child=1 -3 6 12 5 -7 -8 8 -10 14 -12 -13 13 19 16 -17 29 -19 22 35 -22 -23 -24 -25 25 48 55 -29 36 56 31 -33 -34 34 -36 38 49 40 -40 -41 44 46 50 -45 -46 -47 47 -49 -50 52 -52 -53 -54 54 -56 -57 -58
leaf_value=0.085189660793629204 -0.011817835706481435 0.17766736310308837 -0.38233670204299286 0.078553369569020509 0.13162776044053182 0.081327390000168448 0.020277825759485672 -0.02163078870522989 0.080036273371565353 0.13424554426026802 0.1481253118435403 0.12448935735136113 0.0085388771000667277 0.077163627144420724 0.018029525774362572 -0.1543144751444262 -0.047452706124972287 -0.028496240232981238 0.091937179627867974 0.0025843001920217495 -0.0085980155314631553 0.038899268871628645 -0.024221811938907711 0.029844944248753506 0.0071820989226300952 -0.095522110734773694 -0.05033860744500343 0.0796594618089351 0.016645613669014549 -0.24347759889057785 -0.023418148581574823 0.012122483739791998 -0.04910434193077709 0.029842236295308452 -0.18978145012992051 0.0067196563697832605 -0.014408197795428811 -0.0040136086268749453 -0.055925337540271979 -0.068058635988839183 -0.087937978787143864 -0.090354299437127611 -0.14049000702554104 0.055730194310952712 -0.032699901190503755 -0.0016135024288757131 -0.2223043594424006 -0.12794031269836093 -0.00020349927094220172 -0.014032748423625433 -0.014412782954574427 -0.062645828625184655 -0.049083790790775066 -0.32170925217322333 -0.3723265699740454 -0.0047915465747020436 -0.14133888208601747
leaf_weight=115 97 117 83 89 123 131 173 144 162 78 79 110 129 113 120 128 78 137 79 110 89 156 127 175 122 290 79 134 86 157 85 78 93 78 128 78 93 135 583 93 209 171 432 78 483 110 6150 190 78 100 109 311 1160 216 270 78 1968
leaf_count=115 97 117 83 89 123 131 145 144 38 78 79 110 129 113 120 128 78 69 79 110 85 132 127 151 122 290 79 134 74 65 85 78 73 78 128 78 93 135 583 93 177 143 272 78 423 110 3250 122 70 100 93 311 1072 80 98 78 912
internal_value=-0.000422664 0.0112232 -0.000645295 0.00266249 0.00710678 0.0129818 -0.00105083 -0.0011581 -0.000377701 -0.00056581 0.0055773 0.0041874 0.000662452 0.000119008 -0.000771563 0.00388657 -0.000920477 -0.000376629 0.0024046 -0.000572644 0.00231625 -0.000648112 0.000246237 -0.00079896 -0.000957515 5.5212e-05 0.00131825 0.00263561 -0.00131405 -0.00169762 -0.000432169 0.00293656 0.00015036 -0.00185876 -3.44319e-05 -0.00125681 -0.00147855 -0.000912308 -0.0015943 -2.15154e-05 -0.0012461 -0.00190689 -0.00116955 0.000884985 -0.00153665 -0.000748553 -0.00197986 -0.00200803 -0.00166572 -0.00190141 -0.00179131 -0.00186272 -0.0019986 -0.00203759 -0.00176105 -0.00157459 -0.00202337
internal_weight=17367 324 17043 1859 575 254 15184 15011 7106 6944 223 207 1284 1195 6721 206 6515 3838 321 1066 202 3701 206 3545 3370 874 506 349 2496 2677 552 163 215 7905 206 864 2376 1023 754 171 937 7699 702 161 802 319 6997 6826 368 1353 541 389 1260 6636 486 157 2125
internal_count=12247 324 11923 1855 575 254 10068 9923 5498 5460 223 207 1280 1191 5237 206 5031 3502 321 1062 198 3433 206 3301 3150 846 486 329 2304 1529 552 163 195 4425 206 864 2184 919 754 171 845 4219 526 161 710 287 3693 3550 360 1265 365 389 1172 3428 178 157 977
is_linear=0
shrinkage=0.0686502


Tree=8
num_leaves=61
num_cat=0
split_feature=26 11 29 63 1 2 9 10 37 43 61 60 58 38 10 51 21 49 37 10 10 38 56 53 38 29 29 19 57 19 29 1 63 19 9 57 36 24 21 10 54 10 61 63 51 59 34 52 38 34 9 62 2 9 6 21 16 27 34 45
split_gain=8.20572 5.79134 4.17579 4.62062 2.96111 3.40352 1.79842 2.69793 1.43625 3.33536 4.15959 1.17758 1.4169 2.09854 1.32484 0.957331 2.58552 0.890121 0.873824 0.792693 0.666317 1.03984 0.548169 0.542262 1.03525 1.14104 0.307258 0.291962 0.583933 0.722855 0.234045 0.224615 0.206156 0.611228 0.20409 0.16781 0.14495 0.204175 0.118856 0.103534 0.341456 0.0988155 0.18902 0.0814305 0.0757721 0.044083 0.0581475 0.0397145 0.120093 0.0412519 0.0384698 0.0719381 0.0407459 0.0304184 0.0299587 0.0145938 0.0286082 0.00782246 0.00295482 0.00262987
threshold=84.050000000000011 9.5000000000000018 81.750000000000014 0.46804535547750709 39.720000000000006 47.650000000000013 -0.86958133671945925 -0.45205545877835862 33.903772234812465 28.51979166666667 4.9150000000000009 8.0950000000000006 5.1750000000000007 0.96600648461781591 -0.55599684127981919 563.63600000000008 31.115000000000006 485.30000000000001 34.118611229535944 -0.99626127116974506 -0.94128245028753155 0.90887189780854294 1004.7500000000001 0.99750000000000016 0.86378428195910495 75.65000000000002 76.250000000000014 36.01866240736458 1005.7500000000001 35.036983577144852 66.850000000000009 10.025 3.027683759985822 34.377535215335577 0.97505550290239451 1006.4500000000002 0.09528445782050142 29.185000000000006 28.715000000000003 -0.86092912513210462 0.98950000000000016 -0.15855351192338588 0.53500000000000014 -3.5092224514201322 228.91850000000002 8.1950000000000021 0.27409124325774042 0.029500000000000002 1.1257908107928494 0.55369613734850809 -0.66484924122790601 34.375164191058396 156.55000000000004 0.87795195455888941 -0.5 29.405000000000005 35.492769440152692 83.750000000000014 0.2600159415460524 2447.4670000000001
decision_type=2 2 2 2 2 2 2 2 2 2 2 2 2 2 2 2 2 2 2 2 2 2 2 2 2 2 2 2 2 2 2 2 2 2 2 2 2 2 2 2 2 2 2 2 2 2 2 2 2 2 2 2 2 2 2 2 2 2 2 2
left_child=4 11 3 -3 6 -6 7 -1 9 31 -11 17 13 14 -13 16 19 39 -4 -8 21 -14 -22 27 58 -26 -10 28 29 -21 -29 -9 34 -34 44 -27 37 -17 -24 40 -2 55 -43 -38 47 50 -47 48 -30 53 51 -45 -53 -49 -41 56 -32 -28 -25 -52
right_child=1 2 18 -5 5 -7 15 8 26 10 -12 12 20 -15 -16 36 -18 -19 -20 23 22 -23 38 24 25 35 57 30 32 -31 41 -33 33 -35 -36 -37 43 -39 -40 54 -42 42 -44 45 -46 46 -48 49 -50 -51 59 52 -54 -55 -56 -57 -58 -59 -60 -61
leaf_value=0.1447411287127241 0.025104515624334463 0.13049920990394015 -0.019873832237911018 0.12745523412987581 0.046791268342984353 -0.16762398006071574 0.03547589887143978 -0.044534388399743538 0.0050567942320074114 -0.0036505888006348459 0.1289081929429291 -0.010498032662356244 0.11066638768062421 0.13584877710791113 0.044541519435522488 -0.0040064534684661245 0.074541765933941198 0.042331535678338687 0.18989932794560807 -0.029661447362812888 0.025527351460344305 -0.013260963184905654 -0.022897626772737843 -0.076116891496134431 0.10763602254804155 -0.035643763131463654 -0.057100500655739878 0.0024212037149381584 0.0025781110762517988 0.072050839125221602 -0.071101420142607313 0.010110369723753444 -0.11016112706997243 0.12921408708056148 0.0084445596438280195 0.0028397033155119341 -0.11744424453629902 -0.47607647609953518 -0.0017076448341674338 -0.023559494217837741 -0.050016192814248392 -0.081984674894975434 0.0057943894341870254 -0.0093986706502557377 -0.064817736275225107 -0.16167545156291091 -0.0019649231585484135 -0.053149865182245674 -0.10974597440549272 -0.050601869674571961 -0.21157158951897601 -0.05827680251049925 -0.1953095620844118 -0.048703746018859392 -0.050236694665857888 -0.12391563590319077 -0.024457881225031064 -0.01403155749980386 -0.087535285756096787 -0.30015262164176432
leaf_weight=85 86 123 124 145 94 89 144 214 124 82 80 141 79 110 78 126 132 93 78 142 120 80 251 207 95 94 572 172 78 96 123 78 124 78 85 80 170 154 133 98 146 136 79 80 78 94 78 1000 129 151 6430 78 371 110 379 2375 78 79 96 143
leaf_count=85 82 123 124 145 78 89 144 214 124 82 80 137 79 90 78 126 36 85 78 118 116 80 243 143 91 82 568 92 78 92 119 78 124 78 85 76 150 50 113 98 142 132 79 80 66 94 78 972 129 151 3538 78 371 110 371 827 78 79 80 39
internal_value=-0.000458237 0.00339409 0.0101676 0.0157673 -0.00103633 0.00760572 -0.0011434 0.00127882 0.000449363 0.00351271 0.0113678 0.00160989 0.0031901 0.0068671 0.00291307 -0.00137782 -0.00071625 -0.000340416 0.0026537 -0.000936081 0.00134668 0.00520055 0.00010921 -0.00106639 0.000929486 0.00402449 -0.00134164 -0.00129441 -0.000664294 0.00251849 -0.00173253 -0.000861879 -0.00108205 0.000966465 -0.00133958 0.0006668 -0.00188072 -0.000322966 -0.00114774 -0.00117832 0 -0.00188448 -0.000435817 -0.00193854 -0.00152185 -0.00197346 -0.000824895 -0.00163347 -0.000702851 -0.00178113 -0.00200037 -0.00139698 -0.00173653 -0.00192861 -0.00175543 -0.00200306 -0.00134087 -0.00194175 -0.00180714 -0.00204782
internal_weight=17367 2264 470 268 15103 183 14920 1314 1229 454 162 1794 992 329 219 13606 5882 802 202 5750 663 159 504 5606 572 269 775 5034 2071 238 2963 292 1833 202 1631 174 7724 280 384 709 232 2791 215 7444 1546 7274 172 1468 207 1261 7102 529 449 1110 477 2576 201 651 303 6573
internal_count=12247 2184 470 268 10063 167 9896 1310 1225 454 162 1714 936 305 215 8586 3982 778 202 3946 631 159 472 3802 472 249 771 3330 2003 210 1327 292 1793 202 1591 158 4604 176 356 693 224 1235 211 4428 1506 4278 172 1440 207 1233 4106 529 449 1082 469 1024 197 647 223 3577
is_linear=0
shrinkage=0.0686502


Tree=9
num_leaves=60
num_cat=0
split_feature=26 26 9 43 1 62 37 9 37 60 26 32 9 9 26 37 49 43 30 10 37 53 1 58 53 57 39 1 59 29 25 23 11 29 24 10 42 25 49 20 9 10 26 32 25 24 61 26 3 10 22 46 9 44 30 0 0 44 0
split_gain=7.74995 4.36151 2.55218 5.5517 2.48353 1.96585 1.89027 1.45265 8.27392 1.29819 1.02904 0.931417 1.12717 1.15473 0.684201 0.69581 0.596603 0.946985 0.397799 0.42112 1.50594 0.579248 0.938619 0.333363 0.309041 0.296568 0.376833 0.64898 0.250909 0.243708 0.243672 0.355024 0.227477 0.485228 0.758065 0.178542 0.147348 0.222788 0.13631 0.156697 0.105614 0.576637 0.100254 0.105445 0.0720663 0.200497 0.291234 0.0687334 0.0971006 0.0651651 0.0499618 0.0267009 0.0241915 0.14957 0.0128062 0.00365725 0.003496 0.00305975 0.00275954
threshold=83.450000000000017 89.350000000000009 -0.97873101657557326 28.444791666666674 39.720000000000006 37.813713516306244 31.885189583556702 0.53436760985011655 38.629086393851743 48.010000000000012 87.850000000000009 -0.11000000000000119 -0.833548052892222 -0.89391031859722869 80.750000000000014 34.339726664712082 462.00000000000006 28.922708333333336 86.250000000000014 -0.98208922706762081 35.258334292265857 0.99750000000000016 3.5350000000000006 7.9050000000000011 0.99650000000000005 1004.6500000000002 29.068333333333335 6.705000000000001 7.4850000000000012 64.550000000000011 28.275000000000002 28.915000000000003 8.5000000000000018 80.550000000000011 29.625000000000004 -0.99463397642532658 0.1115123289035778 29.125000000000004 138.30000000000004 35.703695883834889 -0.8779519545588893 -0.40541071103273035 82.350000000000009 -0.38000000000000073 28.955000000000002 28.985000000000003 3.4050000000000007 75.550000000000011 0.97450000000000003 -0.93533330245768853 27.355000000000004 30.185000000000006 0.97505550290239451 0.55675455337189106 82.65000000000002 3.0950000000000002 3.9250000000000003 0.27484316669795578 4.2350000000000012
decision_type=2 2 2 2 2 2 2 2 2 2 2 2 2 2 2 2 2 2 2 2 2 2 2 2 2 2 2 2 2 2 2 2 2 2 2 2 2 2 2 2 2 2 2 2 2 2 2 2 2 2 2 2 2 2 2 2 2 2 2
left_child=4 2 3 24 7 6 -4 8 11 10 16 12 13 14 56 -16 23 -18 19 20 58 36 -23 28 -2 26 27 -13 32 -9 31 55 35 34 -34 -8 37 -21 57 -40 41 -27 50 -44 45 49 -47 48 -43 -42 -38 -46 54 -54 -32 -31 -1 -37 -14
right_child=1 -3 5 -5 -6 -7 9 29 -10 -11 -12 25 18 -15 15 -17 17 -19 -20 21 -22 22 -24 -25 -26 40 -28 -29 -30 30 52 -33 33 -35 -36 38 42 -39 39 -41 44 47 43 -45 51 46 -48 -49 -50 -51 -52 -53 53 -55 -56 -57 -58 -59 -60
leaf_value=-0.040705474191655697 -0.025508361173333809 0.15089944070325134 0.052435089169782234 0.17909188629776981 0.036761680204194999 -0.0087213300883105215 0.026086041782529285 0.0043883332453464102 0.069424457617544497 0.054832303412417065 0.065130031821346718 0.1123687580956981 -0.10471285348667053 0.13387751383411825 0.072840309047076973 -0.023327411559507523 -0.03233487692813676 0.022580269216007566 0.11155611794465811 0.031305528356865189 0.081072295428827296 0.10114377277519446 -0.060195494379001457 0.0027503826390941691 0.016201444104555537 0.013372314638412052 -0.080098372749733304 -0.013819067360631414 0.013307949686506493 -0.039154991755005197 -0.19970214412276846 0.013447896484431475 0.072032944445273445 -0.02965552766873903 -0.014676993708768099 -0.042666851972869915 -0.051267223079118011 -0.13401642981336065 0.0014812448411429956 -0.019282969027701748 -0.010240961573552107 0.00033744758397914667 -0.0056318081039692684 -0.033165528820399963 -0.11927110474469098 -0.097020752103161925 -0.0019725915375367327 -0.03216155149907636 -0.099654732627477649 -0.098052783329496171 -0.094021371835916676 -0.14284509497286318 -0.0066718259268929983 -0.11788706765618531 -0.11750468162068906 -0.084885991279053274 -0.0073686289577704718 -0.026006625549184526 -0.075971927198962147
leaf_weight=112 128 83 97 151 170 82 96 173 93 96 105 94 78 124 100 100 100 109 88 103 80 118 152 139 94 81 170 126 101 78 5782 100 107 170 80 120 152 101 103 95 114 78 99 82 1962 120 79 405 83 617 1126 128 191 774 230 117 78 761 92
leaf_count=112 128 83 97 151 154 38 96 113 37 84 105 94 78 124 100 100 100 97 88 99 80 114 140 139 94 81 134 126 101 78 2102 100 107 170 80 120 152 73 103 71 114 78 87 74 1658 120 79 405 83 617 970 88 139 390 110 117 74 709 92
internal_value=-0.000434522 0.00285992 0.00238177 0.00765156 -0.00107293 0.00154286 0.00116063 -0.00117106 -0.000455005 0.000737742 0.000373077 -0.000734146 0.000230953 0.00313045 0.00126694 0.00406368 1.71104e-05 0.00347558 -0.00042457 -0.000610122 0.00202697 -0.000955135 0.00197879 -0.000390353 0.000695612 -0.00139779 0.000390052 0.00227058 -0.000668424 -0.00183715 -0.00189793 1.71503e-05 -0.000890182 0.000615572 0.00302887 -0.0013523 -0.00143591 0.000268684 -0.00160716 0 -0.00158943 -0.000776452 -0.00167785 -0.000133223 -0.00176142 -0.00123999 0.000669258 -0.00156116 -0.000318673 -0.00176715 -0.00189214 -0.00198994 -0.00197963 -0.00162484 -0.00203531 -0.00166839 -0.00165817 -0.00197244 -0.00161136
internal_weight=17367 2817 2734 373 14550 2361 2279 14380 6935 2182 2086 6842 2785 514 390 200 1981 209 2271 2183 250 1933 270 1772 222 4057 390 220 1633 7445 7272 295 1532 357 187 1175 1663 204 1079 198 3667 647 1459 181 3020 930 199 566 161 731 1278 2090 6977 965 6012 195 190 881 170
internal_count=12247 2673 2590 373 9574 2217 2179 9420 6271 2082 1998 6234 2557 510 386 200 1893 197 2047 1959 250 1709 254 1696 222 3677 354 220 1557 3149 3036 295 1456 357 187 1099 1455 172 1003 174 3323 647 1283 161 2676 930 199 566 161 731 1122 1746 2741 529 2212 195 186 829 170
is_linear=0
shrinkage=0.0686502


Tree=10
num_leaves=61
num_cat=0
split_feature=26 57 26 9 37 57 25 26 20 59 55 29 59 30 17 57 43 54 20 25 57 45 53 38 28 56 23 36 28 26 30 23 43 9 29 54 30 18 23 16 50 9 36 40 29 9 28 50 19 9 34 9 2 9 4 28 38 16 20 20
split_gain=6.56259 3.62666 3.49612 1.93771 4.84252 1.62453 1.37467 1.14966 0.966157 1.20367 1.1253 0.863031 1.41595 1.12566 0.806029 0.831123 1.43528 1.50692 0.965708 0.732652 0.636865 0.558085 0.416792 1.43319 0.409559 0.694194 0.549667 0.386602 0.681328 0.330408 0.634201 0.277436 0.505353 0.205448 0.384253 0.189433 0.160733 0.324421 1.03823 0.15206 0.102973 0.398798 0.108379 0.0914863 0.0823493 0.0655253 0.0458493 0.0359892 0.0346773 0.0292415 0.0236989 0.0158659 0.118945 0.00740756 0.00642121 0.00556357 0.00470272 0.00430604 8.88975e-05 0.00294104
threshold=85.050000000000011 1002.35 89.350000000000009 0.53436760985011655 38.819107931541105 1009.9500000000002 29.775000000000002 77.950000000000017 34.219199286314158 4.6350000000000007 1008.0500000000001 81.15000000000002 1.9450000000000001 80.250000000000014 37.23358163782752 1006.1500000000002 28.638958333333338 0.96250000000000002 35.650617263275635 28.335000000000004 1003.85 2442.5480000000002 0.96750000000000014 1.4644120937517882 78.750000000000014 1005.6500000000002 27.555000000000003 0.24299008911280306 83.050000000000011 82.65000000000002 81.850000000000009 28.985000000000003 28.927291666666669 -0.86958133671945925 79.250000000000014 0.99450000000000005 81.350000000000009 34.809798224928265 28.915000000000003 32.439382661317964 35.908333333333438 -0.5416228050394748 0.09528445782050142 0.29737742572939047 65.050000000000011 -0.22611359161738934 87.15000000000002 8.3916666666668203 33.071189809295369 -0.97505550290239429 0.28571864806863673 0.98801351631316348 5.5500000000000007 0.35769492645306972 1008.1500000000002 76.950000000000017 0.47626828003423571 31.952590016463798 32.756804173735823 32.187435635444764
decision_type=2 2 2 2 2 2 2 2 2 2 2 2 2 2 2 2 2 2 2 2 2 2 2 2 2 2 2 2 2 2 2 2 2 2 2 2 2 2 2 2 2 2 2 2 2 2 2 2 2 2 2 2 2 2 2 2 2 2 2 2
left_child=1 -1 5 4 7 6 8 33 9 10 -2 12 13 -9 15 16 -14 18 -18 39 -13 24 43 29 25 -22 -26 28 -10 47 -31 32 -19 34 -3 -32 44 38 57 -11 41 -35 -42 -17 -5 -43 53 -24 -36 -41 -39 58 -53 -28 -29 -33 -44 -38 59 -46
right_child=2 3 -4 36 -6 -7 -8 11 27 19 -12 20 14 -15 -16 22 17 31 -20 -21 21 -23 23 -25 26 -27 46 54 -30 30 35 55 -34 40 48 -37 37 50 -40 49 42 45 56 -45 51 -47 -48 -49 -50 -51 -52 52 -54 -55 -56 -57 -58 -59 -60 -61
leaf_value=0.01693418099386871 0.12186220820687366 0.0060956241287662095 0.14054016153706311 -0.12752628577649111 0.06465845362130955 0.16874417480326673 -0.002268985305941829 -0.014317973896907232 0.061511687828388624 0.0079098879735617494 0.031552695466036333 0.053877134794283896 0.082229366842983875 0.12583935179093111 -0.085093558574254075 -0.045628198748876241 -0.014387285290051594 -0.11074766678004774 0.090217084786936227 0.037546310935244388 0.039663122597857529 0.00075188386227700204 -0.021836545594688173 0.127360337559075 0.019732267378733005 -0.021595542987477886 -0.048909631215344043 -0.010882093457347357 -0.015268890495557651 0.056106124710851621 -0.014162760088039903 -0.0047446042186878026 0.054685065690047725 0.015049331478815197 -0.013254507382802663 0.0045016510469632048 -0.067505404815440942 -0.10080048009028747 0.009629027193311393 -0.0065816438902767879 -0.0041649607980582901 -0.050738770531887557 -0.069300854058847089 -0.013195651757636281 -0.036019552270723509 -0.10430238840532331 -0.061834105394194809 -0.009662686824710302 -0.13727280214456949 -0.057216670346066686 -0.16482329249536665 -0.020275514405047105 -0.28393368081016301 -0.066880218628126306 -0.021661057664914316 -0.035775555969873023 -0.17867907990297588 -0.066056494503281993 -0.19499620253916558 -0.039665059644573182
leaf_weight=186 84 137 83 174 88 141 94 79 101 80 85 123 102 81 432 353 98 81 117 117 92 103 225 80 103 147 1576 274 131 86 131 78 78 87 78 78 78 560 89 78 77 106 111 126 119 399 78 78 200 129 123 110 552 88 78 204 2009 140 5569 83
leaf_count=86 84 137 83 106 36 141 66 79 101 80 85 123 102 81 208 353 94 81 97 117 84 91 225 80 91 143 1568 266 131 82 127 78 78 87 78 78 78 296 89 78 61 106 91 126 115 359 78 78 200 129 87 98 204 84 78 204 1713 140 2049 79
internal_value=-0.000533336 -0.000940264 0.00384411 -0.00105376 -0.000314824 0.00301335 0.00221413 -0.000492504 0.00155347 0.00355346 0.00839963 0.00017687 0.00105952 0.00728176 0.000628906 0.00123492 0.0029997 0.00180063 0.00649393 0.00149073 -0.000778857 -0.00105194 7.19476e-05 0.00117045 -0.00129845 0.00135737 -0.0016461 -0.000403856 0.00175391 0 0.00163822 -0.000489389 0.00177746 -0.00150012 -6.166e-05 -0.000389523 -0.00184159 -0.00101261 0.000826646 -0.000365109 -0.00171215 -0.000888902 -0.00193088 -0.00147092 -0.00196477 -0.00163669 -0.00193668 -0.00158164 -0.00153889 -0.00136155 -0.00184695 -0.00200489 -0.00163327 -0.00201337 -0.00184213 -0.00178844 -0.00202329 -0.00170938 -0.00204619 -0.00168185
internal_weight=17367 15892 1475 15706 8109 1392 1251 8021 1157 573 169 4817 2507 160 2347 1915 758 656 215 404 2310 2187 1157 678 2084 239 1845 584 232 598 295 441 159 3204 415 209 7597 990 307 287 2789 592 2197 479 6607 505 1742 303 278 207 683 6433 662 1664 352 282 2120 218 5771 202
internal_count=12247 10808 1439 10722 7381 1356 1215 7345 1149 573 169 4513 2251 160 2091 1883 734 632 191 404 2262 2139 1149 670 2048 227 1821 576 232 590 287 441 159 2832 415 205 3341 690 307 287 2417 552 1865 479 2651 465 1730 303 278 207 383 2545 302 1652 344 282 1804 218 2243 194
is_linear=0
shrinkage=0.0686502


Tree=11
num_leaves=60
num_cat=0
split_feature=26 57 38 9 23 25 26 24 9 26 2 17 57 31 59 38 46 26 45 38 4 27 43 57 57 33 45 57 62 43 9 30 21 38 30 25 44 0 50 9 1 44 63 54 0 10 16 55 34 24 32 0 18 55 9 23 0 25 0
split_gain=6.16258 3.62005 3.4762 1.77744 3.42857 1.69754 1.67175 2.30268 1.73305 1.132 0.870036 1.15382 0.843191 1.29714 0.92838 1.87069 0.755268 0.626906 0.587449 0.578987 0.384824 0.316838 0.310403 0.275871 0.332644 0.366602 0.370299 0.273296 0.479284 0.256201 0.243999 0.501311 0.401629 0.155077 0.323544 0.147665 0.443106 0.117691 0.11411 0.275203 0.103082 0.100548 0.100036 0.0980812 0.214533 0.0915679 0.205849 0.0724578 0.0703859 0.0448797 0.0408978 0.0368509 0.0287164 0.012534 0.0143431 0.0870593 0.00754796 0.00614519 0.00528786
threshold=85.050000000000011 1002.35 2.1493833645328269 0.5772862706790628 31.605000000000004 29.775000000000002 87.250000000000014 29.225000000000005 -0.98211651112579568 77.950000000000017 66.750000000000014 36.797268763980519 1004.9500000000002 0.019300574944761454 2.1550000000000007 0.87445492053430518 29.255000000000006 84.450000000000017 2481.3755000000006 0.78710873575971385 1007.35 84.15000000000002 29.512291666666673 1010.9500000000002 1006.1500000000002 35.444019453250583 2329.3645000000006 1004.6500000000002 35.081104524733583 27.927916666666672 -0.833548052892222 75.950000000000017 29.765000000000004 0.85451349064913096 81.850000000000009 28.695000000000004 0.50362841070640962 5.2650000000000006 8.3916666666668203 -0.22611359161738934 0.015000000000000001 1.0496241047799721 2.4741515401678051 0.98050000000000004 5.5250000000000012 -0.98208922706762081 35.598710392011157 1005.1500000000002 0.58558868184156776 30.035000000000004 -0.34999999999999959 5.9850000000000012 34.809798224928265 1002.7500000000001 0.98801351631316348 30.705000000000002 2.9250000000000003 28.805000000000003 4.2950000000000008
decision_type=2 2 2 2 2 2 2 2 2 2 2 2 2 2 2 2 2 2 2 2 2 2 2 2 2 2 2 2 2 2 2 2 2 2 2 2 2 2 2 2 2 2 2 2 2 2 2 2 2 2 2 2 2 2 2 2 2 2 2
left_child=1 -1 5 4 9 6 8 18 -2 30 11 12 13 19 15 -14 22 27 20 -11 -8 -10 23 24 25 26 -16 28 -12 -29 31 32 -3 34 -26 36 -5 58 39 -32 -38 53 49 44 -23 46 -40 -13 56 -31 -45 -33 -28 -37 -55 -56 -35 -41 -36
right_child=2 3 -4 35 -6 -7 7 -9 21 10 17 47 14 -15 16 -17 -18 -19 -20 -21 -22 43 -24 -25 33 -27 52 29 -30 42 38 51 -34 48 37 41 40 -39 45 57 -42 -43 -44 50 -46 -47 -48 -49 -50 -51 -52 -53 -54 54 55 -57 -58 -59 -60
leaf_value=0.015771645814488897 0.11625681591754916 0.0024195712162229776 0.16304622302596791 0.012199233950037342 0.060219636827850857 0.0047973084791765423 -0.0039545913290884313 0.062273430899611307 0.0059314335128581603 0.059469148693539982 0.053093095353041395 -0.003123164529869354 -0.090069981849947425 0.09262389918846986 0.018917479151346984 0.11765602968772301 0.022867899932123358 0.0051858435683388689 -0.030479260201368215 -0.020781361103763323 0.13357668476192117 -0.024620870753417807 0.064720720756430677 0.035390965188067176 0.002460652755463534 0.073658738496593268 -0.0077117499858636203 0.01695407549217999 -0.0023124442688325958 -0.059994442519558593 0.0015502228053527163 -0.070933780380367531 -0.028149112627334622 -0.013919913979396023 -0.038078519894253829 -0.14914088351763438 -0.0089332114289352484 -0.0030233177679750171 -0.11705277059642839 -0.097025723954442658 -0.055782923244614646 -0.14286926699853825 -0.0088010600680035345 -0.013497990844570672 0.0084614148603590362 -0.16558982784796819 0.007159653348452563 -0.074319314045605364 -0.00079850955438912768 -0.070167832993428519 -0.017355801647268965 -0.062228007129053721 -0.050618645068046642 -0.17142965064312482 -0.10771595771997367 -0.073994122955981567 -0.019689094584030637 -0.076159861567472287 -0.031242084888009846
leaf_weight=186 138 78 90 78 91 78 78 118 159 85 127 163 84 146 107 103 83 93 91 155 78 103 103 116 116 79 78 113 138 1366 141 244 80 78 187 207 118 153 163 248 411 218 78 78 86 2212 78 517 94 82 378 78 124 5357 592 145 443 78 78
leaf_count=86 138 78 78 78 19 62 78 118 155 85 127 111 84 138 107 103 71 89 91 155 78 103 103 116 108 79 78 113 134 1326 141 244 80 78 187 43 118 153 163 244 411 118 78 78 82 1764 78 245 94 38 378 78 124 1981 324 65 443 50 78
internal_value=-0.000537289 -0.000931625 0.00370462 -0.00104502 -0.000378583 0.0028409 0.00224109 0.00617748 0.000703214 -0.000522279 0.000124803 0.000846946 0.00155207 0.00449069 0.000986835 0.00557902 0.000513041 -0.000990502 0.00235264 0.00134322 0.00490285 -0.000515151 0.000204848 -2.13282e-05 -0.000269257 0.00146031 0.000365775 -0.00126258 0.000766286 -0.00159418 -0.00149198 -4.62052e-05 0.00309324 -0.000858934 0 -0.00184646 -0.000804931 -0.000894304 -0.00172772 -0.000723086 -0.0015264 -0.00194244 -0.00182943 -0.00119727 9.15818e-05 -0.00191632 -0.000609946 -0.00164453 -0.00160077 -0.00195913 -0.00174147 -0.00160971 -0.0013444 -0.00199285 -0.00201311 -0.00167656 -0.00191244 -0.00182486 -0.00177114
internal_weight=17367 15892 1475 15706 8580 1385 1307 365 942 8489 5089 3092 2412 386 2026 187 1839 1997 247 240 156 804 1756 1653 1537 388 309 1904 265 1639 3400 480 158 1149 534 7126 607 418 2920 467 529 6519 1526 645 189 2453 241 680 615 1448 456 322 202 6301 6094 737 521 326 265
internal_count=12247 10808 1439 10722 7584 1361 1299 365 934 7565 4645 2740 2384 378 2006 187 1819 1905 247 240 156 796 1748 1645 1529 388 309 1816 261 1555 2920 480 158 1141 526 3138 607 418 2440 435 529 2531 1442 641 185 2005 241 356 615 1364 456 322 202 2413 2370 389 521 294 265
is_linear=0
shrinkage=0.0686502


Tree=12
num_leaves=58
num_cat=0
split_feature=26 38 57 37 26 24 59 9 23 8 35 57 3 21 56 1 26 59 42 44 63 16 9 37 34 0 55 45 30 45 10 29 25 37 1 9 29 56 59 54 21 22 60 3 44 46 60 63 3 31 29 42 0 31 9 23 9
split_gain=6.39886 4.77193 3.67935 3.18654 1.89154 1.97172 1.29551 1.23048 1.849 1.01749 0.699602 0.97889 1.1736 1.25961 0.620854 0.594578 0.555086 0.615927 0.444021 1.02341 0.443919 0.661464 0.54236 0.684213 0.401141 0.661597 0.300631 0.292317 0.320545 0.220229 0.265037 0.174258 0.217298 0.401697 0.157424 0.142078 0.636463 0.147205 0.136573 0.11485 0.0896173 0.311564 0.0772862 0.0958026 0.0691525 0.0508557 0.150334 0.0447961 0.0558001 0.0423371 0.0398211 0.0331769 0.0316538 0.0201533 0.014463 0.0847023 0.00779002
threshold=84.050000000000011 2.1493833645328269 1002.35 37.577565774427967 87.250000000000014 29.225000000000005 3.0350000000000006 0.5772862706790628 31.605000000000004 -0.12940952255126037 37.215981250364031 1005.9500000000002 0.99250000000000005 29.085000000000004 1006.1500000000002 22.385000000000002 76.750000000000014 1.8950000000000002 0.51233127039490622 1.3321730561611516 0.38528418329713082 35.377906449035684 -0.99052327954040364 33.04318495011816 0.06500129878700768 4.5050000000000008 1003.2500000000001 2384.0715000000005 82.550000000000011 2325.5860000000007 -0.92260537345622995 65.850000000000009 28.695000000000004 34.373021894317816 0.03500000000000001 -0.8779519545588893 79.750000000000014 1005.4500000000002 2.7150000000000003 0.95850000000000002 27.705000000000002 26.675000000000004 2.1150000000000007 0.98050000000000004 0.27847914455724843 29.655000000000005 3.7450000000000006 3.0926362973106909 0.19750000000000004 0.66145236335479052 85.750000000000014 0.2110766047762262 8.4250000000000025 -0.54601593583106822 0.98801351631316348 30.785000000000004 0.27609441636666071
decision_type=2 2 2 2 2 2 2 2 2 2 2 2 2 2 2 2 2 2 2 2 2 2 2 2 2 2 2 2 2 2 2 2 2 2 2 2 2 2 2 2 2 2 2 2 2 2 2 2 2 2 2 2 2 2 2 2 2
left_child=2 3 -1 4 6 14 -2 8 9 26 11 12 13 -11 -6 29 42 -18 24 -20 21 22 -8 -24 25 -19 -4 38 -29 30 -14 -9 33 34 -33 36 -28 -38 -26 -25 41 -37 -13 -44 -22 47 -47 52 -49 -46 -41 -31 -42 -12 -34 -56 -40
right_child=1 -3 7 -5 5 -7 20 31 -10 10 53 16 15 -15 -16 -17 17 18 19 -21 44 -23 23 39 27 -27 35 28 -30 51 -32 32 54 -35 -36 40 37 -39 56 50 45 -43 43 -45 49 46 -48 48 -50 -51 -52 -53 -54 -55 55 -57 -58
leaf_value=0.016710246209811971 0.11155486232925627 0.13351298151177118 0.00016428472000528375 0.0024524154393987074 -0.012715463053220542 0.05744987100188606 0.01291311190712606 -0.20207398375458568 0.056085545765094946 0.099563541037590783 -0.013581283065941826 -0.17229879598838357 -0.017200152386610986 0.00015421179242407803 0.09874239731709307 0.0089957317507197085 0.090817169972006256 -0.064327339777066353 0.11452321921322148 -0.18470662783724304 -0.011991578687724394 0.059359939331076764 0.039633643882770353 -0.012257255731437178 -0.0009523008305307259 0.018072294927633768 0.0071361384846841906 -0.00010403200401301424 -0.022734611206490497 -0.027122186000637375 0.021353285359501629 0.0015404943102547352 -0.15859610230182788 0.011361753906949266 -0.05605575540588785 -0.15870765454293753 -0.0093200141126180656 -0.070449981939376974 -0.03263394136037736 -0.018379361625917152 -0.10601188806987784 0.013187054897644873 3.7621738599418115e-05 -0.038800910249585666 -0.013727043493403994 -0.23319900204744154 -0.0015933064101610393 -0.22986969150186465 -0.011021590588174172 -0.02452830363304534 -0.0065407035106639765 -0.011733002612258967 -0.13417718471758236 -0.083203885196222641 -0.10012160138139141 -0.072583497296760502 -0.07721804215125308
leaf_weight=176 137 113 90 116 112 121 112 233 91 111 137 589 103 133 135 82 149 123 79 78 87 112 83 94 136 92 109 96 128 176 82 79 5559 78 328 188 89 473 561 426 2466 78 78 81 457 217 107 87 78 78 81 78 113 557 588 148 79
leaf_count=76 137 97 86 76 112 121 112 149 19 111 101 581 103 121 135 82 149 123 79 78 87 100 83 94 136 92 109 80 128 176 82 79 2027 78 328 188 89 473 557 422 2126 78 78 81 457 165 71 87 78 70 81 74 113 181 312 64 75
internal_value=-0.000553099 0.00284863 -0.0010636 0.00211758 0.00147904 0.00592477 0.000490221 -0.00118062 -0.000592743 -0.000707291 0.000111995 0.000563238 0.00268478 0.00660211 0.00235264 0.000827059 -0.000151001 0.00059946 0.000138161 0.00355905 -8.17651e-05 0.000881987 0.00017597 -0.000545246 -0.000303284 0.00237061 -0.0014542 -0.000885961 0.0012802 -0.000170524 0.00161059 -0.00184302 -0.00190645 -0.000490283 -0.00136716 -0.00154341 -0.000618063 -0.00155762 -0.00151916 -0.0013622 -0.00172774 -0.000488755 -0.00168218 -0.000296972 -0.00149581 -0.00183318 -0.00097964 -0.0019315 -0.000772971 -0.00178831 -0.00177337 -0.00148997 -0.00200313 -0.00185031 -0.00201459 -0.00167604 -0.00193973
internal_weight=17367 2264 15103 2151 2035 368 1667 14927 7914 7823 3728 3034 765 244 247 521 2269 1521 1372 157 1530 908 796 684 1215 215 4095 1000 224 439 185 7013 6780 485 407 4005 671 562 776 601 3334 266 748 159 622 3068 324 2744 165 535 507 254 2579 694 6295 736 640
internal_count=12247 2184 10063 2087 2011 368 1643 9987 6950 6931 3268 2986 749 232 247 517 2237 1497 1348 157 1506 892 792 680 1191 215 3663 976 208 435 185 3037 2888 485 407 3577 671 562 768 597 2906 266 740 159 614 2640 236 2404 165 527 503 250 2239 282 2403 376 632
is_linear=0
shrinkage=0.0686502


Tree=13
num_leaves=64
num_cat=0
split_feature=26 62 38 10 57 11 24 43 34 2 1 44 28 44 61 38 9 4 25 24 49 49 63 52 60 18 9 4 38 17 9 44 46 10 27 59 60 61 42 56 63 54 0 52 6 29 1 24 1 29 9 23 25 56 61 57 22 26 18 40 27 1 31
split_gain=5.65559 3.2553 3.28435 1.79676 1.7392 1.61686 2.82405 2.09517 2.613 1.05639 1.26863 3.34345 0.778278 0.864138 0.673272 1.21096 0.611491 0.597418 0.983423 0.51925 0.770513 0.517232 0.556741 0.31514 0.384847 0.421082 0.298719 0.383633 0.428455 1.01972 0.277754 0.874519 0.25813 0.314736 0.239547 0.33166 0.234254 0.178363 0.383486 0.173668 0.155205 0.274933 0.632571 0.134562 0.131513 0.119896 0.116659 0.0976307 0.0641791 0.0567337 0.119306 0.0410883 0.0344441 0.119636 0.0341949 0.0331069 0.0312281 0.00964744 0.0321643 0.00792726 0.00680643 0.00646972 0.00116886
threshold=82.850000000000009 37.989307128659483 2.1493833645328269 -0.99862982478704421 1002.35 8.5000000000000018 29.225000000000005 29.203958333333336 0.38372282054746448 38.400000000000006 9.1850000000000005 0.61612826458651371 80.350000000000009 0.26501213378065963 30.070000000000004 0.77498619008735592 0.18399664778440331 1005.5500000000001 28.935000000000006 29.175000000000004 163.20000000000002 532.6500000000002 0.45044077400386234 0.99950000000000017 3.2350000000000008 34.509477525900131 0.25118773779856129 1006.5500000000001 1.2435534870165523 34.84259778842921 0.97505550290239451 0.58346129509818301 29.805000000000003 -0.29258949745833546 81.250000000000014 5.0950000000000006 4.9150000000000009 18.255000000000006 0.1478738200860735 1007.2500000000001 1.442908975086777 0.99050000000000005 6.2150000000000007 0.98850000000000005 0.78656609248549303 63.650000000000013 3.6450000000000005 29.955000000000002 7.0500000000000007 74.050000000000011 -0.32533907195844763 29.525000000000002 28.935000000000006 1008.1500000000002 7.2950000000000008 1007.0500000000001 28.625000000000004 81.350000000000009 33.071189809295369 0.13576941236483595 79.350000000000009 2.6350000000000002 -0.91470952759119928
decision_type=2 2 2 2 2 2 2 2 2 2 2 2 2 2 2 2 2 2 2 2 2 2 2 2 2 2 2 2 2 2 2 2 2 2 2 2 2 2 2 2 2 2 2 2 2 2 2 2 2 2 2 2 2 2 2 2 2 2 2 2 2 2 2
left_child=4 2 3 -2 -1 14 12 8 -8 10 16 19 -7 -14 21 -16 17 18 46 20 -12 39 -23 24 44 -26 27 28 32 -30 34 -32 33 51 45 -36 -27 56 -39 40 41 42 48 -43 47 -18 -6 -19 -5 50 -29 -11 53 -47 -21 -45 61 -51 -59 -41 -55 -15 -28
right_child=1 -3 -4 5 9 6 7 -9 -10 26 11 -13 13 37 15 -17 30 23 -20 54 -22 22 -24 -25 25 36 62 49 29 -31 31 -33 -34 -35 35 -37 -38 38 -40 59 -42 43 -44 55 -46 52 -48 -49 -50 57 -52 -53 -54 60 -56 -57 -58 58 -60 -61 -62 -63 -64
leaf_value=-0.021239472549017986 0.073179816318648921 -0.013613936571184534 0.11359919115498694 -0.043898834280596682 -0.075474115780501269 0.083286854469630911 0.10209844561550546 -0.012007186030161985 0.0085163936070238293 -0.090842463056769449 0.018793819207829535 0.031797861796892313 0.12221755774335155 -0.019163693571709543 -0.013732841463802221 0.063551515783839135 -0.11538395131008407 -0.056512123766750827 0.061372375553210533 -0.0030707674876204348 -0.0071981335199934474 0.040712237317750734 -0.0084862269524034594 0.076075081499543853 0.07735134411825198 -0.003336426857795523 -0.16546087123824044 0.0062254606328632656 0.024343768407661118 -0.0545263389835915 0.01387576884037724 -0.13675026137163596 0.011017267293274343 0.037031489820845871 -0.060505518799530887 5.0321593512195264e-05 -0.063461807113342136 -0.014296163404024164 0.010972735906222502 -0.028434607679858254 -0.032340704650220126 0.0028362158735536704 0.013252743391806335 -0.0079874988924589062 0.0034818994442656422 -0.0013811071053332932 0.040634902494315991 -0.029492620828029177 -0.0084494632751376773 -0.11100836043633515 -0.22763898875819885 -0.025902531832622026 -0.084838499386402019 -0.090428742647307839 -0.044232968408870352 -0.0095858553813319043 -0.014332393588241499 -0.020368380986183904 -0.079370084788943154 -0.046888217437452986 -0.10545720014737604 -0.019747182817102676 -0.24902352332620051
leaf_weight=162 99 87 142 115 98 90 108 81 90 567 84 156 114 78 78 78 168 699 83 86 123 96 85 101 128 119 171 78 108 138 90 185 86 89 228 120 174 94 84 543 235 109 131 290 89 93 78 81 78 1202 127 82 2244 318 308 87 79 78 162 78 78 279 4958
leaf_count=62 99 31 122 115 98 90 108 81 90 555 84 140 114 78 78 78 136 695 79 58 119 92 65 101 128 119 91 78 108 134 90 173 78 89 120 72 174 94 84 523 151 109 127 278 89 81 78 81 78 1202 127 82 788 310 236 79 79 78 162 78 78 279 2074
internal_value=-0.000513573 0.00198346 0.00163683 0.00117878 -0.00112818 0.000883719 0.00300078 0.00894823 0.0127304 -0.0012119 -0.000519049 0.00210122 0.000953723 0.000196139 -0.000274472 0.00403077 -0.000903903 0.000183909 0.00320372 -0.000222669 0.00254064 -0.000643777 0.00281993 -0.000377359 -0.000671066 0.00102284 -0.00173478 -0.00114737 -0.000129685 0.00237048 -0.00141458 0.000664066 -0.000885242 -0.00130572 -0.00159234 9.50971e-05 -0.000399637 -0.000819201 0.000988606 -0.00102532 -0.000477202 -1.89532e-05 0.00151966 -0.00105685 -0.00149803 -0.00179651 0.000249179 -0.00178548 -0.000958236 -0.00180467 -0.000689708 -0.00183584 -0.00190588 -0.00134294 -0.00169161 -0.00167508 -0.00157 -0.00195872 -0.00145695 -0.00193607 -0.00186619 -0.00184516 -0.00204453
internal_weight=17367 3428 3341 3199 13939 3100 1097 279 198 13777 5931 757 818 728 2003 156 5174 1650 259 601 207 1847 181 1391 1290 421 7846 2717 1070 246 3524 275 824 738 3249 348 293 614 178 1666 1045 810 324 486 869 2901 176 780 193 1647 205 649 2733 489 394 377 436 1442 240 621 396 357 5129
internal_count=12247 3200 3169 3047 9047 2948 1097 279 198 8985 4127 637 818 728 1851 156 3490 1642 255 497 203 1695 157 1387 1286 421 4858 2693 1046 242 1848 263 804 726 1585 192 293 614 178 1538 937 786 320 466 865 1393 176 776 193 1647 205 637 1257 469 294 357 436 1442 240 601 388 357 2165
is_linear=0
shrinkage=0.0686502


Tree=14
num_leaves=61
num_cat=0
split_feature=1 23 26 24 31 9 29 9 26 25 45 29 43 59 55 28 9 62 29 19 25 49 50 59 57 43 34 10 45 45 38 5 11 25 33 63 57 9 49 57 60 1 47 28 32 47 10 21 32 1 3 25 1 30 26 1 53 1 1 9
split_gain=4.68308 9.78247 3.08975 2.49226 1.99734 1.42954 2.32152 2.26465 1.17508 2.35855 0.940199 1.52055 0.824901 0.873079 0.781969 0.581856 0.578699 0.886489 0.492506 0.544817 1.04484 0.317046 0.290403 0.708341 0.289529 0.600273 0.282167 0.264932 0.231973 0.86538 0.199732 0.181213 0.357682 0.171776 0.456604 0.496514 0.161741 0.156143 0.149633 0.146007 0.218877 0.123245 0.268985 0.120068 0.0904638 0.0581922 0.090836 0.173426 0.0566662 0.0616741 0.0364409 0.0265567 0.00786192 0.0340845 0.00760526 0.00722449 0.00619273 0.00542182 0.00428063 0.000982084
threshold=5.5650000000000004 31.115000000000006 87.250000000000014 29.225000000000005 -1.952302268062917 -0.86958133671945925 86.750000000000014 -0.89391031859722869 85.250000000000014 27.555000000000003 2409.8560000000002 80.250000000000014 28.396458333333339 5.1350000000000007 1004.7500000000001 85.850000000000009 0.18399664778440331 36.191396108593288 80.750000000000014 32.124636263936239 27.415000000000003 789.25000000000011 1.0000000180025095e-35 6.0750000000000011 1006.35 29.283958333333338 0.54016407071811801 -0.7721279831368929 2288.0050000000006 2260.6665000000007 0.92006653908275038 -0.91597561503675329 8.5000000000000018 28.975000000000005 35.568598530906335 0.56896069559845952 1004.7500000000001 -0.99052327954040364 10.850000000000003 1007.9500000000002 9.5350000000000019 2.9850000000000008 8.9500000000000011 85.450000000000017 -0.44500000000000023 4.2500000000000009 -0.15855351192338588 28.795000000000005 -0.36000000000000115 10.415000000000001 0.03450000000000001 29.855000000000004 4.1750000000000007 78.950000000000017 80.15000000000002 0.025000000000000005 0.45150000000000007 0.90500000000000014 3.5950000000000002 0.95236875646279973
decision_type=2 2 2 2 2 2 2 2 2 2 2 2 2 2 2 2 2 2 2 2 2 2 2 2 2 2 2 2 2 2 2 2 2 2 2 2 2 2 2 2 2 2 2 2 2 2 2 2 2 2 2 2 2 2 2 2 2 2 2 2
left_child=8 2 4 15 -2 7 12 10 16 -10 14 -12 13 -7 -6 -4 17 18 19 -1 -21 26 23 28 25 30 33 -11 29 57 -22 32 -26 34 39 -36 -20 38 -16 54 -41 55 -43 48 -39 46 51 50 49 -35 -48 -24 -38 -54 -14 -33 -50 -18 -29 -30
right_child=1 -3 3 -5 5 6 -8 -9 9 27 11 -13 21 -15 37 -17 22 -19 36 20 24 -23 45 -25 31 -27 -28 58 59 -31 -32 41 -34 43 35 -37 52 44 -40 40 -42 42 -44 -45 -46 -47 47 -49 56 -51 -52 -53 53 -55 -56 -57 -58 -59 -60 -61
leaf_value=-0.074119034093480057 0.033736839630724824 0.050052330872000256 0.077793867145482323 0.062672184230791891 0.018211404334761695 0.016016151753749465 -0.1011405971933516 0.095901814233702976 0.099233719508079909 0.0094154214716683036 0.085081415489429518 0.0060145281459146882 -0.016144504869557531 -0.077639145155793093 0.007491688084983658 -0.029373198273780279 -0.089195545027942427 0.046876918990923735 0.0027386630141070806 0.079537908087079376 0.070495364802889371 0.023113040633110593 -0.072331898155053656 0.0099964643156604822 -0.11529224842667121 0.024440317448851837 0.0034271744492765338 -0.048590934103668104 -0.074661261276872976 0.026551572521214976 -0.052663360444089154 -0.099293619277342524 0.05525544480029234 -0.0072272311233654721 0.068639893257062656 -0.010022225092292787 -0.068845863865418286 -0.0055498116851060769 -0.0093051157584555493 0.0094231366743393972 -0.020176008077704685 -0.021951338924871749 -0.00024618251076135764 -0.0024601844028529357 -0.047189819404779773 -0.24554486362409109 -0.017675085236408643 0.012465985620531797 -0.11547581147393592 -0.030348198214850845 -0.079022309347364969 -0.10943337130776945 -0.11067635314391223 -0.041556763475898366 -0.021894111343083243 -0.05806740577095227 -0.045476611818408695 -0.23720229261229508 -0.02568045070767366 -0.044197527444549654
leaf_weight=507 94 100 84 118 138 80 179 85 83 104 91 132 78 81 79 110 195 126 131 140 78 102 240 185 79 129 180 139 815 81 150 78 83 117 78 78 1246 79 80 80 86 128 98 109 356 4947 79 145 97 109 250 990 78 190 456 380 1728 78 78 153
leaf_count=507 70 36 84 114 134 80 147 85 83 100 91 132 78 81 79 110 191 126 131 140 78 70 116 133 79 129 152 139 347 69 150 78 83 89 78 78 1234 79 80 80 86 128 94 105 356 2071 79 141 57 85 250 278 78 190 456 380 1184 66 78 145
internal_value=-0.000557052 0.00117039 0.000747921 0.00735125 0.000313006 0.000111265 -0.000529366 0.00235488 -0.00129257 0.00233734 0.00138343 0.00527143 -0.000926342 0.00384331 0.000183837 0.00249536 -0.00141779 -0.000692747 -0.00089874 -0.00012696 0.000594063 -0.00116234 -0.00173879 -0.000870802 -5.77964e-05 0.0015732 -0.00128401 -0.000330868 -0.00143085 5.87263e-05 -0.000527814 -0.000753709 0.001287 -0.00144251 -0.00060881 0.00272265 -0.00176266 -0.000892834 0.00092169 -0.00136275 0.00038706 -0.00124633 4.34814e-05 -0.00176987 -0.00156887 -0.00193444 -0.00157166 -0.000742762 -0.00188828 -0.000816184 -0.00161924 -0.00188562 -0.00196351 -0.00151957 -0.00191601 -0.00189228 -0.00201744 -0.00177955 -0.00170778 -0.00198025
internal_weight=17367 5184 5084 312 4772 4678 3638 1040 12183 404 955 223 3459 161 732 194 11779 3621 3495 1850 1343 3298 8158 1507 1203 357 3196 321 1322 354 228 846 162 3016 856 156 1645 594 159 700 166 684 226 2160 435 6651 1704 474 2051 226 329 1230 1514 268 534 458 1825 273 217 968
internal_count=12247 4356 4320 308 4012 3942 2906 1036 7891 400 951 223 2759 161 728 194 7491 3605 3479 1846 1339 2598 3886 951 1199 357 2528 317 818 326 228 842 162 2376 856 156 1633 594 159 700 166 680 222 1520 435 2935 864 470 1415 174 329 394 1502 268 534 458 1241 257 217 492
is_linear=0
shrinkage=0.0686502


Tree=15
num_leaves=60
num_cat=0
split_feature=26 62 26 1 11 9 23 30 55 55 56 54 50 9 10 43 37 25 22 18 23 43 43 26 16 23 9 30 63 56 28 53 25 44 24 9 61 1 22 54 43 10 18 26 36 0 1 20 25 43 3 38 27 9 1 24 34 63 43
split_gain=5.38152 6.09162 3.26441 1.91293 1.19644 1.16845 1.85088 1.02507 1.24702 1.88056 0.832662 1.1189 0.785443 0.648132 2.23963 0.634118 0.580882 1.75044 0.560301 1.0451 0.438592 0.699936 2.27821 0.435773 0.485155 0.399468 0.353155 0.779206 0.351191 0.269039 0.265318 0.367549 0.160775 0.323963 0.174967 0.153262 0.14342 0.132815 0.329569 0.15853 0.272635 0.107202 0.0882963 0.080578 0.0590951 0.058784 0.0528646 0.0469206 0.0434811 0.10863 0.0388043 0.0374201 0.0361526 0.0224089 0.164492 0.0132638 0.0074598 0.00739068 0.00582175
threshold=83.950000000000017 37.579651225117516 89.350000000000009 44.670000000000009 9.5000000000000018 0.5772862706790628 31.605000000000004 79.65000000000002 1010.1500000000002 1008.5500000000001 1005.4500000000002 0.44550000000000006 39.058333333333429 -0.45206801762443477 0.76663042157996963 28.614375000000003 33.04318495011816 27.855000000000004 28.795000000000005 35.272205266180777 28.815000000000001 29.18041666666667 29.07520833333334 82.450000000000017 35.698370072332871 29.815000000000001 -0.48250327361223916 84.350000000000009 -1.3054409261443956 1004.7500000000001 82.050000000000011 0.99050000000000005 28.735000000000003 0.56387400625033979 32.250000000000007 -0.9852109833579612 0.77500000000000013 2.1150000000000007 28.075000000000003 0.83850000000000013 29.235625000000002 0.99370977118463066 34.84259778842921 84.350000000000009 0.13202859071238504 6.5750000000000011 7.1350000000000007 33.655195629726968 28.765000000000004 29.568958333333335 0.024500000000000004 0.40575990737029138 80.750000000000014 0.98801351631316348 0.90500000000000014 31.875000000000004 0.060151120558841156 2.1266829090495958 28.79395833333334
decision_type=2 2 2 2 2 2 2 2 2 2 2 2 2 2 2 2 2 2 2 2 2 2 2 2 2 2 2 2 2 2 2 2 2 2 2 2 2 2 2 2 2 2 2 2 2 2 2 2 2 2 2 2 2 2 2 2 2 2 2
left_child=3 2 4 5 16 6 10 -6 9 -9 11 -1 13 14 18 -13 17 -2 42 -20 35 22 26 28 -25 -21 27 -22 -17 -23 41 -32 33 -7 53 -18 -30 -14 -39 40 52 48 -12 -37 -38 -33 -29 -41 -15 -50 -35 -49 -40 55 -55 -34 -45 -53 -46
right_child=1 -3 -4 -5 7 32 -8 8 -10 -11 12 15 37 30 -16 23 20 -19 19 25 21 29 -24 24 -26 -27 -28 46 36 -31 31 45 34 50 -36 43 44 38 39 47 -42 -43 -44 56 58 -47 -48 51 49 -51 -52 57 -54 54 -56 -57 -58 -59 -60
leaf_value=0.044874509098955094 -0.056202804427568816 -0.0028514067515768449 0.098432127779288156 0.036804969372828379 -0.060587392882765302 0.011026644304060619 0.046616227557070303 0.0052278132960664817 -0.0059283526969095531 0.13331912197129456 -0.016508678693761075 0.042305203467235451 -0.17655738893496667 -0.073839539560190209 0.092438185662916297 0.011501186320367889 -0.00042355828824045173 0.068284093524544925 0.071638135505693284 -0.0091586717950524147 0.0068247580135505801 -0.0071900545699173602 0.12371644355616621 0.05965701799328027 -0.047127103287998733 0.058642292460052522 -0.028895072397271453 -0.039417023609567371 0.0014148231515438247 -0.02286893576995298 0.022697093118198654 -0.10347681746777 -0.13264315024203516 -0.022354667389004584 -0.15048680464889491 -0.010179659917289158 -0.0044935204210734729 0.0018420727456178404 -0.081550629299247321 -0.010594679778697352 0.0036367935378073452 -0.0088935342225730952 -0.0078686932418075336 -0.016908710631963093 -0.046328793870547731 -0.0050319809260485505 -0.0043355952542399063 -0.0042065790641303159 0.0014989967963709313 -0.093642125151412167 -0.05453812479269253 -0.055231867818219184 -0.051942935201489682 -0.087453877628860185 -0.0053041661967881473 -0.50877531772173679 -0.020994048376838974 -0.19280730762764864 -0.043867272979653697
leaf_weight=106 96 84 83 135 90 149 91 90 124 125 297 145 1845 542 79 92 103 78 98 164 96 98 78 117 113 79 142 79 115 306 93 96 5348 79 248 85 113 104 259 138 210 96 78 79 91 78 78 90 129 295 320 1259 80 613 124 224 467 87 567
leaf_count=82 96 44 83 123 90 149 19 90 124 125 297 145 1617 534 79 92 103 78 98 164 96 78 78 117 69 79 134 79 95 282 81 88 1988 79 64 85 93 104 259 138 142 96 78 79 75 78 78 90 129 147 320 1083 80 277 100 68 467 47 495
internal_value=-0.000624246 0.00240589 0.00173278 -0.00110621 0.00122412 -0.00118075 -0.00059638 0.0044743 0.00620159 0.00934854 -0.000713486 0.000759348 -0.00106124 6.59259e-06 0.00155792 0.000219675 0.00043709 0.00418852 0.000329555 0.00234435 2.52938e-05 0.00106394 0.00285546 -0.00029312 0.00238011 -6.01129e-05 0.000705491 0.0022486 -0.000929692 -0.00102339 -0.000918164 0.00100097 -0.00181685 -0.000670213 -0.00191171 -0.00120827 -0.00135407 -0.00161931 -0.00125487 -0.00144168 -0.000423299 -0.00140626 -0.00149067 -0.00161238 -0.00169342 -0.000838969 -0.000708011 -0.00179286 -0.00162528 -0.0010721 -0.0016962 -0.00191054 -0.00163217 -0.00198206 -0.00158359 -0.0020334 -0.00191916 -0.00200248 -0.001943
internal_weight=17367 2381 2297 14986 2214 14851 7746 429 339 215 7655 1459 6196 2124 795 1353 1785 174 716 341 1611 877 473 1208 230 243 395 253 978 404 1329 267 7105 548 6557 734 886 4072 2227 2123 549 1062 375 631 771 174 157 1574 966 424 399 1436 339 6309 737 5572 546 1346 658
internal_count=12247 2289 2245 9958 2162 9835 6790 429 339 215 6771 1263 5508 1948 795 1181 1733 174 716 341 1559 825 465 1036 186 243 387 253 850 360 1153 247 3045 548 2497 734 758 3560 1943 1839 481 906 375 631 663 166 157 1358 810 276 399 1220 339 2433 377 2056 546 1130 570
is_linear=0
shrinkage=0.0686502


Tree=16
num_leaves=63
num_cat=0
split_feature=1 20 26 61 29 39 37 28 4 10 0 30 25 53 10 16 5 52 18 62 56 21 16 25 28 37 30 43 54 11 56 1 26 1 10 24 3 30 24 4 10 58 59 44 4 10 10 31 34 22 29 61 53 37 29 4 39 2 5 16 23 47
split_gain=4.78427 7.57818 2.46444 2.10831 1.11595 1.01329 2.0575 1.10052 1.17079 3.27445 1.97607 0.980097 1.67835 1.9147 0.75469 0.71427 0.447512 0.581086 0.585047 0.381404 0.296793 0.487701 0.27023 0.212859 0.206118 0.340117 0.275256 0.230692 0.361754 0.197602 0.307343 0.286276 0.190729 0.200192 0.433497 0.186173 0.185352 0.167033 0.144307 0.405137 0.128968 0.159511 0.123452 0.241772 0.156827 0.1207 0.10294 0.0971006 0.0904943 0.0839237 0.0829624 0.433503 0.0940183 0.0288206 0.0259451 0.0250806 0.019474 0.0228592 0.00708506 0.00707673 0.00392191 0.0212974
threshold=5.5650000000000004 39.074724070475135 87.15000000000002 10.025 80.550000000000011 29.879999999999999 37.577565774427967 78.250000000000014 1007.0500000000001 -0.82389248692129191 5.2250000000000005 80.550000000000011 27.185000000000006 0.75050000000000006 -0.99862982478704421 32.37122873375754 -0.91597561503675329 0.99550000000000016 35.571745272206591 33.303765269697472 1003.5500000000001 29.175000000000004 35.618034184904431 28.775000000000002 78.850000000000009 34.661421985958746 87.450000000000017 28.614375000000003 0.40150000000000008 6.5000000000000009 1005.4500000000002 2.9850000000000008 82.850000000000009 9.6450000000000014 -0.8520459593969173 29.975000000000005 0.99950000000000017 81.15000000000002 31.325000000000003 1006.0500000000001 -0.97502841500522164 4.1950000000000012 7.245000000000001 0.40870376552085874 1011.4500000000002 -0.073092422389869308 -0.78295110140207591 -0.29218343538509467 0.057800076301295168 29.105000000000004 79.050000000000011 3.4650000000000003 0.98250000000000004 33.661743649330916 75.15000000000002 1007.4500000000002 27.325000000000006 96.850000000000009 0.98296291314453421 33.462522326857439 31.325000000000003 6.7500000000000009
decision_type=2 2 2 2 2 2 2 2 2 2 2 2 2 2 2 2 2 2 2 2 2 2 2 2 2 2 2 2 2 2 2 2 2 2 2 2 2 2 2 2 2 2 2 2 2 2 2 2 2 2 2 2 2 2 2 2 2 2 2 2 2 2
left_child=11 2 5 -4 -5 6 7 8 9 37 -11 29 13 -13 -14 -9 17 18 -17 -18 -16 22 24 -10 25 27 36 28 -22 38 31 -31 48 34 -34 50 42 -2 40 -40 41 -1 44 -44 -26 49 -19 -6 -21 59 51 52 -32 -50 -7 -36 57 -42 -52 -35 -58 -62
right_child=1 -3 3 4 47 54 -8 15 23 10 -12 12 14 -15 20 16 19 46 -20 32 21 -23 -24 -25 26 -27 -28 -29 -30 30 35 -33 33 45 55 -37 -38 -39 39 -41 56 -43 43 -45 -46 -47 -48 -49 53 -51 58 -53 -54 -55 -56 -57 60 -59 -60 -61 61 -63
leaf_value=0.0042099514826463283 -0.02939550831881119 0.017723110436861825 0.13644618861828789 0.027859457438028163 0.00015606547016497709 -0.051205770967907224 -0.026693048220162 0.038967825084833221 0.0075161573909238192 0.039713053843269584 0.081269851237791124 -0.038013516481573299 0.081203890431499656 0.085292087819047124 0.053328251187855884 0.051998641843278459 0.0069581614692136532 -0.024093188952053927 -0.00097517391417766409 -0.0074697274053403895 -0.11052469469552542 -0.056081778917375022 0.0011945320688068891 -0.043874808492839396 -0.040929957213984437 0.019605150129820541 0.017925318426733047 -0.036187069523002408 0.013694262818258652 -0.10342474848143177 -0.07261827203135493 -0.0046410881739707248 0.0026399606107785209 -0.017318481653393759 -0.0096047812849179102 -0.031815133312332738 -0.0032071723980268514 0.0123729016599411 -0.14777234194833974 -0.0010248648491557649 -0.054765702367648682 -0.049146124215787138 0.012035618669585283 -0.052999993700948662 0.00041707529584024877 0.0017569529476096897 0.0047998770480147746 -0.035367466397053925 -0.055833793141181871 -0.0018193999635624943 -0.085906290470217028 0.0023002425292636833 -0.0049169656735526977 -0.051995425172364947 -0.093303320185576993 -0.0072391885126455724 -0.14639174440715361 -0.33947788043783766 -0.12891953373325393 -0.010599406235529962 -0.10730391068985344 -0.38800138854571553
leaf_weight=80 124 294 84 82 78 231 126 148 150 91 78 105 89 80 119 91 152 128 84 136 82 1205 85 163 822 93 81 169 112 137 439 81 136 78 95 92 86 84 484 235 78 97 79 102 90 79 87 83 114 78 805 82 79 943 733 78 5077 81 86 356 251 600
leaf_count=80 112 126 84 78 78 123 62 148 150 91 78 105 89 80 67 91 152 128 84 128 82 713 85 135 822 93 81 169 112 137 439 81 136 78 91 92 86 80 124 107 78 97 79 102 90 79 87 83 114 66 797 82 79 879 381 78 2445 81 86 356 83 148
internal_value=-0.000549146 0.00119686 0.000550502 0.00629441 0.00298654 0.000135876 0.000666477 0.000350403 0.00280225 0.00537208 0.0124274 -0.00129257 -0.000300688 0.00602918 -0.000669199 -0.000256756 -0.000520102 0.0016177 0.00454219 -0.0008946 -0.000849201 -0.000983925 -0.000264859 -0.000286888 -0.000455845 0.000787001 -0.000910156 -0.000153342 0.00144159 -0.00167568 -0.00102661 0.00137152 -0.00113783 -0.000374995 0.00102919 -0.0013611 -0.00118023 -0.000381549 -0.00184209 -0.000904679 -0.00194863 -9.00421e-05 -0.00142477 0.000185907 -0.00174993 -0.00111868 -0.000752995 -0.000318673 -0.00170781 -0.00150875 -0.00154804 -0.000904473 -0.00164727 -0.00192206 -0.00183771 -0.00122552 -0.00200178 -0.00115274 -0.00197341 -0.00188306 -0.00202339 -0.00180831
internal_weight=17367 5184 4890 327 243 4563 3599 3473 690 377 169 12183 3399 185 3214 2783 2635 390 175 2245 3125 3006 1801 313 1716 456 1260 363 194 8784 1801 218 2093 900 309 1583 1179 208 6983 719 6264 177 1093 181 912 591 215 161 1193 512 1491 600 518 1057 964 173 6087 159 891 434 5928 851
internal_count=12247 4356 4230 323 239 3907 3403 3341 646 361 169 7891 2855 185 2670 2695 2547 390 175 2157 2581 2514 1801 285 1716 456 1260 363 194 5036 1793 218 2005 884 305 1575 1179 192 3243 231 3012 177 1093 181 912 579 215 161 1121 500 1483 600 518 993 504 169 2835 159 883 434 2676 231
is_linear=0
shrinkage=0.0686502


Tree=17
num_leaves=60
num_cat=0
split_feature=1 20 26 61 9 29 9 9 29 36 24 25 52 62 37 45 63 56 45 1 37 54 5 62 53 16 46 5 34 62 21 56 44 5 26 19 57 29 30 58 31 19 4 3 0 32 26 37 60 19 34 24 9 47 9 40 29 7 1
split_gain=4.20226 7.34425 2.513 2.10831 1.24891 1.11595 0.990974 1.83317 0.850371 0.868062 0.768797 1.64814 2.4563 0.918805 0.594382 0.556705 1.06861 0.535727 0.474941 0.307405 0.552376 0.542585 0.254812 0.243792 0.22869 0.49398 0.317337 0.196234 0.296509 0.454257 0.1893 0.503306 0.626364 0.178078 0.159654 0.157911 0.157117 0.149926 0.143589 0.142885 0.0971006 0.0962244 0.162359 0.0954876 0.197483 0.0833734 0.0823509 0.183334 0.0614059 0.0461499 0.0380651 0.0379798 0.028208 0.182557 0.0231063 0.00720687 0.00646033 0.00766438 0.00327096
threshold=5.5650000000000004 39.074724070475135 87.15000000000002 10.025 0.18399664778440331 80.550000000000011 -0.86095304316285715 -0.89391031859722869 86.750000000000014 0.077038499059801105 28.785000000000004 27.465000000000003 0.61950000000000005 36.191396108593288 33.04318495011816 2409.8560000000002 0.48113099928640685 1004.2500000000001 2481.3755000000006 1.7650000000000003 33.858184377573167 0.85350000000000004 -0.91597561503675329 33.275262097200091 0.96050000000000002 31.762674355189894 29.075000000000003 -0.25881904510252113 0.32547423439267226 34.588489625800996 29.105000000000004 1008.0500000000001 0.56387400625033979 -0.91597561503675329 85.350000000000009 32.650030212339068 1006.35 67.050000000000011 86.050000000000011 7.7650000000000006 -0.29218343538509467 35.355160927042725 1006.5500000000001 0.053500000000000006 3.4050000000000007 -0.59500000000000053 83.15000000000002 35.628747555023082 5.1150000000000011 35.698370072332871 0.046706686357405713 28.685000000000006 0.98801351631316348 4.2500000000000009 -0.99052327954040364 0.24583192090010295 70.65000000000002 -0.98296291314453399 18.755000000000006
decision_type=2 2 2 2 2 2 2 2 2 2 2 2 2 2 2 2 2 2 2 2 2 2 2 2 2 2 2 2 2 2 2 2 2 2 2 2 2 2 2 2 2 2 2 2 2 2 2 2 2 2 2 2 2 2 2 2 2 2 2
left_child=4 2 6 -4 10 -5 7 15 9 -8 24 12 -12 19 -11 17 -17 -2 30 39 -21 -22 -19 -16 36 -26 51 28 38 -30 31 32 -6 -23 48 -24 -1 -32 41 45 -7 42 -25 44 -33 -13 50 -48 55 -45 -29 -27 -39 -54 -37 -35 -38 -58 -43
right_child=1 -3 3 5 18 40 8 -9 -10 14 11 13 -14 -15 23 16 -18 22 -20 20 21 33 35 27 25 26 -28 46 29 -31 37 43 -34 34 -36 54 56 52 -40 -41 -42 58 -44 49 -46 -47 47 -49 -50 -51 -52 -53 53 -55 -56 -57 57 -59 -60
leaf_value=0.0010175947804293337 0.023406362538024587 0.016506415080981211 0.1270791283265344 0.025946899673240986 0.020994083973948509 0.00014535154196149348 0.008732915987020428 0.086721441003479421 -0.084866009722052022 0.02018294363544057 -0.0041779671623925468 -0.0070518460753334249 0.089613526773180005 0.034750660804532811 0.0081497838022797902 -0.010887647224185858 0.063705849089036953 -0.0048155257267310965 -0.039189980892772341 0.055519623436608802 0.0061256181037376775 0.01981461848203522 0.00057241136156349604 -0.025564867670891816 0.00028147435073605319 -0.047584933612374467 0.0009793270403477038 -0.031998369649163992 -0.03342802058482254 0.013309530112722708 -0.15101637924235581 0.0061689505525747883 -0.09794282079400822 -0.029882748325323904 -0.00099342096264877803 -0.0094195812092324176 -0.053280936636300631 -0.13085797527940646 0.001299256182045486 0.0070210044576287638 -0.032939482197110521 -0.026978321715272407 0.0019847617093400067 -0.059543923786228393 -0.093114667996302913 -0.084015999327997054 -0.032895757344365201 0.00083852034771873818 -0.0040768744086090627 -0.043596473479685191 -0.078502425314634625 -0.038487462334956549 -0.00088604765845215787 -0.19770458148866607 -0.029578735056284416 -0.05568949068063573 -0.13548305086151499 -0.1003365723367074 -0.027184597400116146
leaf_weight=129 100 294 84 82 120 78 129 110 157 134 102 90 78 79 121 119 94 82 284 86 132 126 104 125 111 394 133 94 124 190 218 102 102 377 96 115 82 5594 105 78 83 531 111 909 146 509 143 82 101 78 1332 83 112 572 349 78 84 998 112
leaf_count=129 96 126 84 78 120 78 121 110 141 134 102 90 78 79 121 119 94 82 92 86 132 126 104 117 111 394 121 74 124 150 106 102 98 377 92 115 82 1990 105 78 83 343 107 909 146 509 143 74 101 78 984 83 108 216 349 78 84 994 100
internal_value=-0.000505668 0.00113067 0.000494363 0.00629441 -0.00120243 0.00298654 7.57152e-05 0.00189983 -0.000484167 -0.000718816 -0.000196588 0.000779874 0.00700881 0.00013171 -0.00094328 0.000927784 0.00401261 3.87423e-05 -0.00168353 -0.000209668 0.000553645 4.70057e-05 -0.000676978 -0.00114044 -0.00113577 -0.000147672 -0.000923363 -0.00126563 -0.000626783 0.00119786 -0.0017823 -0.0010654 0.00192458 -0.000639789 -0.00110145 -0.00120124 -0.00168194 -0.00194202 -0.00121523 -0.00133913 -0.000318673 -0.00150441 -0.000290295 -0.00160871 -0.000375407 -0.00170288 -0.00176374 -0.000507522 -0.00155222 -0.00191232 -0.00195759 -0.00175543 -0.00200354 -0.0015468 -0.00174694 -0.00189118 -0.00193468 -0.00198859 -0.00194028
internal_weight=17367 5184 4890 327 12183 243 4563 1073 3490 3333 3946 1932 180 1752 3204 963 213 750 8237 1673 996 910 650 3070 2014 721 610 2949 1298 314 7953 1457 222 778 652 568 1293 6496 984 677 161 879 236 1235 248 599 1651 225 556 987 1426 477 6278 684 464 455 1164 1082 643
internal_count=12247 4356 4230 323 7891 239 3907 1069 2838 2697 3926 1928 180 1748 2576 959 213 746 3965 1669 992 906 650 2442 1998 709 598 2321 1046 274 3873 1453 218 774 648 568 1289 2420 772 677 161 667 224 1235 248 599 1275 217 556 987 1058 477 2314 324 464 455 1160 1078 443
is_linear=0
shrinkage=0.0686502


Tree=18
num_leaves=66
num_cat=0
split_feature=1 20 27 25 10 9 25 28 37 9 3 21 26 21 29 26 44 20 1 29 58 57 62 59 27 26 54 26 31 37 29 20 56 54 56 9 4 54 50 25 37 45 44 21 10 29 50 38 22 7 31 16 9 9 49 9 2 26 26 4 16 16 57 22 6
split_gain=4.25812 7.25185 1.95489 1.97428 1.62788 1.12595 1.0684 1.05118 1.33829 1.77103 1.04837 0.952389 0.763335 1.29596 0.738821 1.46462 0.73045 0.704212 0.679071 0.818822 0.660074 0.923814 0.709022 0.489421 2.25607 0.479872 0.357021 0.348021 0.306977 0.42343 0.28172 0.235025 0.2276 0.212545 0.187141 0.484267 0.186204 0.329029 0.208174 0.174663 0.396708 0.487349 0.636966 0.167838 0.12538 0.106901 0.0908736 0.170043 0.0832128 0.0800422 0.068109 0.0631325 0.0532876 0.227046 0.040615 0.0372392 0.0646865 0.0323048 0.0321683 0.007134 0.00631623 0.0337991 0.00385961 0.00299741 0.00295886
threshold=5.5650000000000004 39.074724070475135 84.450000000000017 29.765000000000004 0.16704543776228128 0.18399664778440331 28.955000000000002 78.750000000000014 33.700822214777141 -0.86095304316285715 0.45150000000000007 28.015000000000004 85.250000000000014 27.735000000000003 81.450000000000017 87.250000000000014 0.57715059335169505 33.437916634278935 2.9850000000000008 80.750000000000014 6.2150000000000007 1006.35 33.404001652303322 5.8850000000000007 80.750000000000014 84.350000000000009 0.48050000000000004 85.850000000000009 -1.4263949908817819 31.512956622952 77.550000000000011 34.174520117959162 1005.5500000000001 0.11050000000000001 1005.2500000000001 -0.25118773779856163 1005.5500000000001 0.85750000000000004 0.86666666666687531 28.275000000000002 32.732372481119732 2321.3890000000006 0.71150063396796737 28.845000000000002 -0.79354221435844496 66.850000000000009 3.2083333333333717 1.7854791256572686 28.855000000000004 -0.70710678118654735 0.93264966897065638 33.21533705399866 0.98801351631316348 0.9927395293426734 804.25000000000011 -0.8779519545588893 562.55000000000007 84.65000000000002 84.050000000000011 1004.6500000000002 33.539636115923081 33.037273737141525 1007.2500000000001 28.555000000000003 1.0000000180025095e-35
decision_type=2 2 2 2 2 2 2 2 2 2 2 2 2 2 2 2 2 2 2 2 2 2 2 2 2 2 2 2 2 2 2 2 2 2 2 2 2 2 2 2 2 2 2 2 2 2 2 2 2 2 2 2 2 2 2 2 2 2 2 2 2 2 2 2 2
left_child=5 2 6 4 14 12 7 8 -2 -10 -8 -9 18 -14 15 17 -11 -4 28 20 21 -20 -23 39 33 -16 -12 -15 29 -1 -13 -24 -21 -25 35 64 37 -28 -39 40 -7 42 -42 63 -34 -41 47 48 -36 -27 57 -31 60 -54 55 56 -48 59 -38 -32 61 -47 -40 -19 -30
right_child=1 -3 3 -5 -6 23 10 11 9 16 26 30 13 27 25 -17 -18 43 19 32 -22 22 31 24 -26 49 36 -29 34 51 50 -33 44 -35 46 -37 58 38 62 45 41 -43 -44 -45 -46 52 54 -49 -50 -51 -52 -53 53 -55 -56 -57 -58 -59 -60 -61 -62 -63 -64 -65 -66
leaf_value=0.0538912531694377 -0.013872918742201666 0.015373246123826897 0.086312509636666104 0.051897081892246434 0.10394960084701128 -0.078649549200070154 0.0076608287827322156 0.03501488994704656 0.076627362123699222 0.014597536616062183 0.030186851630211585 0.004194917862178532 0.065734794388185386 0.0031801250986538848 0.0033597164634781231 0.04158174979274764 -0.030660041152075563 -0.008982879880092642 0.079747053395704343 0.01440976379596013 -0.033906971066425373 0.068048424909669586 0.005572143795790521 0.010425079656952517 0.017506703834624181 -0.0064565657560311527 0.0083184002938406203 -0.038241807040176677 -0.056848901945416516 -0.077608335054694694 -0.0089905345280143645 -0.072360195203924504 -0.0019169648367482455 -0.1245338733963277 -0.03473408404729772 0.036149675797086778 -0.079275894643273212 0.0021419672232285141 -0.052115851202253489 -0.1943537851709066 0.010647766805073166 -0.031816714437470736 -0.0035702566702845041 0.0013177878282014598 -0.067464578902380223 -0.10971604866594953 -0.072915991716729328 0.002680004951560142 -0.014232547461127466 -0.016944980083574691 -0.012405332642505798 -0.0060798043945041224 0.0016910380433395929 -0.106051629485171 -0.12495606591155797 -0.098884852025217754 -0.0015873152042802144 -0.0070129651012102844 -0.027561670147956564 -0.01163618348641008 -0.11002522701487093 -0.094314816941958451 -0.17942386332773583 -0.015083651046008615 -0.080753677064301727
leaf_weight=103 139 294 84 78 149 473 90 81 98 79 127 154 100 84 109 78 78 98 92 117 116 83 82 100 147 87 137 141 78 111 78 108 140 670 235 78 1376 125 412 200 81 129 88 80 359 261 117 80 78 338 80 78 163 545 78 1313 78 82 108 365 5296 84 102 78 97
leaf_count=103 139 126 84 62 149 473 70 81 98 79 119 154 100 84 109 78 78 98 92 117 116 83 82 40 123 87 93 137 78 111 78 104 140 330 235 78 992 85 308 112 81 125 88 80 359 261 117 80 78 338 80 78 71 297 78 1301 78 82 92 365 1880 84 78 74 97
internal_value=-0.000450332 0.00119686 0.000564537 0.0029982 0.00223517 -0.00115172 -0.000208107 0.00143942 0.00435818 0.00730139 -0.00103134 5.90746e-05 -0.000196588 0.0029808 0.00117826 0.00333628 0.00269247 0.00135194 -0.000484282 0.000938348 0.00305856 0.00449138 0.00243494 -0.00160853 -0.000107188 -0.000505675 -0.00130877 5.27685e-05 -0.00110484 0.000974179 -0.000694593 8.03455e-05 -0.000712033 -0.00160395 -0.00137962 0.00035994 -0.00150946 -0.000636136 -0.00129639 -0.00179584 -0.000804672 0.00114265 0.00356625 -0.000427741 -0.00135726 -0.00191153 -0.00160474 -0.000646408 -0.00137851 -0.00155737 -0.0013668 -0.000935105 -0.00196092 -0.00137061 -0.00183812 -0.00191764 -0.000969448 -0.00165275 -0.00196157 -0.00188663 -0.00203372 -0.00163957 -0.00191045 -0.00162651 -0.00162406
internal_weight=17367 5184 4890 1179 1101 12183 3711 1234 394 255 2477 840 3946 325 952 418 157 340 3621 1097 481 365 273 8237 917 534 2387 225 2524 292 759 190 616 770 2232 253 2260 776 639 7320 771 298 169 256 499 6549 1979 393 313 425 605 189 6349 708 1586 1508 195 525 1484 443 5641 345 514 176 175
internal_count=12247 4356 4230 1159 1097 7891 3071 1234 394 255 1837 840 3926 321 948 414 157 336 3605 1093 477 361 269 3965 493 534 1767 221 2512 292 759 186 616 370 2220 253 1648 564 471 3472 767 294 169 252 499 2705 1967 393 313 425 605 189 2593 368 1574 1496 195 525 1084 443 2225 345 386 172 175
is_linear=0
shrinkage=0.0686502


Tree=19
num_leaves=64
num_cat=0
split_feature=1 20 27 1 36 24 43 58 50 17 30 44 45 3 25 29 37 44 37 24 25 49 29 53 0 32 38 20 59 59 59 20 44 4 36 42 34 10 23 10 61 18 0 25 45 58 26 61 9 33 9 57 56 36 28 52 1 17 3 29 30 33 17
split_gain=3.98793 7.38137 1.79062 1.62502 1.36782 1.23463 1.62451 1.26928 1.02047 1.09075 1.09076 1.00414 1.59226 1.37959 0.89879 0.898143 0.880795 0.666387 0.631153 0.546047 0.533438 0.530778 0.520688 0.472008 0.438136 0.532189 0.836078 0.420871 0.571879 0.365518 0.385267 0.341495 0.319953 0.318381 0.427815 0.25833 0.224819 0.184334 0.373411 0.177607 0.111023 0.10531 0.0977344 0.0718086 0.0603887 0.0549398 0.217667 0.0927861 0.0526147 0.0429613 0.0426438 0.0416241 0.0324206 0.0637874 0.0312196 0.0289914 0.0230305 0.00815309 0.00718933 0.0069118 0.00514568 0.00311496 0.00271832
threshold=5.5650000000000004 39.074724070475135 83.950000000000017 6.705000000000001 0.08082681313583806 29.345000000000002 29.18041666666667 5.7650000000000006 0.558333333333485 40.403568151287239 87.050000000000011 1.0496241047799721 2080.7145000000005 0.41750000000000004 28.955000000000002 78.550000000000011 35.171488991401048 0.47216871641633057 33.04318495011816 27.795000000000005 29.985000000000003 870.35000000000014 80.15000000000002 0.84250000000000014 4.4350000000000014 -0.13999999999999876 0.79467801121481296 33.711440486319844 6.5750000000000011 7.4250000000000007 4.4750000000000005 36.427896131586976 0.56670057967608733 1005.2500000000001 0.15877108969119363 0.24068305514494229 0.2600159415460524 -0.2093068927635835 28.435000000000006 -0.9668120007078248 8.4350000000000005 32.650030212339068 7.3850000000000007 29.895000000000003 2412.5360000000005 3.4350000000000005 80.950000000000017 3.3550000000000004 0.97505550290239451 35.916844040452013 0.98801351631316348 1006.1500000000002 1009.4500000000002 0.36643308274665803 71.450000000000017 0.99950000000000017 18.255000000000006 35.761701819089836 0.50650000000000006 85.350000000000009 83.050000000000011 35.640372015713226 28.053577809257142
decision_type=2 2 2 2 2 2 2 2 2 2 2 2 2 2 2 2 2 2 2 2 2 2 2 2 2 2 2 2 2 2 2 2 2 2 2 2 2 2 2 2 2 2 2 2 2 2 2 2 2 2 2 2 2 2 2 2 2 2 2 2 2 2 2
left_child=8 2 4 -4 -2 18 7 -7 9 10 11 22 62 -14 15 16 17 -6 -5 -17 21 23 42 43 41 26 -26 28 -27 30 -24 -8 -28 34 -16 -19 61 40 56 -29 -20 -25 48 45 55 46 47 57 52 -41 -22 -43 -1 60 -35 59 -39 -10 -56 -21 -54 -36 -13
right_child=1 -3 3 5 14 6 31 -9 20 -11 -12 12 13 -15 33 19 -18 35 37 44 50 -23 29 24 25 27 32 39 -30 -31 -32 -33 -34 54 36 -37 -38 38 -40 49 -42 51 -44 -45 -46 -47 -48 -49 -50 -51 -52 -53 53 -55 58 -57 -58 -59 -60 -61 -62 -63 -64
leaf_value=-0.061538380408238266 0.0095043215522237507 0.014317869460102581 0.049404436065460328 0.021745688634783718 0.064254418269219168 0.10688725105920271 -0.012453624775402586 0.039609032740156931 -0.14587400063040126 0.010013269563246267 0.074767204806916274 -0.059882798235075252 -0.0024361653774720078 0.13796056333425252 0.02644710553492028 0.016292368577696191 0.079029322784964995 0.047234528705051307 -0.0043907448344095755 -0.008558489867309076 -0.16323021658765544 0.00049277431546875731 0.01578921920000104 -0.01137610218701442 0.008477863035876625 0.045013212062085084 -0.019797306005817319 -0.012591319590125516 -0.047619514488780039 0.014339141526747872 -0.034791942219361417 0.013310026772779258 -0.0088142265173414055 -0.0075519406355242817 -0.024331762275657944 -0.018109425797793049 0.00077219460048956327 -0.018648129807187233 -0.00053143558754116982 -0.068138963110262921 -0.0096726092218438805 -0.046243343969745686 -0.0014025380495314009 -0.21784022755972934 -0.0017356583695652479 -0.067150039087768842 0.0014899501831548648 -0.016482921892545223 -0.024765755082066476 -0.045996222500294871 -0.20416935495136301 -0.043593359044713294 -0.041187068359555268 -0.002820585197885262 -0.039569437342387222 -0.024744859165499952 -0.002797390737965279 -0.33640326689284161 -0.063756081349869223 -0.020572975259802565 -0.029408019914960812 -0.040102357813287762 -0.027235456425978858
leaf_weight=1125 152 294 168 134 105 101 109 80 623 107 100 78 78 78 121 80 87 84 107 332 4487 102 99 105 90 86 111 127 89 83 163 79 153 105 101 146 139 82 97 418 345 160 115 93 85 1490 84 79 122 146 486 598 179 82 89 86 78 78 1444 78 78 276 91
leaf_count=685 140 126 152 134 105 101 109 76 623 27 100 78 78 78 89 80 87 84 107 332 1427 78 91 105 90 86 99 123 89 83 155 71 153 65 101 146 111 82 97 414 345 128 103 73 85 1394 84 75 122 102 142 534 163 82 73 86 78 58 1056 78 78 160 91
internal_value=-0.000489858 0.00110419 0.000466294 0.00256047 -0.000356286 0.00167258 0.00497661 0.00959312 -0.00116862 4.21605e-05 -0.000251394 -0.000551356 0.0029808 0.00795513 -0.000647053 0.00097705 0.00344743 0.00181074 0.000214141 -0.000596303 -0.0014941 -0.000961336 -0.00111668 -0.00107297 -0.000310046 0.000524054 0.0027627 -0.00038811 0.00259677 0.00130271 1.66925e-05 0.000465321 0.000776932 -0.00142262 -0.000111187 -0.000244429 -0.000982313 -0.000598532 0.000853759 -0.00115541 -0.00143587 -0.00149413 -0.00161113 -0.0017197 -0.00133826 -0.00179372 -0.00133614 -0.00169763 -0.00175163 -0.00168081 -0.00198886 -0.00177755 -0.00186654 -0.00122887 -0.00192889 -0.00162904 -0.00115836 -0.00195013 -0.00200943 -0.00187277 -0.00176222 -0.00185649 -0.00160873
internal_weight=17367 5184 4890 1380 3510 1212 369 181 12183 2578 2471 2371 325 156 3358 1083 422 335 843 661 9605 4632 2046 4530 2083 1220 354 866 175 345 262 188 264 2275 637 230 516 709 257 691 452 863 1701 2447 581 2354 864 780 1586 564 4973 758 1464 339 1638 496 160 701 1533 410 257 377 169
internal_count=12247 4356 4230 1352 2878 1200 357 177 7891 2014 1987 1887 325 156 2738 1083 422 335 843 661 5877 4308 1562 4230 1923 1156 342 814 175 329 246 180 252 1655 461 230 372 709 257 639 452 767 1233 2307 581 2234 840 756 1130 516 1569 662 1008 323 1194 496 160 681 1129 410 241 261 169
is_linear=0
shrinkage=0.0686502


Tree=20
num_leaves=62
num_cat=0
split_feature=1 20 20 1 10 36 21 45 30 16 61 7 19 59 27 19 20 8 4 60 54 10 10 19 26 4 10 16 57 38 28 38 30 61 59 16 0 59 23 29 32 19 41 18 55 63 61 10 8 62 50 52 3 25 38 61 3 34 50 18 1
split_gain=3.20819 7.68169 1.27169 1.26484 1.00215 0.99855 0.955065 0.838694 0.749467 0.809162 0.55258 0.548584 0.548719 0.452811 1.084 0.440359 1.30799 0.439201 0.8309 0.424641 0.907337 0.384724 0.489019 0.338628 0.689468 0.269018 0.261665 0.479756 0.228572 0.317854 0.162899 0.276998 0.149137 0.367045 0.120072 0.173675 0.132354 0.491314 0.198857 0.11817 0.110009 0.244172 0.0988246 0.352665 0.0829531 0.148627 0.0790461 0.315271 1.03183 0.104241 0.171046 0.0689347 0.0529469 0.0479993 0.0326986 0.0277972 0.0146178 0.00869871 0.00579076 0.0040961 0.00318403
threshold=5.5650000000000004 39.074724070475135 33.87457514026412 6.4650000000000007 0.45971571054515326 0.077038499059801105 29.175000000000004 2510.7670000000003 88.15000000000002 35.492769440152692 44.670000000000009 -0.78656609248549303 36.276171525345845 5.8850000000000007 80.750000000000014 32.013058176300198 29.916603170937375 0.60355339059327384 1005.1500000000002 0.015000000000000001 0.33250000000000007 -0.37370587188196386 0.21771516573566849 36.544578266499066 76.950000000000017 1003.0500000000001 -0.98208922706762081 35.819674734329105 1004.85 0.81359722779967381 84.850000000000009 0.92741077263488048 85.15000000000002 13.585000000000003 7.1850000000000014 33.539636115923081 2.1050000000000004 2.1550000000000007 27.735000000000003 66.65000000000002 -0.020000000000001347 36.382890609094808 28.737500000000004 34.484986437697934 1004.35 0.52264674887692675 1.6850000000000003 -0.15855351192338588 -0.12940952255126037 35.619458251564964 287.3250000000001 0.98250000000000004 0.26950000000000007 28.415000000000003 1.6050111323121368 1.8450000000000004 0.76450000000000007 0.62936932427068382 73.066666666666677 34.984898054291776 1.8050000000000004
decision_type=2 2 2 2 2 2 2 2 2 2 2 2 2 2 2 2 2 2 2 2 2 2 2 2 2 2 2 2 2 2 2 2 2 2 2 2 2 2 2 2 2 2 2 2 2 2 2 2 2 2 2 2 2 2 2 2 2 2 2 2 2
left_child=6 2 3 -2 10 -4 8 17 9 15 11 -5 32 26 23 51 -17 25 -19 20 -18 40 -23 24 55 -7 27 -8 29 -21 44 59 -13 -34 36 -36 37 60 52 -28 58 -42 57 -44 45 -27 -41 49 -49 50 -48 -1 -38 -45 56 -15 -46 -40 -20 -32 -30
right_child=1 -3 5 4 -6 7 13 -9 -10 -11 -12 12 -14 14 -16 16 19 18 21 28 -22 22 -24 -25 -26 30 39 -29 34 -31 31 -33 33 -35 35 -37 38 -39 42 46 41 -43 43 53 54 -47 47 48 -50 -51 -52 -53 -54 -55 -56 -57 -58 -59 -60 -61 -62
leaf_value=-0.11054348156349228 0.094478859628095033 0.013334944632078209 0.012173241846022894 0.016408715680522528 0.070112612025268639 -0.01039400899229679 -0.12121160990868776 -0.0068374062537287193 0.070588802514041135 0.019670807631340281 0.038565045924943107 -0.014869345537668884 0.089057060939859906 -0.081343386466526238 0.0093625057711648803 0.044666932124474798 -0.029252314878465729 -0.0023993643145596598 -0.021689364077271997 0.027675847393470482 0.0023477130895815526 0.026544722632892103 -0.052762554025968911 -0.10047788348200599 0.0084744008891166379 -0.00028851704122948648 -0.11677159380035056 0.03616146927398807 -0.091579599669854031 -0.022937177477221272 -0.01531436279616096 0.0036744412595706706 -0.046294528039074925 0.015529274039441125 -0.04665864910429797 0.00084161339848406612 -0.032368588703424808 0.0016004997298176675 -0.035705605116811007 -0.13717660394217124 0.002689778527990475 -0.14860282456073437 0.01240885449533196 -0.0032225548503332633 -0.064813034894528831 -0.055902004062615904 -0.069452400332829151 -0.066139176464878449 0.029121721305002977 -0.060510447523021677 -0.0019325180266343554 -0.0075906942421961714 0.0038596501860032051 -0.035254553917941737 -0.022254663135033145 -0.03201971700325619 -0.046100338305798752 -0.11553291201341717 -0.0077968735518640529 -0.031104712550287517 -0.01627074424064872
leaf_weight=908 106 294 152 81 112 123 123 219 82 159 84 387 78 121 135 138 111 123 324 78 79 110 98 589 83 128 173 78 78 142 132 143 130 79 142 100 78 78 939 4577 105 129 120 133 192 159 126 203 81 1604 83 114 78 390 97 79 1437 78 84 78 103
leaf_count=908 106 126 144 81 112 99 123 131 82 151 84 387 78 101 119 138 111 115 276 78 79 110 98 221 79 128 89 78 78 142 132 143 130 79 142 100 78 78 939 1825 105 69 120 133 136 87 110 199 81 608 67 114 78 386 73 75 1189 78 68 70 103
internal_value=-0.000537289 0.000892366 0.000241737 0.00234884 0.00154205 -0.000338627 -0.00114608 -0.000565876 -0.000295318 -0.00042919 0.000715064 0.000115627 -0.000522827 -0.0015813 -0.00021335 -0.00062735 -0.000188579 -0.000828216 0.000403971 -0.000521687 0.00259053 -0.000356702 0.0021909 -0.00110697 0.000828816 -0.00131195 -0.00177593 0.000642299 -0.000758158 0.00134053 -0.0014761 -9.95622e-05 -0.00124146 0.000213367 -0.000960387 0.000469264 -0.00112984 0.000304201 -0.00133732 -0.0018478 -0.00119325 0 -0.00155874 -0.000875015 -0.00171465 -0.000603114 -0.00189374 -0.00153217 0.000578191 -0.00186582 -0.000389523 -0.00185028 0.000978496 -0.0016512 -0.0018958 -0.0013373 -0.00197028 -0.00198406 -0.00187186 -0.00169614 -0.00163838
internal_weight=17367 5184 4890 1057 951 3833 12183 3681 4128 4046 839 755 674 8055 1007 3887 2865 3462 973 2727 190 850 208 872 283 2489 7048 201 2537 220 2366 353 596 209 2317 242 2075 259 1816 6847 642 234 1660 643 2013 287 6674 2097 284 1813 209 1022 156 523 1726 200 1629 1017 408 210 181
internal_count=12247 4356 4230 1057 951 3173 7891 3029 4116 4034 839 755 674 3775 595 3883 2861 2898 841 2723 190 726 208 476 255 2057 3180 201 2533 220 1958 345 596 209 2313 242 2071 259 1812 2979 518 174 1656 639 1613 215 2890 1065 280 785 177 1022 156 519 1398 176 1325 1017 344 202 181
is_linear=0
shrinkage=0.0686502


Tree=21
num_leaves=68
num_cat=0
split_feature=1 20 32 36 27 9 9 9 26 38 1 45 17 61 57 29 18 33 35 10 43 51 63 57 50 10 38 9 30 9 60 47 9 44 45 59 37 27 9 29 61 54 45 45 56 3 1 30 9 46 0 19 26 7 56 1 0 32 0 18 10 20 7 61 0 56 44
split_gain=3.35328 7.56837 1.22096 2.22127 1.16394 1.26788 1.09789 1.08631 1.04587 1.19323 1.28407 0.970988 0.90006 0.734911 0.721784 0.708253 1.96021 0.519259 0.831287 1.45727 0.462559 0.433535 0.523611 0.646917 0.933644 0.355514 0.775953 0.286429 0.74331 0.252051 0.236507 0.210714 0.221054 0.18416 0.586746 0.180814 0.248681 0.176531 0.155434 0.487049 0.148614 0.25712 0.143085 0.212194 0.142401 0.201064 0.106595 0.0872835 0.0817762 0.0617125 0.0614777 0.0550929 0.052843 0.0431439 0.073146 0.032391 0.0253694 0.0208934 0.0175913 0.00864 0.0057947 0.00528786 0.00446329 0.0205108 0.00332631 0.00195383 0.00141514
threshold=5.5650000000000004 39.074724070475135 -0.11500000000000198 0.08082681313583806 87.050000000000011 -0.86958133671945925 -0.8779519545588893 -0.93535928755917819 79.050000000000011 1.4320693423473341 3.2350000000000008 2426.0035000000003 40.403568151287239 0.015000000000000001 1010.2500000000001 86.750000000000014 34.05083098047681 36.074695594872388 35.470881303470982 -0.82389248692129191 28.444791666666674 380.15250000000009 0.13740707388859266 1005.2500000000001 46.050000000000075 -0.9668120007078248 1.0352572344630016 -0.833548052892222 75.950000000000017 -0.98211651112579568 0.015000000000000001 4.2500000000000009 0.95236875646279973 0.99160971908006179 2080.7145000000005 7.245000000000001 34.851630017101819 82.250000000000014 -0.90880922144842613 81.550000000000011 5.3050000000000006 0.98550000000000015 2284.5600000000004 2271.0999999999999 1005.1500000000002 0.98850000000000005 6.2950000000000008 81.450000000000017 -0.5416228050394748 29.555000000000003 5.1750000000000007 34.421789501213773 83.550000000000011 0.60355339059327384 1006.35 2.3350000000000004 5.3850000000000007 -0.52999999999999925 2.7850000000000006 35.618034184904431 0.98927755889796032 33.711440486319844 -0.98296291314453399 1.0250000000000001 4.8750000000000009 1009.9500000000002 0.35299648921483101
decision_type=2 2 2 2 2 2 2 2 2 2 2 2 2 2 2 2 2 2 2 2 2 2 2 2 2 2 2 2 2 2 2 2 2 2 2 2 2 2 2 2 2 2 2 2 2 2 2 2 2 2 2 2 2 2 2 2 2 2 2 2 2 2 2 2 2 2 2
left_child=8 2 3 -2 5 7 -6 11 25 12 13 29 17 -11 -15 21 56 18 30 -20 -7 22 23 24 -4 26 55 28 -27 -5 -10 32 33 47 60 38 51 -25 39 -32 41 -22 43 -40 45 -42 -23 65 -24 -48 -21 -37 -47 -46 -55 -1 -17 -19 -44 -60 -35 -30 63 -33 -41 -29 -64
right_child=1 -3 15 4 6 20 -8 -9 9 10 -12 -13 -14 14 -16 16 -18 57 19 50 40 46 48 37 -26 27 -28 31 61 -31 35 62 -34 34 -36 36 -38 -39 42 64 44 -43 58 -45 53 52 49 -49 -50 -51 -52 -53 -54 54 -56 -57 -58 -59 59 -61 -62 -63 66 -65 -66 -67 -68
leaf_value=-0.1213510775163178 0.024512541188524143 0.012419497805598508 0.03155916123271197 0.002255229618927674 -0.027120853165758557 0.018176171815015629 0.080404853571883525 0.064157860850365594 0.0011555343441273884 0.017305573576103614 0.056315665541626599 0.088848988189829448 0.0084357369420003259 -0.038257310320870604 0.0095562479843581318 -0.063168750769199464 0.0016378020311926165 -0.030506422403083575 0.038211181314313288 -0.042416715506510112 -0.0077755198120590865 -0.0022438230336800538 -0.0035373142537878204 0.0012967601657714778 -0.0074838746879306401 0.0065655379536576405 0.023626595878017156 -0.097115242378804228 -0.1550263280604928 -0.028020211450584136 0.048319781753888118 -0.099249958858510956 0.022868819074248571 -0.23884387449267586 0.12952644079896969 -0.032776677999948496 0.014170301182015479 -0.020738564580137404 -0.065377020011791409 -0.057367246192579872 0.0021574644048113923 -0.02302492736233152 -0.0051467367012322084 0.0040795289027765625 -0.020344112327099095 -0.050241937773535583 -0.049647272414056441 -0.076586931676879438 -0.066110128626832215 -0.026467475456092238 -0.025747407493390224 -0.063829831678202067 -0.0036987339552718209 -0.0092646627389688131 -0.020343052600348063 -0.010673607092741427 -0.0075890832549627037 -0.047245019340263289 -0.037590457170367991 -0.018481079954426844 -0.023658088884145594 -0.098831169197265006 -0.13922908341267937 -0.041638306886385576 -0.038772923440186527 -0.073864127689543646 -0.21410949544246069
leaf_weight=165 100 294 90 135 78 83 88 140 85 110 117 78 143 305 101 97 78 149 127 105 122 176 134 98 78 105 94 972 78 168 79 259 132 220 129 78 79 164 149 107 103 126 144 84 517 132 1253 149 315 129 78 85 94 110 126 78 78 1291 892 78 78 187 165 116 78 139 4653
leaf_count=165 92 126 90 135 78 83 88 136 85 106 113 78 35 257 101 97 70 85 123 105 102 136 134 82 66 105 94 424 78 168 79 143 104 220 129 78 79 152 149 107 79 94 144 84 413 96 1089 105 203 93 78 85 86 102 118 78 70 555 888 78 78 187 93 68 78 139 2189
internal_value=-0.000489858 0.000971801 0.000325946 0.00152566 0.0010429 0.00056412 0.00653703 0.00345512 -0.00111228 -0.000274327 0.0024816 0.00152473 -0.000731814 0.000987624 -0.000354512 -0.000653587 0.00278822 -0.000940854 -0.000285778 0.00300313 -0.000500593 -0.00101448 0.000199148 0.00191325 0.00522009 -0.00159606 0.000570812 -0.00169578 0.000152304 -0.000228662 -0.000816394 -0.00179405 -0.00114995 -0.00136346 -0.000117617 -0.000981531 0.000751264 -0.000204314 -0.0012455 0.000259677 -0.0008159 0.000683654 -0.00154433 0 -0.00116487 1.12308e-05 -0.00170208 -0.00178091 -0.00143172 -0.00190472 -0.000898527 -0.000757323 -0.00111802 -0.00168468 -0.000868547 -0.00146435 -0.00123497 -0.00195858 -0.00186753 -0.00198042 -0.00180292 -0.00177114 -0.00201828 -0.00167304 -0.00164741 -0.00199044 -0.00204356
internal_weight=17367 5184 4890 2200 2100 1934 166 521 12183 4464 633 381 3831 516 406 2690 253 3688 2248 310 1413 2437 879 430 168 7719 337 7382 370 303 1938 7012 1819 1687 427 1853 242 262 1611 264 1330 248 1347 233 1082 329 1558 1260 449 1382 183 163 226 753 236 243 175 1440 1114 970 298 265 5193 375 185 1111 4818
internal_count=12247 4356 4230 1948 1856 1690 166 517 7891 3492 577 381 2915 464 358 2282 237 2880 2240 306 1173 2045 727 390 156 4399 337 4062 370 303 1934 3692 1199 1095 427 1849 242 234 1607 264 1090 196 1343 233 894 261 1318 668 337 1182 183 163 182 633 220 243 167 640 1110 966 298 265 2493 211 185 563 2282
is_linear=0
shrinkage=0.0686502


Tree=22
num_leaves=67
num_cat=0
split_feature=1 23 21 37 32 50 17 30 44 45 3 28 59 20 43 9 1 29 20 27 59 20 20 9 1 41 2 53 57 18 29 61 18 35 9 10 21 1 30 37 24 53 38 29 0 57 24 59 28 11 52 16 29 9 2 57 0 31 36 28 9 45 42 17 0 29
split_gain=3.13764 7.11596 1.67531 12.7187 1.1615 1.03417 1.07371 1.07335 0.713397 1.26912 0.942763 0.697805 1.24502 2.02125 0.753483 0.555577 0.533462 0.656172 0.559034 0.527576 0.522748 0.49516 0.438341 0.544843 0.431464 0.85286 0.481256 0.473537 0.399725 0.347296 0.280747 0.280101 0.263268 0.408797 0.243777 0.197265 0.180036 0.173013 0.699195 0.148536 0.33789 0.145175 0.293884 0.132112 0.129409 0.127961 0.112798 0.0973133 0.234605 0.144418 0.0543451 0.039172 0.0408923 0.0387068 0.304367 0.0371872 0.0367219 0.0351409 0.0178493 0.00851242 0.00459414 0.00390853 0.00358931 0.00288046 0.00250501 0.000196294
threshold=5.5650000000000004 31.115000000000006 29.685000000000006 37.577565774427967 -0.27999999999999931 0.558333333333485 40.403568151287239 87.050000000000011 1.0365639151706265 2080.7145000000005 0.38550000000000006 75.950000000000017 5.2250000000000005 33.87457514026412 29.037916666666671 0.21772121422198085 1.9850000000000001 80.750000000000014 36.053039892823357 80.450000000000017 7.4250000000000007 33.711440486319844 34.732743338333968 -0.61188073503922691 6.705000000000001 28.506666666666671 27.750000000000004 0.97650000000000003 1006.5500000000001 32.439382661317964 78.550000000000011 41.895000000000003 35.761701819089836 36.269028752020638 0.97505550290239451 -0.99626127116974506 29.055000000000003 0.015000000000000001 79.250000000000014 35.983141040313534 28.745000000000001 0.99350000000000016 1.2147068834613994 84.750000000000014 5.4050000000000011 1004.0500000000001 27.825000000000003 4.1950000000000012 82.550000000000011 8.5000000000000018 0.99950000000000017 36.625883361525261 69.65000000000002 0.98801351631316348 4.2500000000000009 1005.0500000000001 6.6750000000000007 -0.74005695162559693 0.16114062046204972 85.450000000000017 -0.86095304316285715 2280.5075000000006 0.060882400302132066 28.053577809257142 5.5250000000000012 68.950000000000017
decision_type=2 2 2 2 2 2 2 2 2 2 2 2 2 2 2 2 2 2 2 2 2 2 2 2 2 2 2 2 2 2 2 2 2 2 2 2 2 2 2 2 2 2 2 2 2 2 2 2 2 2 2 2 2 2 2 2 2 2 2 2 2 2 2 2 2 2
left_child=5 2 3 4 11 6 7 8 20 63 -11 44 13 -13 -15 16 41 18 22 -14 34 -22 23 -18 25 -6 27 28 -26 -19 -21 35 55 -34 47 -29 -27 38 -17 40 -4 51 -43 45 -2 -37 -28 48 49 -1 -48 52 -7 56 -55 -31 65 -41 -47 -54 -32 -49 -59 -10 -24 -39
right_child=1 -3 39 -5 24 15 -8 -9 9 10 -12 12 19 14 -16 37 17 29 -20 30 21 -23 64 -25 26 36 46 31 -30 32 60 -33 33 -35 -36 43 -38 53 -40 57 -42 42 -44 -45 -46 58 50 61 -50 -51 -52 -53 59 54 -56 -57 -58 62 -60 -61 -62 -63 -64 -65 -66 -67
leaf_value=-0.058027875565414902 -0.025354865230457824 0.037259799640607327 -0.062135092365305171 -0.0091201109612639372 0.020655017368374301 -0.18791091757985906 0.0081040032441495914 0.063581365748339877 -0.044155851654539106 -0.00012266263322678977 0.12244507240246515 0.087242560741173314 0.059158431006277518 -0.015277730769537855 0.024448017336168953 -0.1858078989320002 0.013847705353354903 0.02923623723843264 0.041283026568057005 0.036968486999129267 -0.040302628739398057 0.024841743769002562 -0.060710115922261255 -0.032835790502185082 0.012955752107513117 0.00714427402366193 -0.005106939845034149 -0.014181933448618875 -0.00073134855113020554 -0.03547627280799872 -0.0073761244453820598 0.014009207775090935 0.0067579789993725409 -0.044793415753007479 0.0021084710727067779 -0.0091774385207334663 -0.067640705812730073 -0.22431639975023829 0.0033223615723894651 -0.019931745356794355 0.0060198399939815645 -0.08054271342838884 0.011045572294318916 0.00097527155815677231 0.00059750804103481114 -0.011715257507961731 -0.031069093655479239 -0.089298334321778264 0.002203154045553176 0.00051066028183055089 -0.028373328145431913 -0.011274417165604378 -0.092933321573322486 0.022680514899844826 -0.1772231900737046 -0.039133633220089996 -0.077031525411325658 -0.037985946524875511 -0.0082782316438460481 -0.11412273539716254 -0.038506106478509064 -0.044632775848488127 -0.080915800237746055 -0.012117784551723389 -0.023727295233784234 -0.092282611079362267
leaf_weight=431 156 100 169 132 90 83 107 100 78 79 82 143 88 136 99 520 124 89 98 124 110 92 86 120 92 102 107 92 88 89 78 85 79 89 136 88 120 186 177 91 110 132 93 102 78 139 875 113 94 130 138 78 1139 97 519 586 207 116 400 80 152 931 894 95 78 4856
leaf_count=343 152 36 141 72 90 83 27 100 78 79 82 143 88 136 91 340 124 89 94 116 110 88 82 120 84 102 103 92 80 89 78 85 79 89 136 84 108 90 117 51 98 132 93 102 74 139 851 101 94 130 134 78 1135 93 203 578 111 56 396 80 152 551 422 95 74 1904
internal_value=-0.000521478 0.000892366 0.000531932 0.00129325 0.000514172 -0.00112355 9.53892e-05 -0.000195862 -0.000493483 0.00243625 0.00680164 0.00242641 0.00337 0.00625712 0.00228622 -0.00145122 -0.000681306 0.000275857 0.00226526 0.000876869 -0.000977801 0.00231625 0.00112071 0.00296598 -0.000285125 0.00209474 -0.000625223 0.000400502 0.00360354 -0.000800469 -0.000298218 -0.000234827 -0.00123685 0.0011685 -0.00134479 -0.000630545 -0.000179442 -0.00180723 -0.000770012 -0.00150694 -7.19795e-05 -0.0015416 5.27685e-05 -0.00101447 -0.00085843 -0.00139105 -0.0016237 -0.00157023 -0.000896668 -0.00143467 -0.00184842 -0.00180511 -0.00189522 -0.00192939 -0.00137914 -0.00184444 -0.00199257 -0.00186527 -0.00179031 -0.00199655 -0.00172754 -0.00198601 -0.00198354 -0.00161906 -0.0015951 -0.00203066
internal_weight=17367 5184 5084 3704 3572 12183 2578 2471 2371 334 161 1054 820 378 235 9605 3043 1438 506 442 2037 202 408 244 2518 312 2206 1086 180 932 354 906 843 168 1835 821 222 6562 697 1380 279 1605 225 729 234 627 1120 1699 655 561 1013 1380 1302 5865 616 675 5249 1101 539 1219 230 1044 1010 173 164 5042
internal_count=12247 4356 4320 3552 3480 7891 2014 1987 1887 334 161 1030 804 370 227 5877 3019 1418 494 434 1553 198 400 244 2450 300 2150 1062 164 924 346 898 835 168 1355 813 210 2858 457 768 239 1601 225 721 226 619 1088 1219 567 473 985 1376 1298 2401 296 667 2105 529 535 1215 230 652 478 173 156 1994
is_linear=0
shrinkage=0.0686502


Tree=23
num_leaves=64
num_cat=0
split_feature=26 62 63 2 1 42 9 32 58 60 63 10 25 9 43 36 35 22 63 26 8 25 9 36 58 38 31 10 9 57 30 51 36 18 57 1 29 9 50 29 44 30 43 62 53 61 4 27 9 40 36 54 42 36 31 9 26 29 50 34 19 30 59
split_gain=2.55983 3.24245 1.39605 1.09908 1.71772 3.62974 1.42575 0.993205 1.64978 2.18534 1.03831 0.804033 1.02963 0.674773 0.985662 0.672487 0.763728 0.5509 0.403414 0.348 0.416317 0.464448 0.307664 0.296998 0.265769 0.632176 0.26079 0.255979 0.269218 0.335564 0.248467 0.46134 0.523551 0.260587 0.245213 0.483988 0.231003 0.22971 0.20223 0.17077 0.155406 0.222845 0.100139 0.191499 0.0958298 0.0791306 0.377217 0.170081 0.0758939 0.0717547 0.0705388 0.060753 0.0417153 0.037718 0.0368509 0.0357472 0.0145686 0.0112599 0.00859667 0.00784431 0.00723611 0.00591425 0.0054999
threshold=80.750000000000014 38.061253021264967 3.6246661090764953 38.400000000000006 9.1850000000000005 0.32411931894029888 0.98801351631316348 -0.13999999999999876 3.0650000000000004 5.6350000000000007 -2.4235546305057478 -0.82389248692129191 30.035000000000004 0.18399664778440331 29.486041666666669 0.26659833449027376 35.424598056915521 27.555000000000003 0.52264674887692675 77.450000000000017 0.1294095225512602 27.795000000000005 0.25118773779856129 0.12460441529615904 7.1850000000000014 0.90570981937301298 0.053512978132953755 -0.9975933521984367 -0.30081702196488969 1003.7500000000001 83.850000000000009 461.77400000000006 0.23800681107037555 32.650030212339068 1004.7500000000001 6.3750000000000009 67.250000000000014 0.18399664778440331 21.775000000000116 63.650000000000013 0.65813850022487663 84.450000000000017 29.486041666666669 32.516776917364595 0.99450000000000005 3.4050000000000007 1009.2500000000001 74.750000000000014 -0.99551215362393819 0.14988880646336153 0.6057125723375657 0.99650000000000005 0.041952353924210997 0.2196024780788168 -0.47994265100428629 -0.92263100495486394 79.750000000000014 68.750000000000014 385.45833333333354 0.4189709171047204 33.132104797047752 71.350000000000009 7.455000000000001
decision_type=2 2 2 2 2 2 2 2 2 2 2 2 2 2 2 2 2 2 2 2 2 2 2 2 2 2 2 2 2 2 2 2 2 2 2 2 2 2 2 2 2 2 2 2 2 2 2 2 2 2 2 2 2 2 2 2 2 2 2 2 2 2 2
left_child=3 2 7 4 6 18 13 8 9 37 -10 12 15 14 19 16 -12 -13 38 36 -21 -22 23 -5 54 -26 40 -9 29 -29 31 32 -31 -33 35 -25 -1 -2 -6 -15 48 49 43 61 -23 51 47 -47 -19 -42 52 -36 -30 -35 -17 -38 -24 -44 -50 -49 -32 -41 -54
right_child=1 -3 -4 22 5 -7 -8 27 10 -11 11 17 -14 39 -16 24 -18 26 -20 20 21 44 56 34 25 -27 -28 28 50 30 60 33 -34 53 45 -37 55 -39 -40 42 41 -43 57 -45 -46 46 -48 59 58 -51 -52 -53 62 -55 -56 -57 -58 -59 -60 -61 -62 -63 -64
leaf_value=0.00063495556044738781 -0.011005638478247853 -0.037464616408082164 0.048658274195621826 0.012579147024227124 0.0050775078580663708 0.024580593738396266 0.021003829839534777 0.058487359803579803 0.035288298599595848 0.07636688145790882 -0.002708974485196994 0.0050369859380201016 0.00267496485910874 0.046906414665554862 0.0697322929549168 -0.019822601054174709 0.024866228466343766 -0.0070589330850482617 -0.00068891683444202722 -0.0027359238794029345 0.030319485706756813 -0.044208630469575981 -0.20122103524226534 0.07347582697103229 0.0441111133642565 -0.055379814472704951 0.024594358084376912 0.0080394153099922778 -0.018177304440672282 -0.003635749891895607 -0.036959931749757806 0.0042878950618949266 0.033081778569991928 -0.061219071709603001 -0.12804811422057727 -0.066313341920925556 -0.08922228290306837 0.0010639638409184102 -0.0038785284417713704 -0.065859223607123887 -0.02679467468161649 -0.0011214324209553282 -0.11381459624545726 0.0068998194140529375 -0.00032239932408230544 0.0025373931142043189 -0.0049811539725309649 -0.07043715609918226 -0.019434522670852508 -0.0034352485791282051 -0.0033368190452434218 -0.14184748483453821 -0.041026677338104493 -0.016167108998857257 -0.02879644782702882 -0.089489600112307444 -0.1099304853190099 -0.042501670415633554 -0.019218736549404255 -0.050448354602157734 -0.0076126724248803939 -0.07556874033854874 -0.010461791383079901
leaf_weight=81 95 109 206 103 84 90 131 103 115 156 137 97 86 157 86 244 114 99 159 92 95 200 4664 88 83 100 117 135 158 100 78 149 106 82 934 107 89 80 84 78 171 102 231 146 105 112 89 518 860 81 93 127 896 353 78 465 209 1795 78 78 382 229 98
leaf_count=81 95 37 94 103 84 66 119 103 95 128 137 97 42 133 86 244 102 99 95 92 95 196 1892 88 83 100 97 135 142 100 78 149 106 82 926 107 89 72 80 78 151 102 95 134 105 108 89 506 764 81 77 127 652 349 62 465 113 579 78 78 382 229 94
internal_value=-0.000592625 0.000562541 0.000340862 -0.00119371 -0.000340781 0.00384136 -0.000781501 0.00013595 0.00102305 0.00557438 0.000430205 0.000126568 0.0018447 -0.00102329 0.000312832 0.0010191 0.00391441 -0.000772381 0.000441878 -0.000227164 0.00113583 0.000158023 -0.00172634 -0.00103747 -0.000416699 0.00165039 -0.00109899 -0.000801225 -0.000934592 -0.000271048 -0.000626687 0.000106177 0.00289375 -0.000872906 -0.00122013 0.00107429 -0.00129159 0.000262264 0.00278913 -0.00163994 -0.0013634 -0.000105076 -0.00177944 -0.00083298 -0.00113671 -0.00146439 -0.000931514 -0.00146737 -0.00178719 -0.00121461 -0.0016674 -0.00185796 -0.00181434 -0.00172617 -0.00160971 -0.00179758 -0.00202966 -0.00198775 -0.00197772 -0.0019309 -0.001893 -0.00181041 -0.00198232
internal_weight=17367 5941 5832 11426 4397 417 3980 5626 2893 331 2562 2447 842 3849 1213 756 251 1605 327 1127 492 400 7029 2156 505 183 1508 2733 2630 1385 1250 790 206 584 2053 195 635 175 168 2636 1391 354 2479 453 305 1858 797 708 1037 252 1245 1061 1152 435 322 554 4873 2026 938 596 460 307 994
internal_count=12247 5209 5172 7038 2901 325 2576 5078 2629 295 2334 2239 770 2457 1209 728 239 1469 259 1123 488 396 4137 2132 489 183 1372 2449 2346 1381 1246 786 206 580 2029 195 635 167 164 1248 1275 334 1115 441 301 1834 781 692 941 232 965 1053 888 431 306 554 2005 674 842 584 460 307 746
is_linear=0
shrinkage=0.0686502


Tree=24
num_leaves=62
num_cat=0
split_feature=1 20 25 39 37 38 60 18 30 19 25 53 28 39 10 59 37 57 56 1 29 46 60 63 10 49 59 37 36 20 21 44 2 27 45 20 57 24 43 50 58 38 10 50 53 20 36 26 53 9 17 0 9 53 62 62 20 19 34 61 61
split_gain=2.3569 3.73346 1.10174 1.09913 1.52972 1.20841 1.19273 1.25988 0.942928 0.646927 1.13451 2.37817 0.555669 0.54767 0.529222 0.522125 0.508276 1.13421 0.480565 0.814179 0.79821 0.33961 0.313387 0.804161 0.378069 0.469515 0.555306 0.824053 0.310747 0.305232 0.509871 0.676173 1.11535 0.280771 0.235935 0.233115 0.320499 0.226899 0.188403 0.185758 0.256575 0.162495 0.235144 0.161942 0.153946 0.171358 0.174028 0.0868476 0.0860452 0.0425194 0.0371434 0.0301263 0.0284453 0.0712239 0.0240966 0.112688 0.0145686 0.00855458 0.00710247 0.00696535 0.00634472
threshold=5.1150000000000011 38.974071509963885 30.085000000000004 29.931666666666668 37.577565774427967 1.2385046458557392 7.1350000000000007 34.420985985898007 84.850000000000009 32.013058176300198 27.355000000000004 0.6715000000000001 78.750000000000014 30.584999999999997 -0.99862982478704421 1.2950000000000002 33.04318495011816 1007.4500000000002 1004.7500000000001 9.9100000000000019 82.65000000000002 29.295000000000005 0.015000000000000001 1.1399217375444872 -0.82389248692129191 705.25000000000011 7.3550000000000013 34.950628520790367 0.39596185931209799 34.25845271368312 28.635000000000002 0.49479592442332276 359.35000000000008 87.65000000000002 2464.0925000000002 32.239140910292583 1010.35 28.515000000000004 28.974375000000002 4.5000000000001625 3.2850000000000006 1.3827751055243953 -0.24284072672761489 141.67500000000007 0.99650000000000005 34.147643356530509 0.27239146961452215 83.550000000000011 0.99250000000000005 0.98801351631316348 35.571745272206591 4.3950000000000005 0.98801351631316348 0.44550000000000006 35.005330213808833 34.934142436455552 36.193326349804614 31.892381067539713 0.08685043546638134 5.8950000000000005 7.4150000000000009
decision_type=2 2 2 2 2 2 2 2 2 2 2 2 2 2 2 2 2 2 2 2 2 2 2 2 2 2 2 2 2 2 2 2 2 2 2 2 2 2 2 2 2 2 2 2 2 2 2 2 2 2 2 2 2 2 2 2 2 2 2 2 2
left_child=2 3 9 4 5 15 7 -7 12 48 11 -11 28 14 -12 -2 17 -17 19 20 -18 33 23 -16 25 26 37 -28 -8 30 35 32 -32 39 49 36 51 -24 -33 40 -20 52 -43 -21 45 -42 -47 59 57 -4 -14 -26 60 -54 55 58 -5 -1 -41 -39 -31
right_child=1 -3 34 56 -6 6 8 -9 -10 10 13 -13 50 -15 22 16 18 -19 21 43 -22 -23 24 -25 29 -27 27 -29 -30 41 31 38 -34 -35 -36 -37 -38 47 -40 54 44 42 -44 -45 -46 46 -48 -49 -50 -51 -52 -53 53 -55 -56 -57 -58 -59 -60 -61 -62
leaf_value=-0.12487817037738826 0.05066847572514404 0.012023384610222499 -0.12908986686140214 -0.057316456481682779 -0.10316500489864781 0.046142663545184086 -0.0036174421751809481 -0.02078302167347594 0.050026056084960774 -0.018140964738456111 0.0055140448103260659 0.073697940553280869 -0.020378152749632485 -0.0070469106034616417 0.011553653843944 0.0080557992229110705 0.044387324209808988 -0.037956439233727796 -0.016411399200264881 -0.019401354263252277 -0.0020262271093832275 0.0140462373000115 0.0046644532106622045 -0.029015817191894343 -0.040673521776479094 -2.9804578145038813e-05 -0.046622285174364682 0.023658760140022311 0.013921877546143002 -0.075844139309354811 0.043264291532291298 -0.033585992533757478 -0.0507833598118329 0.018709103811038186 -0.0023783189851606639 -0.017653836692707633 0.0043220999737576182 -0.028727648635477835 0.00060913233502679729 -0.0037003917551204613 -0.0085849109474215243 0.006122584073249897 -0.053931213513689562 5.0185882404667647e-05 -0.017885328524574685 0.0074965151920477523 -0.0041842735146084163 -0.0018604200316160303 -0.0020707015001535721 -0.072431414001206063 -0.0025325420623693389 -0.022986151679720131 -0.056512848753017236 -0.02868611806514702 -0.027370067492132073 0.00048415233125746477 -0.088629996650553419 -0.07483022217408683 -0.015333594930886499 -0.040789702254308446 -0.027433139981254285
leaf_weight=1192 101 318 4370 178 174 93 86 79 124 147 127 96 251 196 123 99 96 105 122 202 105 116 129 133 138 83 114 125 81 1471 78 164 85 86 297 639 120 438 136 78 133 79 96 130 351 103 137 128 92 468 78 78 147 78 866 100 792 80 360 81 95
leaf_count=1180 89 138 1322 122 86 93 82 79 124 147 127 96 235 108 123 99 92 105 110 198 93 88 117 129 138 67 114 117 77 1115 78 164 85 86 81 639 120 370 132 78 133 79 96 130 351 103 129 116 92 132 74 78 135 78 818 100 364 80 360 77 79
internal_value=-0.000553099 0.000614079 -0.00110086 0.000172618 0.000648928 0.000377664 0.00278291 0.0078229 0.00136143 -0.00051891 -0.000175883 0.00439077 6.08098e-06 -0.000396493 -0.000540525 -0.000200729 -0.00035706 0.00294197 -0.000585578 0.00127606 0.00471166 -0.000992884 -0.000658657 0.00166507 -0.00079244 0.000311211 -9.28011e-05 0.00278497 0.00322548 -0.00114995 -0.000384591 0.00148316 0.00502395 -0.00117491 -0.00185743 -0.00127775 0.000171719 -0.000989348 -0.000438182 -0.00132407 -0.000510682 -0.00170641 0.000262264 -0.000799664 -0.00100727 -2.09078e-05 0.00105888 -0.00151754 -0.00185241 -0.0019727 -0.00161924 -0.00139044 -0.00190174 -0.00111386 -0.00180945 -0.00140803 -0.00190975 -0.00199917 -0.00188467 -0.00191188 -0.00201049
internal_weight=17367 5544 11823 5226 4256 4082 792 172 620 6688 5324 243 496 5081 4885 3290 3189 204 2985 533 201 2452 4758 256 4502 1098 1015 239 167 3404 1438 463 163 2336 5135 975 336 776 300 2250 846 1966 175 332 724 373 240 647 1364 4838 329 216 1791 225 1404 538 970 1272 438 519 1566
internal_count=12247 4636 7611 4498 4012 3926 764 172 592 6076 4724 243 468 4481 4373 3162 3073 204 2869 513 185 2356 4246 252 3994 978 911 231 159 3016 1434 459 163 2268 1535 975 336 680 296 2182 826 1582 175 328 716 365 232 563 1352 1454 309 216 1407 213 1356 538 486 1260 438 447 1194
is_linear=0
shrinkage=0.0686502


Tree=25
num_leaves=69
num_cat=0
split_feature=26 62 32 58 50 60 39 52 55 40 48 37 5 1 60 6 37 31 10 37 2 20 16 11 10 4 21 35 63 41 0 54 10 38 26 27 10 28 27 46 61 29 31 37 57 38 62 60 54 42 20 20 58 0 40 42 37 6 3 57 47 20 56 29 25 2 31 49
split_gain=2.53058 3.83614 1.17994 1.31055 2.36201 3.14171 1.46322 1.6774 1.03757 1.18934 1.033 1.2316 0.852524 3.09838 0.584069 0.876223 0.570835 0.448619 0.410647 0.900026 0.388456 0.374377 0.633352 0.27392 0.455757 0.254118 0.318186 0.459513 0.236685 0.505485 0.230195 0.396368 1.19317 0.190293 0.186088 0.179373 0.422972 0.590193 0.17364 0.164876 0.15187 0.507394 0.150403 0.146824 0.437979 0.192612 0.131595 0.104351 0.295123 0.313694 0.10282 0.231389 0.0830442 0.0782777 0.0462955 0.0382535 0.0366035 0.0369645 0.034847 0.0323629 0.029991 0.0372579 0.0706992 0.00717092 0.00604184 0.00542182 0.00439839 0.000279472
threshold=79.050000000000011 38.090095868081626 -0.06000000000000049 3.0950000000000002 1.0000000180025095e-35 5.3650000000000011 27.535000000000004 0.89050000000000018 1006.6500000000002 0.020816660010122352 126.05000000000003 35.758713607420418 1.0000000180025095e-35 9.3850000000000033 17.855000000000004 0.37940952255126048 34.757030302878299 -0.52797362622295541 -0.9668120007078248 35.891047566576511 10.850000000000003 37.441307861039455 37.861861874737919 8.5000000000000018 -0.35768498937424864 1003.4500000000002 29.085000000000004 35.358994158859566 -0.81231588351836581 28.589166666666674 5.0550000000000006 0.83050000000000013 -0.49749486057528974 1.2017362450155016 82.550000000000011 82.250000000000014 -0.82389248692129191 83.750000000000014 80.15000000000002 28.865000000000006 1.8050000000000004 79.350000000000009 0.96912515280310896 33.597920303246823 1007.1500000000002 1.4152195161080821 30.105274371391353 0.29500000000000004 0.83050000000000013 0.2468366525625347 33.437916634278935 32.917364815732498 3.7050000000000005 2.5950000000000002 0.058594652774098539 0.098674549235024514 35.462141572355868 -0.70710678118654757 0.8155 1005.0500000000001 87.90000000000002 37.281868690705998 1007.4500000000002 74.350000000000009 28.395000000000003 512.1500000000002 -0.19948271935511383 918.4000000000002
decision_type=2 2 2 2 2 2 2 2 2 2 2 2 2 2 2 2 2 2 2 2 2 2 2 2 2 2 2 2 2 2 2 2 2 2 2 2 2 2 2 2 2 2 2 2 2 2 2 2 2 2 2 2 2 2 2 2 2 2 2 2 2 2 2 2 2 2 2 2
left_child=12 2 3 4 5 17 7 -5 9 -8 14 16 13 21 28 -16 20 -2 19 42 -12 22 30 60 -25 -4 27 38 29 -11 47 -32 -33 66 -6 55 37 -37 -27 50 -26 -42 -14 44 -40 53 -46 63 49 -49 51 52 -10 -45 -38 -30 57 -55 -43 -52 61 62 -20 -1 -61 -48 -28 -62
right_child=1 -3 25 6 34 -7 8 -9 39 10 11 -13 18 -15 15 -17 -18 -19 23 -21 -22 -23 -24 24 40 26 33 -29 35 -31 31 32 -34 -35 -36 36 54 -39 43 -41 41 58 -44 45 46 -47 65 48 -50 -51 59 -53 -54 56 -56 -57 -58 -59 -60 64 67 -63 -64 -65 -66 -67 -68 -69
leaf_value=-0.07870174307944261 0.032864005695959209 -0.024431834163846745 0.00088060809582771703 0.00050316698611747564 -0.038063456414630069 0.07040796225454625 0.012792553039815292 0.066045078847904878 -0.020730879519780997 -0.043005172153733257 0.019790278387385039 0.012892343970118519 -0.09439000566395421 0.00575453344389235 0.037352590069441749 -0.007389138682917352 -0.038845364583294809 -0.049649264224992454 -0.00073445914302630231 0.01621526549995099 -0.0059438095071386449 -0.16898033218714512 0.10315154864259382 0.0094036525847361174 -0.22049234264494061 0.012110799958897227 -0.013655189247684576 0.043007617742104841 -0.028296430865316174 0.027947738743691837 -0.2029726780263032 -0.047462491918640756 0.04824348127072902 -0.0013740427142247809 0.0046665082242850851 0.020620090227069381 -0.0053501142950798056 -0.021216002594993816 0.014329808413939866 0.0020915505511326614 0.010981442605444159 -0.052018494962048925 0.0026983866800475193 -0.012882892538097469 -0.0005175850095548789 0.00028905409711841142 -0.030301515768339195 0.0032386825966003638 -0.038426283990228592 -0.047005118439201521 -0.0054774232216175198 0.0033319989098583849 -0.017671104551893219 -0.0070631556877031191 -0.02182050480623628 -0.01433199688142596 -0.0018799283069937064 -0.026940101979787436 -0.077683136848187548 -0.0081279272656632935 -0.17826358659618705 -0.026802703831825141 -0.20828728385362233 -0.034239984047150999 -0.016411980671446065 -0.1034555868707903 -0.063992593305075021 -0.064752897207552493
leaf_weight=371 110 106 155 153 192 145 129 114 81 95 82 187 253 148 144 146 167 81 103 85 85 750 91 91 462 94 110 96 168 95 146 172 85 159 88 84 121 88 133 129 81 78 78 79 78 87 195 113 245 100 95 115 277 91 233 560 78 684 203 93 4892 217 99 78 810 78 1141 195
leaf_count=363 102 34 99 145 152 125 85 114 81 95 78 123 237 100 124 146 155 73 67 85 85 222 43 91 462 94 58 96 80 95 130 148 85 99 84 80 93 88 133 113 81 78 78 79 78 79 195 93 177 88 71 115 277 91 221 348 78 684 203 93 2284 77 95 78 686 78 717 63
internal_value=-0.000505668 0.000366868 0.000195771 0.000873056 0.00382967 0.00769915 0.000442244 0.00534851 0.000110313 0.00101889 0.000647246 0.00332372 -0.00129228 -0.000146047 -0.000156016 0.00264388 0.000798993 0.0018529 -0.00167683 0.000401938 0.00363305 -0.000811833 -0.0001446 -0.00181238 -0.000702205 -0.000814339 -0.000951192 -0.000312533 -0.000724004 0.00151474 -0.000535198 0.00082054 0.00244756 -0.00171324 -0.000810815 -0.00106871 -9.16351e-05 0.00267731 -0.000594146 -0.00123991 -0.00121791 -0.000148097 -0.00120888 -0.000776379 0.00019856 -0.00124419 -0.00106237 -0.00114367 -0.000398064 0.00145152 -0.00144784 -0.00059529 -0.00146377 -0.00153592 -0.00145707 -0.00176595 -0.00172855 -0.00187214 -0.00154442 -0.00184525 -0.00199569 -0.00138692 -0.000669508 -0.00188894 -0.00197456 -0.00177955 -0.00199816 -0.00204441
internal_weight=17367 8231 8125 4867 616 336 4251 267 3984 2384 2255 521 9136 2299 1734 290 334 191 6837 416 167 2151 1401 6421 915 3258 3103 1693 1444 190 1310 403 257 1410 280 1254 526 172 1597 1600 824 362 331 1503 484 1019 351 907 458 213 1471 473 358 932 354 728 853 775 281 998 5506 419 202 449 903 273 1251 5087
internal_count=12247 6819 6785 4127 536 300 3591 259 3332 1896 1811 441 5428 1527 1370 270 318 175 3901 400 163 1427 1205 3501 915 2658 2559 1685 1100 190 1162 363 233 874 236 910 482 168 1589 1436 824 362 315 1495 484 1011 351 799 358 181 1323 473 358 932 314 428 853 775 281 850 2586 239 162 441 779 273 775 2347
is_linear=0
shrinkage=0.0686502


Tree=26
num_leaves=74
num_cat=0
split_feature=26 62 38 8 1 63 27 63 28 0 42 37 57 10 37 58 9 34 44 19 9 33 59 25 9 62 30 17 32 20 43 0 53 10 29 26 9 45 0 9 37 44 38 1 63 56 38 37 10 3 54 29 26 29 26 27 42 42 34 47 10 54 60 24 47 2 1 40 53 26 10 38 26
split_gain=2.5842 3.8212 1.19073 0.892458 3.48104 0.840231 0.920528 0.766014 0.981393 1.79621 0.92819 0.730289 1.16188 0.73835 1.48431 0.540776 0.534174 0.646349 1.06341 0.530567 0.496812 0.573905 1.28107 0.366924 0.362877 0.389909 0.556571 0.33389 0.308512 0.27874 0.586662 0.238484 0.335663 0.474784 0.23433 0.439465 0.401099 0.211465 0.175223 0.463317 0.513038 0.657726 0.230618 0.143316 0.250111 0.131592 0.120206 0.117307 0.114411 0.112666 0.0921017 0.0911072 0.0696004 0.190082 0.0628639 0.0435419 0.0422991 0.0934251 0.0304714 0.0290037 0.0440703 0.0264761 0.0234932 0.011612 0.0260005 0.00769735 0.0186915 0.00761978 0.00702338 0.00554792 0.0326333 0.00198239 0.0013548
threshold=79.050000000000011 38.090095868081626 1.4320693423473341 0.37940952255126048 9.3850000000000033 3.0926362973106909 77.550000000000011 1.1732099592207208 78.850000000000009 3.1350000000000002 0.13085614520420752 33.04318495011816 1008.1500000000002 -0.99862982478704421 35.500314289641956 1.8950000000000002 -0.28435655403991289 0.24011919638373286 0.71777572590356908 38.887200992920782 0.53436760985011655 35.273629416948403 5.035000000000001 27.185000000000006 0.25118773779856129 36.140719025605762 76.850000000000009 40.403568151287239 -0.61999999999999911 37.441307861039455 30.61729166666667 4.455000000000001 0.84250000000000014 -0.49749486057528974 79.450000000000017 77.750000000000014 -0.86958133671945925 2284.5600000000004 5.2650000000000006 -0.99551215362393819 35.395708840099651 0.39331275983346298 1.1364179611583882 2.3950000000000005 0.45044077400386234 1004.4500000000002 1.6050111323121368 33.926286122778343 -0.37370587188196386 0.99150000000000016 0.18450000000000003 71.15000000000002 85.350000000000009 83.050000000000011 83.350000000000009 81.050000000000011 0.094109864873242272 0.079414524279488946 0.43612422570713139 4.2500000000000009 -0.15855351192338588 0.99550000000000016 1.3050000000000004 27.505000000000006 611.45000000000016 78.550000000000011 1.0550000000000004 0.22722969289614423 0.99750000000000016 83.450000000000017 -0.74979862697202038 0.91323073311259029 79.550000000000011
decision_type=2 2 2 2 2 2 2 2 2 2 2 2 2 2 2 2 2 2 2 2 2 2 2 2 2 2 2 2 2 2 2 2 2 2 2 2 2 2 2 2 2 2 2 2 2 2 2 2 2 2 2 2 2 2 2 2 2 2 2 2 2 2 2 2 2 2 2 2 2 2 2 2 2
left_child=3 2 7 24 29 6 -4 8 9 -2 -11 12 -10 14 -13 -15 17 18 -8 38 21 47 -23 -19 25 34 -27 28 -9 30 31 43 -33 -34 35 36 -1 -30 42 -40 48 -42 56 -5 -45 -36 -25 -12 52 -50 -18 -38 62 -54 -43 68 57 61 69 60 -26 -17 -41 64 -61 66 -65 -58 -47 72 -71 -22 -39
right_child=1 -3 5 4 -6 -7 16 27 11 10 20 13 -14 15 -16 19 50 23 -20 -21 71 22 -24 46 59 26 -28 -29 37 -31 -32 32 33 -35 45 -37 51 58 39 40 41 54 -44 44 -46 55 -48 -49 49 -51 -52 -53 53 -55 -56 -57 67 -59 -60 63 -62 -63 -64 65 -66 -67 -68 -69 -70 70 -72 -73 -74
leaf_value=0.010989050591254332 0.0090686975120601657 -0.022754583476463214 0.0041019795355448467 -0.071857181151814942 0.0080386559709903094 0.062100017081228288 -0.00080646479204969537 0.0041447464695804973 0.03179582862423553 0.013091526949018157 0.0033868190350409572 -0.1981364185900536 -0.016821082929745414 0.067462820050383704 0.055531320918824255 -0.018012113957576924 -0.0021336745430451851 0.018095880170534498 0.027247379863071217 -0.00044934220580407732 -0.073297974524442533 -0.0033441214232254159 0.042308123960587571 0.00051064878723963789 -0.15741900500795122 -0.084904223260306208 0.01968993654010915 -0.0027520931769805094 0.0071491540259077313 -0.090605175685947434 0.093070376412832834 -0.075594775516773363 -0.054570782498935322 0.043067176460676863 0.0031905998499282963 -0.0011648078110118481 -0.020359846613306618 -0.092311335314305604 -0.021853263907939863 -0.049474568386312631 0.014364730168392618 -0.035402589440095243 -0.007694068318072898 -0.059850282937136776 0.0041324737399570594 -0.084748876993557931 -0.093398185727451524 -0.021072458213154881 0.0050331635104016387 -0.009583519927979664 -0.070363104338165963 -0.10994312623498728 -0.015330648757634872 -0.0044040576792811923 -0.0061576014799178168 -0.045410666630844962 -0.014118789056713975 0.00047546066632675878 -0.043457596912047224 -0.24167133595567358 -0.068673592563571667 -0.017545603299555824 -0.030383402457786361 -0.11747195685957679 -0.38211291460257957 -0.1898606429041432 -0.046509592983244558 -0.0089105400757018543 -0.067585628760902211 -0.006084531071194982 -0.022933464328752009 -0.06023436023452864 -0.052547609227496135
leaf_weight=84 143 106 102 463 133 96 95 116 105 179 81 89 142 92 78 249 110 81 79 97 241 120 85 111 120 95 79 154 131 623 96 153 114 87 97 80 79 150 99 129 139 110 83 124 102 1008 143 138 80 144 212 369 144 80 78 78 825 96 179 125 103 98 750 343 83 4176 234 83 88 163 305 109 1012
leaf_count=84 115 34 78 455 85 96 91 92 105 131 81 89 142 88 78 209 98 81 79 37 141 112 77 111 72 95 79 38 131 179 56 113 106 87 93 80 79 66 99 121 139 90 83 68 90 988 143 138 80 144 164 369 140 80 78 78 733 80 155 109 103 82 750 127 71 1572 102 75 88 127 273 85 560
internal_value=-0.000489858 0.000391885 0.000221114 -0.00128476 3.8882e-05 0.002402 0.00175836 -9.4828e-05 0.000384083 0.00219218 0.00110294 -0.000138044 0.00345794 -0.000391512 0.00404061 -0.000613929 0.000989135 0.00237433 0.00575373 -0.000761507 6.23318e-05 0.00164656 0.00424792 0.000586448 -0.00163183 -0.000854909 0.00223201 -0.00115555 -0.00138819 -0.000770185 -0.000126052 -0.00060563 0.000831292 0.00267698 -0.00114441 -3.1786e-05 -0.000757236 -0.0015956 -0.000915797 -0.000450536 -0.00072754 0.00169599 -0.0014799 -0.00135165 4.34814e-05 -0.00167541 -0.000683717 -0.000776702 -0.00132986 6.21381e-05 -0.00118521 -0.00158307 -0.00161699 -0.000500637 -0.000929169 -0.00187733 -0.00169813 -0.00111431 -0.00178955 -0.00193878 -0.00110544 -0.00164198 -0.00189427 -0.00197485 -0.00136489 -0.00200003 -0.00168932 -0.00197502 -0.0019895 -0.00188617 -0.00160336 -0.00184089 -0.00199347
internal_weight=17367 8231 8125 9136 1895 1029 933 7096 4886 1096 953 3790 247 3543 167 3376 831 509 174 3284 774 424 205 335 7241 2057 174 2210 2056 1762 1139 1043 354 201 1883 612 532 1940 3187 1753 1654 327 1434 689 226 1271 254 219 1327 224 322 448 1103 224 188 1174 1351 443 1809 5184 223 347 879 4961 208 4753 577 908 1096 1630 468 350 1162
internal_count=12247 6819 6785 5428 1239 941 845 5844 4402 880 765 3522 247 3275 167 3108 767 505 170 3020 634 408 189 335 4189 2033 174 1442 1404 1154 975 919 306 193 1859 612 532 1312 2983 1721 1622 307 1262 613 158 1247 254 219 1315 224 262 448 1091 220 168 1154 1179 371 1181 2156 175 291 871 1981 180 1801 229 808 1076 1026 400 226 626
is_linear=0
shrinkage=0.0686502


Tree=27
num_leaves=69
num_cat=0
split_feature=1 20 25 34 26 19 59 25 28 28 18 53 63 61 26 27 63 55 37 22 54 9 26 30 39 7 10 43 9 25 24 45 63 26 25 9 59 23 31 44 30 28 45 16 0 44 56 31 0 30 27 63 34 40 9 10 20 9 38 59 19 1 31 4 0 53 26 19
split_gain=2.70237 3.57156 1.11748 1.08265 1.13208 2.81611 0.856796 0.754379 0.737384 0.837601 1.12421 0.578108 1.03423 0.742395 1.14786 1.36175 1.88699 0.536578 0.52864 0.526997 0.899206 0.461083 0.951609 0.416086 0.407181 0.42699 0.447397 0.392426 0.388368 0.324172 0.235618 0.217019 0.190816 0.359671 0.258891 0.23431 0.181085 0.332133 0.351587 0.310825 0.457371 0.179785 0.169996 0.17936 0.154858 0.145323 0.234705 0.115538 0.0996033 0.0964188 0.0880469 0.0798008 0.0744411 0.0583296 0.0715647 0.334886 0.0490512 0.112538 0.0444202 0.0342812 0.0308441 0.0235175 0.00816798 0.00720094 0.00631996 0.00599465 0.00447218 0.00541182
threshold=5.5650000000000004 39.074724070475135 30.085000000000004 0.023486069278774734 85.050000000000011 37.076474432210823 3.4950000000000006 28.955000000000002 79.350000000000009 75.450000000000017 34.147643356530509 0.57150000000000001 3.4888100330761564 0.53500000000000014 77.450000000000017 79.750000000000014 0.63891252823810885 1004.9500000000002 33.00748675791165 29.935000000000006 0.93950000000000011 -0.5123666674339783 87.15000000000002 78.450000000000017 27.535000000000004 -0.98296291314453399 -0.99862982478704421 28.42229166666667 -0.99166813670569331 29.545000000000005 29.075000000000003 2464.0925000000002 1.1936076870993804 81.950000000000017 29.835000000000004 0.60505046667002438 5.9150000000000009 29.295000000000005 -0.47231026390870307 0.35017009584324571 84.250000000000014 69.950000000000017 2454.4350000000004 34.556152714239097 7.2150000000000007 0.45016502605504077 1006.2500000000001 1.4983732853763352 4.5450000000000008 84.65000000000002 84.050000000000011 0.99727038227132436 0.047967235915005332 0.27126233960832913 -0.833548052892222 -0.317191288589106 37.441307861039455 0.96230016621822489 1.2147068834613994 1.6650000000000003 35.892791749632856 2.3950000000000005 2.2764612637793058 1004.85 4.3550000000000013 0.99150000000000016 85.250000000000014 38.588978266054255
decision_type=2 2 2 2 2 2 2 2 2 2 2 2 2 2 2 2 2 2 2 2 2 2 2 2 2 2 2 2 2 2 2 2 2 2 2 2 2 2 2 2 2 2 2 2 2 2 2 2 2 2 2 2 2 2 2 2 2 2 2 2 2 2 2 2 2 2 2 2
left_child=2 3 11 -2 7 6 -6 8 9 48 -11 32 13 14 23 16 -16 19 -10 20 -9 42 30 -13 -15 -26 -27 -17 -20 -22 -23 56 33 34 51 -35 41 39 44 40 -38 -28 -8 -44 -39 63 -47 50 -5 61 52 60 -19 54 55 -43 57 58 -4 -54 62 -34 -1 -30 -57 -58 67 -56
right_child=1 -3 31 4 5 -7 21 17 18 10 -12 12 -14 24 15 27 -18 47 28 -21 29 22 -24 -25 25 26 36 -29 45 -31 -32 -33 49 35 -36 -37 37 38 -40 -41 -42 53 43 -45 -46 46 -48 -49 -50 -51 -52 -53 59 -55 66 64 65 -59 -60 -61 -62 -63 -64 -65 -66 -67 -68 -69
leaf_value=-0.069650725886043346 0.0067431810237680769 0.020922962940329363 -0.12272913729288733 -0.022524201548381778 0.058856064180467606 0.061415486032136674 -0.0091445801121062299 0.020574708574613795 0.0037081829539256841 -0.0016189694404736201 0.049237249058844926 -0.0902126933296062 0.042118485141586018 0.019397478498860522 0.00012684085371399565 0.0075093159966566859 0.017147977175625693 -0.064720153093502528 0.0014046973734415356 -0.052423636700903581 -0.030090461235408542 -0.0027913681349979774 0.034505137628885123 0.0086798650151356342 0.0041445736264690506 0.010656524044086325 0.0043006002299736555 -0.043033695404505017 -0.011625158312255543 0.0066580976812955616 -0.014577775852969767 -0.0061001167534734746 -0.076567265522554204 -0.0090154476468342539 0.0086434071660658942 0.001656726993096749 0.0027368033524388237 -0.034665982273192272 0.015379011426270756 -0.036486351195900268 -0.03954664144576172 0.012386238803357874 0.00028838925552331904 -0.0026234088878705456 0.010848991695011058 -0.053829431763610304 -0.010050879862322446 -0.0040491714627319628 0.00021872706940197497 -0.011033268815471913 -0.0024643426062620696 -0.01716924852284922 -0.021702305132891928 -0.0026044484373101678 -0.029679057227878267 -0.022879156722316333 -0.10541131136432554 -0.019495267576571336 -0.092402765986701288 -0.047860633709146304 -0.053399065395864226 -0.018439634849807932 -0.28865500069706373 -0.022490297331546349 -0.10004283128326215 -0.18310797259100348 -0.0028963776898078952 -0.007541762597594477
leaf_weight=629 124 294 586 87 105 82 268 90 86 96 152 344 85 91 126 86 81 103 79 256 124 83 80 160 156 115 98 152 78 103 113 304 1217 92 125 109 88 85 79 463 95 78 99 144 78 135 154 99 78 80 135 81 103 159 1184 264 3668 143 152 1458 94 136 78 376 78 345 98 101
leaf_count=617 108 126 274 87 105 70 268 90 86 96 152 340 85 91 122 86 69 91 79 120 120 83 76 144 128 115 62 144 78 79 109 84 1097 92 81 109 88 81 75 463 95 78 99 144 78 135 154 83 78 80 127 81 75 151 952 264 900 75 116 1062 66 116 78 376 78 113 94 29
internal_value=-0.000485905 0.000826171 -0.00104467 0.000382085 0.000215193 0.00230167 0.00116518 -0.000320028 0.00100159 0.00340138 0.00591278 -0.000476314 9.54486e-06 -0.000140089 0.00154963 0.00408636 0.00813962 -0.00102885 -8.78677e-05 0.000804775 0.00267626 0.00037563 0.00263378 -0.000685094 -0.00062658 -0.000756626 -0.000936725 0.000511509 -0.00063228 0.000334793 1.53177e-05 -0.00180707 -0.00127701 -0.000633691 -0.00116641 0.00199875 -0.00110243 -0.000275084 0.00187926 -0.00109257 0.00127818 -0.0014561 -0.000837836 0.000458919 1.42165e-05 -0.00112634 6.00504e-05 -0.00158535 -0.000360509 -0.00181451 -0.00171179 -0.001584 -0.00184849 -0.0016008 -0.00171256 -0.000899834 -0.0019176 -0.00142787 -0.00176992 -0.00196639 -0.00179265 -0.00195209 -0.00195105 -0.00189081 -0.0018358 -0.00202327 -0.00195442 -0.00199978
internal_weight=17367 5184 12183 4890 4766 974 892 3792 1321 413 248 6985 4344 4259 949 445 207 2471 908 573 317 787 276 504 3310 3219 3063 238 822 227 196 5198 2641 1208 1007 201 2948 888 242 646 183 2060 511 243 163 743 289 1898 165 1433 1799 882 1664 1962 1803 420 4894 881 738 1561 801 1353 707 454 342 4013 1383 1285
internal_count=12247 4356 7891 4230 4122 954 884 3168 1321 413 248 6329 3912 3827 905 421 191 1847 908 409 289 779 268 484 2922 2831 2703 230 822 199 192 1562 2417 1124 923 201 2588 880 234 646 183 1708 511 243 159 743 289 1438 165 1293 1355 842 1228 1646 1495 420 1478 465 390 1137 761 1213 695 454 342 1013 1075 981
is_linear=0
shrinkage=0.0686502


Tree=28
num_leaves=67
num_cat=0
split_feature=1 23 38 37 63 34 50 17 25 9 24 41 44 45 3 28 44 38 9 43 10 61 55 25 16 55 63 50 59 20 29 44 32 10 55 59 59 29 52 63 56 10 45 59 23 10 28 61 31 23 23 23 0 34 20 59 6 17 25 16 0 61 53 26 1 60
split_gain=2.63362 2.74215 1.68365 7.63254 1.64161 1.06969 0.838957 1.10093 0.716729 0.617658 1.0218 0.711112 0.600919 0.807438 1.09756 0.556352 0.73419 1.36525 0.621594 1.10489 0.438227 0.435825 0.400021 0.390191 0.489961 0.388654 0.73837 1.06289 0.315779 0.601018 0.306609 0.418 0.274495 0.260667 0.236163 0.215411 0.330082 0.567769 0.198294 0.197478 0.212474 1.11994 0.198015 0.162857 0.190003 0.153481 0.14618 0.118783 0.113507 0.111075 0.217681 0.331926 0.0900727 0.0878078 0.0751685 0.0437026 0.0430828 0.0550929 0.0408763 0.0373857 0.0225101 0.0222587 0.0215748 0.00687772 0.00664241 0.00306094
threshold=2.9150000000000005 31.415000000000003 1.0352572344630016 37.577565774427967 2.8766096261262519 0.023486069278774734 0.558333333333485 40.403568151287239 29.185000000000006 -0.28435655403991289 29.915000000000003 27.712500000000002 1.0496241047799721 2043.521 0.47350000000000003 78.850000000000009 0.47794756380737718 0.79901235281188909 -0.97873101657557326 28.42229166666667 -0.99862982478704421 44.670000000000009 1004.2500000000001 30.085000000000004 38.005975336122894 1005.1500000000002 0.83905998005658955 290.97500000000031 7.0850000000000009 33.711440486319844 79.250000000000014 0.65813850022487663 -0.27000000000000129 -0.15855351192338588 1008.0500000000001 3.2850000000000006 3.6450000000000005 79.850000000000009 0.52350000000000019 0.71588684097215005 1009.5500000000001 0.46735921715800216 2189.6120000000005 6.0150000000000006 28.985000000000003 -0.99049576193482802 75.050000000000011 15.665000000000001 -0.63562469026312296 28.745000000000001 28.945000000000004 28.865000000000006 2.3550000000000004 0.044127671098010128 34.235354489070815 7.5150000000000006 0.78656609248549303 33.5705235941412 29.135000000000002 35.466901870897622 6.7650000000000006 2.9150000000000005 0.65250000000000019 83.15000000000002 16.610000000000003 3.1850000000000005
decision_type=2 2 2 2 2 2 2 2 2 2 2 2 2 2 2 2 2 2 2 2 2 2 2 2 2 2 2 2 2 2 2 2 2 2 2 2 2 2 2 2 2 2 2 2 2 2 2 2 2 2 2 2 2 2 2 2 2 2 2 2 2 2 2 2 2 2
left_child=6 2 5 4 9 -2 7 12 15 10 11 -4 28 60 -15 16 17 -7 19 47 -20 49 -13 24 35 26 27 -10 33 -30 31 -24 -18 -1 -35 -8 37 -37 -27 40 41 42 -38 63 -45 -40 -11 -17 -36 55 51 -51 -32 -50 -52 -22 -41 -58 -42 -54 -14 -25 -47 -44 -56 -64
right_child=1 -3 3 -5 -6 8 23 -9 25 46 -12 22 13 14 -16 18 32 -19 20 -21 21 -23 30 61 -26 38 -28 -29 29 -31 52 -33 -34 34 48 36 39 -39 45 56 58 -43 43 44 -46 62 -48 -49 53 50 54 -53 59 -55 64 -57 57 -59 -60 -61 -62 -63 65 -65 -66 -67
leaf_value=-0.074820726972329804 0.007334616643500263 0.029805763992488549 0.005778560877722343 -0.078106689259156398 0.055288315781665799 0.00048399171932792868 -0.066969075718580018 0.0042535604864946753 0.0083884093937697246 -0.00087765245842269198 0.057675329700755694 0.015910535943784932 -0.015550063975835419 -0.0084408196592571771 0.10281091422195889 -0.075683092674650912 -0.012343468137243307 0.039954897693542733 0.036281977490151239 0.065731268915174501 -0.031250293388805965 0.022791971082411135 -0.015709002315455349 -0.14291185901361361 -0.0034952297486730852 -0.18866319263275322 -0.030959535958263406 -0.0045609108199951018 -0.050367591874676772 0.0048710344578957289 -0.00078698653350093293 0.018351717561881503 0.0082455632806677295 0.0025629208358892001 0.00049850923618399864 3.4222934139921292e-05 0.0091699776399951031 -0.042880851913664642 -0.00058830965767504883 -0.076336732748343739 -0.096877315178194187 0.0086001131214765974 -0.02554223482562458 -0.054114826859017487 0.011546642317189824 -0.1064413543902169 -0.07811824093426363 0.00015317627644343562 -0.0043472697403363599 -0.01564566012129499 -0.018000476522659455 0.0049358784337726188 -0.025727501852894231 -0.016991054381319849 -0.017788098700759102 -0.033928846853437257 -0.1063491629942666 -0.0095783573120351365 -0.25443553440461047 -0.0053225142137154598 -0.19799470810948938 -0.094285759707582392 -0.050576379780786163 -0.0031393393940648716 -0.036554960551604711 -0.061132602441246048
leaf_weight=799 173 105 99 171 92 154 950 107 126 175 115 151 78 87 80 131 144 78 90 151 633 78 144 3648 155 278 315 139 119 82 105 128 80 140 110 97 122 119 138 785 377 84 385 149 79 140 459 79 78 127 82 80 376 290 298 79 85 78 78 157 79 302 129 80 78 1668
leaf_count=407 137 37 99 75 88 154 906 27 98 95 115 147 78 87 80 131 140 78 90 151 633 78 140 1028 47 126 127 119 119 82 105 128 80 140 110 97 122 119 138 717 377 84 333 149 75 76 371 79 78 127 82 80 376 290 294 79 85 74 78 153 79 118 65 80 78 1012
internal_value=-0.000422664 0.000519095 0.000365864 0.00198247 0.000784885 -0.000275682 -0.00118122 4.86846e-05 -0.000450725 0.000346913 0.00121947 0.000598412 -0.000324416 0.00236345 0.00567087 0.000437563 0.0025879 0.00528288 -7.57243e-05 0.00248016 -0.00067805 -0.000969769 7.06946e-05 -0.00151462 -0.000996556 -0.00116772 0.000416084 0.0030852 -0.000867496 0.00165964 -0.000468797 0.00144713 -0.000196121 -0.00123096 -0.000162253 -0.00116673 -0.000830089 0.0017188 -0.00156035 -0.00107244 -0.000534032 7.27393e-05 -0.000704128 -0.00115801 0.000324357 -0.00179107 -0.00139842 -0.0007221 -0.000896936 -0.00125672 -0.000605086 0.00122323 -0.00129519 -0.0014799 -0.00144401 -0.00185559 -0.00183397 -0.000757323 -0.00174078 -0.00165884 -0.0011413 -0.00198794 -0.00194904 -0.00189479 -0.00185595 -0.00201678
internal_weight=17367 7745 7640 2172 2001 5468 9622 2049 5295 1909 1275 1160 1942 324 167 2362 456 232 1906 361 1545 1455 1061 7573 3623 2933 580 265 1618 201 910 272 224 1417 618 3468 2518 216 2353 2302 1354 899 815 693 228 2075 634 210 478 1377 665 207 638 368 458 712 948 163 455 533 157 3950 1937 465 376 1797
internal_count=12247 6181 6144 1892 1817 4252 6066 1577 4115 1729 1263 1148 1550 324 167 2354 452 232 1902 361 1541 1451 1049 4489 3343 1761 344 217 1226 201 902 268 220 1025 618 3296 2390 216 1417 2174 1298 843 759 637 224 1291 466 210 478 1373 661 207 634 368 454 712 876 159 455 529 157 1146 1153 413 372 1077
is_linear=0
shrinkage=0.0686502


Tree=29
num_leaves=75
num_cat=0
split_feature=45 29 27 58 8 16 34 63 17 58 37 37 38 28 20 17 1 34 4 37 63 54 40 11 23 27 60 61 23 23 38 34 63 4 59 63 60 21 35 42 54 63 20 30 1 28 29 43 53 38 40 33 3 44 24 30 21 61 25 46 19 36 3 17 24 57 62 57 18 36 40 18 50 34
split_gain=2.47945 2.86309 2.3484 1.85633 1.4195 1.29098 0.949402 0.642573 0.956055 0.839907 1.4043 2.23476 1.42481 0.674401 0.637363 1.12768 0.482248 0.545482 0.404566 0.729668 1.80865 0.523618 0.493559 0.394037 0.370221 0.366756 0.882698 1.23752 0.366742 0.722753 0.599662 0.363999 0.32747 0.310565 0.296757 0.226602 0.211923 0.573662 0.243286 0.195044 0.194788 0.269621 0.667139 0.17012 0.159026 0.156334 0.149778 0.138644 0.132065 0.142379 0.117592 0.121725 0.116197 0.0801162 0.132791 0.0771449 0.0541484 0.0713004 0.146834 0.0373485 0.0357982 0.0352529 0.0340845 0.0295448 0.0157885 0.0235074 0.00763952 0.0294667 0.00701705 0.00691906 0.00602883 0.00404115 0.00391965 0.000207892
threshold=2402.9235000000003 86.750000000000014 77.15000000000002 3.0350000000000006 -0.37940952255126015 32.957203969836137 0.91352421830446462 0.83905998005658955 40.403568151287239 4.3950000000000005 35.462141572355868 36.114705164772907 0.78710873575971385 78.350000000000009 38.129181918959816 38.787900871040954 2.9850000000000008 0.030116031376559573 1009.4500000000002 34.038775124698027 0.15139937243204574 0.60150000000000003 0.15534906930478684 5.5000000000000009 29.765000000000004 72.450000000000017 0.015000000000000001 1.0000000180025095e-35 27.825000000000003 27.185000000000006 1.3669510057236212 0.56134359041151949 -1.2762081906493916 1006.2500000000001 5.7650000000000006 -0.5843393659354631 0.51500000000000012 28.605000000000004 31.830322299232744 0.45599159304640552 0.82350000000000001 0.45044077400386234 35.3156704521245 80.550000000000011 0.13500000000000004 74.15000000000002 83.850000000000009 30.674166666666668 0.9275000000000001 0.50218048492751866 0.080000000000378796 34.577443600048603 0.65250000000000019 0.3291775718715963 28.875000000000004 77.950000000000017 29.405000000000005 6.6350000000000007 29.045000000000005 29.535000000000004 34.884815805500672 0.089773512468431377 0.6905 32.797091481204056 27.505000000000006 1012.35 33.809586633711682 1006.5500000000001 33.372487665684638 0.4802083975777382 0.27126233960832913 34.769126204680944 170.65000000000015 0.072419833405341402
decision_type=2 2 2 2 2 2 2 2 2 2 2 2 2 2 2 2 2 2 2 2 2 2 2 2 2 2 2 2 2 2 2 2 2 2 2 2 2 2 2 2 2 2 2 2 2 2 2 2 2 2 2 2 2 2 2 2 2 2 2 2 2 2 2 2 2 2 2 2 2 2 2 2 2 2
left_child=4 2 -2 -4 23 -5 14 9 45 72 13 -12 -13 -11 15 16 24 -18 19 20 22 -21 35 64 25 68 27 39 29 62 -31 40 33 -23 -33 63 37 38 44 -27 41 42 -30 -15 -28 -9 48 61 -34 -50 69 52 -52 54 -45 -43 57 -47 -59 70 -40 -26 -25 -19 65 -1 67 -51 -6 -38 -42 -54 -7 -16
right_child=1 -3 3 5 6 7 -8 8 -10 10 11 12 -14 43 73 -17 17 18 -20 21 -22 32 -24 28 47 26 36 -29 31 30 -32 34 46 -35 -36 -37 50 -39 60 -41 59 55 -44 53 -46 56 -48 -49 49 66 51 -53 71 -55 -56 -57 -58 58 -60 -61 -62 -63 -64 -65 -66 -67 -68 -69 -70 -71 -72 -73 -74 -75
leaf_value=-0.2839164765075522 0.00075987080080041464 -0.085364837357577203 0.053772463355472262 0.03457888597396571 -0.18123438437413766 -0.015091920673895462 0.024400034893747508 -0.019606433898727457 -0.014423074699733579 0.031007359399901423 0.045205500262885605 -0.05345200143084966 0.011936049127556874 0.0016596754070684796 -0.19890366603362122 0.0019169761191150665 0.0097179792469969054 -0.0026316316794230488 -0.027132257306648543 0.016337690652628176 0.040032302821050296 0.02018226325303156 0.028347026635296386 -0.11315005654137351 -0.068529687558679719 0.0018972835708455172 -0.031174657502876655 0.014498516097282843 -0.13061354956218479 5.3678001061703593e-06 0.0072923091078942711 -0.012110819321050152 0.00034862946806559186 -0.0089371363827583858 0.03110922791601204 0.015664053975836423 -0.027875046685011229 0.0114204103583698 -0.032583603885880844 -0.012664902099462872 -0.057030770165240691 -0.1176333084293844 0.013244036966701218 -0.014124539178153164 0.0051948100445309668 -0.016383123286351213 0.0010501396135162628 -0.006272589033877468 -0.00012979890756359573 -0.0041257856928574171 -0.0055560943035451128 -0.00065843523582193963 -0.022822939872350501 -0.024241014499381833 0.00029305232749435252 -0.01670820782825785 -0.043774971134814919 -0.0081550092294531661 0.0030280058120636458 -0.11082587361565294 -0.003013029321283632 -0.06239890008812566 -0.0035072228625001216 -0.0047540449946755379 -0.1793912365048273 -0.37602296415063879 -0.029862164115167233 -0.0067237252282863688 -0.10669512425593441 -0.045235618168408653 -0.047647741300512352 -0.0088567588432331527 -0.003172396255390693 -0.12140157656047597
leaf_weight=103 217 164 164 132 347 303 118 166 266 103 110 190 105 109 165 103 109 78 274 113 78 111 87 190 97 86 85 102 130 122 85 105 177 122 78 82 333 132 235 85 1372 306 79 153 80 216 141 139 169 80 78 79 130 304 88 88 1156 150 82 91 79 893 78 132 3442 83 470 144 78 78 97 78 96 677
leaf_count=79 73 144 132 132 347 211 86 62 58 87 110 118 81 97 45 43 93 78 250 85 78 99 87 190 49 86 85 102 130 122 85 105 121 74 74 82 329 128 235 85 1276 214 79 153 80 208 141 63 141 80 78 71 130 300 88 84 444 150 82 75 79 669 78 132 1394 83 370 144 78 70 97 78 76 205
internal_value=-0.000331754 0.00110317 0.000745106 0.00035492 -0.000800632 3.7802e-05 -9.5493e-05 -0.000206687 -0.00101096 0.000838953 0.00177397 0.00502902 0.00186981 1.93766e-05 -0.000207229 5.31797e-05 -7.81371e-05 0.000664175 0.000430966 0.000774663 0.00317675 5.00397e-05 0.00118268 -0.0015261 -0.000626499 -8.14017e-05 0.000377005 0.00393581 -0.000913425 0.000817575 0.00385805 -0.00126641 -0.00030769 0.00203047 0.00165039 -0.000160031 -0.000323068 0.000627055 -0.000470685 0.000316121 -0.00151653 -0.0004559 0.00151825 -0.000790155 0.00163914 -0.00158984 -0.000775308 -0.00162717 -0.00106287 -0.00141471 -0.00107765 -0.000163745 -0.00083688 -0.00129074 -0.000326782 -0.001518 -0.00179784 -0.00112483 -0.000259979 -0.00192237 -0.00159831 -0.00191277 -0.00151957 -0.00137146 -0.00200051 -0.00128336 -0.00185031 -0.00141419 -0.00187934 -0.00187322 -0.00200725 -0.00169267 -0.00186764 -0.00196841
internal_weight=17367 4274 4110 3893 13093 3729 6644 3597 2036 1561 1162 405 295 757 6526 5684 5581 2367 2258 1984 457 1527 379 6449 3214 2085 1660 273 2821 475 207 2346 1414 233 183 292 1387 611 479 171 2163 603 209 654 165 1770 1181 1129 1040 863 776 365 286 545 241 394 1604 448 232 1560 314 990 268 210 3628 186 694 224 425 411 1469 208 399 842
internal_count=12247 2806 2662 2589 9441 2457 5276 2325 1004 1321 1034 309 199 725 5190 4940 4897 2055 1962 1712 457 1255 379 4165 2842 2061 1636 273 2609 475 207 2134 1170 173 179 292 1363 607 479 171 1955 507 209 638 165 946 997 781 856 735 756 357 286 541 241 298 884 440 232 1448 314 718 268 210 1556 162 594 224 425 399 1373 208 287 250
is_linear=0
shrinkage=0.0686502


Tree=30
num_leaves=72
num_cat=0
split_feature=26 55 38 62 33 32 20 27 10 9 1 48 61 61 58 53 16 36 18 36 25 35 16 32 63 9 43 32 45 19 55 26 37 4 27 38 59 43 32 1 3 19 26 26 26 42 19 59 57 24 22 20 25 38 52 21 32 46 20 9 9 38 30 63 29 9 29 42 43 25 47
split_gain=2.65043 1.79566 2.03424 4.29714 3.97762 1.46463 2.13576 0.969389 0.832429 1.28465 0.817303 1.22141 0.708172 1.53525 0.709396 1.47207 0.50301 0.972702 2.33893 0.411716 0.408306 0.747531 0.384291 0.408276 0.369103 0.357445 0.908653 0.343567 0.33448 0.778348 0.307826 0.331781 0.508252 0.526191 0.352595 0.261525 0.323725 0.833423 0.199535 0.191556 0.474029 0.197737 0.254722 0.330605 0.181809 0.179471 0.281958 0.175084 0.168577 0.152201 0.125996 0.109058 0.14575 0.0960046 0.0998922 0.217359 0.0819354 0.0675 0.0635178 0.0463913 0.0870458 0.0463598 0.0506123 0.0420301 0.0459354 0.0327782 0.0299589 0.0293514 0.0126219 0.00606411 0.00562862
threshold=76.950000000000017 1001.9500000000002 0.79901235281188909 38.090095868081626 40.359648035176953 -0.27999999999999931 38.588978266054255 87.250000000000014 -0.99626127116974506 0.021515898191483886 28.735000000000003 8.2500000000000018 0.025000000000000005 1.0000000180025095e-35 3.0350000000000006 0.99350000000000016 36.990784309317597 0.098791177614738254 35.698370072332871 0.18103051340511131 30.265000000000004 38.41214485725898 32.439382661317964 -0.1199999999999992 0.68209280174687958 -0.97873101657557326 28.444791666666674 -0.47999999999999859 2281.7815000000005 35.165142397194195 1004.4500000000002 72.750000000000014 33.51206665825962 1010.7500000000001 74.450000000000017 0.8217242920038107 7.455000000000001 29.203958333333336 -0.66499999999999904 3.6450000000000005 0.72350000000000014 34.9013059022666 82.050000000000011 84.450000000000017 77.550000000000011 0.20073199104967263 33.188707211428117 3.8150000000000004 1003.9500000000002 28.875000000000004 30.405000000000005 33.627352387165772 28.195000000000004 0.77936193526117259 0.99950000000000017 28.855000000000004 -0.70000000000000095 28.895000000000003 35.7673070941403 -0.70252096857941215 -0.84293373149377071 0.90570981937301298 84.65000000000002 2.3210230381999755 86.15000000000002 0.99166813670569354 84.65000000000002 0.11556383314871888 29.981875000000006 29.775000000000002 633.85000000000002
decision_type=2 2 2 2 2 2 2 2 2 2 2 2 2 2 2 2 2 2 2 2 2 2 2 2 2 2 2 2 2 2 2 2 2 2 2 2 2 2 2 2 2 2 2 2 2 2 2 2 2 2 2 2 2 2 2 2 2 2 2 2 2 2 2 2 2 2 2 2 2 2 2
left_child=20 -2 8 4 5 6 7 12 9 -3 22 -12 13 -4 15 27 17 18 -10 -16 21 24 23 -7 30 26 -19 -14 29 56 -1 50 33 -33 -34 -24 39 49 -22 51 -41 42 58 -44 -27 46 -25 -30 -46 -38 -32 52 -37 54 57 -56 -21 63 -42 60 -26 -49 69 64 -50 -53 -43 -61 -18 -63 -36
right_child=1 2 3 -5 -6 10 -8 -9 16 -11 11 -13 14 -15 19 -17 68 25 -20 28 38 -23 35 45 59 44 -28 -29 47 -31 31 32 34 -35 70 36 37 -39 -40 40 41 66 43 -45 48 -47 -48 61 53 -51 -52 65 -54 -55 55 -57 -58 -59 -60 67 -62 62 -64 -65 -66 -67 -68 -69 -70 -71 -72
leaf_value=0.0051994952078642338 0.018854516558081003 -0.0041405688946215286 -0.0067091099631988631 0.027529995386295924 0.02770742656830865 -0.00011374627265924869 0.00017874829156696768 0.055623812932193602 -0.033020801769261893 0.042205164274029726 0.011801333802075141 -0.039038877709696308 -0.13142765339438739 -0.00037391341560440519 0.021549510705147074 0.053463414367601769 -0.025574704816915244 -0.071556788127960944 0.010977845149018598 -0.0017604285084847817 -0.096240556657561815 0.082585580160326535 -0.007660794090844786 0.010449643502469009 -0.060109865475546233 0.00026670000496959584 0.059644013886796889 0.015511227080628286 0.0036943095203465118 0.051941210238615095 -0.11526123218987996 0.020027624552109921 0.0040893801201264436 -0.051718987907389942 -0.11868628527337742 -0.028516563647285827 -0.063814539433882253 0.0017330012353052623 -0.1613712454626291 0.011808140744910175 -0.018440903612940089 -0.01894034857145414 -0.0068261576787756635 -0.0068961835873942081 -0.018647843542340642 -0.075139502629320676 -0.0074220754493344379 -0.00098307125030896742 -0.02892071042680262 0.0069638388475697106 -0.0073825463118774963 -0.034206144173521039 7.4820303335045401e-05 -0.0070923892352351163 -0.031193059927374176 0.00077454744521381199 -0.038121912561776973 -0.0064061379055368496 -0.003378203545345908 -0.040911201185018564 0.00087975966413521268 -0.028121137307233 -0.0098707023660511237 -0.011282872456963935 -0.0075254512045338437 -0.032772154998536043 -0.017011201680170198 -0.12051070911580179 -0.051353866730190129 -0.0038159699794896823 -0.028141532054540973
leaf_weight=98 109 150 102 97 105 130 172 81 134 85 112 86 106 89 187 78 191 133 79 94 281 92 169 83 128 112 102 78 116 78 568 153 177 129 324 110 159 79 3199 160 200 485 118 118 93 115 113 158 1253 97 105 967 114 100 122 90 101 163 93 114 98 462 121 78 80 206 102 1095 1519 87 85
leaf_count=94 73 150 102 37 21 130 56 81 134 85 104 86 106 73 151 78 139 133 63 94 69 36 125 83 128 92 102 74 104 78 548 153 145 129 260 110 159 71 951 148 200 353 114 118 93 115 113 134 1177 97 57 587 114 100 122 78 101 135 89 102 98 430 121 78 80 138 102 1007 523 39 77
internal_value=-0.000268513 0.000398838 0.000307657 0.00112095 0.000887588 0.000650249 0.00210115 0.00144363 -0.000802661 0.00315727 -0.000151131 0.00412508 0.0011161 0.00506352 0.000656435 0.00392556 -0.0010239 -0.000407884 0.00401261 3.92766e-05 -0.00134569 -0.000778172 -0.000388141 0.00150416 -0.000963063 -0.000817157 0.00170553 0.000519782 -0.000418852 0.0016845 -0.000255026 -0.000496437 0.000385642 0.00277663 -0.000760083 -0.000653015 -0.000802147 0.00119859 -0.00185997 -0.00105535 -0.000440887 -0.000946349 6.997e-06 0.00168967 -0.00110414 0.000130528 0.00140612 -0.00103429 -0.0012581 -0.000694406 -0.00164022 -0.00161184 -0.000196121 -0.00140047 -0.00151723 -9.13585e-05 -0.000619977 -0.00170571 -0.00133226 -0.00176706 -0.000816184 -0.00138751 -0.00163835 -0.0018593 -0.00195048 -0.00187718 -0.00181227 -0.00193932 -0.00193439 -0.00191992 -0.00187231
internal_weight=17367 10721 10612 6128 6031 5926 2110 1938 4484 235 3816 198 1857 191 1666 262 4249 2539 213 1404 6646 3166 3618 441 3074 2326 235 184 1217 273 1639 1541 868 282 586 3177 3008 335 3480 2673 1276 1116 529 236 2091 311 196 944 1979 256 673 1397 224 1886 1786 212 195 1574 293 1435 226 828 670 1411 1333 1173 587 1209 1710 549 409
internal_count=12247 8393 8320 5036 4999 4978 1822 1766 3284 235 3156 190 1685 175 1510 258 3049 2387 197 1252 3854 2834 2966 441 2798 2190 235 180 1101 273 1463 1369 764 282 482 2525 2400 327 1020 2073 1124 976 521 232 1955 311 196 828 1863 256 605 949 224 1770 1670 200 195 1470 289 1335 226 724 590 1335 1257 725 455 1109 662 469 337
is_linear=0
shrinkage=0.0686502


Tree=31
num_leaves=75
num_cat=0
split_feature=57 9 20 62 49 26 25 38 2 45 44 38 57 36 30 54 28 20 59 0 25 23 9 29 61 52 44 19 45 18 62 10 19 56 43 29 23 39 23 60 24 10 43 19 62 61 0 10 9 54 40 50 10 42 42 55 56 7 31 17 18 61 55 30 25 16 9 53 59 1 28 17 40 60
split_gain=3.27402 2.63223 10.0432 2.21658 1.88945 1.19874 1.00212 0.902576 0.563624 0.660585 1.24055 0.699126 0.554966 0.562405 0.752878 0.687073 0.466377 0.465603 0.458903 0.439321 0.878877 0.422762 0.395407 1.06946 0.648472 1.05113 0.565953 0.383678 0.349989 0.282503 0.442559 0.273064 0.258438 0.252918 0.498895 0.249302 0.313523 0.385606 1.00315 0.234738 0.225301 0.172484 0.571209 0.489909 0.161304 0.54098 0.152469 0.144305 0.290939 0.254506 0.14306 0.135002 0.293692 0.134985 0.111137 0.0917851 0.0771142 0.146815 0.0656822 0.0645093 0.205297 0.0547215 0.0456926 0.0342682 0.0320425 0.0253694 0.0236953 0.0115589 0.0286082 0.0070238 0.00678606 0.00420299 0.0032066 0.00245659
threshold=1001.85 0.53436760985011655 39.228536274871942 37.989307128659483 850.90000000000009 81.250000000000014 30.105000000000004 2.2047452752615047 70.450000000000003 2284.5600000000004 0.56387400625033979 1.3736721221695782 1005.5500000000001 0.29837528535382452 86.050000000000011 0.96650000000000003 86.350000000000009 33.87457514026412 2.1550000000000007 4.5050000000000008 29.835000000000004 27.635000000000002 -0.45206801762443477 79.250000000000014 1.8050000000000004 0.97250000000000003 0.65813850022487663 37.270761845155498 2253.4830000000006 34.277549901925447 30.723656885524335 0.75546532993267157 38.588978266054255 1005.6500000000002 28.979791666666674 81.15000000000002 28.275000000000002 28.741666666666667 29.055000000000003 13.025 29.385000000000002 -0.9668120007078248 29.283958333333338 36.510670429990732 36.660835973076935 0.17500000000000002 3.3450000000000002 -0.79354221435844496 -0.49750868180287638 0.99450000000000005 0.37105704250781213 1.0000000180025095e-35 0.98662138620987927 0.083506448611233131 0.11829341714415056 1008.1500000000002 1005.4500000000002 -0.91597561503675329 -0.37370278590032763 33.793195764266031 32.439382661317964 4.3950000000000005 1005.7500000000001 79.65000000000002 27.935000000000006 35.014279849701303 -0.86095304316285715 0.99150000000000016 4.3350000000000009 19.435000000000006 83.250000000000014 35.761701819089836 0.17897858345072035 5.6950000000000012
decision_type=2 2 2 2 2 2 2 2 2 2 2 2 2 2 2 2 2 2 2 2 2 2 2 2 2 2 2 2 2 2 2 2 2 2 2 2 2 2 2 2 2 2 2 2 2 2 2 2 2 2 2 2 2 2 2 2 2 2 2 2 2 2 2 2 2 2 2 2 2 2 2 2 2 2
left_child=-1 2 3 4 5 22 8 12 9 10 -3 19 13 14 15 -7 17 -15 -14 20 29 -20 23 24 31 -26 -27 35 58 30 -11 -2 41 34 -25 36 -23 46 -39 65 -40 42 55 -44 45 -8 -38 48 49 -37 53 52 54 -35 -43 -24 57 -53 -12 60 -10 -19 -50 -46 -49 -17 -36 -55 -69 -48 -58 -42 -21 -31
right_child=1 6 -4 -5 -6 7 44 -9 59 11 28 -13 18 16 -16 39 -18 61 21 72 -22 27 32 33 25 26 -28 -29 -30 73 -32 -33 -34 50 66 47 37 38 40 -41 71 51 43 -45 63 -47 69 64 62 -51 -52 56 -54 67 -56 -57 70 -59 -60 -61 -62 -63 -64 -65 -66 -67 -68 68 -70 -71 -72 -73 -74 -75
leaf_value=0.034145950063811881 -0.064373676571203353 0.0080528666068082223 0.016000048422519047 0.004194923047988193 0.015028172345542042 0.017302288700269685 -0.075574327098697811 0.049471358536783708 -0.11809190966857049 -0.015488154133567567 -0.092309661580002172 0.0024598231678552773 0.040270985190815158 0.011044598114470212 0.037378481372666292 -0.012200776881422291 0.02667208170660294 -0.0058397557029527068 0.0016305669536059641 -0.059503894004130302 -0.016520270653051783 0.011460645197279481 -0.049724417510847801 0.010245193714495832 0.017066870445751156 -0.03402976863256469 0.029141685009299388 0.015377975890621747 0.026937590715180457 -0.031621953510002326 0.0027308679526748718 0.0041524250154477676 0.0053788002704008419 0.0016095976635076609 -0.047904145980643471 -0.0024047225702650853 0.028416359457080802 -0.022604931450848628 1.8884234511493189e-05 0.004333934795917687 -0.021983421165846912 -0.041881838440623757 0.0087686353334745348 -0.040653179403514851 -0.12091465461393588 0.0047997240835867712 -0.011753129980135908 -0.033701293156784232 -0.0061655658765199647 -0.023549363772704814 0.00045204871809947499 -0.00092465112454738745 0.0027625942264296083 -0.058215450325437498 -0.067616721483218317 -0.00040912278375543099 -0.11435097607070374 -0.0056042192894703267 -0.0089707564536162712 -0.12499624495140173 0.0074248864714805017 -0.033408772592567221 -0.038094543820437872 -0.055368292338947078 -0.018689409218365271 -0.015295101048247325 -0.0028203955037663549 -0.023585245213662367 -0.10413002251327348 -0.0026591971350506138 -0.1150448950317034 -0.03955010295913515 -0.069277170151529927 -0.072077726976086484
leaf_weight=157 155 119 136 88 132 173 616 125 178 86 131 118 150 108 89 78 99 112 147 541 167 102 449 82 143 134 89 87 104 272 87 82 117 95 86 95 78 100 92 112 78 104 167 82 3722 253 348 99 123 98 79 99 97 735 304 81 1524 156 80 595 80 272 240 382 556 97 78 78 123 78 92 136 113 107
leaf_count=81 155 111 52 28 100 149 168 125 178 86 111 114 150 108 89 78 99 100 147 305 75 102 449 82 143 134 89 87 92 192 87 82 65 95 82 95 78 100 80 112 78 88 147 82 970 133 348 99 119 98 79 67 97 735 296 81 1208 132 72 411 80 228 236 134 556 97 78 78 123 78 92 136 77 59
internal_value=-0.000197367 -0.000288074 0.000480053 0.000207872 0.000103121 -1.51846e-05 -0.00122605 0.000899709 -0.000179415 0.00046947 0.0028227 -0.000214078 0.000705361 0.00196814 0.00354875 0.00239884 0.000485996 -0.000373418 0.000150387 -0.000655015 0.000510185 -7.3552e-05 -0.000693449 7.54319e-05 0.00247984 0.00428672 0.00129508 -0.000303654 0.000536735 -0.000804297 0.00146952 -0.000297715 -0.00115521 -0.000991439 0.000983268 -0.000481876 0.00030917 -9.21941e-05 0.0014733 0.000312752 -0.000469824 -0.00127394 -0.000377717 0.00231741 -0.00180945 -0.000945949 -0.00136421 -0.00114681 -0.000320693 0.00181266 -0.00143448 -0.00156518 -0.000552253 -0.00165262 -0.00136885 -0.00165658 -0.00183515 -0.000689082 -0.00105155 -0.0016482 -0.000704929 -0.00150396 -0.00147194 -0.00199062 -0.00183788 -0.00123497 -0.00118015 -0.00190432 -0.00134087 -0.00187976 -0.002012 -0.00170288 -0.00194228 -0.00185755
internal_weight=17367 17210 9459 9323 9235 9103 7751 3872 2778 1925 434 1491 3747 1140 549 460 591 492 2607 1373 719 2457 5231 1959 603 366 223 2310 315 552 173 237 3272 1356 246 2223 1012 910 406 287 306 3155 779 249 4973 869 504 1211 556 193 1110 2376 505 1031 408 530 1871 255 211 853 258 384 363 4104 655 175 164 936 201 426 1616 214 654 379
internal_count=12247 12166 8711 8659 8631 8531 3455 3772 2050 1381 386 995 3647 1060 525 436 535 436 2587 881 499 2437 4759 1955 603 366 223 2290 275 424 173 237 2804 1352 242 2203 1000 898 394 287 294 2739 759 229 1405 301 504 1203 548 193 1110 1980 481 1031 384 530 1499 199 183 669 258 328 355 1104 655 175 160 936 201 426 1300 214 382 251
is_linear=0
shrinkage=0.0686502


Tree=32
num_leaves=71
num_cat=0
split_feature=30 57 10 11 61 20 53 10 52 25 37 36 61 29 38 59 59 9 35 43 37 38 9 0 9 29 29 62 34 57 43 31 45 33 40 25 8 31 32 10 9 61 60 23 43 40 16 54 59 8 1 21 10 38 24 55 19 0 3 9 53 40 60 36 25 37 30 19 27 59
split_gain=2.35758 1.86748 1.48356 8.04389 2.84318 1.20112 1.22127 1.76383 2.06862 1.21802 1.08423 0.805033 1.07654 3.36085 0.776417 1.08638 0.697318 0.642011 0.57879 1.69758 0.665003 2.43647 0.524178 0.48274 0.438484 0.462066 0.422093 0.291991 0.301755 0.276515 0.254655 0.396607 0.244442 0.408868 0.454244 0.223131 0.259337 0.338912 0.192361 0.266522 0.176838 0.166259 0.165699 0.165122 0.37354 0.154701 0.139933 0.107847 0.0895656 0.166261 0.152178 0.0880336 0.166537 0.436109 0.0799626 0.069025 0.0534475 0.0528646 0.0519641 0.0260589 0.0259244 0.0247701 0.0133355 0.0106995 0.0260639 0.00840593 0.00810517 0.00793044 0.00365562 0.00237997
threshold=75.250000000000014 1001.85 -0.84291031405530259 5.5000000000000009 0.27500000000000008 33.737179026964945 0.92450000000000021 0.45207220393230413 0.99250000000000005 28.475000000000005 33.00748675791165 0.15877108969119363 2.7250000000000005 75.450000000000017 1.4320693423473341 5.9150000000000009 3.0650000000000004 0.87795195455888941 36.903598397574228 29.687500000000004 35.477909179457093 0.65034834288238874 -0.49750868180287638 5.5750000000000011 -0.833548052892222 79.450000000000017 67.250000000000014 35.539928371602429 0.076509173160387065 1005.4500000000002 29.132500000000004 0.12466283112316036 2278.0015000000008 32.86296651453312 0.080000000000378796 29.415000000000003 0.78656609248549303 0.20710631022426898 -0.074999999999999276 -0.84291031405530259 0.94697898371965716 1.2050000000000003 5.8250000000000011 28.745000000000001 28.138958333333338 0.10969655114605321 34.174520117959162 0.99250000000000005 5.3150000000000004 0.37940952255126048 10.165000000000001 29.285000000000004 0.81898454963288581 1.1876957209648367 28.295000000000005 1005.7500000000001 34.355189106494528 3.9950000000000006 0.29950000000000004 0.35769492645306972 0.99650000000000005 0.045825756951304135 7.6050000000000013 0.16541300734200892 28.905000000000005 35.258334292265857 73.450000000000017 30.116024276224486 78.250000000000014 6.1850000000000014
decision_type=2 2 2 2 2 2 2 2 2 2 2 2 2 2 2 2 2 2 2 2 2 2 2 2 2 2 2 2 2 2 2 2 2 2 2 2 2 2 2 2 2 2 2 2 2 2 2 2 2 2 2 2 2 2 2 2 2 2 2 2 2 2 2 2 2 2 2 2 2 2
left_child=24 -2 3 -3 -5 6 17 9 -9 16 -6 12 27 -14 26 42 -8 32 19 20 22 -22 -12 47 25 -1 -13 28 -7 -18 41 -32 56 34 -34 36 48 45 39 -26 43 -24 68 44 -41 -38 61 -15 58 50 -50 52 53 -40 -43 -23 67 -27 -28 63 -37 -31 -53 64 -56 -65 -45 -4 -16 -20
right_child=1 2 5 4 10 11 7 8 -10 -11 18 14 13 23 15 -17 29 -19 69 -21 21 55 30 -25 38 57 35 -29 -30 46 31 -33 33 -35 -36 60 37 -39 51 40 -42 54 -44 66 -46 -47 -48 -49 49 -51 -52 62 -54 -55 59 -57 -58 -59 -60 -61 -62 -63 -64 65 -66 -67 -68 -69 -70 -71
leaf_value=0.012986490904205431 0.031801823223730319 -0.11208920091004865 -0.1171702735465809 0.0030201624518566006 0.024583597340128022 -0.06438434381432287 0.057297957472262316 0.0061317604872477326 0.048311528161801648 0.052059964493082589 0.0023843379014044097 0.08795397990230934 0.0086733940657775111 -0.025614049911117792 -0.064900862133341342 0.0029994959879257907 0.006431779025859328 0.0025459169863680741 -0.032773041150321383 0.032287434424869754 0.032413736668843479 -0.0018261015258618453 0.0044088596279888044 0.016945333130451826 0.0026983866180442253 -0.067554814903435068 -0.016405517153889708 -0.057281193796180595 -0.00091696762984775856 -0.023394808793653687 0.003056026422341871 -0.056243020708129442 -0.0034058450876473705 -0.020926341412876276 0.0058181631001428613 -0.064589521450688872 -0.0046341237858996817 0.008567123577397133 -0.096229289250678515 -0.19228738108835977 -0.0024099760549866865 -0.0051103840311142535 0.0020701917961600761 -0.10006606031159077 0.0020606994991939423 0.0030934926290971014 0.002765619685407175 -0.002161768241705365 -0.05582342987039924 0.0013901044043349632 0.00051317337545517228 -0.1709192554151594 -0.16736379779018318 0.011985727283778376 -0.020915851994115459 -0.095911428706093774 -0.0027691093529923715 -0.0016236837804780473 -0.023541244539881167 -0.025944382024667745 -0.056204028379526955 -0.01272156763811267 -0.062957838867663291 -0.038219892648605668 -0.0031012173253145902 -0.015156956166871204 -0.071392763856468019 -0.037400543250982229 -0.022322786311611279 -0.017084963572960226
leaf_weight=78 151 191 78 130 118 102 96 152 108 87 135 117 184 297 128 118 123 150 522 85 135 126 99 102 134 79 140 564 87 109 111 94 129 184 106 2370 161 100 136 130 124 129 139 665 78 125 78 106 265 78 78 2839 322 86 102 166 120 78 744 96 273 335 216 741 78 78 236 544 80 122
leaf_count=78 79 83 78 90 118 82 96 152 108 87 135 65 96 221 104 94 123 150 234 85 135 126 99 94 98 79 140 200 75 109 103 78 129 184 106 1010 161 92 128 130 56 129 119 393 78 125 78 86 265 78 78 1111 322 86 102 166 120 78 732 96 129 335 132 721 78 78 136 544 72 90
internal_value=-0.000240845 0.000281793 0.000185527 0.00143609 0.000579777 -0.000279304 0.00102825 0.00272751 0.00764753 0.0011657 0.000135834 -0.000773612 0.000649866 0.00261043 -0.00119229 0.00146797 0.000249109 -0.000379438 -0.000133725 0.000399772 7.35622e-06 0.00242177 -0.000611007 -0.000281144 -0.00146412 0.00141518 -0.00147176 -0.00113871 0.00117303 -0.000560088 -0.000976896 0.00125503 -0.000930385 0.000384375 0.00228622 -0.00158258 -0.000959474 0.000592531 -0.0016018 -0.000899691 -0.00121869 -0.00132766 -0.000459856 -0.00149574 0.000224219 -0.000598047 -0.00125696 -0.00136031 -0.00142267 -0.000577562 -0.00123852 -0.00186656 -0.00103761 0.000388371 -0.00154864 -0.00109583 -0.00167914 -0.000708011 -0.00181767 -0.00173898 -0.00197853 -0.0017329 -0.00201191 -0.00184547 -0.00125769 -0.00196586 -0.0018983 -0.00193627 -0.00169267 -0.00194047
internal_weight=17367 12166 12015 3258 3067 8757 2399 1088 260 828 2937 6358 1442 689 4916 465 741 1311 2819 2175 2090 427 1663 505 5201 235 4451 753 189 645 1528 205 1161 419 235 4334 1691 386 4966 1367 1233 1323 347 1109 208 286 522 403 1305 421 343 3599 544 222 1224 292 742 157 884 1095 2643 444 3055 999 180 819 901 622 208 644
internal_count=12247 9342 9263 2746 2663 6517 2399 1088 260 828 2573 4118 854 497 3264 389 741 1311 2455 2131 2046 427 1619 401 2905 235 2875 357 157 645 1484 181 1161 419 235 2810 1671 378 2670 891 793 1303 295 737 208 286 522 307 1293 421 343 1779 536 214 1204 292 742 157 872 1075 1139 444 1243 979 180 799 529 622 176 324
is_linear=0
shrinkage=0.0686502


Tree=33
num_leaves=71
num_cat=0
split_feature=26 38 20 24 29 63 32 1 56 9 10 27 63 58 5 25 4 9 7 36 61 22 58 32 28 9 19 44 63 63 44 20 9 53 0 59 26 45 30 8 0 52 0 30 35 18 38 34 55 30 61 45 53 36 7 45 61 40 1 2 32 2 1 0 26 36 19 0 48 29
split_gain=2.47425 1.43722 4.45889 8.95936 1.71543 0.967546 0.950718 1.75517 3.57226 0.800301 0.79639 1.2786 0.554742 0.807875 1.09532 0.514075 1.21996 0.50667 1.00615 0.483184 1.59645 0.446472 0.685908 0.791819 0.429239 1.43761 0.370018 0.361692 1.03241 0.303882 0.710987 0.263866 0.301252 0.247596 0.361346 0.617564 0.220123 0.390145 0.905161 0.304799 0.514347 0.24818 0.165783 0.29847 0.441898 0.979978 0.241491 0.145494 0.134246 0.132273 0.132401 0.27749 0.111978 0.0796945 0.0630883 0.194214 0.0516189 0.0449612 0.0536258 0.0430995 0.0393184 0.038337 0.0363517 0.0253694 0.0225101 0.0109754 0.00572515 0.00497495 0.00449895 0.0033267
threshold=78.850000000000009 0.80272915273079348 37.281868690705998 30.195000000000004 75.050000000000011 3.3079258536589067 -0.20500000000000004 6.705000000000001 1005.4500000000002 0.97505550290239451 -0.99626127116974506 82.950000000000017 1.6096040469949531 3.1350000000000002 -0.25881904510252113 30.125000000000004 1006.7500000000001 -0.97873101657557326 0.25881904510252091 0.09528445782050142 5.035000000000001 27.675000000000004 6.9050000000000011 -0.11000000000000119 78.850000000000009 -0.66484924122790601 35.761701819089836 0.40153577434453597 0.46804535547750709 0.26586602128686115 0.64775070267026413 34.079851502941956 -0.85206963063867713 0.6665000000000002 3.2550000000000003 5.4450000000000012 72.750000000000014 2175.2245000000007 75.65000000000002 -0.70710678118654757 5.5750000000000011 0.72950000000000015 4.955000000000001 80.750000000000014 34.894475207864964 35.728978835387331 0.64645805703815507 0.51710558652659544 1005.0500000000001 74.950000000000017 20.315000000000001 2389.9839999999999 0.37350000000000005 0.14523919866250243 0.78656609248549325 2396.2465000000007 8.5250000000000004 0.036055512758495424 5.6950000000000012 434.80000000000001 -0.31000000000000044 212.95000000000002 2.3950000000000005 3.9950000000000006 84.750000000000014 0.13202859071238504 34.809798224928265 7.0550000000000006 115.85000000000001 75.050000000000011
decision_type=2 2 2 2 2 2 2 2 2 2 2 2 2 2 2 2 2 2 2 2 2 2 2 2 2 2 2 2 2 2 2 2 2 2 2 2 2 2 2 2 2 2 2 2 2 2 2 2 2 2 2 2 2 2 2 2 2 2 2 2 2 2 2 2 2 2 2 2 2 2
left_child=6 10 5 -4 -5 12 7 9 -9 15 11 -2 13 14 -3 16 -1 18 64 20 -19 22 23 -15 25 -23 36 28 31 68 -31 32 -26 60 69 -36 48 38 -38 47 41 -41 54 -44 61 -46 -47 -39 -8 -29 52 -52 -51 -14 -21 -56 65 58 -54 -55 -18 -45 -50 -40 -12 -28 -43 -33 -27 -35
right_child=1 2 3 4 -6 -7 26 8 -10 -11 17 -13 53 21 -16 -17 33 19 -20 42 -22 24 -24 -25 27 29 56 49 -30 30 -32 67 -34 34 35 -37 37 39 63 40 -42 66 43 44 45 46 -48 -49 62 50 51 -53 57 59 55 -57 -58 -59 -60 -61 -62 -63 -64 -65 -66 -67 -68 -69 -70 -71
leaf_value=0.034140024626035576 -0.0040761613525234809 0.022345131487286663 0.032553090640307612 0.0030633259075564839 -0.080855419254485084 0.026398745323610605 -0.0030300407675296738 0.032401846808447578 -0.028335328812784923 0.0063674116792611923 -0.0034658511331127776 0.039059151946088028 -0.0062426563411841652 0.023988433545707306 -0.00084252347715222796 -0.042659104631731226 -0.080139686400813509 -0.032961150396226963 0.016668064575231827 -0.036971076392949734 0.0097930109303855459 0.041190134784453054 -0.05041018968057015 8.914189993137491e-05 -0.0056345238083132607 -0.0087672210225781273 -0.15849402284685665 0.0017976568134248799 0.012626574761872416 0.0011640457708889124 -0.029701367984053005 -0.041974053835612507 0.005877709249218448 -0.12788027295131874 0.0070985846397652475 -0.081487283452846643 0.013558987888144912 -0.077086430798497044 -0.055469127031121106 0.0088089971510136138 0.013983963352998603 -0.035434026784365927 -0.044129983591434614 -0.022518479390462903 0.0072893672615080155 -0.012324117788222832 0.0013002451800712411 -0.0020880493355265027 -0.17439954278884151 -9.0368722606774316e-05 0.02424161141813273 -0.02630969289048184 -0.022300364797353384 -0.022268210869589751 0.0031748391523392892 -0.035226715716798085 -0.038548198657114022 -0.015587121949419165 -0.032648827012262856 -0.014291677747000969 -0.035547635119180535 -0.041845572513149083 -0.02707392686001537 -0.044139025058050098 -0.0082618256537335538 -0.10047445900311874 -0.01238526464314358 -0.0045065107887650229 -0.0027339261879305871 -0.054785084584478214
leaf_weight=188 136 156 238 271 335 119 93 101 122 130 78 82 181 111 133 899 474 237 97 1015 113 129 127 118 79 181 246 103 79 87 131 170 78 139 161 107 119 712 97 120 114 215 469 283 123 187 144 95 842 107 92 112 81 511 164 329 254 828 78 78 83 78 187 78 79 3142 78 78 82 84
leaf_count=148 136 152 142 79 91 119 65 61 106 86 78 82 133 111 133 251 458 125 97 739 97 129 127 118 79 149 98 103 79 83 127 170 78 111 125 103 119 672 97 116 102 191 317 283 123 139 112 91 754 103 84 112 81 467 152 181 150 816 78 78 75 78 143 78 79 914 78 78 66 72
internal_value=-0.000244798 0.000592929 0.00136238 0.00589549 0.00144028 0.000409713 -0.001046 9.05648e-05 0.00588318 -0.000480821 -0.000443256 0.00356141 0.000221568 0.000627712 0.00407827 -0.000802489 0.000102305 -0.000703264 0.00223174 -0.000943103 0.00145021 0.000274225 0.00254366 0.00478265 -4.8783e-05 0.00152966 -0.00148913 -0.00056312 0.00104707 -0.000192676 0.00168436 -0.000350317 0.0018259 -0.000808805 0.00030587 0.00200876 -0.000883851 -0.000369238 0.00188311 -0.000871031 0.000404551 -0.000714601 -0.00124558 -0.000664585 0.000123947 0.00155317 -0.000382866 -0.00170972 -0.00162447 -0.00112361 -0.00131358 0.000268684 -0.00161335 -0.00142597 -0.00173572 -0.00107105 -0.00194421 -0.00184287 -0.000724858 -0.00181311 -0.00179899 -0.00165811 -0.0018517 -0.00123497 -0.0011413 -0.00201658 -0.00179857 -0.00175149 -0.00176896 -0.00171718
internal_weight=17367 8487 4873 844 606 4029 8880 2488 223 2265 3614 218 3910 3140 289 2135 1236 3396 254 3142 350 2851 356 229 2495 610 6392 1885 484 481 218 405 157 1048 491 268 2750 1628 294 1334 527 413 2792 1284 815 454 331 807 1122 1401 1298 204 1094 770 1508 493 3642 987 159 589 557 361 1029 175 157 3388 293 248 263 223
internal_count=12247 6983 4165 312 170 3853 5264 1596 167 1429 2818 218 3734 3056 285 1343 1092 2600 254 2346 222 2771 356 229 2415 554 3668 1861 484 425 210 405 157 944 411 228 2506 1544 294 1250 487 385 2124 1052 735 374 251 763 962 1377 1274 196 1078 678 1072 333 1162 975 159 545 533 361 897 175 157 1012 269 248 215 183
is_linear=0
shrinkage=0.0686502


Tree=34
num_leaves=74
num_cat=0
split_feature=60 43 25 43 26 62 58 50 28 57 1 39 1 23 37 10 19 43 9 38 9 29 61 21 37 37 35 56 52 10 36 46 9 63 33 3 26 50 10 29 30 61 28 6 44 27 0 30 17 60 23 57 10 25 1 25 22 28 58 18 22 41 44 9 29 20 40 60 17 30 29 0 36
split_gain=2.48628 9.5736 1.06766 2.01686 1.01923 2.332 1.54182 2.87231 2.20291 0.765994 1.56624 0.890141 1.03515 0.793371 0.889913 1.77722 0.769909 1.21589 0.713701 1.51682 0.544295 0.504503 0.703555 0.44544 0.490114 0.874361 0.450092 0.424364 0.41811 0.256251 0.57149 0.320923 0.238658 0.365399 0.692163 0.446936 0.287055 0.19755 0.19481 0.4782 0.207503 0.198732 0.207324 0.184547 0.356393 0.371559 0.168332 0.20938 0.108519 0.101981 0.100376 0.230931 0.150726 0.0840715 0.0772795 0.0769622 0.0769576 0.0752286 0.0682173 0.0678815 0.0591052 0.314544 0.0582844 0.0439595 0.0423407 0.0318532 0.0291819 0.0293631 0.0252258 0.00855627 0.0078716 0.00586198 0.0012053
threshold=2.7750000000000004 30.891666666666669 30.595000000000002 31.229166666666671 79.750000000000014 38.081379227654814 3.0650000000000004 0.558333333333485 80.550000000000011 1005.4500000000002 3.1850000000000005 27.648333333333333 10.165000000000001 29.725000000000005 35.44532522024361 -0.84291031405530259 34.654692766855639 28.51979166666667 0.99762106698677389 0.92971543114789257 -0.66484924122790601 79.350000000000009 6.2950000000000008 29.295000000000005 34.898659229641723 35.109989393535109 35.841585595464117 1005.85 0.99950000000000017 -0.99463397642532658 0.26942738989108816 29.065000000000001 0.56314550935064711 1.1936076870993804 33.602343131478328 0.029500000000000002 85.750000000000014 69.675000000000139 -0.9668120007078248 80.550000000000011 83.65000000000002 2.0250000000000004 79.350000000000009 -0.5 0.56205328471963201 75.750000000000014 7.0850000000000009 81.950000000000017 33.793195764266031 24.405000000000005 28.275000000000002 1007.9500000000002 0.99164058729498161 27.825000000000003 2.3950000000000005 28.895000000000003 29.015000000000004 83.350000000000009 4.1150000000000011 32.519615751000678 28.855000000000004 28.959166666666668 1.216519700595043 0.2093127076542077 84.550000000000011 32.013058176300198 0.19035055380404972 14.410000000000002 34.332319616206568 87.350000000000009 64.850000000000009 7.8050000000000006 0.098791177614738254
decision_type=2 2 2 2 2 2 2 2 2 2 2 2 2 2 2 2 2 2 2 2 2 2 2 2 2 2 2 2 2 2 2 2 2 2 2 2 2 2 2 2 2 2 2 2 2 2 2 2 2 2 2 2 2 2 2 2 2 2 2 2 2 2 2 2 2 2 2 2 2 2 2 2 2
left_child=2 4 3 18 20 6 7 8 -6 10 -8 12 -11 14 16 -16 17 48 23 -20 21 22 -2 24 28 -26 56 -23 32 30 -13 46 36 34 35 -34 50 -9 39 -25 41 62 -43 44 45 -22 59 -48 -12 71 51 -1 57 -35 -52 -45 -27 70 -29 -31 69 -62 72 -15 -57 -37 67 -63 -49 -61 -53 -18 -40
right_child=1 -3 -4 -5 5 -7 9 37 -10 11 13 29 -14 63 15 -17 49 -19 19 -21 43 27 -24 38 25 26 -28 58 -30 31 -32 -33 33 53 -36 65 -38 -39 40 -41 -42 42 -44 55 -46 -47 47 68 -50 -51 54 52 -54 -55 -56 64 -58 -59 -60 60 61 66 -64 -65 -66 -67 -68 -69 -70 -71 -72 -73 -74
leaf_value=0.0079375187545989278 0.008771090765145817 0.018126102937504496 -0.12908027667576777 0.025312536299440476 0.023379192462203033 -0.027796700544367885 0.0059783627585818129 0.0043025023926541268 0.044436506274403452 0.044824863158245319 0.0021553402444558969 0.0039718308796888079 -0.026220048215828046 -0.0068932596272430037 0.033626755942084148 -0.00043647974869460938 -0.028359663184786908 0.032455084999855312 -0.11651084605545038 0.0031629761716358289 0.0070165851780247058 0.015539870526240703 -0.0049770142217084633 0.027439963810521766 0.010161246391010428 -0.03369637703184146 0.0031895913215433942 -0.044718845232915201 0.0023952334034228434 -0.0017963642328980415 -0.034728958247655657 0.0029743164797809093 0.0035951958923441979 -0.0031412518469273267 0.014261570588803838 -0.0017567533991934274 0.0032329195451585714 -0.006477691400457535 -0.049789270589785398 -0.072358117054002219 -0.0087393734782390212 0.0060143428975809226 -0.014162502419122328 -0.0030509597330038237 -0.020180419478579948 -0.019192620760681824 0.0011558373674896043 -0.0076735949868203196 -0.0092142809854311586 0.00050443113225410714 -0.054840384554124239 -0.13399940014737979 0.0033932382713882437 -0.027151864896924009 -0.0082193018180088551 -0.083597935607033602 -0.0090940462541903699 -0.0092191641061501045 -0.01998437708071011 -0.011487725338234205 0.0022191870768404646 -0.032061060258774421 -0.072018451461698815 -0.0077590878486655376 -0.15403890979670076 -0.017373646413209685 -0.0072625860294883941 -0.0094521447742171739 -0.011547592260028735 -0.0016688398084863235 -0.056497692146270755 -0.017235978088096866 -0.08666995877962376
leaf_weight=143 129 211 3020 116 99 121 96 116 109 88 78 104 83 133 104 111 225 152 110 90 177 110 83 78 110 182 81 246 88 82 108 177 84 78 102 78 83 174 162 122 127 206 165 152 350 263 119 78 103 97 786 78 144 244 102 1107 78 92 143 832 110 535 135 296 173 158 86 105 96 78 526 78 1882
leaf_count=143 129 91 708 36 79 41 68 100 105 88 78 104 83 129 100 103 221 152 90 66 105 110 83 78 102 182 81 246 88 82 108 137 84 78 102 78 83 150 74 122 87 126 113 148 182 139 119 78 103 89 786 78 144 244 102 599 74 92 143 832 110 399 123 124 125 158 78 101 96 78 526 78 1086
internal_value=-0.000217129 0.000679825 -0.000969119 -0.000467783 0.000282746 0.000902036 0.000654486 0.00425889 0.0103854 0.000219792 0.00147755 -0.000469723 0.00429722 0.000877231 0.00198726 0.00585957 0.000835093 0.00327077 -0.000634211 0.00338209 -0.000723222 0.000924477 0.00371942 -0.000767209 -0.000212705 0.00188059 0.00013914 -0.000259823 -0.000554237 -0.000798837 0.00146797 -0.00101102 -0.000708616 0.000331911 0.00166406 6.92092e-05 -0.00110742 -0.000146996 -0.00138887 0.000655712 -0.00154384 -0.00167961 -0.000194286 -0.00125306 -0.000401092 0.000890172 -0.00124703 0.000264411 -0.000509511 -0.00118408 -0.0012852 -0.00079596 -0.00123392 -0.00139746 -0.00181876 -0.00171855 -0.00124046 -0.00165405 -0.00133524 -0.00149215 -0.00158339 -0.001148 -0.00192981 -0.00156203 -0.0018924 -0.0014468 -0.00167077 -0.0018327 -0.00123027 -0.00197521 -0.0019326 -0.00180714 -0.00202194
internal_weight=17367 7917 9450 6430 7706 4773 4652 498 208 4154 1473 2681 171 1377 948 215 733 333 6314 200 2933 711 212 6114 3237 451 341 499 2786 2510 212 2298 2698 744 422 320 1954 290 2877 200 2677 2550 371 2222 790 440 2121 293 181 400 1871 983 840 322 888 1432 260 696 389 1828 1746 836 2179 429 1280 236 726 640 174 910 604 303 2044
internal_count=12247 6313 5934 5226 6222 4213 4172 434 184 3738 1245 2493 171 1177 924 203 721 333 5190 156 2009 711 212 5034 3225 439 337 499 2786 2322 212 2110 2698 744 422 320 1954 250 1809 200 1609 1522 239 1298 426 244 1973 293 181 388 1871 983 840 322 888 872 256 696 389 1680 1598 688 1283 253 724 236 578 500 174 910 604 299 1160
is_linear=0
shrinkage=0.0686502


Tree=35
num_leaves=74
num_cat=0
split_feature=57 32 10 62 9 25 21 28 28 53 3 57 34 44 58 3 24 44 20 56 54 23 17 56 37 22 23 42 37 30 9 4 53 21 60 61 29 53 47 56 2 31 29 10 25 40 31 34 9 56 56 4 38 9 46 61 9 42 34 55 43 32 56 50 1 61 44 44 18 1 1 6 38
split_gain=2.70025 2.08864 1.73685 18.879 2.3211 1.49361 1.2812 0.692285 0.884934 1.46328 3.03164 1.47982 1.33314 1.17751 0.730561 0.729022 0.638361 0.609804 0.906341 0.860777 0.554574 0.607185 0.538834 0.56297 1.00727 1.17482 0.419942 0.490619 0.335721 0.326891 0.311097 0.303357 0.255718 0.245775 0.241291 0.212359 0.419649 0.207788 0.364438 0.233673 0.271184 0.204544 0.191306 0.180454 0.171272 0.16571 0.146177 0.112415 0.315857 0.107685 0.236983 0.0984752 0.0982121 0.0874685 0.0888522 0.0873574 0.0724646 0.0677488 0.0465117 0.044595 0.0391133 0.0333205 0.0195083 0.0102916 0.00799791 0.00779429 0.0333796 0.00705232 0.00671005 0.0053725 0.00481262 0.0032913 0.00257002
threshold=1001.85 0.32499999999999934 -0.84291031405530259 37.843748043870896 0.48250327361223927 30.305000000000003 30.655000000000005 68.950000000000017 79.550000000000011 0.55850000000000011 0.45150000000000007 1004.5500000000001 0.36540452688362329 1.1585214338731864 1.8950000000000002 0.99050000000000005 29.475000000000005 0.56387400625033979 33.737179026964945 1005.9500000000002 0.40150000000000008 29.835000000000004 35.331959151195981 1006.6500000000002 35.477909179457093 29.265000000000004 29.355000000000004 0.12356509736931029 33.00748675791165 83.550000000000011 0.60505046667002438 1005.35 0.24450000000000002 29.915000000000003 1.3050000000000004 10.315000000000003 79.750000000000014 0.99850000000000005 223.85000000000005 1005.4500000000002 409.25000000000006 -0.54601593583106822 85.550000000000011 -0.28435918728100346 30.065000000000001 0.050332229570566177 -0.083818182939760164 0.67380596049058694 -0.57023701209772126 1007.9500000000002 1008.85 1006.7500000000001 0.47626828003423571 -0.97873101657557326 28.895000000000003 6.7650000000000006 0.15855791680139919 0.13085614520420752 0.43612422570713139 1003.0500000000001 29.416458333333342 -0.035000000000000135 1004.7500000000001 715.2083333333336 2.5150000000000001 0.27500000000000008 0.66172999682558653 0.75134583329572002 36.312751555488965 0.46500000000000002 0.33500000000000008 0.37940952255126048 1.0700307634743855
decision_type=2 2 2 2 2 2 2 2 2 2 2 2 2 2 2 2 2 2 2 2 2 2 2 2 2 2 2 2 2 2 2 2 2 2 2 2 2 2 2 2 2 2 2 2 2 2 2 2 2 2 2 2 2 2 2 2 2 2 2 2 2 2 2 2 2 2 2 2 2 2 2 2 2
left_child=-1 2 3 4 20 6 7 -4 9 26 -11 -12 16 14 -10 -14 17 18 -13 -20 -2 22 28 24 31 -26 27 -9 -22 53 69 -24 -31 37 -30 49 -37 39 -39 40 -3 -19 52 59 47 -38 -25 60 -49 68 -51 -18 -36 -16 58 63 64 -21 67 -7 65 -43 -23 -35 -54 66 -41 -55 -34 -29 -50 -47 -53
right_child=1 33 5 -5 -6 43 -8 8 13 10 11 12 15 -15 29 -17 51 41 19 57 21 62 23 46 25 -27 -28 30 34 32 -32 -33 35 55 42 36 45 38 -40 44 -42 61 -44 -45 -46 71 -48 48 70 50 -52 72 56 54 -56 -57 -58 -59 -60 -61 -62 -63 -64 -65 -66 -67 -68 -69 -70 -71 -72 -73 -74
leaf_value=0.026149866543790992 0.005313592522628488 0.021413365222988402 -0.083145591137959773 0.010437156799173775 0.005549775179198301 -0.16048474642390984 0.0013429336572503522 0.014678409183649394 0.030879795040427385 0.010120840004925779 0.017377234507710081 0.0089854411871803253 0.0032086899221011132 0.037959507358526379 -0.0021517352417288775 0.047202506487056387 -0.0070566477934895771 -0.0027663833852599115 0.0068188252629170576 -0.0069210636076326125 0.036076665602422613 -0.02715537472903834 -0.098766697720750876 -4.3063026070452137e-05 0.033267124918169404 0.0014698950596534338 -0.046599888795782134 -0.085541951807267702 0.0030862562827540848 0.0025218648158743494 0.00087226017580044649 0.00016761504124690688 -0.02344249313237564 -0.14520215795618729 -0.0015148518013262111 0.016771436106477865 0.00031436404373768185 -0.068852185290660714 0.009108882295366617 -0.054398423964728611 -0.023328977383892259 -0.0228303201436191 -0.00289033327165905 -0.027392626531813697 -0.0021303361082198793 -0.0044624404022768427 -0.037346367681257334 -0.002019782430226377 -0.14741891244329425 0.00067554983108579524 -0.0044385871792050214 -0.048771535336099889 -0.04462153829729789 -0.019619392822434838 -0.0010645590581803222 -0.045906078158322157 -0.003834091016017528 -0.010818075545604251 -0.036624735991858122 -0.064100049207281184 -0.035797905263274463 -0.0091331855560961798 -0.020374940875384651 -0.082339795666784218 -0.011931748602077857 -0.037784092563429572 -0.17640978442468072 -0.020015445889815461 -0.012523629871258921 -0.045639081079714469 -0.076493574862897248 -0.014453728785911944 -0.0097983135755539286
leaf_weight=157 93 91 634 122 194 273 232 95 147 125 167 97 141 86 124 83 163 96 101 78 98 141 114 148 83 106 604 192 107 84 145 87 306 2254 143 100 82 103 78 78 98 188 80 268 133 106 129 95 162 79 153 375 78 1221 81 237 154 130 153 1903 81 79 583 249 566 941 179 89 78 78 78 78 113
leaf_count=81 65 87 558 50 98 57 92 95 147 113 135 97 137 86 124 83 107 96 101 78 98 93 106 144 83 102 428 192 107 84 145 75 306 746 143 100 82 95 78 78 90 180 80 116 129 102 121 95 162 79 153 207 78 985 73 125 154 130 145 567 73 79 319 93 566 925 179 85 70 78 70 78 89
internal_value=-0.000161793 -0.000244199 0.000229684 0.00165862 0.00053882 -0.000233536 0.00028354 0.000107264 0.000335518 0.00115692 0.00229765 0.00157547 0.000943076 -0.00050726 -0.000746748 0.00584794 0.000160541 0.00150178 0.00332671 0.00147147 1.58021e-05 -0.000168686 0.00047595 0.00204522 0.00372224 0.00730121 -0.000821263 0.000620684 -0.000374953 -0.00100246 -0.00039136 0.000303186 -5.81401e-05 -0.00145023 -0.000715046 -0.000375838 0.000923717 -0.000889026 0.00131477 -0.00109858 0.00117303 -0.000530085 -0.00104435 -0.00169121 -0.00134808 -0.000488755 -0.000304256 -0.00154449 -0.0004028 -0.00115677 0 -0.00141564 -0.00132239 -0.00160227 -0.00174326 -0.00188123 -0.00161991 -0.00103711 -0.00186641 -0.00189811 -0.00183866 -0.00151756 -0.00185896 -0.00200142 -0.00194047 -0.00193821 -0.00149659 -0.00200092 -0.00186017 -0.00177646 -0.00174129 -0.00164519 -0.00190253
internal_weight=17367 17210 12353 3026 2904 9327 6883 6651 6017 3050 1936 1811 1644 2967 2881 224 1420 769 406 309 2710 2617 1893 667 390 189 1114 510 1226 2734 415 201 1066 4857 1128 982 366 2117 181 1936 189 363 1021 2444 1747 266 277 1614 335 616 232 651 941 1668 1544 2740 798 208 1463 2176 1279 267 724 2503 644 1198 257 1310 384 270 240 184 488
internal_count=12247 12166 9141 2482 2432 6659 5919 5827 5269 2570 1632 1519 1384 2699 2613 220 1164 761 406 309 2334 2269 1857 631 366 185 938 510 1226 2466 415 181 1054 3025 1128 970 362 2061 173 1888 177 355 1021 740 1711 262 265 1582 327 608 232 403 941 1412 1288 964 798 208 1215 624 1255 259 412 839 644 1182 257 1070 376 270 232 180 296
is_linear=0
shrinkage=0.0686502


Tree=36
num_leaves=74
num_cat=0
split_feature=10 20 62 47 9 37 54 57 9 62 28 4 63 27 63 25 39 44 56 3 44 27 1 63 9 39 53 19 23 61 2 10 0 19 25 22 23 42 58 20 43 43 57 29 61 23 43 31 63 3 57 28 9 23 10 20 16 54 29 4 53 42 3 56 29 23 42 32 21 19 63 36 42
split_gain=2.23734 12.8362 2.18055 1.67217 1.72206 4.26118 1.45469 1.37268 1.32596 1.7363 0.904323 1.72405 2.77446 0.58644 0.562837 0.455353 0.494834 0.437881 0.788578 0.435769 0.414975 0.46776 0.388124 1.23634 0.381554 0.344368 0.332142 0.53293 0.388529 0.402251 0.441958 0.658693 1.18527 0.375959 0.291643 0.702204 0.286133 0.474181 0.273167 0.598604 0.262395 0.318455 0.250548 0.24894 0.217861 0.184793 0.297141 0.463716 0.563064 0.36841 0.161476 0.146495 0.210161 0.216624 0.130681 0.112494 0.139786 0.108476 0.0752563 0.0706188 0.0525262 0.041228 0.0398072 0.113637 0.0380712 0.0206223 0.0102367 0.00954119 0.0304052 0.00761383 0.00437778 0.0112934 0.00232129
threshold=-0.84291031405530259 39.228536274871942 37.941524562836356 337.55000000000007 0.98801351631316348 37.539401833165101 0.48050000000000004 1001.4500000000002 -0.40542197401079733 30.105274371391353 79.250000000000014 1006.7500000000001 0.49718822972316806 87.250000000000014 4.5559705284622689 30.105000000000004 30.749999999999996 0.27847914455724843 1007.4500000000002 0.99750000000000016 0.65813850022487663 83.65000000000002 5.8950000000000005 -0.065421619303982922 -0.49750868180287638 29.528333333333332 0.38550000000000006 38.588978266054255 29.815000000000001 0.67500000000000016 12.950000000000001 -0.99626127116974506 4.6850000000000014 33.95510544903896 29.815000000000001 28.985000000000003 29.485000000000003 0.20605015570614502 7.3850000000000007 34.84286121231046 29.311458333333338 29.477291666666673 1004.1500000000002 78.750000000000014 6.955000000000001 29.425000000000004 28.266250000000003 -0.56352524590344533 1.1399217375444872 0.039500000000000007 1004.6500000000002 84.850000000000009 -0.70252096857941215 27.825000000000003 0.99548449742306455 32.682352010324792 33.105784555705036 0.83050000000000013 73.250000000000014 1003.7500000000001 0.16050000000000003 0.25409971491117717 0.99750000000000016 1007.85 78.050000000000011 29.645000000000003 0.10722251007447513 0.49500000000000105 29.085000000000004 32.88154013060042 -0.38195010205276242 0.37278071862636131 0.38594904585349304
decision_type=2 2 2 2 2 2 2 2 2 2 2 2 2 2 2 2 2 2 2 2 2 2 2 2 2 2 2 2 2 2 2 2 2 2 2 2 2 2 2 2 2 2 2 2 2 2 2 2 2 2 2 2 2 2 2 2 2 2 2 2 2 2 2 2 2 2 2 2 2 2 2 2 2
left_child=1 2 6 4 7 43 -1 -2 9 -9 11 12 -11 24 15 16 22 18 -12 36 42 -22 45 -24 -8 34 -26 28 29 -28 31 32 -31 -33 51 -36 37 -13 61 -40 67 -42 -19 -6 -14 46 54 48 -48 -49 -47 58 53 -53 69 56 -44 -39 -5 -17 -60 -35 -57 -64 -51 -52 -61 -32 -69 -10 71 -27 -30
right_child=3 -3 -4 25 5 -7 13 8 14 10 17 19 44 -15 -16 59 -18 20 -20 -21 21 -23 23 -25 26 70 27 -29 72 30 40 33 -34 38 35 -37 -38 57 39 -41 41 -43 55 -45 -46 50 47 49 -50 64 65 52 -54 -55 -56 62 -58 -59 60 66 -62 -63 63 -65 -66 -67 -68 68 -70 -71 -72 -73 -74
leaf_value=0.004544397308140242 0.024354672562798062 0.010969402541561627 0.0026756153090497247 -0.16507159645705866 -0.057863044311735071 0.016485971762063914 0.0030999833015016077 0.039246338461545155 -0.078320923194116376 0.044392784644388152 -0.0055438648642683599 0.0087975952264355648 -0.0074254585201108479 0.019721145505397823 -0.0045825943111184649 -0.0082929569535411165 0.063105828969821712 -0.028636320228452097 0.039054681575036755 0.0026268143320732646 -0.023458357904363809 0.027861979156669974 0.0010269729303206214 -0.053848330080578398 -0.0014367100600455693 -0.079096556575855362 0.0083445231110004132 0.015819629828526086 -0.024457889628790398 -0.012588693328718079 -0.041802470897371172 0.0045207201369757899 0.032587577147637138 -0.013223202936793042 -0.09212339946102531 0.0067627543660260985 -0.018550843228574494 -0.023319568042201349 -0.013069471595400258 0.00051792601181253255 0.0094070627977076975 -0.010051712402939261 -0.019778728666286872 0.0075844768660938136 -0.0078995605977241184 0.0043749959664521193 0.0039776938677846627 0.0095031272855443695 -0.0026031552753607405 -0.01390706404142138 -0.013625470980197688 0.0042669749032258385 -0.10365733632541455 -0.0060334747034283291 0.0029225341887571311 -0.0098202470179423792 9.0196593465111318e-06 -0.003605549677559489 -0.07536996155609095 -0.062606348282833693 -0.056700563377056194 -0.0061870272079479509 -0.0095245625401784387 -0.0026400673805866983 -0.028287279962533343 -0.043887208831154413 -0.058814191489667593 -0.04232480649267522 -0.099193480652807794 -0.012861506498987917 -0.16320783645685305 -0.16374080310177691 -0.044772731611568237
leaf_weight=193 106 136 95 139 150 103 139 87 458 131 143 96 97 91 138 258 95 98 82 122 122 151 163 216 95 155 156 107 655 83 678 128 81 394 141 90 281 134 149 89 92 127 124 87 86 123 84 86 119 249 144 88 127 97 93 774 78 85 138 462 713 78 183 90 140 871 1517 78 141 78 2833 230 127
leaf_count=109 50 52 31 139 134 79 139 87 458 131 143 96 97 91 62 66 51 98 82 122 122 151 119 116 47 79 136 67 347 83 662 116 81 382 133 90 281 134 149 85 88 115 124 71 82 31 84 86 119 245 128 88 127 97 93 774 78 85 138 150 713 78 183 90 140 551 497 78 141 78 1029 78 91
internal_value=-0.000153888 0.00129047 0.000538745 -0.000574313 -8.23128e-06 0.00476997 0.000270209 -0.000203878 -0.00030474 0.000856649 0.000563192 0.00218976 0.00642106 -5.04424e-05 -0.000956018 -0.00107291 -0.000505254 -0.000344805 0.00247814 0.000322914 -0.000741949 0.0016845 -0.00067167 0.00136313 -0.000198651 -0.00160998 -0.000350976 -0.000473238 -0.000642259 -0.000185364 -0.000436108 0.000606434 0.00456618 -0.000168798 -0.000756725 0.00147497 -0.000437111 0.000970625 -0.000793575 0.00108493 -0.0013764 0.000733107 -0.00123886 -0.000297715 0.000905975 -0.000989833 -0.000426769 0.000564211 0.00330223 -0.000601436 -0.00163058 -0.00115786 0.000123541 0.00161059 -0.00150207 -0.00150395 0 -0.000776702 -0.00156655 -0.0018105 -0.00180831 -0.00175222 -0.00178979 -0.00102911 -0.00151107 -0.00191638 -0.00195138 -0.00189758 -0.00139955 -0.00191655 -0.00201432 -0.00168304 -0.00196144
internal_weight=17367 3912 3776 13455 8704 340 3681 8364 8258 2964 2877 1032 314 3488 5294 5156 2919 1845 225 718 1620 273 2824 379 3397 4751 3258 3163 3056 2274 2118 1002 164 838 1533 231 596 315 710 238 1116 219 1347 237 183 2445 1307 678 203 475 1138 1302 312 185 629 1249 202 219 990 2237 851 472 1047 273 389 1015 1979 897 219 536 3218 385 782
internal_count=12247 3168 3116 9079 6368 284 3085 6084 6034 2960 2873 1028 310 2976 3074 3012 2299 1845 225 718 1620 273 2248 235 2885 2711 2746 2699 2632 2194 2058 974 164 810 1525 223 596 315 694 234 1084 203 1347 205 179 2013 1303 674 203 471 710 1302 312 185 629 1249 202 219 990 713 851 460 1047 273 385 679 647 881 219 536 1186 157 438
is_linear=0
shrinkage=0.0686502


Tree=37
num_leaves=80
num_cat=0
split_feature=10 20 10 58 57 25 43 54 57 50 43 10 21 52 0 33 27 45 10 55 10 61 27 56 9 63 18 4 63 29 60 18 37 61 44 42 59 0 41 53 4 2 9 59 19 42 50 40 29 0 54 36 26 33 52 34 36 60 63 16 56 9 26 31 52 46 24 2 42 29 31 16 32 1 31 0 58 24 59
split_gain=2.61134 12.0087 2.43877 5.9167 1.81584 1.7608 1.66953 0.935498 1.35534 0.743768 0.680852 0.660209 0.850596 0.816883 0.984287 0.861775 0.497373 0.481532 0.532978 0.996812 0.485235 0.475629 1.11989 0.966892 0.413273 0.472598 1.01583 0.631293 0.833365 1.20768 0.347287 0.312904 1.10885 0.272149 0.226032 0.332258 0.222802 0.268872 0.403791 0.252509 0.197888 0.19082 0.188194 0.177832 0.500754 0.630803 0.161639 0.159177 0.151729 0.220617 0.147312 0.205015 0.137901 0.128582 0.11132 0.0900467 0.191915 0.237202 0.0733859 0.0495456 0.275322 0.0727913 0.0771886 0.0436406 0.0418781 0.0390213 0.0385851 0.112257 0.0351219 0.0274496 0.0202534 0.00748298 0.00581775 0.00580833 0.0053725 0.00509009 0.00497789 0.00470825 0.00329118
threshold=-0.84291031405530259 39.228536274871942 -0.87792756428346708 5.0750000000000011 1001.85 30.655000000000005 31.229166666666671 0.6605000000000002 1006.9500000000002 44.058333333333358 28.377708333333338 -0.2093068927635835 29.645000000000003 0.99050000000000005 2.8550000000000004 32.464813355517208 84.350000000000009 2384.0715000000005 -0.99626127116974506 1006.6500000000002 -0.89388548498445497 2.9150000000000005 80.65000000000002 1007.6500000000002 -0.66484924122790601 -0.64835569636492341 32.650030212339068 1006.7500000000001 0.49718822972316806 81.850000000000009 5.5050000000000008 34.826903010676581 34.636171561856123 21.785000000000004 0.47216871641633057 0.23123220649483772 2.0550000000000002 6.6350000000000007 27.351666666666667 0.024500000000000004 1008.1500000000002 121.2 0.99762106698677389 7.3550000000000013 35.204338757574277 0.25409971491117717 625.30833333333351 0.14011899704899997 79.250000000000014 2.9950000000000006 0.47350000000000003 0.31652969512519791 82.950000000000017 34.138797230672786 0.99950000000000017 0.068521336776492248 0.20020614890802746 0.74500000000000011 1.8065127471350204 34.577210819732883 1007.85 -0.57023701209772126 80.750000000000014 -0.45637714634386123 0.99650000000000005 30.435000000000006 28.675000000000004 100.00000000000001 0.12207920620536701 83.750000000000014 -0.68004750863610741 34.509477525900131 0.72000000000000075 0.27500000000000008 0.59320702808187076 4.3950000000000005 7.3850000000000007 28.895000000000003 5.7650000000000006
decision_type=2 2 2 2 2 2 2 2 2 2 2 2 2 2 2 2 2 2 2 2 2 2 2 2 2 2 2 2 2 2 2 2 2 2 2 2 2 2 2 2 2 2 2 2 2 2 2 2 2 2 2 2 2 2 2 2 2 2 2 2 2 2 2 2 2 2 2 2 2 2 2 2 2 2 2 2 2 2 2
left_child=1 2 7 -4 -2 6 9 8 -1 11 -9 21 13 31 -15 -16 -5 43 19 -19 34 47 23 -23 25 64 -27 28 29 -28 -31 32 36 54 63 -36 68 38 -38 -40 -41 -30 52 46 74 -46 66 -6 49 -29 51 -42 55 -17 58 56 -26 -58 77 60 -57 -62 69 -20 -11 78 67 -12 -13 -63 -7 -50 -68 -33 -45 -52 -65 -24 -61
right_child=4 -3 3 16 5 70 -8 10 -10 24 17 12 -14 14 15 53 -18 18 20 -21 -22 22 33 -25 42 26 27 48 41 30 -32 73 -34 -35 35 -37 37 -39 39 40 50 -43 -44 44 45 -47 -48 -49 71 -51 75 -53 -54 -55 -56 59 57 -59 -60 65 61 62 -64 76 -66 -67 72 -69 -70 -71 -72 -73 -74 -75 -76 -77 -78 -79 -80
leaf_value=0.0054016448574427649 0.022682719035977333 0.01021635069004549 -0.081971276151694167 -0.039035540549810635 -0.034436178195205225 -0.091311983962464496 0.044162154558923278 0.017595958364562816 -0.026936885016744527 -0.016036706739641617 -0.00048747599929042376 -0.014672536084232149 0.007281024699536477 0.039789320975036756 0.030244248730934564 -0.0038139579834207639 0.0097123725027324914 0.03035043294452552 -0.011641669452136962 -0.055358166257565747 0.0052043570265714548 0.005083518382648187 -0.022612869580006859 -0.15197576076036498 -0.070984500190072713 0.011982939219273694 0.027735713174051439 0.0015520165865782999 0.00064811486543506311 -0.024497580808493114 0.0035716059792502996 -0.02521284809247494 0.0065699088299772234 0.009120411588143763 -0.0051706329289568018 -6.415751114594663e-05 0.011253133942826806 -0.0759467817673289 0.0084742703508145414 0.0027204968633989649 -0.023245182644586613 -0.061948853191673925 0.0017218789706730535 -0.057239950639752624 0.011422290607488362 -0.017548421791982707 -0.0031061435978601828 -0.00060992764946970872 -0.012170578714465891 -0.019342372770036257 -0.0418667235749942 0.0012363104076758631 -0.00049367660090728711 7.2854553925159258e-05 0.00024559620324542976 0.0041532909531849871 -0.053589185714278217 -0.023874210098832178 -0.0079674016536184569 -0.073792316991921361 -0.017380670086468243 -0.079682921911721563 -0.0082899780616188818 -0.053869131120372435 -0.0013256833002731495 -0.072153190329026215 -0.020314367327144464 -0.12286748292087467 -0.073889748595935847 -0.1339516016266831 -0.11942531590806024 -0.031649609707659718 -0.047748634550261397 -0.020821008507272139 -0.06230682970333952 -0.0038922292012321304 -0.015737712496807915 -0.015659763513532359 -0.050523535052584542
leaf_weight=130 152 136 170 241 770 334 114 154 130 429 90 78 79 148 126 168 118 81 119 80 90 227 98 133 213 114 86 78 139 80 85 78 86 133 158 80 133 152 93 78 149 180 116 192 78 81 116 132 78 81 176 112 149 80 133 92 138 100 94 1219 83 789 91 282 78 281 948 177 208 116 3017 429 96 221 78 78 87 508 123
leaf_count=78 76 52 102 137 378 98 34 154 82 429 82 78 55 148 126 168 106 81 119 80 78 151 98 61 113 114 86 78 135 80 85 78 86 133 138 72 133 152 93 78 149 180 80 192 78 81 72 104 78 81 176 112 149 80 109 88 98 84 58 707 83 789 91 222 78 105 756 173 208 116 729 429 68 221 78 78 87 392 83
internal_value=-9.45993e-05 0.0014659 0.000738656 0.00505442 -0.000548805 -0.000634744 -0.000175765 3.19988e-05 0.00397134 -0.00027255 -0.000310901 0.000380581 0.00121228 0.00095121 0.00331343 0.00140871 2.93424e-05 -0.000554977 0.000674552 0.00426593 -3.39308e-05 -0.000454621 0.000369465 0.00363233 -0.00081757 7.90885e-06 0.000681914 0.000102305 0.0017809 0.00473025 0.00122668 0.00019483 0.000645126 -0.000844717 -0.000632675 0.00108493 0.000120782 0.000620825 0.0011174 0.000433814 -8.24615e-05 -0.000534316 -0.00125561 -0.00120503 8.62209e-06 0.00306112 -0.00157318 -0.00167051 -0.00132726 0.000493804 -0.000581439 0.000547772 -0.00134945 -0.000925841 -0.00130926 -0.00144374 -0.000524092 0.00079822 -0.00165636 -0.00158998 -0.00123278 -0.00154362 -0.00170717 -0.00148174 -0.00177337 -0.00184316 -0.00179173 -0.00100608 -0.00155338 -0.00189901 -0.00199563 -0.00190839 -0.00198601 -0.00180378 -0.00177646 -0.00175873 -0.0018521 -0.00193302 -0.00200232
internal_weight=17367 3912 3776 529 13455 13303 9952 3247 260 9838 2987 4471 2243 2164 522 374 359 2833 977 161 816 2228 1326 360 5367 1857 1350 1236 570 251 165 1642 1343 966 726 238 1257 971 819 686 593 319 3510 1856 429 159 1427 902 666 159 515 261 3394 248 833 3245 451 238 700 2794 1171 1079 996 488 507 1623 1311 267 286 905 3351 507 1044 299 270 254 369 606 1342
internal_count=12247 3168 3116 345 9079 9003 8176 2771 160 8142 2611 3703 2219 2164 522 374 243 2457 877 161 716 1484 1002 212 4439 1853 1346 1232 566 251 165 1642 1343 790 638 210 1257 971 819 686 593 315 2586 1580 429 159 1151 482 666 159 515 261 2506 248 657 2357 295 182 548 2062 1167 1079 996 428 507 895 1079 255 286 905 827 507 824 299 270 254 309 490 790
is_linear=0
shrinkage=0.0686502


Tree=38
num_leaves=74
num_cat=0
split_feature=10 11 54 50 19 22 9 29 38 38 40 61 28 29 57 18 9 28 25 28 43 18 63 54 43 37 20 16 31 43 53 9 30 38 0 6 9 23 9 30 33 21 42 31 59 30 60 9 0 51 24 19 2 54 21 16 20 26 43 56 44 56 19 53 32 60 0 63 60 27 0 4 0
split_gain=3.05082 13.6444 2.06563 1.93328 1.02903 3.21282 0.91829 0.800004 0.61827 0.965505 1.62311 1.60342 0.687113 1.41229 1.63533 3.00126 0.575172 0.573819 0.609819 0.553083 0.546432 0.768769 1.09604 1.02505 0.61851 0.456507 0.38716 0.560235 0.357636 0.326051 0.313908 0.275642 0.295787 0.336809 0.271445 0.261564 0.739253 0.293471 0.715616 0.242809 0.189298 0.426024 0.187006 0.151466 0.149262 0.138575 0.214788 0.112013 0.106352 0.151193 0.0894061 0.0875927 0.0846553 0.114425 0.0873894 0.0791232 0.240792 0.071034 0.0453659 0.041045 0.0393622 0.0590968 0.0372828 0.0372371 0.0330289 0.0316785 0.0283887 0.0238079 0.0592155 0.0175026 0.00520001 0.00444615 0.00223207
threshold=-0.84291031405530259 5.5000000000000009 0.5525000000000001 48.016666666666801 39.366388837341837 30.345000000000002 -0.4673548892883575 84.65000000000002 1.2718124586821673 1.6050111323121368 0.23259406699270233 8.5250000000000004 79.250000000000014 72.350000000000009 1007.9500000000002 34.304810153120322 -0.66484924122790601 79.250000000000014 29.835000000000004 83.750000000000014 30.100625000000001 35.373819626782925 -0.5843393659354631 0.81950000000000001 28.35979166666667 36.758021302431459 33.571003814199322 33.539636115923081 1.5943739800654113 29.283958333333338 0.99250000000000005 0.43664718845046319 83.450000000000017 0.74167734103185656 5.7950000000000008 -0.70710678118654757 0.98801351631316348 29.645000000000003 0.57023701209772126 76.65000000000002 32.716783685335621 27.825000000000003 0.11973582031641207 0.21473175166217121 4.3350000000000009 84.65000000000002 12.615 -0.79356426026969629 6.3650000000000011 10594.681500000001 28.915000000000003 33.037273737141525 9.7000000000000011 0.99850000000000005 28.955000000000002 33.793195764266031 33.87457514026412 83.050000000000011 26.895833333333336 1010.0500000000001 0.35299648921483101 1007.0500000000001 39.986529123853963 0.39350000000000007 -0.31999999999999845 17.430000000000003 5.4450000000000012 -0.38195010205276242 2.4750000000000005 66.15000000000002 4.3550000000000013 1010.1500000000002 2.7850000000000006
decision_type=2 2 2 2 2 2 2 2 2 2 2 2 2 2 2 2 2 2 2 2 2 2 2 2 2 2 2 2 2 2 2 2 2 2 2 2 2 2 2 2 2 2 2 2 2 2 2 2 2 2 2 2 2 2 2 2 2 2 2 2 2 2 2 2 2 2 2 2 2 2 2 2 2
left_child=1 -1 -3 4 5 8 7 -4 12 10 11 44 13 42 25 -16 17 18 34 30 21 24 -23 -24 -8 -15 27 40 48 52 58 32 50 -34 39 36 37 38 51 -5 41 57 -2 69 72 60 66 -41 63 -50 -25 -18 53 54 -26 56 59 -14 -11 -37 61 -28 -6 -19 -60 -65 -47 68 -57 -39 -42 -44 -10
right_child=3 2 6 16 62 -7 20 -9 9 19 -12 -13 26 14 15 -17 35 28 -20 -21 -22 22 23 31 29 -27 45 -29 -30 -31 -32 -33 33 -35 -36 55 -38 43 -40 47 70 -43 71 -45 -46 46 -48 -49 49 -51 -52 -53 -54 -55 -56 67 -58 -59 64 -61 -62 -63 -64 65 -66 -67 -68 -69 -70 -71 -72 -73 -74
leaf_value=0.039837857370770252 0.0025196541163968653 0.0065688557592451782 0.00062574148808060878 0.0028722205958238655 -0.016289150514392239 0.04997859464807889 0.017002776206861123 0.012066405239798293 -0.017332725186527422 -0.0053818746278332143 0.041855562404216583 0.036164715072030909 -0.012286028931842803 -0.0013249333480997161 1.4256879565164524e-05 0.015893854147478036 -0.081421589158561652 -0.00074413751570840791 0.008312057996690032 0.034046401722901437 -0.024530986944290813 0.024310655965630926 0.011223304311404085 -0.00084811923343797917 -0.017012076683836291 -0.04444595136103071 -0.082663343564874897 0.024930423512649243 -0.00041914366505591872 0.0025260072977135507 0.0057795059762503721 0.0067349602767748842 -0.0079643951675925188 -0.010102526946771495 0.021840981828568227 -0.055559587533502333 0.01059792377564771 -0.063155427657933999 0.0042314468534087489 -0.014327042274682792 -0.0038942169399791885 0.0039368296082056484 -0.052635247262519586 -0.00079648003953351493 0.0033969915663010432 -0.011211773278127035 0.00017191461530711871 0.00050335464790794324 -0.0052187173185202452 6.0841999153894708e-06 -0.025037628960771045 -0.00078605625902462026 -0.055799699243833163 0.00021534406995801715 -0.030282340075685837 -0.046657425938363237 0.029030227735066853 -0.02343691154687437 -0.017590324455644287 -0.1866260143012112 -0.022873701928049894 -0.0041142230825781997 -0.035788016130860717 -0.035802082189167972 -0.0034162552788739218 -0.0046267535944825985 -0.021294398219008037 -0.14764601561037857 -0.11693733778840894 -0.066176035203590694 -0.02697205048315978 -0.15870431884827793 -0.014298227908222418
leaf_weight=268 127 219 151 80 358 175 148 89 78 100 79 86 78 131 126 117 287 78 119 79 612 148 115 130 303 184 97 134 118 134 113 104 90 89 128 78 135 168 155 233 78 126 304 247 107 121 83 97 94 105 373 78 715 145 79 169 102 146 271 385 802 78 520 714 86 103 78 2993 321 1252 182 92 80
leaf_count=120 103 123 151 80 106 71 148 89 78 100 71 86 78 127 126 77 287 78 115 79 244 148 87 114 303 64 93 134 118 130 109 92 82 85 128 78 107 96 155 233 78 126 228 79 107 117 83 97 94 105 329 78 707 141 75 89 98 146 263 385 582 70 132 714 78 103 78 1113 149 556 182 92 80
internal_value=-6.29787e-05 0.00162378 0.000519836 -0.000553906 0.000479527 0.000914149 0.000103666 0.00418658 0.000528079 0.00194138 0.00445915 0.00241418 3.12417e-05 0.00142661 0.00382667 0.00804177 -0.00120876 -0.00014659 0.00148199 0.000259013 -0.000204112 0.000232905 0.00166352 0.00075266 -0.000749039 0.000536735 -0.00071971 0.000516098 -0.00103442 -0.0012063 -0.000483429 -0.000131123 -0.000641263 0.00173263 0.000481567 -0.00151949 -0.000933205 -0.00124016 0.00017432 -0.000371088 -0.000361982 0.000668854 -0.00112759 -0.00168428 -0.000225203 -0.0014539 -9.30159e-05 -0.00120632 -0.00142535 0 -0.00149892 -0.00147515 -0.00155604 -0.000874825 -0.00150106 -0.00185405 -0.0010755 -0.00110967 -0.00129292 -0.00174627 -0.00184066 -0.000845887 -0.0016599 -0.00174406 -0.00165363 -0.00188175 -0.0013337 -0.00197835 -0.00148409 -0.00195716 -0.00176563 -0.00186619 -0.00157763
internal_weight=17367 3912 3644 13455 5216 4338 3425 240 4163 1079 430 351 3084 1081 558 243 8239 1869 657 649 3185 2573 1049 901 1524 315 2003 744 1212 1376 570 786 682 179 538 6370 2322 2187 520 410 610 350 523 1667 265 1259 282 330 1094 199 503 365 1242 527 382 4048 565 224 457 463 977 175 878 895 357 817 199 3483 490 1420 260 396 158
internal_count=12247 3168 3048 9079 3944 3706 2925 240 3635 1051 422 351 2584 817 394 203 5135 1865 653 629 2685 2441 937 789 1504 191 1767 744 1212 1356 550 702 610 167 538 3270 1358 1251 520 410 610 350 423 731 265 1023 278 330 1094 199 443 365 1226 519 378 1912 561 224 441 463 745 163 238 895 341 817 195 1351 238 652 260 320 158
is_linear=0
shrinkage=0.0686502


Tree=39
num_leaves=76
num_cat=0
split_feature=26 62 55 38 20 16 32 63 1 62 25 18 43 49 17 28 9 16 0 10 46 57 61 63 60 30 24 39 26 44 44 47 9 26 9 9 3 16 9 3 16 44 1 10 24 9 48 59 7 44 27 22 4 28 31 7 37 34 36 55 29 5 9 21 22 42 59 29 1 32 25 27 40 2 54
split_gain=2.42071 1.75234 0.957043 0.902254 2.62144 3.08747 5.18265 0.871074 0.748047 1.61038 0.644146 0.592318 1.77904 0.580338 0.544784 0.595137 1.22289 0.540514 0.485642 0.863331 0.602642 0.505613 0.47721 0.434263 0.411343 0.579757 0.793509 0.379432 0.542501 0.856036 0.685333 0.743299 0.364135 0.343928 0.355413 0.856971 0.29584 0.40419 0.275728 0.246168 0.324238 0.224037 0.217054 0.349583 0.589675 0.209162 0.203903 0.170329 0.16116 0.148093 0.143178 0.131084 0.297276 0.113868 0.103962 0.103259 0.184607 0.103161 0.0999959 0.0905942 0.0845101 0.0721586 0.0646007 0.06435 0.0600791 0.161935 0.046909 0.021038 0.00836639 0.00776265 0.00685109 0.00570484 0.00387694 0.00168136 0.0012756
threshold=78.250000000000014 38.090095868081626 1002.0500000000001 0.81746689397246197 37.441307861039455 38.588978266054255 -0.18000000000000146 3.3079258536589067 11.845000000000001 37.813713516306244 30.525000000000002 37.386523937306997 30.273541666666674 918.4000000000002 35.986770433966726 79.250000000000014 -0.86958133671945925 35.356819745469863 4.6850000000000014 -0.99626127116974506 28.625000000000004 1004.2500000000001 51.675000000000004 0.85829266585139241 0.48500000000000004 83.050000000000011 28.275000000000002 30.415000000000003 72.750000000000014 0.52614462867719858 0.56902264913733402 626.25000000000011 -0.97873101657557326 81.750000000000014 -0.57023701209772126 -0.49750868180287638 0.063500000000000015 35.119129430175668 -0.52707282776374165 0.99950000000000017 34.332319616206568 0.71150063396796737 2.0250000000000004 -0.15855351192338588 28.905000000000005 -0.99551215362393819 569.70000000000016 2.6350000000000002 -0.91597561503675329 0.50665668478749215 74.850000000000009 28.345000000000002 1009.0500000000001 81.350000000000009 -0.86261683736589834 0.91597561503675362 35.216689268576545 0.61829275390026106 0.11077074674478966 1004.35 86.350000000000009 -0.5 0.97873101657557349 27.705000000000002 29.305000000000003 0.37308622763876126 2.4750000000000005 76.850000000000009 17.430000000000003 -0.27000000000000129 30.705000000000002 79.750000000000014 0.041633319992870156 409.25000000000006 0.31250000000000006
decision_type=2 2 2 2 2 2 2 2 2 2 2 2 2 2 2 2 2 2 2 2 2 2 2 2 2 2 2 2 2 2 2 2 2 2 2 2 2 2 2 2 2 2 2 2 2 2 2 2 2 2 2 2 2 2 2 2 2 2 2 2 2 2 2 2 2 2 2 2 2 2 2 2 2 2 2
left_child=8 2 -2 11 7 6 -6 14 10 46 13 12 18 23 15 16 -5 24 32 -20 21 -21 33 27 25 26 -18 28 -1 50 -31 38 -4 47 41 -36 -37 51 -32 54 -41 45 63 73 -45 -35 -10 -17 -12 -26 -30 52 -38 -47 -23 66 -57 69 -13 -16 67 -52 72 -25 65 -40 -34 -56 -68 -49 -50 -65 -61 -44 -60
right_child=1 -3 3 4 5 -7 -8 -9 9 -11 48 58 -14 -15 59 22 17 -19 19 20 -22 39 -24 42 49 -27 -28 -29 29 30 31 -33 55 34 35 36 37 -39 64 40 -42 -43 43 44 -46 53 -48 57 70 -51 61 -53 -54 -55 60 56 -58 -59 74 62 -62 -63 -64 71 -66 -67 68 -69 -70 -71 -72 -73 -74 -75 -76
leaf_value=-0.089106789493141172 0.0063771367869445896 -0.079078807860603548 0.018210258035279901 0.026268507736600066 0.005930928741963366 5.9729363290956275e-05 -0.0062048339965186383 0.028156147592086275 -0.028097221389768536 0.0050289405294343271 -0.072618911702266822 -0.026570320089167578 0.0072347260552330589 0.0099028728133057856 -0.0020204050366349662 -0.0011608845941282807 -0.030420028293598116 0.024407231040724078 0.010353450455055764 0.022750905892301033 0.0042153635180240939 0.00042329810866999543 0.020348150138113089 -0.028460535554833435 0.00051009902903842289 -0.074483284634293614 0.0089189852167802265 0.0078173271858203285 -0.0012543633822702182 0.012866861532965649 0.013995490484004856 0.020937187399547443 -0.045328865711840839 0.0001335329115843348 0.0093425167199103001 0.0022346358539916825 -0.0015727240156526261 0.0038885063257099719 0.0013596436103813227 -0.011085779185245124 0.0015974567193296611 -0.01057255158294312 -0.017213722649426128 -0.032163554134964509 0.0043115281042907915 -0.0019928937474299603 0.0022017564512121991 -0.019628184389354292 -0.076364110948056355 -0.021112645877553897 -0.021222266004885606 -0.033121035218340429 -0.010605725102025053 -0.010170749116537195 -0.007171262990478296 0.0012557125685138586 -0.043945964101113025 -0.011398082634655317 -0.14696546859081563 -0.016656107060943368 -0.0070481707833361064 -0.080152756789071467 -0.0010352253952957094 -0.085748775784708534 -0.064130906716061392 -0.032713472426378919 -0.027010476625331906 -0.013974761599669337 -0.025783032614235757 -0.023209252630376775 -0.13236987958950699 -0.091602914557502607 -0.024307654882909778 -0.043616254327969291 -0.020948231500413955
leaf_weight=644 104 170 118 112 131 459 218 127 183 100 409 251 84 121 153 96 80 79 97 145 146 132 85 119 79 102 136 305 113 112 147 80 139 79 88 82 130 82 80 87 78 133 191 155 78 110 81 79 314 253 102 199 129 442 131 97 109 117 146 105 78 502 104 1256 152 100 720 505 78 552 2605 99 500 106 757
leaf_count=608 76 54 118 112 55 111 114 127 163 56 117 83 32 49 105 96 80 67 97 145 146 128 85 119 79 102 136 145 105 104 147 68 127 79 88 82 130 82 80 87 78 133 99 155 78 110 69 79 114 253 66 199 129 442 111 97 93 117 42 69 78 414 100 1028 116 100 672 481 78 552 633 83 364 82 349
internal_value=-0.000102505 0.000659606 0.000528547 0.000451152 0.00105777 0.00463786 0.00949201 0.000371817 -0.000964198 0.00206718 -0.00110687 -0.000332102 0.000215148 -0.000565757 0.000196288 0.000605058 0.00217529 0.0011329 -9.60576e-05 0.000782077 0.000308852 -0.000213762 5.23667e-05 -0.000698035 0.000466218 0.00223161 0.00424455 -5.97121e-05 -0.000401211 0.000359896 0.00212289 0.00112131 -0.0010742 -0.000132124 0.000498047 0.00160413 0.000689769 9.18054e-05 7.91701e-05 -0.000763098 0.00163914 -0.000524135 -0.00143925 -0.000235624 0.00173765 -0.00106964 -0.000735548 -0.00123782 -0.00183024 -0.00121143 -0.00128368 -0.000696907 0.000304201 -0.00154855 -0.00123976 -0.0014525 -3.44319e-05 -0.00159058 -0.00163652 -0.00133446 -0.00156829 -0.00170583 -0.00166147 -0.00186785 -0.00100555 -0.000122606 -0.00175817 -0.00183128 -0.0019634 -0.00193802 -0.00200969 -0.00200286 -0.00193281 -0.00180206 -0.00197456
internal_weight=17367 9213 9043 8939 5041 808 349 4233 8154 364 7790 3898 2744 4462 4106 3244 841 729 2660 1399 1302 1156 2403 4341 650 318 216 2337 2032 1388 671 559 1261 2318 1474 710 622 540 479 1011 165 764 2004 530 233 631 264 844 3328 332 717 458 259 552 846 1143 206 748 1154 862 714 604 709 1474 332 180 937 636 798 631 2919 1355 605 297 903
internal_count=12247 7449 7395 7319 4277 280 169 3997 4798 288 4510 3042 2568 3646 3870 3232 829 717 2536 1351 1254 1108 2403 3597 650 318 216 1953 1808 1200 615 511 1185 2318 1474 710 622 540 443 963 165 764 1644 414 233 631 232 844 864 332 585 458 259 552 798 1067 190 748 474 638 670 480 533 1230 296 180 877 592 750 631 747 1111 433 181 391
is_linear=0
shrinkage=0.0686502


Tree=40
num_leaves=81
num_cat=0
split_feature=26 57 10 62 53 38 43 62 63 57 52 16 10 44 28 44 38 59 51 29 1 10 20 37 36 54 60 55 11 29 43 37 56 43 63 60 63 29 11 9 58 27 26 10 59 28 29 30 44 60 34 56 63 21 20 10 44 23 28 63 28 8 57 44 23 38 0 59 42 28 28 16 59 6 59 41 0 44 7 60
split_gain=2.64129 2.09449 2.00096 10.8675 3.87983 1.00384 1.45223 0.839217 1.01585 0.780873 0.760672 1.15686 0.707375 1.43534 0.651054 1.13524 1.4742 1.50903 0.552324 0.531077 0.503332 0.501394 0.76043 0.42802 0.407515 1.26538 0.398136 0.603354 0.475811 0.911519 0.32267 0.595341 0.829879 0.686753 0.755293 0.448934 0.599292 0.274176 0.638974 0.274175 0.459072 0.255475 0.253289 0.231585 0.215809 0.179057 0.410184 0.178285 0.38718 0.167136 0.167031 0.182661 0.162544 0.154122 0.309691 0.132424 0.125719 0.269321 0.10353 0.10667 0.0975749 0.0922623 0.0905058 0.0751168 0.133247 0.164895 0.10763 0.073236 0.225968 0.0346773 0.0342119 0.0268486 0.0208369 0.0187772 0.033967 0.0062016 0.00454819 0.00419847 0.00325592 0.00308238
threshold=76.250000000000014 1001.4500000000002 -0.84291031405530259 37.858883030489274 0.75050000000000006 1.3489167348945001 30.006041666666672 35.72193385360746 3.9861711082627882 1004.1500000000002 0.99250000000000005 32.756804173735823 -0.86955717898714324 0.35299648921483101 79.250000000000014 0.56902264913733402 0.75159360868108049 4.705000000000001 784.98300000000006 83.850000000000009 10.165000000000001 -0.97502841500522164 35.168170754293868 33.04318495011816 0.15877108969119363 0.97850000000000004 1.8950000000000002 1004.4500000000002 8.5000000000000018 79.250000000000014 29.930625000000006 34.950628520790367 1006.6500000000002 28.963333333333335 -0.5843393659354631 7.4150000000000009 0.63891252823810885 68.350000000000009 4.5000000000000009 -0.97873101657557326 3.3150000000000004 86.15000000000002 82.850000000000009 -0.43663505800854857 3.3750000000000004 81.750000000000014 82.550000000000011 83.550000000000011 0.57715059335169505 9.9100000000000019 0.17076394541099482 1007.35 -0.21797553435147418 29.205000000000002 33.188707211428117 -0.94695267581281539 0.39159916930209965 28.735000000000003 74.450000000000017 -0.38195010205276242 85.350000000000009 0.91597561503675351 1009.0500000000001 0.3974127147429764 28.715000000000003 0.65034834288238874 2.2550000000000003 5.4650000000000007 0.26854234857934661 70.850000000000009 73.350000000000009 35.377906449035684 3.1650000000000005 -0.9159756150367534 3.9950000000000006 29.350000000000005 5.6550000000000011 0.55675455337189106 0.37940952255126054 8.4350000000000005
decision_type=2 2 2 2 2 2 2 2 2 2 2 2 2 2 2 2 2 2 2 2 2 2 2 2 2 2 2 2 2 2 2 2 2 2 2 2 2 2 2 2 2 2 2 2 2 2 2 2 2 2 2 2 2 2 2 2 2 2 2 2 2 2 2 2 2 2 2 2 2 2 2 2 2 2 2 2 2 2 2 2
left_child=21 -2 3 4 -3 7 10 8 9 19 41 -12 23 -14 15 16 18 -18 -11 -4 -13 22 -1 -6 25 77 37 -28 58 -30 31 50 33 -33 -35 36 -36 38 69 40 -16 43 -37 -7 -17 61 -47 63 56 78 51 52 -25 54 62 75 57 -49 59 -29 -51 72 -39 64 76 -66 -65 70 -69 -23 -26 -31 -45 74 -55 -34 -41 -9 -42 -60
right_child=1 2 5 -5 12 6 -8 24 -10 14 11 20 13 -15 39 44 17 -19 -20 -21 -22 26 -24 30 67 -27 27 28 29 71 -32 32 55 34 35 42 -38 53 -40 47 49 -43 -44 45 -46 46 -48 48 -50 60 -52 -53 -54 73 -56 -57 -58 -59 79 -61 -62 -63 -64 66 65 -67 -68 68 -70 -71 -72 -73 -74 -75 -76 -77 -78 -79 -80 -81
leaf_value=-0.028624640018636308 0.017349266319791466 0.0053188439952943437 0.025662550148710678 -0.054871683874033635 0.017089183464585007 -0.002987361990583492 0.0058443203833499656 -0.034881979584197281 0.0022778412318155885 -0.040808302862522912 0.043765245932359247 -0.041694484390977615 -0.012433835558934276 0.014541355654989787 0.030825592344384076 0.00064524782138595193 0.014856712239794321 5.5233175322749717e-05 0.0032441228812548004 -0.00068316194876152296 0.023095928545064828 -0.096610707097455686 0.016487325806044058 -0.011864556470187023 -0.075023453860801864 0.00084380461868108323 -0.0036685711984522904 -9.6167875570913247e-05 0.012009683424118059 -0.081733372336773774 -0.02090097837677966 -0.058902120733361811 -0.033500761378184037 0.017601554505307378 0.00054161384100781063 -0.029288488019670711 0.020349717306009912 -0.0073581654739531743 0.050607970678271323 -0.073442806555793771 -0.0040130773177620149 0.0038117211458236159 0.0018092893982831642 -0.0084481873555176702 -0.031447801003976414 0.0049390841243725659 -0.058305830858747326 -0.028090597977351781 -0.0042863878372218977 0.00038657213016649733 -0.039243989371393874 0.0012259786310123821 -0.00012815758609040144 -0.18889737202992729 0.021063471780602777 0.00050877482541536814 -0.019842033866963975 -5.0797917806094093e-05 -0.11040889952378291 -0.020073232200638332 -0.0035955249211495526 -0.0096844616177746909 -0.19867364990698028 -0.0019679139623480961 -0.061006462252278584 0.00057373746064262978 -0.029346608144136737 0.01903667916077215 -0.090621132553293085 -0.033138120623745451 -0.045034038564043234 -0.021673511213812547 -0.041377617053050056 -0.13454207735227741 -0.049664877144432643 -0.031754192728137537 -0.051256962574296336 -0.034287216953785234 -0.017460467223438112 -0.087504411128674575
leaf_weight=136 114 227 105 158 108 96 89 304 106 184 83 122 160 81 80 151 139 105 78 86 80 200 78 220 212 258 152 131 110 108 377 121 253 96 120 116 144 80 97 150 105 137 99 122 326 96 99 147 127 78 474 86 133 143 127 82 255 145 597 223 79 107 384 129 87 78 910 140 279 78 1547 78 338 2913 208 78 78 246 78 116
leaf_count=136 58 155 105 54 108 88 49 92 62 184 83 122 132 69 80 151 139 105 78 86 80 196 78 220 84 126 104 71 110 108 173 121 253 96 120 108 140 80 81 150 105 133 99 122 254 96 79 147 127 78 446 86 133 91 123 82 255 145 281 103 79 107 384 129 87 78 898 88 99 74 563 78 318 1173 80 66 78 78 78 92
internal_value=0 0.000611831 0.000517238 0.00199163 0.00105345 -4.83925e-05 0.00164578 -0.000390915 0.000283876 9.13278e-05 0.00104596 0.00416398 0.000336682 0.00387765 -0.000140685 0.00135524 0.00361813 0.00744121 1.66925e-05 0.00435005 0.00130391 -0.00117127 0.00207252 -3.66664e-06 -0.00125248 5.80175e-05 -0.0012935 -0.000333826 -0.000795663 0.00162579 -0.000197161 0.00014467 0.00121506 0.00266199 0.00365308 0.0025083 0.00439772 -0.00163575 0.000122926 -0.000725332 0.000867259 0.000142894 0.00015036 -0.000292674 -0.00103799 -0.000699957 0.00107429 -0.00104579 -0.000116277 -0.000226 -0.00114968 -0.000170524 -0.000874307 -0.00180816 -0.000771049 -0.00121154 -0.000918027 3.83811e-05 -0.00147357 -0.000491359 0.00139261 -0.0013205 -0.00159944 -0.00147909 -0.000646408 0.000814221 -0.00178771 -0.00174076 -0.000897076 -0.00153889 -0.00193787 -0.00128336 -0.00174423 -0.00199393 -0.00145194 -0.00182839 -0.00172464 -0.00179568 -0.00164294 -0.00195196
internal_weight=17367 11408 11294 3133 2975 8161 1369 6792 3806 3700 1280 285 2748 241 3509 983 506 244 262 191 202 5959 214 2507 2986 808 5745 1515 1363 296 2399 2022 1109 696 575 479 264 4230 375 2526 420 995 215 858 477 762 195 2106 674 340 913 439 353 3855 591 413 547 292 1067 354 157 567 464 1432 393 165 1039 2178 419 278 1759 186 460 3264 351 331 228 550 183 713
internal_count=12247 8804 8746 2661 2607 6085 1277 4808 3678 3616 1228 285 2452 201 3425 911 506 244 262 191 202 3443 214 2251 1130 296 3229 947 843 296 2143 1970 1085 684 563 467 260 2282 351 2514 420 943 207 810 405 722 175 2094 674 340 885 439 353 1931 587 401 547 292 547 174 157 547 464 1420 393 165 1027 834 187 270 647 186 440 1344 171 319 228 170 183 373
is_linear=0
shrinkage=0.0686502


Tree=41
num_leaves=83
num_cat=0
split_feature=26 10 62 53 6 20 57 10 44 24 0 17 19 25 61 43 25 34 42 30 34 23 26 45 1 10 61 22 61 24 17 31 41 4 9 31 24 44 25 30 16 34 23 37 44 24 52 58 4 40 3 60 37 29 39 37 30 63 49 10 1 1 28 34 50 16 54 10 30 23 61 43 19 61 45 38 49 1 3 30 0 27
split_gain=2.675 1.62638 15.2346 2.73991 4.35061 1.0587 1.23608 0.834957 1.43218 0.627683 0.809571 1.0983 1.00569 0.538764 0.508168 1.40064 0.474781 0.807564 0.614687 1.18963 2.84353 0.458408 0.497909 0.496999 0.452199 0.434856 0.546737 0.433837 0.564785 0.650217 1.26291 0.379612 0.360125 0.321817 0.290291 0.344132 0.84753 0.293883 0.249104 0.244143 0.225815 0.222706 0.238708 0.220904 0.28245 0.576299 0.199779 0.270027 0.298929 0.182662 0.164895 0.164734 0.162086 0.429458 0.150338 0.23853 0.4475 0.576347 0.336991 0.159356 0.145596 0.324475 0.206297 0.13748 0.107558 0.105419 0.0798338 0.055345 0.0427611 0.0420115 0.142442 0.0403849 0.0366564 0.0353351 0.0296859 0.0394061 0.052229 0.00732017 0.00616796 0.00457242 0.00359372 0.00346495
threshold=76.950000000000017 -0.84291031405530259 37.858883030489274 0.84950000000000003 -0.70710678118654757 34.195989227277089 1002.6500000000002 -0.86955717898714324 0.347864472627685 28.455000000000002 3.0650000000000004 33.930805527251209 33.250077741236581 28.215000000000003 3.4650000000000003 30.578750000000003 30.505000000000006 0.66259975192706744 0.15378014370833915 78.050000000000011 0.10838379153657729 28.175000000000004 79.750000000000014 2355.8620000000005 5.3050000000000006 -0.97502841500522164 1.0850000000000002 29.265000000000004 0.74500000000000011 29.605000000000004 35.118951946502371 -1.0070357044557026 28.070000000000004 1004.7500000000001 0.63874350706337069 0.55567756598987483 28.905000000000005 0.74682874163835666 30.655000000000005 85.15000000000002 34.277549901925447 0.028353517496685011 31.475000000000005 35.500314289641956 0.39331275983346298 28.685000000000006 0.89050000000000018 4.6850000000000014 1008.6500000000002 0.026457513114455843 0.42450000000000004 1.0000000180025095e-35 34.022873958060252 78.65000000000002 29.725000000000001 31.32364566645121 74.050000000000011 1.1558336534524118 636.6500000000002 0.96457844552971317 5.8250000000000011 7.8050000000000006 79.350000000000009 0.030116031376559573 546.04166666666686 33.87457514026412 0.99850000000000005 -0.23449138957041016 77.250000000000014 29.815000000000001 4.9850000000000012 28.444791666666674 36.446046846002382 3.0850000000000004 2279.0920000000001 1.308991096166624 551.10000000000014 2.6350000000000002 0.043500000000000004 74.350000000000009 3.9950000000000006 66.450000000000017
decision_type=2 2 2 2 2 2 2 2 2 2 2 2 2 2 2 2 2 2 2 2 2 2 2 2 2 2 2 2 2 2 2 2 2 2 2 2 2 2 2 2 2 2 2 2 2 2 2 2 2 2 2 2 2 2 2 2 2 2 2 2 2 2 2 2 2 2 2 2 2 2 2 2 2 2 2 2 2 2 2 2 2 2
left_child=14 2 3 4 -2 9 -7 27 -9 40 11 13 -12 32 25 34 17 18 19 20 -8 23 -23 50 -6 26 -1 28 -5 31 -31 -30 -11 -21 35 37 64 72 41 63 49 -27 54 44 45 -35 78 48 -48 -3 -14 -51 53 -49 55 68 57 -57 77 -59 -33 -62 -63 -20 -37 -64 74 -45 -43 70 -29 -53 -16 -54 -65 79 -77 -58 -24 -76 -46 -56
right_child=1 5 -4 7 24 6 16 8 -10 10 12 -13 21 -15 15 -17 -18 -19 39 33 -22 22 46 -25 -26 38 -28 69 29 30 -32 60 -34 43 -36 36 -38 -39 -40 -41 -42 42 -44 67 80 -47 47 52 -50 51 -52 71 73 -55 81 56 58 59 -60 -61 61 62 65 66 -66 -67 -68 -69 -70 -71 -72 -73 -74 -75 75 76 -78 -79 -80 -81 -82 -83
leaf_value=0.002692195433959647 0.0057921403054868948 0.0021817948547763724 -0.038097335114298692 -0.0060456096285399731 -0.034904827779562442 -8.3685712202210871e-05 0.0065733983949531703 -0.01847336691771571 0.013606979402000549 -0.00071558239116128769 0.0085728326810342887 0.026920336624834854 -0.021362426997740127 -0.04232253892851548 -0.023791494609416809 0.015927932661325184 -0.044118918137000994 -0.001914874736643594 0.0026275763440749239 3.9291104182615003e-05 -0.071668215605873012 0.026885869724756453 -0.0011033011424801703 0.0034776896579939184 0.01463438324348695 -0.047830963150383099 -0.06155329421209732 0.00091256073913056413 0.019750204911891899 -0.0077642047456052904 0.030534086026087523 -0.02676066858573049 0.013067303518237164 -0.039059594175151098 -0.068804351181652124 -0.072330043500979546 0.012588120281586941 0.006343209286324954 -0.11553581022567476 0.0062477704331340466 0.0013295182642112536 -0.13671607671649472 0.011472166008009104 -0.025964245393174677 -0.038888425178180051 0.0059163987248168374 0.014103265510968566 0.0041878198322460045 -0.0042316186448510167 0.00081198403296621924 -0.012666977664693636 -0.046232387866512195 -0.039969103148467404 -0.012821995980277601 -0.047030403636350748 0.017097440016795692 -0.10242091783098656 -0.23783141668398422 0.0011020942986322401 0.0041914301410298721 0.00084920454150345112 0.00030863761660916402 -0.0017564241945608862 -0.01482798789558778 0.0034277522567795074 -0.010308619761447337 -0.0019549034671949811 -0.021704128696996599 -0.017676201045938946 -0.069970833858152365 -0.019868291951927724 -0.0088221453733242083 -0.044839620395706402 -0.013658165137022867 -0.12812855917703547 -0.019546690233100586 -0.0014372309433398609 -0.038681580835416396 -0.022894343674989014 -0.0331141315343466 -0.041844925281036997 -0.073466920564895052
leaf_weight=85 114 78 146 86 116 213 170 155 80 81 104 114 87 89 312 116 1024 107 84 333 178 118 78 106 80 96 80 110 118 124 116 390 82 116 417 105 92 84 2358 134 146 604 191 566 78 107 78 78 78 103 78 421 78 95 118 82 397 90 83 78 104 78 115 93 79 397 139 128 80 442 207 80 82 212 109 91 83 78 250 1241 115 939
leaf_count=85 66 78 50 82 92 97 98 127 72 81 104 114 87 89 284 44 296 95 48 145 114 118 78 106 76 60 80 94 118 124 116 386 82 116 153 105 72 76 546 134 146 604 75 310 78 107 78 78 78 103 78 421 78 95 102 78 373 90 83 78 104 78 115 93 71 397 115 124 80 258 203 80 62 212 77 91 67 78 250 881 115 575
internal_value=-1.55477e-05 0.000654938 0.00201805 0.000895588 0.00697083 0.000129725 -0.000445905 0.00014321 0.00402832 0.00124785 0.00196534 0.00484722 0.00122514 0.0022656 -0.00109783 0.000123298 -0.000670095 -0.000320507 -0.000489826 0.000428733 0.00402425 0.000710611 6.27046e-05 0.00322388 0.00071072 -0.00139202 0.00205161 -0.000256008 0.000407747 7.91443e-05 0.00333357 -0.000569538 0.00460647 -0.000437916 -0.000588695 0.000209381 0.0021389 -0.000896936 -0.00150296 -0.00132557 -0.000311537 -0.00106465 -0.00118006 -0.00100211 0.000237483 0.00190683 -0.000458471 0.000260472 0.00272265 -0.000842159 0.000814221 -0.00125227 -0.000563763 0.00107597 -0.00135645 -0.000904831 -9.87233e-05 0.0023 -0.0011859 0 -0.000976779 -0.000369591 -0.00100102 -0.00153313 -0.000534586 -0.00150875 -0.00166422 -0.0017516 -0.00184726 -0.00159736 -0.000955902 -0.00176996 -0.00169161 -0.00156033 -0.00179994 -0.00187413 -0.000838969 -0.00189824 -0.00182629 -0.00200265 -0.00166437 -0.00198692
internal_weight=17367 10721 2978 2832 310 7743 5109 2522 235 2634 1806 366 1440 252 6646 1287 4896 3872 3765 1791 348 1336 1065 271 196 5359 165 2287 1528 1442 240 1202 163 1443 1171 754 276 478 5194 1974 828 2836 2740 1110 416 223 947 619 156 682 165 604 463 173 2549 1492 808 250 558 168 1084 694 590 1840 184 512 1756 694 684 759 317 501 394 290 1617 1524 174 475 328 1350 193 1057
internal_count=12247 8393 2558 2508 234 5835 3201 2274 199 2634 1806 366 1440 252 3854 867 3104 2808 2713 1207 212 1336 1065 271 168 2987 165 2075 1520 1438 240 1198 163 995 823 670 248 422 2822 1506 828 2276 2216 850 416 223 947 619 156 682 165 604 463 173 2141 1464 780 246 534 168 1080 694 590 1372 176 512 1324 434 684 555 297 501 346 290 1209 1116 158 451 328 958 193 677
is_linear=0
shrinkage=0.0686502


Tree=42
num_leaves=76
num_cat=0
split_feature=10 11 54 32 39 57 43 21 26 38 10 29 10 44 30 1 22 20 43 9 10 10 10 1 61 25 9 4 20 5 25 9 10 44 52 59 33 29 52 55 43 16 49 63 10 16 59 59 43 29 29 53 33 0 40 63 28 42 31 16 46 17 32 40 30 53 39 27 61 36 20 1 2 1 32
split_gain=3.11729 14.3944 2.34657 4.48594 1.5456 1.254 0.788916 0.691964 0.626973 0.880359 0.650428 1.01355 1.44789 0.919519 1.02361 0.826239 0.992524 0.537918 0.674042 0.864126 0.871463 1.94014 0.515581 0.731486 0.577798 0.511808 0.483383 0.460707 0.730322 0.424962 0.613277 0.390015 0.821436 0.374149 0.373877 0.364558 0.354889 0.347503 0.331097 1.20892 0.355126 0.321541 0.28287 0.594123 0.251349 0.335666 0.197608 0.285131 0.194346 0.367192 0.436054 0.202069 0.172437 0.141249 0.13579 0.132264 0.125345 0.116427 0.112118 0.0906932 0.0847735 0.057165 0.0488987 0.0423622 0.0342557 0.0327226 0.0143663 0.0121344 0.0582361 0.00856397 0.00816057 0.00780558 0.00773012 0.00768569 0.00742448
threshold=-0.84291031405530259 5.5000000000000009 0.72950000000000015 -0.10500000000000041 29.691666666666666 1002.7500000000001 30.315625000000004 29.165000000000003 72.750000000000014 1.2718124586821673 0.88999460902669758 81.750000000000014 0.80898702767051955 1.0665092626165633 77.65000000000002 3.9850000000000008 29.065000000000001 34.25845271368312 28.444791666666674 -0.97873101657557326 0.45207220393230413 0.49751328890718055 -0.89388548498445497 9.0650000000000031 0.67500000000000016 30.655000000000005 0.98521098335796142 1005.1500000000002 35.7673070941403 -0.78656609248549303 28.875000000000004 0.7775899462189082 0.92589048012183106 0.4634972582048838 0.46450000000000008 3.1350000000000002 35.309649827698131 80.15000000000002 0.98650000000000004 1005.35 31.069791666666671 31.11375015743258 485.30000000000001 1.0797462225633014 0.99164058729498161 28.53637987100355 4.8350000000000009 4.2150000000000007 29.150625000000005 79.850000000000009 78.250000000000014 0.37350000000000005 36.765137137180055 1.6650000000000003 0.017320508093971471 2.6130803440872374 78.550000000000011 0.19031990566989174 1.3341333528289712 34.37639797213712 28.955000000000002 34.809798224928265 -0.32499999999999923 0.37105704250781213 78.15000000000002 0.99750000000000016 29.794999999999998 80.550000000000011 3.7450000000000006 0.12999368932003844 34.810354384887738 14.410000000000002 633.85000000000002 26.865000000000006 -0.46500000000000158
decision_type=2 2 2 2 2 2 2 2 2 2 2 2 2 2 2 2 2 2 2 2 2 2 2 2 2 2 2 2 2 2 2 2 2 2 2 2 2 2 2 2 2 2 2 2 2 2 2 2 2 2 2 2 2 2 2 2 2 2 2 2 2 2 2 2 2 2 2 2 2 2 2 2 2 2 2
left_child=1 -1 3 -3 6 -6 8 22 55 17 11 12 13 14 -11 57 -17 18 41 -20 35 -22 24 -24 -4 26 38 28 61 30 33 32 -23 37 -13 -21 46 -26 40 -40 53 -10 58 -44 -12 -46 47 -31 49 50 -29 -51 -41 -7 -43 70 -37 -16 67 71 65 -19 -58 66 -36 -53 -55 -9 -69 -68 -2 -56 -50 -48 -27
right_child=4 2 7 -5 5 25 -8 42 9 10 44 34 -14 -15 15 16 -18 27 19 20 21 31 23 -25 29 74 -28 48 -30 36 -32 -33 -34 -35 64 56 -38 -39 39 52 -42 54 43 -45 45 -47 73 -49 72 51 -52 60 -54 63 59 -57 62 -59 -60 -61 -62 -63 -64 -65 -66 -67 69 68 -70 -71 -72 -73 -74 -75 -76
leaf_value=0.046062153140032806 -0.13796033144276193 0.0027101490930154003 0.0017065242993834692 -0.017817740453604351 -0.034278800694043918 -0.0079934446243585967 -0.008773853438195877 -0.066165401169487353 0.0013528370690127133 0.011876738308570554 -0.097177301334439303 -0.0004788210079680818 0.033584553646234076 -0.039807514489423837 -0.00077774240126853153 0.029923742705288782 -0.0025158144196352201 -0.003063533351979379 0.02320665699276854 -0.0002858725930596499 0.010218454468070352 0.0036514250288997821 0.009123306168419219 -0.0024444148517322383 0.043679018692958697 -0.063584133454473613 0.0043799509232328769 -0.012720448837616229 0.0031463279254304185 -0.0046952669981190995 0.018600580034635859 -0.090862502887444477 -0.19237024481449455 -0.027676927664122532 -0.13119846566660692 0.0028939684101408881 0.00057612581343451932 -0.015804868312685506 0.0030222744077840241 0.00057129867219352039 -0.0017062309627115292 0.0015829037396717419 0.0020009379128698751 -0.0084322258240733285 0.0023263844259904069 -0.0083639275021660745 -0.02975496448844896 0.00014665507539183913 -0.044618831828093321 0.0008998020166414688 0.0035608772554765423 -0.016460089998792875 -0.024138455381260582 -0.00087411993481679507 -0.033197499835234644 0.0031906441411371422 -0.010131435083822768 -0.027163058377278997 -0.011545417516726456 -0.00044114117151975872 -0.0014382551967670515 -0.023116228774620853 -0.018286082524283591 -0.18602670349713815 -0.038329879065215948 -0.0020332899626629218 -0.023972831302604324 -0.00017282921929398569 -0.06070287453395621 -0.036351980084680935 -0.04436228581798566 -0.030076352837786341 -0.087982472431046177 -0.036184422535601508 -0.099788276695916972
leaf_weight=268 626 162 99 245 217 185 83 679 142 121 232 82 120 169 78 106 89 78 148 99 80 103 142 117 86 304 243 110 92 132 79 115 83 143 79 113 158 84 180 150 166 79 148 218 80 97 528 83 783 115 87 580 416 167 507 97 127 120 108 78 79 91 334 150 204 98 262 105 249 1438 78 78 82 79 2835
leaf_count=120 626 94 95 137 57 129 39 479 142 117 232 78 120 145 78 106 89 78 148 99 80 103 142 117 86 84 147 110 92 132 79 115 83 143 79 113 154 84 104 110 42 79 140 90 80 97 528 83 639 115 87 580 192 119 507 97 127 120 92 78 79 91 334 70 204 98 118 81 213 718 78 78 82 79 667
internal_value=2.33778e-05 0.00172903 0.000595163 0.00549854 -0.00047228 -0.00120967 0.00026127 -2.19184e-05 0.000176811 0.000423941 0.0018099 0.00263485 0.00399678 0.00275167 0.00419595 0.00245996 0.00561742 -8.58268e-05 0.000701949 0.00176064 0.00106048 0.0036788 0.000912887 0.00373091 0.000410011 -0.00138204 -0.00078972 -0.000836827 0.00185569 3.81923e-05 0.00194798 0.00111089 0.00305602 0.000553248 -0.000351089 -0.000418761 -0.000722149 0.00273257 -0.00102121 0.000233665 -0.00141864 -0.000732217 -0.00109836 0.000550049 -0.000534234 0.00139041 -0.00129924 0.000467538 -0.001204 -0.000576811 0.00208056 -0.00118557 -0.00131919 -0.00165076 -0.00130977 -0.00162155 -0.00109089 -0.00064163 -0.00163171 -0.00163391 -0.00159614 -0.000803164 -0.00159646 -0.00181737 -0.00154804 -0.00184539 -0.00190816 -0.0018525 -0.00145707 -0.001974 -0.00195059 -0.00192849 -0.00197083 -0.00193323 -0.00201318
internal_weight=17367 3912 3644 407 13455 6713 6742 3237 6659 5858 1577 1168 803 683 514 393 195 4281 2086 1202 1054 381 1730 259 1471 6496 3357 2195 261 1372 392 301 186 313 365 673 980 170 3114 746 2368 884 1507 366 409 177 822 215 1934 1069 197 872 566 2202 742 801 574 198 1141 663 757 169 461 2017 283 678 1867 1033 354 1700 704 585 865 607 3139
internal_count=12247 3168 3048 231 9079 2557 6522 2817 6483 5682 1545 1136 775 655 510 393 195 4137 2086 1202 1054 381 1722 259 1463 2500 1749 2051 261 1368 392 301 186 313 361 673 976 170 1602 406 1196 884 1095 230 409 177 822 215 1790 1069 197 872 302 1154 742 801 574 198 865 663 757 169 461 1025 283 678 955 773 294 836 704 585 721 607 751
is_linear=0
shrinkage=0.0686502


Tree=43
num_leaves=85
num_cat=0
split_feature=26 57 10 62 23 62 57 63 43 28 25 57 25 1 28 31 40 20 5 63 16 37 44 10 20 61 27 10 61 29 11 45 10 8 29 29 43 10 63 20 33 59 32 20 1 22 37 10 63 4 49 38 61 54 29 21 25 57 19 54 52 10 38 39 40 37 45 61 3 29 6 2 53 18 25 3 22 32 17 2 2 2 0 49
split_gain=2.84433 2.05335 2.17328 13.4992 3.62462 0.904935 0.832957 0.696607 0.764006 1.02721 1.45145 1.31607 0.742544 0.675011 0.883239 0.846657 0.703409 0.861894 0.56317 0.651345 1.36454 1.45208 1.44313 0.494297 0.76043 0.527973 0.776081 0.482361 0.522616 0.367228 0.678988 0.365591 0.472553 0.529227 0.658059 0.347814 0.782454 0.550062 0.331714 0.310198 0.472387 1.20738 0.446449 0.307222 0.289925 0.277166 0.33207 0.637077 0.273134 0.228603 0.227883 0.236456 0.170065 0.256574 0.155756 0.139111 0.290063 0.141526 0.134681 0.124712 0.271183 0.120922 0.131698 0.100974 0.0995979 0.0987579 0.0692101 0.0664235 0.114007 0.0642941 0.0630914 0.0596588 0.0589236 0.0537731 0.101635 0.0301263 0.02719 0.0191391 0.00733636 0.00516393 0.00463931 0.00352096 0.00339524 0.00245853
threshold=76.250000000000014 1001.4500000000002 -0.84291031405530259 37.858883030489274 30.595000000000002 37.452563189732267 1002.7500000000001 4.5559705284622689 30.733541666666671 79.550000000000011 29.775000000000002 1006.5500000000001 26.985000000000003 3.1850000000000005 75.450000000000017 0.30366866986911495 0.11060440015419608 34.510125005271242 0.60355339059327384 1.1732099592207208 35.618034184904431 35.595175436715884 0.34264291422307391 -0.97502841500522164 35.168170754293868 2.1750000000000003 67.550000000000011 -0.86955717898714324 0.74500000000000011 66.850000000000009 4.5000000000000009 2303.3270000000007 0.81898454963288581 0.37940952255126048 74.65000000000002 79.350000000000009 29.643958333333337 0.30080866500414788 -1.7273762192523809 33.846488703167324 33.555045004014772 3.5250000000000004 0.029999999999999364 38.282706916798965 31.365000000000006 28.035000000000004 33.360126833987245 -0.090248267031647136 0.53542066080677853 1004.7500000000001 212.95000000000002 0.65980297450899916 10.315000000000003 0.96650000000000003 85.15000000000002 29.205000000000002 29.225000000000005 1008.4500000000002 34.884815805500672 0.99550000000000016 0.99350000000000016 -0.8140159405215136 1.3736721221695782 29.755000000000003 0.028867513460279142 31.079291964119665 2358.0830000000005 5.8950000000000005 0.99350000000000016 78.250000000000014 0.60355339059327384 51.550000000000004 0.9295000000000001 35.165142397194195 28.905000000000005 0.087500000000000008 28.745000000000001 -0.87499999999999989 32.842205400786526 519.95000000000016 171.15000000000001 90.750000000000014 6.0750000000000011 314.95000000000005
decision_type=2 2 2 2 2 2 2 2 2 2 2 2 2 2 2 2 2 2 2 2 2 2 2 2 2 2 2 2 2 2 2 2 2 2 2 2 2 2 2 2 2 2 2 2 2 2 2 2 2 2 2 2 2 2 2 2 2 2 2 2 2 2 2 2 2 2 2 2 2 2 2 2 2 2 2 2 2 2 2 2 2 2 2 2
left_child=23 -2 3 4 18 6 -4 8 9 10 13 -12 -11 31 69 16 -16 -18 19 20 27 -22 -23 24 -1 29 -27 28 -3 30 75 32 33 48 -35 36 37 -28 -30 40 45 -42 58 52 50 46 64 -48 -8 -7 73 -52 61 -54 81 56 57 -31 -43 80 -61 -41 67 76 -14 -34 -51 -63 79 -15 -66 83 -33 -40 82 -25 -20 -57 -59 -69 -55 -37 -75 -21
right_child=1 2 5 -5 -6 49 7 -9 -10 12 11 -13 39 14 15 -17 17 -19 63 71 21 22 -24 25 -26 26 35 -29 38 55 -32 72 65 34 -36 54 -38 -39 44 43 41 42 -44 -45 -46 -47 47 -49 -50 66 51 -53 53 59 -56 77 -58 78 -60 60 -62 62 -64 -65 70 -67 -68 68 -70 -71 -72 -73 -74 74 -76 -77 -78 -79 -80 -81 -82 -83 -84 -85
leaf_value=-0.025369557912183229 0.01741802649351417 0.0050240759087129523 0.023247952853743568 -0.051651517411725877 -0.010101769551432677 -0.0010383815843205192 -0.055633098021578738 -0.0024567837065982731 -0.037149331845145621 0.016132939284133018 -0.0023298573546698125 0.0066684511324270525 -0.00028620614310677128 -0.031171876508059231 -0.00017943871301211582 0.022996491002903491 0.017723972143043391 -5.7732911700575314e-05 -0.0038970567933506671 -0.048047384391759922 -0.0015652500414321611 -0.0018164457839911991 0.015392168021026841 -0.025430025356217544 0.015512003054047211 0.010470975106295272 0.0058165983552168543 0.0053821342368491351 -0.0023204266625629836 0.0034219489426230696 0.073429081750267758 -0.034346913217236048 -0.00012751380686137654 9.6434930055862219e-05 0.0035555580735888805 -0.022541696285444401 -0.024887788528161009 -0.002967516238846992 -0.023619876655463595 0.00066200860441285511 0.043445592755997603 -2.0572185108849495e-05 0.008269809103660165 -0.00019553976205717967 -0.0018445044732533567 -0.01831391740442977 -0.071404936295656196 0.0040194438446802729 0.0034623871317765822 -0.054646011179716313 0.00063749245841547466 -0.0021622633962627251 0.00073666684969395839 -0.002959420749742345 0.00071550328430404985 -0.051738550925093101 0.027838418134719652 -0.15299736479938456 -0.015853234811917354 -0.035828893474888206 0.0017241838153582338 -0.032272449690448284 -0.00026267279085147495 -0.0017005403845968153 -0.00096807213654924971 -0.06441060518488459 -0.035251937380778808 -0.041494900908550063 0.0021602326817387147 -0.0028652257078607283 -0.050479492046984424 -0.00085580429230250592 -0.0024090078224364379 -0.016783709544794946 -0.0001013887067217764 -0.10631971348205801 -0.029713446507290128 -0.10752386492442924 -0.033928932183791928 -0.0042548012417792354 -0.016190933618741469 -0.089475619216472846 -0.027061726642089744 -0.064061627406562363
leaf_weight=136 114 79 103 158 245 286 112 116 648 96 133 133 78 120 175 85 82 84 107 240 135 83 79 78 78 124 82 104 152 85 86 334 101 83 78 110 346 78 432 87 79 108 89 96 92 339 81 120 93 276 78 150 86 154 123 162 81 400 169 87 86 1025 134 105 94 189 1073 180 119 79 204 95 111 78 82 138 426 3223 78 78 78 551 109 104
leaf_count=136 58 79 83 54 69 78 112 52 168 96 69 93 78 120 155 85 82 80 107 172 111 83 79 78 78 60 78 104 152 85 66 278 101 83 78 102 142 78 432 67 79 108 89 36 92 339 81 120 93 116 78 150 86 150 103 66 81 400 169 87 86 909 130 69 94 189 349 168 103 79 204 79 107 78 82 138 422 1331 78 78 78 343 109 60
internal_value=6.68562e-05 0.000702086 0.000608404 0.00214494 0.00109958 1.7614e-05 0.000380135 0.000280333 0.000181889 0.000438481 0.00169312 0.00640298 -0.000242042 0.000959511 0.00275877 0.00452015 0.00294577 0.00612703 0.000377606 0.000923586 0.00154916 0.00575398 0.0101077 -0.00114824 0.00207252 -0.00126961 -0.000113687 0.000619224 0.000239018 -0.00164563 0.000647963 -5.94077e-05 0.00096527 0.00260522 0.00553378 -0.000617908 0.000777099 0.00473035 -0.000123572 -0.000404586 0.000407842 0.00224109 0.000550049 -0.000907206 -0.000574347 -0.0004792 0.000428923 0.00267698 0.000257406 -0.00142524 -0.000943975 0.000922772 -0.00108208 2.70539e-05 -0.00152467 -0.00181901 -0.00087685 -0.00143689 -0.000797361 -0.000688129 0.000682429 -0.00142056 -0.00156301 -0.00140255 -0.000764646 -0.00108922 -0.00179927 -0.00176018 -0.00094947 -0.000991201 -0.0013444 -0.00141746 -0.00157986 -0.0015592 -0.000760026 -0.00139044 -0.00178729 -0.00199627 -0.00189925 -0.00176336 -0.00173038 -0.00194352 -0.00165179 -0.00183709
internal_weight=17367 11408 11294 3133 2975 8161 6526 6423 6307 5659 1992 266 3667 1726 625 426 341 166 2730 2092 1653 297 162 5959 214 5745 1414 1356 1252 4331 302 1101 656 366 161 1290 506 160 1173 3571 1361 445 366 2210 1021 916 577 201 205 1635 929 228 2114 491 784 4029 644 563 277 405 173 1623 1536 638 376 290 1349 1402 377 199 298 439 445 701 269 216 533 3385 478 258 232 661 187 344
internal_count=12247 8804 8746 2661 2607 6085 5542 5459 5407 5239 1804 162 3435 1642 601 402 317 162 2538 1940 1629 273 162 3443 214 3229 906 1356 1252 2323 282 1041 656 366 161 846 298 156 1173 3339 1361 445 366 1978 1021 916 577 201 205 543 929 228 1942 487 548 2041 644 563 277 401 173 1455 1388 598 376 290 465 1258 349 199 298 311 385 701 269 216 529 1397 478 246 228 445 187 232
is_linear=0
shrinkage=0.0686502


Tree=44
num_leaves=80
num_cat=0
split_feature=10 23 9 0 57 25 43 43 37 54 43 1 28 42 26 22 55 9 5 9 28 25 37 10 37 26 16 59 58 45 61 1 1 10 9 36 42 54 5 56 54 20 28 44 53 3 44 3 58 20 38 60 32 16 45 52 58 10 25 44 20 1 43 19 56 9 36 1 38 16 57 30 32 17 7 24 3 0 44
split_gain=3.15093 14.2157 6.29612 9.53622 2.1601 2.02541 1.27592 0.915513 1.02914 1.70427 0.858238 0.748239 0.850001 1.03125 1.30895 0.746796 1.09352 0.606189 0.544112 0.639367 0.529806 0.521881 0.875338 0.502392 2.21538 0.597936 0.500936 0.463888 0.61331 0.819126 0.421821 0.406367 0.378235 0.363386 0.360238 0.77874 0.330429 0.323653 0.301339 0.479243 0.295644 0.477206 0.264328 0.250576 0.228304 0.206324 0.492618 0.193596 0.424205 0.181872 0.155076 0.473197 0.173747 0.171972 0.153157 0.283302 0.129174 0.114156 0.106603 0.0847846 0.0839843 0.10021 0.0806935 0.164726 0.0738845 0.0549194 0.0447556 0.0954878 0.0429423 0.0417553 0.0399325 0.0317737 0.0130572 0.00794139 0.00650742 0.00614519 0.00389917 0.00368854 0.00299741
threshold=-0.84291031405530259 31.205000000000002 0.48250327361223927 5.5050000000000008 1001.6500000000002 30.655000000000005 31.229166666666671 29.930625000000006 35.477909179457093 0.81950000000000001 29.125208333333337 1.9350000000000003 79.450000000000017 0.1478738200860735 79.750000000000014 29.515000000000004 1006.6500000000002 0.24284747324344283 0.60355339059327384 -0.49750868180287638 74.750000000000014 28.175000000000004 34.18873531312677 -0.15855351192338588 37.539401833165101 72.750000000000014 34.00549985128719 2.9950000000000006 6.3950000000000005 2148.3770000000004 0.9850000000000001 0.015000000000000001 31.365000000000006 -0.62538740722492581 -0.99166813670569331 0.43818713920122015 0.097039510854673702 0.96450000000000002 -0.91597561503675329 1006.85 0.71350000000000013 36.053039892823357 77.750000000000014 0.49155163176447064 0.94750000000000012 0.43850000000000006 0.58962742623110009 0.98950000000000016 4.5450000000000008 30.285479655074145 0.53174027753370645 6.3750000000000009 -0.20999999999999905 33.403926567755022 2464.0925000000002 0.99450000000000005 3.9250000000000003 -0.42108527284769387 28.815000000000001 0.87687583433543514 34.079851502941956 0.94500000000000006 29.981875000000006 35.941596574917028 1006.85 -0.97873101657557326 0.19258692973757816 5.5650000000000004 1.2221044492860735 35.574330373099023 1008.2500000000001 82.950000000000017 -0.36000000000000115 32.439382661317964 0.78656609248549325 29.525000000000002 0.70750000000000013 4.4150000000000009 0.6551708345616204
decision_type=2 2 2 2 2 2 2 2 2 2 2 2 2 2 2 2 2 2 2 2 2 2 2 2 2 2 2 2 2 2 2 2 2 2 2 2 2 2 2 2 2 2 2 2 2 2 2 2 2 2 2 2 2 2 2 2 2 2 2 2 2 2 2 2 2 2 2 2 2 2 2 2 2 2 2 2 2 2 2
left_child=1 2 7 -4 -2 6 11 8 18 -10 -11 23 13 14 20 16 -15 37 19 -1 -13 22 47 59 25 70 27 49 29 -29 -21 -31 50 -22 35 -23 -33 -12 39 -36 41 -17 43 -18 74 46 -40 48 -14 -27 51 -32 53 -52 65 -56 -38 -41 -55 60 61 -6 63 78 -49 -47 67 -67 -20 -54 -25 -58 -7 -68 -28 -51 -30 -45 -42
right_child=4 -3 3 -5 5 72 -8 -9 9 10 17 12 21 15 -16 40 42 -19 68 30 33 34 -24 24 -26 26 44 28 76 31 32 36 -34 -35 38 -37 56 -39 45 57 62 -43 -44 77 -46 54 -48 64 -50 75 52 -53 69 58 55 -57 71 -59 -60 -61 -62 -63 -64 -65 -66 66 73 -69 -70 -71 -72 -73 -74 -75 -76 -77 -78 -79 -80
leaf_value=0.0052240605295058957 0.016222275216176921 -0.021252660795434836 -0.092547565318431529 -0.10154508254262114 -0.049925415966970477 -0.043931003497788099 0.042852535375455178 -0.051269671555541851 0.02040880800049141 0.023410224071882649 -0.0017670434275918862 0.011295851590563377 -0.020798894604999129 0.026183224328566599 0.0054480422299472506 -0.035121534673812814 0.0016111850692543462 0.0040161774920702215 -0.057314073696935995 0.0055190365301950178 -0.03457606425051369 -0.0018255648712498314 0.028918296115958295 -0.046360509809935405 0.0064424869604044277 -0.0035557484445051628 -0.054482598023162458 0.018178374768213372 -0.081298686706994847 0.0030585120722700834 -0.030970711915453249 0.00073296892248906102 0.0024350283329644079 0.0040420108155046095 -0.00034072427322015363 -0.010920573780197364 0.00027052602342527468 -0.024197490513687844 -0.070133036641837246 -0.043036282170480222 -0.028770538186927628 0.021484126475531259 0.0084332634140080829 -0.013972822305097646 0.0013568650352517365 -0.0013501634779709425 -0.0022325395689611321 -0.0023830961320930456 0.0018045252499396436 -0.056198510934351333 -8.9861832653325018e-05 0.00077621897960207021 -0.021759649816855246 -0.029833452436294504 -0.026926452432723787 -0.00014820040821395482 -0.03248024927863874 8.5616243770070212e-05 8.5847145955549885e-05 -0.025372695302835643 -0.039291610488298059 -0.00081484176081404627 -0.031598987547959992 0.0012967106787219263 -0.0077561230380488178 -0.00029716488293527713 -0.014279878193935629 -0.019188804515688353 -0.0026794763898361743 -0.013581527062400588 -0.16399337334699579 -0.018360305111712365 -0.089011662653263615 -0.03846862290036665 -0.076261171250132875 -0.0059598733444134865 -0.0064514322362274907 -0.001716200242929203 -0.042698782549650628
leaf_weight=102 131 95 199 199 88 412 120 697 94 112 83 112 83 126 171 113 83 92 499 137 153 114 136 88 95 92 494 148 125 126 109 134 122 120 110 78 149 285 124 140 98 93 122 118 87 113 91 78 115 248 126 104 422 155 135 116 157 83 124 140 1307 78 383 81 162 97 83 152 78 78 922 78 2949 1107 85 78 78 78 78
leaf_count=102 67 27 83 99 88 116 36 309 94 112 79 88 83 126 115 97 79 80 487 129 61 114 136 68 71 92 486 148 125 126 109 134 122 112 82 78 149 285 72 108 78 73 118 118 87 113 91 78 115 248 126 104 422 155 111 80 157 83 100 64 643 74 143 77 162 89 83 144 78 66 878 78 713 947 65 78 78 78 78
internal_value=6.68562e-05 0.00178166 0.00112212 0.00927803 -0.000431466 -0.000518498 -2.6275e-05 0.000167673 0.000737666 0.00307993 0.00164778 -0.000113067 0.000469835 0.00160221 0.00409409 0.000586091 0.00261304 0.000316005 -2.01532e-05 0.000674895 0.00184293 -0.000229696 0.0016349 -0.000727269 -0.00022508 -0.000546324 0.000117278 0.000851021 0.00165859 0.00252334 0.000279597 0.00144695 -0.000117455 0.000183621 -0.000653305 0.00218757 0.000579406 -0.000922428 -0.000888725 0.00101281 -0.0006727 0.00157 0.000834852 -0.000316774 -0.00143011 -0.00120559 0.000784717 0.000122488 0.00171558 -0.00105798 -0.00051906 0.00113138 -0.000914439 0.000130743 -0.00144625 0.000107162 -0.000435304 -0.000799565 -0.000806363 -0.00171426 -0.00186772 -0.000370656 -0.0014046 -0.000434055 -0.00117261 -0.0017007 -0.00181553 -0.000930368 -0.001808 -0.00176938 -0.00191567 -0.00144421 -0.0019754 -0.00199502 -0.00192714 -0.00182486 -0.00168369 -0.00167037 -0.00162651
internal_weight=17367 3912 3817 398 13455 13324 9963 3419 2722 666 572 9843 5046 1929 556 1373 527 460 2056 1479 385 3117 574 4797 3184 3089 2079 1413 995 792 1377 644 1240 273 2543 192 518 368 2351 333 846 206 401 279 666 2018 215 438 198 418 1118 213 905 405 1803 251 384 223 279 1613 1473 166 640 257 240 1552 1439 249 577 500 1010 235 3361 1190 579 326 203 196 176
internal_count=12247 3168 3141 182 9079 9012 8183 2959 2650 650 556 8147 4210 1441 376 1065 519 444 2000 1435 261 2769 574 3937 3068 2997 2051 1413 995 792 1333 644 1204 173 2195 192 518 364 2003 273 546 170 393 275 638 1730 163 438 198 418 1082 213 869 381 1567 191 384 191 255 869 805 162 376 233 240 1376 1263 233 565 488 946 235 829 1030 551 326 203 196 156
is_linear=0
shrinkage=0.0686502


Tree=45
num_leaves=83
num_cat=0
split_feature=10 11 54 23 31 25 21 19 29 9 9 26 16 27 56 30 55 38 19 58 55 37 38 27 9 51 9 0 9 29 61 9 18 30 44 44 45 60 30 61 5 46 0 44 24 10 2 30 34 5 3 33 38 38 1 19 53 47 56 60 9 17 27 35 54 1 19 42 5 29 3 30 21 8 16 0 28 23 34 60 1 40
split_gain=3.39237 14.1969 1.97222 6.28829 1.90617 1.52294 0.800592 0.778077 0.785028 0.999849 1.25821 3.10781 0.595569 1.00626 0.573405 0.554539 1.13344 1.53224 0.791863 0.54735 0.557005 1.04545 0.546915 1.42322 0.487151 0.942368 0.459931 0.526384 0.427128 0.597552 0.484623 0.407401 0.763371 0.32818 0.327924 0.801881 0.317177 0.501916 0.271417 0.25373 0.562481 0.253639 0.563404 0.242989 0.241971 0.434365 0.224448 0.302754 0.199508 0.193615 0.149461 0.216078 0.119819 0.11922 0.0991857 0.0853477 0.104027 0.145614 0.0836484 0.145869 0.0792276 0.17267 0.0790916 0.0720711 0.0703169 0.0694517 0.0670188 0.058784 0.0561136 0.125285 0.0547328 0.0453248 0.0813269 0.0411311 0.0408978 0.0252258 0.024771 0.0151733 0.0848838 0.0090877 0.00493534 0.00442521
threshold=-0.84291031405530259 5.5000000000000009 0.79350000000000021 30.595000000000002 -2.5687126631867225 29.995000000000001 29.125000000000004 31.892381067539713 80.850000000000009 0.7775899462189082 0.67125374152323958 79.850000000000009 35.356819745469863 84.750000000000014 1002.85 85.450000000000017 1008.6500000000002 1.004698438502696 34.884815805500672 1.8250000000000004 1011.2500000000001 31.512956622952 0.90570981937301298 83.250000000000014 0.98521098335796142 19087.368500000004 -0.97873101657557326 3.3150000000000004 -0.4673548892883575 84.350000000000009 0.67500000000000016 0.2595093939220971 35.597419877623388 81.65000000000002 0.71459316141689311 0.59197455698659518 2284.5600000000004 0.46500000000000002 84.15000000000002 8.6250000000000018 -0.91597561503675329 28.585000000000004 4.9350000000000014 0.75134583329572002 29.425000000000004 -0.65187484896379921 82.250000000000014 82.250000000000014 0.55369613734850809 -0.70710678118654735 0.99750000000000016 35.208877621406884 1.1735073443132131 1.4218283955761521 4.4650000000000007 30.80841027971929 0.20950000000000002 334.95000000000005 1005.6500000000002 5.2350000000000012 0.98801351631316348 36.215398908055199 79.950000000000017 36.59764845321255 0.25650000000000006 2.4350000000000005 35.331959151195981 0.15706686474203171 -0.5 82.750000000000014 0.89050000000000018 82.850000000000009 28.985000000000003 0.78656609248549303 35.036983577144852 3.7550000000000003 81.350000000000009 28.135000000000002 0.18761417321462945 8.4350000000000005 1.8450000000000004 0.03055050463373218
decision_type=2 2 2 2 2 2 2 2 2 2 2 2 2 2 2 2 2 2 2 2 2 2 2 2 2 2 2 2 2 2 2 2 2 2 2 2 2 2 2 2 2 2 2 2 2 2 2 2 2 2 2 2 2 2 2 2 2 2 2 2 2 2 2 2 2 2 2 2 2 2 2 2 2 2 2 2 2 2 2 2 2 2
left_child=1 -1 3 31 -2 7 12 55 9 10 15 -12 28 -14 -7 18 17 -17 19 65 21 -21 23 -23 44 -26 27 -10 29 -4 -30 32 -3 -29 35 -24 37 -11 48 52 -41 43 66 68 45 -16 47 -42 58 -35 53 -52 74 71 -55 73 57 -57 59 -8 76 -62 -58 -46 -47 -9 80 -49 69 -28 -18 -20 -73 -6 -32 -36 -38 78 -70 -65 -43 -60
right_child=4 2 6 -5 5 14 38 8 26 36 11 -13 13 -15 24 16 70 -19 50 20 -22 22 34 -25 25 -27 41 33 30 -31 39 -33 -34 49 75 -37 60 -39 -40 40 46 42 -44 -45 63 64 -48 67 -50 -51 51 -53 -54 54 -56 56 62 -59 81 -61 61 -63 -64 79 -66 -67 -68 -69 77 -71 -72 72 -74 -75 -76 -77 -78 -79 -80 -81 -82 -83
leaf_value=0.048709451105332931 -0.0055036901306783305 -0.013857265822013914 -0.001968820998895214 0.009063928021693389 -0.10491381261948141 -0.0023439715124979866 -3.0019799520808898e-07 -0.1962026226669146 0.01942926933236535 0.00010259576098747238 -0.019850482530586393 0.0059993950108945242 0.022469381744806404 -0.0019119597919658405 0.0036237863161576655 0.0013769713953458251 -0.032715468822107602 0.025801509470427603 -0.01427149327793634 0.0034090824153423693 -0.020218176044506011 0.0035264793705083331 -0.0050096227810869096 -0.0072474104731139848 -0.0021797372871255123 -0.10453369296664833 -0.022643523299977323 0.0036731669023894104 0.0040154927582458045 0.011660776759693287 -0.024555442101726346 -0.020933918301632659 0.012159716978105911 0.00052663191168994951 -0.018917828453603784 0.0058313352069263571 -0.039868978597446897 -0.0087101720305909451 0.00081077626773949358 0.010165359888132426 0.002383456679793393 -0.09075271071600885 0.00030462220009502583 0.0028584347653015669 -0.020938952543823212 -0.029056871685861192 -0.03857493006627348 -0.021846839246862079 0.0057266113049090628 -0.012083515943285158 -0.014273525758489345 0.0027644711553954271 -3.172772694728352e-05 -0.0042375673123327112 0.0052178452773540673 -0.037186994543286118 -0.078400569203724763 0.026877784300410192 -0.094640071782770355 -0.052314173886558665 -0.026147685330824018 0.0024701639877012251 -0.023704114872679656 -0.037631210777502366 -0.13289125111023628 -0.0016125732864800124 -0.0011770194657324535 -0.00063344861510998259 -0.0016329550363524108 0.00011537187274636541 -0.0022258950946108776 -0.00075158189146356006 -0.010608458263179762 -0.0027989763659904154 -0.00092716029972559407 -0.030066579830590474 -0.0036087618826190194 -0.044141874296291329 -0.056074679853231932 -0.094317085701917672 -0.024307384033662956 -0.049763578905321064
leaf_weight=268 120 82 112 132 717 245 170 138 92 163 206 156 110 95 136 124 84 91 399 85 123 143 151 81 218 301 152 92 84 79 378 201 78 87 96 78 495 162 141 84 135 78 148 142 294 150 179 96 122 207 91 84 126 82 78 93 257 86 106 189 106 78 83 3682 321 78 78 78 78 110 78 99 115 84 78 78 117 846 253 278 168 789
leaf_count=120 80 82 112 36 717 61 130 138 92 147 102 96 110 95 80 124 84 91 319 85 123 143 151 81 94 81 144 92 84 79 378 93 78 87 96 78 291 142 125 84 135 78 144 142 126 130 179 96 106 207 91 72 126 82 78 93 257 86 70 153 106 78 83 930 249 78 58 78 78 110 78 99 91 84 78 78 109 818 253 126 168 541
internal_value=5.49984e-05 0.00183428 0.000708154 0.00473932 -0.000462076 -0.000540359 7.39136e-05 8.5679e-05 0.000399824 0.00101637 0.00172373 0.00548991 0.00112934 0.00458046 -0.00139918 0.00114475 0.00355805 0.00681111 0.000684776 0.00198259 0.00278019 0.00351835 0.00252496 0.00523891 -0.00154771 0.000442428 -0.000538208 0.00137232 0.000626497 0.00363658 0.000154205 1.78158e-05 0.00260417 0.000238153 0.000990281 0.00269728 -0.000706662 0.0010881 -0.00105947 -0.000210567 0.00080977 -0.000986226 0.000400797 -0.0014036 -0.00176133 -0.000466442 -7.9113e-05 0.00102919 -0.00135582 -0.000869987 -0.000749381 0.00104043 -0.00122183 -0.00116249 0.000477988 -0.0014299 -0.000724707 0.000591254 -0.00161553 -0.000703574 -0.00144663 -0.000164385 -0.00143236 -0.00194466 -0.00146095 -0.00107472 -0.00119059 -0.000838969 -0.00167255 -0.000725496 -0.000749356 -0.00159928 -0.000746931 -0.00187821 -0.00174147 -0.00123027 -0.00182235 -0.0018778 -0.00141539 -0.00202278 -0.001749 -0.0019738
internal_weight=17367 3912 3644 493 13455 13335 3151 7710 6390 3859 2738 362 1634 205 5625 2376 377 215 1999 1051 835 712 627 224 5380 519 2531 478 1429 191 1238 361 160 386 403 229 1121 325 1517 1154 572 2053 472 1581 4861 607 488 309 1376 294 948 175 582 773 160 1320 519 179 1254 359 796 184 340 4254 471 216 324 174 1439 262 162 613 214 801 456 174 612 1177 331 3960 246 895
internal_count=12247 3168 3048 289 9079 8999 2759 7122 5802 3331 2458 198 1634 205 1877 2260 377 215 1883 1051 835 712 627 224 1816 175 2471 478 1429 191 1238 253 160 386 403 229 873 289 1125 1154 572 1993 448 1545 1641 459 488 309 1000 294 832 163 582 669 160 1320 519 179 894 283 584 184 340 1182 379 216 304 174 1403 254 162 509 190 801 456 174 400 1149 331 1056 246 611
is_linear=0
shrinkage=0.0686502


Tree=46
num_leaves=81
num_cat=0
split_feature=26 38 20 1 10 38 37 18 9 46 45 38 59 53 58 60 57 61 28 38 35 56 37 20 41 62 10 42 4 42 54 23 36 20 30 40 0 9 61 61 26 30 36 31 9 54 37 20 26 44 9 54 37 46 42 44 10 62 24 46 20 20 21 37 19 26 62 42 25 40 27 45 0 9 23 45 0 22 56 9
split_gain=3.23335 2.24199 5.20476 9.94699 5.05773 6.78952 1.4706 1.73403 0.897023 0.810357 0.758957 0.670247 0.575666 1.30695 1.11179 0.788831 0.711915 0.55564 0.586024 0.542234 0.484675 0.872465 0.768105 0.366043 0.367083 0.357817 0.349727 0.687773 0.413614 0.324355 0.367807 0.451506 0.315799 0.785025 0.533591 0.632593 0.390563 0.326226 0.426488 0.45411 0.37345 0.472547 0.291162 0.284102 0.585393 0.783125 0.257897 0.279499 0.35347 0.30466 0.434778 0.394439 0.197874 0.196251 0.184523 0.189221 0.17842 0.177758 0.15756 0.13234 0.107406 0.197373 0.101803 0.196158 0.540631 0.0941965 0.0810296 0.0754604 0.0744708 0.0634226 0.101804 0.0578612 0.105646 0.0566599 0.111947 0.0377998 0.0365455 0.0335987 0.020613 0.00818984
threshold=76.250000000000014 0.68849771107056323 37.043665775317088 11.845000000000001 -0.84291031405530259 0.98547002321747035 38.236802145795714 38.129181918959816 0.27609441636666071 29.265000000000004 2468.159000000001 0.6996619297232457 4.4750000000000005 0.99750000000000016 3.2250000000000005 0.015000000000000001 1004.7500000000001 3.4650000000000003 73.250000000000014 0.84150567422571143 34.54061212287143 1008.0500000000001 34.002545673718075 37.043665775317088 31.195000000000004 35.732694936293122 -0.99463397642532658 0.13252671731634005 1004.7500000000001 0.20073199104967263 0.45150000000000007 29.365000000000006 0.21696150686564422 35.7673070941403 83.250000000000014 0.047258156268787287 5.9350000000000014 0.35769492645306972 6.3750000000000009 44.670000000000009 85.250000000000014 77.850000000000009 0.092493387424301979 0.3157128746083338 0.63874350706337069 0.82750000000000001 34.661421985958746 33.491846158758825 83.850000000000009 1.1156991374731151 0.1670500785599974 0.24450000000000002 32.78923776207764 28.605000000000004 0.41084668308346167 0.37272595512112855 -0.97502841500522164 33.415730121563492 28.635000000000002 29.565000000000001 34.00549985128719 33.250077741236581 29.205000000000002 31.406246984396915 32.239140910292583 74.250000000000014 35.087570231490076 0.12356509736931029 29.815000000000001 0.17521415467987597 83.050000000000011 2427.4420000000005 5.2650000000000006 0.32533907195844747 29.015000000000004 2140.4970000000008 7.9050000000000011 29.565000000000001 1004.1500000000002 0.14153898451656996
decision_type=2 2 2 2 2 2 2 2 2 2 2 2 2 2 2 2 2 2 2 2 2 2 2 2 2 2 2 2 2 2 2 2 2 2 2 2 2 2 2 2 2 2 2 2 2 2 2 2 2 2 2 2 2 2 2 2 2 2 2 2 2 2 2 2 2 2 2 2 2 2 2 2 2 2 2 2 2 2 2 2
left_child=17 8 11 4 5 -4 7 -6 9 10 26 -3 13 15 -15 -13 -17 23 -19 -8 21 22 -18 24 29 32 27 -2 -28 30 31 -1 33 34 66 -36 52 38 40 69 41 -38 -10 -20 45 -45 47 48 49 50 -23 -52 -34 57 55 -43 -31 -30 -47 -32 61 -22 63 65 -65 -58 -14 -54 -62 -40 -71 79 -73 74 -27 -25 -57 -69 -44 -59
right_child=1 2 3 -5 6 -7 19 -9 42 -11 -12 12 25 14 -16 16 20 18 43 -21 60 46 -24 75 -26 73 28 -29 53 56 59 -33 36 -35 35 -37 37 -39 39 -41 -42 54 78 44 -46 58 -48 -49 -50 -51 51 -53 67 -55 -56 76 62 71 -60 -61 68 -63 -64 64 -66 -67 -68 77 -70 70 -72 72 -74 -75 -76 -77 -78 -79 -80 -81
leaf_value=0.0075698562662018902 0.008145497154241961 -0.0049061492120028331 -0.03821767132938747 -0.018362207192289173 -0.00068099551441415417 -0.11943253866550867 -0.00016549732053310846 0.00018041371951108549 -0.017212852633068675 0.0075855744446874174 0.0073615018023659752 0.0028558805407424199 -0.0035294434703987917 0.013722125466587793 0.00047677434922930158 0.0088578444354788476 0.00095367227137630904 0.010288709436661853 -0.045953473023523594 -0.029722555889000812 -0.013013880781538721 0.011482586803945437 0.024401481060422097 -0.033365778173535844 0.044719121040169826 -0.065577776938039178 0.0021723857743659136 -0.0069042888431403099 0.00099859163864777925 0.0045556369598331748 -0.076278239703668496 -0.056718317309329254 0.0021668137401299205 0.0019509678947209901 0.0020741113190253253 -0.00098223701523477997 0.031873278125697957 0.0048089809090443242 -0.027099801129522056 0.016838269007515252 -0.0038355588367563051 0.00053750388107180725 -0.021138592848912601 0.012104378797769997 -0.12887409029334479 -0.099613372360811886 0.0031120739796308902 -0.015461113071850177 -0.023701572012039873 -0.12384989711294883 0.002851329418105712 -0.075641855622840926 -0.00054041867210390679 0.00053755839873901158 0.00072249089979679751 -0.015531020324602254 -0.096595907904085995 -0.032150321851694169 0.0025094708618392933 -0.00083244193289217221 -0.031546366922456104 0.0011217223493671729 -0.083086979948161319 0.02188468818950005 -0.074037052402022602 -0.049593958913821241 -0.0006074133380348216 -0.019007812416937976 -0.050268109824262719 -0.018481262460592309 0.0019025883578780471 -0.022053540138332033 0.0013935375537804744 -0.035498333077300201 0.0010136375322333927 -0.075820622016133182 -0.040591987909133202 -0.081056449533618458 -0.027401628369393732 -0.023500661082611059
leaf_weight=84 94 100 192 211 313 186 303 181 180 79 146 101 226 90 106 87 92 243 351 566 90 81 91 338 102 110 95 82 133 95 166 82 117 117 83 92 135 78 431 79 88 81 299 87 222 88 79 262 159 78 129 100 142 79 151 237 444 638 78 78 461 87 871 86 128 79 79 627 98 94 79 105 80 437 78 2337 78 97 1341 78
leaf_count=84 94 92 96 123 149 106 79 65 80 79 146 101 222 82 102 71 92 155 255 130 90 81 91 106 50 110 95 82 133 95 158 82 117 101 83 92 135 78 427 79 88 81 83 83 70 88 79 262 159 78 129 100 142 79 151 237 444 638 78 66 385 87 755 86 128 79 79 623 62 90 79 105 72 249 78 581 78 77 653 78
internal_value=0.000193339 0.000870561 0.00150157 0.00458142 0.00286407 0.00987562 0.000907364 0.00389421 -0.000596239 0.00058205 0.000225216 0.000502361 0.000406616 0.00128988 0.00662164 0.000759047 0.000438394 -0.00110217 0.000311305 -0.000788212 0.000140991 0.00107504 0.00537247 -0.00141223 -0.00075494 -0.000110282 -0.000269757 0.00257053 -0.000690453 -0.000951747 0.00077154 0.00325705 0.000189558 0.00160763 0.000359915 0.00337494 -0.000145845 0.000537311 0.000298972 -0.000944239 0.00140818 0.000850199 -0.00164042 -0.000556213 0.000529395 0.00278822 0.000176293 -0.00018585 0.000690215 0.00181287 0.0027827 0.00120774 -0.00121437 -0.00106655 -4.18121e-05 -0.000829806 -0.00136999 -0.0013223 0 -0.000907366 -0.00121058 0.000236241 -0.00154257 -0.000932828 0.000797919 -0.0016512 -0.00136074 -0.00157523 -0.00167743 -0.00159244 -0.000438427 -0.00167008 -0.000542766 -0.00160809 -0.000566785 -0.00195385 -0.00159976 -0.00185896 -0.00192905 -0.00195241
internal_weight=17367 11408 7979 1952 1741 378 1363 494 3429 1609 1530 6027 5927 2191 196 1995 1894 5959 1069 869 1807 1071 183 4890 2215 3736 1384 176 1208 2113 410 166 3111 597 480 175 2514 1531 1453 683 770 682 1820 826 475 253 888 809 547 388 310 229 983 1113 547 396 1703 1034 166 244 736 177 1608 737 214 523 305 866 559 604 173 901 185 625 188 2675 315 724 1640 716
internal_count=12247 8804 6387 748 625 202 423 214 2417 1601 1522 5639 5547 2051 184 1867 1766 3443 729 209 1695 1071 183 2714 2027 3496 1376 176 1200 1977 390 166 3059 577 476 175 2482 1523 1445 675 770 682 816 574 319 249 888 809 547 388 310 229 959 1105 547 396 1587 1026 166 224 624 177 1492 737 214 523 301 842 447 596 169 893 177 437 188 687 315 700 736 716
is_linear=0
shrinkage=0.0686502


Tree=47
num_leaves=89
num_cat=0
split_feature=45 10 62 23 60 25 56 58 49 30 30 10 42 5 9 16 9 62 25 43 9 26 46 23 59 31 58 61 1 38 29 23 19 63 45 29 32 42 61 10 9 32 31 57 43 27 1 3 56 1 20 0 55 30 3 29 17 59 57 54 19 25 63 3 4 16 63 29 16 37 36 63 52 59 19 55 35 56 50 47 28 37 27 57 47 31 24 0
split_gain=3.34182 4.00284 14.8141 4.56045 2.38419 1.64963 1.57922 1.64311 0.933026 0.921284 2.07015 0.98839 0.663908 0.616283 1.23668 2.03098 0.587673 0.889433 0.594916 0.783108 0.449551 0.439595 1.03066 0.446989 0.612863 0.426076 0.446489 0.61252 0.472578 0.472822 0.389641 0.56743 0.369046 0.350564 0.616151 0.57209 0.344857 0.337483 0.339149 0.307304 0.536988 0.295937 0.448154 0.413637 0.518156 0.744632 0.293243 0.730494 0.278427 0.277989 0.856243 0.261256 0.364484 0.247942 0.24509 0.228049 0.196391 0.18333 0.160116 0.246882 0.122506 0.120239 0.117811 0.230381 0.112539 0.11223 0.119023 0.110402 0.279617 0.182665 0.0784603 0.070238 0.148941 0.0694988 0.067164 0.0581895 0.0861448 0.0325481 0.0252339 0.0247972 0.0196836 0.0174808 0.0134983 0.0504803 0.0070238 0.00417379 0.00395677 0.00237095
threshold=2401.5960000000005 -0.83352489619613901 36.934118729188775 30.655000000000005 51.675000000000004 30.925000000000004 1002.1500000000002 3.0350000000000006 918.4000000000002 81.15000000000002 81.550000000000011 0.45207220393230413 0.054283207961236112 0.60355339059327384 0.98801351631316348 36.736968386806254 0.63209755774300602 37.743338770550814 29.745000000000001 30.339375000000008 -0.66484924122790601 77.450000000000017 29.355000000000004 27.885000000000002 5.9350000000000014 0.47211864903770723 4.6850000000000014 4.1750000000000007 26.865000000000006 0.62479784469073996 79.450000000000017 27.825000000000003 35.728978835387331 -0.81231588351836581 2386.6740000000004 81.65000000000002 -0.14499999999999955 0.20769368470549884 0.025000000000000005 0.42887605137607676 0.85654306401281499 -0.074999999999999276 -0.069783533328564559 1008.9500000000002 28.326041666666672 79.950000000000017 9.0650000000000031 0.97850000000000004 1005.9500000000002 15.665000000000001 34.865872017581552 5.2650000000000006 1007.35 78.350000000000009 0.053500000000000006 78.250000000000014 35.272205266180777 1.5850000000000002 1006.0500000000001 0.99050000000000005 33.372487665684638 28.905000000000005 -0.080921478273797462 0.9085000000000002 1005.2500000000001 36.01866240736458 0.39804552314856428 82.550000000000011 34.02843140653976 35.891047566576511 1.007471699252166 -1.1089446029517089 0.61950000000000005 3.2850000000000006 36.01866240736458 1007.1500000000002 34.561429718788325 1005.5500000000001 102.84166666666677 409.25000000000006 71.65000000000002 33.81384115908272 69.850000000000009 1008.85 29.650000000000002 -0.4995640805218286 28.805000000000003 4.1750000000000007
decision_type=2 2 2 2 2 2 2 2 2 2 2 2 2 2 2 2 2 2 2 2 2 2 2 2 2 2 2 2 2 2 2 2 2 2 2 2 2 2 2 2 2 2 2 2 2 2 2 2 2 2 2 2 2 2 2 2 2 2 2 2 2 2 2 2 2 2 2 2 2 2 2 2 2 2 2 2 2 2 2 2 2 2 2 2 2 2 2 2
left_child=4 2 3 25 5 8 -3 -8 13 12 -11 49 -9 14 16 55 17 21 19 39 30 23 32 24 -1 26 -2 -28 29 -29 -15 -32 33 36 41 -36 37 -23 -39 73 54 43 -43 56 -45 -46 47 60 -33 51 -51 85 61 -34 -41 -16 81 -22 59 -25 -44 -53 63 -60 -31 66 -14 71 -69 79 -40 72 -59 -18 -55 76 -50 -73 -27 -70 -7 -35 83 -64 -76 -12 -56 -65
right_child=1 6 -4 -5 -6 80 7 9 -10 10 11 -13 65 20 15 -17 18 -19 -20 -21 57 22 -24 58 -26 78 27 28 -30 64 31 48 53 34 35 -37 -38 38 70 40 -42 42 46 44 45 -47 -48 -49 75 50 -52 52 -54 74 86 -57 -58 67 62 -61 -62 -63 82 87 -66 -67 -68 68 69 -71 -72 77 -74 -75 84 -77 -78 -79 -80 -81 -82 -83 -84 -85 -86 -87 -88 -89
leaf_value=0.0054907448377998569 -0.0019425757607350784 0.00082903227591368779 -0.07144187665367506 0.021508546335242837 0.0041680696773570506 -0.062136757788575123 0.019259719070698931 0.00067568337690630516 0.0051387534882922975 0.0022907018167672983 -0.015593309355951056 -0.0051421127516095991 -8.6183832726222014e-05 0.0035170818261428477 -0.029910694669838825 0.057709863918293546 -0.00038812084554079915 0.0084592645719841712 -0.030055523702943978 0.035607107944985408 0.0010288674663453193 0.0023668183725335371 0.0093430396284186236 0.017066958462899719 -0.33095942282145008 -0.035559234674583655 0.014803269168548199 -0.0036861825325041962 0.0064710390610603647 -0.0020207690239136024 -0.0068631520400394734 0.0032300122401693458 0.01555165078726203 -0.0017150447590367668 -0.0043594163273415554 0.00028683529536279486 -0.011931002125846309 -0.0071869236233904257 -0.042989295958229402 0.00040315379554189376 0.0010728586083539242 0.0028050438792398646 0.00048037453155035586 -0.018043573741108966 0.0072793622121833613 -0.0052048455958175087 -0.0065700784894892139 0.045311577370539056 0.00025723333872952381 -0.00092853744644675674 0.012658803165559467 -0.040299162321480307 0.0011934966525141263 -0.0033667930044854284 -0.045970155322915526 -0.00042782301414590388 0.00048699884765119716 -0.0047783858672946402 0.0025438939024073548 -0.01592337893873021 -0.012326919757475662 0.0010429513933969316 -0.012735144839071399 -0.058228648557655152 -0.01296349558315007 -0.049188678953811862 -0.024418549669682592 0.022470096087990572 -0.055176669276978826 -2.5977135781054896e-05 -0.0074717590334423996 -0.012246008051066352 -0.11353605742406692 -0.021290156355474817 -0.014009169276603671 -0.065682656118103228 -0.019606772839882769 -0.11451540891842345 -0.0019602439860362886 -0.060790054031269219 -0.095729497717658082 -0.0056553307485243069 -0.055520575840560721 -0.089598316165229314 -0.036789678993808902 -0.010630302859726225 -0.0043227342615510308 -0.016615581496582141
leaf_weight=129 158 128 184 95 108 327 169 146 173 131 99 100 96 120 90 95 98 147 1040 99 120 139 167 85 92 177 111 123 82 92 99 106 143 126 80 78 291 82 203 130 85 80 78 132 82 101 85 80 83 105 78 147 82 145 127 79 111 97 82 112 104 112 110 83 193 1151 93 128 116 134 79 106 151 336 348 314 150 1210 93 472 2049 248 517 202 78 405 78 78
leaf_count=129 142 68 76 27 88 91 133 38 73 63 79 100 96 120 90 47 78 75 372 55 72 139 135 81 92 129 107 119 82 84 99 106 131 126 80 78 291 82 203 130 85 80 78 132 82 101 85 80 83 105 78 147 82 141 127 71 107 89 82 104 104 80 82 83 185 387 93 128 116 86 79 78 127 280 312 314 150 830 69 444 485 248 429 198 78 285 78 74
internal_value=0.000300059 0.00194719 0.0051213 0.0021474 -0.000250132 -0.000336027 0.0005789 0.000247342 3.21559e-05 -0.000156825 0.00120663 0.000248241 -0.00131555 -5.11741e-05 0.000318843 0.00491497 0.000135673 0.000555436 -0.000850675 0.000383665 -0.00080798 0.000383478 0.000854902 -0.000581076 0.00225111 0.000803069 0.00163889 0.00249491 0.00142822 0.000450032 0.000531639 -4.41025e-05 0.000548694 0.000993467 0.00165253 0.00567666 -0.000150518 0.00093006 -0.000158558 -0.000284413 0.00103015 0.00112406 0.002582 0.00033613 0.0022723 0.00462806 0.00148043 0.0026226 -0.000788215 -0.000384385 0.0020226 -0.000914375 0.000540087 -0.000800653 -0.000198751 0.000343997 -0.000913666 -0.00127107 -0.00108041 0.00069676 0.000173666 -0.00071013 -0.00141235 -6.01129e-05 -0.00107228 -0.00179752 -0.000214142 -0.00140243 -0.000759843 -0.00128904 -0.00130403 -0.0017473 -0.000650624 -0.00156775 -0.00144559 -0.00141872 -0.000560481 -0.00194908 -0.00152355 -0.00181269 -0.00196944 -0.00167201 -0.00180165 -0.00137634 -0.00187976 -0.0019075 -0.00168734 -0.00158653
internal_weight=17367 4350 1308 1124 13017 12909 3042 2914 10533 2745 1259 1128 1486 10360 6954 264 6690 4697 1993 953 3406 4550 3060 1490 221 1029 759 601 490 408 872 752 2893 2179 1385 158 794 503 364 854 420 1227 427 800 315 183 347 262 653 1028 183 845 341 714 335 169 485 2534 1269 197 182 259 1072 243 285 1340 189 2414 850 722 282 1564 248 434 571 547 233 1316 270 588 2376 374 829 312 426 504 205 161
internal_count=12247 2854 1020 944 9393 9305 1834 1766 8729 1633 1019 956 614 8656 5814 208 5606 4401 1205 833 2842 4326 2972 1354 221 917 719 577 470 388 872 752 2837 2175 1381 158 794 503 364 778 420 1223 427 796 315 183 347 262 653 856 183 673 309 662 335 161 481 1970 1133 185 182 227 948 239 269 576 189 1898 774 646 282 1124 216 358 531 547 233 908 198 560 576 374 709 280 390 364 205 157
is_linear=0
shrinkage=0.0686502


Tree=48
num_leaves=85
num_cat=0
split_feature=1 23 24 25 33 29 49 9 52 63 35 54 1 45 2 30 16 30 39 25 56 33 33 30 44 35 36 4 43 10 26 28 59 59 1 54 59 9 30 29 37 29 54 1 50 26 30 3 23 41 35 35 7 28 59 44 4 45 31 30 44 52 61 30 63 38 0 63 37 20 3 9 26 30 38 52 3 3 54 23 47 22 1 26
split_gain=3.27721 9.2833 2.42375 1.63944 2.26 1.39565 0.96194 0.808749 0.916699 0.991469 1.64567 1.41383 0.911939 0.769512 0.970051 0.75042 3.37177 0.654784 0.60105 0.695462 0.579756 0.549867 0.800934 0.938292 1.8852 0.739971 0.855643 0.491867 0.69764 0.374947 0.358823 0.589309 0.543468 0.886256 0.80702 0.63364 0.86489 0.322676 0.870081 0.307187 0.892163 0.259793 0.593259 0.334531 0.257952 0.352343 0.228002 0.279042 0.238707 0.398515 0.446604 0.335087 0.221587 0.292447 0.495422 0.221036 0.178959 0.178361 0.168241 0.14706 0.145611 0.143242 0.133746 0.127949 0.125206 0.118051 0.100895 0.0962544 0.0865166 0.0773786 0.0767146 0.0606206 0.0686006 0.182092 0.0515812 0.0442771 0.0401693 0.0532476 0.0398053 0.0335645 0.0267827 0.0160546 0.00478184 0.00214005
threshold=2.0250000000000004 31.115000000000006 31.355000000000004 30.735000000000003 40.119636059230089 88.350000000000009 918.4000000000002 0.76665171983724034 0.49750000000000005 1.1000647993894683 38.680881750332794 0.39350000000000007 6.4650000000000007 2510.7670000000003 205.40000000000001 82.550000000000011 37.491543866444481 85.950000000000017 29.588333333333335 30.235000000000003 1008.4500000000002 37.603747543459569 35.170557852513689 84.15000000000002 0.44023534027313643 35.510025775036901 0.12999368932003844 1006.0500000000001 29.477291666666673 0.45971571054515326 71.450000000000017 79.250000000000014 2.7450000000000006 3.8950000000000005 0.015000000000000001 0.6605000000000002 5.4850000000000012 -0.97505550290239429 80.750000000000014 84.15000000000002 35.792310571821801 84.550000000000011 0.98350000000000015 11.675000000000002 1.0000000180025095e-35 84.450000000000017 78.250000000000014 0.95050000000000001 29.065000000000001 28.589166666666674 34.54061212287143 34.158891752088259 0.60355339059327384 82.750000000000014 4.3150000000000004 1.0816921788135754 1006.0500000000001 2152.9124999999999 0.053512978132953755 83.850000000000009 0.73590936290297904 0.94850000000000001 1.8050000000000004 82.15000000000002 1.3140784058901664 1.0002831876682123 2.4750000000000005 2.2376113247292584 35.855964918841522 30.80841027971929 0.73350000000000015 0.98801351631316348 71.450000000000017 74.950000000000017 1.4644120937517882 0.99350000000000016 0.15550000000000003 0.072500000000000009 0.98350000000000015 29.565000000000001 36.100000000000009 29.745000000000001 1.0250000000000001 83.750000000000014
decision_type=2 2 2 2 2 2 2 2 2 2 2 2 2 2 2 2 2 2 2 2 2 2 2 2 2 2 2 2 2 2 2 2 2 2 2 2 2 2 2 2 2 2 2 2 2 2 2 2 2 2 2 2 2 2 2 2 2 2 2 2 2 2 2 2 2 2 2 2 2 2 2 2 2 2 2 2 2 2 2 2 2 2 2 2
left_child=3 2 5 4 6 7 15 8 12 10 11 -10 20 14 21 18 44 52 19 30 -2 22 29 25 -25 -24 -27 28 -28 41 67 32 69 34 -34 79 -37 38 -16 70 65 46 -43 -44 45 59 -13 -48 49 63 51 -51 60 54 -54 71 -52 -33 -46 -17 74 -38 -9 -49 -61 -41 -59 -1 -29 -32 -39 72 73 -20 83 76 77 -68 -65 -35 -55 -74 -5 -11
right_child=1 -3 -4 82 -6 -7 -8 62 9 17 -12 13 -14 -15 37 16 -18 -19 55 -21 -22 -23 23 24 -26 26 27 68 -30 -31 31 57 33 35 -36 36 61 39 -40 40 -42 42 43 -45 58 -47 47 48 -50 50 56 -53 53 80 -56 -57 -58 66 -60 64 -62 -63 -64 78 -66 -67 75 -69 -70 -71 -72 -73 81 -75 -76 -77 -78 -79 -80 -81 -82 -83 -84 -85
leaf_value=-0.15468932835288016 -0.018772949984104247 0.016817429298267347 0.015326057478432372 -0.087709727631164594 -0.0030828382886142289 0.051804842296998568 0.026226403681080521 -0.0053381573299274261 0.01776416599155875 -0.045359295905521131 -0.0016093509212483576 0.0055266426600516687 0.0060324921172890365 0.10313979166728179 -0.0037607348865295338 0.001307810131078312 0.020031979988096346 0.016561791056286784 -0.1113086972013952 0.00016248908893545382 0.0058958587407783166 -0.032830644126991076 0.00052847350807209037 0.00055417627652525417 0.023532282539135172 0.0062215617677001539 -0.0093267551425518513 -0.00097977808173576784 0.010385323147774026 0.0062596291952901721 -0.0066493076450759173 0.0013387812514393054 0.0054561846944620506 -0.03526720902927695 0.0014166221853197992 0.0067997175949251693 -0.066448170788538707 -0.013155192357372537 -0.016243171182405872 -0.036200520311028501 0.0063649716951245574 0.0088562751180257214 0.00051268216290384307 -0.014217603212088559 -0.029479831447706075 0.00091451384799493593 0.0020104100766828864 0.0018709088037147349 -0.016854077664363823 -0.00012884218627490359 0.0093929009475477564 0.0016130105401310998 -0.022758438903123075 -0.0006956551321118617 0.0071949553516257141 0.024579238730040569 -0.017327399317071918 -0.00055934124333322519 0.00090994269442352688 -0.032978731835597602 -0.00010698563107047182 0.0022312957032068451 -0.1228356805001828 -0.0049808171741840285 -0.0011530726459149843 -0.0039429748260903473 -0.025126663475651179 -0.00062463014808085675 -0.019972136724360781 -0.093593013998972505 -0.060390249440356134 -0.021116924011003596 -0.08973692155951489 0.0049431684565382486 -0.00023887234784646973 -0.0027664831433961085 -0.019998647840634272 -0.015792885734708904 -0.0068594332739367204 -0.0072332123101995155 -0.036408014013014023 -0.028857593754274914 -0.20087027943088059 -0.036639043111177369
leaf_weight=465 169 301 100 2236 108 165 132 146 87 850 133 141 124 112 78 109 79 139 173 80 142 214 131 155 82 132 124 124 110 112 78 108 95 192 136 109 81 103 109 260 100 78 154 122 263 110 141 153 333 82 103 85 107 133 80 153 122 92 103 143 171 103 563 78 78 135 80 78 276 185 813 234 179 87 135 114 488 78 332 79 83 1321 362 134
leaf_count=465 105 105 56 468 28 153 52 86 87 458 37 141 100 104 78 109 27 139 149 60 118 94 127 155 82 112 104 116 90 112 78 108 95 188 136 109 81 79 109 260 64 78 154 122 263 110 141 153 333 82 103 85 87 121 72 145 122 88 103 143 143 103 327 78 78 119 80 78 140 185 669 130 119 67 103 110 484 78 332 79 63 545 106 102
internal_value=0.000394921 0.00131949 0.000900802 -0.000566575 6.42369e-05 0.000773446 -0.000119105 0.00064767 0.000855536 0.000667963 0.00114305 0.000947062 0.00391258 0.000796303 0.000667627 -0.000255439 0.00157787 -0.000707081 -0.000595763 9.59728e-05 0.00188831 0.00132627 0.00155473 0.00301727 0.00685639 0.00198775 0.00115789 9.76715e-05 0.00259626 0.000736023 -0.000100573 0.00031901 0.0014375 0.00233368 0.00590516 0.000850365 0.00306227 -0.000723827 0.00193595 -0.00108163 0.000286812 0.000506437 0.00218328 0.000654249 0.000233307 0.00135671 0.000123374 -0.000134091 -0.000455951 9.14491e-05 0.0017735 0.00444818 -0.00108232 0.000311316 0.00230026 -0.00144858 -0.00020435 -0.00090854 -0.00110307 0.00021211 -0.00152159 0.000149581 -0.00156484 -0.00107201 -0.000788236 -0.00117304 -0.00124553 -0.0016662 -0.00135509 -0.00124975 -0.0018261 -0.00164256 -0.00178204 -0.000715291 -0.00180712 -0.00150781 -0.00172877 -0.000716487 -0.00170592 -0.00152551 -0.00139044 -0.00196261 -0.00200354 -0.00198154
internal_weight=17367 8856 8555 8511 5913 8455 5805 8290 7581 7146 5314 5181 435 5094 4982 5673 885 1832 4788 2641 311 3384 3170 1134 237 897 766 634 234 2036 2561 2018 1058 795 231 564 293 1598 187 1411 495 1924 354 276 806 440 1570 1429 1288 955 392 167 1693 403 187 2147 225 960 366 330 1290 184 709 563 221 395 852 543 400 263 916 1994 1760 260 1119 760 646 158 410 271 216 1500 2598 984
internal_count=12247 7000 6895 5247 4673 6839 4645 6686 6273 5950 4662 4625 323 4538 4434 4593 833 1288 3760 2605 223 3056 2962 926 237 689 562 450 194 2036 2545 2002 1054 791 231 560 293 1378 187 1191 443 1924 354 276 806 440 1570 1429 1288 955 392 167 1149 343 159 1155 225 948 366 330 806 184 413 563 221 379 840 543 256 263 748 1010 880 216 663 752 642 158 410 267 184 664 574 560
is_linear=0
shrinkage=0.0686502


Tree=49
num_leaves=84
num_cat=0
split_feature=45 10 25 53 60 29 25 36 36 31 57 26 56 49 21 31 9 37 21 1 52 10 9 45 60 37 19 55 63 21 62 52 59 63 30 29 19 63 20 31 20 10 59 52 54 9 42 55 42 42 41 27 20 17 16 38 9 29 50 9 44 1 36 37 37 10 10 10 29 61 21 50 44 32 55 32 0 32 56 21 36 4 2
split_gain=2.73189 4.62131 14.8034 6.82439 2.32204 1.9527 1.56891 1.38101 2.57373 1.34689 1.11094 0.928886 1.35993 0.887144 0.957725 0.793426 0.685445 1.75898 0.77039 0.62561 0.762513 0.563076 0.553617 0.541114 0.798826 0.8826 1.14327 0.497971 0.685277 0.850352 1.06687 1.47301 0.470716 0.359787 0.300086 0.287904 0.480908 0.498192 0.401316 0.254278 0.254161 0.364606 0.258915 0.542134 0.641155 0.632738 1.32411 0.364725 0.357426 0.679158 0.273992 0.252483 0.381522 0.246312 0.234556 0.219973 0.206082 0.318508 0.188296 0.186722 0.173639 0.1653 0.160154 0.395779 0.194301 0.150815 0.110716 0.154858 0.110549 0.100622 0.09947 0.181923 0.093409 0.0922454 0.0852979 0.077306 0.0532546 0.0289359 0.0259526 0.0130605 0.00832198 0.00606327 0.00602706
threshold=2401.5960000000005 -0.83352489619613901 30.615000000000006 0.85750000000000004 51.675000000000004 85.65000000000002 30.925000000000004 0.15877108969119363 0.14332381516160755 -0.10528543461387939 1008.4500000000002 85.15000000000002 1009.6500000000002 918.4000000000002 31.605000000000004 -0.98871494080341538 0.98521098335796142 37.207505825153646 29.015000000000004 1.8050000000000004 0.34550000000000003 -0.99626127116974506 0.9927395293426734 1973.3105000000003 0.015000000000000001 31.32364566645121 33.132104797047752 1007.4500000000002 0.83905998005658955 29.445000000000004 37.419463303641926 0.97350000000000014 7.4250000000000007 0.39804552314856428 81.15000000000002 79.950000000000017 39.074724070475135 0.35636417082186439 35.945731617827889 -0.76673926309244311 29.916603170937375 0.91234096280339505 4.8350000000000009 0.99250000000000005 0.97950000000000015 -0.88606241628642823 0.1457166181675921 1003.5500000000001 0.10580642438751782 0.068956498501109631 27.684166666666673 77.950000000000017 33.464322301719285 35.014279849701303 34.509477525900131 1.2435534870165523 -0.833548052892222 79.850000000000009 165.60000000000016 -0.48250327361223916 1.2353804017770573 2.7250000000000005 0.6567122305136065 33.597920303246823 34.757030302878299 0.99370977118463066 -0.9668120007078248 -0.99049576193482802 82.750000000000014 0.48500000000000004 29.245000000000001 433.67500000000013 0.76259562198988318 0.65000000000000047 1007.6500000000002 -0.31999999999999845 6.9050000000000011 0.46000000000000268 1007.0500000000001 29.955000000000002 0.15462343423351993 1009.2500000000001 447.05000000000007
decision_type=2 2 2 2 2 2 2 2 2 2 2 2 2 2 2 2 2 2 2 2 2 2 2 2 2 2 2 2 2 2 2 2 2 2 2 2 2 2 2 2 2 2 2 2 2 2 2 2 2 2 2 2 2 2 2 2 2 2 2 2 2 2 2 2 2 2 2 2 2 2 2 2 2 2 2 2 2 2 2 2 2 2 2
left_child=4 2 3 -2 6 15 13 8 9 -3 34 -12 -13 14 16 -5 18 22 23 60 -21 -17 -18 65 25 39 -27 28 29 59 31 -31 58 -33 72 36 37 -36 -39 -25 -26 42 43 48 -45 -46 -47 -44 49 -42 -49 52 -50 62 -55 73 57 -29 76 -22 66 -8 69 -64 -65 -1 67 -20 -30 -52 71 -68 -9 -53 -37 -71 -23 -77 -58 -11 -72 -43 -61
right_child=1 7 -4 5 -6 -7 61 10 -10 79 11 12 -14 -15 -16 21 17 -19 19 20 27 32 -24 24 40 26 -28 56 68 30 -32 33 -34 -35 35 74 -38 38 -40 -41 41 81 47 44 45 46 -48 50 51 -51 53 55 -54 54 -56 -57 78 -59 -60 82 -62 -63 63 64 -66 -67 70 -69 -70 75 80 -73 -74 -75 -76 77 -78 -79 -80 -81 -82 -83 -84
leaf_value=-0.13492576064272488 0.018656780239303349 -0.0024339920793668693 0.048248428694576087 0.019852130312597929 0.0042589234692953348 0.029990258775391226 -0.098985565620705512 -0.022135355738723328 0.00019630390475403162 -0.003703358041985072 -0.070306769809089995 0.022485026974554619 -0.0011641562223417489 0.0029164902964030387 0.0026189643998984972 0.018927874988678244 0.0049960227263744807 0.015021827905766161 -0.049198198208896468 0.0073189334042071102 0.0006510947139977012 -0.016930781471244861 -0.054947684959298464 0.0046097522825891187 0.0034059130067915959 0.0044907014515587883 0.00042842956701637848 0.0040848315281465123 -0.0059828480112437046 0.012545296368725877 -0.00095071764092626303 -0.0024571273314773585 0.0016664730345323383 0.0012043129152432711 -0.0022798583876927668 -0.0018533864674428631 -0.051348599476164228 0.0013872267840696303 -0.022215502926078896 -0.03069082763772836 -0.020713635347897986 -0.088410736980346433 0.0037613119558327886 -0.0059018962578092663 0.00055203836589907431 0.00051216681793196358 0.006513504666460862 0.0019743449682825464 -0.053784099116495718 0.0012277776815929477 -0.00040502587724582448 -0.010291708419249977 0.0068526441106751745 0.011665233156949588 -0.00099209820122202544 0.0012885220101154994 -0.013222996015036957 -0.060456379364158451 -0.00068254634377198258 -0.0088355181824486054 0.025498579339357414 -0.044316948191614809 -0.017024829997698613 -0.017791137238947412 9.480907647516895e-05 -0.00083468883920994772 -0.086756990483436477 -0.00042524255004327085 -0.0082381842819298674 -0.0037704011843801032 -0.01178585614336434 -0.0061770840692860433 -0.026461839387804002 -0.0021738909805929332 -0.018243957288825614 -0.019458857363164057 -0.0022472622221355559 -0.013936238503854283 -0.029508823112212704 -0.020561136136124366 -0.077254773432499466 -0.14667047586970947 -0.033618229188943048
leaf_weight=435 100 219 96 91 108 92 1974 927 161 144 97 105 94 173 113 109 96 112 85 236 150 436 205 85 154 78 105 79 446 157 335 101 103 78 121 291 159 108 95 117 145 78 83 94 107 85 78 103 80 132 97 394 80 80 87 161 121 140 155 238 144 402 99 223 117 86 124 78 113 85 268 79 213 79 80 567 126 107 796 228 1526 241 78
leaf_count=431 56 111 36 87 88 84 434 387 93 120 93 105 94 73 37 109 72 64 85 140 150 336 169 85 154 78 105 79 274 149 147 101 103 74 105 283 55 108 67 117 145 78 83 94 107 85 78 103 80 132 97 394 80 80 87 149 81 140 115 234 144 142 99 219 117 86 124 78 109 85 136 79 77 79 80 567 94 107 516 56 962 241 70
internal_value=0.00037911 0.00186831 0.00527858 0.00320011 -0.0001183 0.00163783 -0.000203092 0.000398446 0.00294887 0.000833627 -0.000438126 0.00347222 0.00614921 0.000155974 7.37049e-05 0.000761083 3.44538e-06 0.00273879 -0.000111286 -0.000665416 -2.15597e-05 0.000151555 0 0.000554687 0.000830505 0.00379705 0.00723352 -0.000336389 0.000406217 0.00137573 0.00293962 0.00566471 -0.000461659 0.00135217 -0.0010233 -4.36586e-05 0.00105348 0.00257439 0.00464542 0.000629019 0.00050645 0.000380505 0.0006106 0.00128436 0.00357003 0.00526663 0.0079463 2.01482e-05 0.000498923 0.00261692 -0.000213606 -0.000236822 0.00217893 -0.000458969 0.00200279 -0.000858239 -0.00144876 0.000421684 -0.00109257 -0.000867091 -0.00151996 -0.00179618 -0.000782326 0.000273401 -0.000829182 -0.00151823 -0.00167458 1.42165e-05 -0.00155493 -0.00132939 -0.00181495 -0.000340511 -0.00175162 -0.00160817 -0.00148456 -0.00159736 -0.00167946 -0.00184412 -0.0019011 -0.00166994 -0.00197848 -0.00181974 -0.00181747
internal_weight=17367 4350 1308 1212 13017 1112 12909 3042 752 591 2290 296 199 10533 10360 1020 10247 413 9834 5372 3068 929 301 4462 3941 385 183 2832 1696 1137 671 336 820 179 1994 854 483 324 203 202 3556 3402 3083 1435 364 270 163 1648 1071 277 1565 794 160 1462 167 634 1136 219 717 466 2304 2376 1295 439 340 521 2160 163 559 856 1997 203 1140 473 371 759 562 674 917 372 1794 319 316
internal_count=12247 2854 1020 984 9393 928 9305 1834 380 287 1454 292 199 8729 8656 844 8619 305 8314 3872 2264 757 241 4442 3925 385 183 2124 1308 925 471 324 648 175 1162 698 335 280 175 202 3540 3386 3067 1423 364 270 163 1644 1059 277 1561 782 160 1458 167 622 816 219 545 454 1608 576 1291 435 336 517 1464 163 383 856 1301 203 464 473 363 759 430 674 597 176 1098 319 304
is_linear=0
shrinkage=0.0686502


Tree=50
num_leaves=88
num_cat=0
split_feature=30 62 9 9 53 59 54 29 60 63 39 9 9 31 4 40 29 18 41 42 10 43 11 28 10 38 38 29 58 10 53 63 9 31 45 58 20 50 41 17 54 30 29 60 28 58 45 30 52 10 10 55 60 27 38 63 59 38 17 16 41 26 37 3 21 60 56 30 57 16 46 29 22 30 53 34 38 58 40 3 28 44 3 10 18 20 61
split_gain=2.50265 2.2447 5.01446 7.8319 4.29923 3.15537 1.3657 4.06862 1.09634 1.06705 0.783162 0.715827 1.73331 0.705842 0.689241 1.04253 0.640767 0.569835 0.678589 1.18291 1.10794 1.84502 2.47917 0.887752 1.20158 0.446281 0.512895 0.714577 0.875467 0.453619 1.04375 0.438211 0.86242 0.404102 1.27524 0.408673 0.342741 0.320293 0.317628 0.284743 0.65464 0.248489 0.36456 0.202228 0.348854 0.885617 0.265223 0.342218 0.629412 0.238814 0.802036 0.396951 0.182856 0.173787 0.155763 0.149684 0.317893 0.143418 0.127262 0.126329 0.122967 0.315454 0.114713 0.109863 0.309222 0.677679 0.0973149 0.0846491 0.0779965 0.191214 0.0777886 0.0735058 0.064519 0.0603408 0.056632 0.0520413 0.0391859 0.038337 0.0277034 0.0265926 0.0256529 0.0187594 0.00765162 0.00710884 0.00505231 0.00359372 0.00336698
threshold=77.050000000000011 36.140719025605762 0.55601228778889811 0.48250327361223927 0.87550000000000006 5.6350000000000007 0.97750000000000015 75.450000000000017 30.070000000000004 4.5559705284622689 29.614999999999998 0.18399664778440331 0.15005400879207817 -1.353627180029118 1004.85 0.078102496759460918 81.050000000000011 35.513436684043995 28.765833333333337 0.31513224736063589 -0.74979862697202038 29.150625000000005 9.5000000000000018 85.050000000000011 -0.17552498857989965 0.8332965929572117 0.9966979928698515 75.350000000000009 4.6150000000000011 0.77756834408811348 0.92450000000000021 1.9048238825430153 0.98521098335796142 -0.55440119341409211 2279.0920000000001 1.5850000000000002 34.865872017581552 1.2666666666667237 30.347500000000004 36.88575024850919 0.95750000000000013 84.750000000000014 77.550000000000011 12.405000000000003 84.850000000000009 3.1650000000000005 2430.3650000000002 80.850000000000009 0.98750000000000016 -0.82389248692129191 -0.89388548498445497 1005.2500000000001 4.8450000000000006 78.550000000000011 1.4771430939873436 0.63891252823810885 2.7150000000000003 1.0650011182371775 33.710124001201677 33.600454308665064 27.46916666666667 72.550000000000011 36.611759000430588 0.26200000000000007 30.285000000000004 0.19500000000000003 1006.7500000000001 78.550000000000011 1007.7500000000001 36.765183655396207 29.575000000000003 86.750000000000014 29.225000000000005 85.450000000000017 0.99650000000000005 0.083108328592403885 0.8332965929572117 2.9250000000000003 0.3113411847694369 0.98550000000000015 84.350000000000009 0.77050214192088062 0.98150000000000015 -0.073092422389869308 35.331959151195981 35.378610340166212 6.2150000000000007
decision_type=2 2 2 2 2 2 2 2 2 2 2 2 2 2 2 2 2 2 2 2 2 2 2 2 2 2 2 2 2 2 2 2 2 2 2 2 2 2 2 2 2 2 2 2 2 2 2 2 2 2 2 2 2 2 2 2 2 2 2 2 2 2 2 2 2 2 2 2 2 2 2 2 2 2 2 2 2 2 2 2 2 2 2 2 2 2 2
left_child=8 9 3 4 -3 6 57 -8 11 10 16 12 13 -1 15 -15 17 18 23 20 36 22 -22 25 -25 66 27 -27 -29 59 37 32 33 34 81 -35 -20 78 -9 40 -6 53 -43 44 49 -46 47 -47 -49 50 58 -51 -42 -19 68 56 -16 -4 -18 77 61 -58 80 64 65 -37 -2 -53 86 -70 -65 75 -62 -69 -50 -45 -57 -28 -31 -21 -55 -13 -78 -77 -60 -54 -12
right_child=1 2 5 -5 39 -7 7 38 -10 -11 54 31 -14 14 55 -17 43 41 19 79 21 -23 -24 24 -26 26 29 28 -30 30 -32 -33 -34 35 -36 63 -38 -39 -40 -41 52 42 -44 71 45 46 -48 48 74 51 -52 67 85 62 -56 76 60 -59 84 -61 72 -63 -64 70 -66 -67 -68 73 69 -71 -72 -73 -74 -75 -76 83 82 -79 -80 -81 -82 -83 -84 -85 -86 -87 -88
leaf_value=-0.0055126961739045272 -0.0003447836850275839 0.0081149002429296464 -0.028141403884487756 0.038804894928775438 0.013720412064615273 -0.030881336260354886 0.0022232449537143567 -0.030018249491509212 -0.007589272279107097 0.0018040415317261041 -0.019581484537727248 -0.099867050706301738 0.0056164415795093856 0.0069358084358818479 0.00776971433971452 -0.012847409479913878 -0.0011603285950660043 0.0059209962223853666 -0.00054075239269217492 -0.02224765199136583 0.019712188479599862 -0.0014026599079811149 0.0027433924578218094 -0.0067088015716744555 0.01885858927193345 -0.011798950698482632 -0.0063520828990296018 0.0051767911970436557 0.00033520984800205562 -0.014374937213404207 0.0066737971434077245 -0.091430226536344514 0.0037401908917135945 -0.00064685247077341272 0.012439404870333579 -0.03140402417590446 -0.0070449068837967026 0.00035676098271710362 0.0012083999656625373 -0.085787415527992128 0.00079738448026575365 -0.011053116846239931 0.0019022813832493205 -0.0064148258490501252 0.015900142271347586 -0.0026729403808056764 -0.041068025790866311 0.0011871804733310121 -0.001132286012866028 0.00043329614645365954 0.0049274475999264858 -0.022299176634441625 -0.030777379981675363 -0.00910366651941312 -0.0003192421428969225 -0.0060502636402046646 -0.23877894184154563 -0.0016154375814351914 -0.047813347731888944 -0.00034638700183529095 -0.0072280482229985536 0.0041732401166274273 -0.00034293185925403857 -0.059702895965662826 -0.096820529546924203 0.020685948249494584 -0.0096660676848404799 -0.038121686194516599 -0.084605398637812385 0.0015736557120358784 -0.097122982352048845 -0.0019530944103454901 -0.059316069580957295 -0.00032469564466004063 -0.000189690084261691 -0.0099119535305126748 -0.12474278425028744 -0.01228424179312486 -0.0053099125112848903 -0.0073252260912203375 -0.02233973742795092 -0.095131368274444364 -0.029121143570253086 -0.0013711314065253293 -0.00028804888547019365 -0.030866282829962382 -0.027672138610303314
leaf_weight=83 117 144 979 322 78 231 202 378 136 89 688 191 84 85 80 97 78 83 127 106 130 110 83 98 94 85 78 78 89 115 78 1783 226 117 137 108 120 80 201 232 78 82 83 112 78 130 143 118 87 111 141 124 78 378 146 143 88 250 174 112 268 78 93 1439 374 81 318 646 140 79 357 112 152 122 79 361 467 283 78 78 109 113 78 78 78 115 115
leaf_count=83 117 100 287 142 78 87 98 150 112 37 332 95 84 85 80 97 78 83 127 106 130 110 83 98 94 85 78 78 89 115 78 547 98 61 89 108 120 80 77 84 78 82 83 112 78 130 143 118 87 111 141 124 78 374 130 143 88 98 174 112 268 78 93 727 98 65 318 646 136 67 133 112 152 122 79 361 467 283 78 78 109 97 74 78 78 115 91
internal_value=0.000383063 0.00104149 0.00253119 0.00645055 0.00247351 0.000694759 -0.000178294 0.00206134 -0.000648044 0.000370719 0.000277152 -0.0007744 0.000436368 -6.32937e-05 -0.000402049 0.0035418 0.000591657 0.00124026 0.00176521 0.00348086 0.00502455 0.00766697 0.0113758 0.00100025 0.00538158 0.000435479 0.00118793 0.00389084 0.006486 0.000349644 0.0022194 -0.00119405 -0.000703303 -0.00102169 0.000883506 -0.00136345 0.00152367 0.000183621 -0.000862684 -0.000159595 0.00106843 -0.000311537 0.00205161 -0.000175348 0.000151393 0.00149654 0.000518044 0.00140527 0.00274275 -0.000425458 0.000841934 -0.00102616 -0.000517583 -0.000910669 -0.00134807 -0.000939215 -0.000195841 -0.00160651 -0.000999188 -0.00102938 -0.000760083 0.000797058 -0.00133702 -0.00156162 -0.000707133 0.00153351 -0.00141158 -0.00151248 -0.00164904 -0.000465279 -0.00182579 -0.00122063 -0.00138852 -0.00178121 0 -0.00154763 -0.00164934 -0.00165811 -0.0013113 -0.00127499 -0.00176166 -0.00158321 -0.0019189 -0.00188506 -0.00175635 -0.00166437 -0.001964
internal_weight=17367 10602 3288 1047 725 2241 2010 781 6765 7314 7225 6629 1703 1619 1536 182 6057 3285 2457 754 570 323 213 1703 192 1511 1076 252 167 824 351 4926 3143 2917 441 2476 247 273 579 581 349 828 165 2772 2109 635 557 414 284 1474 471 1003 271 663 1168 1354 666 1229 330 473 586 166 580 2359 563 189 435 892 1022 219 1796 663 420 768 166 551 688 361 193 184 487 304 545 439 252 193 803
internal_count=12247 8318 1472 675 533 797 710 325 3929 6846 6809 3817 1699 1615 1532 182 6053 3281 2457 754 570 323 213 1703 192 1511 1076 252 167 824 351 2118 1571 1473 281 1192 247 273 227 433 349 824 165 2772 2109 635 557 414 284 1474 471 1003 271 659 756 1350 666 385 330 473 586 166 576 1131 271 173 435 892 626 203 860 663 420 768 166 551 684 361 193 184 483 192 541 439 252 193 423
is_linear=0
shrinkage=0.0686502


Tree=51
num_leaves=79
num_cat=0
split_feature=1 23 19 1 43 43 54 63 32 9 9 43 20 40 63 53 4 43 26 38 62 29 53 38 29 50 61 9 43 38 58 36 0 59 20 34 5 63 43 43 30 61 40 40 21 36 63 54 29 19 40 42 54 61 11 49 31 57 19 63 60 20 58 57 10 40 4 0 28 1 50 44 60 27 18 31 2 45
split_gain=2.51548 9.00078 3.24097 5.65427 1.61878 7.71942 0.792318 2.18079 1.01161 0.826133 0.896893 0.865702 1.39331 2.16544 0.886885 0.89184 0.566739 0.581151 0.60953 0.582932 0.653325 0.501338 0.541752 0.575604 1.08634 0.449363 0.823428 0.446915 0.949188 1.51651 0.683944 0.470133 0.652292 0.993783 0.875919 0.847762 0.448705 0.63518 0.445551 1.05087 0.321986 0.319738 0.315546 0.303236 0.30017 0.261798 0.259622 0.800715 0.224831 0.294051 0.220889 0.211384 0.209102 0.198607 0.189216 0.188045 0.286636 0.147434 0.160039 0.137753 0.125444 0.114952 0.165346 0.112418 0.102832 0.0902963 0.0831772 0.0822767 0.0975848 0.169271 0.0411921 0.0340845 0.0263425 0.0246115 0.0198462 0.0078482 0.00468373 0.00323874
threshold=1.9350000000000003 31.295000000000005 39.074724070475135 7.8050000000000006 30.121875000000006 30.077708333333337 0.48050000000000004 0.29482934675540667 -0.31999999999999845 0.68391308835034159 0.67125374152323958 29.981875000000006 37.388537980557217 0.070237691685706163 2.8766096261262519 0.45150000000000007 1004.0500000000001 29.321874999999999 71.450000000000017 0.75159360868108049 35.760004060465981 80.850000000000009 0.99150000000000016 0.9966979928698515 75.350000000000009 1.0000000180025095e-35 0.29500000000000004 -0.97873101657557326 28.444791666666674 0.7577958478659127 3.1950000000000007 0.26366927429243509 4.5950000000000006 6.2150000000000007 34.923387503530385 0.097072425282516153 -0.70710678118654735 -1.3692620132862385 28.659375000000004 28.436041666666672 71.950000000000017 7.6050000000000013 0.045092497534920568 0.045825756951304135 29.125000000000004 0.13202859071238504 0.96525738221373214 0.77250000000000008 80.850000000000009 34.826903010676581 0.055075705472705121 0.070828431203723272 0.98450000000000004 1.135 7.5000000000000009 539.25000000000011 0.30366866986911495 1007.1500000000002 33.655195629726968 -0.16456485321641165 2.5950000000000002 37.281868690705998 4.8750000000000009 1008.7500000000001 0.99548449742306455 0.11015141094575694 1006.85 2.4750000000000005 86.050000000000011 6.8750000000000009 13.266666666666746 0.39955081200929338 2.9150000000000005 81.850000000000009 36.249661491835226 -0.74005695162559693 163.20000000000002 2108.5955000000008
decision_type=2 2 2 2 2 2 2 2 2 2 2 2 2 2 2 2 2 2 2 2 2 2 2 2 2 2 2 2 2 2 2 2 2 2 2 2 2 2 2 2 2 2 2 2 2 2 2 2 2 2 2 2 2 2 2 2 2 2 2 2 2 2 2 2 2 2 2 2 2 2 2 2 2 2 2 2 2 2
left_child=4 2 6 -4 5 16 7 -2 -9 10 11 12 14 -14 15 -8 -1 18 63 66 21 22 23 24 -21 26 -6 28 57 -30 -31 32 41 34 43 -36 37 -33 39 40 -25 72 -43 -34 -44 -11 47 -23 49 -39 51 -35 -51 -38 -10 60 -57 58 -17 -13 -55 62 -27 -18 70 -54 -20 -62 74 -70 -42 -49 -29 77 -69 -65 -52 -19
right_child=1 -3 3 -5 25 -7 9 8 54 45 -12 59 13 -15 -16 27 17 73 19 20 -22 46 -24 38 -26 61 -28 31 29 30 -32 36 33 50 35 -37 53 48 -40 -41 64 42 44 -45 -46 -47 -48 71 -50 52 76 -53 65 55 -56 56 -58 -59 -60 -61 67 -63 -64 75 -66 -67 -68 68 69 -71 -72 -73 -74 -75 -76 -77 -78 -79
leaf_value=-0.0028620106816421888 0.011386466514201084 0.022026542703678362 -0.052415396565776595 0.033413619663051529 -0.026622954223857062 0.012712203372261128 0.0070771150560084185 0.016402986538556721 -0.053246404360013724 -0.012889295949502277 0.0026783548590155843 -0.0021517021416979092 -0.039300010733809169 -0.016795665160061538 0.0055801338598349759 0.0007358867268636894 -0.00026632261495430546 -0.036276452089412575 -0.00041993985710363257 -0.0014113383188164605 -0.0033526803746440131 0.018967456504867936 -0.0056671890033102848 0.0064720466515804809 0.0048165978091603886 0.0015294560348924516 0.0025141376149841778 -0.023054638021621846 0.038067886745549416 0.0017219783622704279 -0.0012101694749709034 0.012554491789701748 -0.0004939877200337738 -0.034199489301144574 0.011092278623435977 0.0018717005682740619 0.0015634074521517472 0.0064351421996721361 -0.02537401723476895 0.004498114226659757 -0.01761961128354491 -0.029861685094513937 0.003199430551599775 0.0033230966566318034 -0.0016737867724433333 -0.037283315899196576 -0.068821999120860483 -0.00097346282577472109 -0.024698401697719662 0.00041340091684988932 -0.0032230042500951944 0.00055292457675492517 -0.00059971383207190236 0.00074260517110690363 0.0024198861970823192 -0.0055116258689264352 0.00086495571986030986 -0.028529746467134392 -0.0042364059439318003 -0.041157597051053138 -0.0028753401991569129 -0.069401445227807348 -0.063447939820827443 -0.24719548298635413 0.0010652902415742729 -0.024334657090668205 -0.054662895479251489 -0.013611462742579537 6.4149821509976363e-05 -0.026813944284661016 -0.034917953147259165 -0.046914234743100129 -0.0098866603178224266 -0.019378947980253292 -0.028067261584824359 -0.13873454180536604 -0.024932186262207924 -0.026391577135472955
leaf_weight=96 163 190 276 235 365 172 112 89 273 118 120 147 116 126 148 78 110 117 86 119 81 122 154 81 142 161 273 105 83 89 130 131 114 78 117 150 76 116 271 144 222 91 85 122 91 826 332 78 189 127 156 94 108 126 126 144 121 168 84 677 129 2794 208 79 82 189 380 1170 81 114 129 190 341 113 153 581 78 715
leaf_count=76 139 70 84 95 133 56 112 77 161 74 24 103 100 98 148 78 110 89 86 119 61 122 154 81 142 73 113 101 83 89 130 127 114 78 117 146 76 116 271 144 222 91 85 122 87 370 328 78 185 115 144 94 108 126 126 132 89 168 84 253 129 642 84 79 82 189 372 1126 81 114 129 190 329 85 117 581 78 463
internal_value=0.000331679 0.00113116 0.000809317 0.00610811 -0.000521788 0.000344102 0.000480229 0.0027772 0.000460631 0.000282768 0.000552294 0.000443021 0.000742915 0.00582727 0.000516295 0.000369174 -0.000211653 -0.000329245 8.99425e-05 0.000591703 0.00107089 0.000828279 0.00161258 0.00110768 0.00394836 -0.00156989 8.41774e-05 0.000237403 0.00194689 0.00472028 0.00166738 6.5971e-07 0.000941479 0.00216061 0.00419626 0.00688293 -0.000510912 0.000806811 0.00029912 0.00126841 -0.000179009 -0.000606712 0.00125671 0.00111142 0.00295742 -0.00161518 -0.000624785 0.000565431 5.08171e-06 0.000725765 -0.000354512 0.00148987 -0.000103923 -0.00104963 -0.00101045 -0.0011803 0.000508629 -0.000584935 0.000866969 -0.00163375 -0.00143588 -0.00190506 -0.000740177 -0.00160395 -0.000934535 -0.00111197 -0.00160141 -0.00159644 -0.00173785 -0.000270506 -0.00145194 -0.00151957 -0.00173436 -0.00183326 -0.00194966 -0.00194335 -0.00173318 -0.00196732
internal_weight=17367 8970 8780 511 8397 4596 8269 651 488 7618 6674 6554 5730 242 5488 5340 4424 4328 3383 2613 2147 2066 1344 1190 261 3801 638 5228 632 302 219 4596 1622 909 503 267 2974 860 929 658 514 713 267 236 176 944 722 390 729 540 406 172 424 2114 399 2038 265 330 162 824 1773 3163 369 770 433 297 466 1647 1518 195 351 268 446 945 1323 660 234 832
internal_count=12247 7082 7012 179 5165 4120 6833 503 364 6330 5886 5862 5506 198 5308 5160 4064 3988 3351 2581 2123 2062 1344 1190 261 1045 246 5048 632 302 219 4416 1586 893 499 263 2830 840 929 658 514 693 263 236 172 444 718 390 713 528 394 172 412 1990 287 1914 221 330 162 356 1693 799 157 770 433 297 458 1567 1438 195 351 268 430 637 1243 660 222 552
is_linear=0
shrinkage=0.0686502


Tree=52
num_leaves=92
num_cat=0
split_feature=32 57 31 38 20 29 63 35 37 27 16 37 24 29 0 45 45 0 21 4 34 20 59 4 27 1 36 28 1 0 30 16 63 4 43 43 21 59 38 38 41 40 44 31 25 50 53 54 45 44 43 43 44 4 0 52 0 1 4 23 11 18 59 57 52 44 56 20 20 22 34 61 16 63 0 4 31 22 34 28 16 27 4 50 4 17 50 6 0 1 22
split_gain=3.001 3.06996 2.71663 4.41087 5.09602 2.53468 1.20673 1.07417 1.29491 0.780864 0.582297 1.74441 2.47687 1.50476 2.29889 0.544627 0.640964 0.541894 0.433196 0.381013 0.333188 0.372517 0.479332 0.93223 1.01593 0.656121 0.517425 0.505267 0.946094 0.650004 0.433711 0.299089 0.350769 0.297496 0.562418 1.7639 0.392872 0.41831 0.441377 0.751723 0.313071 0.765399 0.271884 0.476411 0.252684 0.245551 0.243863 0.212227 0.447029 0.256781 0.291467 0.194423 0.192567 0.175403 0.173942 0.150752 0.150163 0.13219 0.122755 0.120525 0.212327 0.12211 0.10974 0.219385 0.391998 0.0947126 0.0858953 0.11311 0.23134 0.0849517 0.0829326 0.0663722 0.0646865 0.0613367 0.0793667 0.132388 0.0333467 0.0327451 0.0307131 0.0291844 0.0246275 0.0193699 0.0167723 0.0098349 0.00735762 0.00620786 0.00605214 0.00548595 0.00459414 0.00457126 0.0037502
threshold=-0.0099999999999997851 1002.1500000000002 0.32815202135155636 0.80272915273079348 37.388537980557217 88.350000000000009 4.3325097787766103 37.131024241467252 37.539401833165101 86.850000000000009 39.228536274871942 37.577565774427967 30.055000000000003 75.550000000000011 4.5450000000000008 2439.2170000000001 2481.3755000000006 0.8650000000000001 29.125000000000004 1004.5500000000001 0.021512194505680957 34.25845271368312 5.2250000000000005 1008.0500000000001 79.950000000000017 5.5650000000000004 0.31652969512519791 68.950000000000017 0.015000000000000001 1.8950000000000002 77.65000000000002 35.251887287281185 0.29482934675540667 1006.1500000000002 29.273125000000004 29.423958333333339 29.205000000000002 6.455000000000001 1.3489167348945001 1.5902255392682763 28.775833333333342 0.040414518845604618 0.35299648921483101 -0.19145647325020929 29.795000000000005 1.4583333333333905 0.99950000000000017 0.95750000000000013 2237.1830000000004 0.36087591991797963 28.571875000000006 28.79395833333334 1.0994848814293765 1008.6500000000002 5.205000000000001 0.6665000000000002 4.9750000000000005 9.0650000000000031 1005.7500000000001 28.935000000000006 6.5000000000000009 34.769126204680944 4.2350000000000012 1008.85 0.82350000000000001 0.31588944301443267 1004.6500000000002 34.556976948925545 34.05083098047681 29.855000000000004 0.071106292513872529 19.435000000000006 31.552874285792026 -1.158364588082623 2.3550000000000004 1008.2500000000001 0.18618264235289853 29.265000000000004 0.15081249117289733 79.850000000000009 34.354843632366006 69.65000000000002 1007.6500000000002 1.5833333333333905 1009.2500000000001 34.02843140653976 603.93333333333362 0.78656609248549303 4.2750000000000012 0.87500000000000011 29.935000000000006
decision_type=2 2 2 2 2 2 2 2 2 2 2 2 2 2 2 2 2 2 2 2 2 2 2 2 2 2 2 2 2 2 2 2 2 2 2 2 2 2 2 2 2 2 2 2 2 2 2 2 2 2 2 2 2 2 2 2 2 2 2 2 2 2 2 2 2 2 2 2 2 2 2 2 2 2 2 2 2 2 2 2 2 2 2 2 2 2 2 2 2 2 2
left_child=1 -1 6 -4 -5 7 9 8 17 10 11 18 -13 14 -14 -11 -17 -2 20 -20 -3 22 23 24 -22 -26 53 72 -29 -30 -31 59 -33 34 44 -36 37 38 40 -40 46 -42 43 -21 58 -12 62 87 -49 50 -50 89 66 -25 -34 -15 -41 81 65 60 -23 88 63 64 -35 -19 -44 68 90 -37 -55 78 -28 -38 75 -75 -65 84 -51 -69 -76 -9 -64 -83 -61 -82 -67 -24 -62 -32 -68
right_child=5 2 3 4 -6 -7 -8 57 -10 15 45 12 13 55 -16 16 -18 33 19 42 21 31 47 26 25 -27 27 28 29 30 51 32 54 36 35 69 73 -39 39 56 41 -43 52 -45 -46 -47 -48 48 49 71 -52 -53 -54 70 -56 -57 -58 -59 -60 77 61 -63 82 76 -66 86 67 79 -70 -71 -72 -73 -74 74 80 -77 -78 -79 -80 -81 85 83 -84 -85 -86 -87 -88 -89 -90 -91 -92
leaf_value=0.014942517670188907 0.0023385255390731196 -0.0030649049619012668 -0.017149894567069685 -0.0082837039855512447 0.026085390122034788 0.03997834704294622 0.00094069572286291587 -0.39758907314085673 -0.085778378475937944 -0.014134901437894339 -0.010038006742658253 0.011707737490796956 0.0049952129137490562 0.024862665499242383 -0.023047502424021253 0.020259259532253583 0.00046511900683981095 -0.0037538990318103016 0.0052639708601944415 -0.00082201010299369156 0.0032395563563761783 0.0040120814324099106 -0.02808154637324415 0.00060151902737563758 -0.0012194494198632538 0.016224194010162851 -0.10146091881764771 0.0062674904920804759 0.0079604167751642588 0.0037588879239610355 -0.055442323003264904 0.0057454590345080879 -0.017350943148334391 0.0044258435004825058 0.0094905790809122152 -0.023194766639810259 -0.0051461558988002577 -0.043738333403536285 0.0071665615149141861 -0.073589217526794759 -0.020403954384182049 0.033997270072864919 -0.0033851984652192267 0.0057026498822523117 0.0039494849960442623 -0.041174889902174758 0.0054658731941876039 0.021563430946441732 -0.0037944112164445473 -0.0062350744408440689 0.0037205484692279423 0.0010522347205272349 0.028765885944220072 -0.0012923581091914764 -0.00047898774750286673 -0.036639156995405854 0.0035304075631687136 -0.05347933358588354 -0.00020698968857401143 -0.0045237493732405995 -0.027500536750963981 0.00042383141377740725 -0.037585574740973779 -0.017439883706555335 -0.021164025847158069 -0.021764811915069307 -0.0016147241971502747 -0.016862404230598194 -0.0041342196594582586 -0.00097186936474743233 -0.022909479476185424 -0.0014813384667280148 -0.0062846932802318187 -0.079843624165353413 -0.083547206064926882 0.0032582284684540557 -0.078493865825924658 -0.0034753313245101986 -0.018284762814550239 -0.0031116029975857577 -0.050679843336854498 -0.004283654166992194 -0.0084580977879281805 -0.058010370098403471 -0.035590049642734455 -0.055761588611952344 -0.051600044691070782 -0.056073963350026151 -0.0052129820936866727 -0.014271428403410771 -0.061247343781295774
leaf_weight=128 86 89 275 195 151 154 120 294 193 118 258 250 211 158 300 119 80 115 163 111 84 79 199 81 101 104 117 114 79 90 151 99 112 123 137 137 210 407 96 80 96 103 112 80 78 607 79 134 80 90 93 79 116 129 79 334 78 285 142 404 78 78 134 80 123 363 120 950 88 102 283 78 78 117 120 97 199 83 265 113 94 255 289 2197 78 1069 84 78 152 78 78
leaf_count=60 78 89 119 143 47 142 60 74 85 114 66 118 107 58 116 119 80 115 135 95 84 79 199 81 101 104 117 114 79 90 151 95 112 123 125 93 126 399 96 80 96 95 92 76 78 135 79 134 80 90 93 79 108 129 79 154 78 133 142 400 78 78 134 80 123 343 120 590 88 78 283 78 78 101 120 73 199 83 265 109 94 75 289 513 78 837 72 78 152 78 62
internal_value=0.000355395 0.00121058 0.00105918 0.00543674 0.0105797 -0.000596522 0.000734128 -0.000764398 -0.000148064 0.000633709 0.000499589 0.000704965 0.0030282 0.00149229 0.0040986 0.00396975 0.00614921 -0.000369731 0.000205586 -0.000634266 0.000621132 0.000522065 0.000991997 0.0017446 0.0052601 0.0025852 0.000941154 0.00203517 0.00303529 0.00166647 0.000512858 -0.000451839 0.00146611 -0.00046914 0.000484578 0.00266351 -0.000777952 -9.2118e-05 0.000441348 0.00303799 -9.53048e-05 0.00238174 -0.000929748 0.00149617 -0.000559411 -0.00117851 -0.000583011 -0.00016407 0.000437403 -0.000350804 0.00186307 -0.000701951 -0.00122797 -0.000793361 -0.00023332 -0.00120817 7.92478e-05 -0.00178514 -0.000977439 -0.00104289 -9.43821e-05 -0.000923804 -0.000893993 -0.000218302 0.00126071 -0.00143578 -0.00144366 -0.00159593 -0.000359214 -0.000883407 -0.00137553 -0.00125058 -0.000969448 -0.00153234 -0.00168753 -0.00042828 -0.00154075 -0.00168148 -0.00165136 -0.00192283 -0.00189279 -0.00193159 -0.00171675 -0.00200021 -0.00190058 -0.00199352 -0.00188818 -0.00178357 -0.00172754 -0.0017261 -0.00167427
internal_weight=17367 9151 9023 621 346 8216 8402 8062 5031 8282 7965 7100 1253 1003 511 317 199 4838 5847 1931 3916 3827 2585 1568 289 205 1279 786 591 477 398 1242 290 4752 1158 376 3594 1887 1480 254 1226 199 1768 191 782 865 1027 1017 740 606 173 308 1577 493 191 492 158 3031 704 952 387 308 948 525 246 562 1461 1349 286 239 412 433 195 1707 1497 214 279 565 355 1063 1283 2746 423 2452 482 1163 447 277 230 229 198
internal_count=12247 6879 6819 309 190 5368 6510 5226 4431 6450 6137 5936 553 435 223 313 199 4346 5383 1475 3908 3819 2585 1568 289 205 1279 786 591 477 398 1234 286 4268 1046 296 3222 1871 1472 254 1218 191 1340 171 750 201 1027 1017 740 606 173 308 1169 493 191 212 158 795 672 948 387 308 948 525 246 530 1061 969 270 171 412 433 195 1351 1225 174 279 561 355 699 1051 662 423 588 478 931 415 277 230 229 182
is_linear=0
shrinkage=0.0686502


Tree=53
num_leaves=86
num_cat=0
split_feature=10 23 9 0 5 9 56 63 1 37 39 18 17 43 37 19 10 38 1 59 45 24 61 28 63 11 63 27 29 63 41 35 25 9 29 61 3 51 40 20 61 9 45 45 26 30 43 9 29 57 19 4 16 0 59 2 36 46 38 31 59 32 30 32 30 9 20 37 36 57 29 63 59 59 28 52 30 4 0 36 30 28 55 1 26
split_gain=2.46954 14.9054 6.45126 9.84667 1.56899 1.4466 1.2327 1.03415 1.06444 0.991813 1.26861 0.954344 0.706691 0.594215 1.47604 2.59689 0.879047 0.505749 0.644177 0.770358 1.47572 0.639102 0.634666 1.1708 0.907749 1.20347 0.552894 0.471743 0.720969 0.79866 0.468579 1.11938 0.717996 0.45151 0.812646 0.84613 1.55166 0.642515 0.39601 0.422274 0.393257 0.37301 0.443604 0.511475 0.441018 0.363307 0.330676 0.347883 0.276336 0.272058 0.257643 0.334158 0.217459 0.191404 0.48317 0.466284 0.209565 0.183203 0.353683 0.179571 0.142548 0.168896 0.159115 0.131985 0.127298 0.119561 0.0949615 0.272793 0.102186 0.0835603 0.0765675 0.17855 0.075026 0.071581 0.0627605 0.0607079 0.0410568 0.0387694 0.0365634 0.0338416 0.0143866 0.0261982 0.00552367 0.00378057 0.00225908
threshold=-0.84291031405530259 31.205000000000002 0.48250327361223927 5.5050000000000008 -0.25881904510252113 0.99762106698677389 1002.6500000000002 4.3325097787766103 34.495000000000012 36.682893089593897 31.133333333333336 39.074724070475135 38.69963449484694 29.930625000000006 35.828305034475271 35.761701819089836 -0.90146829171281539 0.55487766580363551 5.3650000000000011 3.0350000000000006 2366.6170000000006 29.265000000000004 0.48500000000000004 68.950000000000017 -2.9872834731824507 2.5000000000000004 1.6343503717412704 82.550000000000011 78.65000000000002 -0.20175341778327646 28.622500000000006 35.788782928302645 28.545000000000005 -0.40542197401079733 80.250000000000014 1.135 0.91150000000000009 12408.582500000002 0.37612048279505067 36.924876064418562 0.70500000000000007 0.98801351631316348 2120.1980000000008 2015.9560000000004 80.950000000000017 81.15000000000002 28.974375000000002 -0.49750868180287638 78.950000000000017 1005.1500000000002 32.797091481204056 1008.0500000000001 34.556152714239097 5.6350000000000007 6.3950000000000005 359.35000000000008 0.098791177614738254 30.095000000000002 0.6428977867775364 -0.57146890033755493 1.2050000000000003 -0.75999999999999968 77.950000000000017 -0.29500000000000165 77.950000000000017 0.97873101657557349 33.902401739472822 33.81384115908272 0.8455442691383801 1009.5500000000001 83.750000000000014 1.2977922857709567 5.3150000000000004 3.1650000000000005 82.850000000000009 0.99350000000000016 80.850000000000009 1008.7500000000001 4.455000000000001 0.78707091419965047 84.15000000000002 80.550000000000011 1007.5500000000001 2.2450000000000006 82.450000000000017
decision_type=2 2 2 2 2 2 2 2 2 2 2 2 2 2 2 2 2 2 2 2 2 2 2 2 2 2 2 2 2 2 2 2 2 2 2 2 2 2 2 2 2 2 2 2 2 2 2 2 2 2 2 2 2 2 2 2 2 2 2 2 2 2 2 2 2 2 2 2 2 2 2 2 2 2 2 2 2 2 2 2 2 2 2 2 2
left_child=1 2 13 -4 6 9 -2 8 11 10 33 12 17 14 27 -16 49 72 21 20 -20 22 23 -19 -25 45 30 40 29 -29 79 32 -32 34 35 -6 37 -37 39 53 -1 42 43 -23 -43 -26 47 -30 -38 -17 -42 80 69 56 55 -55 -36 77 -59 64 -35 62 -62 -15 -44 70 67 -58 -68 -24 76 -72 -8 -66 -49 -56 82 -11 -60 -21 -52 -82 -63 -75 -61
right_child=4 -3 3 -5 5 -7 7 -9 -10 57 -12 -13 -14 63 15 16 -18 18 19 26 -22 41 52 24 25 -27 -28 28 46 -31 31 -33 -34 60 38 36 48 -39 -40 -41 50 44 59 -45 -46 -47 -48 74 -50 -51 51 -53 -54 54 75 -57 66 58 78 84 61 65 -64 -65 73 -67 68 -69 -70 -71 71 -73 -74 83 -76 -77 -78 -79 -80 -81 81 -83 -84 -85 -86
leaf_value=0.0036514240897617322 -0.0044716820214270305 -0.0086479384850095611 -0.086646731075229036 -0.084275296156469434 -0.022100482676078878 0.0032777840842368815 -0.010041513830611993 0.00077037345514973808 0.011047619627377603 -0.095452608181963244 0.025536009553138603 -0.026073070386720004 -0.0041463808152889898 0.00083691537493790064 0.016005618814180608 0.00041195404482172502 0.023532614679032744 -0.096174500564161644 -0.0014881535764169041 -0.0044981635535853949 0.019808575136951757 -0.040401307722962153 -0.0040820819312766309 -0.032406207560917229 0.0026653911332720644 0.014857334028586553 0.0018543637493979713 0.034604938900041522 0.0024477443975115289 -0.00034682987422365277 -0.0052617447003340083 -0.026772597212357637 0.017231903748855904 0.00097958336454558406 0.00050947601717114691 0.0057388338366241966 -0.0086310817125048508 0.0041399765610360562 0.0041759489297447773 0.00050195670478090889 0.00087572500753092157 0.0067336073457092823 0.00093191403843150044 0.0007688379555784101 -0.0062955613121609194 2.3616523145888374e-05 0.0032302442934686012 -0.0053232358020265163 0.014858655534232906 -0.0075801884560723074 -0.025150311130842554 0.00048435217411564694 -0.00037773475574543158 0.0083549769534904395 -0.024578919522926294 -0.000829548350655317 -0.059215732783899543 -0.0080030461587159273 -0.096687149646382656 -0.014846187817677903 0.0031440219071948816 -0.08880395385945844 -0.048296782469649135 -0.036579728136403693 -0.00191999579556543 0.0039555242984437144 -0.020674853887365022 0.0010382801328770086 -0.012999929835484942 -0.0013983943652526806 0.018175418259996093 -0.091858847746025873 -0.0016508586377257273 -0.0034130977827919748 -0.024454958547457738 -0.0013534844356781171 -0.014737964188991459 -0.018778939802993399 -0.060427190788359633 -0.024313811676768691 -0.00063285453257076014 -0.0054063393876186971 -0.075686117649071141 -0.0012054768738793663 -0.0020345784763405846
leaf_weight=146 106 95 199 199 155 288 358 132 134 2373 87 662 172 147 95 85 84 139 146 208 101 89 198 79 85 90 90 94 91 101 88 150 78 97 82 82 111 95 87 89 122 84 103 81 79 115 147 104 92 175 840 152 84 83 205 102 148 303 259 699 105 99 103 550 105 93 842 81 79 116 82 134 93 121 305 97 82 332 485 80 103 78 1031 78 129
leaf_count=146 58 27 83 99 155 112 278 52 118 609 39 170 56 83 95 81 84 139 130 208 85 89 198 79 85 90 90 94 91 101 88 122 78 73 82 82 111 95 87 89 122 80 87 81 79 115 147 100 92 175 796 132 84 83 201 102 148 99 75 371 105 71 103 226 97 93 842 81 79 116 78 134 81 117 305 97 82 124 125 72 103 78 951 70 117
internal_value=0.000351442 0.00186937 0.00119403 0.00944989 -8.96549e-05 -0.000666601 0.000862812 0.000704051 0.000538137 -0.000837509 -0.000129795 0.000363942 0.000761106 0.000227884 0.000687251 0.00432595 0.00151117 0.000567035 0.000853479 0.00238154 0.00566854 0.00026912 0.00172065 0.00332633 0.00534725 0.00711943 0.00119485 -1.24407e-05 0.00127495 0.00491847 0.000431339 0.00225865 0.00612703 -0.000299984 0.000311259 0.00267133 0.00441375 0.00908488 -0.000353814 -0.000575322 -0.000768819 -0.000567069 -0.000931028 0.00233214 0.00251908 0.00406368 0.000160294 -0.00067413 0.000280072 -0.000452707 -0.001153 -0.001468 -0.000320365 -0.000817766 0.000325241 0.00308346 -0.00127367 -0.00165495 -0.00087309 -0.00138662 -0.00111587 -0.00126133 0.000551998 -0.00155634 -0.000190608 -0.00151302 -0.00151581 -0.000236552 -0.00182737 -0.00116304 -0.00166957 -0.000443284 -0.00158622 -0.000908931 -0.00153779 -0.00135383 -0.00188304 -0.00195502 -0.00168016 -0.00155688 -0.00191722 -0.00126209 -0.0019916 -0.0016762 -0.00196687
internal_weight=17367 3912 3817 398 13455 8383 5072 4966 4834 8095 4343 4700 4038 3419 2722 439 344 3866 3415 941 247 2474 906 508 369 290 694 2283 842 195 604 316 166 4256 2430 535 380 177 1895 1808 1441 1568 1405 170 163 200 647 500 203 260 1295 1173 398 1719 487 185 1232 3752 1047 1235 1826 1729 208 697 407 1521 1150 229 921 314 1428 216 451 304 409 302 1212 2705 744 288 1021 181 1130 199 828
internal_count=12247 3168 3141 182 9079 5299 3780 3722 3670 5187 4155 3552 3382 2959 2650 435 340 3326 2967 873 215 2094 906 508 369 290 658 2215 838 195 568 288 166 4116 2426 535 380 177 1891 1804 1377 1188 1029 170 159 200 643 496 203 256 1231 1109 398 1715 483 185 1232 1032 299 859 1690 1617 208 309 371 1409 1150 229 921 314 1316 212 359 284 405 298 1104 733 200 280 977 181 1022 187 488
is_linear=0
shrinkage=0.0686502


Tree=54
num_leaves=89
num_cat=0
split_feature=32 31 38 32 57 29 45 43 35 37 40 35 49 28 31 57 9 30 16 1 43 26 1 58 53 37 63 27 27 36 31 63 45 31 54 9 62 24 10 59 39 40 26 27 38 26 45 38 10 58 24 36 36 44 29 59 47 44 38 57 20 55 9 61 27 8 28 59 1 53 58 19 56 42 28 24 63 1 23 31 28 49 10 21 2 63 19 42
split_gain=2.33669 2.52661 4.80884 5.81226 2.33904 1.60533 1.49751 7.16582 1.1542 2.93181 0.988224 0.83574 1.10185 3.01801 0.574426 2.0091 0.480329 1.08691 0.458612 0.442564 1.11198 0.425734 0.688421 0.867372 1.32481 0.428563 0.641156 0.556421 0.400721 0.395185 0.530573 0.390457 0.383212 0.377731 0.530834 0.369604 0.641432 0.495303 0.299917 0.284563 0.269951 0.256841 0.243718 1.14721 0.41696 0.38661 0.412942 0.242789 0.23748 0.435353 0.373719 0.20097 0.250829 0.1669 0.409953 0.362364 0.189599 0.1563 0.146186 0.142324 0.124683 0.0993134 0.152163 0.0955417 0.0950152 0.0940617 0.0939777 0.093721 0.0858189 0.0856899 0.0760022 0.127599 0.484965 0.0656248 0.060124 0.0542981 0.0537553 0.0318532 0.0278357 0.0277836 0.0202477 0.0134574 0.00707673 0.0068325 0.00628844 0.00447997 0.00404115 0.00108236
threshold=0.035000000000000149 0.27582736326464291 0.76591906627095152 -0.32499999999999923 1004.7500000000001 88.250000000000014 2476.1265000000008 30.521458333333335 37.215981250364031 37.539401833165101 0.50086591574978168 39.693800503232772 811.10000000000014 74.250000000000014 0.14553084264087526 1005.6500000000002 -0.9852109833579612 80.850000000000009 34.354843632366006 0.67500000000000016 30.674166666666668 72.65000000000002 0.015000000000000001 6.6350000000000007 0.49750000000000005 35.028023976898339 -0.83400459100635149 83.850000000000009 86.950000000000017 0.28599250797098835 -0.54601593583106822 3.6246661090764953 2444.1540000000009 -0.25707503000290716 0.99750000000000016 0.45206801762443477 35.081104524733583 28.915000000000003 0.99164058729498161 4.2550000000000008 30.975000000000001 0.015275252315417142 72.750000000000014 74.750000000000014 1.2147068834613994 75.450000000000017 2354.5270000000005 0.65980297450899916 0.88999460902669758 2.6350000000000002 29.185000000000006 0.26114434035087231 0.22404327087664075 0.46162833985263907 78.850000000000009 5.1850000000000014 6.1500000000000012 0.79294848385827021 0.71133359171155985 1005.9500000000002 34.614484974452687 1007.2500000000001 0.073094453017891456 2.4350000000000005 80.050000000000011 0.91597561503675351 86.450000000000017 6.0750000000000011 0.17500000000000002 0.24450000000000002 3.8150000000000004 35.036983577144852 1008.85 0.16293658905198002 79.65000000000002 30.265000000000004 -0.55956683465378443 3.3550000000000004 30.565000000000001 0.2830052688470524 83.350000000000009 524.15000000000009 0.76110425866077458 32.055000000000007 16.150000000000002 -0.28104967997205671 33.793195764266031 0.2110766047762262
decision_type=2 2 2 2 2 2 2 2 2 2 2 2 2 2 2 2 2 2 2 2 2 2 2 2 2 2 2 2 2 2 2 2 2 2 2 2 2 2 2 2 2 2 2 2 2 2 2 2 2 2 2 2 2 2 2 2 2 2 2 2 2 2 2 2 2 2 2 2 2 2 2 2 2 2 2 2 2 2 2 2 2 2 2 2 2 2 2 2
left_child=1 6 75 -4 -5 8 10 28 9 16 11 12 14 39 18 -16 17 -2 21 74 29 68 23 24 -23 32 -27 -28 58 30 -21 40 38 60 35 36 73 -38 41 -14 42 -24 61 -44 51 -46 63 84 49 50 -49 52 64 54 -51 -56 59 83 -8 -55 -32 62 -18 67 -45 78 70 -47 -1 -61 71 72 -53 -35 -20 -3 -66 -57 80 -72 -31 -13 -71 -10 -43 -65 -74 -60
right_child=5 2 3 4 -6 -7 7 -9 57 -11 -12 81 13 -15 15 -17 31 -19 19 20 -22 22 25 -25 -26 26 27 -29 -30 65 33 -33 -34 34 -36 -37 37 -39 -40 -41 -42 47 43 44 45 46 -48 48 -50 53 -52 66 -54 56 55 77 -58 -59 87 69 -62 -63 -64 85 76 -67 -68 -69 -70 82 79 -73 86 -75 -76 -77 -78 -79 -80 -81 -82 -83 -84 -85 -86 -87 -88 -89
leaf_value=-0.083863318775962925 -0.00403719424085759 -0.00029831523550170777 0.024888305304404178 -0.0071368712087629812 -0.000407608635091657 0.043182141677122844 -3.918717647300883e-05 0.0019759929550582584 -0.039281423458349118 -0.096464880136391817 0.013158289136416288 -0.060829232850515974 0.02078824169449733 -0.014648324880131836 0.0075940945652528827 -0.011629589693599035 -0.096135656678669371 -0.017635352443574701 -0.057366419391937429 4.5446782586168056e-06 0.045811656928709914 0.00055209243283213213 -0.0010737378110835341 -0.053509716654946374 0.0045461134678050942 0.013910547826336956 -0.011854710958762723 0.010911874742257835 -0.012172204753495387 -0.0069564277908891175 -0.00040231985295856781 0.0042005645196863005 0.010003117129292895 -0.01210315064775142 0.00037137506185507208 -0.0030284160468197685 1.7341057099935015e-05 0.0049424370585846632 0.0052452537709958887 -0.020336657515242936 -0.0039986352343814513 -0.011921481102626186 0.0074759487322915751 0.00025542352247359982 0.0056705365437564118 -0.009004936300863178 0.0010656028511201296 0.0011919249754197142 -0.088529314030294681 0.0027632907792587017 0.0025525417959420507 0.0059122696448844153 0.0032452686086008441 0.00092580444442059864 0.001590161600858647 -0.0063314124072480328 0.0017293261963101938 -0.021522980790603143 -0.026811499982078778 -0.00027276863448239051 -0.0015634935128321483 -0.13511391917211746 0.0038070545723792948 -0.044311315072396412 -0.0020953962343744741 -0.00090766624556133126 -0.0068281970004904647 0.0016409112884772704 -0.032372820298934367 -0.0094455005083178539 -0.013341824131803895 -0.019316450221870216 -0.067892653961082877 -0.00032167409020311569 -0.0058425620417087232 -0.032451464768085095 -0.0067591381947727808 -0.019683327103327406 -0.06003514943508801 -0.037362896150321512 -0.0010857540101418478 -0.091336428209841947 -0.0078115224122942114 -0.39652487533492348 -0.044233662927964615 -0.0096582512655789092 -0.051244625002223335 -0.019168245983603577
leaf_weight=264 78 161 145 152 234 165 99 113 1966 213 139 299 164 197 132 228 109 109 633 103 173 155 81 81 85 86 137 78 99 543 99 109 120 136 109 300 113 106 88 215 93 261 127 150 115 99 118 97 198 80 81 82 130 98 115 78 93 478 143 123 380 731 86 171 108 154 107 111 78 356 118 257 130 81 122 220 222 158 90 1010 136 442 78 305 78 81 78 104
leaf_count=264 78 117 65 76 150 153 95 37 530 89 95 79 88 153 76 152 109 109 349 87 81 155 81 81 85 78 137 78 99 455 99 109 120 132 93 152 113 98 88 99 33 261 123 138 111 95 114 97 198 80 81 82 122 98 115 78 93 118 91 123 292 591 70 127 96 142 107 111 78 356 110 173 130 77 102 60 210 158 50 910 136 94 78 45 78 81 78 72
internal_value=0.000406778 0.00111392 0.00455173 0.00876682 0.0043135 -0.000489532 0.000756318 0.00419481 -0.00063821 9.61254e-06 0.000522173 0.000422437 0.000644261 0.0035243 0.000398302 0.00306253 -0.000360552 0.00302887 0.000247558 -0.000319528 0.000115144 0.000839782 0.00111971 0.00410786 0.00617693 0.000729307 0.00315378 0.0011019 0.000242047 -0.000275133 0.000438019 -0.000508683 0.000390766 6.23648e-05 0.000938711 0.000264762 0.00154489 0.00415876 0.000167403 -5.30589e-05 -0.000614674 -6.04349e-06 -0.000698264 -0.000412997 -0.000678712 0.000795885 6.1876e-05 -0.000171821 0.000188518 0.00051618 0.00366666 -0.00110956 -2.51534e-05 3.22235e-05 0.00111031 7.67569e-05 -0.000582957 -0.00175701 -0.000850429 -0.00100125 -0.00147092 -0.00168058 -0.000270506 -0.000856799 -0.000759172 -0.0013823 -0.00147752 0.000202617 -0.00143602 -0.0014302 -0.00160417 -0.000918027 5.27777e-05 -0.00107923 -0.00177643 -0.00132009 -0.00141344 -0.0014468 -0.00169247 -0.0019307 -0.0018457 -0.00177109 -0.00188306 -0.00199548 -0.00183382 -0.00175635 -0.00169267 -0.00175025
internal_weight=17367 9711 912 531 386 7656 8799 558 7491 4742 8241 8102 7361 576 6785 360 4529 187 6425 3278 2523 3147 2805 321 240 2484 301 215 445 2350 1427 4342 2183 1324 845 736 436 219 2063 379 4233 1975 4140 3214 3087 695 580 1894 1555 1357 178 2392 610 1179 431 351 748 2749 346 655 479 926 195 462 480 923 1782 210 342 557 1675 547 290 217 755 381 330 236 769 1128 679 741 434 2271 339 252 208 247
internal_count=12247 7295 468 291 226 4952 6827 394 4799 4106 6433 6338 6165 340 5825 228 4017 187 5597 2458 2007 3139 2797 321 240 2476 293 215 357 1926 1143 3830 2183 1056 665 572 420 211 2063 187 3721 1975 3688 2918 2795 639 528 1894 1555 1357 178 2156 566 1179 431 351 748 693 258 655 391 770 179 414 444 783 1590 206 342 557 1483 463 290 209 451 177 306 236 641 1020 591 173 434 575 339 208 208 163
is_linear=0
shrinkage=0.0686502


Tree=55
num_leaves=96
num_cat=0
split_feature=45 10 11 53 44 63 8 9 25 57 25 63 9 20 28 25 28 43 20 63 19 35 33 24 10 35 10 35 20 27 8 62 38 26 38 47 20 9 28 55 63 54 23 61 9 40 43 6 9 40 57 23 29 38 30 29 54 30 34 63 34 37 25 55 9 61 25 30 31 9 10 30 1 57 45 63 54 10 50 1 31 25 63 49 16 33 3 44 1 28 28 38 1 39 1
split_gain=2.36829 3.38169 15.4267 5.00311 1.73946 3.71304 1.42215 1.53445 4.00634 0.974144 0.849938 3.5665 0.841946 1.65427 1.20504 0.761217 0.737452 1.384 1.99474 0.548739 0.592574 0.519064 0.538526 0.509859 0.542584 1.00563 0.494743 0.505653 0.611649 0.463806 0.552909 0.450842 0.435781 0.729933 0.468437 0.433631 0.556149 1.02324 0.416006 0.401622 0.442397 0.874757 0.359411 0.33241 0.547789 0.370901 0.327556 0.31351 0.297545 0.628745 0.306522 0.310447 0.264376 0.254547 0.217619 0.456907 0.201984 0.198988 0.271225 0.229472 0.235099 0.301332 0.384958 0.542306 0.883072 0.241147 0.174876 0.243796 0.203328 0.125206 0.121287 0.109677 0.0818998 0.0744436 0.0720543 0.0582887 0.050011 0.0493042 0.0459782 0.0402363 0.0381295 0.0375405 0.0369281 0.0408118 0.0344204 0.10039 0.0269746 0.0269204 0.0258616 0.0224411 0.0181694 0.00651691 0.00420299 0.00397839 0.0033953
threshold=2401.5960000000005 -0.83352489619613901 5.5000000000000009 0.89750000000000008 0.28741696884152884 0.82212853516647055 -0.70710678118654757 0.98801351631316348 30.235000000000003 1002.6500000000002 30.365000000000006 3.027683759985822 0.6583954877256819 37.759890615537962 65.050000000000011 29.435000000000006 80.15000000000002 30.386041666666671 36.924876064418562 -0.5843393659354631 35.077622924385082 37.215981250364031 37.344559926505603 27.505000000000006 0.98367285631203072 31.062325247505189 0.91234096280339505 36.864373003991204 37.095816060752071 79.550000000000011 0.91597561503675351 30.31284472789233 1.0138171351156304 79.050000000000011 0.88179333826248885 6.1500000000000012 34.399430218097741 -0.30081702196488969 74.250000000000014 1005.5500000000001 0.70264544696624764 0.98350000000000015 29.585000000000004 5.3050000000000006 0.19244979981841034 0.085440037454703341 29.467291666666672 0.1294095225512602 -0.57023701209772126 0.32511536414055991 1005.7500000000001 28.315000000000001 80.250000000000014 0.61899165153974867 84.15000000000002 79.350000000000009 0.99550000000000016 78.450000000000017 0.71833229124461928 -1.2762081906493916 0.24011919638373286 34.913987228142155 27.995000000000001 1006.9500000000002 -0.88606241628642823 2.0250000000000004 29.975000000000005 75.050000000000011 0.35024184394045227 -0.081675638985454949 0.60503365783732044 80.350000000000009 9.5350000000000019 1008.85 2430.3650000000002 1.1000647993894683 0.99850000000000005 -0.04732138832243208 1.0000000180025095e-35 1.135 -1.0258834014763598 28.815000000000001 2.8210809051479235 494.35000000000008 35.892791749632856 35.420531442196101 0.98150000000000015 0.88543723269902197 2.4350000000000005 80.550000000000011 79.15000000000002 0.61899165153974867 10.415000000000001 30.108333333333331 1.135
decision_type=2 2 2 2 2 2 2 2 2 2 2 2 2 2 2 2 2 2 2 2 2 2 2 2 2 2 2 2 2 2 2 2 2 2 2 2 2 2 2 2 2 2 2 2 2 2 2 2 2 2 2 2 2 2 2 2 2 2 2 2 2 2 2 2 2 2 2 2 2 2 2 2 2 2 2 2 2 2 2 2 2 2 2 2 2 2 2 2 2 2 2 2 2 2 2
left_child=6 2 -2 -4 5 53 21 9 47 -8 11 16 13 23 -14 32 17 18 42 20 -5 22 48 73 26 -26 27 28 29 30 35 -31 33 -16 94 46 37 -37 -32 40 41 -38 -6 44 45 -21 56 -9 49 50 51 -1 -52 -3 77 -56 80 -33 59 81 61 62 -61 -64 -65 -62 76 68 -68 -63 -34 -67 -54 -11 -57 -44 82 93 -12 -28 -25 -59 83 -50 85 92 -41 -17 -23 -70 -29 -73 -45 -18 -35
right_child=1 4 3 19 10 -7 7 8 -10 12 78 -13 14 -15 15 87 54 -19 -20 43 -22 88 -24 24 25 -27 79 90 -30 31 38 57 70 34 -36 36 39 -39 -40 86 -42 -43 75 84 -46 -47 -48 -49 66 -51 52 -53 72 -55 55 74 -58 58 -60 60 65 69 63 64 -66 71 67 -69 89 -71 -72 91 -74 -75 -76 -77 -78 -79 -80 -81 -82 -83 -84 -85 -86 -87 -88 -89 -90 -91 -92 -93 -94 -95 -96
leaf_value=0.00619625454274105 -0.057183437474238201 -0.038453842335561081 0.019989517079240779 -0.0029409162487751906 0.013404402649577787 0.010666332430699331 -0.016844177268965053 -0.036554384244107604 0.030691215414336902 -0.0052982265124050937 -0.034857495671708011 0.002532566528364145 0.0046533931626073699 0.018716260887077858 0.003707600158234872 -0.028634150814380213 -0.011231235874265385 -0.050175511873639639 0.0029044675794595047 0.015596572572060209 0.019829149092013703 -0.077627349226839573 -0.019243411694662638 -0.016022523860805788 0.0045072122188788864 -0.00039887851117709444 -0.094125582307811581 -0.015268720855329682 0.0052369297118663354 0.014929000758869392 0.0037922897670632639 -0.010138281594072457 -0.057562574505377967 -0.037185955834404663 0.00051016062631562649 0.0068190688507359862 0.0095992152447222819 -0.073593767229699611 -0.0025833476344623288 -0.029321192020508324 -0.024172076875246046 -0.001047646363096697 -0.0023233259956688072 -0.0025820343439321549 -0.019137002110485118 -0.0051759478893099158 0.017497275065304116 0.00161429701998166 -0.060360331784142879 0.0047558243112950562 0.0020716308095187564 -0.01275792928204119 -0.046869456601022583 0.00095723452704198227 0.001520847556445381 -0.014715032697214803 0.00027217983560314028 -0.022989929500921859 0.0035452995173496514 -0.00058494259686636229 0.0024387902219270689 -0.027329138024938627 0.0002060277323411271 0.00042073950360100546 0.0042185079872994634 -0.003483035752246805 0.0027711666584134039 0.0072282157673629307 -0.11902352150415328 0.00037012581776171236 0.0010992326556098181 -0.035379803469709994 -0.0057402480334708813 -0.10177714897700271 -0.00663464674694358 -0.0016782247725149314 -0.0045452648438794024 -0.0057496719720693317 -0.084829167647383449 -0.064898998843071848 -0.023099853913372957 -0.0074101033087710716 -0.063826795735690528 -0.076674312344355663 -0.021046556996351422 4.6812348008576077e-05 -0.00074876968874423844 -0.01423494127164596 -0.0790725178487722 -0.031521925659287117 -0.043597273460514417 -0.0073621887154683031 -0.011514485838753785 -0.039958329894900842 -0.0010542161306887382
leaf_weight=81 184 110 106 79 97 93 107 138 104 96 236 109 202 327 140 1581 498 264 150 90 80 1386 141 78 107 105 349 246 121 102 82 222 232 119 83 116 96 82 78 109 85 83 105 78 126 80 79 109 866 83 117 87 401 78 111 81 107 261 93 124 86 143 153 82 80 97 107 115 251 78 91 78 88 409 173 81 115 126 626 78 277 78 81 86 262 87 78 234 411 109 123 284 136 104 80
leaf_count=81 76 98 70 79 97 57 63 122 32 84 64 57 122 139 128 525 394 76 82 86 80 286 45 78 107 105 349 122 93 102 82 222 224 95 79 116 96 82 78 105 57 79 85 78 58 72 79 93 806 83 117 87 401 78 111 81 107 261 93 124 86 143 153 82 80 97 95 75 147 78 91 78 88 409 173 77 115 126 150 78 277 78 81 86 198 87 78 70 143 85 91 284 136 28 76
internal_value=0.000450257 0.00183676 0.00475431 0.00172041 0.0005789 0.00571049 -1.28335e-05 0.00051054 0.00494639 0.000317807 5.20418e-05 0.000865302 0.000229855 0.000738962 -0.000739902 -0.00114506 0.000123552 0.00186891 0.00425612 0.000227887 0.00391689 -0.000996043 -0.000396492 0.00042433 0.000660377 0.00404106 0.000488312 0.000738313 0.000999012 0.000820587 0.00179947 0.00014322 0.000696588 0.00215043 0.000112396 0.00128054 0.00247544 0.00550194 0.00558082 0.00112192 0.00284595 0.00477631 0.000828816 -0.000454298 0.00139499 0.00393387 -0.000146052 0.000142046 -0.000624164 0.000416974 -0.000189812 0.00238398 -0.000915882 0.000102937 -0.000985683 0.000369827 -0.000856799 -9.94084e-05 0.00015981 -5.52601e-05 0.000385466 0.00125834 0.00229967 0.00357397 0.00632739 -0.000662586 -0.00114285 -0.000162851 -0.000869636 -0.000788236 -0.00118791 -0.00129625 -0.00162289 -0.00163669 -0.00122122 -0.000917108 -0.00163431 -0.00167184 -0.001732 -0.00171995 -0.00165136 -0.00163217 -0.00178614 -0.00190692 -0.00143689 -0.000897518 -0.00128748 -0.00190383 -0.00190227 -0.001657 -0.00166678 -0.00184811 -0.00170288 -0.00193218 -0.0016762
internal_weight=17367 4350 1308 1124 3042 281 13017 8492 351 8141 2761 1899 8034 5272 2762 2560 1790 697 433 1018 159 4525 2728 4945 4440 212 4228 3801 3432 3311 1350 1961 745 422 282 1190 649 198 160 451 264 179 283 859 296 170 541 247 2587 857 774 168 606 188 1093 365 462 1859 1637 1544 1205 660 439 315 162 545 1730 582 467 221 323 459 489 505 254 186 1148 728 862 427 355 339 1033 952 563 301 187 1815 1797 360 369 362 214 602 199
internal_count=12247 2854 1020 944 1834 233 9393 6572 247 6325 1601 1387 6262 4852 1410 1288 1330 417 341 874 159 2821 2392 4713 4220 212 4008 3581 3368 3275 1314 1961 693 378 250 1154 613 198 160 415 232 175 259 715 216 158 541 215 2347 857 774 168 606 176 913 365 462 1859 1637 1544 1205 660 439 315 162 545 1490 402 327 221 315 459 489 493 254 162 1088 548 214 427 355 339 973 892 499 301 183 595 429 232 213 362 214 422 171
is_linear=0
shrinkage=0.0686502


Tree=56
num_leaves=84
num_cat=0
split_feature=26 37 43 38 1 57 57 3 37 39 43 30 38 58 23 26 9 46 58 1 45 58 26 29 59 62 41 23 52 63 1 1 52 20 38 10 58 56 30 42 45 9 4 10 30 61 1 46 30 59 43 54 56 37 56 7 47 1 55 33 0 62 38 43 42 53 30 26 58 4 25 28 28 43 2 62 26 23 50 4 42 24 10
split_gain=2.41213 2.35919 11.0679 10.5629 4.19865 5.00342 1.2177 3.78449 0.675576 1.15582 0.598832 0.59315 1.65393 0.58513 0.571965 0.872731 0.520761 0.979329 0.481077 0.443589 0.355495 1.14274 0.342743 0.378136 0.828271 0.330249 0.421965 0.565507 0.365467 0.302328 0.58866 0.315653 0.98261 0.469115 0.936927 1.23267 0.391534 0.385609 0.28921 0.283473 0.358318 0.490192 0.395409 0.271555 0.251887 0.251454 0.402083 0.24985 0.224287 0.417361 0.487178 0.205012 0.297371 0.367164 0.221871 0.213938 0.186106 0.22883 0.18035 0.193604 0.130949 0.1303 0.253691 0.510827 0.12351 0.10934 0.0995296 0.0944792 0.125971 0.0836961 0.0801883 0.0690473 0.0438947 0.079051 0.0425785 0.0402559 0.0346521 0.055622 0.030941 0.0230305 0.021583 0.00772359 0.00512571
threshold=74.350000000000009 37.539401833165101 30.121875000000006 1.0002831876682123 9.7750000000000004 1005.2500000000001 1006.85 0.75050000000000006 36.611759000430588 31.133333333333336 30.357083333333339 84.050000000000011 2.1046567692885163 5.5050000000000008 29.545000000000005 82.450000000000017 0.30081702196488996 29.805000000000003 2.5150000000000001 0.015000000000000001 2148.3770000000004 6.6350000000000007 68.15000000000002 68.750000000000014 2.3050000000000002 34.946852506072666 29.034166666666671 28.855000000000004 0.29950000000000004 -2.0656164855766579 6.7650000000000006 3.5950000000000002 0.48050000000000004 33.737179026964945 0.96600648461781591 -0.090248267031647136 7.7250000000000005 1003.35 79.65000000000002 0.26199554269193431 2291.7155000000002 0.86529924138975434 1005.5500000000001 -0.97502841500522164 85.450000000000017 12.250000000000002 12.405000000000003 29.075000000000003 73.350000000000009 3.9950000000000006 29.203958333333336 0.96550000000000014 1006.85 35.56314720456276 1005.6500000000002 0.91597561503675362 300.60000000000008 0.43500000000000005 1008.5500000000001 34.679237533096988 3.6450000000000005 34.264137685761035 0.92741077263488048 28.622291666666673 0.26462552157075397 0.99550000000000016 74.250000000000014 73.15000000000002 3.8350000000000004 1010.9500000000002 29.955000000000002 85.850000000000009 82.350000000000009 29.14104166666667 804.80000000000007 33.910825032391905 81.15000000000002 29.625000000000004 546.04166666666686 1006.35 0.2110766047762262 28.425000000000004 -0.73829900574246976
decision_type=2 2 2 2 2 2 2 2 2 2 2 2 2 2 2 2 2 2 2 2 2 2 2 2 2 2 2 2 2 2 2 2 2 2 2 2 2 2 2 2 2 2 2 2 2 2 2 2 2 2 2 2 2 2 2 2 2 2 2 2 2 2 2 2 2 2 2 2 2 2 2 2 2 2 2 2 2 2 2 2 2 2 2
left_child=8 11 3 -3 6 -6 10 -8 9 22 -4 16 14 66 18 -16 17 20 -13 -18 21 -2 74 24 -24 28 27 44 -20 30 -22 36 -33 34 35 -34 47 -35 -36 40 41 60 -42 -25 -27 71 -47 61 49 50 -45 52 53 54 -39 58 57 -10 70 -60 -21 62 63 -31 -54 -48 -12 -50 -69 -64 75 81 80 -74 -1 -53 -41 -78 -51 -28 -44 -30 -58
right_child=1 2 4 -5 5 -7 7 -9 56 -11 13 12 -14 -15 15 -17 19 -19 25 39 29 -23 23 43 -26 26 79 -29 45 31 -32 32 33 37 38 -37 -38 51 -40 76 42 -43 72 48 -46 46 65 -49 67 78 -52 55 64 -55 -56 -57 82 -59 59 -61 -62 -63 69 -65 -66 -67 -68 68 -70 -71 -72 -73 73 -75 -76 -77 77 -79 -80 -81 -82 -83 -84
leaf_value=-0.095763264478413088 0.0049748526751373741 -0.037983179041808132 0.00092021684854244124 -0.096052475164434784 -0.00016455515510997501 -0.0053283043588410002 -0.0032469382856122209 -0.021521504658013633 -0.064081534413301333 0.01934560077645148 -0.11640103289982742 0.010866547664886813 0.020210357260475289 0.0023680553778253816 0.00026556136617286925 0.01246548367488793 0.0033308382440316001 0.0051169616445174287 0.0012286338098821334 -0.030695327564002887 0.0018797585344781519 -0.041041091129155612 -0.11500420575038377 0.0063488092822877144 0.0072591042846543788 0.0012260300916462435 -0.0090917289710942817 0.0015055225234438579 -0.0014251029858405487 -0.063984868177373741 -0.068418410464588478 0.0049868619946385889 0.002364227493336609 0.0041790287184998573 0.0071169077417082473 0.0089098156175396528 0.020880385347902521 -0.0082096630593046331 -0.017117759682022619 -0.031547832349237047 -0.0009102817020305269 0.006087388476211074 -0.012249068997924713 0.0073571227388156109 -0.0090608221691452148 0.0012390096897651403 0.00035879499824230447 0.00049932506482799812 -0.071630825306237322 -0.096020442485886967 -0.074196080973352702 -0.00037792634812600475 -0.025197292744550369 0.0060383561702294641 -0.0013728683627660619 0.00025874382753737687 -0.079886004063193197 0.027018793079425882 0.00094047344966728761 -0.088489044244358508 0.0034802430477732069 -0.042929297765312228 -0.038161455171319074 0.0043408797330416705 0.00032450211154217334 -0.003654241460080677 -0.021494579254291251 -0.035682129670185796 2.1366652454270589e-05 -0.021472621037074893 -0.055975280698584484 -0.0043978314029525555 4.9698624830519553e-06 -0.11247084270131626 -0.050415139043442206 -0.0080810624489902391 -0.011387650195451689 -0.0021324114684573392 -0.086706448245930934 -0.00060662275051915108 -0.0080232247280509952 -0.0074998816238864095 -0.10108894753788879
leaf_weight=473 131 169 320 222 194 210 166 235 227 92 281 107 121 560 156 108 128 128 96 189 92 118 82 126 102 91 82 135 78 86 83 129 150 104 106 81 120 99 198 750 252 141 586 125 89 110 88 149 402 147 84 86 189 112 83 127 337 246 126 85 84 647 323 79 119 153 1094 109 125 83 87 154 97 103 78 765 106 84 78 78 132 485 1615
leaf_count=469 131 105 124 102 58 98 78 119 67 40 69 107 105 140 136 108 128 112 96 145 92 118 82 126 98 91 82 135 78 86 83 129 150 100 106 81 120 91 198 486 152 137 358 125 89 110 88 133 362 123 64 86 181 100 83 127 117 110 126 85 72 647 323 79 115 153 270 109 117 83 87 154 97 75 50 765 98 72 78 78 72 485 343
internal_value=0.000462115 0.000937025 0.00247352 0.0133287 0.00107914 0.00758634 8.38062e-05 0.00356421 -0.000915923 7.93873e-06 -0.000534673 0.000376144 0.00138412 -0.000991727 0.000908678 0.00388046 8.24563e-05 0.000518185 0.000453523 -0.000685197 0.000349606 0.00286565 -0.000350065 0.000224823 0.00311119 0.000157104 0.00168211 0.00314008 -0.000462051 0.000202061 0.00298586 8.19293e-05 0.000532725 0.000229361 0.00203146 0.00531446 -0.000716463 -0.000255572 -0.000459415 -0.000887376 -0.000322328 0.00140527 -0.000939059 -0.000218087 0.000576645 -0.000832195 0.000661113 -0.00105019 -0.000578194 0.000615503 0.00282314 -0.000484493 0.000553359 0.00211547 0.000173666 -0.000978292 -0.00168833 -0.000450592 -0.00127664 0.00051512 -0.000278673 -0.00137724 -0.000606108 0.00163914 -0.000923804 -0.000893109 -0.00175431 -0.00140049 -0.000275266 -0.00153395 -0.00168542 -0.00157035 -0.00160262 -0.000655708 -0.00179616 -0.00188884 -0.00183205 -0.000940978 -0.00141704 -0.00115836 -0.00185729 -0.00192339 -0.00198503
internal_weight=17367 12919 3451 391 3060 404 2656 401 4448 2023 2255 9468 2131 1935 2010 264 7337 4685 1746 2652 4557 249 1931 1380 184 1639 475 315 1164 4308 175 4133 2646 2517 535 231 1487 1982 304 2524 1584 414 1170 1196 180 1068 351 1367 1070 434 209 1878 602 294 182 1276 2425 473 1149 211 273 1218 571 165 308 241 1375 636 234 406 938 717 918 200 551 851 940 190 225 160 718 563 1952
internal_count=12247 9767 1163 207 956 156 800 197 2480 1843 603 8604 2095 479 1990 244 6509 4617 1746 1892 4505 249 1803 1284 180 1639 475 315 1164 4256 175 4081 2610 2481 535 231 1471 1946 304 1764 1108 354 754 1104 180 1068 351 1351 978 390 189 1846 570 274 174 1276 637 177 1149 211 217 1218 571 165 296 241 339 588 226 406 938 717 602 172 519 851 656 170 201 160 430 563 460
is_linear=0
shrinkage=0.0686502


Tree=57
num_leaves=88
num_cat=0
split_feature=30 37 24 1 36 54 61 43 37 38 62 1 44 30 31 4 34 36 24 2 29 4 25 0 19 59 23 54 20 38 23 30 35 21 6 3 37 10 7 53 39 9 59 46 38 27 23 0 38 62 0 56 57 44 43 38 9 61 29 27 3 53 57 29 19 56 9 44 54 40 34 29 30 61 26 29 23 32 10 42 1 32 58 4 32 16 2
split_gain=2.50228 4.18224 9.36142 2.91768 2.47676 2.43079 3.62162 1.0249 2.9579 0.711787 2.47085 0.684095 0.975837 1.35152 0.573296 0.667574 1.51837 0.710729 1.17774 0.476017 0.571913 0.542637 1.32202 0.477177 0.471449 0.467797 1.09728 0.872054 0.411917 0.648721 0.401321 0.760424 0.545211 0.74554 0.507923 0.379718 0.554734 1.23564 0.345605 0.343616 0.521783 0.308851 0.295812 0.294619 0.605778 0.32416 0.264424 0.256726 0.236863 0.219745 0.216037 0.554724 0.2561 0.214195 0.195815 0.180028 0.169792 0.5106 0.1848 0.33917 0.137778 0.132701 0.303132 0.126275 0.122732 0.113675 0.0833784 0.0748925 0.0705339 0.0695545 0.0677992 0.0630296 0.0562298 0.0542914 0.190021 0.0601036 0.0538438 0.0395733 0.0346049 0.0345294 0.0285765 0.0284816 0.024923 0.00798906 0.00798898 0.00721277 0.00635095
threshold=77.050000000000011 37.539401833165101 29.935000000000006 9.7750000000000004 0.25317173762045891 0.24450000000000002 0.55500000000000016 30.121875000000006 37.539401833165101 1.26222844575736 37.670754778687993 1.6850000000000003 0.54672062520882825 69.750000000000014 0.8603768122950336 1004.7500000000001 0.085600351176504386 0.70134490210252964 28.555000000000003 14.250000000000002 73.350000000000009 1005.0500000000001 29.295000000000005 6.1550000000000011 36.382890609094808 6.6050000000000013 27.935000000000006 0.82750000000000001 30.911320196895961 1.3179424778681894 28.695000000000004 80.850000000000009 34.59413609693167 28.625000000000004 -0.12940952255126037 0.96750000000000014 35.462141572355868 -0.78295110140207591 0.25881904510252091 0.092500000000000013 29.193333333333339 -0.96230016621822456 3.1650000000000005 29.165000000000003 0.7577958478659127 87.15000000000002 29.545000000000005 2.1050000000000004 1.3374668418432336 35.517746725540967 2.6350000000000002 1009.35 1003.9500000000002 0.52946992850466368 28.487708333333337 0.61899165153974867 -0.833548052892222 4.9150000000000009 83.750000000000014 77.350000000000009 0.99650000000000005 0.74550000000000016 1009.0500000000001 72.950000000000017 35.204338757574277 1005.4500000000002 -0.3896268414500369 0.54886270345077803 0.99350000000000016 0.073711147960444465 0.96356125006489413 82.450000000000017 66.65000000000002 2.3350000000000004 81.050000000000011 80.250000000000014 30.085000000000004 0.099999999999999659 0.56312986467441573 0.32158461820620249 13.025 -0.51999999999999769 4.955000000000001 1013.35 -0.20500000000000004 31.892381067539713 419.85000000000008
decision_type=2 2 2 2 2 2 2 2 2 2 2 2 2 2 2 2 2 2 2 2 2 2 2 2 2 2 2 2 2 2 2 2 2 2 2 2 2 2 2 2 2 2 2 2 2 2 2 2 2 2 2 2 2 2 2 2 2 2 2 2 2 2 2 2 2 2 2 2 2 2 2 2 2 2 2 2 2 2 2 2 2 2 2 2 2 2 2
left_child=7 9 -3 4 5 -4 -7 8 14 19 25 81 69 -14 15 16 -1 39 -19 20 67 22 23 -22 30 26 27 -11 -28 -30 31 -23 33 34 54 -34 42 -38 -6 40 -17 -31 -37 45 -45 49 55 -16 -27 50 51 -21 -52 85 -32 -44 57 -41 66 -60 65 62 -54 -50 -25 -43 -58 -2 82 -13 79 -57 -68 74 -63 -75 83 -67 -69 -49 -51 -9 -26 -74 -77 -33 -65
right_child=1 2 3 -5 38 6 -8 11 -10 10 -12 12 13 -15 47 17 -18 18 -20 43 21 24 -24 64 68 48 28 -29 29 41 32 53 35 -35 -36 36 37 -39 -40 56 -42 60 46 44 -46 -47 -48 70 63 80 52 -53 61 -55 -56 71 58 -59 59 -61 -62 73 -64 86 -66 77 72 78 -70 -71 -72 -73 76 75 -76 84 -78 -79 -80 -81 -82 -83 -84 -85 -86 -87 -88
leaf_value=0.0078691007554023747 -0.0014710811854952062 -0.091710804281463346 -0.015052051616248041 0.0005996895672992083 -0.025866645542419364 0.0021750058455381129 0.0010335178736511133 -0.1817550184874315 0.041914436664900245 -0.00030413863735992159 0.0036771116389529655 -0.011435740889408854 -0.15674280822681017 0.045031552245230234 0.0036159952247778173 0.0039676647073815683 -0.0015064890004344673 -0.065617095490744057 0.0051192058411175965 0.0050883749581122628 0.0021495543246451837 0.0024062962499299188 0.018411182362744655 -0.03131451166439838 -0.0057621954937855007 0.015375626699842951 0.010431461347912526 0.0066884398545441993 0.00029496519449498295 0.0013094430090935408 -0.00081647270658851952 -0.0089871767922134575 -0.016637481097878545 0.0030038283738985658 0.0031149034525869449 0.0029638215387414561 0.0050145717636590403 -0.0065226136361153661 -0.0093828334802879901 0.0046289808877457142 -0.12001160559545093 -2.4409908347843126e-05 0.0016032363117997796 0.0053200371818282978 -0.020311963425263879 0.0039971239330837656 -0.0034839677777214568 -0.035045652843540373 -0.00065657104669568952 -0.060574573019591037 0.0014261409946293522 -0.083718889617933723 0.0060018119704269785 0.0002282523661861303 -0.0040511969358547912 -0.0052383097145448808 -0.06001306858653644 -0.0090902651755092045 0.015707977092307927 -0.043658626583987607 -0.00045681380499465983 -0.035234106835314569 -0.048861867917534038 -0.038053276585982017 -0.00016024485938511025 -0.0011696726803103437 -0.046551972685553653 -0.019906692511852262 -0.0024067271406141327 -0.021014649435710787 -0.24988920301221224 -0.00039108899773203154 -0.043433173423970454 -0.023796948830663817 0.0011934783849031681 -0.0061906815850473794 -0.0069344480397555254 -0.0035013496088252063 -0.0042193150845699018 -0.079982381839936889 -0.058976629011484212 -0.096533321725320059 -0.018150978991545223 -0.096374459175508548 -0.021361373821962081 -0.0088410545431808069 -0.025318974503681237
leaf_weight=86 168 224 281 298 636 220 406 250 148 99 92 229 260 201 133 122 146 117 136 103 136 102 99 136 273 85 137 123 83 103 96 78 177 145 117 87 102 104 338 83 78 92 82 105 149 88 89 97 86 651 104 99 128 152 119 270 152 100 86 118 124 132 128 267 78 379 100 345 119 453 100 101 635 111 78 78 123 80 87 756 110 1977 104 79 563 378 78
leaf_count=86 120 108 73 122 200 60 122 82 44 99 52 69 76 121 81 122 138 117 120 103 136 102 71 136 181 85 137 119 75 103 96 78 161 145 117 87 102 104 138 83 70 84 82 93 117 88 85 89 86 435 104 99 128 152 119 266 152 100 82 114 116 132 128 263 78 323 96 281 99 153 96 101 579 107 78 78 75 72 87 640 106 465 80 79 563 378 78
internal_value=0.000616265 0.00127457 0.0037926 0.00241027 0.00140383 0.00398357 0.00636173 -0.000414694 0.000425959 0.000535395 0.00172932 -0.00126295 9.80218e-05 0.00253765 -7.05758e-06 0.000637921 0.00410655 0.000215296 0.00359764 0.000191697 0.000689247 0.0010608 0.00326975 0.00125487 0.000689296 0.0011397 0.00187296 0.00622597 0.000891859 0.000325888 0.00112171 -0.000214607 0.001762 0.0036753 0.00184556 0.000851088 0.001467 0.00454845 -0.000995438 -0.000294828 0.0023597 -0.000287483 0.000441457 -0.000515417 0.00169423 -0.000755012 -0.000149573 -0.00129442 -0.000584295 -0.000914979 -0.000434014 0.00164136 -0.00075651 -0.00114492 -0.000118638 -0.00083298 -0.000659998 0.00127818 -0.000939457 0.000937007 -0.000829562 -0.00103946 0.000331746 -0.00124683 -0.000746931 -0.00129909 -0.00129653 -0.0012469 -0.00121502 -0.00154529 -0.0016913 -0.00148456 -0.00153871 -0.00140972 -0.000397421 -0.00168418 -0.00172223 -0.00174354 -0.00172386 -0.00188924 -0.00186869 -0.00196341 -0.00167508 -0.00195212 -0.00193991 -0.00189155 -0.00183773
internal_weight=17367 10602 2403 2179 1881 907 626 6765 3395 8199 1828 3370 1143 461 3247 2161 232 1929 253 6371 3744 3144 449 350 2695 1736 1220 222 998 861 2199 710 1489 477 332 1012 835 206 974 1676 200 778 629 2627 254 2373 542 1086 516 2285 1524 202 1322 608 215 453 1476 183 1293 204 675 1218 256 431 214 551 1089 600 496 682 953 371 937 962 210 752 837 459 432 853 761 2227 377 714 641 456 345
internal_count=12247 8318 823 715 593 255 182 3929 2963 7495 1692 966 419 197 2919 2013 224 1789 237 5803 3444 2956 421 350 2535 1640 1128 218 910 773 2175 710 1465 477 332 988 827 206 338 1552 192 698 621 2359 210 2149 534 906 512 2061 1520 202 1318 608 215 449 1360 183 1177 196 595 1214 256 427 214 479 981 488 360 222 825 367 829 958 210 748 733 395 368 729 541 547 261 658 641 456 341
is_linear=0
shrinkage=0.0686502


Tree=58
num_leaves=96
num_cat=0
split_feature=25 43 19 38 25 44 45 49 36 31 25 59 3 38 59 49 61 63 50 32 18 46 21 30 40 32 58 31 43 43 38 52 27 18 35 30 40 31 56 25 30 59 23 24 29 16 45 11 38 21 10 28 24 29 44 26 36 18 41 24 0 10 11 58 0 30 21 56 23 38 40 56 38 49 38 32 60 52 63 38 63 34 44 60 34 18 48 0 2 22 0 48 34 2 30
split_gain=2.44048 3.29609 6.81626 1.69355 3.12479 1.87945 2.90746 1.83782 1.12142 2.04305 2.95311 0.97741 1.82639 3.21466 0.98905 0.982312 0.917046 1.25289 1.14777 0.658962 0.757011 1.46086 0.596647 0.589707 0.532372 0.783487 0.563543 0.532286 0.531714 0.596028 0.720321 0.856927 0.593091 0.43377 0.417988 0.41836 1.24199 0.402442 0.392991 0.477833 0.793297 0.366904 0.360982 0.556023 0.476332 2.28346 0.620841 1.00326 0.446549 0.359148 0.333068 0.259752 0.259156 0.349873 0.561027 0.322593 0.253239 0.185624 0.375478 0.392674 0.159191 0.193984 0.149418 0.232352 0.566849 0.536012 0.136315 0.130615 0.119165 0.0980138 0.0958589 0.0922623 0.0894548 0.0888875 0.0729314 0.0664532 0.0638387 0.0626236 0.0488972 0.149342 0.0474585 0.0378418 0.0358112 0.0274631 0.025653 0.0694517 0.0225466 0.00571096 0.00485419 0.00382896 0.0028003 0.00229543 0.0021112 0.0270423 0.0010066
threshold=31.055000000000003 31.069791666666671 40.643751006862502 0.73089191719941615 30.975000000000005 0.28089885220355121 2409.8560000000002 918.4000000000002 0.29646099413714155 0.019300574944761454 30.035000000000004 4.3950000000000005 0.99450000000000005 1.4320693423473341 4.3150000000000004 777.85000000000014 2.7750000000000004 2.4741515401678051 625.30833333333351 -0.0099999999999997851 37.131776584429865 29.265000000000004 30.825000000000003 85.550000000000011 0.065574385243026737 -0.15000000000000033 5.0550000000000006 -0.57146890033755493 29.245208333333341 28.462083333333336 0.9751554819081687 0.84950000000000003 83.350000000000009 38.005975336122894 37.082032385888645 73.350000000000009 0.085049005481111925 -1.3225392794047328 1003.5500000000001 29.015000000000004 79.750000000000014 3.4950000000000006 30.215000000000003 28.845000000000002 82.450000000000017 35.728311192873022 2237.1830000000004 7.5000000000000009 0.95970021020108687 28.135000000000002 -0.99271195016773384 84.350000000000009 29.285000000000004 82.15000000000002 0.47521114673307124 81.750000000000014 0.18874861239679977 35.294369577017889 28.662500000000001 29.365000000000006 6.1850000000000014 -0.87792756428346708 8.5000000000000018 6.6750000000000007 5.4850000000000012 75.450000000000017 27.885000000000002 1008.2500000000001 28.745000000000001 1.0270800337373671 0.14571661996341576 1012.4500000000002 0.86768535274894887 372.15000000000003 1.2079556610928048 1.0400000000000011 1.0250000000000001 0.99850000000000005 -0.38195010205276242 0.62898153804956813 -0.048385223397616521 0.24437193542919891 0.62880313318137515 8.7550000000000008 0.43612422570713139 33.105784555705036 477.85000000000008 3.7850000000000006 23.200000000000006 30.445000000000004 3.8650000000000007 287.2000000000001 0.095692500233671901 178.25000000000003 81.050000000000011
decision_type=2 2 2 2 2 2 2 2 2 2 2 2 2 2 2 2 2 2 2 2 2 2 2 2 2 2 2 2 2 2 2 2 2 2 2 2 2 2 2 2 2 2 2 2 2 2 2 2 2 2 2 2 2 2 2 2 2 2 2 2 2 2 2 2 2 2 2 2 2 2 2 2 2 2 2 2 2 2 2 2 2 2 2 2 2 2 2 2 2 2 2 2 2 2 2
left_child=1 3 -3 16 5 6 -5 8 9 27 23 12 14 41 15 28 78 18 19 20 21 24 -2 38 25 -18 83 -7 29 37 31 -31 49 34 35 36 -29 -10 -11 40 -40 -14 43 62 46 48 47 -45 -46 -32 -21 70 53 54 -37 90 -42 58 66 -60 89 -62 77 64 75 -66 -48 -51 -55 -41 -26 82 -59 86 -54 88 -24 84 79 -1 -74 -65 -39 -27 -13 -86 -30 -69 -64 -52 -56 -44 93 -80 -22
right_child=22 2 -4 4 -6 7 -8 -9 11 10 -12 42 13 -15 -16 -17 17 -19 -20 50 94 -23 76 -25 51 26 -28 33 73 30 32 -33 -34 -35 -36 52 -38 71 39 69 56 -43 91 44 45 -47 57 -49 -50 67 60 -53 74 68 55 -57 -58 72 59 -61 61 -63 63 81 65 -67 -68 87 -70 -71 -72 -73 80 -75 -76 -77 -78 -79 92 -81 -82 -83 -84 -85 85 -87 -88 -89 -90 -91 -92 -93 -94 -95 -96
leaf_value=-0.059157231693022012 -0.023179331964180514 0.023864051766703077 -0.048741797602505514 -0.010539376141574585 0.039037001543327864 -0.005094950121952508 0.12930937557083808 0.038444380852097816 0.0044161101003330717 0.01733897119536483 0.017096160575554912 -0.032044985745618523 0.015971933263368827 0.0029481544202625536 0.021829811013938903 0.0019255156880426019 0.0011666492663720679 0.0062277499422214166 0.0057466771552902229 0.0017344116697967018 -0.0090017271102014202 0.0080256876098895678 -0.10504387542319744 0.002070909896222807 -0.0032660191861458494 -0.0063482840628989153 0.0025849029819745503 0.0095620367786824756 -0.025728042637665403 0.010577896897533924 0.0033653398868460659 -0.00072884390312242815 0.00032483033808593638 -0.0034661571508214162 0.0014500764353488761 0.0035806655104458304 -0.009714272561118488 -0.00038156677748346927 0.0046405767308373173 -0.02856659795690792 -0.0019964701568100157 -0.0046122919521585414 -0.015061854857991355 -0.00034953473442530045 0.0018912760666478349 0.030697444524179919 -0.0047389313913414766 0.025087782640628109 -0.025308801233623706 -0.00075317608950355034 -0.0093909274701873321 0.0071579621808984962 -0.019571407085522827 0.00080773706990865232 -0.037367319412560815 0.00029872169986933268 0.0019294567206524713 -0.00075512317290001105 0.0032635416812756596 -0.0012271227630798443 -0.10328849253831585 -0.016376684720771337 -0.013628741126484436 -0.00098273911026973827 -0.18381503189767245 0.0039028605621351489 -0.022177371888033068 -0.04043476288787589 -0.020275609026273379 -0.0017298150597861999 -0.00055074626907928833 -0.0062947637187841503 -0.0071854836461995204 -0.019394015332203658 -0.0057017952206837178 -0.045836604647949648 -0.049669245419768936 -0.00060735696116652124 -0.024123975262155629 0.0015666946071738839 -0.024077050600466089 -0.050886463060405208 -0.024438478279428598 -0.0047351796181808467 -0.11194455389020204 -0.0070819454236609614 -0.12650601894380956 -0.021478972497395887 -0.0085663357904098951 -0.13975268217030806 -0.024749808389964323 -0.085485991628043559 -0.026118540409219893 -0.0513143475676891 -0.042653688728143853
leaf_weight=199 355 310 330 122 133 140 102 136 99 96 295 516 109 86 100 94 121 103 102 108 235 79 1512 83 272 118 137 79 437 137 78 104 83 346 198 119 108 86 92 165 144 112 428 151 90 79 78 102 171 80 865 103 302 90 93 139 82 144 89 80 90 88 78 78 78 135 181 214 210 172 114 107 132 117 92 78 419 95 278 105 362 269 374 79 138 78 122 78 164 113 78 119 767 99 120
leaf_count=147 139 90 74 114 37 112 82 56 99 64 139 468 105 74 64 86 113 59 82 108 107 71 288 83 256 98 137 79 237 137 78 104 83 102 98 119 108 86 92 137 144 80 216 115 90 67 78 102 167 80 601 103 282 90 93 139 82 108 85 76 90 72 78 78 78 135 181 214 210 128 114 107 128 69 88 78 115 91 178 89 266 269 374 75 126 78 54 78 164 45 74 59 487 71 96
internal_value=0.000722985 0.00104003 0.00585685 0.000825634 0.00130938 0.00116903 0.00737053 0.00102553 0.000912552 0.00198262 0.00431502 0.000399663 0.00142663 0.00639095 0.000761041 0.000453979 -0.000315956 0.000398007 0.000115127 -0.000160598 0.000875102 0.00182502 -0.00136566 0.00221077 0.00106043 0.00274848 0.00100365 0.000657249 0.000144084 0.000891756 0.00218707 0.00529347 0.000762246 0.000344246 0.000849763 0.000399099 0.00339318 -0.000607265 0.00158698 0.000969878 0.00287634 0.00194249 -0.000286109 -1.84284e-05 0.000874607 0.00316149 0.000278361 0.00332784 2.46036e-05 -0.000216552 -0.00129354 -0.000503081 -9.85402e-05 0.000662975 0.00192248 0.000357988 0.000647158 -0.000444018 0.000652877 0.00316347 -0.00163725 0.000223447 -0.00088941 -0.000258889 0.000633793 0.00337234 -0.000973723 -0.00111844 -0.0011214 -0.000818276 -0.00132963 -0.0013205 -0.00118783 -0.0014394 -0.001518 -0.00117977 -0.00184212 -0.00155243 -0.00172232 -0.000908931 -0.0016273 -0.00164198 -0.00174423 -0.00132638 -0.00176755 -0.00107472 -0.00179992 -0.00179768 -0.0017439 -0.00198106 -0.00161396 -0.00191942 -0.0019325 -0.00167508 -0.00184395
internal_weight=17367 15081 640 14441 10146 10013 224 9789 9653 3123 1129 6530 2617 307 2310 2210 4295 2847 2744 2642 1378 1023 2286 834 944 455 334 1994 2116 1440 774 241 533 1854 1508 1310 187 666 751 655 318 221 3913 3366 1659 340 1319 253 261 450 1264 489 1123 729 429 310 226 1066 428 169 1156 178 1707 880 533 213 259 372 300 337 386 567 638 676 394 320 1931 827 1448 304 494 347 460 197 732 216 559 292 242 978 171 547 1144 377 355
internal_count=12247 11705 164 11541 8342 8305 196 8109 8053 2463 869 5590 2209 259 1950 1886 3199 2227 2168 2086 1170 967 542 730 896 423 310 1594 1800 1440 774 241 533 1482 1380 1282 187 666 647 583 318 185 3381 3106 1463 324 1139 217 257 450 916 473 1095 725 425 306 226 922 420 161 808 162 1643 880 533 213 259 372 300 265 370 567 502 360 370 320 403 763 972 236 394 347 460 173 672 204 291 292 242 646 167 275 736 249 203
is_linear=0
shrinkage=0.0686502


Tree=59
num_leaves=87
num_cat=0
split_feature=10 9 0 25 9 43 23 21 43 45 58 28 43 43 57 28 4 40 25 63 36 44 26 60 20 58 25 43 18 62 10 57 63 18 21 44 36 9 58 29 35 35 32 10 10 27 45 44 25 16 44 45 21 27 31 29 63 0 34 44 45 42 54 61 42 9 9 1 44 10 49 57 22 50 32 28 42 4 43 0 0 45 36 0 0 50
split_gain=2.92069 13.2627 10.4812 1.94064 2.33785 4.90466 1.47278 1.02932 1.33034 0.982884 1.1428 0.749434 1.10006 0.862265 0.623446 0.822481 1.86968 1.40947 0.858276 0.770862 0.534033 0.517543 0.98942 1.23986 0.50049 0.813675 0.49859 0.631007 1.78531 0.507178 0.751206 0.481623 0.474441 0.577467 0.424611 0.462266 0.496528 0.418145 0.401022 0.6422 0.360308 0.655337 0.339419 0.285296 0.31719 0.285018 0.643978 0.270727 0.312944 0.267659 0.237166 0.301315 0.235133 0.195703 0.351299 0.196659 0.177797 0.266852 0.164838 0.156709 0.153482 0.146476 0.141325 0.370063 0.123077 0.191665 0.118321 0.114439 0.10705 0.0907971 0.088128 0.0818101 0.070649 0.0654285 0.0548587 0.0986321 0.0402848 0.0387084 0.0364063 0.0318532 0.0318532 0.0225372 0.00781628 0.00307327 0.00299741 0.0017272
threshold=-0.83352489619613901 0.48250327361223927 5.5050000000000008 31.005000000000006 0.98521098335796142 30.077708333333337 32.250000000000007 29.795000000000005 30.375208333333337 2464.0925000000002 1.5850000000000002 69.15000000000002 29.930625000000006 29.687500000000004 1011.35 79.250000000000014 1006.6500000000002 0.055075705476902596 26.985000000000003 0.33774059144101548 0.29403839369509516 0.43559450461032062 81.550000000000011 9.2750000000000004 33.902401739472822 1.8950000000000002 29.155000000000005 28.292500000000004 31.632023277643565 30.31284472789233 0.60503365783732044 1004.85 0.29482934675540667 35.513436684043995 28.645000000000003 0.67135582518754411 0.29646099413714155 -0.3171883513140959 4.1750000000000007 81.450000000000017 34.136864719039885 34.745733926198731 0.22499999999999967 0.86527520261780289 0.80898702767051955 84.950000000000017 2442.5480000000002 0.73204739408609332 29.585000000000004 35.102110844861066 0.52946992850466368 2382.9295000000006 30.825000000000003 83.750000000000014 -0.8296372854362416 80.050000000000011 -0.21797553435147418 3.9450000000000007 0.13405288142356353 0.6551708345616204 2328.3195000000005 0.46984749250555424 0.17050000000000004 0.055000000000000007 0.20928847407923643 0.22611359161738889 -0.70252096857941215 5.4350000000000014 0.29579036225652888 0.99370977118463066 366.80000000000001 1009.85 28.915000000000003 4.0083333333334767 0.38499999999999984 80.15000000000002 0.30724582991507365 1004.6500000000002 31.229166666666671 7.245000000000001 5.3850000000000007 2337.0400000000004 0.16541300734200892 6.8750000000000009 3.9450000000000007 1.8500000000000856
decision_type=2 2 2 2 2 2 2 2 2 2 2 2 2 2 2 2 2 2 2 2 2 2 2 2 2 2 2 2 2 2 2 2 2 2 2 2 2 2 2 2 2 2 2 2 2 2 2 2 2 2 2 2 2 2 2 2 2 2 2 2 2 2 2 2 2 2 2 2 2 2 2 2 2 2 2 2 2 2 2 2 2 2 2 2 2 2
left_child=1 11 -3 4 6 49 7 8 14 10 -9 -1 13 20 15 16 17 -2 -17 -19 21 32 58 -24 25 -20 27 43 -29 72 34 -27 33 37 73 36 -36 -13 39 -22 50 -42 -28 44 -18 64 -47 53 -49 -6 76 59 -5 61 -55 -56 57 -12 -23 -52 -39 71 63 84 65 70 67 -58 -57 82 79 77 -30 -31 -66 -76 -33 -26 -68 -40 -61 -51 -64 -77 -16 -14
right_child=3 2 -4 52 5 -7 -8 9 -10 -11 56 12 85 -15 62 18 26 19 24 -21 38 22 23 -25 47 31 42 28 29 30 -32 40 -34 -35 35 -37 -38 60 45 -41 41 -43 -44 -45 -46 46 -48 48 -50 81 51 -53 -54 54 55 68 66 -59 -60 80 -62 -63 69 -65 74 -67 78 -69 -70 -71 -72 -73 -74 -75 75 83 -78 -79 -80 -81 -82 -83 -84 -85 -86 -87
leaf_value=-7.7812374881225651e-05 0.004196371976212393 0.072413655335706137 -0.0089421939951565676 -0.0043768572862040679 0.0032408881619643819 0.016357800491556274 0.0010027447695196655 0.0020554534345394644 0.010701555501216448 0.0012006663617485855 -0.0070486704782765711 0.00011285550436797298 -0.040095172913322895 0.018999478585207667 -0.028151740816125238 0.013954421053927081 -0.069786942051771439 0.0099450143065903541 0.0073709215066235807 -0.00013325353942619184 -0.026671315009301415 -0.02377417369084419 0.0099402881618458963 5.0682688746778103e-05 -0.0093063177754919707 0.0002844811161626941 -0.077110738405744145 0.0064582349927396173 -0.055214515670163611 -0.0020997709450243257 0.0049284817600120144 -0.014866705336369157 -0.01774527374501569 0.0050889586845394184 0.0012506284405918739 -0.014049807952742549 -0.00048853510900372674 0.00053484049494156318 -0.016719193505606775 0.0039196752903438003 0.0029949191357937855 -0.0094162803208451291 0.0036762285742859627 -0.16630180737636976 0.0080673520841095334 0.006656163130848063 -0.014043346815443064 0.0028552002546599481 -0.026962001684619548 -0.090385135971752836 0.00043711248947497371 0.00201414519105401 -0.062556885337085713 0.00075041008864988774 -0.00026130150707470668 -0.00081086991294465702 -0.00035956405328663096 0.0072028512513930762 0.0022360324505583122 -0.0039141300143482388 -0.017870291785134364 0.00072877118671142097 -0.011607673337193555 0.013969801422943445 -0.0070916950818234728 0.0021635996660626434 -0.011592774724475636 -0.021789345404457348 -0.0059616622722041736 -0.0011698490400238741 -0.00044496960212390708 -0.011634262322567359 -0.01296502369992638 -0.0062369771398313057 0.00025077732418825734 -0.038622195234310056 -0.01182357457995468 -0.023489511969891713 -0.062385230417171568 -0.0082818530207051707 -0.04725361567581849 -0.010144197036057633 -0.07872319684491183 -0.0115582427580312 -0.064870611116192287 -0.021989942611360253
leaf_weight=105 95 332 236 346 101 238 127 217 94 446 336 121 133 113 78 81 87 118 85 130 99 133 117 99 90 121 346 79 144 78 130 351 200 91 124 85 97 98 158 115 144 142 107 252 79 107 105 109 92 167 108 105 1926 90 127 108 133 212 81 158 168 81 78 94 401 80 1991 109 314 78 85 88 78 120 82 100 78 892 207 78 78 98 510 78 98 577
leaf_count=57 91 124 116 126 101 130 35 137 46 122 140 121 93 113 78 81 87 110 85 126 99 125 113 99 82 121 286 79 144 78 130 351 200 91 124 85 97 98 154 115 144 142 107 252 79 107 105 109 80 111 108 105 394 90 127 108 133 104 81 158 164 81 78 94 389 80 831 109 302 78 69 88 78 120 78 100 78 800 55 78 78 82 510 78 98 217
internal_value=0.000596502 0.00219973 0.0119212 0.000101733 0.000479324 0.00462673 0.000237324 0.000145436 0.000656127 -0.000779156 -0.00120055 0.000627105 0.000448661 0.00108035 0.000537495 0.00081257 0.00186608 0.00650428 0.000152796 0.00371104 0.000820495 0.00196056 0.00382268 0.00708603 -1.53933e-05 0.000992335 0.000977813 0.00163886 0.00262992 0.00170089 0.00269053 0.000553608 0.000766289 0.00194508 0.00146744 0.00306899 0.0047201 0.000762437 -2.59958e-05 0.00270982 0.00011805 0.00223167 -0.000984045 -0.000566962 0.00161705 -0.000492174 0.0017896 -0.00071164 0.00165964 -0.000355738 -0.000567039 0.000526423 -0.00172374 -0.000981943 -1.00793e-05 -0.000672737 -0.00155155 -0.000420322 0.000479268 -0.000445963 -0.000745449 -0.00151628 -0.00109877 0.000208413 -0.00095438 0 -0.00180309 -0.0003339 -0.00139169 -0.00163582 -0.000756684 -0.00173151 -0.00110117 -0.000985845 -0.00152899 -0.000715291 -0.00172152 -0.00191157 -0.00196215 -0.0014468 -0.0014468 -0.00151349 -0.00192916 -0.00163134 -0.00162651 -0.00195151
internal_weight=17367 4092 568 13275 11003 604 10399 10272 6621 3651 3205 3524 3419 2709 6527 5591 2149 343 3442 248 2596 1108 430 216 3361 1370 1806 1353 935 856 634 1285 678 478 504 306 221 387 1488 214 1164 286 453 418 166 1274 212 1991 201 366 878 449 2272 1790 639 549 2988 548 214 344 266 1151 936 270 1062 401 2440 242 422 666 321 1070 222 198 661 260 429 982 2198 236 236 265 588 178 176 710
internal_count=12247 3264 240 8983 8463 424 8039 8004 6373 1631 1509 3024 2967 2657 6327 5391 2073 327 3318 236 2544 1092 418 212 3237 1370 1746 1353 935 856 634 1285 674 474 504 306 221 383 1452 214 1164 286 393 418 166 1238 212 1867 189 294 878 449 520 1678 627 537 1372 244 206 344 262 1051 936 270 1026 381 1128 242 410 666 301 970 222 198 645 256 429 882 886 232 236 193 588 178 176 310
is_linear=0
shrinkage=0.0686502


Tree=60
num_leaves=91
num_cat=0
split_feature=25 37 43 38 29 61 63 9 37 20 17 51 63 39 55 10 43 1 6 19 9 9 34 21 38 31 53 0 25 38 38 1 20 43 44 9 37 4 63 1 9 53 45 37 19 58 37 7 17 30 43 44 10 19 0 9 58 59 29 41 4 18 5 55 19 40 53 37 20 57 31 10 38 9 57 38 38 51 42 17 0 32 9 34 46 18 46 17 0 36
split_gain=2.35883 3.06689 14.0817 13.6283 3.24394 7.70052 1.84015 0.957883 0.92981 1.60092 1.3235 0.782331 0.700438 1.37444 0.712564 0.770444 1.00927 0.972901 1.14869 0.821224 0.69358 0.623101 0.620905 0.512458 0.658623 0.52096 0.566676 1.34588 0.676078 0.613926 0.97735 0.884679 0.467652 0.76573 0.452546 0.434404 0.360701 1.10496 0.413015 0.331991 0.298409 0.828987 0.286532 0.278804 0.278181 0.27654 0.267746 0.432456 0.784404 0.412326 0.20183 0.238857 0.500442 0.379887 0.178316 0.168294 0.152782 0.501806 0.178413 0.281367 0.141335 0.111995 0.10068 0.0965775 0.114537 0.147142 0.0907171 0.0827937 0.43797 0.0860488 0.0754469 0.0743774 0.0738855 0.0731129 0.0708423 0.0656472 0.065007 0.0640205 0.0554567 0.0473423 0.0461376 0.036649 0.0321971 0.00763916 0.00738888 0.00697585 0.00559387 0.00389917 0.00314751 0.000602514
threshold=31.025000000000002 37.539401833165101 30.121875000000006 1.0002831876682123 75.450000000000017 2.4350000000000005 2.6500137358357319 0.90880922144842613 36.611759000430588 36.99801120872953 36.765183655396207 11125.610000000002 1.1399217375444872 30.139999999999997 1011.6500000000002 0.45207220393230413 28.292500000000004 0.17500000000000002 -0.12940952255126037 32.650030212339068 0.35769492645306972 0.68391308835034159 0.25504447858162688 28.665000000000003 0.51320281131095802 -0.32146865324629553 0.96250000000000002 4.5950000000000006 29.305000000000003 0.84576851573007639 1.2888113727608368 4.8450000000000006 30.430467311349968 28.316458333333337 0.58962742623110009 -0.48250327361223916 33.04318495011816 1007.2500000000001 0.82212853516647055 9.6450000000000014 -0.70252096857941215 0.45150000000000007 2202.7860000000005 35.828305034475271 33.571003814199322 4.8950000000000005 35.321252563860867 0.78656609248549325 33.600454308665064 82.850000000000009 28.47666666666667 0.39159916930209965 -0.42108527284769387 35.204338757574277 6.5450000000000008 0.2595093939220971 3.9650000000000003 2.9650000000000003 75.950000000000017 28.749166666666671 1009.5500000000001 36.448424810185649 -0.98296291314453399 1005.2500000000001 37.798533334867209 0.092376043074183373 0.98850000000000005 32.872256803919903 33.679949440363508 1009.6500000000002 -1.0669557741246114 -0.8038981836306559 0.70345324325110947 0.95236875646279973 1009.35 0.57650252165737603 1.004698438502696 13051.566000000003 0.10580642438751782 33.930805527251209 4.8950000000000005 0.44500000000000034 0.090250774277322809 0.30928106824879692 29.405000000000005 35.597419877623388 28.845000000000002 35.294369577017889 2.7150000000000003 0.12999368932003844
decision_type=2 2 2 2 2 2 2 2 2 2 2 2 2 2 2 2 2 2 2 2 2 2 2 2 2 2 2 2 2 2 2 2 2 2 2 2 2 2 2 2 2 2 2 2 2 2 2 2 2 2 2 2 2 2 2 2 2 2 2 2 2 2 2 2 2 2 2 2 2 2 2 2 2 2 2 2 2 2 2 2 2 2 2 2 2 2 2 2 2 2
left_child=1 8 3 -3 5 6 80 39 9 11 22 12 13 14 15 23 19 -18 -19 74 -10 -2 -11 36 45 34 27 -27 29 31 44 -28 33 -14 55 -33 37 -1 50 -6 41 -13 -43 67 -31 86 47 61 49 88 79 52 53 71 60 72 57 -53 59 -58 -44 62 -34 -22 89 -66 -16 68 69 -42 -64 -52 -26 -23 -17 -69 -30 -77 -72 -38 -4 83 85 -80 -48 -60 -25 -46 -49 -65
right_child=21 2 4 -5 7 -7 -8 -9 20 10 -12 40 32 -15 66 16 17 18 -20 -21 63 73 -24 24 25 26 28 -29 76 30 -32 35 46 -35 -36 -37 38 -39 -40 -41 43 42 54 -45 87 -47 84 48 -50 -51 51 56 -54 -55 -56 -57 58 -59 82 -61 -62 -63 70 64 65 -67 -68 75 -70 -71 78 -73 -74 -75 -76 77 -78 -79 81 -81 -82 -83 -84 -85 -86 -87 -88 -89 -90 -91
leaf_value=-0.0006117682317690413 0.0016133819936705433 -0.025420743111837521 -0.049551638696380351 -0.06885641181704695 -0.013874646086034378 0.0071501770727114772 0.0034227286274608813 -0.0034839913830408179 -0.00048124874734572652 -0.0085109550107735025 0.0095701946243650499 0.0052499233694616688 -0.010654060575955186 0.0096174944979179854 -0.030519506085136729 -0.0035213871647373153 0.011468032081632929 -0.0080176699016800048 0.0044701386841393635 -0.014562907509561206 -0.00051168554718104386 -0.071409819427907625 0.0055448089554185741 -0.028729234155541513 -0.00025557663676073326 -0.0018131282915507944 0.043303713770361962 0.0052544010030757806 -0.033218433657491865 0.0012565328337814179 0.003487018648979576 0.0008155848722208594 0.00070000630219796845 0.0084622416646320184 0.0026891490498971026 3.4011956707189128e-05 -0.027159240730594437 -0.0014451813956381945 0.00030281424404327158 -0.0049044193896687661 -0.0032476750464914455 0.0027428155056789783 -0.085833576197849301 0.003145831686188504 -0.015043901543788487 0.00077518103758051141 -0.018898816307554449 -0.14636972010737684 0.010878640082852177 0.0051177003553361166 -0.0093301943179139243 -0.0045491794649795319 0.0028707539790242568 0.00022804602706420106 -0.00025331325266622114 0.0019999036125058984 -0.0057638549692743532 0.0028390700867995805 -0.0058340963034531762 0.012679772675830921 -0.00020624406133196093 -0.0032152116713288462 -0.0052295215939254002 -0.0078750263976297315 -0.0090603212384543046 0.014518912176572935 -0.079312225253927657 -0.017670870163625813 0.040192135870082572 -0.12625155997689833 -0.00014558979945352899 -0.0002341932160455118 -0.016012201995589025 -0.029868992538196356 -0.042772628318935656 -0.096717388629307843 -0.00064997790672289754 -0.049493336751862974 -0.03030658927116249 -0.0010816033552781238 -0.034814629385086483 -0.0002202995880767342 -0.035006016711685899 -0.018490088106217033 -0.0065752520839283254 -0.035312966200910324 -0.0022828727248911684 -0.0051825704842727218 -0.061528486758542826 -0.028286645014091526
leaf_weight=109 347 163 202 197 1101 250 331 254 193 147 88 120 126 84 336 78 79 92 86 95 208 1646 109 206 84 120 82 138 123 78 88 79 80 79 149 121 292 128 78 244 81 89 381 193 125 110 410 78 81 88 165 100 80 122 84 79 110 84 341 78 89 96 108 164 188 116 78 157 95 322 98 78 214 383 145 120 79 827 464 126 336 79 81 78 78 78 78 78 102 943
leaf_count=109 123 107 94 97 325 106 75 86 149 147 64 120 126 72 336 78 79 92 86 95 96 362 77 190 84 104 82 130 103 78 84 79 80 79 145 121 292 128 78 84 81 89 381 121 125 110 394 78 81 88 161 100 80 122 84 79 110 84 341 78 89 92 108 68 88 72 78 149 95 322 98 78 210 83 145 116 79 771 444 126 104 79 81 78 66 78 78 78 102 363
internal_value=0.000616265 0.000935004 0.00286654 0.0155982 0.00117093 0.00400429 0.000934912 -0.00081045 0.000435224 0.000692414 0.00528709 0.00052913 0.000895776 0.00132234 0.00117531 0.00141863 0.00377217 0.00696331 0.00404924 0.00115708 -0.000995016 -0.00139192 0.00273173 0.00108453 0.00185755 0.0024643 0.00330736 0.00613471 0.0024372 0.00351375 0.00164084 0.00592528 -0.000176922 0.00291775 0.000669538 0.00338209 0.000315372 0.0028256 -1.18802e-05 -0.00154356 -0.000500612 0.000631691 -0.000342381 -0.000984943 -0.000329114 -0.000649982 -0.000526553 -2.45503e-05 0.00204792 0.000225247 -0.000236182 0.000177769 0.00147223 0.000369827 -0.000932412 -0.000586664 -0.000478189 0.00126018 -0.000952327 0.000827705 -0.00145968 -0.000752772 -0.000992529 -0.00146134 -0.00166488 -0.000459415 -0.00154407 -0.00128374 -0.000531128 -0.00153005 -0.00122096 -0.0011835 -0.0013444 -0.00185261 -0.00110544 -0.00161739 -0.00100695 -0.00183373 -0.00147641 -0.00154899 -0.00153529 -0.00171549 -0.00163247 -0.00191813 -0.00190253 -0.00187677 -0.00179034 -0.00168369 -0.00163606 -0.00199019
internal_weight=17367 14991 3078 360 2718 1119 869 1599 11913 10101 344 9757 7199 5154 5070 4656 575 257 178 318 1812 2376 256 4081 2031 1637 1111 258 853 651 369 282 2045 205 526 200 2050 237 1813 1345 2558 763 643 1795 281 394 1840 1352 349 268 1735 1317 445 365 554 377 872 184 688 188 470 1003 907 1619 1411 304 414 1602 498 403 827 243 298 2029 223 1104 202 947 719 418 538 621 500 542 488 419 284 203 180 1107
internal_count=12247 11679 1078 204 874 379 273 495 10601 9765 288 9477 7059 5066 4994 4580 575 257 178 318 836 568 224 4005 1959 1581 1063 234 829 647 365 282 1993 205 518 200 2046 237 1809 409 2418 763 643 1655 281 378 1788 1328 349 268 1731 1313 441 361 554 373 872 184 688 188 470 979 887 687 591 160 414 1534 498 403 807 239 294 445 223 1036 182 887 699 418 198 601 500 522 460 419 268 203 180 431
is_linear=0
shrinkage=0.0686502


Tree=61
num_leaves=90
num_cat=0
split_feature=30 9 1 28 21 45 63 17 30 41 43 49 43 1 54 56 25 43 9 2 24 62 1 45 4 57 10 19 4 9 45 19 10 58 9 10 43 19 58 11 3 60 9 31 44 44 61 17 44 44 57 24 30 28 0 9 37 17 21 61 1 19 52 56 19 40 27 4 30 43 9 0 1 52 6 27 63 21 41 9 63 61 6 0 40 4 5 0 1
split_gain=2.65715 3.91191 1.96321 1.57771 4.88838 1.52049 4.29023 1.38541 1.46843 3.84089 1.35804 1.40157 0.956035 0.858382 1.18645 1.69266 0.683875 0.667409 1.04517 0.618181 0.766516 1.64863 0.652506 1.1011 0.647894 0.592996 0.541284 1.16554 0.593123 0.609662 0.94872 0.510942 0.899487 0.437113 0.41555 0.433723 1.13915 2.25991 0.610632 0.593812 0.83272 1.69952 0.413673 0.345262 0.417332 0.958115 0.41715 0.327069 0.323939 0.589537 0.319727 0.316483 0.329539 0.299002 0.294218 0.21151 0.205122 0.414721 0.199108 0.190037 0.31208 0.178347 0.294325 0.367879 0.210713 0.163714 0.155879 0.147925 0.147028 0.135471 0.364449 0.113519 0.106553 0.128499 0.0974582 0.0960615 0.0894375 0.0802638 0.0702515 0.0681419 0.0646157 0.063157 0.0287977 0.0270992 0.00724337 0.00389917 0.00378057 0.00299741 0.00267663
threshold=74.750000000000014 0.99762106698677389 72.405000000000015 66.450000000000017 30.485000000000003 2450.9170000000008 -0.53644892017274148 40.403568151287239 81.15000000000002 30.237500000000001 30.386041666666671 850.90000000000009 30.296875000000004 2.3950000000000005 0.74550000000000016 1007.5500000000001 30.785000000000004 28.927291666666669 0.69636977696931246 21.650000000000002 29.875000000000004 37.813713516306244 0.015000000000000001 2140.4970000000008 1009.85 1008.4500000000002 -0.42108527284769387 35.643391095081206 1008.4500000000002 -0.93535928755917819 2318.8760000000007 30.576851077357357 0.98367285631203072 7.2150000000000007 -0.99166813670569331 -0.83352489619613901 29.255208333333336 36.097474850284598 4.1750000000000007 10.500000000000002 0.52950000000000019 0.31500000000000006 0.55601228778889811 -0.13174898715250546 0.58962742623110009 0.44023534027313643 9.1850000000000005 33.340995939864293 0.53511163853917232 0.63201045174912174 1003.5500000000001 28.855000000000004 82.65000000000002 79.250000000000014 4.2350000000000012 -0.92913280730858783 33.858184377573167 33.372487665684638 29.075000000000003 5.3650000000000011 3.4050000000000007 35.204338757574277 0.99450000000000005 1006.4500000000002 33.793195764266031 0.1305118130045447 80.950000000000017 1007.0500000000001 75.850000000000009 29.037916666666671 0.055916472294523401 5.0550000000000006 9.6450000000000014 0.44550000000000006 0.60355339059327384 72.850000000000009 -0.21797553435147418 30.125000000000004 29.10916666666667 0.87795195455888941 1.3328977048811199 3.2350000000000008 -0.70710678118654757 3.6750000000000003 0.22030282189147649 1009.35 -0.5 6.5150000000000006 1.7250000000000003
decision_type=2 2 2 2 2 2 2 2 2 2 2 2 2 2 2 2 2 2 2 2 2 2 2 2 2 2 2 2 2 2 2 2 2 2 2 2 2 2 2 2 2 2 2 2 2 2 2 2 2 2 2 2 2 2 2 2 2 2 2 2 2 2 2 2 2 2 2 2 2 2 2 2 2 2 2 2 2 2 2 2 2 2 2 2 2 2 2 2 2
left_child=13 2 3 4 -2 10 -7 8 80 25 11 12 16 17 15 -15 19 18 31 20 21 22 23 -5 26 53 43 28 29 47 -31 -1 71 72 -21 36 38 -38 -36 55 41 -41 48 61 45 46 78 -28 -16 -50 -12 85 -53 -10 -17 56 57 -37 74 60 88 64 63 -63 -24 -49 -64 -51 -57 -55 -71 86 73 -22 -26 -70 -19 -52 -45 -77 -8 -66 -78 -58 -61 -30 -33 -68 -40
right_child=1 -3 -4 5 -6 6 7 -9 9 -11 50 -13 -14 14 42 54 -18 76 -20 34 33 -23 24 -25 58 -27 27 -29 51 30 -32 32 -34 -35 35 39 37 -39 59 40 -42 -43 -44 44 -46 -47 -48 65 49 67 77 52 -54 69 -56 68 83 -59 -60 84 -62 62 66 -65 81 -67 87 -69 75 70 -72 -73 -74 -75 -76 79 82 -79 -80 -81 -82 -83 -84 -85 -86 -87 -88 -89 -90
leaf_value=-0.082905236628952508 -0.14127370167844369 0.018971363876063921 -0.0081848505996380133 -0.0013144554330463661 0.0041170025427626489 -0.043858233913411232 -0.0033867654581048478 0.0014513197991565618 0.00018704680096149915 0.018992069724642263 -0.0065934207212248351 0.0091331630114219117 0.00074817686551237642 0.039635040108531548 -0.0071258795643260944 0.0014503335945994654 -0.00030223786481030655 -0.039869325758918689 0.013311866683862398 0.0031275897318028016 -0.00089933442080189811 0.013438994868039355 0.00069030140761772944 0.0075866160367831703 -0.017196078276771529 0.013507217598950098 0.00072370682543894177 0.003346192046880911 -0.018149593304926451 -7.3415131532602302e-05 0.015010515240479919 -0.013663735712484866 0.0048379306459709328 0.021487826395662112 0.0027165898818130763 -0.004127054042736872 0.0076482303238233004 -0.0027166514208329762 -0.040011075638407785 -0.032990018817957101 -0.031686181764926574 0.0064102629551297486 -0.080293904443636474 -0.00041779547699757484 -0.018896761462349143 0.020136080022378464 0.00082180798580230917 -0.0015606008932346116 0.0052864872071117994 0.0015868090210548456 -0.052611039202604723 -8.2033204002130339e-05 0.0016852695237054597 -0.0086911305372219857 -0.008212083232592508 -0.0018242730242360721 -0.00040611402154223345 0.0030842416501081476 0.00058456933325835739 -0.042030922264524206 0.0016858258726140131 0.0062017088592450633 -0.00029113806436183328 -0.001831492083111382 -0.0016908294626603367 0.00034550264884535795 -0.0012411339897758088 -0.03029028685882287 -0.0073894121920235426 0.00096841936527517815 -0.021904122151849115 0.0032125103432198406 -0.0025197062866551411 -0.02027122579388255 -0.012838821105185359 -0.049219292874550929 -0.087788610885025986 -0.033540231702255507 -0.016933679842958491 -0.062498874299509469 -0.030088126204143219 -0.0066548594458298244 -0.093860276679096771 -0.032118511899978962 -0.029470529829917488 -0.025659481321467534 -0.13036476644723885 -0.040097567806800259 -0.05444297217279398
leaf_weight=489 177 178 102 134 134 179 172 161 123 161 251 161 254 172 193 151 96 221 124 146 149 81 102 116 371 97 78 78 125 83 78 78 111 133 138 111 116 186 90 104 137 78 467 105 90 127 87 132 104 83 229 97 95 245 130 162 78 78 79 419 122 103 84 81 104 81 78 93 126 120 154 78 127 525 121 1222 248 1071 103 196 446 312 1982 110 79 78 121 98 78
leaf_count=489 121 142 86 134 50 139 116 37 95 45 55 121 118 108 141 103 32 113 124 146 133 33 102 116 371 97 78 78 125 83 78 78 111 129 138 111 100 150 90 104 137 78 171 105 78 119 87 132 92 79 137 97 95 241 58 142 78 78 79 399 122 91 84 77 104 81 78 93 78 120 114 78 115 333 121 1022 108 307 87 132 146 304 602 110 67 78 121 98 74
internal_value=0.000722985 0.00125129 0.00110439 0.00102422 0.00584332 0.000897474 0.00270194 0.00161588 0.00096616 0.00273584 0.000563776 0.000904209 0.000780662 -0.000641309 0.000794303 0.00367604 0.000649502 -0.00122223 0.000266678 0.000579145 0.00114849 0.00164003 0.00139208 0.00475725 0.0011049 0.000626206 0.00160023 0.00290284 0.00214534 0.00384008 0.00722426 -0.00056534 0.00128403 -0.000582997 -5.82276e-05 -0.00020462 0.000842274 0.00449404 -0.000348197 -0.000742189 0.00200399 0.00503875 -0.000592407 0.000777218 0.00221472 0.00312318 0.000943478 0.00192355 0.000829703 0.00232315 -0.00130248 0.000185991 0.00218757 -0.000126327 0.000363147 -0.00116635 0.000292795 0.00189399 -0.000965884 -0.00109258 0.000288333 4.56577e-06 0.0010178 0.00311119 -0.000854299 0.000491107 -0.000452707 -7.89428e-05 -0.00149182 -0.000856615 0.000175478 -0.000797361 -0.00119379 -0.0015392 -0.00148642 -0.00169884 -0.00183223 -0.00173672 -0.000709329 -0.00186028 -0.00160299 -0.00154654 -0.00196354 -0.00129155 -0.00190567 -0.00168369 -0.0016762 -0.00162651 -0.00160607
internal_weight=17367 12522 12344 12242 311 11931 1858 1679 1518 900 10073 8522 8361 4845 1393 453 8107 3452 1001 8011 4235 3301 3220 250 2970 739 2399 925 847 452 161 877 388 934 3776 3630 1228 302 926 2402 319 182 940 1474 512 422 295 291 473 280 1551 395 192 642 281 2083 377 189 571 788 290 962 444 184 518 213 260 176 1706 519 274 277 801 674 492 1544 2451 1300 208 1418 618 416 2230 188 498 203 199 176 168
internal_count=12247 9578 9436 9350 171 9179 1150 1011 974 712 8029 7530 7409 2669 845 269 7291 1824 1001 7259 3903 3193 3160 250 2910 667 2339 925 847 452 161 877 388 710 3356 3210 1140 250 890 2070 319 182 576 1414 476 398 279 291 405 264 499 395 192 570 161 1751 377 189 571 752 286 938 428 168 510 213 260 172 1374 475 234 277 581 466 492 1232 823 444 192 1154 262 408 710 188 466 203 199 176 164
is_linear=0
shrinkage=0.0686502


Tree=62
num_leaves=93
num_cat=0
split_feature=25 20 35 19 56 9 20 43 37 33 29 57 37 41 27 37 8 20 30 63 9 43 9 61 40 39 43 37 24 9 25 39 19 56 63 23 23 29 10 27 26 59 10 43 45 43 38 34 0 59 57 44 27 34 59 19 58 57 29 0 53 5 29 37 43 57 59 26 20 11 23 0 27 19 9 6 62 54 9 60 29 24 34 63 49 29 38 29 9 26 10 17
split_gain=2.45899 2.85949 6.47156 1.46828 1.42623 3.64264 1.26145 4.73514 4.71716 1.86141 1.78431 1.35425 0.82713 1.21548 0.773881 0.708707 0.695223 0.895305 1.07826 1.11416 0.769418 1.07028 0.665225 0.647838 0.562101 0.555156 1.06998 0.531026 0.631233 0.570421 0.510059 0.480795 0.434387 0.920053 0.812116 0.628456 0.86837 0.833958 2.46195 0.568187 0.457653 0.418896 0.404817 0.308324 0.279634 0.276522 0.250311 0.221989 0.215475 0.318592 0.205772 0.328692 0.195821 0.192742 0.292107 0.531832 0.307796 0.202465 0.182739 0.175353 0.33883 0.172272 0.168432 0.133495 0.115351 0.345893 0.333751 0.114331 0.113798 0.0914092 0.0878278 0.107877 0.0920639 0.188513 0.125128 0.0874307 0.0850278 0.0798754 0.075056 0.0612474 0.0546026 0.0391804 0.0369828 0.0365405 0.0311133 0.00757033 0.00711932 0.00612173 0.0322405 0.00545411 0.00530504 0.00389917
threshold=31.055000000000003 39.074724070475135 38.954971769902563 40.173096358254703 1006.9500000000002 0.99628894895067466 36.99801120872953 30.100625000000001 37.577565774427967 37.238837256762153 75.65000000000002 1004.85 36.682893089593897 30.260833333333338 87.450000000000017 36.802020283765408 0.60355339059327384 34.865872017581552 83.850000000000009 0.16982304409187068 -0.97505550290239429 28.571875000000006 0.68391308835034159 19.435000000000006 0.11930353445743973 29.879999999999999 30.296875000000004 35.321252563860867 28.455000000000002 0.87795195455888941 29.815000000000001 29.678333333333335 33.341267717402808 1010.4500000000002 1.6769015595718761 28.695000000000004 29.105000000000004 78.850000000000009 -0.52705818521824699 81.450000000000017 79.850000000000009 2.2050000000000005 -0.86092912513210462 30.61729166666667 2087.9725000000003 30.557291666666671 1.4519470938575612 0.192904918173849 4.0550000000000006 2.7450000000000006 1008.2500000000001 0.45223308641116111 80.550000000000011 0.13746711569492695 5.205000000000001 35.165142397194195 5.8250000000000011 1008.0500000000001 66.850000000000009 4.7650000000000006 0.98350000000000015 -0.91597561503675329 85.050000000000011 35.184849089582592 28.024583333333336 1012.2500000000001 6.0450000000000008 75.950000000000017 34.00549985128719 7.5000000000000009 28.435000000000006 7.8550000000000013 82.850000000000009 35.401937526577555 -0.84293373149377071 -0.12940952255126037 35.72193385360746 0.03450000000000001 0.95236875646279973 6.8750000000000009 83.750000000000014 28.055000000000003 0.060151120558841156 -0.7074632218871989 387.15000000000003 83.550000000000011 1.0464094977174752 83.750000000000014 -0.55601228778889811 85.550000000000011 -0.59815875725621337 36.187176240409904
decision_type=2 2 2 2 2 2 2 2 2 2 2 2 2 2 2 2 2 2 2 2 2 2 2 2 2 2 2 2 2 2 2 2 2 2 2 2 2 2 2 2 2 2 2 2 2 2 2 2 2 2 2 2 2 2 2 2 2 2 2 2 2 2 2 2 2 2 2 2 2 2 2 2 2 2 2 2 2 2 2 2 2 2 2 2 2 2 2 2 2 2 2 2
left_child=1 4 -3 -4 5 6 12 8 9 15 11 -9 13 16 25 -8 20 23 63 -20 21 47 -2 52 -16 26 27 28 29 42 53 -32 33 34 -30 46 37 40 39 -39 -37 -27 -6 80 -35 -12 62 -1 49 61 51 -44 -18 54 68 56 -56 70 -52 86 -61 -38 67 -19 81 66 77 -34 -22 -42 -55 72 74 -74 -72 -69 -14 -66 -24 -58 83 -60 -77 -43 -50 -84 -29 -79 -89 -54 -70 -62
right_child=22 2 3 -5 14 -7 7 10 -10 -11 45 -13 76 -15 24 -17 17 18 19 -21 30 -23 78 -25 -26 41 -28 59 32 -31 31 -33 35 44 -36 36 48 38 -40 -41 69 43 50 -45 -46 -47 -48 -49 84 -51 58 -53 89 57 55 -57 79 -59 64 60 91 -63 -64 -65 65 -67 -68 75 90 -71 71 -73 73 -75 -76 82 -78 87 -80 -81 -82 -83 85 -85 -86 -87 -88 88 -90 -91 -92 -93
leaf_value=0.0031791929688741523 0.0099339252525297919 0.014339657544360366 0.0040127953956799259 -0.052650784344189704 0.0014869644940117656 0.022632842549371871 0.0058569863990946209 -0.0012691239754758054 0.022218506695054475 0.0069973925418094557 -0.0145290772466558 -0.0041754353165361999 -0.0019994816457321002 0.0077403996223626512 -0.00047255725972985445 -0.0887513330740555 2.5374672225519093e-05 -0.0005650515027567799 -0.01322325629563828 0.0017684173992272817 0.00010332419044410382 0.037780791007837586 -0.084665647985100359 0.0024625582994218017 0.0026481709519277077 0.0013814261933936839 -0.00042210934469265879 -0.034306311676478018 0.0045614615425853614 0.006504978267861279 0.0057545930989155274 -0.0039991351455568687 0.0013156777620830641 -0.11971591005094734 0.0017722436880058313 0.0051185868191556908 0.0016895236369755449 0.001901903160485974 0.030563716186420595 -0.011378017544370707 0.00010553323197457347 -0.085729880608416895 -0.032553987518982593 0.011372584122884945 0.0041416869791320952 -0.034292593701666825 0.0017026165862356665 -0.028636582678174486 -0.018679245426928046 0.001564438218676241 0.0037479734937505625 0.0046766313485197076 -0.012024631033037938 -0.018698755164458028 0.0029056723551669134 0.0043493723405704709 -0.0012774497647569378 0.0020164500085916989 -0.063916176460659238 0.0015575997033098739 -0.034422284227819393 -0.0055530560931413408 0.0032199432931099229 0.0012631232633670013 -0.044388860646387793 0.013376155007399292 -0.0066065079592270027 -0.00032081282915902076 -0.0075611846176795615 -0.0062926565669039558 -8.3694560916970019e-05 -0.011789918965350451 7.4735583196278266e-05 -0.031099807526678177 -0.0065789607393445821 -0.00090540932984598595 -0.021770245743942002 -0.049037183772783127 -0.020910654980283192 -0.021915647082137585 -0.019811565098272005 -0.022837908617247195 -0.0036128582783298228 -0.070848777487151321 -0.0098037633667333174 -0.0067267439961817953 -0.031518591948551215 -0.03196332881772259 -0.053821754420558393 -0.0038095594346963398 -0.0073432822486808663 -0.0062032165985403615
leaf_weight=78 327 314 354 374 90 118 171 270 123 115 595 250 143 84 105 129 83 95 99 101 86 91 1586 115 113 241 89 523 114 99 90 99 79 122 91 78 97 78 78 95 86 96 138 157 94 290 162 82 149 120 80 160 197 356 102 144 90 97 620 124 125 154 79 92 83 108 79 112 188 97 101 98 112 149 431 78 493 440 373 162 126 86 448 1114 78 78 82 163 78 78 78 78
leaf_count=78 115 118 90 90 90 70 155 74 75 75 187 90 123 84 105 69 83 79 95 93 86 91 346 115 113 133 57 439 114 99 90 91 79 122 91 78 97 78 78 95 86 52 138 69 94 78 154 82 141 120 80 152 193 356 102 144 90 93 620 116 125 154 79 92 83 108 79 112 184 97 101 98 112 149 379 78 193 440 81 150 114 86 448 530 78 78 70 163 78 78 74 66
internal_value=0.00073089 0.00104913 0.00451756 0.000949048 0.000790892 0.00156054 0.00132892 0.00277625 0.00824455 0.00469395 0.000672332 0.00386066 0.000659627 0.00106605 0.000168007 0.00180463 0.000866203 0.00256004 0.00500403 0.00849404 0.000310089 0.00391441 -0.00136566 0.000540309 0.0041871 5.04297e-05 0.000372738 0.000254651 0.00054712 -0.000297497 -6.95007e-05 0.00333592 0.00128067 0.00329796 0.00657572 0.000880541 0.00201509 0.00408661 0.00690582 0.00225661 0.00133252 -0.00102629 -0.000538305 -0.00145685 0.000140197 -0.00119838 -0.000331129 0.000477988 0.000227223 0.00125232 -0.000740763 0.000913392 -0.000890794 -0.000367228 0.000437334 0.00150981 5.87263e-05 -0.000879864 -0.00102807 -0.00124174 2.38403e-05 -0.000123475 -0.000795473 0.00120733 -0.00118529 -0.000681429 -0.00115555 -0.00110107 -0.00106519 -0.000526319 -0.00111814 -0.000742628 -0.00101225 2.46036e-05 -0.0015294 -0.00137829 -0.00161588 -0.00160038 -0.00184523 -0.00121461 -0.00179674 -0.00185386 -0.00170583 -0.00193942 -0.00142266 -0.00191384 -0.00193281 -0.00184633 -0.00145944 -0.00178158 -0.00177222 -0.00168369
internal_weight=17367 15081 1042 728 14039 6275 6157 1943 538 415 1405 520 4214 3578 7764 300 3494 860 387 200 2634 251 2286 473 218 7546 5812 5723 4791 2224 2383 189 2567 421 205 2146 1110 512 251 173 261 1734 2125 1493 216 885 1036 160 598 371 2035 298 358 2194 850 498 354 1344 1737 932 327 251 874 187 1657 951 843 795 352 183 1247 891 793 261 532 716 636 764 1959 252 1336 706 604 1210 227 526 605 681 241 275 266 203
internal_count=12247 11705 298 180 11407 4651 4581 803 374 299 429 164 3778 3462 6756 224 3378 828 359 188 2550 251 542 469 218 6538 5640 5583 4767 2216 2299 181 2551 421 205 2130 1102 512 251 173 261 898 2117 765 216 265 1028 160 590 371 2027 290 354 2118 830 486 342 1288 1737 816 307 251 874 171 1657 951 843 795 344 183 1195 839 741 261 480 716 316 764 427 240 696 706 604 582 219 526 509 681 241 271 258 191
is_linear=0
shrinkage=0.0686502


Tree=63
num_leaves=93
num_cat=0
split_feature=30 37 24 29 61 63 38 1 16 18 19 57 24 34 33 37 62 1 63 37 39 57 1 45 17 8 37 0 9 17 27 59 31 63 25 51 43 37 63 61 43 43 63 29 42 20 0 26 0 22 38 44 37 62 0 61 57 43 43 29 11 18 52 41 34 61 19 16 37 22 38 31 4 9 42 19 38 28 43 21 58 62 41 56 1 40 3 2 61 3 4 4
split_gain=2.5523 2.74895 9.43776 2.11743 5.49706 1.88273 1.46323 1.41579 0.888096 1.54039 0.704273 1.4254 1.44811 0.582079 0.51593 0.740385 0.915025 0.500348 1.25475 0.605195 1.51163 0.834561 0.486636 0.892399 0.480921 0.445042 0.660457 0.417232 0.405784 0.574854 0.675503 1.06354 0.905555 0.745832 0.500769 0.356349 0.553176 0.730541 0.492553 0.882109 0.335778 0.355077 0.682602 0.326706 0.275816 0.268993 0.246056 0.23735 0.224333 0.248392 0.221458 0.314438 0.74338 0.456293 0.324543 0.364974 1.04247 0.219133 0.213534 0.296534 0.210344 0.272811 0.208715 0.201158 0.184469 0.533964 0.182546 0.139685 0.672925 0.126444 0.117523 0.110719 0.104265 0.0923494 0.091199 0.0850557 0.0682115 0.128776 0.0613437 0.0495053 0.0481927 0.048006 0.0337494 0.0331195 0.0305087 0.0195371 0.0116684 0.00706368 0.00584788 0.00533902 0.00445387 0.00425498
threshold=76.950000000000017 37.333938974279064 29.895000000000003 75.65000000000002 2.9150000000000005 2.6500137358357319 0.98547002321747035 27.590000000000003 39.228536274871942 38.69963449484694 36.835077882428742 1006.35 29.485000000000003 0.20640139813306033 38.096148458614948 36.272144563556203 37.916532412416849 3.5950000000000002 2.8766096261262519 35.792310571821801 29.458333333333332 1005.35 0.015000000000000001 2140.4970000000008 35.941691889338166 -0.12940952255126037 35.500314289641956 0.97500000000000009 -0.30081702196488969 33.930805527251209 77.750000000000014 3.2250000000000005 0.036578955464491976 -0.7074632218871989 28.705000000000002 11412.219000000003 28.292500000000004 32.120697366474623 1.1732099592207208 2.3950000000000005 28.686458333333338 28.452291666666671 -0.81231588351836581 77.750000000000014 0.077856699362107359 37.584339300126814 2.2050000000000005 83.850000000000009 5.3850000000000007 28.155000000000005 0.69592008022834273 0.37272595512112855 34.757030302878299 35.973586474532318 1.9450000000000001 0.19500000000000003 1007.85 29.100000000000001 28.963333333333335 77.250000000000014 10.500000000000002 32.722438019323185 0.99250000000000005 27.741666666666671 0.12161018246483173 4.8450000000000006 30.430467311349968 33.793195764266031 31.769263495996395 29.385000000000002 1.5752479935290171 -0.045701407828246936 1007.0500000000001 0.090250774277322809 0.097039510854673702 38.69963449484694 0.98959625717718802 78.950000000000017 26.895833333333336 28.415000000000003 4.455000000000001 35.16637095758599 29.795833333333338 1009.35 7.205000000000001 0.060000000003165035 0.57750000000000001 502.35000000000008 11.845000000000001 0.54550000000000021 1009.2500000000001 1005.6500000000002
decision_type=2 2 2 2 2 2 2 2 2 2 2 2 2 2 2 2 2 2 2 2 2 2 2 2 2 2 2 2 2 2 2 2 2 2 2 2 2 2 2 2 2 2 2 2 2 2 2 2 2 2 2 2 2 2 2 2 2 2 2 2 2 2 2 2 2 2 2 2 2 2 2 2 2 2 2 2 2 2 2 2 2 2 2 2 2 2 2 2 2 2 2 2
left_child=7 14 -3 4 5 45 44 8 9 10 11 12 13 -1 15 16 17 22 19 24 21 -21 23 66 25 40 28 -13 29 43 -31 -32 33 -33 -34 36 78 -38 39 -39 41 62 -43 -27 -5 -4 -37 -35 49 -45 69 52 72 54 -53 56 -56 74 71 -60 76 -62 79 -58 65 80 -2 68 -48 87 88 -30 -52 -41 -42 82 77 -57 -29 -19 -17 -15 -12 -40 -69 -66 -10 -24 -26 -79 -65 -49
right_child=1 2 3 6 -6 -7 -8 -9 86 -11 75 27 -14 81 -16 64 -18 18 -20 20 -22 -23 50 -25 70 26 -28 35 58 30 31 32 34 47 -36 46 37 38 83 73 57 42 -44 48 -46 -47 67 91 -50 -51 51 53 -54 -55 55 60 63 -59 59 -61 61 -63 -64 90 85 -67 -68 84 -70 -71 -72 -73 -74 -75 -76 -77 -78 89 -80 -81 -82 -83 -84 -85 -86 -87 -88 -89 -90 -91 -92 -93
leaf_value=0.0041172461797772805 0.00032188213029953386 0.048952434121435129 -0.0057044762629592126 -0.0049631653170351137 -0.0079724836393645932 0.003437913092588161 0.0086278046512842845 -0.0059300560562396878 -0.082127663380256372 0.027229540879812428 -0.0024482674402029427 -0.00042201023244272431 0.012515693474242766 -0.03553899918029374 -0.0010291663104853963 -0.033626969340823702 0.013288836406539798 -0.002949948790985727 0.0047023459837876695 0.0010873940658300012 0.005981619621622955 -0.0090739101882798563 -0.02968773247524549 0.0025790163704664175 -0.036149316029728672 0.0010426959103522749 0.010357742914423569 -0.035394651128511229 -0.036892412949988927 -0.0013587749289895854 0.02999150484901518 0.0038364231878485074 0.0014887894804144924 0.0034329770657962645 0.0086176077187801597 0.0021073532489481275 0.0045897106658367767 0.010520470305505337 -0.029159716553426283 0.00085930121688051195 -0.0039129974933515329 -0.019468756640268849 0.0073779052997373865 0.00095244141860535551 -0.013751436208367412 -0.0084549877254503445 -0.1066442956658549 -0.020799363901167555 -0.017173206738902578 -0.0015720965271692367 0.00034874190985272643 -0.0011396538501193825 0.0041428581764342059 4.6839617916159317e-05 -0.003786591390717233 -0.00057474820651022768 0.00098823167233818773 0.0015676003778827409 -0.0042223070128140422 0.0035754321684741291 0.0017324543820187795 -0.015608688266416152 0.00066058668031853665 -0.00069436168986428961 -0.0026538467469768021 0.0054477104680176695 -0.057773830201307004 -0.07955455178002814 0.034882571431991423 -0.00059614614337258332 0.00016538439947136839 -4.1311968029478853e-05 -0.017122767478733768 -0.008383300960046464 -0.025805270633371249 -0.037102383818475262 -0.018150358247299402 -0.0029969159949205845 -0.08481372274567088 -0.039541471250903085 -0.0015355568456986966 -0.12262129633659939 -0.031271872812016856 -0.017650879206025403 -0.034110914556473297 -0.022128394495125502 -0.13970055443793264 -0.090752737779694947 -0.0057377290490281414 -0.015039058805413404 -0.031579516905416584 -0.0039075627545960539
leaf_weight=128 79 288 226 212 265 358 231 145 1107 286 201 120 141 95 108 199 78 99 88 87 81 143 354 149 254 103 81 108 216 94 101 107 86 89 82 162 109 158 206 120 80 87 134 93 754 371 273 78 209 92 78 99 107 92 79 145 101 104 88 110 78 105 82 78 135 108 125 930 88 91 90 96 95 108 400 198 636 78 338 134 113 112 946 81 109 458 405 78 80 190 146 138
leaf_count=124 79 148 110 68 93 82 99 117 199 106 113 112 73 95 56 91 50 99 88 87 73 143 354 149 218 103 81 108 216 94 101 107 86 89 82 122 109 118 178 116 80 87 134 93 262 103 273 78 209 92 78 99 107 72 79 145 101 104 88 110 78 105 82 78 83 84 125 654 88 91 82 96 95 68 400 102 616 78 338 134 73 72 310 81 93 290 93 78 76 190 146 138
internal_value=0.000742748 0.00140026 0.00329179 0.00188524 0.00389631 0.00145521 -0.000162341 -0.000309999 -0.000460376 -1.96152e-05 -0.000317019 0.000209636 0.00368731 0.00119859 0.000758593 0.000692685 0.00094867 0.000861906 0.00138374 0.00118835 0.00408554 0.00119362 0.000194008 0.00258262 0.00092074 0.00122913 0.00187912 -0.000358973 0.00159608 0.00225147 0.00341943 0.0041741 0.00301361 0.00125598 0.00724588 -0.000531801 0.000339727 0.00144269 0.000583662 0.00218723 0.000142271 0.00138517 0.00348561 0.000415127 -0.00134144 -0.000898683 -0.00121999 -0.000464636 -0.000476377 0.00124238 -0.00012585 0.00018605 0.00232315 -0.000140196 -0.000394322 -0.000629048 0.00115208 -0.000990169 -3.00719e-05 0.00171558 -0.00121801 0.000905975 -8.11461e-05 -0.000562349 -0.00103635 5.27876e-05 -0.000348879 -0.00151483 -0.000332234 -0.0013894 -0.00123346 -0.00115732 -0.000438427 -0.000527814 -0.00161473 -0.00164554 -0.00159424 -0.000880247 -0.00158094 -0.00114613 -0.00137634 -0.0010322 -0.00187305 -0.00155513 -0.00191968 -0.00181477 -0.00191802 -0.00188225 -0.00183046 -0.00177436 -0.0017187 -0.00170616
internal_weight=17367 10693 2705 2417 1220 955 1197 6674 6529 5017 4731 3386 476 335 7988 7880 6867 6789 3806 3718 311 230 2983 353 3407 2983 1863 2910 1782 1272 775 681 580 412 168 2790 1228 782 673 386 1120 536 221 497 966 597 1562 305 394 185 2630 2107 280 1827 1735 1636 404 584 510 198 1232 183 315 325 1013 420 204 1400 361 523 424 312 173 228 480 1345 1049 413 446 233 312 207 1147 287 1039 593 1512 432 334 268 224 216
internal_count=12247 8385 965 817 388 295 429 3862 3745 3453 3347 2822 364 291 7420 7364 6743 6693 3750 3662 303 230 2943 353 3359 2983 1863 2458 1782 1272 775 681 580 412 168 2346 1116 670 561 302 1120 536 221 497 330 213 1230 305 394 185 2590 2067 280 1787 1715 1616 404 584 510 198 1212 183 315 325 621 248 204 1108 361 523 376 312 173 184 480 525 1029 413 446 233 164 167 423 259 747 373 292 432 294 268 224 216
is_linear=0
shrinkage=0.0686502


Tree=64
num_leaves=85
num_cat=0
split_feature=25 37 43 38 29 61 63 5 57 53 38 19 21 38 28 63 63 45 61 26 34 35 28 59 59 37 38 53 63 28 38 3 20 20 57 37 60 18 22 37 28 16 9 49 29 28 26 63 42 42 52 59 27 28 38 30 0 26 26 26 3 57 53 43 53 53 60 56 9 4 39 2 9 31 9 21 50 4 36 29 24 34 49 45
split_gain=2.58993 2.74917 16.4522 15.4452 4.04077 7.49049 2.32357 0.825499 1.33554 1.705 0.810844 0.730729 1.35498 0.865696 1.67482 0.615104 0.7784 1.17047 1.72784 1.07713 0.639642 1.55317 0.514167 0.454807 1.56782 0.939612 1.12717 0.692953 0.377339 0.361895 0.853249 0.736829 0.392978 0.479891 0.361553 0.458767 0.887181 0.343317 0.738593 0.713254 0.805454 0.429805 0.314883 0.30144 0.530924 0.292485 0.280213 0.376539 0.519216 0.275634 0.412965 0.263189 0.243587 0.500519 0.340273 0.215419 0.196284 0.194766 0.194235 0.192898 0.177564 0.16961 0.444407 0.437871 0.420829 0.147212 0.117907 0.107074 0.075056 0.0733614 0.0642852 0.0637645 0.0633982 0.0510635 0.0410653 0.0311554 0.0271767 0.0230305 0.00675943 0.00671711 0.00658978 0.00615406 0.00604285 0.00538994
threshold=31.055000000000003 37.539401833165101 30.121875000000006 1.0002831876682123 75.65000000000002 2.7250000000000005 2.6500137358357319 -1.0000000180025095e-35 1005.6500000000002 0.85350000000000004 0.79901235281188909 36.382890609094808 29.485000000000003 0.72189022900857258 80.65000000000002 0.87600282443564848 -0.81231588351836581 2182.7470000000003 2.1750000000000003 70.250000000000014 0.068521336776492248 35.864865162000669 81.750000000000014 2.9650000000000003 3.2550000000000003 33.04318495011816 1.1165477061683433 0.97250000000000003 3.6246661090764953 84.550000000000011 0.73880691064607806 0.96050000000000002 33.711440486319844 33.21533705399866 1003.6500000000002 34.427913588785067 12.050000000000002 35.492059788863479 28.745000000000001 34.18873531312677 84.15000000000002 34.509477525900131 0.68391308835034159 393.25000000000006 84.550000000000011 79.550000000000011 83.450000000000017 -0.42813778529169605 0.15095805146679139 0.11273863579166743 0.99350000000000016 7.1850000000000014 78.250000000000014 79.850000000000009 1.4519470938575612 81.750000000000014 5.7950000000000008 81.65000000000002 83.050000000000011 84.850000000000009 0.99750000000000016 1009.35 0.57150000000000001 28.396458333333339 0.99250000000000005 0.52350000000000019 6.3750000000000009 1004.4500000000002 0.95236875646279973 1005.6500000000002 27.773333333333337 174.05000000000004 -0.19244979981841004 -0.74005695162559693 0.89391031859722891 28.475000000000005 724.05833333333351 1006.4500000000002 0.68295827541261256 85.250000000000014 29.525000000000002 0.56134359041151949 387.15000000000003 2417.8620000000005
decision_type=2 2 2 2 2 2 2 2 2 2 2 2 2 2 2 2 2 2 2 2 2 2 2 2 2 2 2 2 2 2 2 2 2 2 2 2 2 2 2 2 2 2 2 2 2 2 2 2 2 2 2 2 2 2 2 2 2 2 2 2 2 2 2 2 2 2 2 2 2 2 2 2 2 2 2 2 2 2 2 2 2 2 2 2
left_child=1 7 3 -3 5 6 69 8 9 -1 46 12 13 14 -11 16 61 18 19 65 21 56 74 49 -25 26 -26 57 52 32 -31 -32 33 -22 -15 36 -36 38 39 80 -41 -40 -2 71 55 -37 60 -48 59 -12 70 82 73 -54 66 -45 77 72 -13 -49 83 62 -9 64 -64 -18 -55 -65 -44 -4 -51 -34 -28 -17 -6 -69 79 -19 -72 -75 -27 -73 -39 -10
right_child=42 2 4 -5 22 -7 -8 15 10 11 23 58 -14 34 -16 28 17 20 -20 -21 29 -23 -24 24 25 37 27 -29 -30 30 31 -33 43 -35 35 45 -38 51 41 40 -42 -43 68 44 -46 -47 47 48 -50 50 -52 -53 53 54 -56 -57 -58 -59 -60 -61 -62 -63 63 67 -66 -67 -68 75 -70 -71 78 81 -74 76 -76 -77 -78 -79 -80 -81 -82 -83 -84 -85
leaf_value=-0.014128503970773519 0.0096590587682281546 -0.028507538290880104 -0.040369599139416443 -0.066004427510173741 -0.013919432144371682 0.0056058261629702583 0.0032106895406492646 0.020072194449892312 -0.0054553688128127584 -0.0021870827398564273 0.0099734297850488027 -0.012439746593841464 0.012348904491621232 -0.02150805877501737 0.007508362684548903 -0.028554131124218871 -0.1527768752407892 -0.026959074808823296 0.0077108301273631046 0.017722223069484799 -0.0024878244962436664 0.0061438186153358262 0.00016870351826054635 0.025566844991654451 0.028244601933272308 -0.0017617454097146835 -0.0023565126118854788 0.012915575020702461 0.0021945146902182049 -0.045601266567531697 0.0027962233581739493 0.0016006700626941932 -0.00076038305822337079 0.016069283489558221 -0.0037909928188565446 0.00010799992180095799 0.004260747789097556 -0.032282930314065109 0.0014276339393160173 -0.0035248159264019089 0.002763516347823119 0.00083656621668462268 -0.071665868548768399 -0.018164746960694648 0.0054384852575717832 -0.036059921330281394 -0.0087958353505037824 0.00054272225167986156 0.0012743169913612415 -0.0026220863822535496 0.0023111689775733787 0.019768114556546784 0.0027295409782135973 -0.055397033584557102 0.0021917435895851094 0.00014266360713925419 0.0033150232408832594 0.00096941040092359378 0.00069335799674624654 -0.0026526158485339138 0.00024652741515978558 -0.090702206937781513 -0.0041093682334417247 -0.0013076076249783908 0.0042951876133050914 0.00046259691422298579 -0.0013751361576579255 -0.10129218288381413 -0.013811783236760843 -0.01786870406760516 -0.020186838804682607 -0.025380505426557891 -0.025505039312486912 -0.057528155402984928 -0.080157036661289302 -0.063764882117881852 -0.030464972472058566 -0.025393641779297125 -0.016247243594021511 -0.0086473517304484389 -0.049793872385702105 -0.16797087502988264 -0.038917249945302573 -0.0057459508778014753
leaf_weight=122 327 163 374 197 1026 251 347 101 670 91 106 191 93 152 132 125 157 82 115 138 79 97 308 147 98 292 78 97 155 167 99 147 109 80 96 96 79 336 82 124 85 103 1586 230 113 145 183 97 116 97 125 99 93 465 119 82 80 78 112 119 155 380 136 108 89 99 156 102 373 210 365 640 112 1006 282 595 111 78 80 90 78 90 83 96
leaf_count=62 115 107 102 97 322 103 79 77 534 91 102 127 81 152 132 101 109 82 111 138 79 85 92 123 98 292 78 97 155 163 99 143 105 80 96 84 79 292 82 124 85 103 346 182 109 141 179 97 116 97 121 99 89 425 119 78 80 78 108 119 123 356 136 96 89 75 152 102 81 110 349 544 112 742 86 459 83 78 80 90 78 70 63 52
internal_value=0.000636028 0.000962652 0.00276353 0.0165479 0.000980524 0.00402954 0.00117755 0.000484946 0.00111161 0.00302033 0.000500249 0.00221321 0.00321015 0.00226923 0.00588318 -3.4922e-05 0.000460471 0.0011631 0.00412273 0.00192771 0.000465177 0.00320777 -0.00124802 0.0012094 0.00178254 0.00120183 0.00384817 0.00205592 -0.000932235 -3.75112e-05 0.00174492 0.00431257 -0.000559732 0.00263323 0.000829925 0.00188203 0.00454219 0.00023878 0.0011663 -3.4776e-05 0.00314936 0.00492453 -0.00151572 -0.000968039 0.000510974 -4.3619e-05 -0.000812089 0.000461806 0.00184556 -0.000187398 -0.000712139 -0.00111862 -0.00116846 -0.00023974 -0.000844797 -0.000938297 0.000205875 0.000225247 -0.000679655 -0.000127564 -0.00152968 -0.000783166 -0.000354879 -0.000786979 0.0018718 -0.000694406 -0.0014949 -0.0015386 -0.00184523 -0.00145922 -0.00153915 -0.00172304 -0.000940978 -0.00174447 -0.00184355 -0.00185121 -0.00188231 -0.00115836 -0.00188741 -0.0019895 -0.00185266 -0.00195446 -0.00187677 -0.00195939
internal_weight=17367 15081 3158 360 2798 1182 931 11923 5410 1309 4101 1187 884 791 223 6513 4193 2682 509 394 2173 337 1616 2665 1892 1745 463 365 2320 1836 413 246 1423 159 568 416 175 1282 764 579 209 185 2286 1264 425 241 1436 515 332 773 667 518 2165 833 740 312 240 268 303 216 921 1511 1131 1030 225 256 621 805 1959 584 542 839 190 1332 1308 697 1207 160 445 1096 370 730 419 766
internal_count=12247 11705 1098 204 894 394 291 10607 4926 1153 3773 1091 856 775 223 5681 3725 2410 433 322 1977 325 500 2553 1804 1681 463 365 1956 1652 405 242 1247 159 552 400 175 1218 764 579 209 185 542 1088 369 225 1220 511 332 749 647 454 1801 785 696 260 240 268 235 216 709 1315 959 882 225 184 577 657 427 212 526 719 190 1016 408 561 915 160 429 832 370 614 355 586
is_linear=0
shrinkage=0.0686502


Tree=65
num_leaves=97
num_cat=0
split_feature=30 9 56 28 10 53 45 63 42 19 18 37 38 19 9 0 16 9 24 44 10 62 47 63 59 28 62 9 20 20 19 38 23 26 30 19 43 10 53 57 43 21 45 26 63 28 3 38 26 59 57 62 35 25 37 44 19 45 55 59 57 18 2 0 49 56 1 1 50 43 20 56 41 16 26 4 23 9 20 28 1 61 19 16 1 49 28 21 1 63 1 61 36 1 1 36
split_gain=2.83439 3.90763 1.97023 3.98229 3.28067 6.23162 1.33437 4.69589 1.38221 1.12879 1.10992 0.769026 0.67856 2.42389 0.677079 0.662295 0.806107 0.645102 1.17329 1.24758 0.570039 1.31453 0.541466 0.540033 1.45996 0.521864 0.486448 0.651712 0.465837 0.87956 0.591004 0.438487 0.422579 0.483075 0.380225 0.344995 0.508012 1.24288 0.751641 0.918459 0.539987 0.335525 0.524986 0.492572 0.850703 0.606964 0.329579 0.329046 0.470916 0.447113 0.840023 0.972573 0.391424 0.377244 0.441762 0.524047 0.535433 0.327014 0.304635 0.298543 0.280452 0.198862 0.175649 0.164864 0.387913 0.164816 0.148594 0.176018 0.127014 0.205285 0.121822 0.263782 0.108294 0.158458 0.0946396 0.0880687 0.0759297 0.0738938 0.0722827 0.0717838 0.0558001 0.0511683 0.0463585 0.0410657 0.0392504 0.0353968 0.0295948 0.0074589 0.00671831 0.00644077 0.00612214 0.00515214 0.00500762 0.00404115 0.00287521 0.000308247
threshold=74.750000000000014 0.99762106698677389 1004.9500000000002 67.950000000000017 -0.5488429582847193 0.87150000000000005 2464.0925000000002 -0.42813778529169605 0.055812167075156224 38.69963449484694 37.80869258257399 34.053868496329862 1.1876957209648367 37.270761845155498 -0.55601228778889811 1.5050000000000001 34.960447480638408 -0.45206801762443477 28.835000000000004 0.62503419999834497 -0.8038981836306559 36.430207188428874 300.60000000000008 -1.3054409261443956 6.2750000000000012 85.450000000000017 37.182892374272377 0.98521098335796142 37.281868690705998 36.924876064418562 38.122139461269981 0.82882029908964927 29.115000000000006 82.950000000000017 85.15000000000002 36.446046846002382 29.100000000000001 -0.99463397642532658 0.71850000000000003 1008.35 29.168541666666673 29.705000000000002 2015.9560000000004 78.450000000000017 1.1399217375444872 78.550000000000011 0.5525000000000001 0.66440063898831869 77.950000000000017 4.1550000000000011 1009.2500000000001 33.958890142852169 34.436141434007247 28.155000000000005 33.40124652676306 0.39506683847002372 35.420154193353959 2283.3255000000004 1005.1500000000002 5.5750000000000011 1006.35 34.101637717017731 93.750000000000014 5.0750000000000011 171.15000000000001 1006.0500000000001 0.10500000000000002 10.565000000000003 170.65000000000015 29.132500000000004 37.324693251298491 1006.5500000000001 28.147500000000001 31.11375015743258 69.950000000000017 1006.5500000000001 29.895000000000003 0.60505046667002438 34.712228589604216 79.65000000000002 5.1150000000000011 10.755000000000001 35.355160927042725 32.013058176300198 0.67500000000000016 12.950000000000001 71.750000000000014 27.955000000000002 7.8050000000000006 1.4615752111407228 11.175000000000002 1.6050000000000002 0.57074937444129514 4.1750000000000007 4.7250000000000005 0.18874861239679977
decision_type=2 2 2 2 2 2 2 2 2 2 2 2 2 2 2 2 2 2 2 2 2 2 2 2 2 2 2 2 2 2 2 2 2 2 2 2 2 2 2 2 2 2 2 2 2 2 2 2 2 2 2 2 2 2 2 2 2 2 2 2 2 2 2 2 2 2 2 2 2 2 2 2 2 2 2 2 2 2 2 2 2 2 2 2 2 2 2 2 2 2 2 2 2 2 2 2
left_child=15 2 3 -2 5 -5 10 -8 -9 25 12 -6 28 17 31 16 74 18 46 -20 21 22 -17 24 -19 34 27 41 29 30 35 -10 33 -21 61 36 47 -38 39 -39 -40 42 83 44 45 -44 -14 63 77 50 51 -50 -53 90 -55 56 60 -52 82 72 -56 -7 -46 87 78 -57 -48 -68 92 -70 71 -12 73 -25 -1 -30 89 88 -65 -45 -62 -16 -13 -22 -67 -37 -28 -4 -49 -42 -51 -43 -63 -59 -24 -77
right_child=1 -3 6 4 11 9 7 8 14 -11 70 58 13 -15 81 20 -18 23 19 32 26 -23 94 59 -26 -27 86 -29 75 -31 -32 -33 -34 -35 -36 85 37 38 40 -41 76 91 43 79 62 -47 66 48 49 53 57 52 -54 54 55 65 -58 93 -60 -61 80 68 -64 64 -66 84 67 -69 69 -71 -72 -73 -74 -75 -76 95 -78 -79 -80 -81 -82 -83 -84 -85 -86 -87 -88 -89 -90 -91 -92 -93 -94 -95 -96 -97
leaf_value=-0.046115578524778961 0.019579513622210654 0.014648185632233725 -0.021566038026229816 0.029012736838302945 0.0025590106746850487 0.0006580480463153044 0.043261170947797398 0.0036803720947077329 0.0032886829592013067 0.013170504321639286 -0.042766889762981458 -0.005380881518724877 0.0021605887124314174 0.023880066611103302 -0.025457558016890518 0.0010211750488971509 -0.0081827643766395636 0.01277871890114613 -0.0022775109262450802 0.0073970239408937023 -0.1433759110754026 0.038563541471902656 -0.12403483161453732 -0.082920614492778807 -0.056638666806696845 0.016376765366693729 -0.0066432137084805878 -0.0057108015198962542 -0.0048937325441042578 0.0029510214583995525 0.0019611115630609305 -0.00084399424658021906 0.008597339926363223 0.012675662087678969 0.0080127185391458203 -0.012553188660813055 -0.0015308436342709811 0.0035656514969566958 0.002005730792069452 -0.0069815235572056366 -0.026157581707588605 -0.12224065768128307 0.0023411131519733941 -0.00028168289061735672 0.0044278627473817844 0.032752860575941595 0.0015251491774953584 -0.037400985437407261 0.0021008981543055721 -0.0013560625548038397 0.0010786335979125739 0.0037903055256420441 -0.0018614247644630532 -0.010184274595533437 0.0019830240889115273 0.00069682488052868856 0.0026150059906366288 -0.0015255614795906479 -0.021683525284744473 0.0009604953102596987 -0.00067185582302988585 -0.001138952305713391 -0.085990034630875331 -0.020971066148194974 0.00096214176353041372 -0.00062942511843375475 -0.025953471456481966 -0.00019952776620916658 -0.017212339688214198 0.0028543838256880369 -0.0065341019768834271 0.0047675741974059372 -0.059855724520916566 0.00075526844554672204 0.0016430540109198331 -0.035395862235020378 -0.00096476632960110079 -0.0095276575098962781 -0.001335829769878731 -0.020708863723657482 -0.014713370958358745 -0.00040683008491714347 -0.034800014905339273 -0.060299155499874371 -0.020248543348100705 -0.035190566786373355 -0.069987419012891752 -0.029568761977775613 -0.022290424818227801 -0.0080681644218692974 -0.0028482641656668267 -0.084335804973777198 -0.014604857410215099 -0.0084188152211315346 -0.005801423845430375 -0.010534907811093699
leaf_weight=82 161 178 78 341 141 107 104 111 92 189 199 151 86 108 299 127 99 95 122 79 386 135 286 89 120 99 240 166 175 176 83 113 104 81 97 310 86 93 114 113 276 621 89 78 78 78 78 307 112 246 128 104 109 90 105 127 78 130 253 131 78 226 110 191 91 78 248 98 124 186 875 138 464 78 79 142 80 132 83 150 87 120 684 78 312 84 1762 424 78 78 78 97 83 78 104 336
leaf_count=78 49 142 78 153 141 107 76 59 92 65 103 147 86 84 183 103 75 91 122 79 386 67 154 89 104 99 84 78 87 116 31 113 104 81 97 250 86 85 114 113 252 313 89 78 78 78 78 303 112 246 128 104 109 90 105 123 78 130 101 127 78 178 110 191 87 78 248 98 120 106 307 90 352 78 79 54 72 132 83 150 87 84 200 78 312 68 414 424 78 74 78 93 79 78 84 152
internal_value=0.000711127 0.00125677 0.00110996 0.00269595 0.00206004 0.00426816 0.000634707 0.00324726 0.00129333 0.00176458 0.000380586 -0.000546439 0.000694515 0.0017832 2.2399e-05 -0.000697969 0.00265842 0.00119887 0.00252773 0.00537664 -0.00089021 0.000983786 -0.000587141 -1.64196e-05 0.00300497 0.00076305 -0.00120245 -0.000421115 0.000298923 0.000533055 0.000350378 0.00325029 0.00801851 0.0102584 0.000186029 0.000243681 0.000428572 0.00193557 0.00102725 0.00454845 -0.000295376 -0.000811239 -2.1871e-05 0.00134308 0.00294178 0.006486 0.000352226 4.55022e-05 0.000452768 0.000944977 0.00239329 0.00487349 0.00209179 0.000190551 0.000880994 0.000394108 0.00245259 -8.21722e-07 -0.0011698 -0.000879801 0.000967145 -0.000349558 -0.0002044 -0.00110148 0 -0.000984391 -0.000426649 -0.00104802 -0.000829196 0.00013756 -0.00154359 -0.00041259 -0.00150383 0 -0.000318673 -0.00141761 -0.00141009 -0.00138164 -0.00128209 -0.00112623 -0.000772971 -0.0015502 -0.0018035 -0.00174694 -0.00168785 -0.00169161 -0.00195262 -0.00190689 -0.00186069 -0.00184335 -0.00182342 -0.00195271 -0.00181202 -0.00169267 -0.00186323 -0.00189925
internal_weight=17367 12522 12344 2842 2681 1452 9502 839 735 1111 8663 1229 7451 1981 624 4845 260 1873 896 386 4585 652 517 977 215 922 3933 1931 5470 4817 4641 205 264 160 823 4558 4164 840 754 206 548 1765 1047 583 355 167 510 3324 2457 1940 661 325 213 1279 955 865 348 336 1088 762 270 726 188 867 365 517 424 346 619 310 1212 337 631 167 161 653 434 517 274 228 165 419 835 464 390 394 2002 502 385 354 324 718 309 208 390 478
internal_count=12247 9578 9436 1642 1593 1004 7794 607 531 851 7187 589 6687 1821 472 2669 232 1737 896 386 2437 408 341 841 195 786 2029 1531 4866 4573 4457 205 264 160 687 4426 4108 796 710 198 512 1453 1047 583 355 167 510 3312 2449 1936 661 325 213 1275 951 861 348 336 448 646 270 590 188 863 361 513 424 346 483 226 500 193 519 167 157 293 398 513 274 228 165 267 347 464 390 318 498 502 381 326 324 406 257 208 238 206
is_linear=0
shrinkage=0.0686502


Tree=66
num_leaves=90
num_cat=0
split_feature=30 9 38 10 9 38 28 33 23 18 53 34 17 21 24 29 4 45 21 37 43 54 56 33 1 61 9 6 59 38 42 28 44 49 50 17 39 26 38 28 4 61 28 31 3 43 43 25 4 29 39 29 26 58 25 9 10 8 37 46 60 61 58 38 0 29 16 28 2 19 35 8 43 1 60 62 48 0 0 25 0 4 38 62 3 26 36 50 16
split_gain=2.28375 4.09737 7.8204 1.6066 6.25733 9.10895 1.254 2.02569 1.18277 1.71325 0.972095 0.949332 0.897812 0.847839 0.754049 0.717639 0.684559 0.61795 0.600427 1.23659 0.537786 0.974025 0.914201 1.23936 0.676946 0.546009 0.617078 0.591087 0.49759 0.522338 0.711236 1.08296 2.25596 2.28107 0.697879 1.02715 0.829229 0.841887 0.67825 0.547823 0.510379 0.637144 0.469876 0.453164 0.34417 0.310664 0.74415 1.27458 0.385899 0.310132 0.269674 0.264128 0.297911 0.662439 0.256168 0.24476 0.270475 0.226872 0.210852 0.198243 0.358095 0.196348 0.189568 0.486532 0.165176 0.144961 0.206364 0.18473 0.140512 0.123455 0.11719 0.25565 0.111121 0.0982736 0.0952315 0.0820838 0.094941 0.078586 0.053283 0.0418083 0.0315314 0.0240674 0.023577 0.0220371 0.0185037 0.00761383 0.00659402 0.00547033 0.00461682
threshold=73.15000000000002 0.99762106698677389 1.1214095984486525 -0.83352489619613901 0.48250327361223927 0.9481729530684343 65.850000000000009 37.457488652009395 30.925000000000004 39.986529123853963 0.50650000000000006 0.96356125006489413 38.787900871040954 31.085000000000004 30.235000000000003 81.250000000000014 1004.6500000000002 2369.1700000000005 30.755000000000006 38.072518973883355 29.100000000000001 0.98650000000000004 1004.5500000000001 36.593498698675717 7.9850000000000012 0.94500000000000006 -0.3171883513140959 -0.78656609248549325 2.2050000000000005 0.60821447212543334 0.28124129616210031 80.850000000000009 0.50665668478749215 3.7500000000000004 0.558333333333485 37.131776584429865 29.528333333333332 80.15000000000002 1.4034266255082783 83.750000000000014 1006.6500000000002 6.6350000000000007 71.750000000000014 0.29387220279669896 0.92250000000000021 29.33979166666667 28.266250000000003 29.025000000000002 1007.0500000000001 84.65000000000002 28.33666666666667 88.450000000000017 85.550000000000011 4.5750000000000011 29.155000000000005 -0.43664718845046341 0.45971571054515326 0.91597561503675351 35.395708840099651 29.405000000000005 4.7250000000000005 1.1150000000000004 5.8850000000000007 0.81038540781895529 3.4350000000000005 77.050000000000011 34.25845271368312 83.050000000000011 662.60000000000002 34.535908233515165 34.203530162817813 0.60355339059327384 29.416458333333342 1.0550000000000004 1.7650000000000003 33.958890142852169 372.15000000000003 6.1850000000000014 2.7850000000000006 29.455000000000002 7.1850000000000014 1008.35 1.2888113727608368 36.224046557987911 0.30550000000000005 85.350000000000009 0.85494289212087005 186.9083333333335 35.142506555316807
decision_type=2 2 2 2 2 2 2 2 2 2 2 2 2 2 2 2 2 2 2 2 2 2 2 2 2 2 2 2 2 2 2 2 2 2 2 2 2 2 2 2 2 2 2 2 2 2 2 2 2 2 2 2 2 2 2 2 2 2 2 2 2 2 2 2 2 2 2 2 2 2 2 2 2 2 2 2 2 2 2 2 2 2 2 2 2 2 2 2 2
left_child=18 3 -3 4 10 -6 7 -5 9 11 -2 12 13 15 20 28 17 -17 19 45 25 22 -22 24 -24 -12 27 -27 55 40 31 32 33 -31 61 36 37 -36 43 42 41 -30 -32 65 -23 46 79 -48 -49 50 -29 52 59 -54 -46 56 -8 64 70 62 -61 84 75 -64 -44 -33 67 -67 -50 -55 71 80 85 -10 -20 76 78 -65 -18 -1 -28 -47 -57 -72 -34 -66 -77 -42 -52
right_child=1 2 -4 6 5 -7 8 -9 73 -11 14 -13 -14 -15 -16 16 51 -19 74 -21 21 44 23 -25 -26 26 58 49 29 30 39 38 34 -35 35 -37 -38 -39 -40 -41 87 -43 57 -45 54 81 47 48 68 -51 88 -53 53 69 -56 82 -58 -59 -60 60 -62 -63 63 77 72 66 -68 -69 -70 -71 83 -73 -74 -75 -76 86 -78 -79 -80 -81 -82 -83 -84 -85 -86 -87 -88 -89 -90
leaf_value=-0.093700144625423643 0.0046352521599425231 -0.059959797303213491 0.016760066103633914 -0.053595016226828329 -0.014099264435945195 0.055259855276252601 -0.010166610057287976 0.00069417927147007066 -0.047942028894044489 0.0017403675278561573 0.0011671043670534696 0.012167605595052153 -0.033708216189426987 -0.0082791148151435765 -0.019146057890996042 0.0032516709073128936 -0.020412935106280769 -0.001040911337950059 -0.11561714605348811 0.030172940427813127 0.011502314728769513 0.014073156078105225 0.0092988516108123299 -0.00087308826377276421 0.00023057912527285509 0.0029544844273280109 -0.034040304139972874 -0.0063091335511852864 -0.0049378472732684491 0.00024128370703541119 0.0030802594961195288 -0.0035193801292619817 -0.01119768580177854 0.0025492513912035806 0.0084516703270997081 0.0047179357211197034 -0.036812924294383015 -0.00072877309911890801 0.015065484209589856 0.0059032710751646044 -0.0095591867856066239 0.0014583171498937281 0.00057187869995838634 0.0023696228890333982 0.0017909010630095484 -0.070319633026436665 0.007073531502559482 0.0027868000555559976 -0.021785833273053296 0.0033814497422222788 -0.011806833922302661 0.0021791435178569411 0.0064327612108308263 -0.016058779305306328 -0.034673202330426957 -0.060599452932898 0.0041994330801485447 0.0017764918683631039 0.0011873238478140504 -0.071040156884914024 0.0017146544472368649 0.002062732937019392 0.0019136332185987592 -0.0020964830304023743 -0.0097185347026204228 -0.0050196143756579348 -0.018844151603222784 0.0003426827016149432 0.00082734890079920432 6.3653589149214029e-05 -0.03785159810860117 0.0023712860741267644 -0.0015889092763117531 -0.014475486616831739 -0.012494096046562582 -0.013582163499389101 0.0005823329822216988 -0.014853734210610498 -0.016232742593794824 -0.057620977960094112 -0.0077484176427024586 -0.0083367886087412114 -0.0071953166066211303 -0.03132780774926941 -0.0036381096421021207 -0.0039833468411220032 -0.0071016555235723844 -0.045791292580711629 -0.0011404706524073469
leaf_weight=425 86 116 105 148 258 237 145 136 974 130 115 118 660 98 390 143 111 132 1413 101 95 103 136 152 79 138 154 83 138 154 145 257 144 196 94 96 147 106 78 103 324 110 122 80 148 399 155 106 236 137 153 121 78 138 234 300 128 109 97 125 85 96 78 78 458 80 132 134 151 78 460 99 153 329 391 1030 120 194 242 78 78 211 110 125 105 78 91 86 78
leaf_count=425 66 104 53 120 118 93 145 48 226 34 107 86 160 30 206 139 111 132 313 49 79 87 136 100 79 122 154 83 78 86 145 237 88 148 94 48 107 106 78 99 244 98 102 76 144 227 155 106 236 137 153 121 78 138 206 184 128 105 97 121 69 80 78 78 458 80 104 134 151 78 460 99 81 125 107 862 120 194 242 78 78 111 98 125 85 78 79 66 74
internal_value=0.000624171 0.00103155 0.0102753 0.000878529 0.00211201 0.00927533 0.000422329 0.00490731 0.000287843 0.000591664 0.000977361 0.000465167 0.000373817 0.000592277 0.000770752 0.000505066 -0.000343656 0.00289909 -0.000896706 -2.88828e-05 0.00118487 0.00249821 0.0047497 0.00315154 0.00649393 0.000455983 0.000122624 0.00188985 0.00105377 0.00136647 0.00174317 0.0025631 0.00390318 0.00848244 0.00185088 0.00365062 0.00187447 0.00474527 0.000548711 0.00040412 -0.000381439 0.00205974 -5.62634e-05 -0.000141829 0.000335046 -0.000457839 0.000202184 0.00174248 1.86139e-05 0.000666725 -0.00051014 -0.000694236 -0.000851008 0.00118601 -0.00060587 -0.000643335 0.00093406 -0.000635067 -0.000901 -0.00113207 0.000851975 -0.000450621 -0.00134954 8.28355e-05 -0.00103545 -0.000796629 0.0001075 0.00143522 -0.000978047 -0.000759004 -0.00122748 -0.000176362 -0.00145108 -0.00163221 -0.0017888 -0.00166712 -0.000884684 -0.0012764 -0.00145537 -0.0017711 -0.0014363 -0.0017093 -0.00170592 -0.00181143 -0.0014786 -0.00191655 -0.00199105 -0.00187277 -0.00172897
internal_weight=17367 13701 221 13480 3635 495 9845 284 9561 8258 3140 8128 8010 7350 3054 7252 2844 275 3666 1862 2664 947 462 367 215 1717 1602 589 4408 3725 3067 1899 1138 350 788 443 347 200 761 1168 658 248 1065 683 485 1761 1151 648 493 451 314 2569 2448 294 382 683 273 920 1013 2154 210 345 1944 350 811 603 346 214 387 216 916 331 689 1303 1804 1594 473 272 353 503 232 610 410 585 249 536 1121 410 231
internal_count=12247 10289 157 10132 3003 211 7129 168 6961 6610 2792 6576 6490 6330 2726 6300 2640 271 1958 1538 2520 831 394 315 215 1689 1582 569 3660 3105 2619 1551 842 234 608 355 307 200 709 1068 486 176 969 631 437 1489 1151 648 493 447 310 2369 2248 294 350 555 273 824 1013 1954 190 253 1764 350 719 555 318 214 387 216 916 331 617 351 420 1414 473 272 353 503 232 338 282 585 173 536 941 310 227
is_linear=0
shrinkage=0.0686502


Tree=67
num_leaves=90
num_cat=0
split_feature=25 37 43 38 29 61 63 63 6 57 39 9 36 36 63 1 0 21 63 61 27 21 34 9 19 56 29 10 61 58 50 60 62 30 54 61 39 0 38 59 23 0 38 30 9 23 9 44 23 28 63 60 42 54 10 21 0 27 30 57 36 26 43 33 57 17 41 41 31 35 60 30 17 34 19 31 9 27 27 30 56 16 3 0 0 57 0 5 59
split_gain=2.33993 2.30381 12.2194 20.0312 2.53442 6.19218 1.06519 0.92851 0.859985 1.06103 1.38757 0.665225 0.554466 0.626745 0.545308 1.18455 0.540149 0.696222 0.509898 0.711191 2.4068 0.592703 0.506507 0.50331 0.479918 0.752968 1.16883 0.56957 0.386161 0.382713 0.374644 0.363419 0.327489 0.433904 0.579505 0.32086 0.497076 0.404567 0.32594 0.892511 0.852182 0.37676 0.352664 0.837604 0.79008 0.318304 0.315925 0.308223 0.391145 0.289905 0.282409 0.232756 0.892728 0.238225 0.224615 0.185286 0.174911 0.1736 0.263935 0.289605 0.171338 0.328371 0.751593 0.165039 0.159864 0.359608 0.292221 0.528327 0.202086 0.154933 0.137532 0.133537 0.103133 0.104612 0.190859 0.0884989 0.075056 0.0631136 0.0405436 0.0363425 0.0351024 0.0281649 0.0270249 0.0240159 0.0230305 0.0225037 0.0223323 0.00466162 0.00345025
threshold=31.055000000000003 37.475609673578198 30.121875000000006 1.0002831876682123 75.450000000000017 2.7250000000000005 2.6500137358357319 1.1399217375444872 1.0000000180025095e-35 1005.6500000000002 29.913333333333338 0.68391308835034159 0.12999368932003844 0.18103051340511131 2.9461420074303342 3.5950000000000002 1.5850000000000002 29.145000000000003 -0.33325926105717935 8.7550000000000008 79.450000000000017 30.545000000000005 0.45663153335096424 0.88606241628642846 35.036983577144852 1009.9500000000002 80.750000000000014 0.2843486543654084 7.1350000000000007 4.785000000000001 1.4583333333333905 1.6850000000000003 34.934142436455552 82.250000000000014 0.96850000000000003 10.565000000000003 28.923333333333332 2.7850000000000006 1.26222844575736 6.9050000000000011 27.735000000000003 5.4450000000000012 0.96600648461781591 83.850000000000009 -0.49750868180287638 28.995000000000001 0.7086201161944764 0.8247555083251672 28.135000000000002 80.65000000000002 0.15139937243204574 3.8050000000000002 0.41429860375623628 0.75050000000000006 -0.42108527284769387 29.185000000000006 3.5250000000000004 83.950000000000017 81.950000000000017 1006.85 0.3756481753047311 80.050000000000011 28.316458333333337 35.66415438539115 1009.35 34.673149902681182 28.749166666666671 28.882500000000004 -0.27161592469006018 35.073494181205454 14.410000000000002 84.350000000000009 34.147643356530509 0.14096171170370983 36.762263869003966 -1.0669557741246114 0.95236875646279973 79.450000000000017 79.550000000000011 84.050000000000011 1005.2500000000001 33.250077741236581 0.93950000000000011 6.7650000000000006 5.6150000000000011 1008.0500000000001 7.245000000000001 -0.37940952255126059 4.6350000000000007
decision_type=2 2 2 2 2 2 2 2 2 2 2 2 2 2 2 2 2 2 2 2 2 2 2 2 2 2 2 2 2 2 2 2 2 2 2 2 2 2 2 2 2 2 2 2 2 2 2 2 2 2 2 2 2 2 2 2 2 2 2 2 2 2 2 2 2 2 2 2 2 2 2 2 2 2 2 2 2 2 2 2 2 2 2 2 2 2 2 2 2
left_child=1 7 3 -3 5 6 29 8 9 10 12 -2 84 -14 51 47 -10 35 21 24 -21 30 32 28 25 26 27 -20 -6 -4 49 -28 86 63 -35 36 37 -18 41 40 -40 78 43 44 -43 -22 -27 48 -16 -11 -33 55 53 -53 -41 60 -26 79 59 -59 61 62 -9 -34 65 66 68 -68 -32 -55 -60 -63 -19 74 88 -62 -13 -58 -39 -37 -57 -44 -67 -45 -1 -71 -15 -49 -74
right_child=11 2 4 -5 23 -7 -8 14 16 18 -12 76 13 22 15 -17 17 72 19 20 45 -23 -24 -25 56 46 31 -29 -30 -31 64 50 33 34 -36 57 -38 38 39 54 -42 42 81 83 -46 -47 -48 87 -50 -51 -52 52 -54 69 -56 80 77 58 70 -61 75 71 -64 -65 -66 82 67 -69 -70 85 -72 -73 73 -75 -76 -77 -78 -79 -80 -81 -82 -83 -84 -85 -86 -87 -88 -89 -90
leaf_value=-0.0063612574261403968 0.0072062892456477038 -0.0077586784551350102 -0.0054255057188972791 -0.069362875160389928 -0.013752162682452116 0.0060471825619778903 0.0014146953937786086 -0.075631302486684676 0.0039279416099723945 0.0018885763620025457 0.0052388553267095211 -0.060891197028012198 0.00076322098384248925 -0.0031275044896766991 0.0086950021492744368 0.0043249606767453846 0.0024534742330421977 -0.020776789962654776 0.008575212588051254 0.005424318812608569 0.00025856552781280137 0.03534268349043157 0.014762910509227782 0.0015250528234205659 0.011440870002966971 -0.026728507304575936 0.0048439185687869793 0.0015073296564820158 -0.0064321686703843429 -0.020483661335578541 0.0033849114431077965 0.0013201889756519897 0.0021028908656076694 0.0037532692077193812 0.00094573718256252357 -0.022177961760610768 0.0023917671484810759 -0.0058933896358050802 0.021308247656182628 -0.0020679073404421332 0.00023943134134189452 0.021545316566027414 -0.018578154478467418 -0.007123885082526293 0.00074723022307727029 -0.003694868348336914 -0.001501794155601324 -0.0050814589099424283 -0.0035614346270238123 -0.0098018999491205662 -0.030229130065900927 0.00018447680193300762 0.0015513603344646599 0.00012461495611475776 -0.05793628976020631 -0.0043377152847722741 -0.001133080267529699 -0.0029324301296749272 0.00038617546953970355 0.00045880253323027777 -0.001447335096723209 -0.0033825811226479196 0.0071225385713906651 -0.030053596201196284 -0.053334204384895591 -0.026600222018416084 0.0017938491814488854 -0.0014624537986853586 -0.0075217349252764184 -0.0096660506104271036 -0.0036543156494642844 1.7414029916035438e-05 -0.0044422764390603517 -0.04527213767994652 0.0032059630404255267 -0.039592534570107453 -0.0091181738393832264 -0.00083499204827086647 -0.018454584967788037 -0.015990157301265719 -0.057145197490599854 -0.032690569517638386 -0.03515461508882313 -0.0076255309289478719 -0.0031557786225140491 -0.019954540186885115 -0.00086749174819463891 -0.069852425557262468 -0.00091208767469784676
leaf_weight=82 327 203 209 198 942 287 332 104 185 107 144 1586 125 78 78 108 136 139 102 79 80 90 109 353 128 219 102 130 404 433 104 102 97 85 114 264 130 78 146 78 146 80 78 78 99 97 80 78 128 86 163 170 127 111 214 97 220 124 111 81 129 207 87 88 322 102 79 143 164 434 195 82 132 722 103 348 373 146 362 80 861 119 321 88 78 122 78 155 82
leaf_count=82 115 131 101 98 270 115 76 104 113 87 76 346 117 78 78 104 136 135 98 79 80 46 105 109 96 219 102 130 148 133 104 98 97 77 114 260 130 78 146 78 146 80 78 78 99 97 80 78 128 86 159 150 119 111 214 69 112 108 111 81 129 207 87 60 322 74 79 143 164 362 195 82 88 494 63 348 81 138 362 80 649 119 257 88 78 110 78 155 82
internal_value=0.000679507 0.000989962 0.00257444 0.0137993 0.00104604 0.00337661 0.000753339 0.000534869 0.000927737 0.00161063 0.00347144 -0.00136566 0.00248816 0.00324943 -0.000414692 0.00156643 0.000210523 3.5052e-05 0.000974107 0.00180982 0.00513171 6.2535e-05 0.0023699 -0.000682045 0.00119049 0.0021359 0.00353907 0.00734144 -0.0012892 -0.000873174 -0.000276822 0.00110195 0.00148652 0.00256549 0.00477922 0.000646405 0.0011594 0.000840842 0.000523123 0.00180632 0.00448342 -0.000236226 0.000968165 0.0022935 0.00553723 0.000620965 -0.000661284 -1.46571e-05 0.00190093 0.00251879 -0.000225203 -0.000793503 7.13975e-05 -0.000739692 -0.000861879 -0.00123134 -0.000518789 -0.0004468 0.000347519 0.00225266 -0.000546802 0.000359915 0.00256637 0.000137732 -0.000720349 -0.000248795 0.00100914 0.00284631 -0.000500414 -0.00132835 -0.000916416 -0.00108587 -0.0013541 -0.00158977 -0.000524737 -0.00146846 -0.00184523 -0.00128991 -0.00172994 -0.00163836 -0.00190787 -0.00132638 -0.00171675 -0.00119065 -0.00115836 -0.00179852 -0.00113547 -0.00173179 -0.00170288
internal_weight=17367 15081 3361 401 2960 1261 974 11720 8294 4244 1078 2286 934 774 3426 547 4050 3865 3166 1648 256 1518 649 1699 1392 898 599 232 1346 642 1428 367 540 384 199 2687 1832 1702 1566 584 292 982 542 345 179 177 299 439 206 193 265 2879 964 837 292 1915 494 855 511 205 957 480 191 185 1235 913 490 222 268 667 306 289 1178 1039 317 477 1959 366 440 344 958 197 423 166 160 556 156 233 214
internal_count=12247 11705 1181 229 952 425 310 10524 7454 3812 962 542 886 726 3070 543 3642 3529 2850 1488 256 1362 609 527 1232 886 587 228 418 234 1316 359 504 348 191 2667 1832 1702 1566 584 292 982 542 345 179 177 299 439 206 173 257 2527 852 733 292 1675 346 835 495 189 957 480 191 157 1143 821 490 222 268 583 306 289 862 727 233 477 427 250 440 340 718 197 331 166 160 472 156 233 170
is_linear=0
shrinkage=0.0686502


Tree=68
num_leaves=89
num_cat=0
split_feature=30 9 28 19 38 62 9 0 41 23 23 4 62 16 60 23 19 55 38 24 63 63 63 21 52 38 45 36 9 63 20 59 58 31 20 1 43 60 54 53 62 44 59 58 60 61 58 19 52 23 18 63 7 8 58 0 9 44 50 45 9 28 29 1 32 38 1 58 9 63 63 54 61 18 60 9 16 57 29 21 24 50 0 8 61 30 61 31
split_gain=2.26628 3.90336 1.66243 4.19348 1.56026 6.75862 8.38488 10.4496 1.18289 1.17325 1.55537 1.02257 2.55876 1.00414 0.977338 1.33112 0.689633 1.03699 0.684367 1.06748 0.658949 0.656214 0.622898 1.14679 0.623605 0.650172 0.626074 1.5968 0.620652 0.57959 0.569991 0.728166 1.32636 0.958942 0.496757 0.451403 0.604213 0.447809 0.755288 0.406024 1.08668 0.401855 0.399585 0.397218 0.518479 0.683057 0.703745 0.901297 0.372704 0.355628 1.56404 0.322487 0.359843 0.304182 0.301113 0.294034 0.288494 0.285632 0.282638 0.372068 0.388926 0.282113 0.358747 0.26197 0.259786 0.239937 0.207086 0.192824 0.182231 0.32954 0.119736 0.25682 0.124381 0.10403 0.0875962 0.083887 0.0715988 0.066982 0.0822988 0.0590287 0.0547406 0.046947 0.0274654 0.026722 0.0187849 0.00688243 0.00596519 0.00262704
threshold=74.750000000000014 0.99762106698677389 66.450000000000017 37.231496986239947 1.0093519167493918 36.140719025605762 0.51236666743397874 5.205000000000001 30.580833333333338 30.735000000000003 30.635000000000002 1004.4500000000002 37.182892374272377 37.861861874737919 2.8250000000000006 30.685000000000006 36.01866240736458 1006.1500000000002 0.71913149285497824 29.665000000000003 -1.3054409261443956 -0.55956683465378443 0.49718822972316806 30.065000000000001 0.99750000000000016 0.50807098795868721 2400.5750000000007 0.17827478558085816 -0.72660079619119988 3.7436686099527994 34.219199286314158 3.8950000000000005 5.9350000000000014 -0.18550191487332054 35.422325254863274 2.0250000000000004 29.391041666666673 0.015000000000000001 0.83050000000000013 0.029500000000000002 31.040626570512618 0.45016502605504077 6.6050000000000013 5.6750000000000007 11.495000000000003 8.7550000000000008 3.3750000000000004 33.372487665684638 0.99250000000000005 28.925000000000004 35.492059788863479 0.061885912423814922 -0.25881904510252113 0.91597561503675351 4.3750000000000009 6.3350000000000009 -0.65189295912203338 0.3291775718715963 6.6166666666667249 2468.159000000001 0.97109105924028427 82.950000000000017 80.550000000000011 17.075000000000003 -0.84500000000000053 0.48886375481829447 7.705000000000001 5.5050000000000008 0.7086201161944764 1.2316242542609823 1.4772290972054416 0.28450000000000003 0.19500000000000003 35.401937526577555 3.4050000000000007 -0.52707282776374165 33.654281431059367 1008.9500000000002 75.450000000000017 30.635000000000002 29.365000000000006 31.716666666666828 4.9750000000000005 0.91597561503675351 6.2150000000000007 83.450000000000017 7.9050000000000011 0.33848317085310248
decision_type=2 2 2 2 2 2 2 2 2 2 2 2 2 2 2 2 2 2 2 2 2 2 2 2 2 2 2 2 2 2 2 2 2 2 2 2 2 2 2 2 2 2 2 2 2 2 2 2 2 2 2 2 2 2 2 2 2 2 2 2 2 2 2 2 2 2 2 2 2 2 2 2 2 2 2 2 2 2 2 2 2 2 2 2 2 2 2 2
left_child=14 2 3 -2 9 29 7 -7 -8 10 11 12 21 20 16 18 17 -1 80 28 63 -4 23 24 25 66 30 -28 34 35 31 33 -33 -27 -20 37 43 38 54 40 -19 57 58 44 45 46 76 -48 -23 74 -51 55 -53 73 -6 86 -49 -29 59 60 61 77 -63 83 -41 -60 -22 -11 75 -70 71 -39 -73 -26 -45 -66 -37 -24 -79 -18 -16 -67 -46 -13 -83 -74 -32 -30
right_child=1 -3 4 -5 5 6 8 -9 -10 67 -12 13 -14 -15 15 -17 79 39 19 -21 22 48 42 -25 53 26 27 41 87 -31 51 32 -34 -35 -36 36 -38 70 -40 64 -42 -43 -44 49 82 -47 47 56 -50 50 -52 52 -54 -55 -56 -57 -58 -59 65 -61 -62 62 -64 -65 68 81 -68 -69 69 -71 -72 72 85 -75 -76 -77 -78 78 -80 -81 -82 84 -84 -85 -86 -87 -88 -89
leaf_value=0.003787636206387915 -0.041619194777721934 0.017253778720384392 0.0034396241926211058 0.0032377928891436708 0.00070634679450134064 -0.05333933749413771 0.0029931713781627808 -0.033821564430925023 -0.026697164767120824 -0.012793344055124459 0.0042985121581257963 -0.046447963007741823 0.002736311478477629 -0.029973318788838972 -0.010715445708904479 0.028361837264259716 -0.020793823467665878 0.010718358871052004 0.0015251528046589709 0.0077909498842796089 -0.0045705662605697011 -0.015491979401408954 -0.024684911406899976 0.0044277840470668328 -0.0035969613554461522 0.0032775496845119509 -5.2804993040120652e-05 0.0027507406086331567 -0.0027121385241563323 0.0042174625139494056 -0.0018142834848952774 -0.0011941463786802565 0.015475629180828253 0.0066602077910024931 -0.0027279795924084389 -0.0005771694701039847 0.018227208093059912 0.00034042035319515419 0.019046594409419599 0.0019303300117565977 -0.086286534011817601 0.0030736146704808303 0.00092344060824018715 -0.00073554166975980798 -0.0055355576402792298 0.00401689409092081 0.0028269226021163571 0.00079372852948437979 0.00036436945404783229 0.0079850754815751768 -0.024807978001232057 0.0020018189701400172 -0.017575798061798358 0.0014324421816393693 -0.045559013336862124 0.00072016771987788285 -0.015322558921704886 -0.0074769441698613326 0.0018242921259297772 0.0026068862793112049 0.0023941964952927377 0.0019497236990354476 -0.010421208023208431 0.0014805040247946127 -0.038084963398349665 -0.0017517031066107303 0.00046125864935447653 -0.014226814261691655 0.010265443878335459 -0.037343533296031461 -0.036736832925461038 0.00012844316399276135 -0.020164862329042074 -0.0011872405750258557 -0.034008438757012961 -0.065174419740105211 -0.012194469975979826 0.0002093255298944037 -0.058031728198953046 -0.064851219073183627 -0.056448357593183084 -0.038763711097711276 -0.00026481617935981706 -0.013131304553584232 -0.0016193051388917205 -0.065103300111857679 -0.030585194925400072 -0.12465129696518391
leaf_weight=127 177 178 129 134 97 188 345 153 223 963 134 495 126 729 120 181 336 86 78 143 212 239 260 108 318 78 112 98 96 134 233 186 95 94 78 78 173 155 88 113 115 102 79 82 113 102 113 98 157 106 210 84 83 117 161 108 85 126 129 87 80 101 92 132 94 118 110 297 125 141 425 130 328 157 375 740 149 117 84 1712 376 469 78 111 139 78 78 184
leaf_count=87 129 142 129 42 97 80 149 109 67 271 42 391 42 237 112 69 120 86 78 103 196 175 232 56 318 78 100 98 84 94 185 186 95 94 78 78 153 155 88 113 115 94 79 82 113 102 109 98 141 106 198 84 75 113 137 104 73 110 129 87 76 97 88 120 94 114 98 73 93 93 353 130 320 133 375 724 149 113 84 364 132 453 78 87 139 78 78 124
internal_value=0.000774369 0.00126225 0.00111552 0.00606304 0.000986501 0.00204119 0.00728804 0.0157761 0.00215606 0.000406065 0.000777965 0.000622196 0.00319808 0.00032744 -0.000485493 0.00115983 -0.00106297 3.08924e-05 0.000234315 0.00183962 0.000675913 0.00106594 0.00100511 0.00170097 0.00138291 0.00201912 0.00262883 0.00480915 0.000132464 0.000616813 0.0016993 0.00352497 0.00133539 0.00703127 0.00359473 0.000430025 0.00117039 -0.000458969 0.00168821 -0.000501694 0.00233787 0.00233643 1.07131e-05 0.000744761 0.00180091 0.00275877 0.00173236 0.00393382 -0.000311613 -0.000364688 0.0013936 0.000273935 0.00281792 -0.000541857 -0.000175711 -0.000733794 0.000905975 0.00067117 -0.000212977 0.000692318 0.000177737 -0.000371198 0.00181266 -0.00121287 -0.000978731 -0.00108806 -0.000760712 -0.0015088 -0.00130415 0.000242333 -0.00113066 -0.000560554 -0.00127787 -0.00132189 -0.00159242 -0.0018032 -0.00112214 -0.00129955 -0.000323529 -0.00188803 -0.00162904 -0.0015764 -0.00130353 -0.00182001 -0.00182079 -0.00187094 -0.0018136 -0.00178651
internal_weight=17367 12522 12344 311 12033 4267 909 341 568 7766 6506 6372 651 5721 4845 1256 3589 1541 1075 579 4992 525 4254 2499 2391 1799 1477 438 436 3358 1039 453 281 172 156 3224 1762 1462 346 1414 201 326 1755 1589 816 625 523 296 396 773 316 586 167 592 258 419 183 224 1676 821 734 654 193 738 1213 855 322 1260 1100 266 1116 691 536 475 457 834 227 461 201 2048 496 726 191 606 608 406 311 280
internal_count=12247 9578 9436 171 9265 3571 405 189 216 5694 5350 5308 487 4821 2669 780 1889 1405 711 467 4584 445 3986 2295 2239 1675 1381 402 364 3166 979 453 281 172 156 3072 1714 1358 322 1318 201 302 1691 1561 800 609 507 280 316 761 304 526 159 564 234 367 171 208 1612 777 690 614 185 598 1117 835 294 344 1004 186 1036 683 528 451 457 818 227 429 197 484 244 706 191 478 592 398 263 208
is_linear=0
shrinkage=0.0686502


Tree=69
num_leaves=92
num_cat=0
split_feature=25 9 38 56 38 20 9 8 25 44 28 16 45 25 54 63 20 27 9 63 25 42 30 56 20 16 6 44 17 39 34 27 63 60 1 19 59 9 45 58 43 16 17 37 42 45 44 44 38 0 61 57 44 39 1 24 60 38 52 41 43 9 57 38 63 3 39 61 24 53 9 24 19 59 30 53 41 20 53 9 28 4 1 0 56 57 1 1 19 4 0
split_gain=2.57879 3.27969 9.75606 1.88352 2.41048 7.71184 19.0133 1.28629 2.15865 4.17891 1.07974 1.01263 1.17734 0.95047 0.738024 1.34805 1.84863 0.72366 0.621314 1.32615 0.554255 0.859786 2.47975 0.824389 0.955719 0.885905 0.778074 0.531689 0.516429 0.52155 0.634826 0.599513 0.482272 0.461236 0.595884 0.409996 2.20479 0.522169 0.486818 0.39773 0.370608 0.335241 0.307988 0.979541 0.275802 0.269756 0.358984 0.260654 0.95529 0.627532 0.245042 0.237239 0.365462 0.225792 0.21502 0.245099 0.204555 0.201599 0.199028 0.327631 0.848601 0.202101 0.198312 0.242213 0.307582 0.194974 0.184342 0.171205 0.168723 0.161111 0.160255 0.145812 0.13872 0.104839 0.101326 0.0847247 0.0734461 0.0700991 0.0885391 0.0651483 0.034504 0.0315314 0.0287164 0.0274136 0.00883694 0.0110469 0.00784776 0.00640141 0.00617924 0.00452236 0.00445387
threshold=31.255000000000006 0.99762106698677389 1.1434941313596305 1006.9500000000002 0.98122844800202047 37.388537980557217 0.58429276287313725 0.91597561503675351 30.105000000000004 0.42996102768206429 67.550000000000011 36.545644731805467 2478.3935000000006 29.855000000000004 0.93350000000000011 0.76846578080988703 35.7673070941403 83.65000000000002 -0.98211651112579568 -0.015617184670333016 29.095000000000002 0.58588678758186208 77.450000000000017 1010.35 30.80841027971929 30.285479655074145 0.91597561503675351 0.79738152571789767 31.693980863656456 28.684999999999999 0.06500129878700768 87.15000000000002 -0.18383546477755527 3.2350000000000008 2.1150000000000007 35.204338757574277 7.4250000000000007 -0.97873101657557326 2407.4065000000005 5.0550000000000006 29.100000000000001 37.23358163782752 35.314206084572056 35.855964918841522 0.20426289988129243 2140.4970000000008 0.62503419999834497 0.61930813989085431 1.3736721221695782 6.245000000000001 0.67500000000000016 1005.2500000000001 0.42269408534070618 28.923333333333332 0.39500000000000007 28.705000000000002 1.0850000000000002 0.54361494540607802 0.61350000000000005 29.695833333333336 29.255208333333336 0.88606241628642846 1008.2500000000001 0.85022938877349996 1.1399217375444872 0.24450000000000002 28.554999999999996 8.0950000000000006 28.215000000000003 0.41050000000000003 0.012910176522261693 28.605000000000004 36.733921336401785 1.5850000000000002 75.15000000000002 0.99150000000000016 28.570000000000004 32.88154013060042 0.96250000000000002 0.93535928755917841 79.250000000000014 1006.7500000000001 3.9850000000000008 5.4050000000000011 1007.2500000000001 1006.35 0.25500000000000006 1.2650000000000003 35.670266704982858 1010.35 6.8750000000000009
decision_type=2 2 2 2 2 2 2 2 2 2 2 2 2 2 2 2 2 2 2 2 2 2 2 2 2 2 2 2 2 2 2 2 2 2 2 2 2 2 2 2 2 2 2 2 2 2 2 2 2 2 2 2 2 2 2 2 2 2 2 2 2 2 2 2 2 2 2 2 2 2 2 2 2 2 2 2 2 2 2 2 2 2 2 2 2 2 2 2 2 2 2
left_child=1 3 -3 4 7 14 -7 10 9 17 -1 13 67 35 15 16 -6 -9 19 44 23 26 32 24 25 39 58 28 -26 31 -31 62 -23 34 50 37 42 38 -12 -20 68 -17 66 -44 -5 75 80 51 49 -49 -32 -16 -53 -35 55 -48 -2 -45 59 60 65 73 87 82 -65 -22 -37 79 -39 -61 -56 -54 -50 -60 -29 86 -75 -70 -79 83 -47 -55 -64 -13 85 -78 -25 -30 -76 -34 -73
right_child=56 2 -4 18 5 6 -8 8 -10 -11 11 12 -14 -15 47 41 -18 -19 20 -21 21 22 -24 45 27 -27 -28 74 29 30 33 -33 89 53 -36 36 -38 40 -40 -41 -42 -43 43 57 -46 46 54 48 72 -51 -52 52 71 81 70 -57 -58 -59 61 69 -62 -63 63 64 -66 -67 -68 -69 77 -71 -72 90 -74 76 88 -77 84 78 -80 -81 -82 -83 -84 -85 -86 -87 -88 -89 -90 -91 -92
leaf_value=0.0025011387334889015 -0.059517433796064029 -0.056027868219174548 0.018503501030955809 -0.0047917839075205075 -0.0004753119343342898 0.053147496603260694 -0.0010150506814562423 -0.00010823953330494181 -0.005175374224869792 0.0020378398842395861 -0.014086495844811534 -0.011131197088351667 -0.00022718595622327881 0.0031296037130232306 -0.019305986047439817 0.0011663042696991289 0.016602097937863304 0.0036433695372659193 -0.019592050452486406 0.0036820773779671547 -0.0021402734580499381 0.00050963940351397407 0.0048961661775223679 -0.040002904346843664 0.00646893595472375 0.0084966203419487504 0.00023251232232645476 -0.0031266905691867495 -0.016040392448915898 0.0015361533280726627 0.0012088865573428003 -0.00135845728932695 -0.17196835201059493 0.00042373970071705287 0.034052610864665454 0.0016883347101823633 0.0038176448269935746 7.6412184028494862e-06 -0.0028738931102951859 -0.0033895798217104768 0.00076874258418076615 -0.040605176170237609 0.0033658121370103385 0.0010340622974644225 0.001371582156581906 -0.0025108011393025183 -0.00080919328062747248 0.00062897952894037132 -0.017460248672717185 0.012885644229774881 -0.00086952153939571402 -0.0016422326635802309 -0.00014373595471695342 -0.011009005591503817 0.0012289280008198874 9.4978709592805397e-05 -0.0032634864092722683 -0.018669371513553978 -0.021858077731652079 -0.060335900523658913 0.016274351942585721 0.0013414985466701839 -0.0171116354871714 0.0034077329812759647 -0.00012292492788126391 -0.03565387889473827 -0.022754154533859886 -0.00015850457229615636 -0.0013580818269795414 -0.0060945227976676496 -0.0219547714388315 -0.021652483362915861 0.0073340685168899354 -0.068191651262790781 -0.036922235465804504 -0.067639097470643131 -0.079205598034897989 -0.0024560015675206591 -0.0057652484166339632 -0.027511635828883239 -0.03009662502924151 -0.0081062310835500785 -0.0036457228839032576 -0.0041362329067363901 -0.018926730942651203 -0.035483689331238515 -0.05889181909383695 -0.017211392614615212 -0.073813070811878115 -0.022877734020854881 -0.025935473552909056
leaf_weight=188 1333 177 121 131 161 297 437 106 253 108 88 1109 300 137 332 144 116 88 81 116 111 107 96 519 97 151 166 100 78 131 127 79 192 152 84 89 82 148 78 78 97 200 92 118 97 78 82 80 191 78 128 100 125 78 78 107 440 124 175 418 102 169 124 116 106 187 195 235 78 118 91 146 78 105 251 83 130 139 501 248 197 154 78 239 1407 127 78 272 78 83 78
leaf_count=60 249 125 53 131 141 149 133 82 65 60 88 381 112 121 332 124 84 84 81 116 111 59 52 519 97 151 110 100 78 131 127 79 172 152 84 89 82 148 78 78 97 76 92 94 97 78 82 80 183 78 128 100 113 78 78 107 144 124 111 202 82 141 124 116 106 187 195 131 78 70 91 118 78 105 243 83 78 139 501 80 197 154 78 83 923 79 78 272 66 83 78
internal_value=0.000849468 0.00113176 0.00824977 0.00099198 0.00177859 0.00348102 0.00941896 0.000875231 0.00398178 0.00788763 0.000470447 0.000234742 -0.000800131 0.00135888 0.00108967 0.00301032 0.00656177 0.00179285 0.000253352 0.00310103 0.000122329 -0.000477817 0.00223145 0.000698422 0.00142009 0.00498698 -0.000883067 0.000919686 0.00143747 0.00115382 0.00235169 -4.12994e-05 -0.000247795 0.00153839 0.00337848 0.000939648 0.00224359 0.000124742 0.00366704 0.00134958 -0.000485032 0.000120046 0.000818348 0.00223159 2.51499e-05 -0.00069536 0.000317483 9.55919e-05 0.00146037 0.00567666 0.00167959 -0.000645232 0.000374016 -7.90869e-05 0.00175408 0.00333592 -0.00162932 -5.18998e-05 -0.00113412 -0.000293221 0.00118408 -0.00150369 -0.000632465 0.000355653 0.00192458 -0.000656615 -0.000828314 -0.00145562 -0.000942098 -0.00140561 0 -0.000664882 -0.00101387 -0.00170242 -0.00124306 -0.00164453 -0.00186101 -0.00138018 -0.00161865 -0.00171058 -0.00153324 -0.0014363 -0.0013444 -0.00190082 -0.00197215 -0.00149659 -0.00193112 -0.00184089 -0.00182699 -0.00178158 -0.0017187
internal_weight=17367 15594 298 15296 7403 2563 734 4840 555 302 4285 4097 2131 1966 1829 621 277 194 7893 344 7549 3693 478 3856 2543 310 3215 2233 1804 1707 854 853 382 723 339 1829 700 1129 166 159 963 344 618 334 228 1313 633 1208 427 158 255 781 449 384 358 189 1773 242 3049 936 400 2113 774 424 222 298 284 1831 866 536 169 349 269 1944 429 680 1769 718 640 1596 275 232 202 1348 1664 257 597 350 329 275 224
internal_count=12247 11854 178 11676 4931 1867 282 3064 291 226 2773 2713 787 1926 1585 425 225 166 6745 344 6401 2565 366 3836 2523 310 2199 2213 1804 1707 854 853 314 723 339 1805 676 1129 166 159 963 200 594 310 228 1313 633 1160 419 158 255 741 409 384 358 189 393 218 2089 652 380 1437 774 424 222 298 284 675 866 272 169 309 261 1296 409 680 1185 718 640 544 275 232 202 464 1080 157 597 350 309 255 196
is_linear=0
shrinkage=0.0686502


Tree=70
num_leaves=96
num_cat=0
split_feature=9 38 25 55 16 20 58 59 42 45 5 19 19 37 38 61 38 38 62 9 9 26 37 3 19 60 23 20 37 40 59 60 45 53 32 54 0 43 48 54 25 58 0 37 37 57 36 56 35 36 59 3 53 30 63 61 59 18 57 30 37 61 23 38 48 61 4 27 9 32 42 38 40 29 44 9 41 2 30 28 41 16 34 38 43 1 1 3 24 36 25 54 49 58 32
split_gain=3.543 10.6089 2.66148 1.75162 1.64681 5.78454 3.70769 4.43321 1.67386 1.51244 0.928989 2.06113 0.936241 2.19498 3.57657 1.64751 0.605049 1.17142 0.697384 0.745255 1.92277 0.734175 0.655735 0.599292 1.69887 1.5003 0.570763 0.723528 0.533303 1.21626 0.454748 0.742855 0.584161 0.535436 0.528747 0.660402 0.541969 0.45321 0.526934 0.98735 0.412566 0.38325 0.864522 1.3319 0.504226 0.73399 0.453969 0.645116 0.423729 0.369998 0.495244 0.785288 0.345734 0.329894 0.3729 0.307096 0.363431 0.294596 0.27208 0.44606 0.266712 0.526137 0.774938 0.226245 0.293088 0.223642 0.345279 0.22241 0.220943 0.216757 0.196744 0.260899 0.192881 0.185634 0.1355 0.131009 0.239663 0.109455 0.105817 0.105412 0.0877851 0.0848838 0.0845838 0.133147 0.0786441 0.069437 0.0631325 0.049842 0.0423526 0.030587 0.0263311 0.0234557 0.00805628 0.00375218 0.00199426
threshold=0.99762106698677389 1.1944033657067232 31.085000000000004 1006.6500000000002 38.974071509963885 37.968630402971883 4.4750000000000005 5.1850000000000014 0.067230945255149346 2510.7670000000003 -0.91597561503675329 38.20350842529114 36.415150060999736 35.628747555023082 1.0270800337373671 8.7550000000000008 0.60821447212543334 0.62479784469073996 38.251767070013749 -0.98211651112579568 -0.98801351631316325 71.350000000000009 35.200321840921369 0.83050000000000013 37.231496986239947 1.3350000000000002 29.075000000000003 33.846488703167324 35.04650565704636 0.096090235370287283 7.0250000000000012 1.0000000180025095e-35 2140.4970000000008 0.99450000000000005 -0.17500000000000068 0.99150000000000016 4.1550000000000011 28.138958333333338 398.50000000000006 0.87550000000000006 28.575000000000003 3.2850000000000006 4.0950000000000006 34.373021894317816 33.153374684057773 1010.1500000000002 0.28302906181377713 1009.7500000000001 30.855493230945175 0.18103051340511131 4.4350000000000014 0.99650000000000005 0.039500000000000007 79.450000000000017 -0.42813778529169605 2.0250000000000004 6.4250000000000007 36.383709785443436 1006.85 83.950000000000017 35.278778277602349 3.1850000000000005 28.695000000000004 0.9751554819081687 470.35000000000008 4.9850000000000012 1004.85 73.450000000000017 0.69636977696931246 -1.0000000180025095e-35 0.18279313992391968 0.91680653484776986 0.065574385243026737 73.15000000000002 0.53511163853917232 -0.42109697129093543 29.197500000000005 160.55000000000004 79.550000000000011 84.65000000000002 29.497500000000006 33.491511017672345 0.19493475092236293 0.91680653484776986 30.006041666666672 2.4350000000000005 9.5350000000000019 0.97050000000000003 29.775000000000002 0.37278071862636131 28.135000000000002 0.93550000000000011 777.85000000000014 5.6150000000000011 -0.51999999999999769
decision_type=2 2 2 2 2 2 2 2 2 2 2 2 2 2 2 2 2 2 2 2 2 2 2 2 2 2 2 2 2 2 2 2 2 2 2 2 2 2 2 2 2 2 2 2 2 2 2 2 2 2 2 2 2 2 2 2 2 2 2 2 2 2 2 2 2 2 2 2 2 2 2 2 2 2 2 2 2 2 2 2 2 2 2 2 2 2 2 2 2 2 2 2 2 2 2
left_child=2 -2 3 4 5 9 -7 -8 -6 10 11 26 13 37 15 57 60 -18 19 20 40 63 28 24 -24 -26 27 -1 30 -30 31 32 67 41 35 -35 -36 -12 39 -39 -19 52 43 44 45 -43 47 -44 -48 50 -41 -52 -33 54 -51 94 74 -15 82 -60 61 -5 72 64 -21 66 -40 -23 -4 -46 71 -54 -63 -62 84 76 -25 -70 -10 87 -28 -32 83 -55 -57 -59 -38 -50 -72 -68 -73 -77 -65 -75 -14
right_child=1 -3 68 16 8 6 7 -9 78 -11 12 -13 55 14 -16 -17 17 18 -20 21 -22 22 23 75 25 -27 80 -29 29 -31 81 33 -34 34 36 -37 86 38 65 49 -42 42 46 -45 69 -47 48 -49 79 53 51 -53 70 58 -56 56 -58 85 59 -61 73 62 -64 92 -66 -67 89 -69 77 -71 88 90 -74 93 -76 91 -78 -79 -80 -81 -82 -83 -84 -85 -86 -87 -88 -89 -90 -91 -92 -93 -94 -95 -96
leaf_value=-0.0022220294492788042 -0.061456482713638232 0.016507242832248518 -0.0076031178924461885 -0.057677366560633742 -0.0012903980067332397 -0.0035062255824461152 0.033568899043181569 0.0082916636924956003 -0.013871566282783312 0.12085570502457464 0.0020004045415345085 0.0010184513435089039 -0.086048214836763809 0.0022158775169686799 0.014101126173537695 0.0035829578117502659 0.0023443265576253538 -0.00043058008458756798 -0.066417082022824175 0.008252080766475647 0.0012020223153031018 0.00596724323935925 -0.054177273655277726 -0.011070279830997015 -0.0083523286899025873 0.042848579265969439 -0.011384827887061877 0.0088025861588956495 -0.015466416266879753 0.0055033650450050913 -0.049499569938310728 0.00010630584150158394 0.0040354912818766952 -0.0024245808307755174 0.004764751047258012 0.012797493330960329 -0.032932074501055453 0.0048672229268885052 0.0020210961155935443 -0.0059591311934660968 0.00052462864647658219 -0.0070822247461145797 0.0017455672120208167 0.0014501758182955513 -0.044418638791556823 0.0100460757672634 0.0013337039737628814 -0.01581125035403037 -0.021704243640711357 -0.0035436792908704186 0.0066740570800039077 -0.0001243269780608128 0.00075864341268905668 0.00028504717831581889 0.018422441458230309 -0.00058421733966139357 0.0064877008946418744 -0.13286942072577104 0.0011782064170430275 -0.010456020166153985 0.0013774611182373147 -0.00071776250484852761 0.00065563474761075834 -0.077852581755830333 -0.21372713395914478 -0.041890661140880844 -0.01835924971729979 -0.0053253526315209156 -0.022475153763053684 0.0015075373334961029 -0.039513379373366415 -0.00020420085585421972 -0.065600108931225198 -0.007959433036390887 0.005650320033308287 -0.010871394920516886 0.0017164902020989834 -0.054895454087382348 -0.0048328434860405002 -0.00013775738496348718 0.00020589412187832444 -0.0012038662234001274 -0.0076825237953745233 -0.013984698082262902 -0.028283099166307373 -0.0044502897780901648 -0.0002763039009302656 -0.0023842234807184373 -0.0086527480758295094 -0.036356763950214102 -0.051270419397803253 -0.04237106078829813 -0.051253011083298126 -0.17516754158441752 -0.02203623532436327
leaf_weight=94 230 138 356 252 234 220 164 258 630 102 88 98 119 128 114 103 100 151 162 103 82 86 348 124 188 112 125 80 83 94 253 83 81 83 89 106 111 148 153 87 83 85 156 78 126 82 117 87 448 100 95 87 126 123 126 167 132 120 133 99 149 78 131 664 101 381 143 93 272 113 458 78 137 645 110 238 105 1457 370 138 102 78 328 115 200 112 78 133 78 78 104 618 79 110 363
leaf_count=94 138 54 116 248 58 92 64 106 138 90 88 34 51 128 78 91 76 151 58 99 82 86 208 124 100 60 121 80 83 94 253 83 81 83 89 106 107 128 141 87 83 85 152 78 126 82 117 87 448 92 95 87 126 123 126 111 132 72 129 99 57 78 119 616 73 345 139 93 76 113 458 78 137 389 102 138 105 301 94 138 62 78 320 115 76 88 78 125 78 70 104 382 79 74 171
internal_value=0.00094433 0.00759717 0.000799369 0.00112076 0.00197561 0.00251107 0.00860625 0.0123643 -0.000274726 0.00164802 0.00145542 0.00424627 0.0011003 0.00175302 0.00553223 0.00281348 0.000472213 0.000741445 0.000632553 0.000523822 0.00377248 0.000361918 0.00066877 -0.000431983 0.00121394 0.004993 0.00202895 0.00497113 0.00118225 0.00485292 0.000995762 0.00124599 0.0047591 0.000933164 0.00306497 0.00585929 0.00112617 0.000793129 0.000594957 0.00136564 0.000555189 0.00052971 0.0011863 0.0035926 0.00197877 0.00485574 9.87448e-05 0.00270569 -0.00065614 0.000749597 0.00300911 0.00503875 -0.000571865 0.000147557 0.00245819 -0.00060667 0.000410937 0.000593369 -0.000503561 0.00145983 -0.000775525 0.000341747 0.00208338 -0.00139944 0.000602845 -0.000868884 0.000311592 0.00249355 -0.00149623 -2.68507e-05 -0.000994221 0.000373613 -0.000435817 -0.00151973 -0.000464044 -0.00142009 1.61035e-05 -0.00181674 -0.00150292 -0.00128584 -0.000220592 -0.00141539 -0.00131919 -0.000305073 -0.00110567 -0.00084814 -0.000935105 -0.00169186 -0.00178881 -0.00140548 -0.00126644 -0.00180977 -0.0019563 -0.00195794 -0.00190058
internal_weight=17367 368 16999 14914 6429 5195 642 422 1234 4553 4451 499 3952 2861 577 463 8485 6983 6883 6721 316 6405 5458 1733 648 300 401 174 3725 177 3548 3217 260 2957 467 189 278 2284 2196 1441 234 2490 1563 484 406 167 1079 243 836 1293 269 182 927 1024 226 1091 609 360 798 232 1502 598 346 947 204 755 374 179 2085 239 844 308 215 904 477 1085 229 1729 1000 719 227 331 566 238 367 232 189 581 536 221 182 856 743 755 482
internal_count=12247 192 12055 11562 4317 4027 262 170 290 3765 3675 391 3284 2641 457 379 7245 6143 6067 6009 316 5693 4826 1117 368 160 357 174 3709 177 3532 3201 260 2941 463 189 274 2184 2096 1401 234 2478 1551 484 406 167 1067 239 828 1273 269 182 927 1004 218 643 421 288 786 228 1102 582 334 867 172 695 350 179 493 239 844 308 215 520 289 749 229 377 232 711 183 331 558 238 187 160 185 573 536 209 182 520 695 463 222
is_linear=0
shrinkage=0.0686502


Tree=71
num_leaves=95
num_cat=0
split_feature=9 38 10 9 38 20 35 40 43 37 53 51 9 29 58 9 39 40 59 59 6 63 59 24 36 59 40 33 54 28 63 24 9 49 29 23 38 59 17 37 37 5 56 9 36 60 0 44 61 10 59 38 59 18 0 61 61 1 3 53 53 54 16 44 32 55 60 53 49 38 44 61 63 54 53 36 36 57 0 36 28 2 30 52 53 61 38 36 0 16 16 0 53 38
split_gain=2.78803 8.54378 2.61359 7.85289 9.1008 2.11782 1.90554 1.51698 0.929859 1.26336 2.66894 0.807869 0.606648 1.38381 0.579373 0.569679 0.518239 0.488619 0.463828 1.29486 0.835224 0.93477 0.682279 1.44506 1.25784 2.09525 0.569038 0.582999 0.567524 1.53531 0.528679 0.506294 0.939809 0.497049 0.428774 0.428164 0.644176 0.424433 0.41311 0.3921 0.558893 0.598973 0.903966 0.389162 0.668215 1.11906 0.388237 0.393614 0.45801 0.422326 0.335822 0.83077 0.287843 0.286597 0.273674 0.2614 0.232464 0.201573 0.347493 0.194854 0.181961 0.180656 0.195645 0.532009 0.179568 0.168826 0.165839 0.15483 0.339694 0.145883 0.140482 0.13846 0.333428 0.125194 0.351317 0.0804964 0.0676915 0.0609015 0.102568 0.0581475 0.0416605 0.0543683 0.0365455 0.0301238 0.107619 0.0212989 0.0190453 0.00705315 0.0069247 0.0054055 0.00466162 0.00438094 0.00369369 0.00246547
threshold=0.99762106698677389 1.1944033657067232 -0.83352489619613901 0.48250327361223927 0.8705824120900113 38.207296067222565 39.693800503232772 0.3343650365084872 29.930625000000006 35.957021756231661 0.98150000000000015 11412.219000000003 -0.4673548892883575 84.65000000000002 1.3750000000000002 -0.55601228778889811 31.050000000000001 0.35232560698011844 2.9650000000000003 3.0350000000000006 0.37940952255126048 3.027683759985822 4.705000000000001 30.895000000000003 0.45456377493402139 3.6450000000000005 0.026457513119664933 36.13697720584188 0.8025000000000001 78.550000000000011 0.48113099928640685 29.765000000000004 0.61866567420209762 516.10000000000014 79.350000000000009 28.755000000000006 0.85451349064913096 5.9350000000000014 34.484986437697934 33.04318495011816 35.04650565704636 -0.5 1006.9500000000002 -0.833548052892222 0.28302906181377713 6.5550000000000006 6.8050000000000006 0.3901110021794319 6.1250000000000009 0.78298010367706283 6.0450000000000008 1.0185859153009162 4.2550000000000008 36.765183655396207 6.3650000000000011 15.265000000000002 0.90500000000000014 3.1850000000000005 0.91150000000000009 0.98150000000000015 0.037500000000000006 0.99650000000000005 36.545644731805467 0.47216871641633057 -0.37499999999999994 1006.35 7.2950000000000008 0.99950000000000017 6.7500000000000009 0.48886375481829447 0.56387400625033979 5.1150000000000011 0.75177474030533109 0.33950000000000008 0.29250000000000004 0.24786493654021124 0.30845426157067679 1007.6500000000002 3.9450000000000007 0.52110535006583847 83.750000000000014 126.05000000000003 79.250000000000014 0.18450000000000003 0.22050000000000003 3.5350000000000006 1.2802788039812854 0.12999368932003844 3.2850000000000006 33.5705235941412 35.057010119254087 6.5150000000000006 0.019500000000000003 0.94390018918017293
decision_type=2 2 2 2 2 2 2 2 2 2 2 2 2 2 2 2 2 2 2 2 2 2 2 2 2 2 2 2 2 2 2 2 2 2 2 2 2 2 2 2 2 2 2 2 2 2 2 2 2 2 2 2 2 2 2 2 2 2 2 2 2 2 2 2 2 2 2 2 2 2 2 2 2 2 2 2 2 2 2 2 2 2 2 2 2 2 2 2 2 2 2 2 2 2
left_child=2 -2 3 7 -5 6 11 8 9 12 -11 16 13 76 -13 17 18 34 43 -20 22 38 23 24 31 -26 -24 28 70 -30 -27 32 33 35 -16 -21 -37 53 46 -14 56 42 -42 44 -4 -46 47 48 -22 57 66 -52 -51 -7 -12 59 -41 89 -59 -31 -45 62 63 65 -10 -43 -36 80 -69 -55 -28 73 -73 74 -62 -17 -1 93 -79 -60 -58 -82 -48 84 92 -33 -29 -71 -75 -49 -35 -61 -77 -40
right_child=1 -3 5 4 -6 37 -8 -9 64 10 54 14 39 -15 15 75 -18 -19 19 20 21 -23 26 -25 25 30 27 86 29 55 -32 85 -34 90 50 36 -38 -39 77 40 41 61 -44 60 45 -47 82 49 -50 52 51 -53 -54 69 -56 -57 67 58 79 91 71 -63 -64 -65 -66 -67 -68 68 -70 87 -72 72 -74 88 -76 83 -78 78 -80 -81 81 -83 -84 -85 -86 -87 -88 -89 -90 -91 -92 -93 -94 -95
leaf_value=0.00031704195580487318 -0.057237481913929793 0.015374017049791253 -0.0075092957256564802 -0.001719401973522323 0.040793085010885188 -0.0088844661251162062 0.0030499474861806946 0.0017074634546665644 -0.0088157004269235131 0.011755613063046321 -0.017761594610782919 0.0058175912665081042 0.0023983321235636732 0.0056299604343945462 0.0022015754997043733 -0.0022199005296242272 0.038462811838930799 0.0011657868234266086 0.0022100468158918951 -0.00094515206330604237 0.0053745266730561708 -0.0025218948600747334 0.00095711776037185094 0.0002087054547084679 0.01048863497179073 0.0026780529699748034 0.00026787522601102705 -0.044035860160517755 0.0043326215519431692 7.8775864473737064e-05 -0.042518248725964429 -0.039972696333699077 0.00055414902080025766 -0.03078336829683943 -0.031895326743362255 0.0015953762023580933 -0.0022087131793950194 0.00073319396222556402 -0.024146705072155619 0.0023043926655525772 0.011285258319625848 0.0014637858566903257 -0.0052006021975448524 0.006936261086702377 0.014368240910568313 -0.00018319227327826288 -0.002961072771993924 -0.004571454459665494 -0.00069848718624721884 -0.00071131159661766842 0.002089499273109014 -0.05091844139408936 0.0017350814411402128 -0.04320724747083645 -0.0032695060617096102 0.0011629289977968154 -0.019189766609584553 0.0017051541215644904 -0.0012527827122174589 -0.0018502712966500866 -0.030619911686194087 -0.033565606372968917 -0.090701393380352754 0.0028322834042748706 -0.015838371135358104 -0.030489369324043548 -0.00039734927563346497 -0.017683013978211575 0.0017994704382640718 -0.0058712537928778657 -0.035708831461931441 -0.011264501377711737 0.00078894479709912854 -0.0054821751410388652 0.0022913902593060349 -0.068037121611190646 -0.0012665091589174782 3.0343365744622862e-05 -0.018600297149336854 -0.00080010012651784393 -0.037653665866536623 -0.012965951279824934 -0.035055943473464281 -0.05953011459925691 -0.0091980719466437759 -0.018593768661152404 -0.0013635689990282955 -0.033934958477777458 -0.0071458432601713079 -0.0028150502562496213 -0.010126076302797904 -0.037194580638789387 -0.11079788893460236 -0.0097073582037069759
leaf_weight=78 230 138 154 251 317 352 120 103 155 158 131 102 140 110 110 250 130 91 98 89 93 93 226 133 95 112 80 327 147 78 137 184 124 155 419 88 86 299 473 123 136 105 117 122 88 125 78 194 84 78 78 129 79 350 78 135 622 81 94 78 186 141 88 92 573 115 155 117 81 302 221 164 116 517 110 95 100 78 92 78 83 78 237 765 98 104 128 2060 83 78 78 143 262 119
leaf_count=78 138 54 154 107 133 116 24 87 75 154 131 82 140 110 110 142 58 91 78 89 93 77 150 69 91 104 80 163 147 78 137 116 116 155 419 84 86 75 249 115 136 105 113 122 88 125 78 194 84 78 78 129 79 114 78 135 602 81 94 78 186 141 56 92 237 115 155 117 81 78 221 84 116 421 110 83 100 78 92 78 83 78 237 497 62 76 100 476 79 78 74 143 202 75
internal_value=0.000766464 0.00666806 0.000637843 0.00214941 0.00963061 0.000158029 0.000680388 0.00093867 0.000687901 0.00127734 0.0050148 0.000569601 0.000682659 0.00362511 -0.000471307 -0.000685091 0.000957347 0.000590845 0.000872957 0.00119917 0.00104268 -2.68452e-05 0.00178022 0.00289042 0.00215595 0.00568456 0.000791366 0.00024692 0.00127939 0.00253343 0.00231741 0.0008065 0.00191378 0.000558109 9.18531e-05 0.0026049 0.00457982 -0.00132251 -0.000354476 0.000262023 0 0.00138986 0.00413726 -0.000118397 0.00184725 0.00433275 0.000449948 0.00120907 0.00408348 0.000448407 -0.000469755 0.00188193 0.00355905 -0.00156415 -6.33009e-05 0.000457846 -0.000996368 -0.000479111 0.000899557 -0.000661284 -0.000679613 8.78394e-05 0.000842062 0.00165669 -0.00148361 -0.000162462 -0.00132949 -0.00135241 0.000338726 -0.00180349 -0.00112451 -0.000944769 0.000371755 -0.00136193 -0.000185575 -0.00154074 -0.000101018 -0.00159918 -0.00041006 -0.000824895 -0.00178653 -0.000741291 -0.00159976 -0.00177179 -0.00128956 -0.00155688 -0.00174078 -0.00199795 -0.00193176 -0.00177853 -0.00173179 -0.00171411 -0.00184516 -0.00193004
internal_weight=17367 368 16999 4092 568 12907 9544 3524 3421 2693 367 9424 2326 288 2554 2452 6870 982 6740 5075 4977 2029 2948 1385 1252 344 1563 1337 882 581 249 908 620 496 891 263 174 3363 1936 2038 1898 794 253 1665 367 213 1174 859 177 682 781 207 157 3064 209 434 1104 525 253 299 1298 541 400 312 728 220 574 981 198 2712 301 1176 280 896 296 1470 178 762 170 172 783 161 315 1220 455 288 455 2362 600 272 233 221 357 592
internal_count=12247 192 12055 3264 240 8791 7932 3024 2937 2625 363 7908 2262 288 2050 1968 5858 982 5800 4315 4237 1745 2492 1197 1128 332 1295 1145 882 581 241 796 604 488 891 259 170 859 1668 1974 1834 758 249 1485 367 213 1174 859 177 682 781 207 157 784 209 434 1076 525 253 299 1118 509 368 312 312 220 574 961 198 668 301 996 200 796 296 986 178 494 170 172 763 161 315 844 347 192 263 554 500 272 229 221 285 324
is_linear=0
shrinkage=0.0686502


Tree=72
num_leaves=102
num_cat=0
split_feature=30 9 38 34 32 31 29 23 4 44 24 43 25 25 32 1 3 19 21 43 25 63 30 31 19 3 20 4 57 44 40 63 43 43 25 61 37 38 57 63 38 20 53 60 25 28 0 44 18 3 21 37 38 0 2 62 36 61 54 29 42 28 20 7 19 10 53 9 55 1 9 37 57 0 55 22 21 22 52 0 63 10 0 61 60 42 42 25 1 7 43 17 29 54 18 22 35 49 10 27 0
split_gain=2.74134 5.97652 9.11253 1.34609 2.53299 4.14957 1.51833 5.24667 1.10808 2.23018 4.41971 1.25324 2.55489 1.13162 0.985838 0.752911 1.69048 1.46286 0.751746 0.796962 1.08482 0.675297 0.598429 0.557399 0.868989 0.641907 0.628234 1.44368 0.53317 0.525744 0.715306 0.859441 0.446498 0.435683 1.47767 0.487736 0.461832 0.406736 0.745783 0.386846 0.363389 0.767255 0.500525 0.87776 0.34497 0.339488 0.969294 0.758369 1.01575 0.501253 0.345998 0.730087 0.337354 0.334869 0.315722 0.309629 0.513456 0.307494 0.305785 0.303299 0.432505 0.564766 0.370826 0.265264 0.426091 0.253227 0.427927 0.210512 0.210287 0.201069 0.172517 0.154782 0.273568 0.14999 0.281779 0.13666 0.401413 0.129523 0.123978 0.122364 0.11951 0.115151 0.112621 0.109378 0.294538 0.083271 0.079935 0.0775983 0.0417196 0.0396515 0.0858393 0.0308536 0.0256518 0.0131286 0.0129956 0.023015 0.00811565 0.0208649 0.00664241 0.00563853 0.00227892
threshold=73.15000000000002 0.99762106698677389 1.1214095984486525 0.24437193542919891 -0.60500000000000032 -0.053816914788175289 86.750000000000014 28.865000000000006 1004.9500000000002 0.49730997382817221 30.505000000000006 30.100625000000001 29.855000000000004 29.335000000000004 0.020000000000001354 3.5950000000000002 0.78650000000000009 37.184409333531569 30.175000000000004 28.266250000000003 29.015000000000004 0.45044077400386234 85.450000000000017 -0.54601593583106822 34.884815805500672 0.91350000000000009 35.945731617827889 1006.7500000000001 1005.85 0.49155163176447064 0.028867513460279142 -0.065421619303982922 28.487708333333337 29.956458333333334 29.895000000000003 3.9150000000000005 34.950628520790367 0.76199668879982541 1006.6500000000002 1.9783258003029867 1.1944033657067232 39.074724070475135 0.99250000000000005 0.87500000000000011 28.465000000000003 79.250000000000014 3.4050000000000007 0.50121139116302726 34.613779384078434 0.5395000000000002 28.275000000000002 33.926286122778343 0.8217242920038107 4.1550000000000011 273.95000000000005 33.823497664165679 0.3756481753047311 2.9150000000000005 0.97250000000000003 80.350000000000009 0.21285753194086068 81.750000000000014 32.88154013060042 -0.70710678118654735 34.05083098047681 -0.20089055513063514 0.31850000000000006 0.7206604759859373 1005.5500000000001 6.1250000000000009 0.54162280503947546 31.968905763730632 1009.7500000000001 6.5750000000000011 1006.35 28.855000000000004 29.105000000000004 29.215000000000003 0.98350000000000015 6.4250000000000007 3.2343658161175814 0.98662138620987927 2.1550000000000007 0.41500000000000004 1.2650000000000003 0.077856699362107359 0.20426289988129243 28.195000000000004 0.13500000000000004 0.12940952255126045 28.631041666666668 34.577210819732883 83.450000000000017 0.010500000000000001 36.072169662428237 29.605000000000004 36.957276670080041 319.05000000000001 -0.97502841500522164 83.750000000000014 5.5050000000000008
decision_type=2 2 2 2 2 2 2 2 2 2 2 2 2 2 2 2 2 2 2 2 2 2 2 2 2 2 2 2 2 2 2 2 2 2 2 2 2 2 2 2 2 2 2 2 2 2 2 2 2 2 2 2 2 2 2 2 2 2 2 2 2 2 2 2 2 2 2 2 2 2 2 2 2 2 2 2 2 2 2 2 2 2 2 2 2 2 2 2 2 2 2 2 2 2 2 2 2 2 2 2 2
left_child=18 3 -3 4 5 28 8 54 9 10 11 12 22 23 70 40 17 21 19 88 32 -17 52 24 25 -10 39 -28 -2 68 -31 -32 -21 34 35 36 -18 -22 -39 45 55 42 71 -44 -26 46 86 48 -48 -49 51 53 92 -47 -8 56 -5 96 -51 60 61 -37 -62 64 -52 -33 -67 82 -15 -61 78 72 -42 85 -75 87 -77 -70 -11 -73 99 -74 -40 -58 -85 -57 -25 -65 -1 90 -71 -84 -6 -87 95 -79 97 -20 -89 -41 -55
right_child=1 2 -4 15 6 -7 7 -9 13 14 -12 -13 -14 29 -16 16 33 -19 57 20 37 -23 -24 26 44 -27 27 -29 -30 30 31 65 -34 -35 -36 59 -38 38 67 80 41 -43 43 -45 -46 50 47 49 -50 58 63 -53 -54 100 -56 73 83 -59 -60 69 62 -63 -64 75 -66 66 -68 -69 77 89 -72 79 81 74 -76 76 -78 94 -80 -81 -82 -83 91 84 -86 93 -88 98 -90 -91 -92 -93 -94 -95 -96 -97 -98 -99 -100 -101 -102
leaf_value=-0.082357075231796389 -0.0042670199608221653 -0.039338719191863811 0.015727859955056909 0.0014926798355915948 -0.032882356850487841 0.0058702389537912784 -0.021431097583278005 0.059455982615900363 0.0046620678438231882 0.002664774521032707 0.00040285195288377066 -0.053264066597459823 0.028463932791632892 0.00017060116020755416 0.0036923342349938341 -0.022965117651375992 -0.000303495026225052 0.01027442238114889 -0.18852751681625526 0.0073139511459299573 -0.033759432986203521 0.0017671103233697757 0.0013084003706321781 -0.027393530897890869 0.00076537576124537218 0.0016074936889925334 0.011724232687930131 -0.00045722428358694304 0.0034130469285353678 0.00028159860492780125 0.0035767499248239528 -0.014420963465355655 0.00050179005709091544 -0.0059224849999411841 0.037719449851136989 0.0099873614151839481 0.0051790950237859245 0.012092867536955508 0.00084859855372190719 -0.019614309603335246 0.0060608993179017854 0.0010459895442907004 0.022524540087151421 -0.020804645928863712 -0.028455156638464232 0.0028406194107849429 0.0010105118641576245 0.0021122091864527312 0.00018238600922569368 -0.018935262950521375 -0.0018560804271120451 0.0029914977382045839 0.0011665898296933524 -0.010292007696482339 0.0019362561939485713 -0.019687796082341186 -0.012518800266974633 -0.0026346778931907173 0.0010948475121417762 0.0023190744196195986 0.010491175548436179 0.00044867659271104237 -0.017929384508868142 -0.00029004260290634362 0.0012269003233119069 -0.072071063911834224 0.013450566671577511 0.00081319735587861335 -0.0066225023538233905 -0.0016575038342980682 -0.02576062091551902 -0.036836712812500352 -0.080007094495069944 -0.045955574078808487 0.00067103331345016602 0.0017678313370137388 -0.028197932176212734 -0.054147880627339759 -0.0082114040609199499 -0.023439565673751273 -0.00027154225970417326 9.9168481694332191e-05 -0.032768478797443733 -0.00147542251866328 -0.010958051212607333 -0.29967818512401689 -0.0019178181087186044 -0.019706764407311315 -0.038980387206034688 -0.011055033656879045 -0.010516423951647614 -0.036884928101903233 -0.024341318461873301 -0.023079951143015143 -0.0049717951148838058 -0.0065750753851884147 -0.064255414009590436 -0.083163941413863435 -0.012159169269694903 -0.012121297555217517 -0.0034104435024257854
leaf_weight=420 149 116 105 81 99 192 133 78 98 95 192 203 81 190 174 128 126 104 170 82 210 146 78 151 78 113 111 96 152 251 213 591 81 305 79 93 88 98 99 209 80 111 86 98 107 150 91 86 100 144 107 101 141 81 78 43 150 417 99 145 92 154 240 80 87 115 98 90 148 100 418 432 143 133 96 148 153 107 96 103 85 83 146 86 103 61 110 78 78 390 132 78 78 1086 831 85 1594 103 298 78 78
leaf_count=420 69 104 53 81 95 76 133 62 98 75 52 55 57 106 134 104 126 40 66 82 138 134 78 151 78 113 95 92 124 95 133 227 81 145 55 93 84 90 99 201 80 35 78 98 107 150 91 86 100 136 107 101 137 81 78 23 150 153 95 137 92 154 232 80 87 59 98 86 132 100 106 352 143 81 96 148 153 99 88 91 85 83 146 86 103 13 106 78 78 382 104 74 78 558 411 69 346 99 298 78 78
internal_value=0.000825752 0.00127203 0.0124357 0.00108731 0.00163928 0.00640545 0.00133191 0.00620557 0.00113972 0.00270525 0.00509029 0.00247062 0.00439274 0.000687336 3.79877e-05 0.000233404 0.00116013 0.00535249 -0.00084055 0.000420012 0.00165951 0.00266786 0.00208038 0.00157213 0.00398042 0.00697813 0.00121781 0.0048461 0.00133788 -0.00036 0.000642681 -0.00016407 0.00669386 0.000338907 0.000784834 0.000313218 0.00334712 0.000503071 0.00155322 0.000914379 -0.000488368 0.00047343 -0.000111961 0.00311119 0.000505948 0.00127036 0.00241229 0.00412397 0.00756066 0.00208877 0.000609393 0.00227322 0.00072726 0.000586913 0.00051512 -0.00108523 0.00054147 -0.00160535 0.000458919 -0.000168335 0.00101171 0.00318162 -0.000593779 -0.000104803 0.00214411 -0.00119702 0.000811244 0.00025411 -0.00129768 -0.00106615 -0.00125888 -0.000827448 0.000389441 -0.00157044 1.61035e-05 -0.000690994 0.000429928 -0.00164265 0.000425961 -0.00153236 -0.00111844 -0.000816184 -0.00055312 -0.000623917 0.000452063 -0.00187978 -0.000981997 -0.00144132 -0.00176822 -0.00160592 -0.00084814 -0.00141419 -0.00124421 -0.0019926 -0.00191749 -0.00130743 -0.00198164 -0.0015294 -0.00185595 -0.00179314 -0.00158063
internal_weight=17367 13701 221 13480 8183 493 7690 289 7401 1655 872 680 477 5746 783 5297 2322 378 3666 1382 884 274 396 3117 396 211 2721 207 301 2629 1268 1017 163 1944 1639 1560 214 721 511 2514 2975 1136 1025 184 185 2142 781 520 191 329 1361 410 318 309 211 1839 420 2284 243 1346 579 247 332 951 194 804 213 413 1361 767 609 841 306 1419 229 757 301 1171 191 535 372 226 323 339 189 1190 261 456 498 622 232 224 177 1147 1023 192 1867 273 376 287 159
internal_count=12247 10289 157 10132 5999 269 5730 273 5457 955 552 500 445 4502 403 4133 1982 278 1958 1294 796 238 388 3073 396 211 2677 187 193 1429 612 517 163 1704 1559 1504 210 633 495 2490 2151 960 925 176 185 2126 765 508 191 317 1361 410 310 309 211 1191 420 664 231 1294 571 247 324 951 194 384 157 405 817 723 269 749 306 771 177 757 301 711 163 443 364 226 319 339 189 594 257 456 498 586 204 220 173 571 579 168 511 165 376 279 159
is_linear=0
shrinkage=0.0686502


Tree=73
num_leaves=94
num_cat=0
split_feature=25 9 38 56 20 16 36 33 63 20 9 44 22 32 8 39 25 32 41 1 43 3 21 25 63 3 37 45 29 4 54 60 56 63 58 19 44 61 18 53 45 34 21 21 59 32 60 53 30 28 53 16 30 42 63 48 55 30 43 38 41 28 56 21 21 37 52 60 43 26 61 60 7 10 59 9 53 38 62 10 52 43 28 63 21 24 57 53 28 28 20 0 0
split_gain=2.56265 2.39675 5.92877 1.37943 1.6336 4.47651 2.89269 1.2703 0.860699 1.01373 0.836116 1.77135 0.965661 1.16703 0.789811 0.893782 0.874912 1.28779 1.38309 0.770465 0.750908 0.720344 1.27334 0.707528 1.50759 0.71149 1.11427 0.601334 0.556776 0.509452 0.601235 0.498055 0.717453 0.487925 0.848078 0.686038 0.638964 0.760642 1.16081 0.791509 0.636549 0.513975 0.440252 0.517262 0.418308 0.417459 0.561553 0.39936 0.424709 0.360246 0.477796 0.650021 0.715105 0.87842 0.357518 0.490315 0.334001 0.433444 0.317741 0.308708 0.527271 0.280734 0.239135 0.21202 0.211132 0.210789 0.289107 0.344194 0.480928 0.19525 0.319829 0.298923 0.180725 0.15756 0.15749 0.146592 0.123389 0.104853 0.102078 0.142653 0.19307 0.0904757 0.0694009 0.0680448 0.0640886 0.0628639 0.0534199 0.0361726 0.0287164 0.0136847 0.00712148 0.003496 0.00263446
threshold=31.025000000000002 0.99762106698677389 1.0387026108344217 1004.9500000000002 37.54062554485315 38.974071509963885 0.34357933887620312 40.359648035176953 0.87600282443564848 38.69963449484694 0.98521098335796142 0.63915924970453808 29.325000000000003 -0.68999999999999939 0.60355339059327384 30.224999999999998 29.705000000000002 0.035000000000000149 28.710000000000004 0.35500000000000004 28.266250000000003 0.81050000000000011 30.015000000000004 28.215000000000003 1.2500911947001507 0.43850000000000006 34.324735317670125 2470.5495000000005 77.850000000000009 1002.2500000000001 0.84950000000000003 2.3950000000000005 1007.35 -0.81231588351836581 1.2050000000000003 35.8733809103909 0.43559450461032062 0.29500000000000004 35.728978835387331 0.37350000000000005 2182.7470000000003 0.08685043546638134 29.125000000000004 29.005000000000006 3.6750000000000003 -0.085000000000000839 19.435000000000006 0.99950000000000017 81.050000000000011 81.250000000000014 0.17550000000000002 35.539332038273109 84.15000000000002 0.27049645671684713 -0.36519248116379893 134.40000000000003 1007.2500000000001 82.350000000000009 28.487708333333337 0.89833921102813974 28.727500000000003 74.750000000000014 1006.1500000000002 28.755000000000006 31.085000000000004 35.426352686207963 0.97150000000000014 8.2550000000000008 28.842916666666671 77.050000000000011 2.8250000000000006 0.80500000000000016 -0.91597561503675329 0.7987497853924842 6.6750000000000007 0.69636977696931246 0.99450000000000005 0.65034834288238874 34.745527588396286 0.70252747416915695 0.71850000000000003 29.031250000000004 80.65000000000002 0.27913991714696357 27.415000000000003 29.665000000000003 1007.7500000000001 0.96250000000000002 84.050000000000011 82.15000000000002 33.464322301719285 4.3150000000000004 3.2550000000000003
decision_type=2 2 2 2 2 2 2 2 2 2 2 2 2 2 2 2 2 2 2 2 2 2 2 2 2 2 2 2 2 2 2 2 2 2 2 2 2 2 2 2 2 2 2 2 2 2 2 2 2 2 2 2 2 2 2 2 2 2 2 2 2 2 2 2 2 2 2 2 2 2 2 2 2 2 2 2 2 2 2 2 2 2 2 2 2 2 2 2 2 2 2 2 2
left_child=1 3 -3 4 21 6 -6 8 9 14 12 -12 20 -14 27 16 17 45 -19 -7 84 -1 29 24 -22 26 44 33 58 -23 -31 64 -33 47 -35 36 65 75 39 -39 -41 -37 43 59 -25 46 49 69 -49 50 -16 52 53 -52 55 -42 57 -27 -26 60 -32 -55 -56 76 -2 66 -36 68 -68 82 71 73 -72 -71 78 91 -51 -47 79 80 -15 -61 -5 -64 -10 -82 -43 -74 -69 -80 -58 -38 -60
right_child=31 2 -4 7 5 19 -8 -9 10 -11 11 -13 13 74 15 -17 -18 18 -20 -21 23 22 -24 25 28 56 -28 -29 -30 30 42 32 -34 34 35 41 37 38 -40 40 54 86 -44 -45 -46 77 -48 48 -50 63 51 -53 -54 61 62 -57 90 -59 92 81 -62 -63 83 -65 -66 -67 67 88 -70 70 72 -73 87 -75 -76 -77 -78 -79 89 -81 85 -83 -84 -85 -86 -87 -88 -89 -90 -91 -92 -93 -94
leaf_value=-0.039713529591171234 -0.020112349577788666 -0.042396754455334223 0.014520023294095664 -0.092344552160307444 0.0072974844423974389 -0.016033526363885497 0.001741490805154606 0.0041979822804516344 -0.0058456474479276072 -0.023371625596149536 0.032137908541568956 -0.012702180930261089 0.0016258506940533754 0.00072318944122519153 -0.013305743686656468 -0.046177779819543421 -0.0045168431939236631 0.00018539036215783582 0.010578847906602054 0.00092988263316841758 0.013575497850410137 0.0021300180941364634 0.0013514017765772735 0.0056889872142498934 0.0028812368297515996 -0.01319903157044031 0.0045895333735840949 0.0020686105361556136 0.0035656398464135194 0.0016332421839335795 0.0019748783432359646 0.020475396702278936 -0.030487323680210326 0.0035592999998397554 -0.037463184659334729 -0.00091570007079337277 -0.053254389762291778 0.0034039218363239756 0.0024962720462734819 0.0084382492796738501 0.0018928258510626916 -0.0031203669527367054 -0.01285123698289191 0.0049530895819231433 -0.056649075062578803 -0.0013754906054039356 -0.0013817045542372348 -0.044136346116968733 0.0017275910618950079 -7.7503923689906456e-05 0.0011494045530552716 -0.010739645725247869 -0.00043653431250971134 -0.0012115971804495308 0.00092851957833305586 -0.0014602887373824831 -0.0010648582518912179 -0.0037155674416856294 -0.046649820306206395 -0.023510517254642836 -0.0031043920618342344 0.0065281353190927141 -0.013714116424426286 0.00072385043794292287 -0.061318280106382121 0.0013544868206675862 0.0020289170533240764 -0.021776807004913103 -0.016667654728507952 -0.079117427467905774 -0.00040659795659557123 0.0042449670488873617 -0.032585846018290357 0.0031485250428402996 -0.0007184942879271066 0.00065645528895638596 -0.0063425787587183223 -0.0024870071481493481 -0.014321330913373188 -0.077292741619537336 -0.020823392369333445 -0.0008557345944158061 -0.028012496986450901 -0.0015442045731705394 -0.061348296587877264 -0.00095279776402947848 -0.02616038441872659 -0.020110855591609793 -0.0095076839871933456 -0.056822238985888888 -0.020075057398143453 -0.037118059120574975 -0.012533454892899547
leaf_weight=296 379 150 108 563 283 279 217 95 105 134 119 157 192 78 96 166 286 111 143 389 95 80 95 155 139 100 95 92 96 150 150 214 201 93 299 183 112 106 88 99 78 510 314 82 135 93 153 94 82 154 117 94 136 152 79 95 78 117 78 196 115 87 181 78 1582 111 145 124 95 88 89 99 155 78 116 90 188 166 1489 248 110 109 107 131 346 78 203 325 78 201 363 78 89
leaf_count=156 103 110 60 423 123 59 73 19 105 82 99 109 140 78 96 62 122 111 107 97 95 80 67 155 139 100 95 80 96 126 150 90 69 69 299 99 112 106 80 99 78 314 262 82 135 85 153 78 82 154 117 78 136 152 79 95 78 117 78 196 115 87 181 74 306 111 145 124 95 88 85 99 139 78 84 70 188 162 637 248 110 109 103 131 346 78 139 293 78 125 363 78 89
internal_value=0.000845515 0.00117769 0.00772236 0.00106198 0.00244756 0.00439596 0.00929922 0.000742605 0.000678357 0.00115751 -3.2942e-05 0.00362355 -0.000259302 -0.00115491 0.00104209 0.00211145 0.00171352 0.00228457 0.00680053 0.000705952 0.000868072 0.0010076 0.00171004 0.00159102 0.00372065 0.000567511 0.00290881 0.000540716 0.00184865 0.00109181 0.00070307 -0.00124754 0.000902399 0.000429987 0.000958153 0.000746193 0.00145734 0.00252147 0.00353584 0.00266015 0.00175997 -0.00082646 6.69923e-05 0.00108885 0.000759443 0.00151775 0.00203661 -0.000503167 0.00257053 0.0014847 0.00245737 0.00319552 0.0041966 0.00580869 0.000850365 0.00343725 -0.000797854 0.00138722 0.000389441 0.00033927 0.00205457 0.003356 -0.000289343 -8.53626e-05 -0.00170552 2.92858e-05 -0.000384105 0.000722056 0.00248056 -0.000868434 -0.000159745 0.00179691 -0.0010824 0 -0.00158282 -0.000566891 -0.000836347 -0.000973723 -0.00171339 -0.000844946 0.000242333 -0.00113671 -0.00174059 -0.00115732 -0.00158622 -0.000929169 -0.0016637 -0.00161473 -0.0013444 -0.00197349 -0.00188585 -0.00165817 -0.00160337
internal_weight=17367 14991 258 14733 2755 1168 500 11978 11883 7104 4779 276 4503 2512 6970 2220 2054 1768 254 668 1991 1587 1291 1540 497 1043 385 4750 402 1196 1116 2376 415 4658 2978 2885 1989 1137 857 769 663 896 966 652 290 1514 1255 1680 176 1102 682 586 492 356 564 173 658 217 306 570 265 239 391 420 1961 852 741 442 240 1504 834 265 569 166 2320 280 342 259 2204 514 266 305 670 312 451 188 713 480 202 1690 441 190 167
internal_count=12247 11679 170 11509 1695 352 196 9814 9795 6096 3699 208 3491 1500 6014 1884 1822 1700 218 156 1991 1343 1187 1540 497 1043 385 4130 402 1120 1040 568 159 4050 2582 2513 1961 1109 849 769 663 552 914 652 290 1482 1235 1468 160 1082 666 570 492 356 564 173 658 217 306 570 265 239 391 416 409 852 741 442 240 1308 782 265 517 166 1360 260 342 247 1276 514 266 305 526 312 451 188 453 432 202 762 441 190 167
is_linear=0
shrinkage=0.0686502


Tree=74
num_leaves=97
num_cat=0
split_feature=9 38 25 41 18 32 34 26 29 2 56 32 63 37 20 60 56 0 58 46 20 10 29 59 9 34 2 53 45 53 10 44 16 37 29 30 33 57 11 45 53 0 30 52 44 26 32 1 34 36 49 53 43 10 43 39 55 0 32 27 37 4 52 17 9 54 30 55 21 10 31 27 54 58 30 24 10 25 9 18 59 34 36 3 10 1 4 19 18 1 30 0 18 0 0 10
split_gain=4.54957 12.8973 2.64811 1.7455 2.61996 2.90108 4.12967 2.21837 1.18539 2.16825 1.08651 0.875623 1.06741 0.966226 2.57558 0.556876 0.717453 0.521874 1.1263 0.846197 0.780176 0.726071 0.658666 1.12788 1.01217 0.631881 0.589924 0.570101 0.71037 0.755429 0.73987 0.737579 0.653374 0.762384 0.557326 0.528768 0.493733 0.539474 0.644342 0.719822 0.483066 0.586183 0.579352 0.540153 0.402239 0.414139 0.399156 0.386516 0.542018 0.660275 0.402275 0.328054 0.976594 0.363303 0.368163 0.603599 0.571845 0.287681 0.262431 0.347676 0.261053 0.500531 0.258833 0.24615 0.230794 0.188305 0.176337 0.166768 0.166386 0.441364 0.157518 0.149837 0.136641 0.168545 0.248788 0.126972 0.0992984 0.086182 0.0855752 0.173941 0.085279 0.0767471 0.065806 0.0365633 0.0348556 0.058784 0.0302339 0.0255114 0.0143308 0.00760955 0.00696887 0.00607519 0.00548595 0.00386995 0.00371952 0.00342917
threshold=0.99762106698677389 1.1944033657067232 31.025000000000002 30.322500000000005 36.797268763980519 -0.62499999999999989 0.23311681212944929 80.350000000000009 88.350000000000009 279.35000000000008 1004.9500000000002 0.21499999999999989 1.1000647993894683 37.539401833165101 37.709943937331168 2.3950000000000005 1007.35 4.5750000000000011 4.4750000000000005 29.535000000000004 34.219199286314158 0.7987497853924842 75.15000000000002 3.3750000000000004 -0.88606241628642823 0.077841045971424563 18.000000000000004 0.96550000000000014 2470.5495000000005 0.99150000000000016 -0.49749486057528974 0.4594817285884833 35.119129430175668 33.00748675791165 75.950000000000017 81.250000000000014 36.633372035807305 1010.2500000000001 10.500000000000002 2243.0705000000007 0.029500000000000002 3.9250000000000003 85.850000000000009 0.93550000000000011 0.37272595512112855 83.050000000000011 -0.45999999999999902 1.5650000000000002 0.061135640347803964 0.098791177614738254 279.35000000000008 0.45150000000000007 29.083125000000003 -0.8140159405215136 29.255208333333336 28.961666666666662 1008.0500000000001 3.1950000000000007 -0.47000000000000058 75.550000000000011 33.858184377573167 1007.9500000000002 0.95850000000000002 33.678674610895975 0.98521098335796142 0.99650000000000005 79.350000000000009 1007.1500000000002 29.085000000000004 -0.67758968959607091 -0.021095674430497976 83.750000000000014 0.33250000000000007 2.3050000000000002 78.750000000000014 29.855000000000004 0.83824865459667641 30.015000000000004 -0.42109697129093543 36.960243489446043 3.8150000000000004 0.34430713655298234 0.19734578570544417 0.99350000000000016 -0.22610730998347103 4.3350000000000009 1005.0500000000001 33.437916634278935 35.917666127388834 3.8050000000000002 83.15000000000002 7.1550000000000011 35.941691889338166 4.1950000000000012 2.8950000000000005 -0.76107606668641947
decision_type=2 2 2 2 2 2 2 2 2 2 2 2 2 2 2 2 2 2 2 2 2 2 2 2 2 2 2 2 2 2 2 2 2 2 2 2 2 2 2 2 2 2 2 2 2 2 2 2 2 2 2 2 2 2 2 2 2 2 2 2 2 2 2 2 2 2 2 2 2 2 2 2 2 2 2 2 2 2 2 2 2 2 2 2 2 2 2 2 2 2 2 2 2 2 2 2
left_child=2 -2 3 8 -5 6 -6 10 11 -10 -7 12 13 17 -15 82 -17 20 -19 25 21 22 46 24 -24 34 27 70 29 30 31 -29 33 -31 -20 -25 37 38 51 -40 41 -14 64 -44 45 -35 -1 -36 49 -49 -51 52 57 54 55 56 63 -13 -22 -60 61 -55 66 -53 68 -47 -28 -37 69 -42 76 86 73 -71 -75 83 92 89 79 93 -12 90 -4 -46 -62 -86 -61 -63 -38 -39 -74 -57 -27 -70 -23 -30
right_child=1 -3 15 4 5 7 -8 -9 9 -11 80 36 40 14 -16 16 -18 18 19 -21 58 94 23 35 -26 26 62 28 95 32 -32 -33 -34 44 47 67 88 77 39 -41 42 -43 43 -45 75 65 -48 48 -50 50 -52 53 -54 60 -56 91 -58 -59 59 71 84 87 -64 -65 -66 -67 -68 -69 78 72 -72 -73 81 74 -76 -77 -78 -79 -80 -81 -82 -83 -84 -85 85 -87 -88 -89 -90 -91 -92 -93 -94 -95 -96 -97
leaf_value=-0.00026069636898716823 -0.060353514748632799 0.012242063749723952 -0.032271194158885658 0.0067279410652249664 -0.0023215214451804407 0.00023924023588564914 -0.036022896760707253 0.0018658585914797436 -0.02553500980724812 0.056105892905177368 -0.039310789260411837 0.0039878962881914328 0.0056987157729548642 0.01455703403447323 -0.0098810669773974451 0.019069756300373841 -0.028394362330842169 0.0054915554090792726 0.0013696144418098456 -0.0031534999056237563 0.00070550299626158961 -0.026050844509092935 -0.0095616256770072443 0.0024886125453003343 0.0092546016880469973 -0.022274574113629025 0.0018690320662422797 0.013027172380189952 -0.0060163344547213976 0.023555435274664908 0.010938792353730426 -0.022725609999321651 0.0014481456135187762 0.0014414234682012708 -0.015715832159129414 0.00058615731846332658 -0.0070232508030970585 -0.048233792029439219 0.0016898507229996804 0.0032315764443035656 0.0015336392604294103 -0.012883401797186677 -0.0022490745584748018 0.0042836298081340152 -0.0073564308074517554 0.00034532707325212679 -0.013371194242228008 -0.00079245843181143818 -0.0013936093213077064 0.0032513088539001746 0.00089651055210626283 -0.021050826520085997 0.012665337050919628 -0.0060089507326369189 0.0022678805539030995 -0.024481430050723632 0.0055895350439919746 -0.049799859415982049 -0.00043907986591476729 -0.0019586468279562297 -0.067928487795801892 -0.026961741292978535 -0.018254324305979733 0.0005367136661599644 0.010889105711064124 -0.011890355639749786 -0.0019258410540228272 -0.01243666453965013 -0.004505300003016883 -0.039171127909823127 0.00038755656775091789 -7.975559823208469e-05 -0.022236213476719252 0.0009283782530121492 -0.012085255999620039 -6.2731115963766726e-05 -0.0006016694647852695 -0.0023246430930588457 -0.022831410082085144 0.00063956315359704752 -0.038904909735561086 -0.0002529571975978407 -0.05609306626579804 -0.0085603668788071258 -0.039134757891048318 -0.00043463717365940037 -0.011497924074193691 -0.0031547263496102982 -0.0091141429296807738 -0.026819025602369612 -0.0023133029091304447 -0.030231674452284932 -0.006970255521354279 -0.0005410613332397314 -0.046878785924802019 -0.00044186890847170958
leaf_weight=78 230 138 304 278 267 550 245 489 94 97 339 78 100 179 189 214 201 87 108 83 124 78 123 82 90 199 109 127 110 114 79 85 175 92 99 83 167 457 132 84 83 79 89 89 80 88 156 80 106 131 80 125 103 84 158 242 89 149 149 106 483 98 358 89 110 85 121 119 124 100 78 124 340 85 131 78 96 80 656 82 770 83 1547 270 96 78 676 78 522 78 78 78 78 78 119 78
leaf_count=78 138 54 64 154 83 142 81 129 94 85 127 78 100 83 101 90 69 83 80 75 124 78 123 82 90 199 109 123 102 114 79 73 147 92 87 83 91 457 132 84 83 71 89 89 80 88 156 80 106 131 80 117 83 84 146 214 89 149 141 82 415 98 358 89 106 85 121 119 124 100 66 116 340 85 131 78 96 80 464 82 238 83 323 270 88 78 536 78 218 78 78 78 62 74 119 78
internal_value=0.000987808 0.00852628 0.000823598 0.00115983 0.00265741 0.00198937 0.00662703 0.000877805 0.000786075 0.00613372 -0.000318105 0.000696854 0.00109265 0.00159321 0.00499566 -0.00135954 0.000902399 0.00135828 0.00190108 0.00168618 0.000511647 0.00200048 0.00299874 0.0044093 0.00817439 0.00149891 0.00101336 0.00159887 0.00225764 0.00284062 0.00591429 0.00371942 0.00191716 0.00107964 0.00349284 0.00154022 -0.000200451 0.000195698 0.000691079 0.00424455 -0.000152678 0.00325447 -0.000443732 0.00328408 0.000210967 0.00231223 0 0.00249021 0.00344837 0.00497529 0.00697813 0.00030729 0.00228338 -7.52977e-05 0.00100847 0.000245611 0.00244304 -0.000220592 -0.00065682 -0.00101204 -0.00100415 0.000820329 -0.000880958 0.000479268 -0.000788859 0.000288884 0.000897 -0.000332062 -0.000973921 -0.000298838 -0.000524092 -0.00152092 -0.00079132 0.000312295 0.00140308 -0.0010813 -0.00112095 -0.00160077 -0.00161329 -0.000587807 -0.00155756 -0.00149669 -0.00186979 -0.00164555 -0.00173429 -0.000838969 -0.00187381 -0.00123962 -0.0018488 -0.00191628 -0.00187633 -0.00182048 -0.00178357 -0.00168185 -0.00167233 -0.00165394
internal_weight=17367 368 16999 14733 2938 2660 512 2148 11795 191 1659 11604 8056 5749 368 2266 415 5381 3274 3187 2107 928 731 497 213 3104 2500 1912 1461 1273 291 212 982 807 604 284 3548 2859 2244 216 2307 179 2128 178 693 265 234 496 397 291 211 2028 330 1698 781 623 303 227 1179 1055 917 260 588 214 1950 173 230 202 1840 900 451 906 817 316 216 428 373 615 940 284 1109 501 1851 350 657 174 782 176 689 535 418 320 277 202 197 188
internal_count=12247 192 12055 11509 954 800 164 636 10555 179 507 10376 7352 5253 184 546 159 5069 3142 3059 1927 928 731 497 213 2984 2420 1832 1409 1229 275 196 954 807 564 284 3024 2715 2100 216 2099 171 1928 178 693 265 234 484 397 291 211 1884 310 1574 733 587 295 227 999 875 841 260 588 206 1750 173 230 202 1644 900 423 734 817 316 216 428 357 615 744 280 365 501 387 350 581 166 618 176 309 535 418 292 261 198 197 180
is_linear=0
shrinkage=0.0686502


Tree=75
num_leaves=101
num_cat=0
split_feature=9 38 32 10 29 53 40 37 63 33 28 31 30 35 28 43 16 23 0 35 57 9 35 20 38 59 54 9 19 4 20 35 21 42 62 9 29 35 0 7 3 44 58 58 54 60 40 18 11 38 60 57 62 1 10 61 20 39 54 45 37 9 39 41 56 0 63 62 56 19 59 20 20 43 29 59 23 37 31 0 29 4 9 4 18 58 26 1 1 1 9 45 34 40 19 3 1 52 26 3
split_gain=4.57832 12.8973 2.09437 1.80856 5.19109 2.08912 7.12886 1.74719 1.51193 1.77795 1.38242 2.22387 2.02428 2.01725 1.13194 2.17728 0.938366 1.12086 0.932373 0.768404 0.962177 0.686 0.616155 0.638403 1.50663 0.968748 0.533295 0.526129 0.582633 1.12396 2.23155 0.631632 0.485493 0.466905 0.461761 0.427493 0.407054 0.388839 0.39259 0.433847 0.388383 0.957044 0.361885 0.380134 0.353622 0.648999 0.688833 0.728529 0.60738 0.338816 0.303028 0.30196 0.481082 0.496046 0.370998 0.492477 0.521038 0.622678 0.506678 0.359094 0.328165 0.268124 0.415251 0.614381 0.230973 0.271978 0.189901 0.253075 0.264295 0.257451 0.232116 0.187214 0.150984 0.199985 0.40973 0.440687 0.146455 0.132073 0.118398 0.114674 0.105905 0.0810438 0.0652302 0.0632494 0.0522833 0.0273576 0.0524768 0.024329 0.0194471 0.0182259 0.0150594 0.00982463 0.00755818 0.00710511 0.0049153 0.00452491 0.00438094 0.00433119 0.0042824 0.00368854
threshold=0.99762106698677389 1.1944033657067232 0.32499999999999934 -0.67758968959607091 86.65000000000002 0.75050000000000006 0.14011899704650663 39.600990659932584 1.1000647993894683 38.642592109216658 77.350000000000009 0.50021243737919019 81.950000000000017 35.510025775036901 63.650000000000013 28.292500000000004 37.759890615537962 29.775000000000002 4.7250000000000005 34.745733926198731 1003.6500000000002 0.98801351631316348 34.003759239751759 34.333118443972396 0.85860915334948429 4.0950000000000006 0.99250000000000005 0.54162280503947546 35.183124452880477 1004.9500000000002 34.828979226857527 34.356540164374643 29.155000000000005 0.052025634709751779 34.898689766405163 -0.9852109833579612 85.550000000000011 38.016630697270095 7.0550000000000006 0.91597561503675362 0.98950000000000016 0.74155633393915532 6.705000000000001 6.0450000000000008 0.36550000000000005 0.075000000000000025 0.14011899704650663 32.650030212339068 11.500000000000002 1.106748547366881 1.0000000180025095e-35 1009.5500000000001 34.162303474882016 2.5950000000000002 -0.8038981836306559 9.9100000000000019 34.632051123567209 29.026666666666667 0.98250000000000004 2206.7325000000005 32.120697366474623 0.03872192231363817 29.225000000000001 28.990833333333335 1007.1500000000002 5.035000000000001 1.1176098675487227 33.681893832468226 1009.85 33.846488703167324 4.3950000000000005 39.228536274871942 35.103261440570598 28.850833333333338 76.950000000000017 4.4350000000000014 27.995000000000001 34.427913588785067 1.2848111291706064 4.8050000000000006 80.250000000000014 1005.7500000000001 0.7206604759859373 1007.85 36.706389834726544 7.7650000000000006 79.65000000000002 1.0550000000000004 7.6050000000000013 2.2450000000000006 -0.45206801762443477 2172.0095000000006 0.96356125006489413 0.12013880860753991 34.129947933432483 0.62550000000000006 4.6650000000000009 0.75050000000000006 80.350000000000009 0.70250000000000001
decision_type=2 2 2 2 2 2 2 2 2 2 2 2 2 2 2 2 2 2 2 2 2 2 2 2 2 2 2 2 2 2 2 2 2 2 2 2 2 2 2 2 2 2 2 2 2 2 2 2 2 2 2 2 2 2 2 2 2 2 2 2 2 2 2 2 2 2 2 2 2 2 2 2 2 2 2 2 2 2 2 2 2 2 2 2 2 2 2 2 2 2 2 2 2 2 2 2 2 2 2 2
left_child=2 -2 3 4 5 6 18 8 9 10 11 12 26 -14 15 -5 17 35 -1 22 -21 33 42 24 25 -24 79 28 36 30 -30 -31 -10 -22 99 -4 49 38 39 72 41 -26 43 44 45 50 47 -47 66 64 -16 52 53 60 55 56 -54 -58 -59 -56 -37 83 63 -63 90 -66 67 68 69 -46 -71 89 73 95 -75 -76 -45 82 91 -7 -62 84 92 96 -74 -44 -87 -70 -29 -34 -12 -18 -53 -61 -69 -35 -33 -83 -57 -25
right_child=1 -3 16 14 -6 7 -8 -9 32 -11 27 -13 13 -15 19 -17 78 -19 -20 20 21 -23 23 34 40 -27 -28 88 29 31 -32 61 71 37 -36 51 -38 -39 -40 -41 -42 -43 85 76 48 46 -48 -49 -50 -51 -52 77 54 -55 59 98 57 58 -60 93 80 62 -64 -65 65 -67 -68 94 87 70 -72 -73 81 74 75 -77 -78 -79 -80 -81 -82 97 -84 -85 -86 86 -88 -89 -90 -91 -92 -93 -94 -95 -96 -97 -98 -99 -100 -101
leaf_value=-0.0049595307424611622 -0.056210232937726826 0.011401643431645661 0.0037535702485264125 -0.41128057636649734 0.0035550365567828075 -0.036840525743890587 0.03700360823045086 0.0024120587358826572 0.001431484210510383 -0.001410680247333946 -0.0043451620074246248 0.0067858710298861315 0.00037525297744158358 0.0011645721259106528 0.0015342144237769056 0.0041535513257894814 -0.1447587992278786 0.0049412149313422127 0.0034388141319440578 0.0048963776260585266 5.8400671273741342e-05 0.011500723065320951 0.0245153981197767 -0.077795885527529196 0.003055112799555343 0.00038226497192103231 0.0038681057774041039 -0.0041938797214260224 -0.00091578998714077729 0.0019620358953396444 0.01192200596152879 -0.0054103425524548946 -0.043776914799927312 -0.040049433340264298 0.0037636426679168548 0.0039330586038733018 0.00086270465795707072 -0.02687042929394395 0.0042500203712134655 -0.00038006557234842236 -0.0003158417933678118 -0.052123506459326237 -0.018262871641666956 0.0014221348149769304 0.0012651171222724745 0.00061027982964264736 -0.00039658518226143937 0.0059031779032575607 0.0013565353450799933 0.0031088211494226877 -0.020909680049080382 -0.051826276486695182 -0.05369900109347879 0.0021463310843988985 0.0031463009391241858 -0.023145250121682902 0.0068844061108137263 0.0052759120505648724 -0.02431475375867808 -0.088890030351960136 -0.0004506182929992759 -0.0091481101346491504 -0.0058033163208323036 0.011320291120644442 -0.0036175180372812672 0.00099556699319852757 -0.019491879461466462 -0.01096316247397626 -0.0029543851203650035 0.0018225220346366486 -0.00099542235285816601 -0.041670819397250793 -0.0082681167906580796 -0.0011943994362465802 0.00088091876488096018 -0.020145373002116509 0.00036169867381783424 0.0008374329583105424 -0.0043928992473179947 -0.002361143929742755 -0.03697453114272662 -0.0054409458619619384 -0.0084215394727342636 -0.00046026014206810922 -0.00033382793369139718 -0.14657651159343391 -0.054685070949986835 -0.019223332241608711 -0.020659118791174623 -0.004514290781924505 -0.030366309087627802 -0.053796035216652188 -0.21982644911857768 -0.054860589906350052 -0.011974818578323873 -0.016506643110188964 -0.013471750840289128 -0.013169059364982288 -0.025566990040353579 -0.00099826641266448878
leaf_weight=245 230 138 124 105 123 247 130 106 115 115 150 142 103 85 144 127 237 137 187 434 310 206 78 78 120 91 122 244 92 110 79 78 151 78 133 78 79 1215 90 180 120 106 182 81 122 118 97 102 108 143 183 492 111 78 198 146 112 114 170 83 78 78 81 78 96 142 293 167 78 96 89 185 113 155 84 80 83 81 368 136 98 104 102 78 95 78 78 90 118 679 360 1179 79 575 78 149 143 624 79 118
leaf_count=113 138 54 124 105 103 135 74 42 115 31 150 86 103 69 144 87 57 69 115 154 130 150 78 78 120 91 114 104 92 110 79 78 83 78 125 78 79 339 90 100 120 106 182 81 122 118 97 102 108 135 183 492 111 78 130 114 112 94 138 79 78 78 77 78 96 134 293 167 78 96 89 49 105 151 84 80 83 77 80 100 98 80 102 78 51 78 78 90 90 311 352 259 79 463 70 149 143 440 79 118
internal_value=0.000964093 0.00852628 0.000799369 0.00127181 0.00227389 0.00192021 0.00585618 0.00140697 0.0011855 0.00196963 0.00164194 0.0040113 0.00238582 0.00843778 0.000577873 0.00528288 -0.000428935 0.000324359 0.00157815 0.000420765 -0.00021784 -0.000599214 0.00122622 0.00280987 0.00431676 0.00960797 0.000104928 0.00071682 0.00120201 0.00255111 0.0074821 0.00122406 -0.000960123 -0.000842495 0.000426738 2.41336e-05 5.82362e-05 -0.00110855 -0.000449618 -0.000692676 0.00168821 0.0033637 0.000632928 0.000997659 0.000698538 0.00197876 0.00418533 0.0063008 -3.38845e-05 -0.000358007 -0.000153428 -0.000157651 0.000297408 0.0026691 -0.000197126 0.00093264 0.00212173 0.0032895 0.00154022 -0.00116926 0.00115673 0.000235552 0.00196186 0.00403077 -0.000949365 0.00079822 -0.000562635 3.08375e-05 0.000961665 0.00216208 0.000505948 -0.0014436 -0.00108216 -0.000163529 0.000932801 0.00332132 0.00415123 -0.00132168 -0.00167042 -0.00114537 -0.000465835 -0.00161139 -0.00164022 -0.00111828 -0.000381549 -0.00142867 -0.000699427 -0.00120091 -0.00165922 -0.00188453 -0.00177505 -0.00195687 -0.00192529 -0.001943 -0.00174774 -0.00172318 -0.00171411 -0.00195418 -0.00172021 -0.00167037
internal_weight=17367 368 16999 12280 5020 4897 562 4335 4229 3099 2984 835 693 188 7260 232 4719 2935 432 7028 3917 3483 3111 844 515 169 505 2149 1787 817 171 646 1130 3277 329 2798 970 2967 1752 1662 346 226 2267 1929 1765 644 317 220 1121 891 327 2674 1920 332 1588 732 507 396 284 856 254 536 237 156 748 238 1013 720 475 307 185 1015 1482 546 319 164 164 754 1784 383 176 936 673 299 208 338 156 168 362 830 510 1416 571 658 245 227 221 728 225 196
internal_count=12247 192 12055 9064 3596 3493 302 3191 3149 2591 2560 607 521 172 5468 192 2991 2595 228 5276 2181 2027 3095 836 515 169 349 1953 1759 813 171 642 558 1877 321 2526 946 1747 1408 1318 346 226 2259 1921 1757 644 317 220 1113 867 327 2402 1652 332 1320 648 455 344 232 672 254 532 233 156 732 230 1005 712 475 307 185 443 1218 542 315 164 164 750 396 235 176 676 673 299 156 338 156 168 194 394 502 316 571 542 237 227 221 520 193 196
is_linear=0
shrinkage=0.0686502


Tree=76
num_leaves=96
num_cat=0
split_feature=9 38 25 43 34 10 29 40 55 24 60 24 16 43 55 43 19 19 63 57 63 16 60 37 18 19 34 37 54 9 24 38 3 4 43 58 38 63 9 1 37 9 1 10 27 32 59 35 24 37 52 52 63 17 58 38 44 35 1 57 61 26 45 37 54 40 36 56 44 32 6 29 0 30 23 29 63 54 34 16 62 40 35 38 43 37 42 57 3 30 0 52 2 0 29
split_gain=3.78734 10.3475 2.4842 2.02972 1.17592 1.37434 3.31453 2.13752 1.6493 5.04506 2.62154 1.24984 1.07034 1.18704 0.788391 0.758979 1.05948 0.696476 0.599907 0.986357 1.7388 0.570278 0.556876 0.760377 0.526232 0.85173 0.474359 0.455569 0.517923 0.386738 0.384738 0.572011 0.569864 0.704103 0.631635 0.504193 1.09362 0.387327 0.379746 0.979495 0.856003 0.5271 0.648586 0.481039 0.962064 0.359563 0.446961 0.422337 0.348138 0.346142 0.331148 0.604606 0.329874 0.313987 0.529281 0.3136 0.833207 0.307887 0.266185 0.375017 0.513399 0.404839 0.654462 1.13545 0.208863 0.202167 0.191281 0.151835 0.143255 0.190533 0.131467 0.399622 0.162309 0.104247 0.0973938 0.0967082 0.0838849 0.0834388 0.0834145 0.0760861 0.0681866 0.0675251 0.0643562 0.0574748 0.0514714 0.130814 0.0304965 0.0301515 0.0281538 0.0267638 0.0244828 0.0235002 0.00761809 0.00527055 0.00414784
threshold=0.99762106698677389 1.1944033657067232 31.025000000000002 31.069791666666671 0.24257483616850975 -0.63872576220844923 86.750000000000014 0.22030282189147649 1005.35 30.505000000000006 1.7650000000000003 31.255000000000006 37.035383007661487 30.296875000000004 1001.9500000000002 29.956458333333334 37.580611592841983 35.728978835387331 -1.0298334815982988 1005.35 0.061885912423814922 34.079851502941956 2.3950000000000005 38.028232561453493 37.386523937306997 36.072169662428237 0.20640139813306033 33.254862410363657 0.97450000000000003 0.97873101657557349 27.635000000000002 1.2718124586821673 0.098500000000000018 1005.2500000000001 29.273125000000004 4.4750000000000005 1.5222143078990864 3.3955807916717391 0.50495637864894027 0.77500000000000013 34.324735317670125 0.7775899462189082 0.075000000000000025 0.20088311396693925 74.850000000000009 -0.11500000000000198 5.205000000000001 34.694669188821265 29.505000000000006 37.124288767232855 0.98650000000000004 0.96950000000000014 -1.9845248052438504 32.013058176300198 6.6750000000000007 0.88627854823477681 0.47794756380737718 35.924175741943152 9.5350000000000019 1004.7500000000001 4.535000000000001 82.450000000000017 2406.1870000000004 34.708988955994549 0.20950000000000002 0.020000000006291516 0.78707091419965047 1007.4500000000002 0.40153577434453597 -0.074999999999999276 1.0000000180025095e-35 82.350000000000009 2.2050000000000005 78.750000000000014 28.135000000000002 68.550000000000011 0.5507156962489238 0.45850000000000007 0.31958622248253193 35.443068842634581 33.948919318495278 0.062449979985815619 34.656295268360246 1.2888113727608368 29.083125000000003 35.500314289641956 0.51233127039490622 1009.7500000000001 0.93750000000000011 81.050000000000011 4.9350000000000014 0.99950000000000017 38.400000000000006 5.7950000000000008 77.050000000000011
decision_type=2 2 2 2 2 2 2 2 2 2 2 2 2 2 2 2 2 2 2 2 2 2 2 2 2 2 2 2 2 2 2 2 2 2 2 2 2 2 2 2 2 2 2 2 2 2 2 2 2 2 2 2 2 2 2 2 2 2 2 2 2 2 2 2 2 2 2 2 2 2 2 2 2 2 2 2 2 2 2 2 2 2 2 2 2 2 2 2 2 2 2 2 2 2 2
left_child=2 -2 3 4 5 6 7 8 9 10 -1 15 13 18 -7 16 30 26 52 20 -20 -21 81 -24 25 55 38 -28 -29 65 78 37 86 89 35 36 -35 58 43 40 41 42 -40 44 -16 46 47 -46 67 -14 51 57 -10 54 -37 79 -57 90 59 60 -32 70 63 -63 -17 -19 -38 -45 93 -70 71 87 -72 -60 -47 -69 -76 -41 -6 -12 -64 -4 -55 -67 92 -86 -33 -61 -80 -34 -23 -75 -74 -52 -54
right_child=1 -3 22 -5 11 14 -8 -9 12 -11 24 -13 49 -15 17 64 -18 29 19 21 -22 50 23 -25 -26 -27 27 28 -30 -31 31 32 33 34 -36 53 66 -39 39 77 -42 -43 -44 48 45 74 -48 -49 -50 -51 68 -53 94 82 -56 56 -58 -59 73 61 -62 62 80 -65 -66 83 -68 75 69 -71 72 -73 84 91 76 -77 -78 -79 88 -81 -82 -83 -84 -85 85 -87 -88 -89 -90 -91 -92 -93 -94 -95 -96
leaf_value=0.02345217419804083 -0.05235138831719905 0.010618918149754382 -0.021946570127770522 0.0012672143530333901 -0.0014438379778835256 0.0011813738947284841 0.011194215453327289 0.013569957024551427 0.001229649737958025 0.0024415207005717078 -0.0096491988407398938 0.0065303835315374467 -0.0011779118880762909 -0.0031605814497461565 0.0013468211808367234 -0.014454281681073166 0.031850267068822991 -0.001130821205752811 -0.003077078748195784 0.0020821033354168602 0.0011085637784999111 -0.025232315605054671 -0.033283242081164413 0.019853895136125035 -0.029984337589971904 0.0025804489673408506 -0.00010068787374732325 0.004041178318160657 3.9749345405524422e-05 0.0079323404350872817 -0.00057136842801588591 -0.024067834862514337 -0.017647898721001268 0.0067738105979179009 0.016201664730769446 0.013515015431071795 -0.0024469052272668873 0.0062243723741230725 0.00012130776443506094 -0.0008688413533689788 0.0098056204586234805 -0.0036347020802509409 0.0084879530123920643 6.6332248412755238e-06 -0.010823070139280605 1.2829968549152612e-05 -0.00032419783697326503 -2.1909942085892099e-05 0.001845859630355124 -0.015033463408147204 -0.010341938061987967 0.00047711793941282823 -0.015806328737877146 -0.023733046493737388 -0.0085170842203188286 0.0017512259344052504 -0.00056114326410732938 0.0021134340315713458 -0.00033923833597912159 -0.005358683973210608 0.015101535070841676 8.6733608141147464e-05 -0.00086831263782797966 0.0020626765559339259 -0.0058670804335711115 -0.01104481717037387 0.0014818481826105231 -0.00028646603368137066 0.0010019050000725361 -0.04305916331599919 9.1822813597360723e-05 0.0018905484758109878 -0.021535873938595667 -0.002243167014583383 -0.0022266122231738936 -0.015873197276435928 -0.0033271811147835917 -0.043894582557929079 -0.041937160030158502 -0.00081153329387025053 -0.0076313882406703806 -0.05271023491740208 -0.0019496987143994835 -0.0015853116685478764 -0.00068603734501811045 -0.15327797738473256 -0.089883248747951519 -0.0014756692544509009 -0.023477047261779963 -0.0047401344003000952 -0.0025424397294634806 -0.0023987834155302485 -0.046144280326533907 -0.0012465497612552531 -0.034941586213896723
leaf_weight=146 230 138 298 603 116 91 116 287 103 134 176 106 209 89 86 239 78 170 78 102 123 91 207 208 254 111 139 106 91 160 96 78 112 123 133 110 87 97 122 113 90 150 92 78 88 113 142 86 95 734 186 79 92 125 86 95 143 78 147 145 105 149 78 78 888 777 88 81 96 105 130 141 78 423 242 645 78 181 372 78 132 1553 80 130 106 149 142 79 102 79 78 118 459 78 269
leaf_count=110 138 54 66 155 108 55 100 155 95 46 176 46 101 45 86 67 62 86 78 102 123 91 59 100 90 99 139 106 91 136 92 78 104 123 121 110 87 97 122 113 66 150 92 78 88 113 138 86 95 270 186 79 56 109 86 95 123 74 143 129 89 149 78 78 360 417 88 81 96 101 98 117 78 419 242 645 78 153 360 78 132 321 72 114 106 93 142 79 102 75 78 118 459 74 209
internal_value=0.000904804 0.00778299 0.000754949 0.00108062 0.000913419 0.00144015 0.00232672 0.00199182 0.00154876 0.00372751 0.00203906 0.000167705 0.000588742 0.00164559 0.000555237 2.96623e-05 0.000420211 0.00041081 0.00119671 0.0020746 0.00640723 0.00108482 -0.00135954 0.000902399 0.000576916 0.0016848 0.00100766 0.00342682 0.00554004 -0.000944243 0.000281496 0.00052661 0.00174511 0.00242813 0.00329183 0.00244575 0.00458158 -3.09894e-05 0.000676266 0.00196798 0.00396491 0.00244289 0.00462173 0.00011488 0.00130285 0.000498938 0.00225865 0.00457982 -0.00098305 -0.00125127 0.00044997 0.00212677 -0.000861967 0.000834852 0.00279693 0.000440202 0.00223178 0.000418371 -0.000192051 0.000220019 0.00301609 -0.000105197 0.00169325 0.00424151 -0.00156556 -0.00141535 0.00104043 -0.00145272 -0.000717356 0.000642299 -0.000721114 0.000369827 -0.00115854 -0.00135062 -0.000776515 -0.00176514 -0.00139334 -0.00110235 -0.00134924 -0.00122122 -0.00104678 -0.00186979 -0.00102225 -0.00182379 -0.00153006 -0.000689082 -0.00140253 -0.00141419 -0.00175351 -0.00130353 -0.00120595 -0.00179131 -0.00191681 -0.00177006 -0.00184752
internal_weight=17367 368 16999 14733 14130 8276 4130 4014 3727 1137 1003 5854 2590 1647 4146 5748 4621 4055 1558 1094 201 893 2266 415 857 603 2818 336 197 1237 4543 3953 1243 1023 832 699 298 2710 2482 748 454 364 214 1734 835 749 316 174 899 943 791 326 464 401 196 492 238 247 2613 1925 201 1724 437 227 1127 1077 175 804 465 201 1287 365 922 688 433 726 320 294 590 254 210 1851 205 907 792 255 220 224 474 191 169 541 537 264 361
internal_count=12247 192 12055 11509 11354 6500 2930 2830 2675 817 771 4854 1858 1487 3570 4808 4381 3515 1442 1082 201 881 546 159 661 571 2762 336 197 753 4319 3749 1195 975 796 675 298 2554 2426 696 430 364 214 1730 831 745 312 174 899 371 779 322 360 377 196 472 218 243 2457 1777 181 1596 437 227 427 617 175 804 457 197 1159 325 834 680 433 726 320 266 570 254 210 387 181 531 736 199 220 208 462 179 169 537 537 260 265
is_linear=0
shrinkage=0.0686502


Tree=77
num_leaves=98
num_cat=0
split_feature=9 9 60 22 19 59 51 52 10 28 25 26 37 43 43 43 62 9 34 63 55 63 41 38 63 43 55 38 59 27 24 54 4 45 59 9 59 0 30 24 54 52 59 40 63 20 42 10 24 52 57 39 59 62 21 61 40 21 28 58 59 16 10 10 20 30 18 31 38 63 57 0 10 59 56 42 4 40 59 57 50 56 39 32 61 40 0 4 32 21 63 57 20 51 42 16 43
split_gain=2.75768 8.38042 2.39856 8.73249 2.27331 4.3234 1.81816 1.32251 2.18411 1.40249 0.964693 0.894816 0.80285 2.32227 0.958557 4.68574 0.682581 0.639308 0.601741 0.679857 0.595562 0.980025 1.59092 0.552084 0.520179 0.870442 0.712784 0.510898 0.61691 1.02599 0.55745 0.611579 1.26178 0.567382 0.564984 0.457246 0.580749 0.436645 0.417527 0.515516 0.408213 0.552528 0.779628 0.594039 0.585126 0.398463 0.388662 0.385119 0.859709 1.01578 0.369512 0.37503 0.334389 0.542582 0.703521 0.33374 0.327486 0.315679 0.307274 0.47482 0.589116 0.289529 0.287791 0.656685 0.525351 0.405215 0.886212 0.244802 0.166238 0.160371 0.22936 0.141724 0.137228 0.136745 0.128348 0.105728 0.104883 0.0943206 0.0828866 0.0788055 0.0710706 0.0702571 0.0387321 0.0328549 0.08142 0.0318194 0.0287164 0.027585 0.027 0.0115348 0.00699151 0.00690451 0.00628844 0.00415976 0.0014503 0.000587366 0.00295886
threshold=0.99762106698677389 0.99906486341235867 2.7750000000000004 31.355000000000004 38.887200992920782 4.3950000000000005 11412.219000000003 0.49750000000000005 -0.63872576220844923 70.750000000000014 29.335000000000004 85.050000000000011 40.54902166933816 31.069791666666671 30.100625000000001 30.031875000000003 37.882505215972067 -0.70252096857941215 0.24257483616850975 2.6130803440872374 1005.35 0.85829266585139241 29.780833333333337 0.66868540500946205 0.23153727232141288 29.100000000000001 1004.2500000000001 1.0748762883930694 2.3050000000000002 74.15000000000002 29.765000000000004 0.85350000000000004 1008.7500000000001 2298.2205000000004 6.8050000000000006 -0.86095304316285715 4.8950000000000005 2.3050000000000002 79.750000000000014 28.785000000000004 0.9295000000000001 0.99650000000000005 6.7350000000000012 0.10535653753042272 -0.76000824710158799 35.945731617827889 0.27896833725457115 0.98367285631203072 27.185000000000006 0.18050000000000002 1007.35 28.001666666666669 2.6750000000000003 37.579651225117516 29.685000000000006 12.615 0.049328828628295067 28.355000000000004 81.850000000000009 5.4850000000000012 6.5750000000000011 33.002656132467095 0.86527520261780289 0.77756834408811348 31.27238611025215 77.15000000000002 33.002656132467095 -0.45637714634386123 0.74630792524103629 0.68209280174687958 1006.7500000000001 6.7350000000000012 -0.88603780069526494 4.1350000000000007 1007.5500000000001 0.17088494591481054 1008.7500000000001 0.05033222957507575 3.7050000000000005 1004.6500000000002 15.300000000000143 1007.6500000000002 29.488333333333333 -0.12499999999999999 6.2150000000000007 0.25166114784239851 5.1350000000000007 1010.0500000000001 0.65000000000000047 30.035000000000004 1.6096040469949531 1009.1500000000002 33.464322301719285 15847.424000000001 0.20928847407923643 34.790919600522415 28.292500000000004
decision_type=2 2 2 2 2 2 2 2 2 2 2 2 2 2 2 2 2 2 2 2 2 2 2 2 2 2 2 2 2 2 2 2 2 2 2 2 2 2 2 2 2 2 2 2 2 2 2 2 2 2 2 2 2 2 2 2 2 2 2 2 2 2 2 2 2 2 2 2 2 2 2 2 2 2 2 2 2 2 2 2 2 2 2 2 2 2 2 2 2 2 2 2 2 2 2 2 2
left_child=2 -2 6 4 7 -6 12 8 -4 -9 18 20 13 14 15 23 73 -10 24 38 21 22 55 82 25 26 -11 28 87 -30 31 32 -31 -34 74 36 -26 -8 39 -20 75 42 43 44 -42 67 -41 62 -49 -50 79 -52 53 54 -22 -12 -46 61 69 76 -61 -43 63 65 -65 66 -29 -37 -53 70 -39 91 -67 -16 -33 -28 -60 -74 -72 80 -40 -70 -1 84 -54 -81 -59 -25 -85 -75 -79 -69 -64 -80 -23 96 -71
right_child=1 -3 3 -5 5 -7 37 9 17 10 11 -13 -14 -15 16 -17 -18 -19 19 -21 52 94 -24 27 35 -27 40 47 29 30 -32 34 33 -35 -36 45 -38 58 50 46 41 57 -44 -45 56 -47 -48 48 49 -51 51 68 83 -55 -56 -57 -58 86 59 60 -62 -63 92 64 -66 72 -68 71 81 95 78 -73 77 89 -76 -77 -78 90 93 85 -82 -83 -84 88 -86 -87 -88 -89 -90 -91 -92 -93 -94 -95 -96 -97 -98
leaf_value=-0.035179836321330968 0.011968250893105622 -0.083744005106081237 0.003228243177540893 0.010275812940271382 -0.0055855391548861556 0.028782923958377605 0.0034372592120941862 0.00069357776045280068 0.003138241634964796 0.0019521395487563668 0.0022210534420294783 -0.080043788249182207 -0.061390536691968825 0.0028168114878053398 -0.0027040746489310238 0.02184217737870638 0.00054365664200342785 -0.024534360342237514 -0.0020341703533272725 0.0018619939627048912 -0.031496417279075171 -0.020783596071714955 0.0084282455572579646 -0.040271364534516692 0.0033240821069342942 0.010885608491857433 -0.025874350446245396 -0.009177545144753628 0.0067035456170529886 0.002174107927489169 -0.021193125553122229 -0.019682156747625794 0.0028399126835096529 -0.01272212185532922 0.00093336585272750137 0.00074864144443748484 -0.00048765045573795281 0.0032904782514787709 0.002548706139138694 0.026669563392714139 -0.00020933245609731362 -0.0054533900789811279 -0.0036228264613015356 0.0046896975108186119 0.0017536646386313165 0.0019242943877813058 0.00059455367766885587 -0.10053267044256968 -0.051086791336988041 0.0060484941476549063 0.0015040395186693219 0.00039644267808909648 -0.0018368744099303211 -0.04496838084097881 0.00026411709221761491 -0.0030478689837545535 0.00044962568678492108 -0.0011038861482927866 -0.098058318742866649 -0.0087484914354041491 -0.012687180661076628 0.0019796944059852694 -0.047735804721764218 0.015613853456849324 -0.00029646729268560743 0.0042942369187116049 0.014889813888413567 -0.0038818996445124198 -0.00070975457359602999 -0.072461332220201805 -0.030252131867466898 -0.00012420505826915874 -0.00037337449603874648 -0.10368255700978023 -5.6738816875394921e-05 0.0005772225800653939 -0.001095142730507247 -0.0093548843760169406 -0.22282198624064223 -0.0053436287736305446 -0.0022872428557166287 -0.028686840777255036 -0.018577507493582078 -0.0072796624711959712 -0.028146814667109003 -0.024523022656158352 -0.0040669310395031258 -0.003362043840777278 -0.020807435868073463 -0.010263783309578825 -0.0094257906999114655 -0.02026076067449447 -0.15551972213331172 -0.16510806827378682 -0.0038443144854968872 -0.045037548942982703 -0.035347423382725472
leaf_weight=295 156 212 143 104 256 313 180 259 105 143 148 163 421 482 243 91 218 192 150 78 131 175 90 114 125 122 136 114 145 87 136 175 148 127 92 111 92 149 78 87 129 96 117 78 78 101 80 135 85 89 99 91 166 215 94 109 83 78 263 91 81 78 261 87 99 137 81 331 78 97 126 82 118 202 81 87 148 406 96 498 105 142 78 963 211 98 124 78 120 751 80 78 78 337 106 1703 78
leaf_count=291 72 120 75 36 96 113 144 131 105 143 120 143 85 118 95 31 70 128 146 78 111 99 54 106 125 122 136 114 145 79 116 171 148 127 92 111 92 97 78 83 129 96 117 78 78 97 76 135 85 89 99 91 102 63 82 93 83 78 127 79 81 78 261 87 99 113 81 319 78 97 102 74 110 134 81 87 148 362 80 494 105 142 70 639 143 94 124 78 100 227 76 78 78 237 70 519 78
internal_value=0.000983856 0.00685388 0.000855903 0.00172933 0.00146346 0.0056387 9.39649e-05 0.00113369 0.00477803 0.000896252 0.000698562 -0.000297146 0.000836717 0.00106615 0.000610781 0.00123334 -0.000889702 0.00138341 0.00139518 0.000363901 -0.000617825 0.00120889 0.00364767 0.000807604 0.00211215 0.00297154 0.00240939 0.00112311 0.00222764 0.0029187 0.00198829 0.00276207 0.00473435 0.00240242 0.00068447 0.000843679 0.00358715 -0.001176 3.38866e-05 0.00224509 0.00179646 0.00247509 0.00400437 0.00555312 0.00405721 -1.36713e-06 0.00485574 0.000380722 0.00257716 0.00575373 -0.000553267 0.00110525 -0.0012248 0.00042363 0.00278131 0.000853759 0.00680164 0.000480911 -0.00136402 5.09867e-05 0.00307313 0.00262331 -8.2337e-05 0.000443887 0.00415477 -0.000293221 0.00247218 -0.000680772 -5.58183e-05 -0.00168489 -0.000790006 -0.00134585 -0.00103136 -0.0015367 -0.00096107 -0.000799565 -0.00120743 -0.00147905 -0.00143244 -0.00143328 -0.00015411 -0.00109251 -0.00167098 -0.00172509 -0.00113087 -0.001816 -0.0013444 -0.00130743 -0.00192535 -0.00190708 -0.00190188 -0.00187231 -0.00183382 -0.00188265 -0.00178748 -0.00201862 -0.00162406
internal_weight=17367 368 16999 7916 7812 569 9083 7243 440 6803 6544 2691 5734 5313 4831 3417 1414 297 3853 1584 2528 628 347 3326 2269 1349 1227 2953 1183 991 846 710 362 275 348 920 217 3349 1506 317 1084 861 485 368 290 703 167 1770 309 174 1189 410 1900 440 225 257 161 376 3169 583 172 174 1461 1122 186 936 195 602 311 2586 708 491 741 1196 256 223 411 604 559 779 183 220 373 1460 377 596 202 192 1083 953 486 409 339 433 281 1878 175
internal_count=12247 192 12055 6312 6276 209 5743 6067 308 5759 5628 1819 3954 3869 3751 3225 526 233 3809 1564 1676 436 267 3194 2245 1349 1227 2833 1143 959 814 698 354 275 344 896 217 1789 1486 305 1084 861 485 368 290 679 159 1690 309 174 1181 410 1240 256 193 213 161 376 1645 435 160 174 1381 1042 186 856 195 582 311 1210 516 471 661 456 252 223 275 548 419 771 183 220 361 984 245 588 202 184 739 361 438 397 339 317 169 694 175
is_linear=0
shrinkage=0.0686502


Tree=78
num_leaves=99
num_cat=0
split_feature=9 9 25 3 20 38 28 44 63 53 4 27 53 43 28 8 24 19 63 38 54 45 52 63 34 57 24 33 22 0 32 52 49 60 56 17 16 43 25 37 63 27 4 26 61 21 40 0 24 52 9 30 43 56 38 29 45 45 48 29 59 44 25 56 63 20 2 54 53 31 16 18 54 9 1 57 38 18 49 40 37 37 34 30 9 28 35 57 52 48 4 22 24 1 19 4 0 2
split_gain=2.85165 8.38042 2.20798 1.14781 1.91055 4.1215 6.84188 6.59929 2.20308 5.36812 1.91575 1.68853 1.34402 1.08964 0.944327 0.560395 0.686689 0.465672 0.634516 0.649551 0.59262 1.62131 0.642419 0.479166 0.581444 1.10005 0.464133 0.609903 1.19967 0.458368 0.443881 0.553699 0.434468 0.425492 0.639187 0.424709 0.495671 0.555596 0.432619 0.417074 0.410258 0.394886 0.924698 0.39377 0.45534 0.602158 0.552409 0.339231 0.613127 0.320723 0.320389 0.744209 0.297621 0.290032 0.257464 0.444867 0.674006 0.253802 0.25326 0.243377 0.228419 0.220035 0.21202 0.263871 0.553967 0.208215 0.203525 0.190919 0.279905 0.182169 0.17019 0.853843 0.157303 0.145553 0.260063 0.200969 0.127709 0.275376 0.113795 0.110854 0.160097 0.0889355 0.075925 0.065492 0.0632001 0.0525855 0.0410103 0.0326848 0.0155827 0.00949841 0.0268381 0.00762233 0.00629901 0.00604974 0.00557877 0.0049153 0.00267663 0.00158787
threshold=0.99762106698677389 0.99906486341235867 31.025000000000002 0.12850000000000003 36.924876064418562 1.0093519167493918 81.65000000000002 0.45223308641116111 0.10820577610958183 0.86550000000000005 1003.7500000000001 74.850000000000009 0.38550000000000006 30.674166666666668 83.15000000000002 -0.70710678118654757 30.085000000000004 32.756804173735823 -1.2762081906493916 2.0751308698277451 0.39350000000000007 2264.0930000000003 0.38550000000000006 1.0000000180025095e-35 0.15435807601121601 1005.35 28.955000000000002 33.495588719684648 28.555000000000003 1.8950000000000002 -0.1199999999999992 0.99050000000000005 466.15000000000003 2.3950000000000005 1007.35 33.627034372599518 36.88575024850919 29.602291666666673 28.035000000000004 33.04318495011816 -0.88102199796555059 78.15000000000002 1007.6500000000002 84.450000000000017 6.0450000000000008 28.945000000000004 0.065574385243026737 4.9350000000000014 29.225000000000005 0.48050000000000004 -0.97873101657557326 81.250000000000014 29.862291666666668 1007.2500000000001 1.1876957209648367 82.550000000000011 2264.0930000000003 2375.5260000000003 56.45000000000001 83.050000000000011 3.8650000000000007 0.61930813989085431 25.200000000000006 1007.2500000000001 -0.20175341778327646 33.793195764266031 726.1500000000002 0.98850000000000005 0.98650000000000004 -0.036870259898147843 32.722438019323185 32.957203969836137 0.99850000000000005 0.49002412863433359 0.115 1008.1500000000002 0.57650252165737603 34.769126204680944 427.9500000000001 0.11357816691600404 34.24450677144042 33.425306090630492 0.42810139235807582 78.950000000000017 -0.66484924122790601 85.450000000000017 35.67707341896147 1006.9500000000002 0.17550000000000002 319.05000000000001 1008.0500000000001 26.825000000000003 29.355000000000004 15.465000000000002 36.124860059086934 1009.0500000000001 5.0950000000000006 70.450000000000003
decision_type=2 2 2 2 2 2 2 2 2 2 2 2 2 2 2 2 2 2 2 2 2 2 2 2 2 2 2 2 2 2 2 2 2 2 2 2 2 2 2 2 2 2 2 2 2 2 2 2 2 2 2 2 2 2 2 2 2 2 2 2 2 2 2 2 2 2 2 2 2 2 2 2 2 2 2 2 2 2 2 2 2 2 2 2 2 2 2 2 2 2 2 2 2 2 2 2 2 2
left_child=2 -2 3 14 15 8 7 -7 9 -6 -10 -11 -9 52 29 50 17 62 39 20 21 -20 -22 24 25 -24 27 59 -29 -1 31 -27 -30 58 -35 82 37 38 -37 -19 -28 42 -18 44 47 -46 -47 83 -49 -23 51 -5 53 -12 72 66 -57 97 -4 -26 -13 93 -17 64 65 -64 95 68 -45 -32 71 92 76 75 -75 -65 77 -52 -48 80 96 91 -25 -40 -43 86 89 -85 -72 90 -78 -77 -31 -42 -69 -56 -41 -14
right_child=1 -3 33 4 5 6 -8 12 10 11 13 60 57 -15 -16 16 41 18 19 -21 22 49 23 35 26 30 40 28 32 70 69 -33 -34 34 -36 36 -38 -39 43 79 61 84 -44 67 45 46 78 48 -50 -51 54 -53 -54 -55 55 56 -58 -59 -60 -61 -62 -63 63 73 -66 -67 -68 94 -70 -71 88 -73 -74 74 -76 81 85 -79 -80 -81 -82 -83 -84 87 -86 -87 -88 -89 -90 -91 -92 -93 -94 -95 -96 -97 -98 -99
leaf_value=0.0035699392682204578 0.01114662788671909 -0.07799496108480744 -0.026070134370105604 0.0012095041717985308 0.0074579950544953668 0.015896547892050705 0.0035328160316134183 0.00023780038790281719 0.0057708159383264091 0.0028795688843451521 0.0015986896610774659 -0.017574231957280632 -0.0061226341858272746 0.0029360934906610039 0.0029814987082384284 0.006331164769345806 0.057768656597907753 0.0014745682263610001 0.0076428749790102054 -0.00087698483752450486 0.0037596271251093315 -0.024053148240385784 0.0031984616789079122 -0.0090762759553959169 0.00072881672491961367 0.00037252486551155788 0.0015522292243832299 -0.0039627330709567652 -0.0075269241431702482 -0.024944131337182741 0.0011442001229280126 0.00038230584801335847 0.0021576021544491299 0.017219490606624071 -0.026446430002873271 0.0043002748176523978 -0.021846599799859385 -0.0014689479734293989 -0.022705559207857409 -0.010582575356039365 -0.0054232063582033575 -0.0018960505135958144 -0.069783902092229358 -0.0057121017273170475 0.0010897664233927848 0.0016381436763193719 -0.001479535574387006 0.0022947450521244653 -0.014067003735956454 -0.0030587484760609563 0.0036755698016871802 -0.044664587251300958 -0.0049820557093193428 -0.081466953196575501 -0.057308738637160656 0.014800501968874207 -0.038241704535075763 -0.00067855683414004791 -0.052539268395081017 -0.030153249529228952 -0.00092085601558056706 0.0021010113744664564 0.0016871566049458647 0.0022799244846921974 0.001033599195970599 -0.0062683182516049592 0.00073856752281149882 -0.0089603767308046259 0.00067165465791302337 -0.0042670485480309885 -0.006124102236647614 -0.0017864129406019575 0.00089831069937656831 0.0047655522784789137 -0.027661886563150714 -0.032475132721590652 -0.031361679292234469 -0.02316357797550957 0.00043439284889832931 -0.032030416641491137 0.0018632824260948868 -0.00076945242889869586 -0.00093683778812893932 -0.0016293483780286384 -0.0029215918599654442 -0.0038350610831840146 -0.0019037930260629363 -0.0029459936054511506 -0.036700897103141582 -0.022892819263608359 -0.057090044299807359 -0.054288577572943301 -0.0018323192242001224 -0.00055555899103367293 -0.0027692351107612757 -0.15326109880137767 -0.027470214335787144 -0.043095360699699499
leaf_weight=147 156 212 324 90 155 115 127 154 293 92 96 224 191 479 155 105 133 107 120 80 118 118 135 259 82 78 105 90 99 262 87 125 81 214 201 108 202 81 103 78 256 113 170 86 152 95 114 106 96 89 111 84 1153 81 167 101 118 145 1527 117 187 80 93 84 78 123 78 205 117 128 864 86 144 78 98 78 82 164 78 271 155 78 86 78 494 98 212 169 173 548 128 460 78 79 78 78 90 107
leaf_count=139 72 120 68 90 63 59 87 42 85 44 92 80 95 139 147 105 101 107 104 60 110 118 135 259 82 78 105 90 99 262 87 125 81 90 69 108 142 81 99 78 228 113 90 86 152 95 114 98 96 81 103 84 425 73 159 101 94 69 319 117 127 76 93 84 78 107 78 205 117 120 440 86 140 78 98 78 82 128 66 259 139 78 86 78 342 98 144 169 77 544 124 460 78 79 78 78 90 71
internal_value=0.000885041 0.00685388 0.000754949 0.00106198 0.00128564 0.0026304 0.00684134 0.00419192 0.00134554 0.00480794 0.000256662 0.00133834 0.00126348 -0.000576142 -0.000578057 0.000768189 0.00106263 0.0013192 0.00161889 0.00193253 0.00181247 0.00462225 0.00157226 0.00141221 0.00234243 0.00412739 0.00133455 0.00289726 0.00501372 -0.00107459 0.00235425 0.00464542 0.00171173 -0.00123843 0.000737549 0.000760586 0.00117086 0.0015622 0.00127111 -0.0002887 -6.89917e-05 -0.000694759 0.00131556 0.000957199 0.00174275 0.00339075 0.00150278 0.000417288 0.0026537 0.000893879 -0.000187286 0.00262331 -0.00158931 0.00100569 -0.000432571 0.000841839 0.00322449 -0.000650919 -0.0016845 0 -0.000541631 -0.00105076 0.000143819 -0.000118614 0.00165074 -0.000127564 -0.000764716 -0.00063434 0.000951664 0.00015036 -0.0014445 -0.000273681 -0.000900952 -0.000720115 0.00102296 -0.00116701 -0.0011343 0.000167393 -0.000597652 -0.00100813 -0.000129928 -0.00160151 -0.00144142 -0.00086419 -0.00170757 -0.00147412 -0.00162707 -0.00147393 -0.00191941 -0.00186794 -0.00137146 -0.00191708 -0.00183449 -0.00183114 -0.00178939 -0.00174774 -0.00160607 -0.00180292
internal_weight=17367 368 16999 14733 12968 3599 839 712 2760 658 2102 503 597 1809 1765 9369 7166 6256 4981 4280 4200 327 3873 3755 1542 553 989 469 270 1610 418 203 180 2266 415 2213 1868 1666 1585 701 520 910 303 1477 991 439 287 552 202 207 2203 174 1330 177 2029 542 219 443 1851 199 411 415 1275 1170 294 216 323 486 203 215 1463 426 1487 876 176 700 1343 275 192 594 323 616 345 350 607 1068 970 247 1037 758 210 538 340 335 283 245 168 298
internal_count=12247 192 12055 11509 10280 1551 423 336 1128 314 814 251 277 729 1229 8729 6682 6036 4777 4104 4044 303 3741 3631 1502 545 957 469 270 1082 410 203 180 546 159 2129 1784 1642 1561 673 488 646 191 1453 967 427 275 540 194 199 2047 174 590 165 1873 510 195 235 387 199 207 383 1259 1154 278 200 315 486 203 207 943 426 1363 876 176 700 1223 231 180 566 307 616 345 346 455 992 894 247 517 750 206 538 340 307 283 237 168 166
is_linear=0
shrinkage=0.0686502


Tree=79
num_leaves=102
num_cat=0
split_feature=25 9 38 43 1 53 10 19 37 35 37 19 56 10 9 9 21 9 9 18 29 53 60 25 55 42 42 21 63 24 10 3 63 38 38 9 18 0 50 4 0 25 20 18 23 59 0 55 10 9 39 4 35 17 35 27 26 58 30 27 9 38 4 27 1 9 22 37 27 40 24 1 25 25 10 49 9 57 10 26 5 19 28 54 25 19 60 9 1 10 30 63 1 0 17 0 21 61 31 21 4
split_gain=2.58298 2.39257 11.1149 2.47253 1.19056 1.69585 1.79639 1.04736 7.16062 0.944278 3.23338 0.836915 1.5621 4.30311 0.655343 0.829706 0.591732 0.60999 1.0964 0.693241 0.5587 0.781528 0.879129 1.25086 0.577593 0.540621 0.548341 0.495697 0.673029 0.469771 0.839211 0.967971 0.614843 0.537674 0.677301 1.08125 0.624383 0.618887 0.874534 0.45824 0.448709 0.437108 0.645961 0.591275 0.779727 0.964479 1.00121 0.431009 0.424358 0.683937 0.430574 0.421706 0.35634 0.545611 0.444596 0.330149 0.325929 0.506535 0.278478 0.269918 0.266845 0.446424 0.221117 0.295264 0.218143 0.212834 0.188508 0.161108 0.151997 0.216544 0.391133 0.202619 0.151276 0.239385 0.144867 0.142399 0.108774 0.0985155 0.0899337 0.0772205 0.0751158 0.0646865 0.0602797 0.0580435 0.0564065 0.0506182 0.0502462 0.0329368 0.0321643 0.0304052 0.0303825 0.0232728 0.00735157 0.0070238 0.00634068 0.00580679 0.00507128 0.00348452 0.00330245 0.00311059 0.00275954
threshold=31.025000000000002 0.99466160899732492 1.2718124586821673 31.069791666666671 2.4750000000000005 0.35150000000000003 -0.55599684127981919 38.337443076142939 38.236802145795714 37.694541444109078 37.577565774427967 37.535013371969896 1004.7500000000001 -0.7721279831368929 0.75548631800528565 0.6254047815183511 28.355000000000004 -0.3171883513140959 -0.49750868180287638 35.056805295030195 81.550000000000011 0.85750000000000004 6.6350000000000007 29.055000000000003 1004.0500000000001 0.25637537333930233 0.23523746867046452 29.745000000000001 -0.21797553435147418 27.185000000000006 0.98367285631203072 0.35750000000000004 1.2316242542609823 0.71913149285497824 0.9751554819081687 0.87795195455888941 35.204338757574277 4.1550000000000011 59.508333333333468 1008.9500000000002 6.6750000000000007 29.355000000000004 35.732639266595037 35.597419877623388 28.895000000000003 4.4350000000000014 5.9150000000000009 1005.2500000000001 -0.83352489619613901 -0.49750868180287638 29.654999999999998 1006.85 32.80729365226977 32.065205026643568 33.889415626149749 81.550000000000011 73.450000000000017 4.4750000000000005 74.750000000000014 81.850000000000009 -0.24284747324344261 1.8818698369518625 1005.4500000000002 80.350000000000009 1.405 0.94697898371965716 28.505000000000006 34.93245553286966 79.15000000000002 0.21252427688516129 28.345000000000002 0.115 28.835000000000004 28.575000000000003 -0.92910699518418138 622.00000000000011 -0.3896268414500369 1008.35 -0.90878397393106225 69.65000000000002 -0.25881904510252113 34.884815805500672 73.050000000000011 0.92450000000000021 29.435000000000006 34.654692766855639 6.2150000000000007 -0.99052327954040364 11.845000000000001 -0.48248986924805465 75.550000000000011 0.23153727232141288 12.250000000000002 4.6350000000000007 32.479843260285925 6.9350000000000014 28.645000000000003 2.1150000000000007 0.30366866986911495 28.535000000000004 1006.35
decision_type=2 2 2 2 2 2 2 2 2 2 2 2 2 2 2 2 2 2 2 2 2 2 2 2 2 2 2 2 2 2 2 2 2 2 2 2 2 2 2 2 2 2 2 2 2 2 2 2 2 2 2 2 2 2 2 2 2 2 2 2 2 2 2 2 2 2 2 2 2 2 2 2 2 2 2 2 2 2 2 2 2 2 2 2 2 2 2 2 2 2 2 2 2 2 2 2 2 2 2 2 2
left_child=1 3 84 4 11 6 -6 9 -9 10 14 12 13 -1 15 16 17 18 19 40 21 22 23 -18 55 26 41 29 -29 80 32 58 33 51 35 36 64 38 -36 -8 47 42 43 44 59 -46 -47 -7 49 -26 66 -31 53 -49 85 -22 82 -58 -32 -23 61 67 63 -50 77 90 -51 89 79 71 -71 -70 73 -27 -43 -11 -68 -35 -30 -34 -14 -19 -2 -74 -3 -54 -78 -64 -45 -39 -13 -16 -89 -81 -82 -85 -73 -80 -76 -61 -42
right_child=56 2 -4 -5 5 7 39 8 -10 75 -12 65 27 -15 91 -17 20 81 -20 -21 24 25 -24 -25 48 72 -28 28 78 30 31 -33 68 34 37 -37 -38 60 -40 -41 100 74 -44 88 45 46 -48 52 62 50 -52 -53 54 -55 -56 -57 57 -59 -60 99 -62 -63 87 -65 -66 -67 76 -69 69 70 -72 96 83 -75 98 -77 86 -79 97 93 94 -83 -84 95 -86 -87 -88 92 -90 -91 -92 -93 -94 -95 -96 -97 -98 -99 -100 -101 -102
leaf_value=0.014570819157446678 -0.0073964981252288104 -0.0052594966282871374 0.010452583497897161 0.0015893643905895603 0.0028673783938912294 0.00072867752012098475 -0.01756519896070502 0.02904805315205175 -0.00090844037852609572 -0.0064948103693193305 0.10877541600303603 -0.089705756263668446 -0.023550838963441137 -0.070625518235767515 -0.053964075661455328 0.0047855374127396067 0.00043945020900292356 -0.050171383304091807 0.0115864581923354 0.0068940481752650558 0.00029622151440644907 -0.0020408189167651419 -0.00080275007157608769 0.0023693364221476936 0.0018013042867039474 -0.0030219723250236134 -0.0016831020799286361 0.0019700007684611944 -0.0040716103479461179 0.00055565725856991134 0.0034847641643645931 0.0053741150296392612 -0.0096305913199721052 0.000827897698861119 -5.5618467541223654e-05 0.0049686135368653093 0.00066491083625201783 -0.018124958384117699 0.0058196095821232913 0.0028884486544722004 -0.014157864491624848 -0.00010638414491568328 0.0039878240244014904 -0.031537978270609078 -0.000302230202560541 0.0076849434406338303 0.0015468944229162132 -0.0015122219810216008 0.0020125857925769029 0.0014382314774275397 0.0014557504681112039 -0.030944183854191471 -0.01299865702848137 0.0023866800522974064 0.0068993155012856749 0.0013701596814724743 -0.0255932031379668 0.00049068855175864949 -0.0025269286198356029 -0.0025627953812181153 -0.032638257885910037 0.0029624481988186949 -0.00046743346437491039 -0.010647841762476152 0.0012153560880328012 -0.02569455321469823 0.00033055015271791306 -0.0024224496280940175 0.0023123629966046626 -0.013573384490626688 0.0040458361354350257 -0.012755326285487504 -0.00052105481157858013 0.00094920762595166646 -0.0028785699279888404 -0.0059372065081318105 -0.0023229800561103365 -0.025839383685558815 -0.065349715444376649 -0.049209368348163911 -0.05424354597501186 -0.0021519721332736818 -0.050507500960255323 -0.021651828188409321 -0.24468424945524669 -0.00010041465633970015 -0.036969967251327729 -0.015865781103769259 -0.0034174436721367738 -0.00076078602664156737 -0.010062948619323202 -0.035080396801118741 -0.019201445573399933 -0.011540342685170917 -0.03344311756743313 -0.023360506280574511 -0.0057713683808450125 -0.013919129615363377 -0.0047490061566521913 -0.00039862077217253791 -0.040655109534050958
leaf_weight=121 309 97 121 603 123 82 136 254 445 470 93 209 80 167 266 110 81 117 145 118 117 96 85 78 114 127 100 226 138 87 78 84 83 82 161 95 83 141 143 89 78 96 156 162 131 80 89 85 100 97 80 300 145 78 80 97 436 509 98 78 237 97 91 94 97 250 87 79 79 78 78 175 94 80 138 228 124 98 702 348 266 78 1122 235 169 100 327 675 78 78 761 108 83 78 78 79 78 114 84 101 92
leaf_count=97 89 97 61 155 59 82 96 110 149 210 53 73 80 107 130 58 81 117 145 118 113 96 77 78 114 127 96 134 94 87 78 84 83 82 153 95 83 141 143 85 78 92 152 146 131 80 89 85 88 93 72 292 145 78 80 97 128 125 98 78 233 97 91 86 97 126 87 79 79 78 78 175 78 80 118 80 124 98 442 348 266 78 226 191 101 100 311 631 78 78 273 92 83 74 78 79 78 66 60 101 92
internal_value=0.000940377 0.00127385 0.00659463 0.00113186 0.00094571 0.0015058 0.00618528 0.00128701 0.00381789 0.0010256 0.00129936 0.000229051 0.000628414 0.00552257 0.00110029 0.00128536 0.00116576 0.00251744 0.00320096 0.00225128 0.000790216 0.00154071 0.0052036 0.00819576 -1.65748e-05 0.00108872 0.00183935 0.000321829 -0.000890436 0.000737085 0.00103716 0.0047591 0.00068427 0.00144998 0.00208026 0.00425252 0.00249272 0.00101382 0.00355209 0.00247814 0.0014559 0.00144989 0.00217393 0.00138522 0.00258124 0.004993 0.00839963 0.00238157 -0.000406161 0.000748475 -3.58399e-05 -0.000801314 0.00158273 0.004189 0.000246904 0.00334712 -0.00116092 -0.000164946 0.00179675 -4.32207e-05 -0.000204185 0.000878658 -0.00132865 0.000739068 0.000891055 -0.00137836 -0.000644394 -0.000427353 -0.000676162 0.000180106 0.00228661 -0.000799664 -0.000598482 0.000893879 -0.000744449 -0.00136076 -0.00115351 -0.000500968 -0.00169168 -0.00150551 -0.00139483 -0.000969448 -0.00181417 -0.00136885 -0.00125884 -0.00119061 -0.00158622 -0.00180772 -0.00145695 -0.00139955 -0.00183908 -0.00167201 -0.00195834 -0.00187976 -0.00183709 -0.00181594 -0.00175755 -0.00196552 -0.00171565 -0.00163371 -0.00161136
internal_weight=17367 14991 387 14604 14001 7854 348 7506 699 6807 6109 6147 4927 288 6016 5642 5532 1198 1003 858 4334 2248 244 159 2086 2004 1389 4639 1180 3459 3035 260 2775 1778 1391 455 360 936 304 225 740 1289 971 815 575 300 169 570 1872 829 715 387 488 163 325 214 2376 945 176 275 632 395 1043 194 277 1220 635 298 997 488 156 332 615 207 318 698 538 180 954 509 424 195 1431 408 266 245 451 849 240 219 970 374 758 426 344 314 253 816 222 179 170
internal_count=12247 11679 259 11420 11265 6418 240 6178 259 5919 5629 4847 4375 204 5576 5354 5296 1198 1003 858 4098 2108 236 159 1990 1872 1317 4171 736 3435 3011 260 2751 1758 1379 455 360 924 296 181 740 1221 951 799 575 300 169 570 1780 801 687 379 488 163 325 210 568 253 176 275 628 395 979 174 277 472 615 298 993 488 156 332 555 207 270 290 522 180 602 505 424 195 315 348 198 245 435 805 224 219 346 222 714 422 344 270 253 508 178 179 170
is_linear=0
shrinkage=0.0686502


Tree=80
num_leaves=93
num_cat=0
split_feature=26 9 38 38 10 37 0 9 28 30 59 0 38 10 10 10 38 24 19 62 0 40 27 62 35 9 54 0 49 20 39 30 44 54 60 53 44 50 54 47 44 57 34 1 36 0 36 63 8 62 19 29 63 4 55 29 10 26 36 62 44 60 54 41 0 60 34 52 20 30 54 43 44 0 46 53 52 19 20 23 10 17 50 9 47 46 20 1 0 1 59 38
split_gain=1.78992 2.49437 4.1237 1.74328 2.55322 12.476 8.59067 1.14939 1.32593 1.17436 1.02974 0.875519 1.27234 1.56398 0.804971 2.62077 1.03942 0.809088 1.45988 0.762063 0.739615 0.955132 1.91985 0.792501 1.26564 0.713543 0.863437 0.695393 0.686086 0.685734 1.06766 0.94644 1.39329 0.55292 0.64168 1.42555 0.526963 0.524216 0.522935 0.556348 1.09548 1.0027 0.507474 0.53257 0.473901 0.473764 1.13277 0.470377 0.382464 0.381252 0.368223 0.330849 0.315735 0.368429 0.304057 0.364765 0.285723 0.287472 0.262388 0.260784 0.258039 0.246159 0.405348 0.239473 0.495874 0.22293 0.222044 0.221852 0.209477 0.199102 0.179134 0.146371 0.204265 0.13529 0.127592 0.131548 0.101043 0.093376 0.192838 0.0922604 0.0667869 0.0595247 0.048336 0.0467271 0.0383781 0.034119 0.0253046 0.00758793 0.00457126 0.00336096 0.00177202 0.000190238
threshold=73.050000000000011 0.99762106698677389 1.2017362450155016 0.85451349064913096 -0.82389248692129191 37.475609673578198 5.5050000000000008 -0.97873101657557326 65.850000000000009 82.250000000000014 4.0950000000000006 4.1750000000000007 0.92006653908275038 -0.9668120007078248 -0.48248986924805465 -0.45205545877835862 0.87814061373707442 30.085000000000004 37.033454297654806 33.999814252591143 3.9250000000000003 0.11015141094575694 76.65000000000002 37.579651225117516 40.077441685595403 -0.66484924122790601 0.93550000000000011 6.9050000000000011 792.6500000000002 37.584339300126814 28.666666666666668 81.15000000000002 0.42996102768206429 0.087500000000000008 0.015000000000000001 0.45150000000000007 0.47216871641633057 3.608333333333523 0.12850000000000003 14.250000000000002 0.80074619785067747 1009.7500000000001 0.14096171170370983 8.5250000000000004 0.23604943294905606 1.9450000000000001 0.64646282719666692 -0.20175341778327646 0.37940952255126048 27.68919714515788 35.571745272206591 71.950000000000017 0.56896069559845952 1008.6500000000002 1005.7500000000001 80.65000000000002 -0.97106408147883394 84.350000000000009 0.85494289212087005 36.377700574873607 0.69318877906904319 10.565000000000003 0.95350000000000013 28.070000000000004 3.9250000000000003 1.405 0.05913021192434955 0.34550000000000003 34.614484974452687 84.750000000000014 0.26950000000000007 28.608541666666671 0.49479592442332276 8.5650000000000031 29.205000000000002 0.99650000000000005 0.99250000000000005 35.226852402019652 34.712228589604216 28.275000000000002 -0.84291031405530259 34.769126204680944 30.350000000000062 -0.49750868180287638 485.30000000000001 29.575000000000003 30.430467311349968 10.025 3.2550000000000003 6.7650000000000006 3.4050000000000007 0.60347037476198617
decision_type=2 2 2 2 2 2 2 2 2 2 2 2 2 2 2 2 2 2 2 2 2 2 2 2 2 2 2 2 2 2 2 2 2 2 2 2 2 2 2 2 2 2 2 2 2 2 2 2 2 2 2 2 2 2 2 2 2 2 2 2 2 2 2 2 2 2 2 2 2 2 2 2 2 2 2 2 2 2 2 2 2 2 2 2 2 2 2 2 2 2 2 2
left_child=10 3 -3 7 5 11 -7 9 -9 -2 28 -5 13 -13 25 -16 -17 18 19 27 59 22 -22 24 29 26 -6 33 45 30 68 44 47 63 35 -35 -36 -11 -38 49 41 -41 43 -14 -32 46 70 -33 77 -40 69 -27 53 54 55 -23 -49 -58 89 67 -19 71 -63 64 -18 -44 -12 -10 -24 -51 -1 72 -21 -29 75 80 -64 78 88 -67 -69 -72 -54 -56 -81 -73 -68 -82 -47 -28 -53 -88
right_child=1 2 -4 4 14 6 -8 8 20 37 66 12 42 -15 15 16 17 60 -20 61 21 52 23 -25 -26 51 58 73 -30 -31 31 32 -34 34 36 -37 38 -39 39 40 -42 -43 65 -45 -46 48 -48 56 -50 50 -52 90 82 -55 83 -57 57 -59 -60 -61 -62 62 76 -65 -66 79 86 74 -70 -71 81 85 -74 -75 -76 -77 -78 -79 -80 84 87 -83 -84 -85 -86 -87 91 -89 -90 -91 -92 -93
leaf_value=0.004179681575248703 -0.00097055721797315129 -0.021668161802715788 0.0083115024587740189 0.0029489824044048461 0.0026753294926776037 -0.070621560114088433 0.027262249301083313 0.0024273866297623787 0.0035190610006278823 0.00098281849942685241 0.00089795240515029226 -0.0029328643374707947 0.0060693698297171221 0.013960870744516619 0.0035013334494099838 0.0021200788221927367 0.0045982658608326532 0.0081637157088363561 0.0024757355034158162 -0.018456200341292424 0.005591024761496366 -0.0055429819423116738 -0.013239642222891526 -0.0015626326429190661 -0.019026011284634093 -0.0027389990095648144 -0.019879011267284138 -0.032057664063845956 0.0071786513448526745 -0.0070398321161605588 0.0016050523673846789 0.0011589815976499472 0.0040280237023573766 0.00023849533747615775 0.00092308528383143191 0.015769572480521521 0.0081644060759481444 -0.0017963323727294609 0.0028850417807078227 0.00014431614304536255 -0.0045017103787750304 -0.0018606828582491059 7.4638040173378038e-05 -0.004498382417363847 -0.050668187749881334 -0.04628430637054004 -0.0038112984887308178 -0.019757578143722167 0.0033994342079381248 -0.013871876157806445 0.0003329140591110442 -0.038844515807140559 -0.0011234193003713357 0.010272070568076028 -0.002896391983281441 0.0020234121248045699 0.00074948239255686992 -0.00060606072753387121 0.0015200128263413112 -0.0060205933226974368 -0.013238507396475568 0.0010268935903374251 -0.017006207085643186 -0.010420825876187896 -0.0077685854016969549 -0.00019386787898772431 -0.11562347880462429 -0.0019700826936459134 0.00043189894336902683 0.00051121901911928616 -0.022986065883562008 -0.035845113966643985 0.00074857310249329021 0.0016281768046509557 0.001378813678060901 -0.00027660482417935222 -6.3025357077232963e-05 -0.098890121928760052 0.0043281055502248159 -0.0026773011613597788 -0.028745680563220338 -0.0011419596996819037 -0.025138126422255772 -0.0095754977931040829 -0.00066843710217676425 -0.010945231804035298 -0.27731370770820396 -0.0060073946609953801 -0.056478790411442818 -0.0040784646840172009 -0.022294471300542268 -0.065197314029099507
leaf_weight=105 80 144 121 143 135 186 123 105 151 85 180 97 164 112 164 123 79 144 81 99 227 94 339 461 100 187 108 216 231 352 181 121 123 111 103 82 79 133 80 95 146 86 128 173 198 151 85 89 153 340 100 136 147 83 125 101 104 81 79 997 496 82 96 156 81 115 123 155 91 95 122 398 129 82 125 148 80 431 131 493 452 84 707 272 85 90 182 78 78 78 693 1393
leaf_count=97 80 116 49 123 135 78 79 33 147 85 80 93 152 108 80 95 79 88 49 99 119 86 339 165 28 87 108 216 123 136 149 121 115 111 103 82 79 133 80 95 146 86 104 141 154 143 61 89 137 340 100 52 111 79 125 97 96 81 79 325 296 78 96 156 81 99 123 155 91 95 114 330 129 82 109 148 80 127 107 393 452 60 283 240 69 78 50 78 78 78 313 613
internal_value=0.000794132 0.00114118 0.00772303 0.00101225 0.00175225 0.00397298 0.0165089 0.000198089 -1.48026e-06 0.00435232 -0.00060472 0.00139096 0.000848525 0.00575914 0.000992373 0.00150007 0.00112489 0.00091114 0.00138668 0.00112843 -0.000134792 0.000412924 0.00124911 0.000634732 0.00129378 -0.000407027 0.00203913 0.00191815 0.000689545 0.000839687 0.00155621 0.00290467 0.00480859 0.00247537 0.00309365 0.00675558 0.00245239 0.00168436 0.00196691 0.00150364 0.00378618 0.00733539 -3.93162e-05 0.00219355 0.000280429 8.82327e-05 0.00208038 0.00278349 -0.000743838 0.000275526 -0.000380598 -0.00137673 -0.000932747 0.000169897 -0.000426175 0.00177324 0.00117243 0.00271524 -0.000225203 -0.00117609 -0.00129758 -0.000432408 0.00137175 -8.73783e-05 0.0017537 -0.00096443 -0.00168988 -0.000444752 -0.00124495 -0.00125428 0.000130528 -0.00109123 0.000324357 -0.00111514 -0.000834588 -0.00114472 -0.000465835 -0.00135613 -0.000517391 -0.00145458 -0.00154754 -0.00102725 -0.00180919 -0.00152208 -0.00180843 -0.00176227 -0.0019335 -0.00191493 -0.0017261 -0.00164961 -0.00196699 -0.00201077
internal_weight=17367 13918 265 13653 7148 1819 309 6505 6207 298 3449 1510 1367 209 5329 3913 3749 3626 2986 2905 6102 3996 2467 2240 1779 1416 400 1931 1571 1679 1327 897 518 1633 1317 193 1124 218 1021 942 327 181 1158 337 379 1340 396 395 944 615 535 1016 1529 675 592 195 274 185 265 2106 640 974 258 316 160 821 1878 1109 430 435 311 716 228 298 958 833 176 791 360 693 685 206 854 397 578 488 1698 530 229 186 829 1575
internal_count=12247 10334 165 10169 5720 1439 157 4449 4151 298 1913 1282 1159 201 4281 3429 3349 3254 2870 2821 4118 2704 1683 1564 1399 852 400 1931 1047 1371 1235 805 502 1633 1317 193 1124 218 1021 942 327 181 958 293 303 924 332 387 592 615 535 452 1021 627 548 183 266 177 265 1414 384 890 254 316 160 665 866 1089 430 435 271 636 228 298 942 833 176 455 328 561 685 174 394 365 462 408 786 530 221 186 365 663
is_linear=0
shrinkage=0.0686502


Tree=81
num_leaves=103
num_cat=0
split_feature=25 43 37 9 37 43 37 46 9 43 37 61 44 24 1 37 8 24 22 63 57 16 63 4 37 34 18 54 61 10 27 37 19 0 3 44 32 44 37 40 49 29 57 28 53 55 23 27 25 1 30 53 3 62 22 17 40 59 54 32 9 61 63 34 51 43 43 20 10 26 40 34 20 45 63 46 20 30 4 0 58 53 40 19 48 26 55 44 39 43 57 32 3 58 0 17 35 16 0 0 28 9
split_gain=2.11948 3.36865 8.90536 2.05972 7.27387 1.91757 9.66118 2.10298 0.95305 1.62995 1.71473 1.08843 0.631519 2.50265 0.579465 0.939922 0.547498 0.727036 0.782651 0.474022 0.416767 0.406917 1.04766 0.442833 1.43898 1.48339 0.798281 0.728015 0.822012 0.653087 0.635581 0.494918 0.527463 0.916671 1.20996 0.438451 0.382796 0.364492 1.33426 0.530372 0.706563 0.465427 0.957072 0.522596 0.388177 0.368806 0.364204 0.437419 0.514921 0.345152 0.338349 0.312342 0.303205 0.293968 0.278377 0.366711 0.275238 0.222401 0.218888 0.211941 0.20925 0.421488 0.237945 0.324658 0.207204 0.260016 0.431789 0.593118 0.356688 0.201526 0.239988 0.559626 0.163389 0.261942 0.163063 0.151429 0.13717 0.106879 0.105543 0.0968255 0.257527 0.0935376 0.0822406 0.0773786 0.0654239 0.0599412 0.0475629 0.0397625 0.0370196 0.0349581 0.034885 0.0342112 0.029312 0.025339 0.0235313 0.0225101 0.0222704 0.0732078 0.00605128 0.00553285 0.00502226 0.00378057
threshold=31.255000000000006 31.069791666666671 40.221231243165178 0.99466160899732492 37.539401833165101 30.121875000000006 37.577565774427967 30.505000000000006 -0.97873101657557326 28.571875000000006 34.22613387795586 9.1850000000000005 0.40506697822190502 30.525000000000002 0.74500000000000011 38.028232561453493 0.37940952255126048 30.085000000000004 30.015000000000004 -0.81231588351836581 1004.5500000000001 37.644151884327904 -0.79483332648841898 1006.0500000000001 35.736231153581308 0.08685043546638134 34.592964707115492 0.99350000000000016 3.7050000000000005 -0.86955717898714324 87.450000000000017 35.301255303663034 34.355189106494528 4.3550000000000013 0.6715000000000001 0.45016502605504077 -0.82499999999999918 0.42746291188526103 35.595175436715884 0.15631165450377191 439.2000000000001 74.950000000000017 1009.0500000000001 80.15000000000002 0.076500000000000012 1007.9500000000002 29.215000000000003 80.950000000000017 29.045000000000005 17.430000000000003 83.050000000000011 0.99050000000000005 0.99550000000000016 33.809586633711682 29.705000000000002 35.373819626782925 0.020816660010122352 3.7350000000000008 0.99250000000000005 1.0949999999999991 0.94697898371965716 0.25500000000000006 -0.3142460067051473 0.12466599900365086 2630.1075000000005 28.721041666666672 28.452291666666671 33.87457514026412 0.70860043010605911 80.750000000000014 0.085049005481111925 0.21971990829039198 30.69785665900061 2052.6110000000003 -0.21797553435147418 29.025000000000002 35.333438067241893 83.15000000000002 1008.1500000000002 5.4850000000000012 6.6750000000000007 0.29250000000000004 0.040000000007537742 33.037273737141525 718.85000000000014 78.15000000000002 1005.0500000000001 0.75134583329572002 28.271666666666665 29.045625000000005 1009.7500000000001 -0.19500000000000026 0.99450000000000005 4.3950000000000005 7.1150000000000011 34.750787499757827 32.695851542777007 32.334734949139488 4.5450000000000008 4.745000000000001 80.950000000000017 -0.28435655403991289
decision_type=2 2 2 2 2 2 2 2 2 2 2 2 2 2 2 2 2 2 2 2 2 2 2 2 2 2 2 2 2 2 2 2 2 2 2 2 2 2 2 2 2 2 2 2 2 2 2 2 2 2 2 2 2 2 2 2 2 2 2 2 2 2 2 2 2 2 2 2 2 2 2 2 2 2 2 2 2 2 2 2 2 2 2 2 2 2 2 2 2 2 2 2 2 2 2 2 2 2 2 2 2 2
left_child=1 3 -3 5 81 6 7 8 9 20 -11 -12 13 93 -2 -16 19 18 37 59 -1 22 -21 24 26 -26 27 28 -24 -27 31 32 36 34 -34 -36 -25 46 39 40 41 44 43 45 -39 -43 47 -18 49 77 76 72 60 -53 55 56 -38 -22 85 69 62 -62 63 -14 98 66 68 -68 -66 86 101 -72 73 -41 -46 92 -35 -49 -73 -28 -81 -5 -48 -59 99 -19 -10 -64 -79 -67 -74 -76 -33 -7 -29 -45 97 -88 -58 -70 -84 -71
right_child=14 2 -4 4 -6 12 -8 -9 16 10 11 -13 52 -15 15 -17 17 58 -20 21 57 -23 23 30 25 29 79 94 -30 -31 -32 75 33 50 35 -37 54 38 -40 51 -42 42 -44 95 74 -47 82 48 -50 -51 -52 53 -54 -55 -56 -57 64 83 -60 -61 61 -63 87 -65 65 89 67 -69 84 70 71 78 90 -75 91 -77 -78 88 -80 80 -82 -83 100 -85 -86 -87 96 -89 -90 -91 -92 -93 -94 -95 -96 -97 -98 -99 -100 -101 -102 -103
leaf_value=0.0021018297419573761 -0.070215648138084716 0.016222177030914924 -0.032194264769831976 -0.048017281710406472 0.0073708054111245739 -0.044782090121605431 0.048294952633539785 0.0044625825002455859 -0.025884076724548562 -0.017147218638323594 -0.022998434899062056 0.0068389260247971942 0.033268829600498345 -0.0012685538994431846 -0.0432320674563191 0.013355472684939562 0.0011370144413749271 -0.0069116371738425801 0.0067400728090189713 0.0025890058351189255 0.0017564662092559951 -0.13227361350141736 0.014152777574115691 0.0024590094802308788 0.0023121955395319855 0.0022157623690482941 -0.032514477593012556 -0.0055064938573095717 0.00014754220424290036 -0.018632829620760762 0.00029136777676946749 -0.045795629273969962 0.013645777987310778 -0.019922089189258942 -0.034675475190587217 0.0026333786034640804 0.0022757392193366237 0.0027002603908963703 -0.012918520062998132 -0.0012598046823607942 0.0028051237223637583 2.9740931367519315e-05 0.0010437738259560481 -0.0013689709641358078 0.0023307385900742765 0.0010947960464935088 -9.0783513688350498e-05 0.00019634792625979942 0.0015398606351729239 0.000693995921222579 0.0016944886907328956 0.0014481094154007886 -0.0038052495701314261 -0.011680186110635123 -0.029582763517985614 0.0031093914689464017 -0.014036068158152726 -0.00029288864747146028 0.0017312317747378251 0.0029709104105334273 -0.07435807692929132 0.0086996701251312956 -0.0018581523217867995 -0.016336441586966188 0.01246054422390307 -0.044680136475663851 0.006211902350972103 0.00071300198401232345 -0.049084538216975698 -0.024683881034190065 -0.0087758020001515707 -0.033005214839038066 -0.0083590958560198804 0.00067131847002238425 -0.011675327834732852 2.3757029737276496e-06 0.00032489330786556635 -0.0025358426369238999 0.0055012573160610756 0.00089603097229524207 -0.012782847674089125 -0.00072373893954470693 -0.0029791491566023781 -0.012402490204806518 -0.017392044844044961 -0.0035098822691225742 -0.066449410811103865 -0.042549354483594884 -0.0020001563400707917 -0.02716695996841759 -0.011423897396101314 -0.00080561188617831695 -0.018658966103564475 -0.040380500731098876 -0.001141406998073141 -0.0056876712506581419 -0.047343825441441729 -0.037249220191259091 -0.0016995619677170014 -0.21375463164754854 -0.0013432099858821226 -0.034276969921383835
leaf_weight=99 1208 332 457 176 163 178 269 82 115 95 85 78 122 202 298 267 147 109 125 37 83 238 82 96 93 103 277 81 104 98 93 497 78 194 85 87 80 93 94 99 107 92 125 78 78 106 107 120 103 115 93 135 340 92 308 95 240 78 128 165 217 223 1314 230 120 205 79 128 202 121 96 117 229 78 147 79 79 78 83 106 149 103 182 185 83 325 158 301 248 78 80 128 104 242 78 79 518 78 78 78 79 78
leaf_count=99 224 96 101 104 75 74 153 66 91 95 85 78 62 90 70 99 147 77 93 29 83 86 82 96 93 103 253 81 104 86 93 441 78 194 85 87 80 93 94 99 103 80 125 78 78 102 103 120 99 115 93 135 112 88 304 95 240 78 116 141 81 79 398 102 120 205 79 128 202 121 92 105 229 78 147 75 79 78 83 86 145 91 154 185 83 265 158 109 248 78 80 128 104 90 78 79 398 78 78 78 79 70
internal_value=0.00104314 0.00129903 0.00566736 0.00106535 0.00567606 0.000922546 0.00136174 0.00103793 0.000952152 0.0033947 0.00772236 0.00335404 -0.000509085 0.00146057 -0.00120375 0.000602836 0.000778413 0.00143958 0.00184651 0.000384284 0.000857137 0.000726028 0.000874392 0.000774956 0.0019202 0.00606569 0.000516891 0.00308614 0.00598603 0.00267698 0.000361189 0.000193853 0.000644268 0.00238426 0.00557634 0.0022815 6.69137e-05 0.00162178 0.00222656 0.00178925 0.00278294 0.00215728 0.00363956 0.00178618 0.000543761 0.00412508 0.000671944 0.00148668 0.000722575 -9.20355e-05 0.000176382 0.000339587 -0.000957501 0.00243841 -0.000160234 0.000231296 -5.27221e-05 -0.000257663 -0.000826574 -0.000663607 -0.00122949 0.000112602 -0.00153222 7.07127e-05 -0.000300323 0.000192618 0.000915819 0.00352869 -0.000200383 -0.00094742 0.000148527 0.00139499 -0.00063434 0.00100569 -0.000486935 -0.00144304 -0.00102911 -0.00096722 -0.000655708 -0.00114332 -0.000153673 -0.00105116 -0.00110825 -0.00124975 -0.00128357 -0.00156775 -0.0015769 -0.00188456 -0.00161521 -0.00154804 -0.00159088 -0.0012849 -0.00181802 -0.00155141 -0.000296972 -0.0011413 -0.00177605 -0.00115767 -0.00181899 -0.00178651 -0.00176675 -0.0016762
internal_weight=17367 15594 789 14805 442 14363 10994 10725 10643 703 258 163 3369 622 1773 565 9940 3706 3144 6234 445 4705 4467 4430 1171 294 877 345 186 201 3259 3166 2486 616 250 172 1870 3019 1840 1746 1033 926 480 355 446 198 1179 811 664 561 366 713 2747 227 1774 1466 1371 346 562 1529 2407 440 1967 352 1291 973 690 207 483 1364 495 296 486 177 353 680 273 446 200 532 255 279 368 263 363 434 869 1615 326 283 309 275 601 420 159 157 754 236 318 280 261 199
internal_count=12247 11854 197 11657 270 11387 10190 10037 9971 703 258 163 1197 254 393 169 9268 3510 3052 5758 445 4421 4335 4306 1111 282 829 345 186 189 3195 3102 2482 616 250 172 1866 2959 1816 1722 1013 910 464 339 446 182 1143 807 660 561 366 709 943 223 1770 1466 1371 346 458 1337 831 160 671 164 1291 973 690 207 483 1196 471 280 486 177 353 620 273 446 188 484 231 195 336 263 363 342 725 507 326 283 309 275 545 164 159 157 634 236 318 280 233 191
is_linear=0
shrinkage=0.0686502


Tree=82
num_leaves=92
num_cat=0
split_feature=9 9 1 23 25 63 9 19 16 37 38 9 30 52 21 10 54 9 23 16 9 10 18 53 8 62 51 54 62 4 18 19 9 1 29 34 44 30 44 58 26 4 19 34 42 29 52 1 52 43 36 10 43 41 43 21 3 54 35 25 62 1 9 29 21 59 31 43 60 29 7 53 56 31 9 59 54 60 18 44 4 35 43 9 20 38 30 36 24 18 0
split_gain=2.65428 7.78323 2.62247 10.868 1.4916 1.53796 1.46299 2.04791 1.67083 1.87996 3.07457 1.07419 1.54332 1.2612 1.03756 1.03513 7.66255 0.89922 0.756384 0.701411 0.759693 1.18224 1.02712 0.691422 0.652321 0.587632 0.531426 0.525111 1.22028 0.713305 0.599109 0.525939 0.521491 0.518503 0.488941 0.55029 0.431102 0.859747 0.714761 1.47006 0.602002 0.480058 0.996848 0.533467 0.411201 0.392719 0.385121 0.665659 0.314041 0.693957 0.303356 0.321855 0.681286 0.27896 0.461605 0.275688 0.272201 0.538695 0.232481 0.218485 0.183227 0.174699 0.174313 0.308332 0.185635 0.26965 0.16311 0.152207 0.224593 0.130776 0.149624 0.124967 0.200545 0.165772 0.126383 0.118184 0.114302 0.233762 0.0935229 0.0759369 0.072435 0.0695026 0.0357489 0.0301262 0.0134737 0.00830407 0.00671549 0.00670131 0.00600255 0.00356148 0.00303555
threshold=0.99762106698677389 0.99906486341235867 2.7750000000000004 31.115000000000006 31.005000000000006 4.5559705284622689 0.68391308835034159 38.69963449484694 37.759890615537962 37.124288767232855 0.66440063898831869 -0.97505550290239429 79.450000000000017 0.39350000000000007 31.205000000000002 -0.8038981836306559 0.61950000000000005 -0.42109697129093543 30.655000000000005 34.420985985898007 0.69636977696931246 0.63207999751838673 32.286626181555611 0.99950000000000017 -0.78656609248549325 32.905035381667638 8201.8745000000017 0.86150000000000004 35.72193385360746 1004.7500000000001 36.124860059086934 34.731758978408095 0.86529924138975434 16.310000000000006 75.15000000000002 0.22122430100175197 0.42996102768206429 85.250000000000014 0.47794756380737718 4.8550000000000013 84.850000000000009 1004.6500000000002 34.509477525900131 0.063919472070171887 0.6046169413129211 68.350000000000009 0.98550000000000015 7.4150000000000009 0.99250000000000005 28.054583333333337 0.11932432904625094 0.98367285631203072 28.292500000000004 29.670833333333338 29.255208333333336 25.985000000000003 0.99450000000000005 0.98050000000000004 35.424598056915521 30.085000000000004 35.331802957526499 2.1750000000000003 0.98521098335796142 79.250000000000014 29.645000000000003 5.7650000000000006 -0.59232986335738136 29.477291666666673 7.205000000000001 79.550000000000011 -0.70710678118654735 0.079500000000000015 1011.35 -0.52797362622295541 0.50495637864894027 4.3550000000000013 0.99550000000000016 7.4150000000000009 35.670266704982858 0.45223308641116111 1008.4500000000002 34.027571204115084 26.895833333333336 0.021515898191483886 39.632896994992919 2.2047452752615047 82.050000000000011 0.49267861476540148 29.815000000000001 33.767385720207415 6.8050000000000006
decision_type=2 2 2 2 2 2 2 2 2 2 2 2 2 2 2 2 2 2 2 2 2 2 2 2 2 2 2 2 2 2 2 2 2 2 2 2 2 2 2 2 2 2 2 2 2 2 2 2 2 2 2 2 2 2 2 2 2 2 2 2 2 2 2 2 2 2 2 2 2 2 2 2 2 2 2 2 2 2 2 2 2 2 2 2 2 2 2 2 2 2 2
left_child=2 -2 4 6 5 14 7 8 9 11 -11 12 -4 -13 15 16 -1 -18 81 20 48 32 -23 53 59 -14 -6 28 29 -26 36 79 89 66 -34 -36 41 38 39 -38 -39 42 -29 -43 45 -21 47 -40 50 -50 -17 61 55 54 60 -53 87 -58 80 76 -19 71 64 -64 65 78 -27 83 -69 -59 -71 72 73 -52 82 -68 86 -78 -47 -31 88 -8 -73 -32 -66 -84 -15 -45 -48 -22 -79
right_child=1 -3 3 -5 26 -7 18 -9 -10 10 -12 13 25 24 -16 19 17 23 -20 44 21 22 -24 -25 27 33 -28 30 -30 31 67 -33 34 -35 35 -37 37 40 46 -41 -42 43 -44 56 -46 62 58 -49 49 -51 51 52 -54 -55 -56 -57 57 69 -60 -61 -62 -63 63 -65 84 -67 75 68 -70 70 -72 74 -74 -75 -76 -77 77 90 -80 -81 -82 -83 85 -85 -86 -87 -88 -89 -90 -91 -92
leaf_value=0.012547328148167584 0.0085872435450863524 -0.060742258999562447 0.0062353028648443123 0.0022741723981264091 -0.0047694541579208494 -0.0063252528237606204 -7.3079849751717555e-05 0.018843124457029646 -0.0083892001218622749 0.00043615605991579741 0.0037371870364635885 0.0027985898185557017 0.011720386054687133 -0.024875720797084926 0.00074804598923808557 0.0020329948139264724 0.00054521801138663164 -0.042553298430129137 -0.0010731520463828246 -0.00038876554223077044 -0.046393900858553869 0.00023756375817331478 0.0087127444365235757 0.0024889487872240441 0.002005482484604036 0.0012398376978801917 -0.059091062124685387 -0.030037174858337224 0.0062984999278009523 -0.0070258159905292224 -0.010529237193975227 0.00065510831223283242 -0.00017263190112419848 0.0015620681079860077 0.0039274552710673117 5.6149581693494046e-05 0.0054719919616740692 0.012205634390824206 0.0025165502867827115 -0.00091754945073903662 -0.0011043803745338326 0.00093241731689638235 0.0018120410900072203 -0.0049044543673401695 -4.5843094243996587e-05 -0.035043058272678021 -0.015433095018446214 -0.0092094671578726514 0.011629894908016981 -0.0098399335699874239 -0.03558705247656508 -0.0025673937470796558 0.0039337941298213872 -0.009499660144360992 0.017139079895189532 -0.22092862508765748 0.0015424041927783166 -0.0084766014946163291 0.001300787142223706 -0.00033570427821261179 0.00055768403409270047 0.0016134458083260559 0.015107436389986788 -0.040230472530264655 -0.0084816599819159053 0.00034026567901624733 0.00022480696708699523 0.0015972329972186873 -0.013922674489177255 8.011668827225999e-05 -0.018528519416192962 -0.0032346386836901169 -0.049170829828969351 0.0016660817624165019 -0.0011829709755574915 -0.0019279652478640776 0.00099272732253961014 -0.13040675645936392 -0.00055883920679767913 -0.014635416159701998 -0.00018574139620645467 -0.0077221677234694834 -0.034641678443723289 -0.0010944256327724206 -0.056703260153534989 -0.010905296831994088 -0.0025317665138692613 -0.0051710436234783585 -0.00039139175176407877 -0.049695231245297039 -0.053888804060923633
leaf_weight=112 156 212 117 270 345 138 111 431 614 136 88 152 80 358 292 79 116 228 168 223 114 78 78 122 84 80 1583 85 91 78 292 132 84 140 85 84 113 123 120 136 85 149 83 329 248 257 236 160 87 138 84 87 127 471 107 199 93 88 88 117 123 80 104 115 1364 98 140 137 138 78 248 86 118 78 137 132 105 99 160 175 80 757 689 93 201 78 80 79 78 78 78
leaf_count=68 72 120 117 90 81 78 87 155 238 108 60 152 80 338 84 79 116 216 72 99 114 78 78 102 80 80 331 85 75 78 276 132 84 140 85 84 113 123 112 128 85 149 83 313 152 249 236 152 87 138 84 87 127 215 99 199 93 88 84 105 119 80 96 79 620 98 140 105 114 78 248 86 118 78 137 132 105 95 136 175 80 329 689 93 45 78 80 75 78 70 78
internal_value=0.00109453 0.00685388 0.000968971 0.00188142 0.000171499 0.000629168 0.00140166 0.00177743 0.00145671 0.00183169 0.00797956 0.00157118 0.00410188 0.00119474 0.000486243 0.000310778 0.00206706 0.000406228 -0.000992856 -0.000101773 0.000691381 0.00283677 0.00795513 -0.000225304 0.00098473 0.00260552 -0.00152156 0.00137946 0.0033166 0.00187576 0.00102771 0.000599394 0.00101091 0.00169233 0.00305803 0.00517738 0.00152263 0.00243868 0.00159984 0.00478447 0.00645203 0.000610234 0.00400461 6.46965e-05 -0.000867564 -0.00113129 0.000545294 0.00256708 6.3528e-05 0.00247814 -0.000230294 -0.000420747 0.00124798 -0.000870192 0.000326346 -0.000598047 -0.000552385 0.000501477 -0.000622548 -0.000739692 -0.000867582 -0.000935899 -0.00139942 0.000421684 -0.00159383 -0.000448509 0.000264947 -0.000801669 0.000415729 -0.000552592 -0.00119589 -0.00113517 0.00012783 0.00170703 -0.00149731 -0.000523221 -0.00119175 -9.30159e-05 -0.00121964 -0.00121793 -0.0013444 -0.00181322 -0.00180889 -0.00168304 -0.00196663 -0.00195952 -0.00188467 -0.00187186 -0.00181594 -0.00166232 -0.00162894
internal_weight=17367 368 16999 7924 9075 7147 7654 6618 6187 5573 224 5349 689 4660 7009 6717 1279 1167 1036 5438 2668 601 156 1051 4508 572 1928 3671 560 469 3111 385 445 492 253 169 2451 1219 1011 249 208 1232 168 1064 2770 2522 762 280 2067 225 1842 1763 413 929 458 286 915 507 482 837 351 1350 2299 219 2080 515 352 660 275 414 326 1270 280 162 990 272 720 282 417 253 394 868 853 385 1565 767 438 408 314 192 177
internal_count=12247 192 12055 6312 5743 5331 6222 5734 5579 5341 168 5173 689 4484 5253 5169 935 867 488 4234 2660 593 156 751 4332 572 412 3531 540 465 2991 385 437 492 253 169 2403 1191 983 241 208 1212 168 1044 1574 1422 742 264 2067 225 1842 1763 413 649 434 286 895 507 478 801 335 1350 1323 175 1148 483 352 588 219 414 326 1270 280 162 990 272 696 278 385 253 394 416 853 369 665 767 418 388 314 184 173
is_linear=0
shrinkage=0.0686502


Tree=83
num_leaves=95
num_cat=0
split_feature=9 37 9 20 38 56 28 45 43 37 19 0 57 24 9 43 37 2 20 4 33 17 55 61 33 0 38 38 43 19 36 32 1 60 37 29 29 46 52 1 57 17 36 22 60 29 58 25 21 20 61 63 63 27 61 9 30 44 30 59 0 32 38 0 63 19 62 29 53 52 1 0 20 59 36 4 44 59 36 34 52 20 1 48 1 19 0 43 33 18 26 22 27 53
split_gain=2.78327 10.3662 3.13286 5.01912 8.24957 8.0598 1.3592 1.39126 1.11715 1.49782 0.99065 1.86855 0.90543 0.805101 0.734139 1.47818 2.88076 0.733596 0.853841 1.90122 1.60764 0.702454 0.650229 0.64074 0.583909 0.781206 0.737575 0.903897 0.701574 0.703403 0.547505 0.538006 0.494909 0.478432 0.497845 0.573052 0.462299 0.460435 0.426169 1.23489 0.456521 0.596968 0.400214 0.448349 0.364053 0.333774 0.448554 0.325288 0.676358 0.28864 0.273596 0.265459 0.595447 0.819314 0.489954 0.503939 0.374132 0.272949 0.25185 0.320404 0.905189 0.239005 0.236802 0.209044 0.207787 0.203525 0.199016 0.379558 0.202784 0.162991 0.389946 0.159831 0.150992 0.148304 0.13009 0.110473 0.109598 0.105357 0.0973623 0.0825779 0.0710243 0.0613044 0.0589764 0.0462058 0.0371024 0.00688243 0.00656282 0.0063478 0.00570587 0.0049153 0.00427378 0.00420299 0.00311059 0.0025066
threshold=0.98801351631316348 37.539401833165101 0.63209755774300602 38.005975336122894 0.86768535274894887 1005.6500000000002 64.850000000000009 2481.3755000000006 30.006041666666672 37.293834553996362 36.155662285875856 2.0550000000000002 1003.6500000000002 27.675000000000004 -0.97873101657557326 28.571875000000006 34.22613387795586 19.950000000000003 35.945731617827889 1006.7500000000001 36.704937937201699 36.01866240736458 1003.7500000000001 9.1850000000000005 35.444019453250583 5.5250000000000012 0.81746689397246197 0.84576851573007639 28.993125000000003 35.537657231539846 0.29403839369509516 -0.18000000000000146 1.3650000000000004 10.755000000000001 33.558911128275277 67.750000000000014 79.250000000000014 28.745000000000001 0.45850000000000007 3.1850000000000005 1009.35 31.892381067539713 0.45821290907233542 28.175000000000004 0.015000000000000001 75.15000000000002 4.1550000000000011 29.725000000000005 29.955000000000002 35.297929281908118 13.305000000000001 -0.81231588351836581 0.50885793095280019 74.850000000000009 7.6050000000000013 -0.2008886948310977 82.850000000000009 0.47216871641633057 75.250000000000014 5.8850000000000007 3.2250000000000005 -0.080000000000000057 1.3489167348945001 6.705000000000001 0.64923804759468962 36.579010649435624 34.934142436455552 80.350000000000009 0.99950000000000017 0.29250000000000004 0.58500000000000008 3.1350000000000002 35.038191895549375 4.3550000000000013 0.24299008911280306 1009.1500000000002 0.58962742623110009 6.3950000000000005 0.18874861239679977 0.091854371614978461 0.63150000000000006 34.195989227277089 10.915000000000001 718.85000000000014 1.6850000000000003 35.986770433966726 2.1050000000000004 29.109375000000004 37.014454106360041 35.892791749632856 80.850000000000009 28.695000000000004 80.050000000000011 0.27650000000000008
decision_type=2 2 2 2 2 2 2 2 2 2 2 2 2 2 2 2 2 2 2 2 2 2 2 2 2 2 2 2 2 2 2 2 2 2 2 2 2 2 2 2 2 2 2 2 2 2 2 2 2 2 2 2 2 2 2 2 2 2 2 2 2 2 2 2 2 2 2 2 2 2 2 2 2 2 2 2 2 2 2 2 2 2 2 2 2 2 2 2 2 2 2 2 2 2
left_child=2 49 3 8 32 -6 -4 10 9 13 11 -8 -12 58 15 42 -17 18 21 20 31 24 30 -18 26 -26 66 -28 29 33 -19 -20 -5 34 35 71 -35 69 39 40 41 -24 43 -15 -37 -46 -47 48 -14 -2 51 62 53 -53 56 -56 57 84 83 60 -60 -54 87 80 -10 89 68 -68 78 70 76 -29 -59 -21 -36 88 -13 82 -16 -71 -63 -52 -23 -1 -55 -83 -80 -40 -49 -30 -81 -78 -61 -51
right_child=1 -3 6 4 5 -7 7 -9 64 -11 12 37 47 14 17 16 23 22 19 73 -22 77 38 -25 25 -27 27 28 65 -31 -32 -33 -34 36 74 44 -38 -39 50 -41 -42 -43 -44 -45 45 46 -48 75 -50 93 81 52 61 54 55 -57 -58 72 59 92 -62 63 -64 -65 -66 -67 67 -69 -70 79 -72 -73 -74 -75 -76 -77 91 -79 86 90 -82 85 -84 -85 -86 -87 -88 -89 -90 -91 -92 -93 -94 -95
leaf_value=-0.037295393913096976 0.0024207464621515671 0.0093500664010008963 0.0066899441736502571 -0.020088452767808952 0.018153732824514698 0.038141844830063408 0.0084013952698006027 -0.0095719057618774347 0.0014238649507123827 0.1025841279470846 -8.6026096039060079e-05 -3.7663953091570532e-05 -0.011587917908754951 -0.0028802177904877495 -0.00094601857173725484 -0.016398113265840352 -0.021287232150220246 0.00080666611576216574 0.00084281439436625135 -0.0015350839201402728 0.0049261044770919533 -0.016223068422564192 0.017667561501124657 0.0059413773902948193 0.00040616751851090509 0.0073669196262970138 -0.0044307676840549832 -0.045093069208641791 -0.0037660751159975703 0.002322449518135994 -0.011374314795601873 0.0064730096231583522 0.0001235759741714467 0.0095049958136675765 0.00059952527166967423 0.0049141885881472825 0.00037147871967285105 0.0024029710716348871 -0.046282543185767931 0.0025150716774601689 -0.036057629267447829 -0.045200977382802057 -0.036323134062026273 0.0023974251354214353 -0.00069476099205796388 0.0053867242617290419 0.00019663842469198561 -0.01460911636420657 -0.0053901279097302406 -0.05663613888032154 -0.0094485752768538028 0.0087743085941381829 0.0010334651949488623 -0.0070393946075174288 0.0039547029567940303 -0.054772618544124234 0.0015887922401844666 -0.0052965222160302906 -0.071281423024627422 -0.1204035897897595 0.0062885893962369016 -0.013184738313212985 -0.0010666004674776543 0.0011946467357490484 -0.011783448403478858 0.00083811193250554251 -0.0037203369959095392 0.00072840474472590257 0.00034345280269921428 -0.00015707722471210386 -0.00073411730584554112 -4.6773977070668284e-05 0.00023849841230713835 2.4128506508160216e-05 -0.0091587579215354799 -0.0084949359010009304 -0.001830516933743361 -0.00065013775229784551 -0.11061326322349063 -0.044692378642730311 -0.024210531719518966 -0.02775790052813688 -0.00033342686827056347 -0.24503663560912414 -0.03572177912544898 -0.017251700366301963 -0.009169178522532748 -0.16286957905188462 -0.01917475162324046 -0.0036567694208410849 -0.00032607123458751677 -0.00055751857626987558 -0.00096189301386225077 -0.048888410596954049
leaf_weight=381 116 291 212 223 196 213 104 272 177 88 550 82 214 109 150 95 85 92 122 128 131 270 93 78 140 96 82 121 167 145 81 116 242 113 81 106 94 178 307 119 206 155 133 155 143 84 83 315 129 278 98 84 108 78 86 79 98 78 127 101 134 102 78 113 572 78 112 149 121 169 132 86 78 119 182 271 136 83 78 283 462 328 106 136 250 78 289 80 2851 78 92 78 78 107
leaf_count=377 116 119 124 55 88 81 68 96 133 72 114 82 134 109 150 95 85 88 106 116 107 210 93 78 140 96 82 121 167 145 81 100 102 113 81 106 94 146 307 119 206 155 133 155 143 84 83 131 53 114 98 84 108 78 86 79 98 78 127 97 126 86 78 113 196 78 112 149 121 145 112 86 78 111 182 95 136 83 78 207 442 312 106 132 250 74 289 44 735 78 92 74 78 83
internal_value=0.00105895 0.00503248 0.000868353 0.00158562 0.0065639 0.0136575 -0.000372848 -0.000569646 0.00113249 0.00134747 -0.000804366 0.000891543 -0.00129685 0.0012567 0.00148635 0.00368895 0.00772236 0.00128411 0.00192951 0.00427441 0.00738578 0.00147996 0.000535495 0.00210161 0.00189157 0.00515918 0.00158341 0.00244779 0.00206921 0.00281283 0.00461788 0.00395204 0.000290541 0.00220383 0.00149641 0.00255433 0.00517545 8.49054e-05 0.000308201 0.00199985 0.0003473 0.00233496 0.00103621 0.00258733 0.00401995 0.0027827 0.00485574 -0.0016761 0.000325683 -0.000950155 -6.56651e-05 0.000280019 0.000697949 0.00197876 0.00123957 0.00452637 0.000289933 -0.00048705 -0.000618429 0.000579144 0.00211728 -0.000652425 -0.00115889 -0.00113675 -0.00140824 -0.000764716 0 0.00159411 -0.000651033 -0.000499588 0.000493017 -0.000373499 0.00185058 -0.000368629 -0.000990147 -0.00187744 -0.000877985 -0.00099806 -0.00124922 -0.00128933 -0.00168081 -0.00150003 -0.00149218 -0.00164648 -0.0016179 -0.00187094 -0.00185098 -0.00186171 -0.0019919 -0.00174774 -0.00185541 -0.00170288 -0.00163371 -0.00186069
internal_weight=17367 792 16575 10507 874 409 6068 5856 9633 8884 5584 1254 4330 8796 7839 655 258 7184 3853 616 369 3237 3331 163 2778 236 2542 1643 1561 1238 173 238 465 1093 886 623 207 1150 3158 573 454 248 397 264 416 310 167 3780 343 501 2585 2081 1616 831 747 165 582 484 957 440 261 785 465 677 749 323 899 261 638 972 428 207 156 247 263 3437 296 459 517 544 564 504 376 517 328 406 367 387 3166 245 375 214 179 385
internal_count=12247 432 11815 9271 326 169 2544 2420 8945 8616 2324 1062 1262 8544 7607 655 258 6952 3717 540 313 3177 3235 163 2778 236 2542 1643 1561 1238 169 206 157 1093 886 623 207 994 3066 573 454 248 397 264 416 310 167 1148 187 313 2493 2009 1580 831 747 165 582 484 937 428 253 749 429 641 329 323 899 261 638 848 404 207 156 227 263 961 292 399 517 444 528 484 316 509 328 386 367 351 866 245 299 210 175 197
is_linear=0
shrinkage=0.0686502


Tree=84
num_leaves=94
num_cat=0
split_feature=9 37 9 9 20 28 9 43 37 50 59 27 53 4 19 39 24 43 37 61 28 38 37 8 25 4 4 20 26 9 63 45 37 20 43 19 56 29 63 37 46 63 58 42 4 9 30 26 53 44 27 45 20 9 28 28 34 29 32 28 39 37 45 50 30 50 38 44 10 53 6 28 1 40 27 55 26 27 34 29 3 27 4 3 8 16 5 0 9 10 0 53 1
split_gain=2.6905 10.0692 2.37466 6.15129 8.57309 1.19303 1.113 1.81306 3.59267 1.10371 1.88365 1.30094 2.64719 1.2003 1.13409 1.56633 0.771523 0.670399 1.51782 0.607573 0.681754 0.650819 1.19741 0.586458 0.716599 0.718486 0.570892 1.16906 0.505548 0.672192 0.703745 0.505353 0.478036 0.441767 0.38694 0.631022 0.376028 0.370347 0.658514 0.36951 0.357531 0.838437 0.887893 0.551224 0.404032 0.3854 0.425874 0.5995 0.325989 0.307856 0.773461 0.290547 0.28864 0.281728 0.464266 0.578886 0.622537 0.334714 0.307514 0.411107 0.278802 0.236096 0.225185 0.222371 0.208438 0.194036 0.162155 0.494087 0.151465 0.139731 0.130464 0.132044 0.10021 0.096673 0.0916135 0.157 0.303262 0.0902941 0.120848 0.0850584 0.0550929 0.0544044 0.0394854 0.0376929 0.0305197 0.0303131 0.0254955 0.024329 0.0136487 0.00771582 0.0028003 0.0025066 0.00232521
threshold=0.98801351631316348 37.539401833165101 0.55601228778889811 0.48250327361223927 37.388537980557217 65.550000000000011 -0.97873101657557326 28.571875000000006 34.264508926504597 63.525000000000126 5.8850000000000007 77.950000000000017 0.58950000000000002 1004.5500000000001 36.155662285875856 31.050000000000001 30.255000000000006 28.292500000000004 31.885189583556702 0.17500000000000002 69.950000000000017 1.8145331323248477 34.264508926504597 0.91597561503675351 28.985000000000003 1006.9500000000002 1003.5500000000001 35.924510517399305 81.050000000000011 -0.52707282776374165 -1.8253566935930754 2379.3540000000003 34.022873958060252 34.903132959503857 29.930625000000006 37.315370297228299 1004.6500000000002 82.65000000000002 1.1399217375444872 33.486731204333843 29.065000000000001 0.80632109290032628 5.1850000000000014 0.18432760690360253 1011.0500000000001 -0.79356426026969629 85.850000000000009 84.850000000000009 0.079500000000000015 0.44467980256359735 76.65000000000002 2279.0920000000001 35.297929281908118 -0.48250327361223916 85.350000000000009 84.550000000000011 0.051669056569408074 81.250000000000014 0.62000000000000288 81.65000000000002 29.738333333333333 34.038775124698027 2156.4830000000006 6.0916666666667334 80.550000000000011 78.741666666666831 1.9197654971725056 1.3968006979459189 -0.72658061058372014 0.86550000000000005 0.98296291314453421 76.550000000000011 4.9150000000000009 0.080000000000378796 82.65000000000002 1006.4500000000002 84.15000000000002 82.65000000000002 0.32936826575923167 70.250000000000014 0.33250000000000007 82.950000000000017 1008.1500000000002 0.97050000000000003 0.60355339059327384 33.539636115923081 1.0000000180025095e-35 6.8050000000000006 0.94697898371965716 -0.25950218452349683 5.4650000000000007 0.27650000000000008 7.6050000000000013
decision_type=2 2 2 2 2 2 2 2 2 2 2 2 2 2 2 2 2 2 2 2 2 2 2 2 2 2 2 2 2 2 2 2 2 2 2 2 2 2 2 2 2 2 2 2 2 2 2 2 2 2 2 2 2 2 2 2 2 2 2 2 2 2 2 2 2 2 2 2 2 2 2 2 2 2 2 2 2 2 2 2 2 2 2 2 2 2 2 2 2 2 2 2 2
left_child=2 52 3 6 51 -4 7 36 -9 10 11 12 -7 -13 15 37 17 28 -19 83 -21 23 -23 26 32 -26 27 -22 66 87 -31 -10 -25 81 35 40 -1 62 -39 48 44 42 43 72 45 61 53 -48 -15 50 -16 -5 -2 54 55 56 -47 -58 60 -60 70 64 -11 -38 -28 -66 89 -68 -18 -43 71 -55 -42 -59 84 76 -76 -63 92 -69 -50 -34 -51 -20 -73 -65 -64 -30 -41 -8 -56 -54 -79
right_child=1 -3 5 4 -6 9 16 8 31 14 -12 13 -14 39 49 -17 68 18 19 20 21 22 -24 24 25 -27 34 -29 29 30 -32 -33 33 -35 -36 -37 63 38 -40 88 41 69 -44 -45 -46 46 47 -49 80 82 -52 -53 91 58 90 -57 57 73 59 -61 -62 77 86 85 65 -67 67 79 -70 -71 -72 74 -74 -75 75 -77 -78 78 -80 -81 -82 -83 -84 -85 -86 -87 -88 -89 -90 -91 -92 -93 -94
leaf_value=0.0013080095642311385 0.0022545616951630269 0.0087081823249637261 0.0061177076096419099 0.0044881556939340914 0.015549780137939126 0.0019615881594266422 -0.00041902671273649273 -0.018323871733128664 -0.0045198526402287784 0.0042675844240298638 -0.0057664325581048082 0.00072366467611742361 -0.018188297763972034 0.0018140849062492227 0.00024447028074961458 0.0081970496721732785 -0.0048034974555923099 0.0032511970758656154 -0.14230692639862319 -0.00015204618211495894 -6.2734076771135577e-05 -0.0019273300434062214 0.0075295040030141369 0.0047857125773994253 0.0040112004235066103 -0.00019554837899134187 -0.013685997708429116 0.0045559287678571007 -0.0099393257634977812 0.016254495619189499 0.00046813246585896518 0.0055335005503876732 -0.00054156071183724677 0.0011862263496593365 -0.040508219506455084 0.010071429581785345 0.0016702909925475479 0.010085486548168871 -0.011977828902356184 -0.0057056684990556116 -0.0081242857472791537 0.00086766503027259129 0.0027246380507917663 0.0038862857458213142 0.0017933388443168081 0.0014747559744773125 0.0029534945460010279 -0.0073531257147865002 -0.024871809033539024 -0.029456944215892924 -0.0062133830761898576 -0.043367292215617338 -0.052748055724930507 0.00015733803520984909 -0.038648516132449788 0.0036720359712524133 0.00053056741766908271 -0.00027170988810797602 -0.054586443999360662 0.0032871255474564895 0.002804126702576416 -0.024622378802210469 -0.00016241691701255072 -0.0010347789447077952 0.0023286687808741768 -0.0001655956046489817 -0.026199847737115436 -0.00046040210389971544 0.00068693234213007765 -0.025722013765441223 -0.00083849920042947275 -0.014757368366007467 -0.00057359781252775874 -0.0084551563815855393 0.0015040073506721744 -0.01783910695771802 -0.0030455400807823546 -0.025215091901449809 0.00034907393714989001 -0.086536813833567289 -0.00041397698198170226 -0.014483526542400741 -0.034904965490375923 -0.0003220050380461926 -0.0010600200198924836 -0.041667858229922847 -0.048055996106660399 -0.00093012507217909665 -0.015495551763187461 -0.11582026642254406 -0.0071406746195461198 -0.045532210660063202 -0.00088206233336877917
leaf_weight=100 116 291 248 128 365 226 78 99 81 132 235 350 267 82 210 114 488 145 265 168 154 114 88 118 79 89 124 78 90 82 96 78 97 113 244 86 127 78 132 1123 88 104 122 78 116 83 123 92 85 2227 385 195 278 129 93 93 147 100 93 83 90 494 105 78 112 83 99 78 128 163 88 465 78 173 115 178 138 78 95 255 78 155 325 78 100 140 306 78 172 483 78 107 82
leaf_count=100 116 119 140 128 129 94 78 99 81 108 99 98 131 82 86 38 240 145 261 128 154 114 72 118 79 89 124 74 90 82 96 78 97 113 112 86 127 78 132 483 88 96 122 78 116 83 123 92 85 507 133 103 114 129 93 93 147 100 93 83 86 494 101 78 112 83 99 78 128 135 88 465 78 173 115 174 138 78 95 255 78 155 113 70 92 140 234 78 132 483 78 83 82
internal_value=0.00103919 0.00494596 0.000851787 0.00154395 0.00779504 -0.000122944 0.00106471 0.00368706 0.00825158 -0.000298922 0.000796306 0.000214035 0.00335088 -0.000603371 -0.00101458 0.00117896 0.000841483 0.00102924 0.00132377 0.00115944 0.00132435 0.00119513 0.00501582 0.00105235 0.00298764 0.00684072 0.000790153 0.00410655 -0.000363317 0.0018858 0.0048144 0.00177746 0.00162033 0.000369827 0.000620819 0.000770632 0.00101091 3.03987e-05 0.00247537 -0.00143069 0.000651046 0.00215698 0.00428672 0.00184717 0.000387342 0.000253841 0.000727476 0.00363932 0.000995615 -0.00162082 -0.000204191 -0.000341524 -0.000950155 0.000444264 0.00151105 0.00241812 0.00147443 0.000378576 -0.000106376 0.00257053 -0.00047439 -0.000832195 -0.00090964 -5.43032e-05 0.000718564 0.00212271 -0.00115384 -0.000140018 -0.00149033 -0.000750344 -0.000752618 -0.000955243 -0.000370656 -0.00102911 -0.00122539 -0.00045308 0.000629749 -0.00149972 -0.000421378 -0.00141924 -0.000757323 -0.00121461 -0.00194876 -0.00163714 -0.00180267 -0.00139654 -0.00170677 -0.00120091 -0.00189434 -0.0019229 -0.00161396 -0.00186069 -0.0015836
internal_weight=17367 792 16575 9695 688 6880 9007 703 258 6632 2618 2383 493 1890 4014 867 8304 7688 6349 6204 5861 5693 202 5491 651 168 4840 232 1339 346 178 159 483 365 4608 4364 445 753 210 1540 4278 633 366 244 3645 3529 2461 215 245 3147 595 323 501 2246 767 596 503 420 1479 176 1303 1068 543 345 319 195 993 432 616 267 1213 1125 166 273 996 431 253 749 255 333 163 252 2552 343 565 218 411 168 1295 561 171 385 160
internal_count=12247 432 11815 8863 360 2952 8503 703 258 2812 1282 1183 225 958 1530 691 7800 7432 6093 5948 5617 5489 186 5303 651 168 4652 228 1339 346 178 159 483 365 4424 4312 445 653 210 860 4226 597 366 244 3629 3513 2445 215 245 839 219 231 313 2230 767 596 503 420 1463 176 1287 1068 443 345 319 195 993 432 368 231 1201 1113 166 273 984 427 253 749 255 333 163 252 620 331 557 218 335 168 615 561 171 197 160
is_linear=0
shrinkage=0.0686502


Tree=85
num_leaves=93
num_cat=0
split_feature=51 9 55 9 9 38 28 5 61 0 20 9 38 21 28 55 45 29 61 35 43 37 39 45 44 50 54 63 43 59 43 3 4 9 58 37 36 59 31 42 38 59 58 2 28 36 24 5 33 36 19 44 44 36 3 50 24 28 19 62 17 0 38 19 34 17 17 57 49 61 24 25 34 59 23 23 20 58 39 17 9 9 0 58 2 21 54 32 59 40 0 17
split_gain=1.70518 1.88669 1.5425 2.09907 9.00142 9.41492 1.86143 1.20471 1.97949 1.15403 1.12283 1.03194 1.55136 0.933501 1.06273 1.01991 0.847327 1.08413 0.740305 0.707963 0.991634 1.3223 0.894642 1.09493 0.696484 0.817381 0.654599 1.29606 2.4827 0.618018 0.72289 0.6111 0.59933 0.59705 0.870945 0.578661 0.556884 0.752211 1.00333 0.448805 0.430605 0.426532 0.404652 0.727957 0.436657 0.397281 0.563831 0.386868 0.362186 0.28104 0.265969 0.342381 0.78692 0.258256 0.301123 0.231121 0.213879 0.28302 0.362989 0.215875 0.220121 0.211922 0.504891 0.189034 0.196023 0.188861 0.291312 0.320869 0.191606 0.175634 0.127706 0.125125 0.111185 0.109532 0.0999155 0.296591 0.190086 0.0944059 0.0943201 0.0882811 0.0795945 0.0738532 0.0614939 0.0465657 0.0421301 0.0393943 0.0323133 0.0240087 0.00748298 0.00595296 0.00362564 0.00356148
threshold=20489.567000000006 0.99762106698677389 1006.9500000000002 0.55601228778889811 0.48250327361223927 0.86768535274894887 70.250000000000014 -0.70710678118654735 0.17500000000000002 2.0050000000000003 37.861861874737919 -0.97505550290239429 0.87445492053430518 29.205000000000002 65.550000000000011 1011.6500000000002 2297.3075000000003 79.250000000000014 2.5950000000000002 34.618504381072768 28.266250000000003 31.606541052182163 28.751666666666662 2450.9170000000008 0.5984220643635495 139.04166666666677 0.98350000000000015 0.58770878770915946 29.255208333333336 6.3350000000000009 30.642291666666669 0.5395000000000002 1006.4500000000002 -0.42109697129093543 4.8050000000000006 34.531578613295956 0.18103051340511131 5.5750000000000011 -0.098378197152428001 0.18714076650538045 1.004698438502696 5.0550000000000006 4.1750000000000007 382.75000000000006 82.15000000000002 0.24299008911280306 30.505000000000006 0.78656609248549325 34.120100450893837 0.15877108969119363 36.124860059086934 0.79738152571789767 1.0365639151706265 0.61086545007629167 0.8025000000000001 3.2083333333333717 29.765000000000004 83.350000000000009 35.842570532447574 35.517746725540967 34.884815805500672 7.8550000000000013 0.94057528543168767 37.184409333531569 0.060151120558841156 36.312751555488965 35.513474308516521 1006.6500000000002 547.45000000000016 6.5550000000000006 29.135000000000002 25.200000000000006 0.094365837770351166 5.5750000000000011 28.875000000000004 28.985000000000003 34.235354489070815 4.5450000000000008 27.445000000000004 33.846488703167324 -0.37371625404731884 0.78829775591774609 6.1850000000000014 2.3550000000000004 702.95000000000016 28.495000000000001 0.20950000000000002 -0.54999999999999882 5.2250000000000005 0.17088007490671944 4.0950000000000006 35.272205266180777
decision_type=2 2 2 2 2 2 2 2 2 2 2 2 2 2 2 2 2 2 2 2 2 2 2 2 2 2 2 2 2 2 2 2 2 2 2 2 2 2 2 2 2 2 2 2 2 2 2 2 2 2 2 2 2 2 2 2 2 2 2 2 2 2 2 2 2 2 2 2 2 2 2 2 2 2 2 2 2 2 2 2 2 2 2 2 2 2 2 2 2 2 2 2
left_child=1 2 3 4 6 -6 -1 8 -5 -2 -10 12 -8 15 -15 19 17 -9 50 20 47 -22 23 35 25 -24 27 28 32 30 65 -20 40 34 -29 42 37 38 -28 -37 72 -33 43 44 55 46 -18 53 -14 -44 51 73 -53 78 -55 80 57 58 59 60 -21 63 -63 64 -38 66 81 -68 -69 -39 -64 -17 -13 -11 77 -76 -77 -66 -4 -51 -23 88 -74 -73 -85 -80 -47 -67 -16 -78 -62 -59
right_child=9 -3 13 7 5 -7 11 16 10 18 -12 26 48 14 29 71 45 -19 31 56 21 22 24 -25 -26 -27 36 33 -30 -31 -32 41 -34 -35 -36 39 61 69 -40 -41 -42 -43 49 -45 -46 86 -48 -49 -50 79 -52 52 -54 54 -56 -57 -58 91 -60 -61 90 62 70 -65 74 87 67 68 -70 -71 -72 83 82 -75 75 76 89 -79 85 -81 -82 -83 -84 84 -86 -87 -88 -89 -90 -91 -92 -93
leaf_value=-0.00047358607636888541 0.003796443811517673 0.0051494625556608798 0.00030751320523207654 -0.0074693592869204363 -0.023564684059310712 0.05539100875407673 0.0032068084456326269 0.0060442431314438457 -0.0032609616203788049 -0.074247665752218514 0.0064308341757808281 -0.0090834034349759757 -0.016578477108914108 0.0014741779701110008 -0.022746688849498403 -0.00077151427924012858 -0.0071469569145377098 -0.020349735748681753 0.0016174263129356094 0.0016015873582559822 0.0033130188966043039 -0.00072397939666113962 0.021882347084790508 0.0031469620488585046 0.0018182170811624082 0.0043127516684739005 0.00066922394810354981 -0.0072367855075320389 0.0079530363280688361 0.0014645051303135428 0.0002226197254339334 -0.023225604787230906 0.0062628432328910993 -0.022465777058355167 0.0018867029860167083 0.0002526061060053776 -0.00053295600242036763 0.00048799134084287921 -0.0055071789266943044 0.0035576843781419459 0.0030306392234676553 0.0011120710798727491 0.0001768899205513626 0.0029921609662197017 0.0018003140688166595 -0.065544266146453409 6.7955340664372345e-05 0.022728343058226807 0.0043601676115879052 -0.024726684983366106 -0.036239065794074647 -0.0041992818791229307 -0.20561421760094598 -0.0024192509012349911 0.011110686399088614 0.0020436491663282414 -0.013009360458403684 -0.018909501241016268 0.00066036328952955806 0.00037131712977697277 -0.0046894076945632693 0.0055179234994890813 -0.011012077332395126 0.00092552518892124243 -0.0020111970882612487 -0.0076313421854438982 0.0040500518756957649 -0.041073603643042529 0.0019648891410782455 -0.025103457044326958 0.00042606257016955713 -0.011938546370878361 -0.00060536812027205198 -0.0010835747759785931 0.00056782237080098687 0.00061488573780795841 -0.015872152260341957 -0.013299975999962103 -0.029360432302245543 -0.00043725978986798017 -0.024859772456470697 -0.00010048507372562857 0.00045127176869746288 -0.009652144384507684 -0.11830379139762733 -0.0014746460067469058 -0.0097160243829722791 -0.004647005883378675 -0.096933164864137056 -0.019273197873401361 -0.00070417706338150106 -0.03088173472421156
leaf_weight=105 145 227 100 312 181 259 146 273 295 342 271 106 93 120 429 112 331 286 185 113 93 78 87 99 122 106 94 135 110 123 308 269 122 295 140 118 93 100 94 122 135 136 82 81 154 312 321 80 87 317 1367 93 135 133 91 149 200 114 78 82 78 97 109 110 79 133 113 147 80 108 97 113 85 108 88 155 282 450 317 79 202 143 78 444 78 78 748 1129 78 81 116 78
leaf_count=77 85 155 100 108 73 111 146 101 127 278 91 106 93 88 397 112 115 98 109 113 93 78 87 99 118 106 94 135 110 107 124 153 122 163 136 118 89 100 86 122 135 104 82 81 154 84 85 80 87 313 291 65 131 133 91 149 196 114 78 74 78 97 109 106 79 65 93 115 80 108 97 113 85 84 88 155 278 450 317 79 202 123 78 444 78 78 240 533 74 77 116 78
internal_value=0.001055 0.00135204 0.001253 0.00195651 0.00297765 0.0122427 0.00186228 0.000620035 0.00277774 -0.000501627 0.00519547 0.00159307 0.00527163 0.000532052 -0.000440966 0.00116836 -0.0002131 0.00210126 -0.00083257 0.00165441 0.00220247 0.00305964 0.00263702 0.00192155 0.00596037 0.00852091 0.0012195 0.00248711 0.00461416 -0.000726641 -0.000957453 0.00130281 0.0026219 9.89994e-05 0.00240242 0.00141247 0.000465229 0.0027713 0.00590109 0.00447092 0.0013214 -0.000181411 0.00076033 0.00185739 0.000990692 -0.000972956 0.000353428 0.000167592 0.000955007 -0.000753748 -0.00145168 -0.000329795 0.00182039 -0.000332943 0.00158472 -0.00012664 -5.53727e-05 0.000535745 0.00145291 0.000572154 -0.000252406 -9.00323e-05 0.00154106 -0.000464557 -0.000712725 -0.00138565 -0.000666395 0.000949822 -0.000521109 -5.37698e-05 -0.000365371 -0.00113133 -0.000252333 -0.00143311 -0.00096496 -0.000350804 -0.000986461 -0.00165582 -0.00121332 -0.00152073 -0.00129866 -0.00152004 0.000849172 -0.00150732 -0.00178157 -0.00169254 -0.00179309 -0.00194436 -0.00190839 -0.00184869 -0.00166639 -0.00166232
internal_weight=17367 14587 14360 7263 4114 440 3674 3149 878 2780 566 3569 326 7097 2803 4294 2271 559 2635 3547 2688 1889 1796 1481 315 193 3243 1206 636 2683 2560 590 526 570 275 1382 2037 396 188 240 404 405 1142 664 583 1712 652 799 180 478 2045 678 228 719 224 429 859 659 467 389 307 1641 303 1338 1228 2252 990 340 227 208 206 747 269 450 1135 606 518 529 495 396 280 650 163 635 522 395 1060 1262 507 363 194 192
internal_count=12247 10947 10792 4719 3670 184 3486 1049 326 1300 218 3409 326 6073 1799 4274 723 199 1215 3527 2680 1881 1788 1477 311 193 3083 1070 636 1711 1604 366 526 434 271 1378 2013 388 180 240 404 257 1138 664 583 524 200 799 180 474 849 558 196 719 224 429 847 651 459 381 307 1625 303 1322 1216 1480 882 288 195 208 206 747 269 362 1127 598 510 529 495 392 280 594 163 635 522 395 324 598 471 355 194 192
is_linear=0
shrinkage=0.0686502


Tree=86
num_leaves=96
num_cat=0
split_feature=43 37 38 1 28 44 63 9 43 37 9 4 27 8 41 21 43 10 34 45 9 29 61 9 4 37 10 19 27 30 60 25 63 60 26 37 35 36 63 3 1 53 53 45 1 19 18 19 37 50 42 44 37 40 23 23 52 1 28 55 26 25 19 19 27 3 42 25 19 57 61 40 3 59 41 63 36 52 58 10 63 24 3 45 62 4 4 7 2 26 2 63 19 2 5
split_gain=1.68181 8.64828 8.8481 1.67086 2.61228 2.13527 1.87386 1.38075 2.6318 4.65852 1.02826 0.805495 1.74772 1.26024 3.18275 0.925935 0.898839 1.15113 0.750682 0.625686 0.611686 0.928281 0.765426 0.979965 0.595988 1.23251 0.569525 0.528925 0.581728 0.524224 0.436448 0.422569 0.423566 0.417741 0.516756 0.392729 0.473813 0.358582 0.429961 0.357735 0.949513 0.422304 0.359006 0.324587 0.611816 0.882075 0.395396 0.385431 0.686504 0.352005 0.430772 0.317918 0.479008 0.306891 0.277364 0.259013 0.252221 0.248907 0.245378 0.35259 0.445105 0.239509 0.237565 0.688475 0.324986 0.217362 0.362535 0.197153 0.192367 0.16144 0.410658 0.118731 0.111877 0.259725 0.102457 0.102344 0.0945559 0.167165 0.0616135 0.189576 0.0573681 0.0946396 0.0435233 0.0415193 0.0385048 0.0328936 0.0273446 0.0204696 0.00652619 0.0044439 0.00339524 0.00288569 0.00615468 0.0028003 0.0028003
threshold=30.121875000000006 37.539401833165101 1.0217042686177902 0.27500000000000008 71.65000000000002 0.63915924970453808 2.6130803440872374 -0.97873101657557326 28.571875000000006 34.264508926504597 0.95747632178960107 1007.4500000000002 69.450000000000017 0.91597561503675351 29.695833333333336 29.205000000000002 28.266250000000003 0.98367285631203072 0.1278680149261506 2379.3540000000003 -0.3896268414500369 82.350000000000009 9.3850000000000033 -0.73831951690629072 1005.4500000000002 35.855964918841522 -0.8140159405215136 32.013058176300198 87.450000000000017 81.15000000000002 4.1750000000000007 28.905000000000005 -0.14547489647302567 6.705000000000001 81.950000000000017 33.130578180424116 35.195270006630857 0.50116790558641433 -0.97793569964104765 0.37350000000000005 0.90500000000000014 0.99250000000000005 0.23150000000000004 2293.0750000000003 4.1750000000000007 34.826903010676581 34.02843140653976 36.276171525345845 35.792310571821801 0.558333333333485 0.11273863579166743 0.56670057967608733 38.306994639652039 0.36519400095815496 28.985000000000003 28.475000000000005 0.98950000000000016 3.8050000000000002 84.65000000000002 1009.6500000000002 83.350000000000009 28.995000000000001 35.226852402019652 34.694778252843854 78.15000000000002 0.99650000000000005 0.18843212747970445 24.645000000000003 34.174520117959162 1009.2500000000001 0.17500000000000002 0.25658007197249189 0.97050000000000003 4.455000000000001 30.397500000000001 -0.21797553435147418 0.30352032036846527 0.98750000000000016 2.8150000000000004 0.88201535311751322 2.3803351953823388 27.885000000000002 0.98650000000000004 2216.8170000000005 32.787205750878023 1007.9500000000002 1005.6500000000002 -0.37940952255126059 512.1500000000002 77.750000000000014 406.15000000000003 0.23153727232141288 38.059891697203689 90.750000000000014 1.0000000180025095e-35
decision_type=2 2 2 2 2 2 2 2 2 2 2 2 2 2 2 2 2 2 2 2 2 2 2 2 2 2 2 2 2 2 2 2 2 2 2 2 2 2 2 2 2 2 2 2 2 2 2 2 2 2 2 2 2 2 2 2 2 2 2 2 2 2 2 2 2 2 2 2 2 2 2 2 2 2 2 2 2 2 2 2 2 2 2 2 2 2 2 2 2 2 2 2 2 2 2
left_child=1 7 -3 53 5 -5 10 8 37 -10 29 12 -9 18 30 16 61 27 20 -11 21 22 23 -14 25 54 -23 -18 33 51 -15 32 -32 34 39 -36 58 38 -1 40 42 83 94 44 68 46 -46 48 49 50 -45 91 75 74 -22 -40 90 -52 59 60 -37 67 63 64 80 84 -67 -13 -20 70 -69 76 -26 -74 -2 -53 77 -51 79 -71 85 -82 -80 -41 -35 -17 -59 -64 -85 -70 -28 92 -6 -72 -29
right_child=3 2 -4 4 6 -7 -8 11 9 19 -12 15 13 14 -16 62 17 -19 43 -21 24 26 -24 -25 72 -27 56 28 -30 -31 31 -33 -34 65 35 36 -38 -39 55 41 -42 -43 -44 47 45 -47 -48 -49 -50 71 57 52 -54 -55 -56 -57 -58 86 -60 -61 -62 -63 87 -65 -66 66 -68 69 89 78 93 -73 73 -75 -76 -77 -78 -79 82 -81 81 -83 -84 88 -86 -87 -88 -89 -90 -91 -92 -93 -94 -95 -96
leaf_value=0.0013421423133830625 -0.011611357398355017 -0.044956517492767523 0.039165422399337263 0.0020570282504639675 -0.012580819905512877 -6.7694224893218759e-05 -0.0065025359132851327 0.0037083635132097548 -0.017435650645916512 -0.0045180446694592065 0.0016634930968212845 -0.0013500069614761664 0.0011726093111956359 -0.0019850405443288719 0.011009902272443315 -0.10073605857607351 0.0067110517205925969 0.0032438212636755983 -0.00032090478013638697 0.0049416662189091026 0.0019585540908577891 0.00085520413926431702 -3.0492697375952105e-06 0.0028313216255404007 -0.011096465051160097 0.0084684425660813134 -0.042967167926444692 -0.024243442195967645 -0.00061611946245391548 -0.00018780832788890312 0.018646437588887649 0.0022387414498436739 -0.0032700618178996155 -0.012662417260633579 0.0014906646369395554 0.0035992719068426876 0.0021759789194475809 -0.029099506928618589 -0.014198030419284035 -0.00035508137918831203 0.0071929162718178587 0.003842240243719723 0.0026913167451333092 0.00074746105428979623 0.0021332878595647633 0.0035959901229976536 -0.02808339036762357 -0.005296323449679544 0.0014876503249176775 0.0014283656653860288 0.0017029361265781234 -0.0038367927645726455 0.010017271773178101 -0.003035127014312149 -0.024765942709811781 0.0017782541962909045 0.00061908661199302551 -0.012013017361084205 0.0010659684325530828 -0.030189746559615701 -0.00030792266855877293 0.014138048581753701 -0.00011073129657210216 0.0024499887779443181 0.0017861697901132441 0.00055396496884534119 -0.020123995429149211 0.0034049456967686514 -0.058079171183724465 0.0016190932770802559 -0.011562942075523561 0.00015501104015426602 0.0015944408791483348 -0.036803283148690774 -0.029469231455093031 -0.05003011564953052 -0.0082985324600103067 -0.0012007238502446419 -0.025631613142351607 -0.21200091605288279 5.7553690810859298e-05 -0.089724323921870561 -0.0053687314883643766 -0.0019936123575027289 -0.011212455928749518 -0.045289286184204532 -0.0001664910174694537 -0.025252061753643019 -0.021879017126783123 -0.040683625636691666 -0.040225373368874197 -0.012122613808174946 -0.0077016128727115246 -0.026681009517432436 -0.054091818231198172
leaf_weight=104 288 194 241 297 187 322 529 130 99 81 234 94 144 115 82 96 120 117 159 78 106 80 101 81 198 101 109 93 96 284 94 114 126 78 87 82 126 139 107 122 82 140 78 88 104 139 117 445 153 110 93 213 229 325 147 95 102 112 110 160 122 98 137 141 153 100 88 103 153 79 93 79 93 153 1488 349 436 129 546 137 79 82 78 285 288 512 78 593 78 79 78 1038 189 78 78
leaf_count=104 140 118 101 97 91 114 125 98 99 81 98 94 140 115 50 92 120 117 143 78 106 80 101 81 150 73 109 93 96 104 94 106 126 78 87 82 118 139 107 122 82 140 78 88 104 127 109 349 145 110 93 85 77 77 131 95 102 112 110 160 122 98 93 129 149 100 88 103 129 79 93 71 89 145 324 117 376 129 546 137 79 82 78 285 288 480 78 341 78 79 78 318 69 78 78
internal_value=0.00102338 0.00151243 0.0109909 8.9231e-05 0.000935929 0.00501832 0.000155389 0.00113436 0.00407688 0.00957462 -0.000569825 0.000931632 0.00160279 0.00137293 0.00451196 0.000378634 0.000981139 0.00173627 0.000949962 0.00220535 0.0021652 0.0036545 0.00631992 0.00854157 0.000857361 0.00295585 0.0012702 0.00140841 0.0011709 -0.000981166 0.0022029 0.00345953 0.00165055 0.000937244 0.00148761 0.00292315 0.00227419 0.000857137 0.00217581 0.000447712 0.00227032 -0.000512217 0.000124465 0.000213655 0.00140451 0.0034424 0.000707998 -0.000303114 0.000299622 -0.000284855 0.00143664 -0.00134019 -0.000229922 -0.00146787 0.00035994 0.000291572 -0.000140411 0.00010476 0.0012568 0.000376475 0.00227365 -0.000478027 -0.000907231 -0.000245982 -0.000935519 -0.00068522 0.00119009 -0.000747215 -0.000464275 -0.0010059 0.000424716 -0.00113993 -0.000808198 0.000150944 -0.00182316 -0.00131394 -0.00143849 -0.000312369 -0.00147868 -0.000443284 -0.00151426 -0.000318673 -0.0018269 -0.00147818 -0.00166357 -0.00182079 -0.00129958 -0.00186061 -0.00184869 -0.00173038 -0.00165179 -0.00195672 -0.00167406 -0.00161396 -0.00161396
internal_weight=17367 11395 435 5972 3871 619 3252 10960 703 258 2723 10257 4628 4498 531 5629 3836 2530 3967 159 1493 695 326 225 798 354 369 2413 2293 2489 449 334 220 2197 1643 687 600 445 306 956 331 625 249 2474 751 360 221 1723 1278 1125 371 2205 791 2101 253 202 289 283 474 364 204 1306 1793 1063 922 554 188 1208 391 1114 274 754 444 246 1776 562 675 239 840 216 769 161 624 485 366 608 190 730 363 232 187 1414 376 171 171
internal_count=12247 10411 219 1836 1295 211 1084 10192 703 258 959 9489 4216 4118 491 5273 3828 2522 3627 159 1385 691 322 221 694 310 369 2405 2285 861 441 326 220 2189 1635 679 592 445 306 956 331 625 249 2242 691 340 213 1551 1202 1057 371 757 279 541 237 202 289 283 474 364 204 1306 1445 1011 882 554 188 1208 351 1114 274 686 384 234 464 202 615 239 840 216 733 161 624 485 366 572 190 434 363 208 187 478 160 171 171
is_linear=0
shrinkage=0.0686502


Tree=87
num_leaves=107
num_cat=0
split_feature=21 16 26 62 22 60 24 25 55 18 16 21 44 17 29 45 1 23 32 21 54 22 63 32 55 38 37 43 57 54 38 38 10 10 55 59 2 1 19 18 23 26 58 28 32 22 62 37 45 34 26 45 55 58 56 29 62 30 37 43 53 37 34 10 20 25 59 4 40 10 21 38 58 0 10 44 25 21 27 45 16 57 55 34 56 10 54 62 56 58 54 17 40 38 30 0 18 1 1 55 0 1 1 0 21 2
split_gain=2.17015 2.58602 1.14435 2.66543 1.08012 2.07055 0.949697 2.14559 0.808418 0.862628 2.03109 0.800058 1.0133 1.32519 0.769522 0.769651 0.767773 2.02006 0.874013 0.63476 0.710145 0.633339 0.634281 0.61068 0.605823 1.3188 0.576413 0.860613 1.74395 0.574247 0.554802 0.673548 0.716049 1.76508 2.35386 1.68795 0.538955 0.537591 0.658904 1.8659 0.55679 0.458732 0.458008 0.63325 0.522153 0.442987 0.437838 0.404603 0.398489 0.396768 0.396511 0.629468 0.39526 0.389031 0.377448 0.346782 0.295641 0.293405 0.588469 2.19355 0.322335 0.484046 0.364708 0.275782 0.254451 0.810878 0.248797 0.599114 0.234651 0.232393 0.486056 0.198277 0.18628 0.623874 0.500319 0.173268 0.14215 0.132975 0.132962 0.126061 0.123176 0.109063 0.184319 0.100899 0.209843 0.0958026 0.0943594 0.28017 0.0827584 0.0801944 0.068826 0.061734 0.0566243 0.036765 0.0321403 0.0321089 0.0300316 0.025928 0.00659867 0.00618559 0.00440546 0.00438094 0.00433123 0.00356148 0.00291987 0.0028003
threshold=30.805000000000003 39.986529123853963 81.750000000000014 38.034153994947808 30.685000000000006 3.0850000000000004 30.085000000000004 30.065000000000001 1005.4500000000002 36.797268763980519 37.861861874737919 30.465000000000003 0.49155163176447064 37.386523937306997 80.750000000000014 2429.0610000000006 0.31500000000000006 31.175000000000004 0.81499999999999961 29.875000000000004 0.86550000000000005 28.875000000000004 0.40808097546751304 -0.8049999999999996 1004.6500000000002 0.89452894086685453 35.321252563860867 29.356875000000006 1008.35 0.31250000000000006 0.66440063898831869 0.93263359933372991 0.47493347945961001 -0.34155811708470757 1007.9500000000002 3.8650000000000007 18.000000000000004 23.735000000000003 35.91696537182294 35.796019478873653 28.235000000000003 70.750000000000014 6.7350000000000012 87.450000000000017 -0.34999999999999959 30.235000000000003 27.541223569833836 34.708988955994549 1877.7550000000001 0.56134359041151949 84.450000000000017 2386.6740000000004 1006.5500000000001 3.7550000000000003 1006.0500000000001 75.15000000000002 35.249651007374119 71.950000000000017 31.512956622952 28.587708333333339 0.98950000000000016 33.45293690397888 0.3880390714353617 -0.21772323039653199 34.810354384887738 28.575000000000003 4.2150000000000007 1008.7500000000001 0.3343650365084872 -0.8038981836306559 29.795000000000005 1.1549748188087909 3.2850000000000006 4.0550000000000006 0.67123509350548771 0.99160971908006179 28.055000000000003 28.435000000000006 77.750000000000014 2401.5960000000005 36.663369959868128 1005.7500000000001 1006.1500000000002 0.1657904181606801 1006.7500000000001 0.78827585631460517 0.69550000000000012 33.983624634148022 1007.85 4.8550000000000013 0.21550000000000002 34.354843632366006 0.06806859285552129 1.1165477061683433 78.15000000000002 5.1750000000000007 33.340995939864293 8.1650000000000009 0.065000000000000016 1009.35 3.0650000000000004 9.0650000000000031 8.0950000000000006 4.1150000000000011 28.855000000000004 151.65000000000001
decision_type=2 2 2 2 2 2 2 2 2 2 2 2 2 2 2 2 2 2 2 2 2 2 2 2 2 2 2 2 2 2 2 2 2 2 2 2 2 2 2 2 2 2 2 2 2 2 2 2 2 2 2 2 2 2 2 2 2 2 2 2 2 2 2 2 2 2 2 2 2 2 2 2 2 2 2 2 2 2 2 2 2 2 2 2 2 2 2 2 2 2 2 2 2 2 2 2 2 2 2 2 2 2 2 2 2 2
left_child=1 2 4 6 8 29 7 14 11 10 26 12 13 21 36 24 68 18 90 20 -14 -1 78 -11 25 -16 27 30 -29 -6 89 32 33 47 -35 -36 37 38 40 -40 55 -34 43 44 -26 83 -33 103 -48 69 51 53 -41 -42 -53 -4 66 58 75 -60 72 -62 105 80 65 -22 67 -46 -2 70 101 -38 92 74 -74 -50 -17 -52 -23 -44 -25 82 97 84 -8 -61 93 -88 -55 -10 -18 102 -59 -75 -21 -71 -89 -78 -94 -83 -43 -28 -68 -32 -79 -63
right_child=16 -3 3 -5 5 -7 45 -9 9 23 -12 -13 19 -15 15 76 17 -19 -20 94 64 22 -24 63 42 -27 49 28 -30 -31 31 46 41 34 35 -37 71 -39 39 52 50 100 79 -45 56 -47 48 -49 57 -51 77 54 -54 88 -56 -57 -58 60 59 85 61 62 -64 -65 -66 -67 91 -69 -70 95 -72 -73 73 86 -76 -77 81 104 -80 -81 -82 99 -84 -85 -86 -87 87 96 -90 -91 -92 -93 98 -95 -96 -97 -98 -99 -100 -101 -102 -103 -104 -105 -106 -107
leaf_value=0.0045684439609247687 -0.033974889425986525 0.0042257728719067821 0.00055534213627120429 0.017409221797420604 0.00045167940736216545 0.0035704561148243632 -0.0021775333952825421 -4.4978825592952417e-05 -0.027954937354499023 -0.0012618556035719391 0.00029523108913462386 -0.00054593469788342659 0.0012974349311867877 -0.0079791234428161495 0.0034488603484666568 0.0017015436022745861 -0.035757615561274707 0.007290704847645193 0.0010279399983686634 -0.016101139624590859 -0.021294482217955171 -0.00019580100557804663 0.0014021347191243464 -0.0018577638062055434 0.0044251114736580405 -0.010134740309983171 -0.0022215664948516609 0.0072018883348584761 -0.036823475166670665 -0.00066913913383919246 -0.0045205385503324308 3.1617751639856183e-05 0.0031398582091913384 0.0066509337044861252 0.0048973406072525616 -0.0025109055749220669 -0.0068376015705933811 0.0033994701812137206 0.017012964081622849 0.00072494272065254807 0.0011912041334435979 -0.056529304483961304 -0.020844102007873552 0.0021374162855921073 0.0035531426882913575 -0.002528091362129707 -0.20180223510897724 0.0019566380335943778 0.0016454286943630391 0.0010835525253599331 0.00046797657877038589 0.0034274318934435131 -0.0088517902814015826 -0.014659133963745132 0.0014898143118430641 0.001332438173107514 0.00096569102006762418 -0.0030212573151419029 0.0099669124616181895 0.0013888782409218255 0.004073203666048888 -0.015328665626773689 0.001998146479308223 0.0041952326076609521 -0.019004737794023986 0.0021782377616087378 -0.0086059469740446242 -0.013339486466262597 -0.00093480299759167928 -0.010665521919187359 0.0028036856657363625 0.0010551572770259819 -0.0015152251070344592 -0.0052904096964217929 0.0012520965441269777 -0.20399336727770034 -0.0049280024697580258 -0.0034258116373863637 -0.019052935267731788 0.00081073598644953971 -0.0068146321567243697 -0.006505202776386023 0.00013939955691710224 -0.0063527040050513541 0.00024158513048493311 -0.23135180398422869 0.001140661166006778 -0.083355517934858139 -0.0017343566875535463 -0.00049061823930932026 -0.041856430780495807 -0.00024866170520480049 -0.031840479676252441 -0.057833154704333055 -0.0029686319838201406 -0.034617277006052161 -0.017937096389937776 -0.0065005117123110951 -0.018340997146401562 -0.036177264014407115 -0.045301291575880961 -0.0093449854329581417 -0.017905995030307861 -0.031539980251735149 -0.0084686260708984329 -0.039817168676452817
leaf_weight=105 1283 156 83 96 190 225 121 99 347 80 125 133 94 98 88 84 259 339 299 165 93 108 96 174 120 81 143 98 94 265 78 127 87 83 86 133 140 157 92 89 78 144 174 79 91 151 319 91 84 123 147 92 103 119 110 123 126 101 83 78 115 93 94 170 149 78 141 110 392 659 134 106 94 78 95 135 78 96 164 82 1112 269 87 337 92 81 110 137 99 139 749 79 78 242 308 101 78 101 293 79 78 78 78 114 78 78
leaf_count=105 263 36 83 32 74 77 81 71 347 56 37 61 78 62 88 84 63 107 75 109 93 100 88 122 120 81 143 90 94 97 78 127 87 83 86 133 140 153 92 81 78 144 174 79 91 43 319 91 84 71 147 92 103 119 110 123 126 101 83 78 115 93 94 126 125 78 141 110 76 451 98 106 94 78 95 135 78 96 128 82 452 269 87 225 84 81 110 121 99 139 209 79 78 242 112 89 78 101 293 75 78 78 78 114 70 74
internal_value=0.00100757 0.0013808 0.00128106 0.00217373 0.000844663 0.00347805 0.00192624 0.002359 0.000636618 0.000320681 0.000721139 0.00203454 0.00156094 0.00381292 0.00208466 0.00114558 -0.000569336 0.000481052 -0.000741572 0.000101539 0.00206626 0.00227668 0.000907567 -0.00111649 0.00216606 0.00598294 0.000518699 0.000905806 0.00538158 0.000793237 0.000686325 0.000990149 0.00261464 0.00402392 0.00766139 0.00384734 0.00314773 0.0036464 0.00317749 0.00610984 0.00235251 -4.29096e-05 0.0015568 0.00234568 0.00170826 -0.000386431 0.000426917 0.00010476 0.000221025 -0.000778979 0.00153577 0.0027469 0.00218757 0.000702578 0.00569072 0.00554127 0.000895778 0.000559637 0.00209229 0.00441727 0.000136048 0.00189408 0.000250972 -0.00144155 0.000496351 0.00230667 0.000130878 0.00199875 -0.00160417 -0.00119131 0.000245383 0.000150944 -0.000373013 0.000238635 0.0036964 -0.000465279 -0.000673706 -0.000330868 -0.000774283 -0.00096107 -0.00178654 -0.00104229 0 -0.00129771 -0.000100537 -0.000296972 -0.000772482 3.66043e-05 -0.000770857 -0.00147937 -0.00171136 -0.00111514 -0.00146221 -0.00160691 -0.00160817 -0.00186844 -0.00138735 -0.00125325 -0.00185321 -0.00183964 -0.00171565 -0.00171411 -0.00171097 -0.00166232 -0.00162157 -0.00161396
internal_weight=17367 14046 13890 4555 9335 680 4459 3758 8655 7064 5528 1591 1458 571 3659 1947 3321 1646 1307 887 414 473 368 1536 1249 169 5403 4165 192 455 3973 3487 894 585 302 219 1712 1466 1309 284 1025 309 1080 824 745 701 2593 283 2466 1238 819 498 192 296 202 206 625 2147 461 242 1686 380 265 1456 320 171 499 201 1675 1115 355 246 1306 834 189 219 698 321 272 256 1286 614 266 550 213 159 645 325 218 486 1008 298 472 320 473 760 215 179 371 348 222 221 219 192 174 171
internal_count=12247 11454 11418 4171 7247 248 4139 3706 6999 5860 5104 1139 1078 483 3635 1943 793 454 347 595 374 421 316 756 1249 169 5067 4137 184 171 3953 3467 894 585 302 219 1692 1446 1293 276 1017 309 1080 824 745 433 2573 283 2446 930 811 498 184 296 202 206 625 2127 461 242 1666 376 261 700 296 171 499 201 339 859 319 246 1290 818 189 219 694 313 228 256 574 610 266 390 165 159 629 309 218 486 272 298 472 320 221 540 199 179 371 344 222 221 219 192 166 167
is_linear=0
shrinkage=0.0686502


end of trees

feature_importances:
doy_sin=383
doy_cos=255
precip_mm=238
heat_index_c_roll24h_std=228
hi_residual_lag1h=222
wind_ms=217
rh_lag12h=207
temp_c_roll24h_mean=204
heat_index_c_roll24h_mean=201
rh_lag24h=185
rh_lag1h=178
temp_c_roll24h_std=171
heat_index_c_lag24h=167
wind_ms_lag3h=165
temp_c_lag24h=162
precip_mm_lag3h=156
pressure_hpa_lag6h=154
rh_lag6h=151
heat_index_c_lag12h=146
temp_x_rh=125
pressure_hpa=124
cloud_cover_lag6h=120
cloud_cover_lag3h=117
pressure_hpa_lag3h=112
temp_c_lag1h=109
temp_c_lag6h=108
temp_c_lag12h=108
heat_index_c_lag1h=107
rh_lag3h=106
precip_mm_lag1h=105
heat_index_c_roll6h_std=104
cloud_cover=103
wind_ms_lag1h=102
heat_index_c_roll3h_std=101
_hi_clim=100
temp_change_3h=94
hi_change_3h=93
temp_c_roll3h_std=87
temp_c_roll6h_std=87
heat_index_c_lag6h=86
cloud_cover_lag1h=78
pressure_hpa_lag1h=75
heat_index_c_lag3h=71
solar_wm2=67
solar_wm2_roll6h_mean=67
heat_index_c_roll6h_mean=55
solar_wm2_lag6h=54
temp_c_roll3h_mean=52
temp_c_lag3h=51
temp_c_roll6h_mean=42
month=40
hour_sin=38
heat_index_c_roll3h_mean=38
temp_x_evening=37
local_hour_cos=33
hour_cos=27
local_hour_sin=27
solar_wm2_lag1h=22
temp_x_solar=18
solar_wm2_lag3h=15

parameters:
[boosting: gbdt]
[objective: quantile]
[metric: quantile]
[tree_learner: serial]
[device_type: cpu]
[data_sample_strategy: bagging]
[data: ]
[valid: ]
[num_iterations: 2000]
[learning_rate: 0.0686502]
[num_leaves: 168]
[num_threads: -1]
[seed: 42]
[deterministic: 0]
[force_col_wise: 0]
[force_row_wise: 0]
[histogram_pool_size: -1]
[max_depth: -1]
[min_data_in_leaf: 78]
[min_sum_hessian_in_leaf: 0.001]
[bagging_fraction: 0.908175]
[pos_bagging_fraction: 1]
[neg_bagging_fraction: 1]
[bagging_freq: 0]
[bagging_seed: 400]
[bagging_by_query: 0]
[feature_fraction: 0.925547]
[feature_fraction_bynode: 1]
[feature_fraction_seed: 30056]
[extra_trees: 0]
[extra_seed: 12879]
[early_stopping_round: 0]
[early_stopping_min_delta: 0]
[first_metric_only: 0]
[max_delta_step: 0]
[lambda_l1: 0.0759513]
[lambda_l2: 1.44033]
[linear_lambda: 0]
[min_gain_to_split: 0]
[drop_rate: 0.1]
[max_drop: 50]
[skip_drop: 0.5]
[xgboost_dart_mode: 0]
[uniform_drop: 0]
[drop_seed: 17869]
[top_rate: 0.2]
[other_rate: 0.1]
[min_data_per_group: 100]
[max_cat_threshold: 32]
[cat_l2: 10]
[cat_smooth: 10]
[max_cat_to_onehot: 4]
[top_k: 20]
[monotone_constraints: ]
[monotone_constraints_method: basic]
[monotone_penalty: 0]
[feature_contri: ]
[forcedsplits_filename: ]
[refit_decay_rate: 0.9]
[cegb_tradeoff: 1]
[cegb_penalty_split: 0]
[cegb_penalty_feature_lazy: ]
[cegb_penalty_feature_coupled: ]
[path_smooth: 0]
[interaction_constraints: ]
[verbosity: -1]
[saved_feature_importance_type: 0]
[use_quantized_grad: 0]
[num_grad_quant_bins: 4]
[quant_train_renew_leaf: 0]
[stochastic_rounding: 1]
[linear_tree: 0]
[max_bin: 255]
[max_bin_by_feature: ]
[min_data_in_bin: 3]
[bin_construct_sample_cnt: 200000]
[data_random_seed: 175]
[is_enable_sparse: 1]
[enable_bundle: 1]
[use_missing: 1]
[zero_as_missing: 0]
[feature_pre_filter: 1]
[pre_partition: 0]
[two_round: 0]
[header: 0]
[label_column: ]
[weight_column: ]
[group_column: ]
[ignore_column: ]
[categorical_feature: ]
[forcedbins_filename: ]
[precise_float_parser: 0]
[parser_config_file: ]
[objective_seed: 16083]
[num_class: 1]
[is_unbalance: 0]
[scale_pos_weight: 1]
[sigmoid: 1]
[boost_from_average: 1]
[reg_sqrt: 0]
[alpha: 0.97]
[fair_c: 1]
[poisson_max_delta_step: 0.7]
[tweedie_variance_power: 1.5]
[lambdarank_truncation_level: 30]
[lambdarank_norm: 1]
[label_gain: ]
[lambdarank_position_bias_regularization: 0]
[eval_at: ]
[multi_error_top_k: 1]
[auc_mu_weights: ]
[num_machines: 1]
[local_listen_port: 12400]
[time_out: 120]
[machine_list_filename: ]
[machines: ]
[gpu_platform_id: -1]
[gpu_device_id: -1]
[gpu_use_dp: 0]
[num_gpu: 1]

end of parameters

pandas_categorical:[]
