tree
version=v4
num_class=1
num_tree_per_iteration=1
label_index=0
max_feature_idx=64
objective=quantile
feature_names=wind_ms precip_mm solar_wm2 cloud_cover pressure_hpa blh_m hour_sin hour_cos local_hour_sin local_hour_cos doy_sin doy_cos month station_enc lat lon elevation_m heat_index_c_lag1h heat_index_c_lag3h heat_index_c_lag6h heat_index_c_lag12h heat_index_c_lag24h temp_c_lag1h temp_c_lag3h temp_c_lag6h temp_c_lag12h temp_c_lag24h rh_lag1h rh_lag3h rh_lag6h rh_lag12h rh_lag24h hi_change_3h temp_change_3h heat_index_c_roll3h_mean heat_index_c_roll3h_std heat_index_c_roll6h_mean heat_index_c_roll6h_std heat_index_c_roll24h_mean heat_index_c_roll24h_std temp_c_roll3h_mean temp_c_roll3h_std temp_c_roll6h_mean temp_c_roll6h_std temp_c_roll24h_mean temp_c_roll24h_std temp_x_rh temp_x_evening solar_wm2_lag1h solar_wm2_lag3h solar_wm2_lag6h solar_wm2_roll6h_mean temp_x_solar cloud_cover_lag1h cloud_cover_lag3h cloud_cover_lag6h pressure_hpa_lag1h pressure_hpa_lag3h pressure_hpa_lag6h wind_ms_lag1h wind_ms_lag3h precip_mm_lag1h precip_mm_lag3h _hi_clim hi_residual_lag1h
feature_infos=[0.02:12.460000000000001] [0:317.81] [0:1002.6] [0:1] [999.89999999999998:1017.8] none [-1:1] [-1:1] [-1:1] [-1:1] [-0.99999073973619013:0.99999073973619013] [-0.99996295911626554:1] [1:12] none none none none [20.193010041414773:41.478742012848556] [20.193010041414773:41.478742012848556] [20.193010041414773:41.478742012848556] [20.193010041414773:41.478742012848556] [20.193010041414773:41.478742012848556] [19.760000000000002:33.990000000000002] [19.760000000000002:33.990000000000002] [19.760000000000002:33.990000000000002] [19.760000000000002:33.990000000000002] [19.760000000000002:33.990000000000002] [45.399999999999999:95.900000000000006] [45.399999999999999:95.900000000000006] [45.399999999999999:95.900000000000006] [45.399999999999999:95.900000000000006] [45.399999999999999:95.900000000000006] [-8.2146513491539537:10.654833628507472] [-3.7799999999999976:6.9400000000000013] [20.337041452610382:41.3613806450143] [0.00082540000463596967:5.731779855721479] [20.53870511976768:41.077662116218626] [0.01094466395076415:5.5044191916652867] [23.601816821639577:40.084478575803203] [0.13788157448049526:5.2925208432499176] [19.856666666666669:33.75333333333333] [0:3.4302380869751343] [20.080000000000002:33.363333333333337] [0.0075277264768823125:3.7881627032990655] [22.664583333333336:31.47583333333333] [0.071743302473312412:3.6001605992759678] [1297.7639999999999:2627.6799999999998] [0:33.409999999999997] [0:1002.6] [0:1002.6] [0:1002.6] [0:881.66666666666697] [0:31524.726999999999] [0:1] [0:1] [0:1] [999.89999999999998:1017.8] [999.89999999999998:1017.8] [999.89999999999998:1017.8] [0.02:12.460000000000001] [0.02:12.460000000000001] [0:317.81] [0:317.81] [22.151447454483893:38.639121594221415] [-10.365145180573514:8.4554381394728395]
tree_sizes=3269 3465 3498 3467 3468 3490 3475 3458 3451 3482 3456 3463 3476 3462 3448 3473 3479 3446 3459 3491 3478 3454 3501 3473 3487 3468 3490 3456 3459 3462 3472 3483 3500 3482 3489 3460 3483 3504 3482 3502 3474 3504 3511 3440 3485 3485 3502 3488 3469 3489 3490 3510 3458 3494 3482 3520 3505 3477 3477 3511 3505 3485 3514 3518 3501 3490 3481 3505 3535 3520 3519 3495 3500 3508 3485 3494 3494 3501 3510 3500 3485 3513 3485 3478 3527 3494 3499 3498 3506 3492 3517 3530 3536 3534 3504 3484 3477 3514 3512 3500 3505 3516 3492 3520 3509 3537 3486 3509 3500 3475 3537 3534 3518 3529 3495 3527 3510 3492 3530 3498 3526 3505 3495 3519 3519 3530 3523 3495 3518 3518 3510 3502 3538 3511 3528 3504 3495 3502 3493 3513 3526 3523 3515 3518 3508 3519 3512 3537 3498 3519 3515 3532 3517 3530 3526 3497 3476 3477 3526 3539 3497 3526 3511 3539 3543 3542 3540 3515 3497 3543 3519 3520 3507 3496 3489 3528 3497 3551 3527 3517 3539 3529 3535 3514 3526 3521 3509 3523 3518 3475 3552 3504 3530 3526 3533 3528 3501 3525 3536 3512 3518 3531 3541 3496 3506 3532 3489 3531 3522 3526 3548 3530 3502 3495 3537 3524 3548 3539 3554 3509 3534 3526 3542 3496 3548 3537 3544 3537 3538 3529 3518 3555 3536 3544 3550 3496 3506 3540 3540 3512

Tree=0
num_leaves=31
num_cat=0
split_feature=27 60 27 33 58 48 10 56 27 46 58 52 55 39 10 33 49 39 38 39 59 56 20 35 29 62 53 20 38 33
split_gain=302.913 39.6178 34.2815 21.3232 15.0622 10.8711 8.23375 5.13663 4.60416 4.45442 1.61233 3.09478 1.34151 1.26555 1.22518 2.46235 1.3973 1.1141 1.71734 1.04545 0.643716 0.616558 0.542917 0.380075 0.377964 0.298903 0.283481 0.20267 0.194386 0.179809
threshold=66.350000000000009 3.6650000000000005 71.250000000000014 0.92000000000000004 1010.1500000000002 332.05000000000007 -0.24284747324344261 1008.35 75.550000000000011 1748.8320000000001 1010.5500000000001 8735.4400000000005 0.20250000000000004 1.5793795014106793 1.0000000180025095e-35 1.0350000000000004 832.30000000000007 1.6315713366422411 29.403394391849194 1.3589615965400614 5.3250000000000011 1011.2500000000001 25.224658520898856 0.34187662298802562 69.15000000000002 5.8650000000000011 0.048500000000000008 29.888939745165448 36.128037107335714 1.6449999999999998
decision_type=2 2 2 2 2 2 2 2 2 2 2 2 2 2 2 2 2 2 2 2 2 2 2 2 2 2 2 2 2 2
left_child=1 4 3 10 12 -3 -5 -7 14 -6 21 19 -1 -8 24 16 17 25 -19 -12 -21 23 -10 28 -4 27 -26 -16 -2 -24
right_child=2 5 8 6 9 7 13 -9 22 -11 11 -13 -14 -15 15 -17 -18 18 -20 20 -22 -23 29 -25 26 -27 -28 -29 -30 -31
leaf_value=65.483546247178936 65.532353316075387 65.283636976978684 65.477757104840222 65.473712843910306 65.283636976978684 65.336211212021695 65.35570307143476 65.214886161034386 65.447425842093395 65.340255318678828 65.526932769428413 65.370586581425655 65.400947173680805 65.307902002603427 65.504044106657133 65.380697002341265 65.327421744894153 65.52958820888864 65.372158442531401 65.429227053590736 65.475735051511649 65.437623633036623 65.643567946147087 65.460962115053917 65.476942263830793 65.467646683924613 65.552643465576182 65.543264072248647 65.413050395553043 65.483493063820177
leaf_weight=128.56333595514297 535.16611725091934 194.33028012514114 199.35735094547272 153.0097234249115 170.66624575853348 112.99491518735886 129.46554505825043 434.07756853103638 89.079895079135895 206.74509799480438 156.77408534288406 115.53472304344177 163.23837679624557 227.98652708530426 174.06607961654663 143.96635806560516 127.14627599716187 288.56192356348038 151.9916130900383 137.61115044355392 131.16688847541809 101.60199457406998 17235.018707454205 178.32471519708633 116.47293275594711 118.1979455947876 1027.0177376270294 895.27644467353821 93.677298069000244 92.701688289642334
leaf_count=105 585 155 174 161 152 84 119 390 65 230 125 128 149 182 147 135 113 154 123 119 87 77 18183 160 86 129 1128 818 65 82
internal_value=65.5 65.4909 65.5006 65.498 65.4948 65.4876 65.4945 65.4859 65.5008 65.492 65.4993 65.4985 65.4986 65.4927 65.5001 65.4998 65.5 65.5001 65.4994 65.4995 65.4986 65.5 65.5009 65.5001 65.5006 65.5005 65.5007 65.5006 65.5004 65.5009
internal_weight=24029.8 1410.62 22619.2 1960.32 669.213 741.403 510.462 547.072 20658.9 377.411 1449.86 541.087 291.802 357.452 3242.05 1899.21 1755.24 1628.09 440.554 425.552 268.778 908.77 17416.8 807.168 1342.85 1187.54 1143.49 1069.34 628.843 17327.7
internal_count=24410 1265 23145 1808 636 629 462 474 21337 382 1346 459 254 301 3007 1619 1484 1371 277 331 206 887 18330 810 1388 1094 1214 965 650 18265
is_linear=0
shrinkage=1


Tree=1
num_leaves=31
num_cat=0
split_feature=31 43 28 33 25 33 60 12 28 39 60 52 4 28 32 40 28 28 25 63 60 31 53 61 45 12 52 28 40 25
split_gain=216.448 41.343 28.0317 21.393 12.3568 10.1986 7.63887 6.31185 5.90031 5.3991 3.5229 2.61873 3.42716 2.05918 2.02717 1.84166 1.72407 1.60089 1.29675 1.24095 1.18505 0.766365 0.593338 1.46383 1.17373 0.447408 1.23562 0.274193 0.256916 0.228542
threshold=66.350000000000009 0.76067183511141756 70.950000000000017 0.75499999999999912 27.015000000000004 0.98499999999999954 4.4450000000000012 2.5000000000000004 63.050000000000004 1.4517817889924327 4.9250000000000007 5823.6535000000003 1007.5500000000001 77.550000000000011 -0.22312183901313884 30.938333333333336 77.750000000000014 63.95000000000001 27.915000000000003 32.539159678662699 3.7150000000000003 72.350000000000009 0.73150000000000015 0.115 1.5302923728261857 2.5000000000000004 3583.9050000000007 77.550000000000011 30.215000000000007 25.725000000000005
decision_type=2 2 2 2 2 2 2 2 2 2 2 2 2 2 2 2 2 2 2 2 2 2 2 2 2 2 2 2 2 2
left_child=1 4 3 8 14 15 18 13 9 -2 -5 22 -13 -7 -1 21 19 -16 -6 -9 -3 25 -10 24 -24 26 -4 -23 -27 -18
right_child=2 20 5 10 6 7 -8 16 11 -11 -12 12 -14 -15 17 -17 29 -19 -20 -21 -22 27 23 -25 -26 28 -28 -29 -30 -31
leaf_value=-0.089645520684146135 -0.015236480481969813 -0.25445171754567214 0.049687257558042618 -0.17154629689223502 -0.060963520774125854 -0.17704771778314651 -0.12567023006130093 -0.091294783520952619 0.01541583022311291 -0.12750432562549791 -0.27126030667334738 -0.042497320914207777 -0.12191601576060182 -0.10273598590396332 -0.1948522873432206 -0.17947186822452424 -0.048004497521574867 -0.12672104133404388 0.02128308118617455 0.00020961125035622949 -0.27328236000191314 0.077402116979423063 -0.069382101617507699 0.018689446188077673 -0.0052776553455091066 0.043610954357652942 -0.046108314222228317 0.15481956326153812 -0.050417970903242508 0.057464931193078092
leaf_weight=135.35717785358429 127.58972531557083 106.76287591457367 256.02931016683578 122.68093430995941 121.70665603876114 109.25300848484039 104.53473955392838 217.77568680047989 762.62948560714722 205.41391724348068 141.31722229719162 205.61037784814835 118.51083946228027 130.93575805425644 118.23611295223236 98.450350761413574 116.31192320585251 107.20647913217545 214.89636105298996 134.36440789699554 457.27508866786957 4030.025031208992 188.59614688158035 314.13508421182632 131.71506100893021 713.08817541599274 134.54593658447266 13888.728044450283 110.80138939619064 405.3062332868576
leaf_count=120 103 136 193 112 135 96 74 186 638 166 118 216 131 127 116 34 77 102 177 162 405 3892 153 296 77 781 121 14955 71 440
internal_value=2.00857e-05 -0.00778104 0.000495436 -0.00159764 -0.00461375 0.000738496 -0.00203265 -0.00110594 -0.000846089 -0.00332249 -0.00701786 -0.000309555 -0.00194065 -0.00400367 -0.00747205 0.000850093 -0.000194846 -0.0091097 -0.00024904 -0.00134616 -0.0120652 0.000867461 1.0871e-05 -0.000375208 -0.00140173 0.000263091 -0.000140338 0.000903469 0.000559856 0.000420194
internal_weight=24029.8 1365.98 22663.8 2318.2 801.938 20345.6 441.138 1113.95 2054.2 333.004 263.998 1721.2 324.121 240.189 360.8 19231.7 873.758 225.443 336.603 352.14 564.038 19133.2 1397.08 634.446 320.311 1214.46 390.575 17918.8 823.89 521.618
internal_count=24410 1265 23145 2010 724 21135 386 1088 1780 269 230 1511 347 223 338 20047 865 218 312 348 541 20013 1164 526 230 1166 314 18847 852 517
is_linear=0
shrinkage=0.0202208


Tree=2
num_leaves=31
num_cat=0
split_feature=46 51 10 46 49 32 10 10 57 29 22 60 51 51 63 32 1 35 44 43 43 56 25 10 10 23 49 58 30 50
split_gain=128.252 131.07 36.4778 19.7637 19.5782 11.797 13.3859 11.3035 11.8437 5.10537 2.78949 2.60117 2.43637 1.9622 1.3863 1.29422 1.11206 0.923366 1.79211 0.814301 0.748385 0.547767 0.469637 0.232659 0.190663 0.17844 0.147922 0.11791 0.112747 0.070425
threshold=1847.6640000000004 176.17500000000021 -0.19244979981841004 2068.6570000000006 61.050000000000004 1.0000000180025095e-35 0.39753913293121995 0.081675638985454754 1010.0500000000001 63.95000000000001 30.875000000000004 3.7550000000000003 585.3333333333336 41.325000000000038 28.65338645052012 -0.3372784550133065 0.075000000000000025 0.37943453112890596 26.790000000000006 0.31194016520240914 1.0387379706942579 1013.0500000000001 25.225000000000005 0.99965739133362419 -0.67760851415498069 27.455000000000002 891.95000000000016 1012.9500000000002 63.95000000000001 891.95000000000016
decision_type=2 2 2 2 2 2 2 2 2 2 2 2 2 2 2 2 2 2 2 2 2 2 2 2 2 2 2 2 2 2
left_child=1 9 -3 4 14 -4 -7 12 15 -1 20 -10 24 -11 28 -9 -14 25 -19 -17 21 22 -5 26 -6 -16 27 29 -2 -24
right_child=3 2 5 10 7 6 -8 8 11 13 -12 -13 16 -15 17 19 -18 18 -20 -21 -22 -23 23 -25 -26 -27 -28 -29 -30 -31
leaf_value=-0.068195217165422248 0.0072320432517159463 -0.1256349560660118 -0.1190945595197581 -0.037413428606584913 -0.053256774524652058 -0.13636177634266794 -0.30642534188515913 -0.064483114355617044 -0.12094990886464616 0.058627902037852564 -0.071058094790920304 -0.17346766388527557 -0.048174498774969939 -0.044267758220032996 0.05136448195803979 -0.037579420524043436 -0.0028632863542648076 0.065410703415546598 -0.068340992813932383 -0.091916911212032312 -0.10489710342978605 -0.024729448970306541 0.12944593192788459 -0.0024461473673497141 0.025515829453199832 -0.035767422793355763 0.012178339744609995 0.015758816575895365 0.0837509734174961 0.0036263423317206803
leaf_weight=219.07509928941727 340.97360944747925 211.05370801687241 174.59963583946228 118.21919798851013 105.37123268842697 395.46310287714005 332.86160731315613 185.03150177001953 150.80810636281967 958.63526278734207 281.77964150905609 207.13070458173752 131.86474370956421 242.90237504243851 309.40642666816711 97.034518480300903 81.05273175239563 152.41576200723648 204.64434218406677 184.96236735582352 157.14319837093353 152.52812904119492 16416.250608921051 91.538157343864441 366.66769301891327 230.08581161499023 168.4441813826561 80.480292320251465 1098.0608967542648 183.30489462614059
leaf_count=141 209 141 142 114 101 315 341 160 180 348 130 189 152 124 216 102 96 96 157 182 103 139 18829 106 339 225 174 84 583 192
internal_value=4.11038e-05 -0.00425323 -0.00943366 0.000552244 -0.000748767 -0.0112123 -0.0124622 -0.00254772 -0.00415227 -0.000114261 0.000840775 -0.00699171 -0.000475075 0.000341627 0.0003792 -0.00174885 -0.00228983 -0.00016751 -0.00101568 -0.0026243 0.000876002 0.000889985 0.000901266 0.000910649 0.000172059 0.000236123 0.000916205 0.000922784 0.000780007 0.000926586
internal_weight=24029.8 2534.59 1113.98 21495.2 3845.51 902.924 728.325 1509.92 824.967 1420.61 17649.7 357.939 684.956 1201.54 2335.59 467.028 212.917 896.552 357.06 281.997 17367.9 17210.8 17058.2 16940 472.039 539.492 16848.5 16680 1439.03 16599.6
internal_count=24410 1552 939 22858 2987 798 656 1501 813 613 19871 369 688 472 1486 444 248 694 253 284 19741 19638 19499 19385 440 441 19279 19105 792 19021
is_linear=0
shrinkage=0.0202208


Tree=3
num_leaves=31
num_cat=0
split_feature=27 19 27 2 32 58 17 27 57 2 27 12 49 17 49 4 50 20 39 42 49 11 0 39 50 57 39 58 49 54
split_gain=255.034 42.8627 28.1988 12.9114 12.5896 11.5069 7.67918 4.14451 3.17121 3.72398 3.10356 1.06061 1.55105 3.02066 1.59522 0.931923 0.838062 0.534558 0.501891 0.625583 0.414787 0.394097 0.356343 0.242195 0.226591 0.197677 0.179419 0.124569 0.115895 0.110382
threshold=66.350000000000009 29.945644475586985 70.950000000000017 80.65000000000002 1.525370438077964 1009.9500000000002 31.102058097722146 75.550000000000011 1009.6500000000002 370.95000000000005 68.750000000000014 5.5000000000000009 3.5500000000000003 31.354931854063832 832.30000000000007 1008.35 100.15000000000002 25.224658520898856 1.5793795014106793 28.489166666666669 520.1500000000002 0.99164058729498161 3.8850000000000002 1.4399014022335195 891.95000000000016 1009.9500000000002 1.6506709776541795 1009.6500000000002 891.95000000000016 0.045500000000000006
decision_type=2 2 2 2 2 2 2 2 2 2 2 2 2 2 2 2 2 2 2 2 2 2 2 2 2 2 2 2 2 2
left_child=1 3 4 -1 8 20 -7 11 18 16 -6 12 26 -14 23 -5 -10 -9 27 -20 -3 29 -18 25 28 -15 -4 -2 -19 -13
right_child=2 5 7 15 10 6 -8 17 9 -11 -12 21 13 14 -16 -17 22 24 19 -21 -22 -23 -24 -25 -26 -27 -28 -29 -30 -31
leaf_value=-0.10424159092234316 0.027850570974194019 -0.0037670674234898827 0.048978685085556688 -0.23408712684069558 -0.1461601736800956 -0.11206709777242638 -0.20327714295852672 -0.049463476009496694 0.00060251521293975521 -0.12156437865853198 -0.11730229024375215 -0.014339999897229994 -0.10277599569277932 0.02931789176199313 -0.17074438065949366 -0.26669856231858174 -0.062190771107115607 0.1349167937997193 0.026859554687514189 -0.086517625113981964 -0.036819533005518011 -0.12075620365725975 -0.049276526593010093 -0.065618643579384808 0.010747773328605477 -0.024705643740929383 0.00087368994547712517 -0.013091170177114822 0.016068961304921831 0.056046230460790665
leaf_weight=227.37476843595505 407.77014136314392 142.04221719503403 410.23549443483353 97.097050487995148 200.57895559072495 118.12738192081451 194.42640846967697 89.079895079135895 271.18772864341736 171.16045820713043 200.69301307201385 134.65748524665833 222.45501589775085 533.39902973175049 108.56967401504517 496.07914859056473 124.7152943611145 17113.745792448521 125.37426555156708 102.78752058744431 135.46884524822235 170.46023762226105 107.66261065006256 94.008623242378235 120.50064784288406 106.16819685697556 314.80258995294571 106.93352383375168 93.473955452442169 1288.7535710334778
leaf_count=167 422 118 339 99 179 95 236 65 198 157 183 106 185 453 94 459 109 18053 98 121 91 124 84 98 123 140 161 122 89 1442
internal_value=5.25268e-05 -0.00827262 0.00057697 -0.0113133 -0.00182031 -0.00384865 -0.00651524 0.000791121 -0.000844023 -0.00184454 -0.00501042 0.000113277 -0.000189863 -0.000714094 -4.8383e-05 -0.0130569 -0.00073932 0.00091772 0 -0.000705011 -0.000483897 0.000508069 -0.00161956 0.000186483 0.000926903 0.000411119 0.000459475 0.000416061 0.000933031 0.000633822
internal_weight=24029.8 1410.62 22619.2 820.551 1818.86 590.065 312.554 20800.3 1417.59 674.726 401.272 3383.51 1789.64 1064.6 842.146 593.176 503.566 17416.8 742.865 228.162 277.511 1593.87 232.378 733.576 17327.7 639.567 725.038 514.704 17207.2 1423.41
internal_count=24410 1265 23145 725 1673 540 331 21472 1311 548 362 3142 1470 970 785 558 391 18330 763 219 209 1672 193 691 18265 593 500 544 18142 1548
is_linear=0
shrinkage=0.0202208


Tree=4
num_leaves=31
num_cat=0
split_feature=27 60 27 31 46 33 27 10 48 34 10 39 50 48 63 10 20 63 45 20 39 36 22 11 31 46 50 11 63 45
split_gain=243.076 33.4139 26.6507 12.6995 11.0419 10.35 6.11059 6.05794 4.22427 4.90277 2.96156 2.37785 2.16235 1.90876 4.40373 3.79109 2.69586 2.32476 0.674616 0.532496 0.441373 1.05036 0.885686 0.881583 0.33111 0.28026 0.231158 0.137636 0.0675513 0.0635975
threshold=66.350000000000009 3.6650000000000005 69.750000000000014 69.15000000000002 1694.1935000000003 0.90000000000000047 75.550000000000011 -0.20931270765420754 30.050000000000004 34.882260600941443 -0.10738035228456493 1.4042564054169187 756.75000000000011 219.25000000000003 31.729959196159246 1.0000000180025095e-35 36.332017515518736 30.387855685263006 1.5302923728261857 25.224658520898856 1.3904753604967717 29.590596843024198 28.305000000000003 0.95493138204271821 66.550000000000011 2046.0720000000003 891.95000000000016 0.8977101403255705 29.4226243423544 1.3200739690801198
decision_type=2 2 2 2 2 2 2 2 2 2 2 2 2 2 2 2 2 2 2 2 2 2 2 2 2 2 2 2 2 2
left_child=1 4 5 10 -1 11 13 -7 -6 12 -3 27 -10 20 15 28 25 -17 29 -8 -4 -22 23 -23 -21 -16 -26 -2 -15 -13
right_child=2 3 6 -5 8 7 19 -9 9 -11 -12 18 -14 14 16 17 -18 -19 -20 24 21 22 -24 -25 26 -27 -28 -29 -30 -31
leaf_value=-0.21006774019172184 0.011772121964077759 -0.12873091407173631 0.065473757678545894 -0.20314730621992017 -0.046299159597346214 -0.035984763078857403 -0.048463282884686508 -0.15635487482677887 -0.16404518212438585 -0.057444668654526569 -0.27638815463967648 -0.048711708940760393 -0.11759492867291861 0.0057066709775784831 -0.008898807990780978 -0.048716465818457143 -0.090928615429735155 -0.26948531794296782 -0.046120409502953527 -0.0066128461262989369 0.056344297533205481 -0.068664173189402822 0.036650936365443129 0.011891095440783161 0.13218866265192017 0.0454239191758627 0.022090720853130782 -0.04360270180303414 -0.039632521762648559 -0.0824825167173346
leaf_weight=144.75685620307922 312.53966116905212 117.78677922487259 892.64677780866623 177.81154811382294 201.56575781106949 109.83624905347824 89.079895079135895 247.77231281995773 145.24361205101013 101.32777178287506 445.80443650484085 112.57327884435654 76.319058656692505 143.30892586708069 101.58498114347458 165.86573040485382 222.92581927776337 141.55891185998917 153.88025885820389 94.289494156837463 646.54572492837906 179.19355136156082 214.45205014944077 111.36846232414246 17113.904504239559 1023.895070374012 119.52639734745026 160.16947901248932 160.0938823223114 102.16230231523514
leaf_count=128 299 93 902 126 156 111 65 214 188 77 410 114 87 102 109 124 126 145 113 92 353 160 264 83 18051 1207 122 147 158 84
internal_value=7.17017e-05 -0.0080557 0.000583776 -0.0110945 -0.00451259 -0.00232744 0.000751219 -0.00524915 -0.00286214 -0.00430356 -0.0127214 -0.000962811 -0.005977 1.62806e-05 -0.000411059 -0.0018437 0.000176754 -0.00341866 -0.00217068 0.000915083 0.00046861 0.000111773 -0.000479879 -0.00126536 0.000924253 0.000638141 0.000931005 0 0 -0.00303131
internal_weight=24029.8 1410.62 22619.2 741.403 669.213 1198.93 21420.2 357.609 524.456 322.89 563.591 841.325 221.563 4003.44 1959.23 610.827 1348.41 307.425 368.616 17416.8 2044.21 1151.56 505.014 290.562 17327.7 1125.48 17233.4 472.709 303.403 214.736
internal_count=24410 1265 23145 629 636 1082 22063 325 508 352 503 757 275 3733 1971 529 1442 269 311 18330 1762 860 507 243 18265 1316 18173 446 260 198
is_linear=0
shrinkage=0.0202208


Tree=5
num_leaves=31
num_cat=0
split_feature=27 19 27 58 6 33 34 27 12 39 6 63 20 63 64 58 30 64 62 39 38 45 20 39 42 64 60 39 58 47
split_gain=221.846 40.7591 25.2228 10.5912 9.69388 9.00814 7.41878 5.84814 3.54976 2.37785 1.26322 3.12532 2.82185 1.95272 1.21245 1.13869 1.59957 1.05211 1.04908 1.34126 0.788675 0.674616 0.526832 0.470428 1.04252 0.766057 0.447855 0.375102 0.222218 0.195286
threshold=66.350000000000009 29.945644475586985 69.750000000000014 1011.1500000000002 0.60355339059327384 0.90000000000000047 31.395521487292424 75.550000000000011 2.5000000000000004 1.4042564054169187 0.37940952255126054 32.083548282344019 36.332017515518736 29.127444299471737 -1.3775331800816841 1007.6500000000002 75.350000000000009 -0.52619612238929736 0.015000000000000001 2.1936533801338842 30.496325851454092 1.5302923728261857 25.224658520898856 1.3904753604967717 27.232500000000005 0.69420798318710564 4.7650000000000006 2.2919425590741285 1010.9500000000002 30.345000000000002
decision_type=2 2 2 2 2 2 2 2 2 2 2 2 2 2 2 2 2 2 2 2 2 2 2 2 2 2 2 2 2 2
left_child=1 4 5 15 14 9 -5 10 -7 -2 23 13 28 -12 -1 -3 -17 -6 -15 20 -20 -11 -9 -4 -25 27 -19 -26 -13 -24
right_child=2 3 7 6 17 8 -8 22 -10 21 11 12 -14 18 -16 16 -18 26 19 -21 -22 -23 29 24 25 -27 -28 -29 -30 -31
leaf_value=-0.15536785651793752 -0.006172054497327501 0.00078931322742173437 0.061812797024915427 -0.13851670285504974 -0.27180054308064944 -0.18511921005118184 -0.19928678823244819 -0.047483314506853773 -0.063346158778938066 -0.082187582342262103 0.00054144418830100801 0.050662748302427757 -0.089196997858492749 -0.02199466921267932 -0.11521706022007025 -0.026900454556905769 -0.086255417938262635 -0.16072805044347538 -0.10999792653906998 -0.2980934372598098 -0.0047856860522245545 -0.045187815997203437 0.12946223590058256 0.056179260336822384 -0.035368019865624434 0.011921834637741201 -0.24653432785594598 -0.056323612907548247 -0.0087188666019131379 0.010664161619664143
leaf_weight=143.41964620351791 472.70914018154144 137.65340662002563 843.67085444927216 96.295547842979431 337.6226087808609 142.31077820062637 121.0486775636673 89.079895079135895 215.2977836728096 214.73558115959167 197.79096978902817 1034.8215516805649 220.71853309869766 139.37933361530304 117.20915341377258 112.62766456604004 122.43955624103546 130.84042382240295 125.37113356590271 88.791779100894928 138.3853178024292 153.88025885820389 17231.295990765095 599.91591149568558 155.18231803178787 237.72846794128418 91.459135293960571 108.88152140378952 112.80219584703445 96.424404978752136
leaf_count=97 446 90 838 79 276 126 155 65 199 198 139 1208 124 116 100 108 108 149 117 69 181 113 18221 316 135 257 103 94 139 44
internal_value=9.51399e-05 -0.00766885 0.000584486 -0.00336136 -0.0106285 -0.0022468 -0.00694421 0.00074744 -0.0049809 -0.000962811 2.76507e-05 -0.000297147 0.00020798 -0.00142086 -0.00645842 -0.000987579 -0.00186654 -0.0123541 -0.00210566 -0.00271473 -0.00144803 -0.00217068 0.00090782 0.000416084 4.98355e-05 -0.000536145 -0.00920599 -0.00130791 0.000668078 0.000916953
internal_weight=24029.8 1410.62 22619.2 590.065 820.551 1198.93 217.344 21420.2 357.609 841.325 4003.44 2058.06 1368.34 689.719 260.629 372.721 235.067 559.922 491.928 352.548 263.756 368.616 17416.8 1945.38 1101.71 501.792 222.3 264.064 1147.62 17327.7
internal_count=24410 1265 23145 540 725 1082 234 22063 325 757 3733 2093 1471 622 197 306 216 528 483 367 298 311 18330 1640 802 486 252 229 1347 18265
is_linear=0
shrinkage=0.0202208


Tree=6
num_leaves=31
num_cat=0
split_feature=27 24 27 58 22 56 52 27 64 39 52 52 63 63 38 50 58 58 31 31 31 32 36 39 64 0 28 50 50 4
split_gain=211.492 44.3021 23.8992 16.1108 9.28612 9.02572 6.29713 5.47672 5.38561 1.91984 1.8626 1.53585 3.25216 2.24417 1.95064 1.2217 1.13525 1.03916 0.722527 0.598642 0.50404 0.405014 0.814415 0.808841 0.619971 0.402766 0.25619 0.229323 0.155588 0.399785
threshold=66.350000000000009 27.305000000000003 69.750000000000014 1011.1500000000002 28.865000000000006 1010.9500000000002 8735.4400000000005 75.550000000000011 -0.52619612238929736 1.8501609248193063 18823.399500000003 6170.3300000000008 32.083548282344019 29.868414925595268 37.061668154508467 584.1500000000002 1007.6500000000002 1010.6500000000002 66.050000000000011 66.550000000000011 66.850000000000009 -0.61216998672395551 29.590596843024198 1.3904753604967717 0.69420798318710564 2.7550000000000003 70.550000000000011 891.95000000000016 214.75000000000003 1007.2500000000001
decision_type=2 2 2 2 2 2 2 2 2 2 2 2 2 2 2 2 2 2 2 2 2 2 2 2 2 2 2 2 2 2
left_child=1 8 5 16 -5 9 -7 11 18 28 -10 21 13 -13 25 -11 -3 -15 -1 -9 -18 22 -4 -24 -25 -14 -21 -28 -2 -30
right_child=2 3 7 4 -6 6 -8 19 10 15 -12 12 14 17 -16 -17 20 -19 -20 26 -22 -23 23 24 -26 -27 27 -29 29 -31
leaf_value=-0.27136955481149977 0.021037427865901941 0.0019035056538986989 0.059584758176089908 -0.14966393212640966 -0.20080303997278667 -0.050091577918920313 -0.1267796554132507 -0.027915738496741407 -0.084043643890370584 -0.1291902891130397 -0.23548295908431793 -0.0064451976331543013 -0.0013979699131330941 -0.099071011316811744 -0.10365250665168502 -0.028153443432700327 -0.091038570503182314 -0.1599145799692934 -0.1734701195290822 -0.0098061004136435689 -0.057882986789288271 0.053845934860149276 0.04883322488327646 -0.06659301205112074 -0.0051978826947150511 0.041130343144191991 0.12689786121729427 0.019026192485560731 0.0054000335583586061 -0.050424629068397564
leaf_weight=283.44899022579193 212.23012912273407 154.03623640537262 549.73627883195877 110.80812734365463 181.7784988284111 234.00500625371933 216.86588478088379 95.000705420970917 100.67213308811188 109.77948498725891 132.82601410150528 301.32895022630692 250.19503903388977 166.88427305221558 184.28447586297989 101.53281962871552 106.91082644462585 190.13857305049896 169.77521258592606 94.453720271587372 170.35978132486343 1032.3172205686569 161.84721332788467 164.00329631567001 129.35388624668121 873.35068130493164 17110.1331204772 117.21274465322495 167.98070377111435 156.53951352834702
leaf_count=226 182 102 291 88 223 170 183 93 90 99 161 230 295 177 90 106 109 183 123 73 143 1021 181 131 132 1002 18045 119 185 157
internal_value=0.000108439 -0.00747198 0.000586304 -0.0037646 -0.00744726 -0.00216879 -0.00445344 0.000744979 -0.0112084 -0.00065882 -0.00742872 4.71167e-05 -0.000330566 -0.00150231 0.000195346 -0.00227176 -0.00101928 -0.00258492 -0.0128812 0.000900316 -0.00180496 0.000454452 6.20489e-05 -0.00046373 -0.00118007 0.00057142 0.000910565 0.00091638 0 -0.000288574
internal_weight=24029.8 1410.62 22619.2 723.893 292.587 1198.93 450.871 21420.2 686.722 748.063 233.498 4003.44 1966.18 658.352 1307.83 211.312 431.307 357.023 453.224 17416.8 277.271 2037.26 1004.94 455.204 293.357 1123.55 17321.8 17227.3 536.75 324.52
internal_count=24410 1265 23145 665 311 1082 353 22063 600 729 251 3733 1977 590 1387 205 354 360 349 18330 252 1756 735 444 263 1297 18237 18164 524 342
is_linear=0
shrinkage=0.0202208


Tree=7
num_leaves=31
num_cat=0
split_feature=27 19 27 2 33 58 10 27 19 10 58 21 63 49 63 2 29 10 20 31 58 27 20 53 58 50 54 29 36 10
split_gain=199.335 38.5249 23.431 19.3543 8.39991 6.47105 6.12197 5.48788 3.10868 2.62979 1.89016 1.55634 1.83233 3.05057 1.44321 1.41573 1.5567 0.962979 2.1455 0.594247 0.490946 0.596916 0.462496 0.338869 0.512397 0.222279 0.206673 0.205188 0.181899 0.173962
threshold=66.350000000000009 30.6029331107848 69.750000000000014 80.65000000000002 1.2999999999999992 1011.2500000000001 0.39753913293121995 75.550000000000011 28.536823252936315 0.047320950113892181 1008.9500000000002 37.6070552464233 32.440080594008172 691.35000000000002 29.127444299471737 370.95000000000005 63.95000000000001 0.30081702196488996 29.702212716937449 66.550000000000011 1007.6500000000002 63.550000000000004 25.224658520898856 0.80650000000000011 1008.85 891.95000000000016 0.76450000000000007 69.750000000000014 31.247155555640067 0.38168568572378603
decision_type=2 2 2 2 2 2 2 2 2 2 2 2 2 2 2 2 2 2 2 2 2 2 2 2 2 2 2 2 2 2
left_child=1 3 4 8 10 20 -5 11 -1 -6 -2 12 13 14 26 16 -12 23 -19 -9 -3 -22 -21 24 -16 27 -4 -24 -14 -18
right_child=2 5 7 6 9 -7 -8 19 -10 -11 15 -13 28 -15 17 -17 29 18 -20 22 21 -23 25 -25 -26 -27 -28 -29 -30 -31
leaf_value=-0.085925139298763692 -0.0010192892337577098 0.029512796915885868 0.043467760391529102 -0.13407770973558128 -0.086209877287678149 -0.1588417755248622 -0.27439765673598615 -0.027351258763997091 -0.074499097978658543 -0.17876360738253277 -0.058910362517954222 -0.08344911294268724 0.0025364374042610187 -0.23924163758503075 -0.049174714324743109 -0.10963775976606294 -0.035109586758198953 -0.093711980487210189 -0.019502578169719845 -0.04908914349498341 -0.078915457018916738 -0.049228244880100407 0.073418392427413798 0.049543418197961257 0.0023646339926098898 0.01864146685666002 0.011023561495655013 0.12837614056681129 0.050982834797130526 0.017423314578066437
leaf_weight=131.9031172990799 343.83171051740646 133.95603173971176 725.83469331264496 337.62718379497528 139.31533247232437 139.34765416383743 300.73934984207153 95.000705420970917 159.29254651069641 109.44916653633118 125.02114993333817 249.77119886875153 163.13173067569733 150.62822377681732 109.23284256458282 138.03265184164047 230.03014945983887 134.33957386016846 243.50926244258881 88.368683815002441 100.71834063529968 107.03159636259079 599.24481272697449 275.35916745662689 257.02862095832825 119.52639734745026 343.30616390705109 16514.659691512585 1351.2984099984169 113.25338131189346
leaf_count=90 322 87 506 301 122 153 316 93 126 90 92 127 190 162 115 144 224 123 239 64 97 95 462 279 234 122 189 17589 1569 88
internal_value=0.000118654 -0.00724043 0.000582677 -0.00966959 -0.00214506 -0.00232448 -0.0117449 0.000739817 -0.00472495 -0.00552207 -0.0011495 4.14258e-05 0.000165978 -0.000170426 0 -0.00182534 -0.00100802 -0.000509659 -0.00131423 0.000895277 -0.000516665 -0.00117626 0.000905499 0 -0.000430661 0.000913839 0.000549663 0.000919914 0.00072018 -2.59465e-05
internal_weight=24029.8 1410.62 22619.2 929.562 1198.93 481.054 638.367 21420.2 291.196 248.764 950.169 4003.44 3753.67 2239.24 2088.61 606.337 468.305 1019.47 377.849 17416.8 341.706 207.75 17321.8 641.621 366.261 17233.4 1069.14 17113.9 1514.43 343.284
internal_count=24410 1265 23145 833 1082 432 617 22063 216 212 870 3733 3606 1847 1685 548 404 990 362 18330 279 192 18237 628 349 18173 695 18051 1759 312
is_linear=0
shrinkage=0.0202208


Tree=8
num_leaves=31
num_cat=0
split_feature=27 24 27 2 57 11 58 27 57 52 53 21 63 52 59 11 63 36 0 31 20 58 31 58 3 20 24 0 27 52
split_gain=186.601 38.1798 26.793 12.3523 9.10466 6.62246 5.4011 5.30428 2.74634 2.92543 1.5564 1.43442 1.75107 3.52707 1.73173 1.4565 2.79911 0.723889 0.998108 0.598799 0.368356 0.324659 0.320154 0.210775 0.17254 0.119334 0.106303 0.0832823 0.073967 0.0607993
threshold=65.750000000000014 28.305000000000003 69.750000000000014 80.65000000000002 1012.85 0.91925191855388755 1011.35 75.550000000000011 1009.2500000000001 6691.1805000000013 0.6715000000000001 37.6070552464233 32.440080594008172 7859.464500000001 6.3850000000000007 0.91586428826728705 29.868414925595268 29.529807723085792 4.6250000000000009 71.450000000000017 25.472402142330878 1007.6500000000002 69.550000000000011 1011.1500000000002 0.56650000000000011 27.380830107795308 29.755000000000006 2.2650000000000001 73.250000000000014 14865.087000000001
decision_type=2 2 2 2 2 2 2 2 2 2 2 2 2 2 2 2 2 2 2 2 2 2 2 2 2 2 2 2 2 2
left_child=1 3 4 -1 8 -5 21 11 22 10 -10 12 13 17 15 28 -17 -4 25 24 -21 -3 -2 -14 29 -19 -27 -24 -15 -9
right_child=2 6 7 5 -6 -7 -8 19 9 -11 -12 -13 23 14 -16 16 -18 18 -20 20 -22 -23 27 -25 -26 26 -28 -29 -30 -31
leaf_value=-0.074768997025750489 -0.042302368196601936 -0.0011240204306045055 0.048990962500659825 -0.26335512864914168 -0.10653012835967827 -0.13517961890862018 -0.19695349764434997 0.02669813303228194 0.010902923625200045 -0.093966231992600499 -0.047978861487006357 -0.081761701628917716 0.050725586675397158 -0.10076235869759342 -0.008683863183349752 -0.011831709578258773 -0.26896672789660625 -0.027256125753715034 -0.049475281140448357 -0.0056327826977399884 0.1278023202620733 -0.057747635569614805 -0.05093904613692582 -0.0085655845504765717 0.068687390815001387 0.0251074848015246 -0.015521477249499885 0.025123541624624133 0.01586719546821698 -0.040332812207672854
leaf_weight=218.00843018293381 148.6316950917244 121.4076840877533 847.69141674041748 330.02369624376297 245.78075551986694 277.36821293830872 132.13682961463928 116.12578737735748 190.5009029507637 301.00720882415771 132.30122822523117 249.77119886875153 1414.8087559342384 73.748814582824707 220.32103615999222 125.64130276441574 116.95681762695312 109.35507881641388 122.94040209054947 127.7855304479599 16717.411645531654 181.50144731998444 111.56989824771881 99.621384739875793 344.67093306779861 441.80334210395813 83.863526284694672 219.31137317419052 96.916811108589172 110.80639439821243
leaf_count=163 149 79 483 346 184 251 134 119 153 295 92 127 1644 94 138 118 110 105 96 83 17661 166 122 115 360 464 116 213 123 107
internal_value=0.000134051 -0.00742189 0.000557415 -0.0100023 -0.00218618 -0.0116184 -0.00227966 0.000734681 -0.00128778 -0.00217105 -0.000490588 4.74864e-05 0.000167773 -0.000160139 -0.00145773 -0.00222343 -0.00327966 0.000299864 -5.36774e-05 0.000887567 0.000910445 -0.000445527 0 0.000709426 5.95779e-05 0.000149852 0.00034526 0.000209712 -0.000179661 -0.000139556
internal_weight=24029.8 1260.45 22769.3 825.4 1349.1 607.392 435.046 21420.2 1103.32 623.809 322.802 4003.44 3753.67 2239.24 633.585 413.264 242.598 1605.65 757.962 17416.8 16845.2 302.909 479.513 1514.43 571.603 635.022 525.667 330.881 170.666 226.932
internal_count=24410 1139 23271 760 1208 597 379 22063 1024 540 245 3733 3606 1847 583 445 228 1264 781 18330 17744 245 484 1759 586 685 580 335 217 226
is_linear=0
shrinkage=0.0202208


Tree=9
num_leaves=31
num_cat=0
split_feature=27 32 27 44 10 56 20 52 27 3 37 10 32 12 51 45 21 30 45 32 3 20 19 26 29 55 30 55 62 27
split_gain=176.933 32.6827 24.7428 15.2556 11.1029 7.87754 6.6069 6.08691 5.00236 4.3936 2.644 1.6611 2.62598 1.38694 1.22539 1.89023 1.11874 1.00055 0.739376 0.720895 0.690102 0.529412 0.50716 0.302356 0.285622 0.421699 0.28253 0.287037 0.209733 0.195784
threshold=65.750000000000014 0.19392870500935902 69.750000000000014 28.500208333333337 0.36571913681022045 1010.9500000000002 27.380830107795308 8735.4400000000005 76.15000000000002 0.25750000000000006 0.57408488132928592 1.0000000180025095e-35 1.9306382613692981 2.5000000000000004 20.941666666666784 1.4427207955780774 37.6070552464233 84.350000000000009 1.3200739690801198 -0.31409548011402671 0.33350000000000007 25.224658520898856 30.82915610784708 30.915000000000003 69.15000000000002 0.77650000000000008 60.750000000000007 0.0055000000000000005 6.0150000000000006 70.65000000000002
decision_type=2 2 2 2 2 2 2 2 2 2 2 2 2 2 2 2 2 2 2 2 2 2 2 2 2 2 2 2 2 2
left_child=1 6 5 4 -3 10 -1 18 11 -9 -2 24 14 -12 -13 16 17 22 -7 -8 -15 -10 -16 26 25 -4 -23 -28 -24 -26
right_child=2 3 8 -5 -6 7 19 9 21 -11 13 12 -14 20 15 -17 -18 -19 -20 -21 -22 23 28 -25 29 -27 27 -29 -30 -31
leaf_value=-0.099999771837674556 0.0047736763206843369 -0.1222881154206461 0.066386750122659446 -0.13586802267256759 -0.2636465220992204 -0.038002254975599878 -0.00030794721375774283 -0.10502587508552907 -0.047982620080740702 -0.16024453582671822 -0.17770319675551627 0.039255164313739432 -0.23394910148559739 0.0066339677204596366 -0.020678620957505365 -0.094605548911737836 -0.080035768728660278 -0.089976890029175569 -0.068505358840829839 -0.074511138152977469 -0.051347388006286417 0.020620572390923034 0.034970695941166391 -0.0049882494204684154 -0.0051314953206305827 -0.030455895762842907 -0.0092856878359287229 0.12670863348222372 -0.0008641686299243384 0.049120132804067324
leaf_weight=171.84601497650146 483.46190911531448 346.14475500583649 199.16684585809708 118.13725990056992 322.08604109287262 129.27939945459366 192.76115274429321 128.90407311916351 85.094155311584473 109.57254612445831 100.00480973720551 780.47298169136047 158.81907343864441 135.68020987510681 197.22322326898575 178.19801300764084 270.31480270624161 148.05672836303711 132.71187424659729 109.47107666730881 129.48824036121368 191.47631353139877 855.92470389604568 90.236414551734924 127.47733354568481 102.76517027616501 123.51240628957748 16351.43630951643 97.07526957988739 1462.9904338121414
leaf_count=131 453 309 171 118 342 94 136 114 61 87 92 547 128 136 188 139 134 181 96 103 136 114 899 50 140 88 85 17468 114 1556
internal_value=0.000153551 -0.00720371 0.00056588 -0.00977046 -0.0109897 -0.00206935 -0.00271641 -0.00411421 0.0007363 -0.00655962 -0.000746947 0.000121074 -0.000177572 -0.00205194 0 -0.000314438 -3.05717e-05 0.000158423 -0.00149325 -0.000563756 -0.000819699 0.000898284 0.000419627 0.000907704 0.000590622 0 0.000914222 0.000923322 0.000646339 0.000698663
internal_weight=24029.8 1260.45 22769.3 786.368 668.231 1349.1 474.078 500.468 21420.2 238.477 848.635 4578.48 2686.08 365.173 2527.27 1746.79 1568.59 1298.28 261.991 302.232 265.168 16841.8 1150.22 16756.7 1892.4 301.932 16666.4 16474.9 953 1590.47
internal_count=24410 1139 23271 769 651 1208 370 391 22063 201 817 4285 2330 364 2202 1655 1516 1382 190 239 272 17778 1201 17717 1955 259 17667 17553 1013 1696
is_linear=0
shrinkage=0.0202208


Tree=10
num_leaves=31
num_cat=0
split_feature=27 24 27 10 33 33 27 10 58 64 48 3 10 35 49 35 3 10 20 64 64 20 25 49 10 25 55 58 49 55
split_gain=170.687 34.3987 24.3506 13.8456 8.55685 5.5779 5.09069 4.99079 4.65048 4.18015 3.06672 1.65463 1.57389 2.11149 1.68408 1.54907 1.53586 2.10297 0.787317 0.590977 0.707273 0.526549 0.43163 0.425982 0.374002 0.314592 0.263866 0.18799 0.138941 0.113894
threshold=65.750000000000014 28.305000000000003 69.750000000000014 0.36571913681022045 0.86000000000000132 0.56499999999999961 76.15000000000002 -0.20931270765420754 1011.35 -0.7268902493624444 610.85000000000002 0.25750000000000006 1.0000000180025095e-35 0.68509469393710576 617.85000000000002 0.21610436629133689 0.69450000000000001 0.85654306401281499 31.59064444636741 -2.0282191802228442 -2.8526025084825313 25.224658520898856 26.335000000000004 520.1500000000002 0.80900950266415306 26.445000000000004 0.0055000000000000005 1011.85 877.55000000000007 0.060500000000000005
decision_type=2 2 2 2 2 2 2 2 2 2 2 2 2 2 2 2 2 2 2 2 2 2 2 2 2 2 2 2 2 2
left_child=1 3 4 9 15 -5 12 -6 23 -1 -11 -9 19 14 22 25 17 -16 -17 20 -4 -8 -14 -3 29 -2 -23 -21 -28 -24
right_child=2 8 6 5 7 -7 21 11 -10 10 -12 -13 13 -15 16 18 -18 -19 -20 27 -22 26 24 -25 -26 -27 28 -29 -30 -31
leaf_value=-0.10573025796887761 -0.044957758376372954 0.002187001180708963 0.054036463614798011 -0.11392633340330181 -0.024851639992824467 -0.25809460128956013 -0.047012371109440537 -0.11228557353022658 -0.19094885255089092 -0.067570483100004713 -0.16876837843358899 -0.14645239979624314 -0.025293767932177986 -0.10237068901710744 -0.1249066056205816 -0.055208583036429795 0.023857418673449874 0.0016270396215311495 -0.012035941476631232 0.050315508981645836 -0.059850509193828623 -0.0076000646754296065 -0.0025505043736053852 -0.055904421515777451 -0.0024715574050683123 0.00607031296282322 0.123690132155827 0.0031871485971424777 -0.00098324344555846942 0.031926731659549817
leaf_weight=217.9822239279747 109.55122554302216 141.13115847110748 221.09306305646896 95.829923629760742 120.99169999361038 284.96758395433426 85.094155311584473 146.77117365598679 132.13682961463928 112.16894686222076 114.45166099071503 150.7752690911293 174.91082864999771 249.1623997092247 196.61160844564438 299.83822935819626 269.7879952788353 147.5721937417984 120.43947786092758 1323.1803318858147 135.31938308477402 128.28241693973541 143.53000670671463 161.77797293663025 471.48570626974106 400.73598653078079 16524.007780969143 212.80700546503067 104.37124598026276 1033.0240571498871
leaf_count=147 96 118 141 84 125 302 61 134 134 99 128 123 134 172 184 240 262 167 103 1555 114 89 118 127 423 387 17525 145 103 870
internal_value=0.000157135 -0.00706897 0.000562181 -0.00952025 -0.00205193 -0.0126456 0.000731267 -0.00449204 -0.00217395 -0.00655836 -0.00377946 -0.00591794 0.000111119 -0.0001792 0 -0.000846066 -0.000909029 -0.00180829 -0.00175197 0.000568877 0 0.000894592 0.000312048 -0.000445527 0.000442789 0 0.000903993 0.000745267 0.000911039 0.000635525
internal_weight=24029.8 1260.45 22769.3 825.4 1349.1 380.798 21420.2 418.538 435.046 444.603 226.621 297.546 4578.48 2686.08 2436.92 930.565 613.972 344.184 420.278 1892.4 356.412 16841.8 1822.95 302.909 1648.04 510.287 16756.7 1535.99 16628.4 1176.55
internal_count=24410 1139 23271 760 1208 386 22063 382 379 374 227 257 4285 2330 2158 826 613 351 343 1955 255 17778 1545 245 1411 483 17717 1700 17628 988
is_linear=0
shrinkage=0.0202208


Tree=11
num_leaves=31
num_cat=0
split_feature=46 8 46 26 32 32 12 11 39 11 28 3 26 58 62 36 3 46 11 25 56 58 20 11 45 26 32 26 45 12
split_gain=83.4876 49.6427 23.2326 23.7395 18.5745 13.6701 8.83388 7.93396 7.40908 3.97686 2.43953 2.37276 3.31876 1.9532 1.91248 1.77311 1.53985 1.51912 1.15811 1.0593 0.899154 0.556641 0.541179 0.537394 0.762324 0.436558 0.396959 0.386602 0.340231 0.29788
threshold=1763.6720000000003 0.37940952255126054 2021.9630000000004 27.015000000000004 0.01927010401157148 0.6145003322760233 4.5000000000000009 0.91925191855388755 1.0407297949145613 0.96897393274411414 75.350000000000009 0.68350000000000011 29.935000000000006 1011.35 0.75500000000000012 30.258291704399003 0.24950000000000003 1873.2950000000003 0.53435276464917691 26.175000000000004 1013.0500000000001 1010.9500000000002 26.649325821522584 0.99370977118463066 1.4427207955780774 30.915000000000003 -0.79795298834087613 26.655000000000005 1.495732812496734 4.5000000000000009
decision_type=2 2 2 2 2 2 2 2 2 2 2 2 2 2 2 2 2 2 2 2 2 2 2 2 2 2 2 2 2 2
left_child=1 4 3 18 -1 13 8 -6 -7 17 11 12 21 19 -14 -15 -8 -10 -2 -5 22 28 -12 27 -25 -24 -3 -20 -4 -13
right_child=2 26 10 5 7 6 16 -9 9 -11 20 29 14 15 -16 -17 -18 -19 23 -21 -22 -23 25 24 -26 -27 -28 -29 -30 -31
leaf_value=-0.064875796178562747 -0.026612647302230504 0.055135818423424743 0.042808277621914671 -0.05068921952077883 -0.25984954124231563 -0.076925861305327983 -0.0056928180764313297 -0.11767739195772497 -0.17900706153797566 -0.11405296411727049 -0.022174171015412206 0.014780163145516188 -0.22170887211570095 -0.040715947153716389 -0.19126043569274026 -0.09099753018825428 -0.074181356513695618 -0.13914820707189895 0.058511183514226441 0.00095924059840922569 -0.01222712941433012 -0.025891985217062905 0.11403500095324151 -0.049719170096024431 0.083476884066545964 -0.0073885014163280072 -0.045103288757590725 -0.001236219881990833 -0.044733028330441328 0.052545536100864952
leaf_weight=251.1771759390831 208.68861269950867 264.62037253379822 574.95758724212646 127.99279338121414 261.73906934261322 109.15836375951767 152.56578701734543 260.10876446962357 119.85932886600494 98.262866318225861 92.506524622440338 329.64837223291397 132.95686423778534 114.45682543516159 135.80554854869843 165.66915082931519 164.48231834173203 124.15279573202133 1505.4431765079498 597.66650867462158 201.79895174503326 145.08560717105865 15291.757088005543 213.92823261022568 296.02256792783737 160.36999475955963 258.62363624572754 206.0000746846199 121.88226091861725 1342.40232026577
leaf_count=160 170 77 668 113 250 124 134 180 139 103 83 346 98 85 89 166 155 127 764 509 163 176 17341 117 149 85 109 139 111 1480
internal_value=0.000176736 -0.0048006 0.000465199 -0.000881541 -0.0080427 -0.00266341 -0.00471975 -0.0102858 -0.0066067 -0.00811394 0.00077563 0.000182397 -0.000496493 -0.000992922 -0.00244509 -0.00246856 -0.0017109 -0.00973291 0.000385738 -0.000292758 0.000874834 3.07542e-05 0.000893674 0.000546796 0 0.000904295 0 0.000718296 0.000364651 0.000685713
internal_weight=24029.8 1296.27 22733.5 4204.35 773.025 1774.27 768.481 521.848 451.433 342.275 18529.2 2782.74 1110.69 1005.79 268.762 280.126 317.048 244.012 2430.08 725.659 15746.4 841.925 15544.6 2221.39 509.951 15452.1 523.244 1711.44 696.84 1672.05
internal_count=24410 776 23634 2994 590 1655 782 430 493 369 20640 2968 1142 873 187 251 289 266 1339 622 17672 955 17509 1169 266 17426 186 903 779 1826
is_linear=0
shrinkage=0.0202208


Tree=12
num_leaves=31
num_cat=0
split_feature=31 60 12 31 19 0 64 51 19 38 63 30 20 44 12 6 23 29 51 64 54 48 29 12 0 21 59 38 12 59
split_gain=119.014 24.2059 15.6381 14.1814 8.87798 10.5003 7.88934 6.12505 6.16482 2.48836 2.15515 2.69549 2.01381 2.5486 1.59161 2.96722 1.56736 1.23928 1.23423 1.70099 1.18832 1.12648 1.34367 1.06245 0.87659 0.698494 0.83294 0.593736 0.500016 1.94973
threshold=66.350000000000009 4.205000000000001 4.5000000000000009 75.550000000000011 28.306323593679021 5.1850000000000014 -0.75338666018975775 531.56666666666695 32.373212260783625 28.381827488194272 29.059076490874673 75.450000000000017 27.958223031679143 26.826458333333338 2.5000000000000004 0.60355339059327384 28.095000000000002 72.050000000000011 629.03333333333364 1.4855168026428383 0.22850000000000004 709.1500000000002 73.550000000000011 3.5000000000000004 2.8750000000000004 37.6070552464233 3.8650000000000007 29.938653117354459 4.5000000000000009 4.5750000000000011
decision_type=2 2 2 2 2 2 2 2 2 2 2 2 2 2 2 2 2 2 2 2 2 2 2 2 2 2 2 2 2 2
left_child=1 7 21 4 5 6 -2 23 24 -8 -7 -12 13 -6 15 16 -5 -18 28 -20 -21 22 -3 -1 -9 -16 -27 -17 29 -14
right_child=3 2 -4 14 12 10 9 8 -10 -11 11 -13 18 -15 25 27 17 -19 19 20 -22 -23 -24 -25 -26 26 -28 -29 -30 -31
leaf_value=-0.077804746484197204 -0.11881610084024272 -0.29496865582739945 -0.084791486525977858 0.07318051621592675 0.019111449966976293 0.026463468135873428 0.0052969940152051429 -0.19537763910113737 -0.056260275668771932 -0.18479545938117814 -0.20544137671333187 -0.023452537574201529 0.021923563870719646 -0.1246988318647847 0.12593725979323692 -0.11218052993456389 -0.093856176064385635 0.11847117053007257 0.0084516044854278279 -0.22254237162438903 -0.018804093357457734 -0.24629963249350659 -0.065358311543987607 -0.0017101457674709986 -0.10813650914033271 -0.078205028369486285 0.097370771730980687 -0.049839097382959573 0.039708435787941809 -0.072208304825249994
leaf_weight=262.41291815042496 198.58373153209686 132.68824249505997 254.41222083568573 1847.3158828616142 218.76398140192032 451.37186747789383 147.75617974996567 131.38405311107635 96.106952369213104 119.37281912565231 139.16122257709503 284.65957337617874 1127.9281904697418 161.68286848068237 14260.855134367943 83.793762147426605 121.0881165266037 109.49983495473862 392.93785113096237 113.34238284826279 117.42595183849335 163.49825346469879 103.04089653491974 140.12110829353333 82.310845911502838 269.5733637213707 572.67492371797562 129.7219745516777 1556.1918741464615 240.11256289482117
leaf_count=265 147 127 186 1417 187 213 97 156 94 117 94 234 1102 159 15906 91 120 130 436 111 100 166 78 106 87 163 334 162 1647 178
internal_value=0.000189541 -0.00559237 -0.00846438 0.000542823 -0.000364526 -0.0017863 -0.00424578 -0.00280188 -0.00499237 -0.00150709 -0.000364445 -0.00144959 9.98499e-05 -0.00125166 0.000822738 0.000268464 0.000535991 -0.000858426 0.000270685 -0.000477943 -0.00188177 -0.0110888 -0.00854993 -0.000867749 -0.00689213 0.000900941 0.000189485 -0.00189416 0.000460701 9.8774e-05
internal_weight=24029.8 1365.98 653.64 22663.8 5269.29 1340.91 465.713 712.336 309.802 267.129 875.193 423.821 3928.39 380.447 17394.5 2291.42 2077.9 230.588 3547.94 623.706 230.768 399.227 235.729 402.534 213.695 15103.1 842.248 213.516 2924.23 1368.04
internal_count=24410 1265 557 23145 4822 902 361 708 337 214 541 328 3920 346 18323 1920 1667 250 3574 647 211 371 205 371 243 16403 497 253 2927 1280
is_linear=0
shrinkage=0.0202208


Tree=13
num_leaves=31
num_cat=0
split_feature=28 32 46 32 28 46 50 28 48 46 38 11 58 39 39 30 53 50 0 46 56 48 46 28 46 48 58 60 45 44
split_gain=77.8187 53.706 13.7695 13.7655 14.3118 11.9615 5.82154 5.13068 3.51397 4.3813 3.32098 2.93165 2.22483 2.17263 1.42074 1.77985 1.01075 1.00721 0.90602 1.90634 0.702177 0.66943 2.19312 0.628635 1.17319 0.588226 0.609988 0.472603 0.467719 0.567261
threshold=68.950000000000017 0.83683120361652297 1729.5680000000002 1.9306382613692981 73.850000000000009 1774.8100000000002 327.50000000000006 74.750000000000014 405.2000000000001 1970.1415000000002 37.061668154508467 0.91925191855388755 1010.5500000000001 1.3373478918835691 2.1120548145772342 69.15000000000002 0.63250000000000017 291.25000000000006 5.9450000000000012 2128.8200000000006 1011.0500000000001 244.25000000000003 2162.7920000000004 78.450000000000017 2046.0720000000003 260.9500000000001 1009.7500000000001 4.285000000000001 1.3502090535899234 26.981875000000006
decision_type=2 2 2 2 2 2 2 2 2 2 2 2 2 2 2 2 2 2 2 2 2 2 2 2 2 2 2 2 2 2
left_child=1 2 6 7 17 11 -1 8 28 -10 -11 -3 -7 25 15 -15 -17 -5 19 20 -6 -9 23 24 -23 -4 -27 -16 -2 -30
right_child=3 5 13 4 18 12 -8 21 9 10 -12 -13 -14 14 27 16 -18 -19 -20 -21 -22 22 -24 -25 -26 26 -28 -29 29 -31
leaf_value=-0.10334363963479917 0.041668226547206789 -0.29444876180797652 0.02818827600873761 -0.16547279688597238 -0.019301020051420589 -0.07268415448593521 -0.16420770144508745 0.13552317662647564 -0.098908069250120134 0.010987437024052776 -0.14935871560483985 -0.13734108278966639 -0.12441984859539769 -0.060701317709825217 -0.079940628961857024 -0.054366984686000791 -0.078845705125784746 -0.17427667133671171 0.012017227214554086 0.045194528682737205 -0.10202880076070714 -0.091887393527476269 0.076830948906674648 0.036246860913523346 0.011344466788261216 0.010455079820074641 -0.1006479479694371 0.029724323567736789 0.053126668602556146 -0.020510672700853223
leaf_weight=129.84719014167786 1672.9213788509369 173.79168701171875 450.58935064077377 171.18324708938599 93.48517382144928 84.38122034072876 186.80068320035934 12622.973364889622 146.6428474187851 576.33449989557266 108.94967007637024 119.29089081287384 171.25223809480667 162.97149288654327 171.41783112287521 125.167371571064 142.19085317850113 99.165291845798492 394.98771154880524 199.94003784656525 159.87832379341125 181.87602812051773 3926.162328004837 391.84159898757935 229.16870576143265 104.29774868488312 98.978837192058563 165.40564721822739 538.20126593112946 229.69502508640289
leaf_count=78 1670 168 388 146 114 83 159 13049 137 675 49 84 203 129 158 138 120 91 316 249 144 121 4529 287 294 85 103 137 325 181
internal_value=0.000206789 -0.00333277 -0.00152133 0.00058356 -0.00157336 -0.00885769 -0.00534324 0.000705076 -3.04432e-06 -0.00116032 -0.00033087 -0.0118867 -0.00491668 -0.000595491 -0.00133762 -0.00212389 -0.0031466 -0.00560078 -0.000166609 -0.000850164 -0.00206289 0.000843649 0.000583187 -0.000302603 -0.000888222 0.000144999 -0.000545232 -6.29131e-05 0.000356851 0
internal_weight=24029.8 2286.38 1737.67 21743.4 1118.64 548.716 316.648 20624.8 3272.74 831.927 685.284 293.083 255.633 1421.02 767.153 430.33 267.358 270.349 848.291 453.304 253.363 17352 4729.05 802.886 411.045 653.866 203.277 336.823 2440.82 767.896
internal_count=24410 2033 1495 22377 1060 538 237 21317 3037 861 724 252 286 1258 682 387 258 237 823 507 258 18280 5231 702 415 576 188 295 2176 506
is_linear=0
shrinkage=0.0202208


Tree=14
num_leaves=31
num_cat=0
split_feature=31 46 28 33 45 33 33 48 58 28 59 63 19 36 28 56 21 22 37 25 31 19 58 26 25 59 56 46 54 26
split_gain=102.541 31.1768 15.9971 11.4282 7.62603 6.29976 4.92525 3.3909 3.23282 3.66986 2.86881 2.55565 2.40455 2.28769 2.1365 1.99187 2.35235 1.65047 1.57899 1.38811 0.956796 0.664459 0.763003 0.626613 0.551441 0.49012 0.331401 0.258163 0.232345 0.214027
threshold=66.350000000000009 1763.6720000000003 70.950000000000017 0.75499999999999912 1.1266277662577735 0.39499999999999963 0.98499999999999954 151.25000000000003 1010.1500000000002 63.050000000000004 3.7550000000000003 30.806106726914376 29.02044133231233 30.016656959617784 77.750000000000014 1010.0500000000001 28.834424355369276 30.875000000000004 0.40685717119348624 26.695000000000004 77.250000000000014 37.787826369605476 1010.85 28.275000000000002 26.175000000000004 4.285000000000001 1009.85 1930.5250000000003 0.85550000000000004 30.265000000000004
decision_type=2 2 2 2 2 2 2 2 2 2 2 2 2 2 2 2 2 2 2 2 2 2 2 2 2 2 2 2 2 2
left_child=1 5 3 8 10 -1 17 -6 24 -10 27 -9 -5 28 15 -8 -17 20 -15 -13 21 22 26 -24 -2 -16 -4 -3 -11 -26
right_child=2 4 6 12 7 -7 14 11 9 13 -12 19 -14 18 25 16 -18 -19 -20 -21 -22 -23 23 -25 29 -27 -28 -29 -30 -31
leaf_value=-0.11164930506163444 -0.036473702127040535 -0.05426875143116746 0.071220357108963447 -0.18993533901026952 -0.07419081034986022 -0.23433592524883934 -0.0032108276595682926 -0.0788829806523208 -0.098612761732910517 0.048282895837240158 -0.056576789944920533 -0.075619890890291308 -0.13845172197803524 -0.0087093183163387232 -0.084722287166557303 -0.024022055532594667 -0.14128829229068321 -0.085602779130645221 -0.083770605926170735 -0.15365107971250797 0.12828191558521745 -0.037172211581121405 0.024694014142141372 -0.073488584833506398 0.032507718219362568 0.025490697567419878 0.0096622499468705745 0.033191696673586672 -0.039061963526442034 -0.021921405183794148
leaf_weight=119.67634230852127 210.66978025436401 141.11457103490829 2710.2641665935516 171.42839229106903 117.22300803661346 343.28159731626511 184.74805730581284 104.26228731870651 166.02450466156006 286.28710031509399 170.28106153011322 85.840374112129211 92.569764316082001 147.83732771873474 149.66204619407654 127.91853982210159 156.81813025474548 147.98974144458771 157.34182560443878 81.695383608341217 14652.589553594589 213.31604194641113 595.10966569185257 140.65617841482162 811.03831177949905 494.80024415254593 771.74289029836655 202.60086590051651 137.12833833694458 137.87344890832901
leaf_count=93 177 149 2895 144 108 293 215 96 137 201 151 92 86 154 182 88 149 61 154 95 15721 127 392 181 790 454 670 188 82 85
internal_value=0.000218771 -0.00514722 0.000546909 -0.00102776 -0.00279873 -0.00947663 0.0007308 -0.00498145 -0.000467083 -0.00139005 -0.000951708 -0.00631629 -0.00499092 -0.000617488 -0.000528256 -0.00157742 -0.00262686 0.000808376 -0.00197263 -0.0081732 0.000827647 0.000517581 0.000582586 0 0.00017209 0.000106095 0.000707485 0 0.000163815 0.000437451
internal_weight=24029.8 1365.98 22663.8 2318.2 903.018 462.958 20345.6 389.021 2054.2 894.619 513.996 271.798 263.998 728.595 1113.95 469.485 284.737 19231.7 305.179 167.536 19083.7 4431.09 4217.77 735.766 1159.58 644.462 3482.01 343.715 423.415 948.912
internal_count=24410 1265 23145 2010 879 386 21135 391 1780 728 488 283 230 591 1088 452 237 20047 308 187 19986 4265 4138 573 1052 636 3565 337 283 875
is_linear=0
shrinkage=0.0202208


Tree=15
num_leaves=31
num_cat=0
split_feature=28 32 46 32 28 46 49 28 2 46 11 20 2 25 17 46 46 0 46 46 55 42 45 26 24 11 11 25 49 11
split_gain=70.6316 48.9501 11.8572 11.7577 11.1138 9.21203 6.16296 4.90023 3.68623 4.95088 3.63389 1.81887 1.52359 1.43876 1.49735 1.73653 1.27626 0.842651 1.97085 0.767988 0.634272 0.543819 0.997206 0.474706 0.441229 0.385967 0.259789 0.257381 0.197509 0.196546
threshold=68.950000000000017 0.83683120361652297 1729.5680000000002 1.9306382613692981 73.850000000000009 1774.8100000000002 35.600000000000009 76.450000000000017 405.75000000000006 1963.9105000000002 0.91925191855388755 36.211223691063104 653.15000000000009 27.795000000000005 30.296030332370922 1990.2605000000001 1938.5610000000001 5.9450000000000012 2004.6005000000002 1826.3615000000002 0.096500000000000016 27.625833333333336 1.3011121191674448 30.915000000000003 28.725000000000005 0.59123954401714218 0.99548449742306455 24.745000000000001 666.35000000000014 0.91925191855388755
decision_type=2 2 2 2 2 2 2 2 2 2 2 2 2 2 2 2 2 2 2 2 2 2 2 2 2 2 2 2 2 2
left_child=1 2 6 7 12 10 -1 8 20 -10 -3 25 -5 14 19 24 -7 18 -6 -4 21 -2 -23 27 -16 -11 28 -9 -22 -20
right_child=3 5 13 4 17 16 -8 23 9 11 -12 -13 -14 -15 15 -17 -18 -19 29 -21 26 22 -24 -25 -26 -27 -28 -29 -30 -31
leaf_value=-0.060497035123138587 0.030064220826574804 -0.28375629028823052 -0.044624653813484259 -0.12639482596611332 -0.10827271623646645 -0.12247859528557516 -0.1561488138068696 -0.0047159674772560148 -0.084038467813719445 0.029156171294719615 -0.13110843971468128 -0.075460625102657122 -0.18816315666189176 0.0067692302062306135 -0.098801758326692607 -0.0057798161171065381 -0.041998385505274766 0.011947925986250708 0.060346659520156623 0.04284790571446434 0.058278737507949221 0.0011632951854742371 -0.052869666729306548 -0.036420558170222959 -0.10547604316802037 -0.03296907176538573 -0.040771925696183715 0.10794592042280948 0.0025104993725098826 -0.16829703855317135
leaf_weight=147.9404508471489 339.48759108781815 173.79168701171875 163.79234862327576 123.43272787332535 126.26332885026932 172.94252979755402 168.70742249488831 105.0165548324585 207.39600616693497 566.28167188167572 119.29089081287384 200.1535177230835 146.91581106185913 637.19281321763992 138.88390618562698 117.82272434234619 82.690928637981415 394.98771154880524 228.83973276615143 225.8543963432312 2611.8392861485481 223.71011751890182 114.94140058755875 112.41987007856369 137.4729437828064 124.48130452632904 162.45547807216644 15589.524299681187 267.05961471796036 98.200473845005035
leaf_count=87 213 168 112 109 112 203 150 51 170 643 84 106 128 518 146 149 83 316 293 180 2439 227 105 62 153 157 121 16719 304 102
internal_value=0.000234053 -0.00313745 -0.00140577 0.00059312 -0.00139653 -0.0084125 -0.00495445 0.000705532 0.000119502 -0.000881892 -0.0111322 -0.000118118 -0.00494735 -0.000541749 -0.00112947 -0.00201529 -0.00483238 -0.000144051 -0.000808124 0 0.000439352 -3.48157e-06 -0.000685692 0.000878534 -0.002881 0.000268354 0.000566718 0.000888658 0.000613281 0
internal_weight=24029.8 2286.38 1737.67 21743.4 1118.64 548.716 316.648 20624.8 4817.81 1098.31 293.083 890.916 270.349 1421.02 783.826 394.18 255.633 848.291 453.304 389.647 3719.49 678.139 338.652 15807 276.357 690.763 3041.35 15694.5 2878.9 327.04
internal_count=24410 2033 1495 22377 1060 538 237 21317 4485 1076 252 906 237 1258 740 448 286 823 507 292 3409 545 332 16832 299 800 2864 16770 2743 395
is_linear=0
shrinkage=0.0202208


Tree=16
num_leaves=31
num_cat=0
split_feature=31 45 10 31 33 58 21 10 45 43 1 50 10 19 0 12 40 58 26 10 58 52 23 4 45 19 57 52 48 17
split_gain=94.9208 24.0697 13.3405 12.6284 11.0487 8.52768 5.9592 6.34809 5.27873 4.16578 2.37256 2.26363 3.30811 3.19405 1.80442 1.72555 2.68051 3.25581 1.34027 1.2688 0.89028 1.10727 0.786185 0.772001 0.744537 0.728714 0.665266 0.538062 0.407094 0.411133
threshold=66.350000000000009 1.1147820186648172 0.36571913681022045 74.250000000000014 0.24500000000000102 1010.7500000000001 31.324761671460788 -0.021515898191483831 1.1402554126096709 0.48540017835286559 1.0000000180025095e-35 5.4500000000000011 -0.20931270765420754 29.02044133231233 3.6650000000000005 2.5000000000000004 27.485000000000003 1012.1500000000002 30.185000000000006 0.7775899462189082 1013.4500000000002 13906.517000000002 25.625000000000004 1011.0500000000001 1.3624418256797071 37.787826369605476 1011.1500000000002 8101.5930000000017 194.50000000000003 32.174706005352846
decision_type=2 2 2 2 2 2 2 2 2 2 2 2 2 2 2 2 2 2 2 2 2 2 2 2 2 2 2 2 2 2
left_child=1 9 20 5 -4 10 11 -8 -9 -1 14 -7 -13 -14 -2 16 27 24 -17 -20 21 -3 -16 -11 28 26 -12 -5 -18 -30
right_child=3 2 4 15 -6 6 7 8 -10 23 25 12 13 -15 22 18 17 -19 19 -21 -22 -23 -24 -25 -26 -27 -28 -29 29 -31
leaf_value=-0.0055906014163573754 0.0082693111622146511 -0.055029240082580859 -0.095237705373105594 0.05964368093571417 -0.2586860960552767 -0.0094132028153781407 -0.02184745694883039 -0.074185341166382715 -0.23196906883889851 -0.083297135928484506 0.027054691782107277 0.015664775974369397 -0.076642910281054452 -0.041197194736737816 -0.08706458537293324 0.11117638475596703 0.058223893073710814 -0.14458144739241721 0.084395512438579109 -0.083895341681480176 -0.1024605311734198 -0.088394962095903556 -0.078367710357823805 -0.048970775959570723 -0.069365762447604409 -0.034941451464593237 -0.082342945874731829 -0.035026651196484918 -0.077910130841844019 0.011720515104387463
leaf_weight=325.55939275026321 260.96522080898285 100.55842196941376 162.21877503395081 1654.9517368674278 282.55143934488297 523.6748708486557 106.3032054901123 87.827049136161804 83.586610019207001 172.93985080718994 1947.5415722727776 138.4406521320343 203.97452020645142 122.98122507333755 131.53213006258011 15277.637594342232 430.55825853347778 95.929514825344086 476.11459559202194 242.69113856554031 115.16345381736755 109.44683253765106 145.28285783529282 97.537324905395508 87.514838039875031 164.27684736251831 170.47936487197876 120.92760336399078 77.325876235961914 113.29676741361618
leaf_count=291 235 90 145 1143 281 357 126 110 81 174 2008 117 143 113 68 16885 459 107 271 123 80 110 136 94 74 80 152 117 93 147
internal_value=0.000237881 -0.00492435 -0.00731399 0.0005537 -0.0097203 -0.00045011 -0.0018308 -0.00452053 -0.00689996 -0.00166307 0.000140829 -0.000972062 -0.00199263 -0.00311707 -0.00101447 0.000779297 0.000244175 -0.000667531 0.000860066 0 -0.00367766 -0.00205748 -0.00214763 -0.00350007 -5.79512e-05 0.000452666 0.000576648 0.00070703 6.09435e-05 -0.000514264
internal_weight=24029.8 1365.98 769.939 22663.8 444.77 4086.87 1266.79 277.717 171.414 596.037 2820.08 989.071 465.396 326.956 537.78 18576.9 2580.5 804.625 15996.4 718.806 325.169 210.005 276.815 270.477 708.696 2282.3 2118.02 1775.88 621.181 190.623
internal_count=24410 1265 706 23145 426 3726 1047 317 191 559 2679 730 373 256 439 19419 2140 880 17279 394 280 200 204 268 773 2240 2160 1260 699 240
is_linear=0
shrinkage=0.0202208


Tree=17
num_leaves=31
num_cat=0
split_feature=31 39 31 10 52 19 0 10 49 49 1 36 44 8 20 39 0 57 51 10 57 49 0 55 24 20 44 1 44 4
split_gain=87.7823 15.6253 12.6348 11.7043 8.06092 7.15999 7.75806 5.71225 6.67113 4.72168 4.20784 3.70875 1.8637 1.83829 1.69033 2.24076 1.62341 1.06244 1.05507 0.944624 2.72157 1.30169 0.802563 0.722371 0.70299 0.604348 0.414133 0.369325 0.315508 0.413841
threshold=66.350000000000009 1.4042564054169187 75.550000000000011 0.081675638985454754 3512.4400000000005 28.306323593679021 6.3550000000000013 -0.20931270765420754 541.85000000000002 556.75000000000011 1.0000000180025095e-35 31.962278359902527 26.156458333333337 0.60355339059327384 27.958223031679143 2.139972795301158 4.7950000000000008 1013.2500000000001 638.38333333333355 0.63874350706337069 1012.2500000000001 122.10000000000001 2.6350000000000002 0.12950000000000003 27.115000000000006 25.224658520898856 26.156458333333337 15.745000000000003 30.226041666666667 1007.85
decision_type=2 2 2 2 2 2 2 2 2 2 2 2 2 2 2 2 2 2 2 2 2 2 2 2 2 2 2 2 2 2
left_child=1 9 5 12 -5 6 7 26 13 24 -6 -11 -3 16 15 -7 -9 18 27 25 21 -21 -23 -20 -1 -4 -2 -16 29 -24
right_child=2 3 19 4 10 14 -8 8 -10 11 -12 -13 -14 -15 17 -17 -18 -19 23 20 -22 22 28 -25 -26 -27 -28 -29 -30 -31
leaf_value=-0.079560425346210939 0.025490584350572075 -0.088714570085208194 -0.0068686867363342884 -0.08805558157523094 -0.22082200237747776 -0.09221921208056752 0.01417696953819248 -0.14420956544293634 -0.21265068942817653 -0.11336114947566572 -0.21710347583565778 -0.034834812440871533 -0.083282425460803847 -0.0090044536599303334 0.02572848770159885 0.01561055751689951 -0.053017724419132932 -0.071980278290001615 -0.10604001676790419 0.12530137071556294 -0.11190674847922963 -0.076993714525026263 0.058592795365326189 0.0024917461979539765 0.029140904824287859 0.10966205513131713 -0.095126386965641338 -0.063143835164061371 -0.082198907246962924 -0.033140535578700989
leaf_weight=119.87886887788773 153.51402020454407 124.71208828687668 160.03907430171967 148.09176731109619 158.59869134426117 135.06170552968979 534.37428551912308 124.77933096885681 162.10390883684158 184.64405351877213 192.05984193086624 153.95087003707886 108.60214847326279 142.99522000551224 2674.610298037529 245.3851443529129 125.50781565904617 131.96625912189484 166.17461812496185 2786.1062111258507 148.38915860652924 164.9434677362442 619.40973031520844 419.70104688405991 175.43716138601303 13224.403853178024 97.630812644958496 155.48659116029739 109.17571175098419 182.05578583478928
leaf_count=115 120 87 119 125 160 118 274 94 132 206 176 133 107 80 2690 228 99 96 168 2636 111 171 625 435 156 14394 103 185 48 219
internal_value=0.000242645 -0.00472127 0.000546477 -0.00678905 -0.00861309 -0.000308833 -0.00158672 -0.00284175 -0.00398446 -0.00216815 -0.0104439 -0.00379302 -0.00244062 -0.00219559 0.000106273 -0.00112614 -0.00323826 0.000264209 0.000354263 0.000810619 0.000486569 0.000608249 0 -0.000338857 0 0.000900991 0 0.000528925 0.000246962 0.000450317
internal_weight=24029.8 1365.98 22663.8 732.065 498.75 5269.29 1340.91 806.531 555.386 633.911 350.659 338.595 233.314 393.282 3928.39 380.447 250.287 3547.94 3415.97 17394.5 4010.08 3861.69 1075.58 585.876 295.316 13384.4 251.145 2830.1 910.641 801.466
internal_count=24410 1265 23145 655 461 4822 902 628 405 610 336 339 194 273 3920 346 193 3574 3478 18323 3810 3699 1063 603 271 14513 223 2875 892 844
is_linear=0
shrinkage=0.0202208


Tree=18
num_leaves=31
num_cat=0
split_feature=43 51 12 11 29 25 11 32 6 12 58 39 29 17 58 58 54 59 18 26 11 29 0 26 37 12 51 39 56 32
split_gain=35.2247 35.8734 24.6672 12.5207 12.344 7.01224 6.74332 5.45982 5.21515 10.1714 3.90503 2.55161 2.55003 2.42215 2.55731 2.16107 1.50692 1.50613 2.50683 1.344 1.2012 1.16158 0.905364 1.05236 0.820572 0.732643 1.2407 0.698507 0.6816 0.620142
threshold=0.79855702670516426 169.83333333333346 4.5000000000000009 0.93225468035816128 66.350000000000009 27.175000000000004 0.97690230611205509 0.03774321509552437 0.60355339059327384 2.5000000000000004 1011.0500000000001 1.4517817889924327 77.65000000000002 38.166147384848536 1010.9500000000002 1008.4500000000002 0.75050000000000006 3.7550000000000003 29.113906108331957 28.325000000000003 0.8977101403255705 72.850000000000009 1.9550000000000003 29.775000000000002 1.3384525753626488 3.5000000000000004 20.183333333333429 1.0880617487037558 1014.1500000000002 -0.7413366192154206
decision_type=2 2 2 2 2 2 2 2 2 2 2 2 2 2 2 2 2 2 2 2 2 2 2 2 2 2 2 2 2 2
left_child=4 -2 3 10 5 7 24 11 21 15 -3 -1 13 14 -11 -10 29 20 -19 -5 -17 25 23 -14 -4 26 -6 -28 -23 -13
right_child=1 2 6 19 8 -7 -8 -9 9 12 -12 16 22 -15 -16 17 -18 18 -20 -21 -22 28 -24 -25 -26 -27 27 -29 -30 -31
leaf_value=0.002882831905948644 0.053442049721586601 -0.14039329244569151 -0.071559073000317205 -0.080451735155579393 0.018633090300677651 0.016474777344825466 -0.087759071329012214 -0.14811649612329023 0.0073709589421843249 0.015369232855045009 -0.22257952197186059 -0.020436572448162129 0.052845955874010822 -0.080536776144823158 -0.090354461979286899 -0.0060873649288433257 -0.048289890473749965 -0.072533985444034318 -0.12657794858400295 -0.1298281284003063 -0.090384999429425017 0.11916677435240043 0.055597292660492764 -0.11171652696396986 0.0088916737424699528 0.068504536853682199 -0.0047740512408203754 -0.032397292880883617 -0.0056709419456276869 -0.11923708093183012
leaf_weight=149.26363927125931 979.16008466482162 106.70499837398529 94.088527321815491 105.783860206604 524.83409953117371 575.47941297292709 257.72316646575928 111.01880830526352 106.8483293056488 700.95475167036057 237.79924130439758 128.23867917060852 186.48150759935379 134.64426374435425 94.702588379383087 131.13985532522202 191.58635884523392 133.08835887908936 131.36238431930542 85.053224802017212 139.89455538988113 12649.786023020744 3536.864444732666 76.67608368396759 312.00837689638138 1500.0033121109009 122.61402171850204 212.53891623020172 206.31623446941376 107.13143235445023
leaf_count=130 405 106 82 89 394 467 186 116 124 784 250 100 253 63 97 174 146 91 158 100 168 13617 4004 79 318 1407 126 202 82 92
internal_value=0.00025978 -0.00218233 -0.00453034 -0.00779433 0.000507593 -0.00140889 -0.00173571 -0.00278878 0.000629637 6.99352e-05 -0.0102015 -0.00176295 0.000410471 -0.000484288 0 -0.00228928 -0.00257003 -0.00281362 -0.00408618 -0.00287793 -0.00121182 0.000821438 0.000652822 -0.000268154 0 0.000344412 -3.623e-05 -0.00107714 0.000902061 -0.000926619
internal_weight=24029.8 2178.32 1199.16 535.341 21851.5 1262.72 663.82 687.239 20588.7 5372.66 344.504 576.22 4730.32 930.302 795.657 642.333 426.956 535.485 264.451 190.837 271.034 15216.1 3800.02 263.158 406.097 2359.99 859.987 335.153 12856.1 235.37
internal_count=24410 1536 1131 545 22874 1051 586 584 21823 5995 356 468 5280 944 881 715 338 591 249 189 342 15828 4336 332 400 2129 722 328 13699 192
is_linear=0
shrinkage=0.0202208


Tree=19
num_leaves=31
num_cat=0
split_feature=27 32 27 46 61 24 11 27 60 25 53 0 21 63 63 48 61 30 64 43 25 53 60 24 26 53 30 28 48 64
split_gain=109.943 19.5088 18.246 8.80734 6.59795 5.29802 4.89856 4.52597 3.93232 3.53795 3.29757 2.58733 1.30494 1.43724 2.69967 1.92558 0.87744 0.715969 0.643899 1.3168 0.535387 0.39615 0.893304 0.347491 0.289501 0.277952 0.264691 0.271273 0.239978 0.22751
threshold=64.750000000000014 0.18360217927035019 69.750000000000014 1636.2780000000002 0.26500000000000007 27.695000000000004 0.97308229207007257 76.15000000000002 2.6050000000000004 26.945000000000004 0.16350000000000003 5.9150000000000009 37.6070552464233 32.083548282344019 29.804826523139948 365.95000000000005 0.28500000000000009 77.850000000000009 0.67667850353553594 0.41904852029279177 24.585000000000004 0.80650000000000011 3.9250000000000003 27.995000000000001 30.915000000000003 0.60950000000000004 60.750000000000007 72.750000000000014 117.40000000000002 -2.2865089267363259
decision_type=2 2 2 2 2 2 2 2 2 2 2 2 2 2 2 2 2 2 2 2 2 2 2 2 2 2 2 2 2 2
left_child=1 9 5 -3 6 8 -5 12 -2 -1 17 -12 13 14 23 21 -17 -10 -7 -20 -9 22 -16 28 26 -25 -22 -28 -4 -15
right_child=2 3 7 4 -6 18 -8 20 10 -11 11 -13 -14 29 15 16 -18 -19 19 -21 24 -23 -24 25 -26 -27 27 -29 -30 -31
leaf_value=-0.090556133937608918 0.0026609912230962599 -0.27375207730733164 0.048779460900187706 -0.15974040456614688 -0.069811563513546546 0.0028665007176205933 -0.10164606661520943 -0.034030190192100532 -0.13188774926837254 0.0092222495352505731 -0.078013417005727476 -0.072870586228004283 -0.055624616006199265 -0.0065776586951053588 0.0012927953347479763 -0.20323243104705097 -0.036580058198463189 -0.059553158479897415 0.0011111531043208125 -0.045272853068010918 0.015609345131582129 0.022277374019580951 -0.056402526116040547 0.020275029295615865 -0.0047467630003618306 -0.04012103853739174 0.019404021864007224 0.1082927712640037 -0.00019505265892715755 0.044286509450096809
leaf_weight=211.99977988004684 134.49440586566925 117.44310802221298 818.9747474193573 309.42839181423187 84.634820520877838 396.05600827932358 144.14089608192444 106.18889826536179 129.39514607191086 149.17375564575195 237.61848539113998 151.54051691293716 310.45032560825348 162.5797752737999 199.48839485645294 182.01517224311829 147.85688441991806 122.35984408855438 247.66449469327927 173.59970915317535 191.47631353139877 209.27840375900269 99.352884590625763 234.26753723621368 90.236414551734924 129.86705940961838 196.42669153213501 16257.427281320095 357.60999625921249 1726.7433983683586
leaf_count=175 124 95 476 359 70 360 124 66 105 103 215 96 159 181 222 168 166 109 241 171 114 208 91 218 50 124 169 17379 249 2023
internal_value=0.000269404 -0.00621703 0.000560851 -0.00833745 -0.00681463 -0.00150703 -0.0078032 0.000718954 -0.00271429 -0.00207831 -0.00337589 -0.00462512 0.00013218 0.000241526 -5.61249e-05 -0.00100838 -0.00221799 -0.00105995 -0.000247343 -0.000842757 0.000873202 -4.08218e-05 -0.000647243 0.000406404 0.0008834 0 0.000889795 0.000898623 0.000580043 0.000661845
internal_weight=24029.8 1016.82 23013 655.647 538.204 1592.73 453.569 21420.2 775.408 361.174 640.914 389.159 4578.48 4268.03 2378.71 837.992 329.872 251.755 817.32 421.264 16841.8 508.12 298.841 1540.72 16735.6 364.135 16645.3 16453.9 1176.58 1889.32
internal_count=24410 926 23484 648 553 1421 483 22063 649 278 525 311 4285 4126 1922 855 334 214 772 412 17778 521 313 1067 17712 342 17662 17548 725 2204
is_linear=0
shrinkage=0.0202208


Tree=20
num_leaves=31
num_cat=0
split_feature=27 24 27 10 58 33 10 27 60 60 62 4 45 45 10 45 26 20 52 30 52 4 10 20 26 30 20 49 53 50
split_gain=104.382 19.8505 16.0497 11.5569 5.67204 5.5303 3.22906 2.83864 2.6786 2.23371 1.81308 1.25419 1.18448 1.3214 0.790089 1.12139 2.7295 0.588939 0.572839 0.509773 0.445132 1.04271 0.434043 0.29553 0.288267 0.262982 0.231081 0.203854 0.203481 0.19123
threshold=65.050000000000011 27.715000000000003 71.250000000000014 0.45972848220565493 1010.85 0.86000000000000132 -0.20931270765420754 76.15000000000002 2.5450000000000004 4.245000000000001 1.0000000180025095e-35 1003.6500000000002 1.3363384810383501 1.5500696509773164 -0.09025077427732299 1.3624418256797071 26.825000000000003 25.224658520898856 9626.3600000000024 84.550000000000011 7242.7260000000015 1007.35 0.36571913681022045 29.888939745165448 30.915000000000003 60.750000000000007 36.387756650109296 520.1500000000002 0.79350000000000021 891.95000000000016
decision_type=2 2 2 2 2 2 2 2 2 2 2 2 2 2 2 2 2 2 2 2 2 2 2 2 2 2 2 2 2 2
left_child=1 3 5 18 27 12 -7 11 -6 -8 -11 -4 20 -14 -13 19 -17 -9 -1 23 28 -22 -15 -16 25 -19 -25 -3 -2 -27
right_child=2 4 7 -5 8 6 9 17 -10 10 -12 14 13 22 15 16 -18 24 -20 -21 21 -23 -24 26 -26 29 -28 -29 -30 -31
leaf_value=-0.047182318123166762 0.025806049144545023 0.0095864485254002433 -0.13718855614550732 -0.21484869120841282 -0.063376509885880186 -0.010048235721923357 -0.067319474148764449 -0.04962963806702312 -0.21635180448148114 -0.076674089575285473 -0.12471681518015977 0.048359209071676082 -0.039172586108747923 0.036702614660735905 -0.016640154953817505 0.017312128303029674 -0.13243579408658973 0.015293711032587564 -0.11811423718271866 -0.039450769912931644 0.0061695813991837567 -0.052986548588408518 -0.046578527383973535 0.037807409070043443 -0.00465077945652137 0.10510499936922332 0.0033878884479990111 -0.048555244245838652 -0.00015749215467720409 0.00047850706559033587
leaf_weight=116.9699991941452 397.33545225858688 128.25248271226883 108.77039778232574 232.53642684221268 91.848096072673798 196.32776772975922 119.35397458076477 85.094155311584473 116.1900292634964 155.91844183206558 187.70964795351028 1441.7954779863358 185.21489149332047 149.08508569002151 253.47822505235672 360.45374494791031 176.31539440155029 191.47631353139877 268.24653840065002 128.12129259109497 288.10235106945038 193.11834615468979 168.52305150032043 1037.1799319386482 90.236414551734924 16370.029289543629 310.98488885164261 141.31038779020309 234.89161777496338 104.91942626237869
leaf_count=82 375 105 84 239 98 204 127 61 128 131 142 1505 152 123 218 186 154 114 234 151 309 199 114 1074 50 17445 187 106 205 108
internal_value=0.000280722 -0.00579869 0.000575864 -0.00824724 -0.00240715 -0.00101831 -0.00259369 0.000755866 -0.00490692 -0.00351884 -0.00438608 0.000225902 -0.000316774 -0.00112972 0.000309757 3.21863e-05 -0.000725349 0.000870699 -0.00555683 0.000318907 0 -0.000404372 -3.45701e-05 0.000452478 0.000881045 0.000887419 0.000576609 -0.000113882 0.000401675 0.000896208
internal_weight=24029.8 1095.35 22934.4 617.753 477.601 2275.58 659.31 20658.9 208.038 462.982 343.628 3817.1 1616.27 502.823 3708.33 2266.53 536.769 16841.8 385.217 1729.76 1113.45 481.221 317.608 1601.64 16756.7 16666.4 1348.16 269.563 632.227 16474.9
internal_count=24410 992 23418 555 437 2081 604 21337 226 400 273 3559 1477 389 3475 1970 340 17778 316 1630 1088 508 237 1479 17717 17667 1261 211 580 17553
is_linear=0
shrinkage=0.0202208


Tree=21
num_leaves=31
num_cat=0
split_feature=31 60 28 10 32 61 28 63 32 31 28 61 23 19 63 12 12 49 38 54 61 7 61 0 12 49 19 60 0 47
split_gain=70.0368 14.1864 12.3654 11.1042 8.56099 7.60087 6.94717 5.94485 4.67314 3.50883 2.34526 2.21443 1.74521 1.50781 1.43641 1.17725 0.959224 2.16509 1.30581 0.671104 1.4234 1.97075 0.54884 0.647433 0.443273 0.411506 0.376694 0.461247 0.319327 0.263371
threshold=66.350000000000009 4.3050000000000006 71.250000000000014 0.081675638985454754 0.85550383892812587 0.015000000000000001 63.95000000000001 32.682046179610367 0.094042173939518761 71.250000000000014 63.050000000000004 0.03500000000000001 30.875000000000004 28.6477120510561 29.868414925595268 10.500000000000002 4.5000000000000009 40.050000000000004 29.194377227761937 0.76450000000000007 0.115 -0.12940952255126037 7.0450000000000008 2.2650000000000001 2.5000000000000004 260.9500000000001 30.244093800581354 2.6050000000000004 4.745000000000001 29.885000000000002
decision_type=2 2 2 2 2 2 2 2 2 2 2 2 2 2 2 2 2 2 2 2 2 2 2 2 2 2 2 2 2 2
left_child=1 6 4 -3 10 -5 8 15 -1 13 11 -2 16 14 -4 -6 17 -11 -19 24 21 -21 23 -20 25 -12 27 -8 -15 -18
right_child=2 3 9 5 7 -7 26 -9 -10 12 19 -13 -14 28 -16 -17 29 18 22 20 -22 -23 -24 -25 -26 -27 -28 -29 -30 -31
leaf_value=-0.06416267305509929 -0.074937559377800056 -0.056675757112750698 -0.0024010486715037964 -0.21050426980584341 -0.17954781150382951 -0.16454612934221594 0.0017155475501032654 -0.0065598713948763938 -0.15091995459661306 0.062257306755037975 0.0092726303162002227 0.008851820121156732 -0.13237279891850995 0.019397068171157186 -0.12219493618670857 -0.20550070690856395 0.10114486450471974 -0.087502769809576997 -0.072010204445800099 -0.067209461505343987 0.01554493565655635 0.0067139815176072504 -0.064755111436440319 0.029536147587776358 0.027629700401531482 -0.083443133460432015 0.0061595093366469452 -0.071102893246215035 -0.02552731398779853 0.01878007032307312
leaf_weight=132.07990223169327 210.82543629407883 214.46618157625198 214.50577682256699 207.78667712211609 104.3318122625351 200.50142979621887 97.67358934879303 112.20838153362274 151.98048734664917 3240.7924557328224 401.83689218759537 125.49455279111862 113.71935123205185 599.60348922014236 199.3582860827446 108.51915210485458 14067.524692595005 115.71659380197525 153.50896471738815 184.53301310539246 347.13348078727722 140.81558263301849 133.01000815629959 902.44542980194092 597.25713413953781 110.05497819185257 254.76041972637177 106.72680401802063 191.89450526237488 288.72408044338226
leaf_count=115 184 172 136 211 105 148 96 114 171 2928 305 82 44 633 169 83 15250 98 162 157 324 74 146 1058 575 126 245 107 179 213
internal_value=0.00028589 -0.00414636 0.000557582 -0.00646131 -0.000783234 -0.00849225 -0.00206498 -0.00383922 -0.00455711 0.000724028 -0.000266518 -0.00180561 0.000792375 -0.000280825 -0.0012906 -0.00579414 0.000810554 0.000506529 -0.000133032 0 -0.000473661 -0.00147491 0 0.000223956 0.000331892 0 -0.000307863 -0.000974443 0.000140978 0.000900547
internal_weight=24029.8 1365.98 22663.8 622.754 2443.01 408.288 743.221 325.059 284.06 20220.8 2117.95 336.32 19015.4 1205.36 413.864 212.851 18901.7 4545.47 1304.68 1781.63 672.482 325.349 1188.96 1055.95 1109.15 511.892 459.161 204.4 791.498 14356.2
internal_count=24410 1265 23145 531 2129 359 734 302 286 21016 1827 266 19899 1117 305 188 19855 4392 1464 1561 555 231 1366 1220 1006 431 448 203 812 15463
is_linear=0
shrinkage=0.0202208


Tree=22
num_leaves=31
num_cat=0
split_feature=27 24 27 10 48 63 39 10 2 31 45 39 27 55 42 45 1 39 29 45 10 10 25 22 11 11 31 31 11 10
split_gain=97.1969 19.5208 14.2408 11.1391 5.19811 6.35774 3.44253 3.31434 3.1869 2.31702 2.19853 1.92771 1.55887 1.44798 1.28231 0.929761 0.884937 0.702624 0.811673 1.03101 0.660661 0.810773 0.514428 0.410604 0.454202 0.574712 0.555907 0.37802 0.298699 0.3112
threshold=65.050000000000011 28.475000000000005 72.850000000000009 0.45972848220565493 229.15000000000001 32.539159678662699 1.461207874304967 -0.20931270765420754 50.550000000000004 68.750000000000014 1.1769075981179677 1.2070795750579666 77.750000000000014 0.052500000000000005 28.739166666666669 1.3011121191674448 0.045000000000000005 1.5464089787037614 66.550000000000011 1.5738692167425685 0.69016699705532247 0.92591620288614507 24.745000000000001 27.715000000000003 0.59818091440591625 0.48250774176121808 75.250000000000014 70.250000000000014 0.94968266440323645 0.91927745688801432
decision_type=2 2 2 2 2 2 2 2 2 2 2 2 2 2 2 2 2 2 2 2 2 2 2 2 2 2 2 2 2 2
left_child=1 3 4 8 17 7 -5 -6 -1 10 -9 -3 13 14 -4 -10 -11 -2 19 -19 -7 -22 -14 24 25 -15 -26 -24 29 -25
right_child=2 11 12 6 5 20 -8 9 15 16 -12 -13 22 23 -16 -17 -18 18 -20 -21 21 -23 27 28 26 -27 -28 -29 -30 -31
leaf_value=-0.026083849089774534 0.026205528600856863 0.0032896074931691474 -0.00112354672943083 -0.14699631812783412 -0.0050188408008192253 0.014096988222140634 -0.24229143946611342 -0.0049428168504375633 -0.10536439786037002 -0.061854737280689631 -0.070867101392890999 -0.14504789587233302 -0.034383752344435976 0.045609168548247793 -0.12335747838003686 -0.11912854810924217 -0.18929060835538883 -0.038821378382904982 0.016797553446343448 -0.024725248576167348 -0.04535338394315027 0.013242936743571484 0.0060488944887012583 0.059916696430555028 -0.0032445860620800467 -0.048135904791740285 0.047148079606922147 0.11439711342459281 -0.010969452128415361 0.022219806489702416
leaf_weight=137.71076428890228 767.35986930131912 164.05047905445099 287.72652173042297 92.189884543418884 204.57989758253098 423.36740684509277 190.43176770210266 158.72023868560791 172.29959219694138 152.98733586072922 233.73303186893463 190.63144129514694 96.098966658115387 136.89977765083313 128.47476309537888 148.04003119468689 104.48733842372894 171.51804661750793 438.88497316837311 225.70236819982529 224.16024374961853 160.27858263254166 231.36514151096344 2450.0358904004097 508.10328149795532 113.93800562620163 644.14076721668243 14601.686695754528 92.62241142988205 377.5640252828598
leaf_count=97 712 123 213 111 195 510 189 166 173 135 200 179 56 139 98 120 106 135 361 149 159 177 240 2711 289 76 382 15653 110 446
internal_value=0.000293881 -0.00557203 0.000578788 -0.0074623 -0.000642515 -0.00143851 -0.0109194 -0.00265382 -0.00506283 -0.00336425 -0.00195731 -0.00134089 0.000786114 0.000428889 -0.000611077 -0.00628932 -0.0051105 0.000129764 -0.000201057 -0.000917389 -3.82619e-05 -0.000730724 0.000893511 0.000549718 0.00017341 -0.000459732 0.000388096 0.000904273 0.000700089 0.00074114
internal_weight=24029.8 1095.35 22934.4 740.672 3265.78 1662.31 282.622 854.508 458.05 649.928 392.453 354.682 19668.7 4739.51 416.201 320.34 257.475 1603.47 836.105 397.22 807.806 384.439 14929.2 4323.3 1403.08 250.838 1152.24 14833.1 2920.22 2827.6
internal_count=24410 992 23418 690 3005 1648 300 802 390 607 366 302 20413 4464 311 293 241 1357 645 284 846 336 15949 4153 886 215 671 15893 3267 3157
is_linear=0
shrinkage=0.0202208


Tree=23
num_leaves=31
num_cat=0
split_feature=27 24 27 10 33 10 48 58 58 4 39 27 55 25 64 28 48 21 59 64 25 56 35 24 10 47 64 10 28 32
split_gain=94.1236 17.325 15.3011 11.0969 6.86024 4.20757 2.86346 2.57704 1.84755 3.15611 1.81824 1.59249 1.43081 1.41944 1.28404 1.1646 0.714965 0.610104 0.573406 2.16424 0.512686 0.395432 0.370553 0.36027 0.294726 0.279285 0.271206 0.262322 0.167995 0.154634
threshold=64.750000000000014 28.305000000000003 72.850000000000009 0.45972848220565493 0.86000000000000132 -0.20931270765420754 241.05000000000004 1010.2500000000001 1008.7500000000001 1012.35 1.4723291411807355 77.750000000000014 0.052500000000000005 27.145000000000003 -0.52619612238929736 74.750000000000014 260.9500000000001 37.472132586141278 5.0450000000000008 -0.94058302879045452 24.745000000000001 1009.85 0.97682909165601417 28.335000000000004 0.90518480756366027 29.665000000000003 0.67667850353553594 0.91927745688801432 72.950000000000017 -0.7135432313438449
decision_type=2 2 2 2 2 2 2 2 2 2 2 2 2 2 2 2 2 2 2 2 2 2 2 2 2 2 2 2 2 2
left_child=1 3 4 6 13 -6 -1 -3 -7 -10 -5 12 15 16 -8 -4 18 21 19 -2 -13 24 27 -23 -15 28 -25 29 -22 -14
right_child=2 7 11 10 5 8 14 -9 9 -11 -12 20 22 17 -16 -17 -18 -19 -20 -21 25 23 -24 26 -26 -27 -28 -29 -30 -31
leaf_value=-0.025407263485414576 -0.038576312865180679 -0.0051561104951316728 -0.11804011967326057 -0.14544661455698837 -0.0046794048438618934 -0.060603982421625263 -0.11967188521224065 -0.15576038517579421 -0.13086209662136331 -0.034610384465836835 -0.23659204253670538 -0.0336884839267153 0.050289820843228861 0.024706176484265867 -0.10933873750631594 0.024054287954542498 -0.053984049673034586 -0.068030633440247942 0.025125915250153487 0.0016828845601125476 -0.055453258941806402 0.0048907413753240276 -0.020584025814017196 -0.0044848117919329012 -0.0060385086783823604 0.050796952034208108 -0.064467139248010938 0.011732254944339573 0.11120780732656455 0.046182976891378562
leaf_weight=123.01557940244675 156.84308928251266 184.3799797296524 223.13512688875198 88.941479206085205 284.56737732887268 112.41299909353256 143.77213889360428 149.9161074757576 303.41980266571045 169.96937429904938 171.49807947874069 96.098966658115387 865.8032329082489 735.60880017280579 155.297387778759 193.06615793704987 166.78560966253281 142.97325962781906 219.52837479114532 334.70600801706314 87.718716144561768 328.44423180818558 180.37030816078186 105.85152173042297 172.52581381797791 239.19003450870514 110.67627894878387 403.38318514823914 14506.143086612225 2873.7474328875542
leaf_count=85 123 133 167 101 295 96 103 161 278 135 173 56 661 766 170 144 176 89 139 324 68 242 134 85 196 168 127 475 15657 2883
internal_value=0.000295979 -0.00570454 0.00056587 -0.00758253 -0.000684092 -0.00222941 -0.00507425 -0.00156666 -0.00320699 -0.00378003 -0.0111768 0.000782952 0.000422751 -0.000102341 -0.00626586 -0.000611077 -0.000776953 0.000215007 -0.000337426 -0.000779482 0.000891294 0.000383237 0.000542991 0 0.00064177 0.000902042 -0.000679574 0.000586684 0.000913693 0.000640264
internal_weight=24029.8 1016.82 23013 682.525 3344.31 870.37 422.085 334.296 585.802 473.389 260.44 19668.7 4739.51 2473.94 299.07 416.201 877.863 1596.08 711.077 491.549 14929.2 1453.11 4323.3 544.972 908.135 14833.1 216.528 4142.93 14593.9 3739.55
internal_count=24410 926 23484 632 3071 804 358 294 509 413 274 20413 4464 2267 273 311 762 1505 586 447 15949 1416 4153 454 962 15893 212 4019 15725 3544
is_linear=0
shrinkage=0.0202208


Tree=24
num_leaves=31
num_cat=0
split_feature=27 24 27 11 33 10 58 27 58 1 43 20 4 47 57 53 11 10 53 20 33 32 43 40 30 23 17 11 10 12
split_gain=90.796 17.2618 13.8123 12.049 5.91581 3.47694 2.24642 1.52239 1.42401 5.4903 1.27967 1.24104 0.988871 0.761755 0.669997 0.616603 0.601663 0.574664 0.795809 0.479768 0.428514 0.683362 0.375622 0.318278 0.317692 0.566334 0.418 1.3069 0.297698 0.285689
threshold=64.750000000000014 28.305000000000003 72.850000000000009 0.93225468035816128 0.86000000000000132 -0.20931270765420754 1010.2500000000001 77.750000000000014 1008.7500000000001 0.025000000000000005 0.62688781247512149 28.306323593679021 1003.35 26.675000000000004 1013.7500000000001 0.37550000000000006 0.99548449742306455 0.30081702196488996 0.75450000000000006 25.724795169990685 0.30499999999999977 0.22527877285978096 0.51405090508147688 30.438333333333336 82.050000000000011 29.355000000000004 31.391696514829032 0.74407637760383738 0.94970904815366264 1.5000000000000002
decision_type=2 2 2 2 2 2 2 2 2 2 2 2 2 2 2 2 2 2 2 2 2 2 2 2 2 2 2 2 2 2
left_child=1 3 4 10 11 -6 -3 12 -7 14 -1 17 -4 -5 -10 24 28 18 -2 -9 22 -22 -13 -21 26 -26 27 -14 29 -17
right_child=2 6 7 13 5 8 -8 19 9 -11 -12 20 15 -15 -16 16 -18 -19 -20 23 21 -23 -24 -25 25 -27 -28 -29 -30 -31
leaf_value=-0.082588413842120095 0.022335511365874139 -0.0050518496003453877 -0.090810480213626463 -0.096642632703516959 -0.0045847833386500536 -0.059378518878735673 -0.15261077906358489 -0.036918985297559381 -0.072192086588792267 -0.17447297232677808 -0.197938671761033 0.017365567030648687 -0.056234383226122356 -0.054255247433912357 -0.0051824597232064179 -0.0015527913691402136 -0.10343934076031364 -0.079019962682184558 -0.035054961157358074 0.10874328676557685 -0.067441534043237814 0.0036486786399164547 -0.035534877652057553 -0.0032637568666745954 0.012096317851057158 -0.29441756541448916 0.045697035860590283 0.021633590944429109 -0.0071983007380626001 0.061225970272048125
leaf_weight=92.153542220592499 272.93088406324387 184.3799797296524 104.8119985461235 189.75951737165451 284.56737732887268 112.41299909353256 149.9161074757576 107.90856975317001 167.16673702001572 181.33813279867172 289.44267147779465 1053.1470686197281 165.52430635690689 111.16893368959427 124.88430714607239 299.16139000654221 99.707160890102386 204.1357524394989 177.32629936933517 14689.305079102516 137.88941824436188 390.60218077898026 237.91138434410095 131.93715506792068 198.35714012384415 78.831557810306549 468.85515540838242 556.70504641532898 208.46890556812286 2559.082782804966
leaf_count=79 232 133 90 166 295 96 161 65 156 162 306 1017 135 81 95 191 73 149 134 15829 119 434 182 55 250 70 435 310 241 2669
internal_value=0.000308888 -0.00558422 0.000574012 -0.00745635 -0.000612226 -0.0020464 -0.00145969 0.000780247 -0.0029357 -0.00344486 -0.0100009 -6.98093e-05 0.000426666 -0.00385274 -0.00130061 0.00048506 0.000649181 -0.000846044 -0.000200395 0.000886487 0.0001626 -0.000225622 0.000389337 0.000897113 7.08391e-05 -0.000438728 0.000263776 0 0.000713384 0.000767144
internal_weight=24029.8 1016.82 23013 682.525 3344.31 870.37 334.296 19668.7 585.802 473.389 381.596 2473.94 4739.51 300.928 292.051 4634.69 3166.42 654.393 450.257 14929.2 1819.55 528.492 1291.06 14821.2 1468.27 277.189 1191.08 722.229 3066.71 2858.24
internal_count=24410 926 23484 632 3071 804 294 20413 509 413 385 2267 4464 247 251 4374 3174 515 366 15949 1752 553 1199 15884 1200 320 880 445 3101 2860
is_linear=0
shrinkage=0.0202208


Tree=25
num_leaves=31
num_cat=0
split_feature=46 22 46 52 60 10 10 59 43 63 11 63 26 46 60 59 38 45 10 52 59 64 52 4 11 10 38 11 29 24
split_gain=42.4546 28.6448 12.1637 11.979 9.04852 9.48889 6.64992 6.4602 5.44351 2.51214 1.91966 2.5026 1.66424 1.43439 1.06595 1.8875 4.77551 1.14085 1.62165 1.01448 0.875905 2.17199 0.858849 0.837242 0.71535 0.64028 0.452333 0.387084 0.344818 0.325292
threshold=1763.6720000000003 25.085000000000004 2082.9755000000009 9963.058500000001 2.3050000000000002 0.45972848220565493 0.081675638985454754 4.7950000000000008 0.70234843993651652 28.65338645052012 0.45207220393230413 30.613648193131755 29.995000000000001 1667.6440000000005 5.8450000000000006 4.7950000000000008 29.145325563289159 1.3935876373017682 0.33346569090932193 26601.517500000005 6.4750000000000005 -1.5595579151759542 4552.268500000001 1012.85 -0.66483077113278999 0.11593352601052392 36.630327848104052 0.99903710851409044 63.95000000000001 28.155000000000005
decision_type=2 2 2 2 2 2 2 2 2 2 2 2 2 2 2 2 2 2 2 2 2 2 2 2 2 2 2 2 2 2
left_child=1 25 3 9 -3 7 20 -6 10 29 -8 -12 23 -7 15 17 -17 22 -19 24 21 -5 -11 27 -14 -1 -26 28 -4 -2
right_child=2 4 12 6 5 13 8 -9 -10 14 11 -13 19 -15 -16 16 -18 18 -20 -21 -22 -23 -24 -25 26 -27 -28 -29 -30 -31
leaf_value=0.054437453785848335 0.059616953023360245 -0.039864077669864578 -0.036965173904015186 -0.076857517845972986 -0.10017926181907046 -0.25315667734066261 -0.016349336758823909 -0.04223239097911851 -0.11259659298069494 0.024824904680736677 -0.0040089727755467704 -0.10014085418233919 0.054852079203570367 -0.16679805855256194 0.033880249678968577 0.024254282933881318 -0.074267311759338692 0.00015041517271153536 -0.11124691248250279 -0.031283808398915258 0.0096925315509056465 -0.0011296325910288821 -0.054790153585680061 -0.036328751621073047 0.033418143608961066 -0.063788735595150803 -0.047992110775868201 -0.018165807900098665 0.095877273201247989 -0.0070527450373845876
leaf_weight=311.69625878334045 1888.4803589582443 141.31301957368851 87.387433409690857 111.59932112693787 199.30909168720245 105.63051283359528 220.28117030858994 166.86637020111084 277.26032686233521 677.32212340831757 88.979630291461945 158.88031202554703 890.45689135789871 101.06727522611618 446.05124151706696 139.02183943986893 124.02734130620956 147.75086915493011 142.11621981859207 166.69152188301086 252.30025202035904 360.66866993904114 155.41573649644852 208.23026788234711 421.76051133871078 270.38649022579193 374.72265654802322 120.46704304218292 15080.537672042847 193.11111235618591
leaf_count=106 920 117 68 104 158 96 191 106 301 626 86 185 571 96 289 105 94 132 137 92 176 390 166 184 398 97 185 105 17980 149
internal_value=0.000319015 -0.00322523 0.000525497 -0.000302353 -0.00592786 -0.00707587 -0.00186362 -0.00459744 -0.00321644 0.000263078 -0.00159044 -0.0028031 0.00078741 -0.0108785 -0.000247569 -0.000556194 -0.00210941 -0.000108256 -0.0012389 0.000154194 -0.000341595 -0.000919698 0.000184749 0.000857443 0.000345174 0 0 0.000876069 0.000885451 0.000754018
internal_weight=24029.8 1296.27 22733.5 5383.27 714.186 572.873 1469.97 366.175 745.401 3913.3 468.141 247.86 17350.3 206.698 1831.71 1385.65 263.049 1122.6 289.867 1853.63 724.568 472.268 832.738 15496.6 1686.94 582.083 796.483 15288.4 15167.9 2081.59
internal_count=24410 776 23634 4051 573 456 1433 264 763 2618 462 271 19583 192 1549 1260 199 1061 269 1246 670 494 792 18337 1154 203 583 18153 18048 1069
is_linear=0
shrinkage=0.0202208


Tree=26
num_leaves=31
num_cat=0
split_feature=27 27 60 19 10 33 3 27 60 10 48 63 21 51 10 45 60 30 45 36 38 49 33 48 4 30 28 51 45 3
split_gain=79.5062 14.585 13.7031 7.64724 7.38557 5.26224 4.3858 4.03295 3.04737 1.38456 1.84911 1.91888 1.80357 1.23982 1.12936 1.06299 1.50465 0.971208 0.616035 0.885687 0.752597 0.544697 0.464411 0.358928 0.422497 0.245446 0.226524 0.15368 0.142697 0.135569
threshold=64.350000000000009 69.750000000000014 2.0950000000000002 31.356896348782797 0.45972848220565493 0.86000000000000132 0.24950000000000003 76.15000000000002 4.1250000000000009 -0.10738035228456493 291.25000000000006 31.729959196159246 37.234011690746591 292.6666666666668 0.081675638985454754 1.3502090535899234 3.9250000000000003 76.750000000000014 1.3502090535899234 29.590596843024198 29.331172152911737 520.1500000000002 1.000000000000002 233.75000000000003 1007.4500000000002 60.750000000000007 72.750000000000014 725.91666666666686 1.1769075981179677 0.0055000000000000005
decision_type=2 2 2 2 2 2 2 2 2 2 2 2 2 2 2 2 2 2 2 2 2 2 2 2 2 2 2 2 2 2
left_child=2 5 21 4 17 15 14 9 -6 -3 18 13 -13 -12 -7 23 -17 -4 -11 -20 -21 -1 25 -2 -25 -9 -27 29 -8 -28
right_child=1 7 3 -5 8 6 28 22 -10 10 11 12 -14 -15 -16 16 -18 -19 19 20 -22 -23 -24 24 -26 26 27 -29 -30 -31
leaf_value=0.014290474087394771 0.015283303844621969 0.037810771844982043 -0.11980822716033682 -0.097686748043679397 -0.12982604911055218 0.0068741945171190829 -0.077835063721722025 -0.0037662350122378905 -0.23465738996405475 0.038651115495863177 -0.023690458284759026 0.019016409515506493 -0.064863310957403691 -0.20617600261344229 -0.079621743867301975 -0.064144835883555046 -0.0078996533547119989 -0.072669284437915593 0.033195162509007906 -0.066276983288024657 -0.049894157958699822 -0.053615475730578614 -0.00046022038596521471 0.0012376534016198472 -0.041798520471445534 0.017937789197767163 0.042766269712771213 0.0082765840358349236 -0.10843244219000484 0.098809378209610332
leaf_weight=117.18326663970947 454.49662017822266 1695.58680164814 212.25319439172745 96.18637478351593 95.955554902553558 158.53014987707138 109.24188810586929 191.47631353139877 174.98213517665863 1006.274832367897 202.52172017097473 700.33223587274551 289.0544741153717 144.572310090065 123.48664426803589 162.2402046918869 168.60101824998856 152.29767286777496 337.39689010381699 112.36009049415588 90.385224580764771 97.661092817783356 354.32144999504089 196.46058112382889 139.45966362953186 206.51975214481354 92.175549328327179 214.92650097608566 150.51330071687698 15782.33603322506
leaf_count=92 400 1781 184 70 106 148 101 114 178 902 158 800 145 142 117 129 129 124 160 102 95 109 355 193 138 177 74 221 129 16837
internal_value=0.000317264 0.000556622 -0.00540549 -0.00673106 -0.00754915 -0.00124669 -0.00290162 0.000700923 -0.0104443 0.000145139 -9.8964e-05 -0.000671805 -0.00011879 -0.00197927 -0.000749535 -0.000361685 -0.00131812 -0.00506889 0.000340095 -7.83261e-05 -0.00124128 -0.000450091 0.000846746 0 -0.000452271 0.000862495 0.000871087 0.000879935 -0.0048589 0.000888101
internal_weight=24029.8 23083.3 946.519 731.675 635.489 1663.03 541.772 21420.2 270.938 4578.48 2882.9 1336.48 989.387 347.094 282.017 1121.26 330.841 364.551 1546.42 540.142 202.745 214.844 16841.8 790.417 335.92 16487.4 16296 16089.4 259.755 15874.5
internal_count=24410 23547 863 662 592 1484 495 22063 284 4285 2504 1245 945 300 265 989 258 308 1259 357 197 201 17778 731 331 17423 17309 17132 230 16911
is_linear=0
shrinkage=0.0202208


Tree=27
num_leaves=31
num_cat=0
split_feature=27 32 27 39 24 30 27 3 58 20 17 49 54 20 31 41 44 24 57 24 32 30 28 54 20 49 30 8 39 31
split_gain=74.8803 14.2473 13.4148 9.09534 5.04008 4.62065 3.90574 2.05664 1.41466 1.30084 1.28185 1.16029 2.27187 0.563207 0.548387 0.539227 0.425299 0.727492 0.374773 0.497261 0.327609 0.317919 0.310018 0.29888 0.318406 0.269409 0.238278 0.224734 0.443167 0.210589
threshold=64.350000000000009 0.18360217927035019 69.750000000000014 1.0602022359591945 26.335000000000004 77.850000000000009 76.15000000000002 0.25750000000000006 1011.7500000000001 27.958223031679143 30.404396225739273 691.35000000000002 0.048500000000000008 25.224658520898856 76.850000000000009 0.25006665778252474 26.70354166666667 25.935000000000006 1010.7500000000001 29.935000000000006 -0.98396275648595644 84.950000000000017 72.450000000000017 0.38150000000000006 34.984922623507273 103.60000000000001 89.350000000000009 0.37940952255126054 1.6315713366422411 69.550000000000011
decision_type=2 2 2 2 2 2 2 2 2 2 2 2 2 2 2 2 2 2 2 2 2 2 2 2 2 2 2 2 2 2
left_child=1 9 4 -3 7 -5 11 -2 29 -1 -10 15 -13 -8 18 20 -17 -18 19 21 -4 -15 -16 24 -14 -21 -24 28 -19 -6
right_child=2 3 6 5 8 -7 13 -9 10 -11 -12 12 23 14 22 16 17 27 -20 25 -22 -23 26 -25 -26 -27 -28 -29 -30 -31
leaf_value=-0.087421467683605564 -0.06468309863732509 -0.054018960183187213 -0.025808468067050148 -0.19818125458162406 -0.016440308459347186 -0.091193294198848265 -0.046984878672176433 -0.10036164493302822 -0.032253854912573689 -0.01187214274314554 -0.08928280701501691 -0.17684830506579047 -0.015917969184802167 0.059609782942120097 -0.01212511283013392 0.019305843215722818 -0.14818784420203329 0.0094644482999887217 -0.005150430631599221 0.09306800686510544 0.039874530390821082 0.021934415036397495 0.11250060520002818 0.017517437001886259 -0.063333162007708402 -0.10463318468388121 -0.0026473225945097892 0.0087498450628883569 -0.043372674213286472 0.004042044436982071
leaf_weight=166.79598867893219 224.55354762077332 122.1157266497612 145.96963340044022 316.05029588937759 360.02859032154083 179.18608140945435 85.094155311584473 243.96641409397125 159.6428639292717 162.37119895219803 118.47941470146179 105.56270396709442 238.01598072052002 1707.9974144697189 111.3079406619072 669.88228988647461 108.22230714559555 323.90440911054611 466.77806156873703 196.76146763563156 1976.1351148486137 263.47900837659836 13786.830465912819 370.6230371594429 85.252823233604431 114.57782500982285 108.92926025390625 376.79856091737747 178.11771905422211 556.35924017429352
leaf_count=130 179 122 137 311 348 175 61 178 114 125 141 96 297 1769 94 408 84 344 401 140 1966 330 14746 404 56 88 149 323 170 524
internal_value=0.000325895 -0.00522734 0.000558272 -0.00707349 -0.00116974 -0.00832858 0.000696715 -0.00296904 -0.000383313 -0.00145828 -0.00163526 0.0001492 -0.000509029 0.000840289 0.000850481 0.000311991 0 -0.000227819 0.000507417 0.000614031 0.000526207 0.000734421 0.000911409 0 -0.000517902 0 0.00092002 0 -0.000309326 0
internal_weight=24029.8 946.519 23083.3 617.352 1663.03 495.236 21420.2 468.52 1194.51 329.167 278.122 4578.48 799.455 16841.8 16756.7 3779.03 1656.93 987.043 2749.59 2282.82 2122.1 1971.48 14007.1 693.892 323.269 311.339 13895.8 878.821 502.022 916.388
internal_count=24410 863 23547 608 1484 486 22063 357 1127 255 255 4285 853 17778 17717 3432 1329 921 2728 2327 2103 2099 14989 757 353 228 14895 837 514 872
is_linear=0
shrinkage=0.0202208


Tree=28
num_leaves=31
num_cat=0
split_feature=31 46 31 60 21 46 63 44 32 45 63 62 29 44 33 26 60 29 21 46 59 54 63 33 59 30 45 25 53 26
split_gain=47.3418 18.9257 8.28894 8.04853 5.12487 5.02148 3.96297 3.77041 3.60297 2.50535 2.12357 3.23639 1.24196 1.08989 0.958564 1.04076 1.00456 0.977101 0.873007 1.36848 0.840992 0.679523 0.640948 0.914205 1.17377 0.579658 0.562467 0.530571 0.425846 0.373296
threshold=66.850000000000009 1816.6100000000004 75.550000000000011 2.7550000000000003 31.154668155419277 2015.6885000000004 30.387855685263006 25.651875000000004 0.14336322946259375 1.1402554126096709 32.332159864470519 1.0000000180025095e-35 62.550000000000004 26.947708333333338 0.84999999999999976 30.065000000000001 3.7550000000000003 66.350000000000009 30.455428862659357 1976.6355000000001 3.7550000000000003 0.10650000000000001 28.822281941357151 -1.0000000180025095e-35 6.3850000000000007 84.350000000000009 1.2694372112585699 26.395000000000003 0.88850000000000018 30.295000000000005
decision_type=2 2 2 2 2 2 2 2 2 2 2 2 2 2 2 2 2 2 2 2 2 2 2 2 2 2 2 2 2 2
left_child=1 3 5 -1 7 6 12 -5 -8 20 11 -10 -2 -9 15 17 -17 -4 -11 -20 -3 26 28 -24 -25 -23 29 -16 -14 -7
right_child=2 9 14 4 -6 21 8 13 10 18 -12 -13 22 -15 27 16 -18 -19 19 -21 -22 25 23 24 -26 -27 -28 -29 -30 -31
leaf_value=-0.049016136924717513 -0.034922724550993177 0.022040182380299835 -0.024853725860540746 -0.19606158701442272 -0.22256526399254689 0.038256899660755697 -0.001942120735461459 -0.074218909639762284 -0.089349289020785691 -0.044553218441868207 -0.066062404707807748 -0.15794055637784293 0.019171205676639519 -0.072671853912709847 -0.070345389851699289 -0.063924377529196733 0.077597098797969929 0.096111775651478798 -0.09396019560109134 -0.022950873097430366 -0.01891895206602915 0.030796349922341548 0.01892209790921219 -0.086372243460834303 -0.0025904890701875481 -0.0064472772324810496 -0.19324315216050433 0.021450544388548834 -0.063373062514825038 -0.059947880182646962
leaf_weight=148.5405552983284 208.94688409566879 363.61636382341385 406.2344291806221 141.18988490104675 116.16085058450699 258.96352642774582 216.0988872051239 127.29206794500351 125.61165422201157 150.50378429889679 102.95183211565018 122.5868713259697 660.52583277225494 106.8998829126358 150.08740705251694 216.01728886365891 518.32579642534256 15597.980094134808 95.774916648864746 84.9822798371315 172.01247215270996 2145.0413228273392 226.07759529352188 166.38580936193466 126.26257634162903 416.45587313175201 98.196836531162262 505.87797719240189 159.45552563667297 94.732462525367737
leaf_count=143 155 351 300 99 127 308 188 86 107 131 115 108 371 108 127 127 296 16870 109 92 151 2201 174 142 76 517 94 603 93 41
internal_value=0.000341492 -0.00311447 0.000577131 -0.00577269 -0.00705017 -0.000122567 -0.000889778 -0.00532723 -0.002354 -0.00103349 -0.00361389 -0.00467132 -0.000291941 -0.00302599 0.000788431 0.000818161 0 0.000852454 -0.00241441 -0.00351 -5.5079e-06 0.000387341 0 -0.000610498 -0.00138433 0.000526456 -0.000206836 0 0.000285638 0
internal_weight=24029.8 1506.97 22522.8 640.083 491.543 5128.29 2114.9 375.382 567.249 866.89 351.15 248.199 1547.65 234.192 17394.5 16738.6 734.343 16004.2 331.261 180.757 535.629 3013.39 1338.71 518.726 292.648 2561.5 451.893 655.965 819.981 353.696
internal_count=24410 1397 23013 563 420 4690 1529 293 518 834 330 215 1011 194 18323 17593 423 17170 332 201 502 3161 856 392 218 2718 443 730 464 349
is_linear=0
shrinkage=0.0202208


Tree=29
num_leaves=31
num_cat=0
split_feature=25 10 58 32 0 48 32 10 25 10 62 53 26 30 57 29 10 44 11 10 39 11 58 26 57 29 6 36 12 48
split_gain=20.931 21.198 21.9209 14.8694 6.39891 5.01048 4.25652 3.9185 3.72306 2.90292 2.72351 3.17037 2.38253 2.1268 1.94542 1.94311 2.87108 1.72835 1.68835 1.68308 6.48968 1.54684 0.598942 0.374248 0.444437 0.37132 0.351649 0.337047 0.365075 0.322528
threshold=27.205000000000002 0.30081702196488996 1011.0500000000001 0.18360217927035019 5.1650000000000009 375.45000000000005 2.139454001669336 0.83827194252655779 26.175000000000004 1.0000000180025095e-35 1.4550000000000003 0.096500000000000016 30.095000000000002 81.750000000000014 1011.4500000000002 65.750000000000014 -0.05591647229452347 28.061875000000004 0.72660752476856549 0.7775899462189082 0.8343436840505537 0.86527520261780289 1008.2500000000001 27.015000000000004 1010.0500000000001 59.350000000000001 -1.0000000180025095e-35 29.911273813376038 1.5000000000000002 580.85000000000002
decision_type=2 2 2 2 2 2 2 2 2 2 2 2 2 2 2 2 2 2 2 2 2 2 2 2 2 2 2 2 2 2
left_child=1 4 8 -4 5 15 12 -5 21 -8 11 -7 14 -13 25 16 -1 27 -19 22 -21 -3 -14 -10 -25 -2 -20 -16 -29 -6
right_child=6 2 3 7 29 10 9 -9 23 -11 -12 13 19 -15 17 -17 -18 18 26 20 -22 -23 -24 24 -26 -27 -28 28 -30 -31
leaf_value=-0.027366441122826289 -0.034177868292023253 -0.011958648633174678 -0.094179877539760523 -0.20545071010582958 0.053645172352627814 -0.055708441860622716 0.046543495846102879 -0.091392353795602677 0.024672253919101328 -0.13799483901463583 0.035902202869062726 -0.072738331121859803 0.07295464448738985 -0.071013377674180062 0.046459915817247628 0.02907360781293061 0.0027747252177345691 0.00010767391580676458 -0.037931355881689589 0.025065342171656856 -0.092226585250339249 -0.072133386599611396 -0.0051410037334562522 0.021016796323274588 -0.054146439951178148 0.083003236197541908 -0.10869675055473638 -0.073930777140718801 0.11387026710295599 0.0013995938736333536
leaf_weight=126.99196070432663 82.917093098163605 116.23584818840027 200.20740050077438 225.45047378540039 1751.0113419294357 170.08226662874222 121.52272480726242 102.59807097911835 235.42046630382538 166.42629718780518 108.123595058918 173.9940932393074 864.30467760562897 129.02095210552216 855.58912408351898 929.68238711357117 135.0312215089798 140.59514784812927 86.691269159317017 458.15790206193924 178.10206264257431 184.74043500423431 253.89620560407639 276.10500222444534 145.09329146146774 15114.913598179817 84.876615047454834 92.67675906419754 130.6341392993927 388.69711863994598
leaf_count=95 73 117 178 226 1016 166 160 113 176 161 143 151 529 147 478 962 113 152 81 275 147 118 221 300 160 17312 106 79 147 308
internal_value=0.00034457 -0.000756139 -0.00280904 -0.00612872 3.20286e-06 -0.000871291 0.000668298 -0.00880888 -0.000868609 -0.00166752 -0.00240866 -0.00307413 0.000710097 -0.00434371 0.000785025 -4.26409e-05 -0.00162659 0 -0.00125205 0 -0.000825781 -0.00271467 0.000473442 0 -0.000370878 0.000851459 -0.00259879 0.000441399 0 0.000768917
internal_weight=24029.8 5398.49 1485.85 528.256 3912.63 1772.93 18631.3 328.049 957.595 287.949 581.221 473.097 18343.4 303.015 16588.9 1191.71 262.023 1391.06 312.163 1754.46 636.26 300.976 1118.2 656.619 421.198 15197.8 171.568 1078.9 223.311 2139.71
internal_count=24410 4489 1388 517 3101 1777 19921 339 871 321 607 464 19600 298 18428 1170 208 1043 339 1172 422 235 750 636 460 17385 187 704 226 1324
is_linear=0
shrinkage=0.0202208


Tree=30
num_leaves=31
num_cat=0
split_feature=27 27 32 27 27 19 64 25 51 53 54 21 12 0 23 44 44 29 25 31 33 53 31 21 44 62 33 44 51 25
split_gain=63.3522 11.1784 11.1498 5.96178 3.76904 2.77675 1.7753 1.74031 1.29591 1.82643 1.26941 1.2864 1.19385 1.08065 0.81072 0.604935 1.49979 0.55887 0.515533 0.512857 0.504648 0.925984 0.485905 0.466155 0.960824 0.41501 0.357626 0.407126 0.350262 0.343664
threshold=64.350000000000009 69.750000000000014 0.14336322946259375 59.95000000000001 77.850000000000009 29.02044133231233 -0.70494499684678213 26.905000000000005 82.483333333333476 0.16350000000000003 0.38150000000000006 37.234011690746591 4.5000000000000009 4.7950000000000008 29.265000000000004 28.397916666666671 28.283541666666668 69.350000000000009 24.745000000000001 66.850000000000009 0.44500000000000034 0.31850000000000006 72.15000000000002 28.429297304447001 27.088541666666671 0.15500000000000003 0.085000000000000867 27.112708333333337 560.67500000000018 28.375000000000004
decision_type=2 2 2 2 2 2 2 2 2 2 2 2 2 2 2 2 2 2 2 2 2 2 2 2 2 2 2 2 2 2
left_child=2 5 7 -4 10 8 -5 -1 -2 28 11 15 23 -11 -8 16 19 25 -6 -3 -7 -22 -20 -12 -25 -14 29 -28 -10 -21
right_child=1 4 3 6 18 20 14 -9 9 13 12 -13 17 -15 -16 -17 -18 -19 22 26 21 -23 -24 24 -26 -27 27 -29 -30 -31
leaf_value=-0.097207242716571815 -0.032308055530470677 -0.019958456912382693 -0.20129632379266824 -0.092658492405715845 -0.04314153158165912 0.00046377367750693375 -0.078668231861121665 0.014738838311799953 -0.11699055397337921 -0.090658019747132126 0.03011496923515818 -0.05889500823592228 -0.04936289698890798 -0.058583162426171294 -0.0069881031305683832 0.040079029420701726 -0.19300040982550032 0.049042179485944297 0.0057335951244913679 0.048851619671480426 0.0034306825009398473 -0.052659484058330576 0.10424246617842974 -0.07264777270264558 -0.0029995145246833853 0.058015531699927035 -0.049758955406984023 0.029714552450390883 0.01200280060382484 -0.031483946321743457
leaf_weight=182.09651458263397 128.16237556934357 119.30986326932907 257.59215319156647 164.96144533157349 89.529723942279816 714.58552426099777 124.42923778295517 131.3660631775856 112.58816176652908 116.93108546733856 447.82307946681976 220.61511921882629 123.7970272898674 175.83899712562561 86.073877513408661 570.53635197877884 109.87395071983337 2786.3227517008781 422.24513518810272 623.43507188558578 136.21167087554932 162.19703048467636 14261.823756575584 92.083554327487946 762.64752918481827 167.38037532567978 231.54739034175873 199.30837780237198 116.51522529125214 191.96112042665482
leaf_count=148 82 103 279 127 53 646 132 92 92 109 243 98 102 136 85 642 101 2961 449 466 154 162 15295 81 771 135 178 248 103 137
internal_value=0.000351037 0.000565009 -0.0047553 -0.00633349 0.000691469 -0.00100903 -0.00416529 -0.00125218 -0.00205873 -0.00250574 0.000271898 -8.46187e-05 0.00047627 -0.00365115 -0.00213959 3.34561e-05 -0.000136008 0.00069363 0.000874183 0 -0.000243843 -0.000939238 0.000884989 0 -0.000312989 0 0.000171881 -0.000165779 -0.000628512 0.000457098
internal_weight=24029.8 23083.3 946.519 633.057 21420.2 1663.03 375.465 313.463 650.036 521.873 6646.64 2266.59 4380.05 292.77 210.503 2045.97 1475.44 3077.5 14773.6 1365.56 1012.99 298.409 14684.1 1302.55 854.731 291.177 1246.25 430.856 229.103 815.396
internal_count=24410 23547 863 623 22063 1484 344 240 522 440 6266 1973 4293 245 217 1875 1233 3198 15797 1132 962 316 15744 1095 852 237 1029 426 195 603
is_linear=0
shrinkage=0.0202208


Tree=31
num_leaves=31
num_cat=0
split_feature=27 2 18 27 38 11 27 37 60 2 52 54 20 11 38 17 31 17 58 35 56 36 22 38 59 36 20 20 29 3
split_gain=59.8991 10.2488 11.2286 9.86221 5.12289 6.17371 3.46637 2.02361 1.45973 1.1318 0.937103 1.51407 1.55501 1.67034 2.19328 0.763508 0.750432 0.724009 1.15399 0.552039 0.524601 0.465844 0.85986 1.09813 0.454953 0.420235 0.377263 0.376807 0.29376 0.293227
threshold=64.750000000000014 61.150000000000013 34.847657807512526 75.550000000000011 26.817843999279106 0.97308229207007257 68.950000000000017 0.52741097434210482 2.0950000000000002 50.550000000000004 11363.104500000001 0.38150000000000006 36.332017515518736 0.91586428826728705 28.94140621740252 30.072027663453607 75.550000000000011 32.967881152347246 1013.1500000000002 0.19775288741584554 1011.9500000000002 29.448690670360648 28.115000000000006 29.251758091772135 6.4450000000000012 37.284340636093113 28.062711357252638 25.472402142330878 66.850000000000009 0.24250000000000002
decision_type=2 2 2 2 2 2 2 2 2 2 2 2 2 2 2 2 2 2 2 2 2 2 2 2 2 2 2 2 2 2
left_child=1 8 4 6 -3 15 7 26 -1 -9 19 12 13 -12 -15 -6 20 18 -11 -8 25 -21 23 -23 -22 -5 -2 -18 -29 -13
right_child=3 2 -4 16 5 -7 10 9 -10 17 11 29 -14 14 -16 -17 27 -19 -20 21 24 22 -24 -25 -26 -27 -28 28 -30 -31
leaf_value=0.01418595244854747 -0.02187951300009525 -0.20005410542810409 0.0040300418966771273 0.048321566154855146 -0.090784859686460717 -0.053333156785148626 0.039312800416148791 -0.01713355173288604 -0.11985926542525892 -0.10033382282041953 0.014297357182963915 -0.067932995908065327 -0.12580227671245392 0.0044881207564615106 -0.20918863553638423 -0.1469168222545735 -0.036906391396313298 -0.014409863358711214 -0.034254716273336185 0.029386249053164937 -0.041515991092539867 0.018449118137701882 0.025769255308602274 -0.047293138298828953 0.034592957030397734 -0.012654676228808746 0.0055140773872263934 0.038138868374565822 0.098194835184913662 0.016555836543186039
leaf_weight=129.10292232036591 124.28909176588058 97.675065875053406 95.862783908843994 1670.7026552557945 89.053962111473083 108.1167476773262 1007.4308539628983 202.84702432155609 199.5479901432991 231.09344869852066 456.14262354373932 92.384058356285095 101.68073695898056 120.24151527881622 130.68539613485336 297.46127992868423 98.046628475189209 108.66073840856552 134.60267114639282 770.83685123920441 158.41879951953888 181.79526400566101 453.57504695653915 207.98692309856415 132.27677494287491 202.27232486009598 440.1114873290062 209.05335509777069 14946.029752671719 831.80476707220078
leaf_count=100 97 62 57 1821 75 97 1023 162 161 220 517 85 49 95 125 374 67 121 105 436 137 141 533 182 69 102 402 133 16001 861
internal_value=0.000361632 -0.00442154 -0.00585497 0.000577519 -0.0068913 -0.00561305 -0.000147728 -0.0010949 -0.00112218 -0.00184544 0.000103013 -0.00023187 -0.000895436 -0.000405642 -0.00175866 -0.00682987 0.000815554 -0.0024113 -0.0028851 0.000357742 0.000383108 6.32239e-05 -0.000196778 -0.000947474 -0.000228441 0.000524962 -3.36039e-05 0.00087104 0.000879648 0.000255849
internal_weight=24029.8 1016.82 688.17 23013 592.307 494.632 5596.17 1241.6 328.651 677.204 4354.56 1732.94 808.75 707.07 250.927 386.515 17416.8 474.357 365.696 2621.62 2163.67 1614.19 843.357 389.782 290.696 1872.97 564.401 15253.1 15155.1 924.189
internal_count=24410 926 665 23484 608 546 5154 1107 261 608 4047 1732 786 737 220 449 18330 446 325 2315 2129 1292 856 323 206 1923 499 16201 16134 946
is_linear=0
shrinkage=0.0202208


Tree=32
num_leaves=31
num_cat=0
split_feature=31 46 31 46 49 46 11 49 49 10 11 26 0 11 45 49 46 11 19 10 10 35 29 29 26 10 10 0 35 19
split_gain=35.1831 14.3373 6.87957 3.33178 3.30031 3.69382 6.66437 3.09096 2.77978 4.60763 5.32831 1.84697 1.45356 2.2476 1.2978 1.15197 2.64787 1.04488 1.08416 0.799858 0.755202 0.894324 0.71288 0.66788 0.618006 0.383511 0.304017 0.276448 0.57072 0.817159
threshold=66.850000000000009 1694.1935000000003 75.550000000000011 2015.6885000000004 545.05000000000007 1856.0765000000001 0.96897393274411414 688.10000000000014 202.40000000000003 0.30081702196488996 0.74982640120456845 29.205000000000002 5.1350000000000007 0.98043284291745803 1.3502090535899234 503.85000000000008 2082.9755000000009 0.99548449742306455 37.787826369605476 0.7775899462189082 0.081675638985454754 0.11714832667703036 62.550000000000004 64.750000000000014 30.095000000000002 0.94417876540878176 0.99551215362393841 6.3550000000000013 0.32490731973941972 28.429297304447001
decision_type=2 2 2 2 2 2 2 2 2 2 2 2 2 2 2 2 2 2 2 2 2 2 2 2 2 2 2 2 2 2
left_child=1 7 3 8 14 6 11 -1 22 12 -11 -6 13 -10 -3 23 -17 18 26 -18 -7 -22 -2 -4 -25 -21 -5 28 -24 -30
right_child=2 4 15 17 5 20 -8 -9 9 10 -12 -13 -14 -15 -16 16 19 -19 -20 25 21 -23 27 24 -26 -27 -28 -29 29 -31
leaf_value=-0.13811061897138924 -0.032720591655379112 0.0078781394912019412 -0.013162528637728613 0.033119670959171239 -0.064887258359371702 0.020864877388960194 -0.022599779930402627 -0.2080042932660626 0.00036192015118488287 -0.060494992944912306 -0.14203334763304895 -0.14996310594191734 0.0050938421469626577 -0.060555912826573265 -0.070487163176623957 -0.08727162727016291 0.042578768835551305 -0.18486780875298911 -0.024960486227371962 -0.10152789402906573 -0.0015822158887440823 -0.052254715457436561 0.023938313103628747 0.094536867637492486 0.019450169415164621 0.012086058608484733 -0.045785290445695084 0.019335620848455613 -0.10029185770519633 -0.002594117534838796
leaf_weight=137.49647891521454 218.24604910612106 414.35417056083679 301.50643092393875 2627.3962071537971 82.496354281902313 93.353126049041748 123.35839068889618 130.50679260492325 164.5848975777626 105.71203422546387 111.78874015808105 74.779355406761169 299.03972470760345 138.39270758628845 179.74425399303436 171.44010668992996 1642.2359420061111 89.573916018009186 206.24807268381119 117.3297244310379 108.7563311457634 162.12780475616455 368.2521378993988 14511.7281203866 489.8272539973259 160.45541441440582 90.171825587749481 421.35987347364426 129.8759514093399 157.65135222673416
leaf_count=99 161 375 200 2851 93 105 92 126 169 92 104 96 222 121 147 189 1972 88 103 115 94 170 270 15370 277 200 119 183 85 122
internal_value=0.000382813 -0.00259366 0.000586282 -4.86425e-05 -0.00157214 -0.00259368 -0.00442266 -0.00690068 -0.000677958 -0.00160056 -0.00416142 -0.00716922 -0.000509281 -0.00154366 -0.000306856 0.000778473 0.000267527 0.000364331 0.000454676 0.000520505 -0.000913648 -0.00149712 -2.37275e-05 0.000842494 0.000861543 -0.00027571 0.000581588 0.000119871 -2.47543e-05 -0.000803292
internal_weight=24029.8 1506.97 22522.8 5128.29 1238.97 644.871 280.634 268.003 2114.9 819.518 217.501 157.276 602.017 302.978 594.098 17394.5 2091.46 3013.39 2923.82 1920.02 364.237 270.884 1295.39 15303.1 15001.6 277.785 2717.57 1077.14 655.779 287.527
internal_count=24410 1397 23013 4690 1172 650 281 225 1529 708 196 189 512 290 522 18323 2476 3161 3073 2287 369 264 821 15847 15647 315 2970 660 477 207
is_linear=0
shrinkage=0.0202208


Tree=33
num_leaves=31
num_cat=0
split_feature=27 32 27 64 27 19 21 10 61 10 11 52 55 64 64 30 21 19 64 10 32 10 20 31 10 10 53 29 29 29
split_gain=51.0916 11.7278 11.0983 7.07383 3.54024 2.26386 1.96401 4.14911 1.5907 1.41375 1.77993 3.54676 1.33482 1.1009 1.90047 1.04703 0.81346 0.65105 0.620331 1.5003 0.498967 0.568008 0.481051 0.4753 0.63104 0.465035 0.463489 0.429435 0.406328 0.272312
threshold=63.550000000000004 0.19392870500935902 69.750000000000014 -1.1329518065123521 77.850000000000009 29.203799428998895 30.296030332370922 0.081675638985454754 0.03500000000000001 -0.10738035228456493 0.90515966073569365 14132.6065 0.048500000000000008 -0.63796260963757223 -2.4792299839655718 81.950000000000017 37.234011690746591 30.650591580784326 -2.0282191802228442 -0.69016699705532225 -0.07099114058688015 0.081675638985454754 25.724795169990685 72.15000000000002 0.7086201161944764 0.2843565540399125 0.61550000000000005 75.950000000000017 71.65000000000002 60.750000000000007
decision_type=2 2 2 2 2 2 2 2 2 2 2 2 2 2 2 2 2 2 2 2 2 2 2 2 2 2 2 2 2 2
left_child=1 29 5 -3 9 6 13 -8 25 18 12 17 27 14 -2 -14 -17 -12 19 -4 -7 -22 -6 24 -24 -5 -19 -11 -23 -1
right_child=2 3 4 8 22 20 7 -9 -10 10 11 -13 15 -15 -16 16 -18 26 -20 -21 21 28 23 -25 -26 -27 -28 -29 -30 -31
leaf_value=-0.1233761077320507 -0.0020023332965934267 -0.19556630595322422 -0.087143444933937747 -0.065244771297390786 -0.038071728141043808 0.0011741707372057513 -0.048872488731835244 -0.13222539839464253 -0.054194004128135187 -0.12639670061044087 0.020763360936179014 -0.1328982635055394 0.032744272505451449 0.0078104301133742832 -0.032154727436936155 0.0095518723386695693 -0.065406090902415934 -0.0059355763000331083 0.043817324611869962 0.046276048384237545 0.0039793626353206851 -0.011972165570262967 0.051600269654244142 0.098687579838569114 -0.091463964492293576 -0.1831558468300041 -0.039060463754128465 -0.005915832677366336 -0.059192085661472188 -0.0049120004390033533
leaf_weight=129.63671433925629 158.77606374025345 198.29053181409836 132.1130383014679 85.394026935100555 101.33932703733444 625.90948069095612 107.65978413820267 107.01366573572159 83.270029842853546 124.62422806024551 596.59173005819321 179.24956327676773 2129.1652886867523 180.2617814540863 200.62697529792786 571.27973645925522 113.06617546081543 190.34664118289948 2085.5127844810486 320.09521901607513 159.33117640018463 105.11100381612778 327.43012416362762 14250.01415348053 94.815011024475098 151.49575334787369 100.88371574878693 103.71344220638275 184.33134305477142 132.44103181362152
leaf_count=113 98 165 110 84 62 523 106 109 79 111 404 155 1789 150 142 713 73 182 2345 206 204 109 349 15286 100 191 93 85 179 95
internal_value=0.000383771 -0.0046797 0.000558312 -0.00646151 0.0006898 -0.000931941 -0.00179998 -0.00358618 -0.00402284 0.000282115 2.75607e-05 -0.000656939 0.000296983 -0.000907002 -0.00157137 0.000440608 -0.000148205 -2.70523e-05 0.000659124 0 -0.000237014 -0.000764427 0.000867165 0.000877821 0 -0.00494421 -0.000882481 -0.00107279 -0.00130113 -0.000781206
internal_weight=24029.8 780.528 23249.3 518.45 21420.2 1829.02 754.338 214.673 320.16 6646.64 4108.92 1067.07 3041.85 539.665 359.403 2813.51 684.346 887.822 2537.72 452.208 1074.68 448.774 14773.6 14672.3 422.245 236.89 291.23 228.338 289.442 262.078
internal_count=24410 727 23683 519 22063 1620 605 215 354 6266 3605 834 2771 390 240 2575 786 679 2661 316 1015 492 15797 15735 449 275 275 196 288 208
is_linear=0
shrinkage=0.0202208


Tree=34
num_leaves=31
num_cat=0
split_feature=27 27 33 64 61 27 24 11 10 8 10 11 52 59 38 51 64 10 12 52 25 33 26 24 45 30 1 64 10 43
split_gain=48.535 10.8905 9.31695 8.64413 3.29882 3.24462 2.40419 1.71446 2.3807 3.73519 1.24657 1.51052 3.51092 1.21111 1.14144 0.751023 0.600774 1.5003 0.51129 0.876668 0.577482 0.523999 0.782003 0.507364 0.836008 0.484297 0.725469 0.384071 0.614736 0.688096
threshold=63.550000000000004 69.750000000000014 0.24500000000000102 -1.1329518065123521 0.055000000000000007 77.850000000000009 27.715000000000003 0.99696424012059681 -0.19244979981841004 -1.0000000180025095e-35 -0.10738035228456493 0.90515966073569365 14132.6065 3.1750000000000003 29.773102776863723 768.13333333333355 -2.0282191802228442 -0.69016699705532225 4.5000000000000009 3583.9050000000007 24.925000000000004 0.054999999999999723 28.705000000000002 27.995000000000001 1.3011121191674448 81.950000000000017 0.015000000000000001 0.61178010782316516 0.2843565540399125 0.42363112702576677
decision_type=2 2 2 2 2 2 2 2 2 2 2 2 2 2 2 2 2 2 2 2 2 2 2 2 2 2 2 2 2 2
left_child=2 6 -1 -4 14 10 7 8 -2 -10 16 15 23 -11 -5 25 17 -3 19 -7 -20 22 -21 -13 -25 26 -12 -8 -29 -30
right_child=1 5 3 4 -6 18 27 -9 9 13 11 12 -14 -15 -16 -17 -18 -19 20 21 -22 -23 -24 24 -26 -27 -28 28 29 -31
leaf_value=-0.047061884484092563 -0.011061041783919312 -0.085381331117301243 -0.18926779183168516 -0.083067260411873123 -0.0039474517309100159 0.063167543138493112 0.010819784786628551 0.0045079202736524535 -0.086629629028256133 0.013091079138443852 -0.0079006434691286098 0.01958810592400087 -0.13021094873955041 -0.049556264014918458 -0.1793029925551885 -0.078675024149260767 0.042931301421426309 0.045340307729285982 -0.038988347027839758 0.024870251386530668 0.10447752740973744 0.017492079658375619 -0.10361992791979796 0.006247650965533846 -0.069022300984902168 -0.0045323029419893192 0.034884094235562421 0.010123713691668533 -0.012111971604675408 -0.084778724274754094
leaf_weight=261.09456396102905 189.38434839248657 132.1130383014679 200.82863187789917 124.97014939785004 85.013849854469299 2672.9933755993843 427.77729612588882 125.78447639942169 239.34793490171432 130.06613248586655 378.60571879148483 596.86300057172775 179.24956327676773 222.41454404592514 108.6208930015564 134.31709867715836 2085.5127844810486 320.09521901607513 83.479152143001556 95.563619673252106 11425.01845061779 415.03467553853989 81.509342133998871 148.58239459991455 142.3766918182373 664.53260213136673 1864.3934512734413 179.8551572561264 180.72527927160263 133.66610544919968
leaf_count=219 171 110 167 124 70 2582 381 104 209 121 260 407 155 159 147 114 2345 206 46 103 12515 460 91 147 125 776 1621 220 145 110
internal_value=0.00038387 0.000554065 -0.00455078 -0.00614938 -0.00354755 0.000684336 -0.000921952 -0.00166765 -0.0020296 -0.00265746 0.000292627 5.12245e-05 -0.00057496 -0.000983049 -0.00477111 0.000300108 0.000648338 0 0.000854511 0.000555048 0.000931642 -1.64383e-05 -0.00103727 0 -0.000731454 0.000391137 0.000535123 -8.97699e-05 -0.000535777 -0.00111289
internal_weight=24029.8 23249.3 780.528 519.434 318.605 21420.2 1829.02 906.997 781.213 591.829 6646.64 4108.92 1067.07 352.481 233.591 3041.85 2537.72 452.208 14773.6 3265.1 11508.5 592.108 177.073 887.822 290.959 2907.53 2243 922.024 494.247 314.391
internal_count=24410 23683 727 508 341 22063 1620 764 660 489 6266 3605 834 280 271 2771 2661 316 15797 3236 12561 654 194 679 272 2657 1881 856 475 255
is_linear=0
shrinkage=0.0202208


Tree=35
num_leaves=31
num_cat=0
split_feature=46 51 46 63 12 10 37 44 51 25 63 22 50 52 46 48 12 9 3 45 4 10 4 10 10 48 63 29 24 3
split_gain=23.1714 20.9632 9.2341 7.57314 5.82952 3.72072 3.1442 2.85759 1.72669 2.42125 1.43561 1.24583 1.13936 1.09724 2.21293 1.01024 0.775179 0.735366 0.5683 1.11922 0.44023 0.327497 0.381726 0.445719 0.2966 0.284819 0.273581 0.342048 0.304158 0.260644
threshold=1713.3300000000002 401.4500000000001 2110.4300000000003 29.804826523139948 2.5000000000000004 0.41327478071396911 0.63079076712100812 26.369166666666668 634.10833333333369 29.565000000000001 27.969634071852678 25.225000000000005 3.9500000000000006 15500.699000000002 1922.4350000000002 219.25000000000003 4.5000000000000009 -0.5 0.76850000000000007 1.3935876373017682 1011.5500000000001 0.95495791161117582 1007.5500000000001 0.64534213713577271 0.15005400879207817 531.6500000000002 28.65338645052012 73.350000000000009 28.135000000000002 0.97950000000000015
decision_type=2 2 2 2 2 2 2 2 2 2 2 2 2 2 2 2 2 2 2 2 2 2 2 2 2 2 2 2 2 2
left_child=1 10 3 11 6 -3 15 -8 16 -10 -1 -2 -9 29 -15 -5 17 21 26 -20 24 22 -4 -24 -19 -25 28 -28 -13 -6
right_child=2 5 8 4 13 -7 7 12 9 -11 -12 18 -14 14 -16 -17 -18 20 19 -21 -22 -23 23 25 -26 -27 27 -29 -30 -31
leaf_value=0.017982391707642729 0.075258668408527976 -0.053926656851875823 0.032181293507894074 0.0029046478507118796 -0.0009054698898064399 -0.19828383286112741 -0.016956313460288679 -0.051239183974587987 0.022895062757026585 -0.099644783488200231 -0.046969268991223341 0.031412983513599439 -0.10710436507604731 -0.055215335049004791 -0.0038676309338229417 -0.067025743004482968 0.090731067401435522 -0.028352971576861435 0.0059199627344653357 -0.059110377413211471 -0.0047401875112972587 0.027878906720397695 -0.010861041311497543 -0.084174764085073281 0.10150096492397363 -0.040974964321533629 0.017671394698203741 -0.054048066493454491 -0.0075852172568550954 0.035299602891000523
leaf_weight=298.27695548534393 1741.7589300870895 158.40413737297058 149.82674634456635 275.82155913114548 876.98495179414749 160.60073703527451 144.63751190900803 159.55519837141037 1030.182875752449 127.17038232088089 216.90114313364029 663.71747827529907 259.05566543340683 177.54467207193375 494.3500092625618 188.2032682299614 12142.392470061779 88.761406719684601 269.16370409727097 194.68546617031097 216.36456835269928 266.16901814937592 152.83599108457565 102.96240705251694 2341.1149223446846 85.13909113407135 324.60109168291092 231.711345911026 180.70550692081451 310.19032937288284
leaf_count=92 686 116 137 270 816 153 115 162 1178 69 124 459 298 151 524 203 14080 68 203 133 219 298 189 111 2553 105 273 195 143 287
internal_value=0.000390363 -0.00289701 0.000512845 -0.000122669 -0.000904597 -0.00694651 -0.00213278 -0.00319301 0.000765091 0 -0.000186288 0.000479208 -0.00405552 -0.00017578 -0.000847355 -0.000642299 0.00082118 0.000489588 6.32548e-05 -0.000480277 0.000649312 0 -0.000373873 -0.000807609 0.000730096 -0.00145585 0.000306441 0 0.000536021 0.000132384
internal_weight=24029.8 834.183 23195.6 6492.69 2886.34 319.005 1027.27 563.248 16702.9 1157.35 515.178 3606.34 418.611 1859.07 671.895 464.025 15545.6 3403.17 1864.58 463.849 2646.24 756.933 490.764 340.937 2429.88 188.101 1400.74 556.312 844.423 1187.18
internal_count=24410 485 23925 4918 2826 269 1048 575 19007 1247 216 2092 460 1778 675 473 17760 3680 1406 336 2840 840 542 405 2621 216 1070 468 602 1103
is_linear=0
shrinkage=0.0202208


Tree=36
num_leaves=31
num_cat=0
split_feature=27 32 27 27 33 39 64 27 55 28 57 62 44 24 57 20 44 1 59 20 44 28 20 59 4 33 51 42 62 57
split_gain=43.2228 10.7864 8.535 7.06023 2.48689 1.90752 1.83891 1.59478 1.60727 1.59843 1.48364 1.29458 0.987666 0.850072 0.825887 0.681703 0.874668 0.73291 0.719062 0.47895 0.428647 0.361244 0.356406 0.356336 0.305434 0.279303 0.226892 0.179587 0.167345 0.11876
threshold=64.750000000000014 0.14336322946259375 73.350000000000009 60.750000000000007 0.56499999999999961 1.3479258149100446 -0.70494499684678213 77.850000000000009 0.052500000000000005 74.750000000000014 1009.2500000000001 1.0000000180025095e-35 26.444166666666671 26.335000000000004 1010.1500000000002 28.536823252936315 26.657291666666669 0.03500000000000001 4.0650000000000004 28.6477120510561 28.010625000000005 81.15000000000002 25.724795169990685 5.8850000000000007 1013.85 0.30499999999999977 725.91666666666686 30.435833333333338 5.8650000000000011 1008.1500000000002
decision_type=2 2 2 2 2 2 2 2 2 2 2 2 2 2 2 2 2 2 2 2 2 2 2 2 2 2 2 2 2 2
left_child=1 19 4 5 15 -3 -5 8 9 -4 -6 12 -12 23 -8 16 18 -18 -2 -1 -15 29 -9 -13 25 28 27 -24 -17 -10
right_child=2 3 7 6 10 -7 14 22 21 -11 11 13 -14 20 -16 24 17 -19 -20 -21 -22 -23 26 -25 -26 -27 -28 -29 -30 -31
leaf_value=-0.073498506608843175 -0.036623490820531679 -0.1026361118994804 -0.13686596253227512 -0.080032253529818492 0.0084434846445560936 -0.17718352288561581 0.0082563577600099809 -0.036495199186127376 0.065566563799195121 0.026564365062336111 0.004725304816726201 -0.12541223331475934 -0.05112833394516992 0.0025076102281723907 -0.060080036736895367 0.020332187288350564 -0.022408228023460781 -0.044293380719859249 0.035628486398403408 0.015252274458803674 -0.047198310177695518 -0.033538302971462049 0.090516850776960256 -0.08791659189228139 -0.057309739130428687 -0.002271137556929966 0.0081599118444541981 0.031394792914678352 -0.0092896367519808495 0.020921949704147163
leaf_weight=207.4638985991478 152.56496280431747 87.759702205657959 200.73939418792725 162.52455502748489 364.90851044654846 210.71936273574829 91.871377885341644 101.33932703733444 1957.4752175807953 192.16779780387878 280.74459916353226 115.64497810602188 132.71865063905716 91.636811137199402 121.27805387973785 1232.6138808131218 140.4828696846962 97.008402585983276 313.37911438941956 135.20380163192749 174.49330645799637 161.17995667457581 14344.906927585602 120.48787009716034 103.65370845794678 273.1692727804184 148.17459219694138 179.17776888608932 104.38127607107162 2029.9195935130119
leaf_count=165 121 106 146 124 383 213 88 62 2103 143 205 103 144 109 135 1166 124 96 201 95 194 158 15498 83 65 291 154 83 110 1742
internal_value=0.000388982 -0.00367106 0.000572792 -0.00516572 -0.000300202 -0.00767925 -0.00287755 0.000744488 0.00037655 -0.000769473 -0.00102319 -0.00145664 -0.000341296 -0.00219179 -0.00102992 4.77337e-05 -0.000433492 -0.00142517 0 -0.000452018 -0.000873176 0.000506819 0.000851534 -0.00327361 0.000296781 0.000398619 0.000860259 0.00086832 0.00052576 0.000551472
internal_weight=24029.8 1016.82 23013 674.153 3697.89 298.479 375.674 19315.1 4541.48 392.907 1280.63 915.726 413.463 502.263 213.149 2417.25 703.435 237.491 465.944 342.668 266.13 4148.57 14773.6 236.133 1713.82 1610.16 14672.3 14524.1 1337 3987.39
internal_count=24410 926 23484 666 3395 319 347 20089 4292 289 1221 838 349 489 223 2174 542 220 322 260 303 4003 15797 186 1632 1567 15735 15581 1276 3845
is_linear=0
shrinkage=0.0202208


Tree=37
num_leaves=31
num_cat=0
split_feature=27 32 27 27 27 49 50 60 10 47 10 48 11 54 59 12 49 20 10 22 28 31 48 25 3 11 29 44 60 25
split_gain=40.9105 9.9037 7.95802 6.79135 2.65812 1.75167 2.23993 1.32001 1.18217 1.16164 1.38928 1.13781 1.18159 0.972166 1.55563 0.956001 1.20897 0.868733 0.863818 0.84957 0.630241 0.940252 0.823122 0.596428 0.510515 1.43988 0.499353 0.455629 1.53123 0.400764
threshold=64.750000000000014 0.14336322946259375 75.550000000000011 59.95000000000001 68.950000000000017 495.95000000000005 573.1500000000002 2.7550000000000003 -0.09025077427732299 26.825000000000003 -0.19244979981841004 291.25000000000006 0.73246693938583607 0.13550000000000004 5.3250000000000011 4.5000000000000009 40.050000000000004 36.332017515518736 0.45972848220565493 28.835000000000004 81.050000000000011 81.250000000000014 471.85000000000008 26.655000000000005 0.71350000000000013 0.90515966073569365 70.950000000000017 26.369166666666668 3.1450000000000005 24.585000000000004
decision_type=2 2 2 2 2 2 2 2 2 2 2 2 2 2 2 2 2 2 2 2 2 2 2 2 2 2 2 2 2 2
left_child=1 23 4 18 7 -5 19 -2 -6 10 -9 24 17 -12 -15 16 26 -13 -3 -7 -18 22 -22 -1 -10 -26 -4 -14 -29 -17
right_child=2 3 15 5 8 6 -8 9 11 -11 13 12 27 14 -16 29 20 -19 -20 -21 21 -23 -24 -25 25 -27 -28 28 -30 -31
leaf_value=-0.07584917804513365 -0.00067608698219444774 -0.093447971694100684 -0.0051431714325757922 -0.043805259789547961 0.027576170890021019 -0.092823904877828448 -0.029774122394335387 -0.0080822998516277417 0.025264486826728556 -0.01823889996842706 -0.020118532354804534 0.0080140202959619235 -0.016685018160841319 -0.063735581214796722 -0.085824163167995376 -0.035757235535786046 0.01750445137406708 -0.05498298957184649 -0.19067288492309717 -0.065151942797830098 -0.10165288807864613 0.046156769349657664 -0.0052320462069870522 0.010373931320540656 0.027655850334762658 -0.038832033244292255 0.058244112079984742 -0.023559602507244447 -0.14265659787645577 0.088148637304525143
leaf_weight=183.49603021144867 412.87548941373825 105.06208288669586 356.78784346580505 108.07125467061996 1614.8920364975929 102.85694509744644 113.37413853406906 123.40470832586288 838.59296000003815 245.43499159812927 145.146160364151 692.4131840467453 116.71298623085022 164.60391485691071 150.13919711112976 91.634332776069641 710.45354473590851 224.21261185407639 152.53007030487061 92.258560240268707 93.196959912776947 122.74576836824417 121.6944659948349 159.17167001962662 414.35614305734634 199.20993846654892 2691.4660499691963 101.69494211673737 152.4792343378067 13228.821325600147
leaf_count=144 402 108 256 94 1671 84 104 114 647 233 124 740 75 129 105 55 806 121 171 105 95 155 137 116 377 151 2547 123 142 14279
internal_value=0.0003989 -0.00355032 0.000577792 -0.00498397 -7.13097e-05 -0.00298115 -0.00377519 -0.000905392 0.000147039 -0.00136903 -0.00186176 -8.13618e-05 -0.000541973 -0.00236908 -0.00306425 0.000791349 0.000471296 -4.8299e-05 -0.00779198 -0.00517722 -4.67491e-05 -0.000822084 -0.00167652 -0.000452018 0.000267264 -5.6635e-05 0.00067793 -0.00151483 -0.0020133 0.000883028
internal_weight=24029.8 1016.82 23013 674.153 5596.17 416.561 308.49 1241.6 4354.56 828.729 583.294 2739.67 1287.51 459.889 314.743 17416.8 4096.34 916.626 257.592 195.116 1048.09 337.637 214.891 342.668 1452.16 613.566 3048.25 370.887 254.174 13320.5
internal_count=24410 926 23484 666 5154 387 293 1107 4047 705 472 2376 1201 358 234 18330 3996 861 279 189 1193 387 232 260 1175 528 2803 340 265 14334
is_linear=0
shrinkage=0.0202208


Tree=38
num_leaves=31
num_cat=0
split_feature=27 33 27 27 33 12 60 10 60 27 60 20 59 12 9 57 57 60 51 11 29 20 12 58 30 3 62 62 33 0
split_gain=38.4667 8.06913 7.85862 4.88106 2.05767 2.69669 1.92011 2.08864 1.56339 1.40816 0.804463 0.656734 0.618853 0.596505 1.1073 0.564133 0.541621 0.539518 0.527748 0.523228 0.518665 0.409673 0.385174 0.334819 0.328137 0.297795 0.283417 0.82643 0.277309 0.268035
threshold=64.750000000000014 0.4149999999999992 72.850000000000009 59.95000000000001 0.56499999999999961 4.5000000000000009 3.9050000000000007 0.36571913681022045 4.4850000000000012 77.850000000000009 2.3050000000000002 28.536823252936315 5.3250000000000011 4.5000000000000009 -0.5 1010.5500000000001 1010.1500000000002 2.7550000000000003 768.13333333333355 0.99370977118463066 65.450000000000017 25.963501182460103 4.5000000000000009 1012.85 81.950000000000017 0.048500000000000008 1.0000000180025095e-35 0.14500000000000005 0.029999999999999364 2.8750000000000004
decision_type=2 2 2 2 2 2 2 2 2 2 2 2 2 2 2 2 2 2 2 2 2 2 2 2 2 2 2 2 2 2
left_child=1 10 4 8 11 6 -6 -8 -3 18 -1 12 17 14 15 28 -5 -2 19 22 -19 -15 24 -16 -4 -24 -7 -28 -11 -26
right_child=2 3 9 16 5 26 7 -9 -10 13 -12 -13 -14 21 23 -17 -18 20 -20 -21 -22 -23 25 -25 29 -27 27 -29 -30 -31
leaf_value=0.0014506600896783373 -0.000137155499678214 -0.089367979592153896 0.013546095698484631 -0.060102196873922868 -0.049970388940280337 0.0060112728444503827 -0.058873683422221719 -0.10560425037957939 -0.19256658942795934 -0.085223674269684149 -0.083205136130460364 0.0088932900590653462 0.016986393629239316 -0.035034194131695368 0.068346032129049591 -0.058320077589777836 -0.067492178549125259 -0.027229973593851226 -0.094981783961608932 -0.029938824276670915 -0.021361128148421667 0.097860673914145532 -0.044330654688300601 -0.045836725539550899 -0.075787666052049507 0.046343494130943179 -0.15983723059951019 -0.00089721187136727778 0.04449976386367753 0.0148773762857797
leaf_weight=189.62358915805817 116.3044119477272 123.88725125789642 1263.6465002298355 111.14738297462463 204.17323178052902 285.46256256103516 129.4932187795639 135.32337218523026 116.40567952394485 105.71756052970886 215.5337011218071 1514.8875316381454 193.97388869524002 99.142555773258209 2669.4306077957153 111.27519637346268 260.22314792871475 126.21384292840958 119.95463436841965 250.43534904718399 204.32371556758881 11409.355046987534 228.2415360212326 101.03082656860352 87.036776423454285 2740.2027224898338 128.37316107749939 305.7836040854454 277.64682167768478 205.54011356830597
leaf_count=158 103 140 1032 94 231 249 114 112 114 123 181 1440 118 58 2632 115 239 99 109 180 177 12503 137 55 102 2807 122 306 311 249
internal_value=0.000409582 -0.00341903 0.000583123 -0.00491756 -0.000304399 -0.000981823 -0.00218025 -0.00335441 -0.00744218 0.000738514 -0.000916475 2.97142e-05 -0.000461666 0.000843045 0.00053057 -0.000224222 -0.0029882 -0.000924577 0.000404723 0.000449858 -0.00134585 0.000923874 0.000507526 0.000697022 0.000166439 0.000656414 -7.19618e-05 -0.000482208 0 -0.000301506
internal_weight=24029.8 1016.82 23013 611.663 3344.31 1188.61 468.99 264.817 240.293 19668.7 405.157 2155.7 640.816 14773.6 3265.1 494.64 371.371 446.842 4895.06 4775.1 330.538 11508.5 4524.67 2770.46 1556.22 2968.44 719.619 434.157 383.364 292.577
internal_count=24410 926 23484 587 3071 1134 457 226 254 20413 339 1937 497 15797 3236 549 333 379 4616 4507 276 12561 4327 2687 1383 2944 677 428 434 351
is_linear=0
shrinkage=0.0202208


Tree=39
num_leaves=31
num_cat=0
split_feature=31 46 31 51 46 26 12 63 46 11 59 32 12 22 11 46 51 59 64 18 29 11 25 26 0 32 22 55 54 55
split_gain=23.0019 9.12293 5.47405 3.19546 2.35267 5.93951 1.75091 4.67425 3.10458 2.44392 2.43872 1.9071 1.15364 1.91748 1.10798 1.08861 0.599648 0.589361 0.944322 0.828703 0.56852 0.536859 0.490698 0.649852 0.497632 0.474308 0.55601 0.45988 0.378605 0.362832
threshold=66.850000000000009 1694.1935000000003 77.350000000000009 594.34166666666704 1890.2375 29.345000000000002 2.5000000000000004 30.439345899656985 1998.2710000000004 0.99370977118463066 5.1350000000000007 0.92628101075353453 2.5000000000000004 27.505000000000006 0.96457844552971317 2027.9520000000005 486.75000000000023 3.7750000000000004 -1.3775331800816841 38.166147384848536 82.750000000000014 0.76663042157996963 27.265000000000004 29.955000000000002 4.4050000000000011 1.2651653942947656 27.395000000000003 0.072500000000000009 0.22150000000000003 0.52750000000000019
decision_type=2 2 2 2 2 2 2 2 2 2 2 2 2 2 2 2 2 2 2 2 2 2 2 2 2 2 2 2 2 2
left_child=1 3 6 -1 5 14 7 25 11 17 -11 -9 13 27 28 -15 -14 18 -8 -20 -17 -10 24 -24 -18 26 -2 -4 -3 -6
right_child=2 4 12 -5 29 -7 9 8 21 10 -12 -13 16 15 -16 20 22 -19 19 -21 -22 -23 23 -25 -26 -27 -28 -29 -30 -31
leaf_value=-0.14018866128934968 0.020698993109928142 -0.054498678832534557 -0.015961575967800835 -0.18719183439516834 -0.014205759320104058 -0.093606399864711795 -0.043202064062494064 -0.061607274134681138 -0.095578358846317893 -0.1743417456156604 0.0045883929811153436 -0.12197000350359888 0.10067452156799193 -0.080494990934119992 0.00088724593011291111 0.049768214839894173 -0.041972918161339988 0.023236532632130269 0.022178436768330971 -0.066471254623089712 -0.071404730897323576 0.0087315470514646096 0.057222181534977642 -0.064366363943268085 0.027594534988434911 -0.053739138062408827 -0.0064525415128413267 0.059618749178599779 -0.032049887525936301 0.0081724263938499804
leaf_weight=140.31108552217484 949.16293674707413 141.57919198274612 189.35373830795288 127.69218599796295 364.23720610141754 105.23071038722992 174.85717558860779 98.532301604747772 83.123848259449005 157.45129865407944 134.17263585329056 102.30803829431534 12146.41612380743 86.663304209709167 215.19475817680359 294.79524272680283 98.159565269947052 2975.554670214653 1570.8015776276588 114.29763090610504 115.08540719747543 177.20906776189804 1066.6915583610535 116.29962855577469 81.174671232700348 138.51466709375381 409.94520878791809 1242.2461856007576 155.07656043767929 257.65135979652405
leaf_count=101 569 140 153 124 369 132 175 103 97 115 101 91 13210 82 162 356 140 2791 1742 57 132 224 1301 73 104 114 380 903 145 224
internal_value=0.000415296 -0.001987 0.000580246 -0.00543516 -0.00115542 -0.00205085 0.000100577 -0.000394035 -0.00217503 0.000306768 -0.00141149 -0.00409952 0.000794671 0.000261994 -0.000925255 -0.000736407 0.000864121 0.000429581 8.8561e-05 0.000279408 -6.38356e-05 -0.000319115 0.000345089 0.000531451 -0.000391363 0.000100467 0.000267441 0.000670377 -0.00172492 -0.000119511
internal_weight=24029.8 1506.97 22522.8 268.003 1238.97 617.081 7085.93 1958.8 461.173 5127.13 291.624 200.84 15436.9 1928.14 511.851 496.544 13508.7 4835.51 1859.96 1685.1 409.881 260.333 1362.33 1182.99 179.334 1497.62 1359.11 1431.6 296.656 621.889
internal_count=24410 1397 23013 225 1172 579 6559 1578 515 4981 216 194 16454 1626 447 570 14828 4765 1974 1799 488 321 1618 1374 244 1063 949 1056 285 593
is_linear=0
shrinkage=0.0202208


Tree=40
num_leaves=31
num_cat=0
split_feature=27 27 33 33 27 10 45 34 21 10 29 64 45 45 29 10 50 64 64 30 21 12 26 40 25 25 36 26 25 10
split_gain=33.0524 12.7247 4.99845 3.35867 3.19854 2.79328 2.12129 1.63689 2.45459 0.955227 1.64726 0.826623 0.763416 1.57662 0.810467 0.748927 0.603163 0.53635 1.61793 0.495932 0.485034 0.461638 0.468578 1.29678 0.441885 0.40958 0.385229 0.379085 0.361926 0.296111
threshold=68.950000000000017 59.95000000000001 0.4149999999999992 0.45000000000000112 77.850000000000009 0.081675638985454754 1.3935876373017682 34.882260600941443 30.989819218711947 -0.10738035228456493 83.750000000000014 -0.1488827458608277 1.3011121191674448 1.5738692167425685 72.450000000000017 0.45972848220565493 304.2000000000001 -2.0282191802228442 -2.6185343623157755 84.350000000000009 37.342529508858767 4.5000000000000009 28.675000000000004 28.175000000000004 24.925000000000004 27.015000000000004 36.915770290612564 26.745000000000001 30.125000000000004 0.99699193743116299
decision_type=2 2 2 2 2 2 2 2 2 2 2 2 2 2 2 2 2 2 2 2 2 2 2 2 2 2 2 2 2 2
left_child=1 2 -1 6 9 11 -3 8 -7 17 12 -5 19 14 -14 -4 -8 18 -2 20 25 22 -6 -24 -23 -11 -25 -15 -22 -27
right_child=4 3 15 5 21 7 16 -9 -10 10 -12 -13 13 27 -16 -17 -18 -19 -20 -21 28 24 23 26 -26 29 -28 -29 -30 -31
leaf_value=-0.094755683673052579 0.044007702698303452 0.003817351432595156 -0.088505528312987788 -0.029777466274616898 0.047933564915325376 -0.063551127806067365 -0.02809624017000352 -0.019200004329536672 -0.11944963058997132 -0.0041992191274915639 -0.15449045442032328 0.0081576976490590515 -0.069188646246269039 0.034288823241477882 -0.016461041388036952 -0.17967024071626175 -0.080448025067886994 0.036430365158175389 -0.072914042299109125 -0.053676970501637417 -0.04436221083869623 -0.067396010905838064 -0.070766067794901272 0.077450562286058983 0.09384612512837133 0.0334661421537161 -0.10418252963987765 -0.017160319625397314 0.041737976732856188 -0.050244998363574468
leaf_weight=97.582377135753632 331.30701988935471 681.66855645179749 95.468081057071686 241.32755351066589 2512.4798051118851 220.68578511476517 134.67836314439774 121.92778313159943 192.19974279403687 283.00787723064423 176.50856566429138 157.64408051967621 225.44529813528061 460.2934564948082 133.19173568487167 144.82484972476959 170.41804105043411 2172.6400209069252 134.46725499629974 225.30003130435944 324.25858682394028 83.479152143001556 83.727855682373047 567.4183377623558 11425.01845061779 2059.8704521656036 101.47501438856125 164.48440629243851 211.37733834981918 95.613667786121368
leaf_count=87 216 600 99 181 2412 198 88 81 219 260 181 176 166 235 95 155 149 2438 112 273 175 46 83 650 12515 2068 91 140 98 123
internal_value=0.000422837 -0.00189343 -0.00556232 -0.00119215 0.00066744 -0.00207558 -0.000262718 -0.00306989 -0.00371196 0.000291542 8.36622e-05 -0.000508024 0.000184187 -0.000259182 -0.00136388 -0.00717721 -0.00169694 0.000601222 0 0.000347956 0.000432796 0.000839437 0.000549491 0 0.00091387 0.000556403 0.000396876 0.000240383 0 0.000653991
internal_weight=24029.8 2258.43 337.875 1920.55 21771.4 933.785 986.765 534.813 412.886 6997.77 4359.35 398.972 4182.84 983.415 358.637 240.293 305.096 2638.41 465.774 3199.43 2974.13 14773.6 3265.1 752.621 11508.5 2438.49 668.893 624.778 535.636 2155.48
internal_count=24410 2033 341 1692 22377 855 837 498 417 6580 3814 357 3633 636 261 254 237 2766 328 2997 2724 15797 3236 824 12561 2451 741 375 273 2191
is_linear=0
shrinkage=0.0202208


Tree=41
num_leaves=31
num_cat=0
split_feature=28 2 19 21 31 64 10 32 59 44 51 34 10 4 19 51 36 10 10 12 6 36 29 35 2 25 54 59 64 21
split_gain=19.6798 15.0267 8.07556 5.18576 4.43025 3.02788 1.9688 1.94679 2.34895 1.52784 0.808476 1.67676 1.1878 0.78091 0.634165 0.610273 0.975886 0.519458 0.488371 0.469827 1.23989 0.445285 0.431608 0.377016 0.353811 0.302365 0.379302 0.253615 0.249336 0.230442
threshold=68.750000000000014 61.150000000000013 31.629879458193951 31.476895302181681 77.350000000000009 -1.159039679101953 -0.10738035228456493 1.9306382613692981 5.6150000000000011 28.061875000000004 65.633333333333468 31.58711878654961 0.30081702196488996 1012.5500000000001 37.590088738336014 466.80833333333351 30.917805693967669 0.098819223632317002 0.82876241254485883 2.5000000000000004 0.37940952255126054 30.016656959617784 71.250000000000014 0.14561296479209607 553.1500000000002 26.175000000000004 0.53450000000000009 4.0050000000000008 0.2930577933908865 31.93547405105679
decision_type=2 2 2 2 2 2 2 2 2 2 2 2 2 2 2 2 2 2 2 2 2 2 2 2 2 2 2 2 2 2
left_child=1 13 3 5 6 -3 -2 10 -9 -5 17 12 -12 25 23 19 -17 -8 -18 20 22 -15 -6 -13 -14 26 -1 -20 -7 -24
right_child=4 2 -4 9 15 28 7 8 -10 -11 11 14 24 21 -16 16 18 -19 27 -21 -22 -23 29 -25 -26 -27 -28 -29 -30 -31
leaf_value=0.00038490135067316894 0.026559960926721846 -0.080142623817344896 -0.0084137567035681479 -0.1825928335865975 -0.015723873340167692 -0.053236375182603241 -0.050943386317905674 -0.1350731693473658 -0.01556189993515982 -0.084624426954668985 -0.00096729862874478747 -0.0010719094157698519 -0.090921451220023722 -0.0060783220679509146 -0.068371029734213037 -0.062050014725645544 0.050323517391823537 0.026573213737485259 -0.050618572082340663 0.098008835853184983 -0.061934909697926137 -0.1237094833471233 0.069444246460785841 0.026481310148686932 -0.02247349272966491 0.025805778769009826 -0.024627361078193945 0.012186032111202012 0.008830752810540396 -0.00396961621012856
leaf_weight=225.00256216526031 2406.1488521695137 202.62819701433182 236.74806302785873 115.31638491153717 249.91619926691055 136.26197534799576 143.83598953485489 192.36725604534149 243.57934701442719 81.804992318153381 201.84278041124344 611.37034952640533 167.1075394153595 157.61597055196762 322.05185770988464 86.371640145778656 1269.9300023317337 1304.0263404250145 110.4209748506546 11858.931458592415 167.67397284507751 123.96799558401108 1201.7709614038467 923.34153264760971 159.62062472105026 665.96818268299103 181.31280922889709 83.107456982135773 84.486471831798553 115.2608003616333
leaf_count=190 2529 158 222 127 177 136 108 187 184 111 169 666 147 101 163 106 1539 1001 136 12919 171 103 952 934 145 578 142 96 96 117
internal_value=0.000428156 -0.00137583 -0.0034644 -0.00467319 0.000615206 -0.00300282 0.000164398 -7.8374e-05 -0.00136031 -0.00769304 4.58799e-05 -0.000156559 -0.00117078 0 8.70232e-05 0.000808047 0.000325546 0.000439212 0.000496466 0.000856505 0.00043413 -0.000982374 0.000647113 0.000298941 -0.00191715 0.000201387 -6.94031e-05 -0.000135747 -0.000825632 0.000794707
internal_weight=24029.8 2211.11 857.246 620.498 21818.7 423.377 6675.29 4269.14 435.947 197.121 3833.2 2385.33 528.571 1353.87 1856.76 15143.4 1549.83 1447.86 1463.46 13593.6 1734.62 281.584 1566.95 1534.71 326.728 1072.28 406.315 193.528 220.748 1317.03
internal_count=24410 1964 850 628 22446 390 6233 3704 371 238 3333 2224 461 1114 1763 16213 1877 1109 1771 14336 1417 204 1246 1600 292 910 332 232 232 1069
is_linear=0
shrinkage=0.0202208


Tree=42
num_leaves=31
num_cat=0
split_feature=33 46 49 46 0 61 39 63 29 39 59 39 10 10 12 49 10 21 57 39 29 61 58 29 61 25 39 61 21 30
split_gain=15.2101 17.3835 4.69363 5.54703 4.68745 4.69399 3.13227 3.9228 2.30496 2.48665 1.86799 1.44096 2.43908 1.17994 1.01151 1.09065 0.863097 1.24363 1.08248 0.693054 0.814206 0.586483 0.610158 0.404739 0.361871 0.828205 0.678055 0.361056 1.67733 0.336834
threshold=1.0350000000000004 1636.2780000000002 511.95000000000005 1963.9105000000002 4.8650000000000011 0.18500000000000003 1.0988636341121074 30.336642086898202 62.050000000000004 1.6506709776541795 3.1750000000000003 1.0773823844491213 0.081675638985454754 0.2843565540399125 4.5000000000000009 7.9500000000000011 0.7775899462189082 37.472132586141278 1008.1500000000002 1.4042564054169187 70.050000000000011 1.5550000000000004 1008.4500000000002 65.050000000000011 1.0000000180025095e-35 28.825000000000003 1.5641716802971695 1.5250000000000001 35.471284367503522 64.350000000000009
decision_type=2 2 2 2 2 2 2 2 2 2 2 2 2 2 2 2 2 2 2 2 2 2 2 2 2 2 2 2 2 2
left_child=2 -2 8 11 5 6 -3 -8 9 -1 -11 -4 -13 -6 15 24 18 -18 -5 21 -21 -17 -23 -16 25 -10 -27 28 -20 -25
right_child=1 4 3 16 13 -7 7 -9 14 10 -12 12 -14 -15 23 19 17 -19 27 20 -22 22 -24 29 -26 26 -28 -29 -30 -31
leaf_value=0.019749489842148901 -0.16956447031930605 -0.019807978526909905 -0.0083763888465359197 0.041724246252089155 0.0068913358661795016 0.0015589376545654377 -0.032954124062306384 -0.12675324096366442 0.014971475812045729 -0.052215665957972564 -0.12500841357041045 -0.033660216157827605 -0.09033813408510713 -0.038392178032929179 -0.014744776231143272 0.047180575250635425 0.0007206693020223576 -0.062847588870288087 0.00082722894491417366 0.0017514299147042077 -0.074415486893673916 -0.0045946481693844412 -0.078278830900717244 -0.095140554425516527 0.041406763938406033 0.0033254347505313653 -0.036939680452305924 0.011763527202229118 -0.13257708697433354 0.083486063240781311
leaf_weight=312.72218656539917 119.71111625432968 121.99420952796936 122.0474836230278 1635.7114174365997 721.91392260789871 288.59425294399261 110.15123963356018 208.87038964033127 515.6469025015831 131.74284237623215 122.74982863664627 123.23269730806351 185.40622675418854 197.01438546180725 187.19951432943344 512.29382371902466 589.4864804148674 102.56051307916641 287.85548794269562 118.37945687770844 118.23674666881561 260.92727452516556 88.662289202213287 213.11086302995682 3186.7063589692116 127.71579879522324 133.84463411569595 501.06264352798462 74.28299605846405 12609.955558538437
leaf_count=247 87 140 118 1868 594 330 105 238 313 102 92 107 213 163 134 561 641 51 380 112 114 277 95 109 2884 124 96 619 63 13433
internal_value=0.000441009 -0.00134714 0.000587194 -5.67787e-05 -0.000738273 -0.00195367 -0.00325641 -0.00430962 0.000716997 -0.000457043 -0.00200943 -0.00221813 -0.00295377 0.000136188 0.000758783 0.000474659 0.000209972 -0.000356969 0.000402287 -1.55414e-05 -0.00103805 0.000167587 -0.000314635 0.000862428 0.00063245 9.44081e-05 -0.000676915 -9.15894e-05 -0.00063276 0.000876092
internal_weight=24029.8 1768.25 22261.5 3621.65 1648.54 729.61 441.016 319.022 18639.9 567.215 254.493 430.686 308.639 918.928 18072.7 5062.41 3190.96 692.047 2498.91 1098.5 236.616 861.883 349.59 13010.3 3963.91 777.207 261.56 863.201 362.138 12823.1
internal_count=24410 1657 22753 4060 1570 813 483 343 18693 441 194 438 320 757 18252 4576 3622 692 2930 1159 226 933 372 13676 3417 533 220 1062 443 13542
is_linear=0
shrinkage=0.0202208


Tree=43
num_leaves=31
num_cat=0
split_feature=49 12 45 12 36 49 62 59 39 10 4 26 60 10 21 20 4 61 55 55 10 30 62 61 39 39 36 18 26 61
split_gain=13.4448 16.1731 9.50917 3.63251 2.90261 2.67511 2.14031 2.14955 2.86651 1.50884 1.5064 1.38724 1.27892 1.49352 1.20586 1.01924 0.742942 0.876492 0.684694 0.607586 0.530946 0.392013 0.370211 0.315418 1.05514 1.62518 1.45254 1.1353 0.348504 0.295619
threshold=511.95000000000005 2.5000000000000004 1.7796196737773462 2.5000000000000004 31.962278359902527 72.15000000000002 0.16500000000000004 4.7950000000000008 1.3794723498398633 0.7775899462189082 1014.35 29.075000000000003 3.0550000000000002 0.2843565540399125 37.472132586141278 28.062711357252638 1010.5500000000001 0.30500000000000005 0.083500000000000019 0.74250000000000005 -0.19244979981841004 80.350000000000009 1.3550000000000002 0.115 1.9542559001160227 1.5464089787037614 26.797664138089782 29.203799428998895 30.095000000000002 1.0000000180025095e-35
decision_type=2 2 2 2 2 2 2 2 2 2 2 2 2 2 2 2 2 2 2 2 2 2 2 2 2 2 2 2 2 2
left_child=3 2 4 5 11 10 7 8 -3 22 18 16 -7 -14 21 -15 17 -2 29 -17 -10 -11 -8 24 25 -5 -27 -28 -25 -1
right_child=1 6 -4 23 -6 12 9 -9 20 14 -12 -13 13 15 -16 19 -18 -19 -20 -21 -22 -23 -24 28 -26 26 27 -29 -30 -31
leaf_value=-0.02046764332342859 -0.071418892425420794 -0.0046525793361200081 -0.1837570625161816 0.033641609270973517 -0.013725415441740217 0.0016342490534893431 0.00065016154274798925 -0.00057723777351864278 -0.025607859554543162 -0.053265846066153588 -0.046854096411453203 -0.15898291918771515 0.01616026535678693 -0.095605642434222524 -0.12567139655607684 -0.027760112946896131 -0.0162722248825528 -0.019701014970620892 0.027574618399121398 -0.067826876725855245 -0.17820186429771837 0.016020157105596816 0.032486180579140489 0.089201976398055619 0.051683336656958095 0.00054060732649641814 -0.10207779116186425 -0.014959098164793988 0.030416502390540123 0.0086557400656379329
leaf_weight=206.97949850559235 196.60383200645447 176.3923574090004 106.22572875022888 809.8235359787941 198.72660493850708 296.25544410943985 559.34664195775986 422.00769579410553 100.39017152786255 181.17000150680542 173.6262298822403 103.8375363945961 159.42881000041962 105.62514019012451 117.94312018156052 176.95671206712723 86.212221443653107 81.283165216445923 2342.766198515892 134.32949078083038 123.70796954631805 373.04961544275284 1722.616358101368 11658.604613244534 1679.6758348941803 203.05857908725739 131.16453504562378 124.24927890300751 965.14874297380447 312.58387666940689
leaf_count=161 215 186 100 767 274 324 582 380 112 190 104 137 129 81 56 188 80 93 1710 132 99 398 2062 13727 956 96 91 126 572 282
internal_value=0.00043501 -0.00054381 -0.00320075 0.000668168 -0.00210122 9.11853e-05 0 -0.000906916 -0.00196295 0.00025695 0.000394903 -0.00296457 -0.000862577 -0.00142297 -0.000520156 -0.00205971 -0.00193211 -0.00243969 0.000528487 -0.00103874 -0.00345973 0 0.00052467 0.000807309 0.000527969 1.40814e-05 -0.000868377 -0.00190599 0.000865418 0
internal_weight=24029.8 4549.51 772.889 19480.3 666.663 3908.55 3776.62 822.498 400.49 2954.13 3035.96 467.937 872.596 576.34 672.163 416.911 364.099 277.887 2862.33 311.286 224.098 554.22 2281.96 15571.7 2947.97 1268.3 458.472 255.414 12623.8 519.563
internal_count=24410 4964 899 19446 799 3111 4065 777 397 3288 2257 525 854 530 644 401 388 308 2153 320 211 588 2644 16335 2036 1080 313 217 14299 443
is_linear=0
shrinkage=0.0202208


Tree=44
num_leaves=31
num_cat=0
split_feature=27 60 27 43 27 48 12 57 44 49 49 12 64 12 49 60 20 64 64 29 18 17 60 39 60 58 59 0 60 57
split_gain=28.4528 9.47407 7.78766 3.13614 2.33742 1.82043 1.90464 1.68387 2.62795 1.21591 0.546774 0.688294 0.590166 0.477947 0.819048 0.693816 0.510719 0.408762 1.45508 0.374341 0.434705 0.44073 0.711164 0.367543 0.93832 2.03643 0.351663 0.290389 0.893599 0.289918
threshold=62.550000000000004 2.3750000000000004 70.050000000000011 0.6734550211782323 77.850000000000009 352.95000000000005 2.5000000000000004 1013.6500000000002 27.472291666666671 691.35000000000002 712.60000000000014 4.5000000000000009 3.0221385334821567 4.5000000000000009 46.250000000000007 2.6350000000000002 25.963501182460103 -2.0282191802228442 -2.4792299839655718 83.550000000000011 29.499749783649083 31.354931854063832 3.6650000000000005 1.6506709776541795 3.8450000000000002 1009.7500000000001 1.5950000000000004 4.7950000000000008 4.9750000000000005 1009.5500000000001
decision_type=2 2 2 2 2 2 2 2 2 2 2 2 2 2 2 2 2 2 2 2 2 2 2 2 2 2 2 2 2 2
left_child=1 -1 5 -3 10 23 7 8 -7 -5 11 19 -12 14 15 -6 -15 18 -13 20 -4 22 -22 -2 25 -25 -23 28 -8 -16
right_child=2 3 4 9 13 6 27 -9 -10 -11 12 17 -14 16 29 -17 -18 -19 -20 -21 21 26 -24 24 -26 -27 -28 -29 -30 -31
leaf_value=0.00092282140834401951 0.0071190241724838699 -0.084795698467935943 0.011549932558526462 -0.089848204061738074 -0.00064603655823057017 -0.11726378152625082 -0.011978145124053711 -0.056752290255228106 -0.023544541962776191 -0.1624200114882762 0.00066306576936741527 0.052816067408976944 -0.12632886379039243 -0.041406196954694725 0.015696216042653203 0.093006546455685582 0.088546957961640554 0.040170195728978481 -0.069014485898016106 -0.087935624064244253 -0.00063823491603418503 -0.059299035672813451 -0.050608288420619103 0.0014056566421362239 0.0041461358974580016 -0.047989347683392143 0.030085016488535531 -0.00025400879410741645 -0.017913775060893727 -0.058078958293298663
leaf_weight=184.93492066860199 583.90771663188934 149.62612920999527 814.69844108819962 113.54157072305679 507.52140909433365 134.89654737710953 334.9246022105217 94.508984684944153 134.94995671510696 186.80837005376816 781.1978822350502 401.89810174703598 96.093635141849518 99.142555773258209 525.00552004575729 2079.8523542284966 11409.355046987534 2961.9158142805099 137.08054155111313 105.91721540689468 379.61688685417175 88.16084086894989 106.25802087783813 135.45204669237137 270.26118731498718 108.96300983428955 621.81330263614655 228.5725125670433 100.19268798828125 152.72172957658768
leaf_count=174 510 127 471 101 495 121 321 83 173 192 863 301 76 58 613 1946 12503 2953 122 109 330 100 95 116 203 94 703 188 87 182
internal_value=0.000440298 -0.00375219 0.000558448 -0.00532408 0.000677044 -0.000585555 -0.00119542 -0.00241935 -0.00322285 -0.0066792 0.000333721 0.000409943 -5.46206e-05 0.000821915 0.000530516 0.000695906 0.000896767 0.000588786 0 7.22614e-05 0.000172632 -4.8783e-06 -0.000535205 0 -0.000404608 -0.00136408 0.000236394 -0.000381787 -0.000701423 0
internal_weight=24029.8 634.911 23394.9 449.976 21268.2 2126.63 1028.05 364.355 269.847 300.35 6494.65 5617.36 877.292 14773.6 3265.1 2587.37 11508.5 3500.89 538.979 2116.46 2010.55 1195.85 485.875 1098.58 514.676 244.415 709.974 663.69 435.117 677.727
internal_count=24410 594 23816 420 21920 1896 973 377 294 293 6123 5184 939 15797 3236 2441 12561 3376 423 1808 1699 1228 425 923 413 210 803 596 408 795
is_linear=0
shrinkage=0.0202208


Tree=45
num_leaves=31
num_cat=0
split_feature=27 60 27 32 31 52 12 60 54 12 62 39 0 46 19 0 19 45 60 20 62 61 27 39 20 38 34 45 39 20
split_gain=25.6382 8.47657 7.63399 3.56047 2.48478 1.78117 2.00498 1.43541 0.933436 0.807117 0.699884 1.00522 1.33894 1.31117 0.86895 2.38914 0.658936 0.547733 1.44943 0.492325 0.387398 0.862388 0.402034 0.606269 1.77878 0.340974 0.315061 0.283601 1.01128 0.231339
threshold=62.550000000000004 2.3750000000000004 70.050000000000011 0.49582761514750656 78.350000000000009 9963.058500000001 2.5000000000000004 3.0550000000000002 0.16950000000000004 4.5000000000000009 1.7550000000000001 1.5464089787037614 5.245000000000001 2113.9610000000007 30.506363543411556 4.0850000000000009 38.166147384848536 1.3935876373017682 3.8450000000000002 25.224658520898856 0.20500000000000004 1.0000000180025095e-35 78.65000000000002 1.5464089787037614 28.191893855829843 29.145325563289159 32.760068626921687 1.4595107480092253 1.5306893169648301 36.211223691063104
decision_type=2 2 2 2 2 2 2 2 2 2 2 2 2 2 2 2 2 2 2 2 2 2 2 2 2 2 2 2 2 2
left_child=1 -1 5 -3 9 17 7 -7 -9 10 11 25 13 -13 -12 26 20 -2 -19 -6 21 -11 23 -23 -25 -4 -16 28 29 -8
right_child=2 3 4 -5 19 6 27 8 -10 16 14 12 -14 -15 15 -17 -18 18 -20 -21 -22 22 -24 24 -26 -27 -28 -29 -30 -31
leaf_value=0.00090416118260741379 0.0069110900942333606 -0.098079957095715709 -0.0090398296054270463 -0.14769124045881848 -0.03963514327802798 -0.019683797891652189 0.0081548595076322873 -0.088595846580986987 -0.11128951864733533 0.040065572933874277 0.018253883059272134 -0.06789305936472502 0.012544023301961487 0.011501579244788339 -0.025794705028019678 -0.13060613289003239 -0.058875985997236917 -0.044930905818254083 0.0038368222949355956 0.080054708164189123 0.040428688904031257 0.021768916929716886 0.040039758926300809 -1.8163492016092807e-05 -0.16737541054851618 0.031470135637136021 0.023353302685897481 -0.00058165491350216706 -0.055175544908699095 -0.041852363277621672
leaf_weight=184.93492066860199 702.47176468372345 126.80163288116455 89.403584718704224 323.17443710565567 84.949079275131226 101.24808061122894 263.37847685813904 111.15525639057159 149.06132805347443 699.82711267471313 191.8536496758461 204.20393532514572 465.88577389717102 94.28060919046402 97.580959916114807 94.426419973373413 259.95507431030273 178.3708148598671 213.5462611913681 13761.564966380596 3231.7930653691292 177.4674346446991 138.54582148790359 145.09874254465103 112.20392972230911 1159.0130254030228 260.19611388444901 169.93473100662231 127.92902743816376 109.53351092338562
leaf_count=174 618 101 52 319 75 130 280 109 137 457 141 169 237 105 103 95 136 140 156 14844 3546 170 91 105 102 1220 272 130 134 62
internal_value=0.000434771 -0.0035435 0.000547073 -0.00503039 0.000664531 -0.000585555 -0.00118649 -0.00244648 -0.00324028 0.000345024 2.63888e-05 0.000242522 -0.000257265 -0.00136494 -0.000511252 -0.00105259 0.000504157 0 -0.000618055 0.000829314 0.000569148 0.000168957 -0.000312659 -0.000694187 -0.00132576 0.000618284 -2.94518e-05 -0.000367161 -0.0006402 0
internal_weight=24029.8 634.911 23394.9 449.976 21268.2 2126.63 1032.24 361.465 260.217 7421.74 2656.84 2012.79 764.37 298.485 644.057 452.203 4764.89 1094.39 391.917 13846.5 4504.94 1273.14 573.316 434.77 257.303 1248.42 357.777 670.776 500.841 372.912
internal_count=24410 594 23816 420 21920 1896 982 376 246 7001 2394 1783 511 274 611 470 4607 914 296 14919 4471 925 468 377 207 1272 375 606 476 342
is_linear=0
shrinkage=0.0202208


Tree=46
num_leaves=31
num_cat=0
split_feature=33 46 28 0 57 50 33 61 49 39 39 60 1 0 12 52 44 11 64 0 60 50 29 44 44 12 30 21 0 56
split_gain=14.2243 14.9269 4.59831 3.64328 4.44481 2.89788 2.51984 1.86092 1.42429 1.01314 0.920108 1.62283 1.22768 1.05589 0.734712 0.84098 0.718498 1.30226 0.571279 0.565779 0.543718 0.442116 0.372972 1.07566 0.328657 0.287718 0.255081 0.260296 0.237922 0.232406
threshold=0.9450000000000004 1636.2780000000002 71.250000000000014 4.8650000000000011 1010.1500000000002 117.55000000000001 0.30499999999999977 1.0000000180025095e-35 545.05000000000007 1.0773823844491213 1.6506709776541795 3.9650000000000003 0.095000000000000015 2.9950000000000006 4.5000000000000009 3512.4400000000005 29.638541666666672 -0.60505606964884906 0.31150537246300486 3.2350000000000008 2.6350000000000002 12.950000000000001 79.15000000000002 26.826458333333338 26.826458333333338 5.5000000000000009 84.550000000000011 34.55356076467978 3.2650000000000001 1009.9500000000002
decision_type=2 2 2 2 2 2 2 2 2 2 2 2 2 2 2 2 2 2 2 2 2 2 2 2 2 2 2 2 2 2
left_child=2 -2 6 4 -3 9 10 -8 14 -6 -1 12 13 -12 15 20 19 -18 -7 26 28 29 23 -5 -13 -9 -10 -28 -4 -17
right_child=1 3 8 22 5 18 7 25 16 -11 11 24 -14 -15 -16 21 17 -19 -20 -21 -22 -23 -24 -25 -26 -27 27 -29 -30 -31
leaf_value=0.013256604449395998 -0.15614930091257298 0.010802467931313479 0.011065264949625042 0.0089331586198771375 0.0042563772010178235 -0.086804363980370017 -0.063812530811520676 -0.034286583878622566 0.014437836263541778 -0.10920187784343552 -0.029429492418223718 0.027303005666906237 0.017650503135983247 -0.06714033401439673 0.082911400804125707 0.059518530397920932 0.005404950674629665 -0.07986783826112398 -0.099122306442143412 0.030845360121804746 0.056021770437986736 -0.093928212095012995 0.0073118148378172858 -0.043189429830585116 -0.031676338441735188 0.0097975963363012373 -0.015255526020572755 -0.074846921433230226 -0.056059648415840983 -0.01042653040818527
leaf_weight=1326.4918205738068 121.15626412630081 343.16793262958527 657.2948836684227 219.32577854394913 126.99596321582794 99.816355168819427 139.10026377439499 213.08136212825775 406.49683386087418 214.19379389286041 204.53854775428772 351.87050968408585 122.1577462553978 167.66271108388901 12439.809569656849 298.55032497644424 263.77079898118973 157.03868371248245 114.9008908867836 1431.5840928554535 2767.9066110253334 91.571902513504028 652.99335020780563 148.90236240625381 142.97029078006744 127.8479460477829 123.79877024888992 70.660749077796936 119.8464794754982 364.28595185279846
leaf_count=1215 89 375 630 156 154 102 150 194 509 239 188 239 113 126 13202 296 156 94 133 1788 2537 100 559 142 115 142 166 85 92 324
internal_value=0.000440903 -0.00115774 0.000593492 -0.000665264 -0.00160774 -0.00272298 -0.000146956 -0.00148661 0.00070592 -0.00117657 9.51054e-05 -0.000320601 -0.00118336 -0.00178582 0.000774755 0.000494331 0.000200123 -0.000470493 -0.00471281 0.000382619 0.000627019 -1.37515e-05 8.21506e-05 -0.000306592 0.000368399 -0.000367269 -8.31312e-06 -0.000705667 2.63454e-05 4.93898e-05
internal_weight=24029.8 2041.45 21988.3 1920.3 899.075 555.907 2795.72 480.03 19192.6 341.19 2315.69 989.2 494.359 372.201 16739.3 4299.46 2453.35 420.809 214.717 2032.54 3545.05 754.408 1021.22 368.228 494.841 340.929 600.956 194.46 777.141 662.836
internal_count=24410 1949 22461 1860 1003 628 2482 486 19979 393 1996 781 427 314 17181 3979 2798 250 235 2548 3259 720 857 298 354 336 760 251 722 620
is_linear=0
shrinkage=0.0202208


Tree=47
num_leaves=31
num_cat=0
split_feature=31 43 31 11 49 49 45 10 45 49 25 56 10 54 45 60 56 4 26 49 30 56 11 11 54 4 45 41 4 50
split_gain=13.8895 5.58351 5.33221 3.68177 4.28174 1.85021 2.90863 5.34566 1.81795 1.5148 1.23521 1.0531 1.01018 0.828848 1.97428 3.23884 0.470598 0.46634 0.461434 0.428675 0.69286 0.887763 0.600895 0.415875 0.345665 0.292758 0.271025 0.521043 0.331924 0.265095
threshold=65.450000000000017 0.48540017835286559 75.450000000000017 0.96457844552971317 760.1500000000002 688.10000000000014 1.2125036593439884 -0.10738035228456493 1.409390027916898 511.95000000000005 26.335000000000004 1009.9500000000002 0.63874350706337069 0.76450000000000007 1.3502090535899234 6.205000000000001 1014.6500000000002 1004.9500000000002 30.095000000000002 35.600000000000009 78.350000000000009 1013.1500000000002 0.95748518835503915 0.34963450400049079 0.98250000000000004 1007.2500000000001 0.53589480488571428 0.075498344352378968 1008.0500000000001 40.050000000000004
decision_type=2 2 2 2 2 2 2 2 2 2 2 2 2 2 2 2 2 2 2 2 2 2 2 2 2 2 2 2 2 2
left_child=1 -1 5 4 8 11 26 -8 -3 16 -11 24 23 19 -15 -16 18 -14 -4 -13 21 22 -21 -12 -2 -20 27 -7 -28 -26
right_child=2 3 9 -5 -6 6 7 -9 -10 10 12 13 17 14 15 -17 -18 -19 25 20 -22 -23 -24 -25 29 -27 28 -29 -30 -31
leaf_value=0.0065672637492324264 0.02940072280383433 -0.032596067892523464 0.07471673169335484 -0.010133778068992428 -0.14430485611242932 0.0054238038666716152 -0.0028069623877267098 -0.15201843051054401 -0.14576599532110504 -0.06601681988108643 0.051357463675626443 0.016898369736494188 -0.055432669649197609 0.0014632690259065281 -0.093345434134242469 -0.0039818585118867383 -0.021916254469223271 0.0069573540886426182 0.072362422454218353 -0.065501658162264484 0.028684092482023693 0.0049885442199749446 -0.027061341274638995 -0.0033664639746858616 0.046537971622122622 -0.040695163677751528 0.026022860542627042 -0.053675583384990191 -0.071830483075562057 -0.035433527334314339
leaf_weight=396.34776097536087 1674.1389421224594 191.1143199801445 14720.100208282471 211.32822698354721 179.6864098906517 154.55259436368942 146.79380720853806 124.74788045883179 163.73343616724014 108.18034321069717 1191.0241269469261 757.79341435432434 179.41326069831848 364.29027163982391 146.05226755142212 153.32290035486221 171.13269698619843 333.14027655124664 359.4337015748024 145.23442947864532 294.79936987161636 117.1752445101738 125.88712877035141 260.9710265994072 270.88169932365417 190.22304445505142 351.54251313209534 148.33446955680847 101.53602963685989 296.87773942947388
leaf_count=352 1563 198 15612 180 198 147 137 115 136 125 1456 552 145 306 115 86 65 368 192 136 287 76 105 356 297 110 384 145 118 348
internal_value=0.000437109 -0.00171688 0.000548714 -0.00274771 -0.00364787 0 -0.000778263 -0.00256561 -0.00194702 0.000719661 0.000151403 0.000174 0.000307268 -0.000118266 -0.000727209 -0.00195466 0.000790213 -0.000362009 0.000802515 0.000102859 -0.000178106 -0.000819446 -0.00150848 0.00060401 0.000487068 3.72172e-05 -1.08009e-05 -0.000564419 0.000169462 0
internal_weight=24029.8 1142.21 22887.6 745.862 534.534 5373.96 1027.51 271.542 354.848 17513.6 2072.73 4346.45 1964.55 2104.56 663.665 299.375 15440.9 512.554 15269.8 1440.89 683.096 388.297 271.122 1452 2241.9 549.657 755.966 302.887 453.079 567.759
internal_count=24410 1064 23346 712 532 4917 1046 252 334 18429 2450 3871 2325 1663 507 201 15979 513 15914 1156 604 317 241 1812 2208 302 794 292 502 645
is_linear=0
shrinkage=0.0202208


Tree=48
num_leaves=31
num_cat=0
split_feature=27 37 27 39 11 33 27 58 11 27 4 62 31 33 36 58 3 0 17 11 4 3 44 19 11 0 31 36 39 1
split_gain=22.475 6.77802 6.33352 3.35098 4.87358 2.62194 1.2813 0.732062 0.961774 1.90349 0.893304 0.790629 0.506859 0.520436 0.469068 0.915392 0.428343 0.514389 0.401793 1.93607 0.383586 0.37202 0.328137 0.316461 0.333341 0.281602 0.224526 0.223564 0.209627 0.357687
threshold=62.550000000000004 0.43136349999268292 73.450000000000017 1.3904753604967717 0.8977101403255705 0.56499999999999961 78.850000000000009 1008.1500000000002 0.95493138204271821 67.050000000000011 1007.85 0.015000000000000001 72.15000000000002 1.000000000000002 29.958484332194626 1012.0500000000001 0.68950000000000011 6.3550000000000013 30.698723432511038 0.61864848712698517 1004.2500000000001 0.98150000000000015 26.233125000000005 31.319927844721978 0.95989713290459411 2.7250000000000005 77.050000000000011 33.877246051624688 1.5306893169648301 5.5750000000000011
decision_type=2 2 2 2 2 2 2 2 2 2 2 2 2 2 2 2 2 2 2 2 2 2 2 2 2 2 2 2 2 2
left_child=1 -1 5 -3 -5 14 16 -7 9 -9 -11 -10 -8 -14 21 23 17 18 19 -4 -20 -2 -12 24 -16 27 -18 -22 29 -25
right_child=2 3 6 4 -6 7 12 8 11 10 22 -13 13 -15 15 -17 26 -19 20 -21 25 -23 -24 28 -26 -27 -28 -29 -30 -31
leaf_value=-0.0004155564749327074 0.020088555965548271 -0.056164556519926835 -0.073791618550121257 -0.15007386492583855 -0.060024607203947235 -9.0447935125170911e-05 0.00075255905173159446 -0.071285800676635105 0.004613841775348352 0.016006728032750425 -0.039904044450242114 -0.10497094247391844 0.086268348028193997 -0.0049222974932737838 -0.031396835479072412 -0.053064546897352682 0.014396311994331891 0.02839069942191115 -0.087170364802230504 0.009330680763541311 0.051801538665727329 -0.01863733916460342 -0.059347337661300625 0.017753361785613816 0.020206965321733709 0.039580919336219073 0.04688289459391759 -0.05358997335262166 -0.0042337566277704164 -0.015078183634642452
leaf_weight=189.57426565885544 781.56090849637985 133.98750799894333 128.28922444581985 199.8914532661438 111.45776373147964 292.15678828954697 310.20464205741882 187.35091453790665 345.37640601396561 151.61524742841721 129.25495928525925 159.62433499097824 12906.144382894039 146.03906452655792 234.89353120326996 155.13277751207352 1301.5298171639442 555.98698675632477 94.906594336032867 505.76135987043381 201.1327298283577 177.91928774118423 226.74075222015381 804.66307377815247 103.4520251750946 962.81105917692184 2007.1960275173187 137.25041592121124 282.08851039409637 105.79672884941101
leaf_count=154 505 142 109 202 96 279 335 187 295 185 90 138 13920 148 223 163 1276 257 62 355 260 119 235 845 93 976 2189 150 291 131
internal_value=0.000445454 -0.00327682 0.000550764 -0.00462974 -0.00586662 -0.0001496 0.00070579 -0.000838419 -0.00105931 -0.0015727 -0.00069124 -0.000173896 0.000823037 0.000842233 0.000206547 0 0.000424792 0.000177436 0 -0.000391497 0.000217909 0.000562465 -0.00129683 0.000154494 -0.000259614 0.000357928 0.000591244 0 0.000345642 0.000500046
internal_weight=24029.8 634.911 23394.9 445.337 311.349 4137.63 19257.3 1492.12 1199.96 694.962 507.611 505.001 13362.4 13052.2 2645.51 1686.03 5894.86 2586.14 2030.15 634.051 1396.1 959.48 355.996 1530.89 338.346 1301.19 3308.73 338.383 1192.55 910.46
internal_count=24410 594 23816 440 298 3779 20037 1409 1130 697 510 433 14403 14068 2370 1746 5634 2169 1912 464 1448 624 325 1583 316 1386 3465 410 1267 976
is_linear=0
shrinkage=0.0202208


Tree=49
num_leaves=31
num_cat=0
split_feature=28 32 6 57 39 48 28 31 48 0 17 31 21 11 39 11 39 54 55 52 0 0 31 55 39 39 11 29 48 30
split_gain=12.748 8.68378 5.31496 4.44979 2.6079 2.81535 2.13016 1.24111 1.31554 1.14524 1.20417 1.08059 1.00909 1.21909 0.933997 1.58821 0.676837 0.663508 0.606033 0.468169 0.438442 0.424101 0.405178 0.211285 0.208976 0.503018 0.191564 0.169998 0.149846 0.111311
threshold=64.750000000000014 0.49582761514750656 0.60355339059327384 1009.9500000000002 1.4042564054169187 487.85000000000008 72.550000000000011 70.050000000000011 705.85000000000002 5.6950000000000012 32.174706005352846 78.250000000000014 37.342529508858767 -0.62538740722492581 1.6506709776541795 0.87377473702374975 1.4042564054169187 0.35550000000000004 0.083500000000000019 5260.920000000001 2.7550000000000003 1.2250000000000003 68.750000000000014 0.93050000000000022 1.5641716802971695 1.9995595385521068 0.99548449742306455 79.850000000000009 5.4500000000000011 84.350000000000009
decision_type=2 2 2 2 2 2 2 2 2 2 2 2 2 2 2 2 2 2 2 2 2 2 2 2 2 2 2 2 2 2
left_child=1 14 11 12 -3 -6 7 8 -5 10 17 18 20 -14 19 -16 -10 -8 24 -1 29 -13 -22 -19 28 -26 -20 -11 -2 -4
right_child=2 4 3 6 5 -7 9 -9 16 27 -12 21 13 -15 15 -17 -18 23 26 -21 22 -23 -24 -25 25 -27 -28 -29 -30 -31
leaf_value=0.015711495290019174 0.031788348931146244 -0.046412537296543495 0.029582728216134318 -0.0060609247074267843 -0.097527704307246749 -0.1566250478882116 -0.012247948986105442 -0.11585148541629416 -0.011058387932067775 -0.014271902474405717 0.0004235985620220292 -0.002337145550878239 0.0061954933614826058 -0.057649931963339486 -0.093977824013160752 -0.0005832709494594195 -0.063572959597097356 -0.06722002930200055 0.027277532774906625 -0.02897985575191404 -0.013808386883488356 0.089175670751631603 0.035629191339287151 -0.096623527656396799 -0.024455330078093713 -0.002404793207973092 -0.011596392882517641 0.010620571362397699 -0.040495989601914431 -0.038299221054868555
leaf_weight=291.19804632663727 251.60985922813416 102.51234775781631 435.99229389429092 226.21960633993149 93.346994578838348 125.09302562475204 220.73335856199265 118.96623867750168 94.38701343536377 151.40760898590088 465.76980519294739 316.36521142721176 389.20237165689468 181.22356832027435 115.14192521572113 171.87445974349976 131.0355898141861 125.78557753562927 3783.6040685772896 131.76821237802505 226.0803005695343 11655.416664898396 2766.0563430786133 107.70094472169876 132.34406542778015 245.7130509018898 239.85450702905655 405.33841288089752 145.65117430686951 182.3968939781189
leaf_count=232 224 112 518 188 84 133 222 111 108 102 624 382 209 107 106 133 128 144 3388 126 206 12122 3461 116 101 186 165 306 133 233
internal_value=0.000446495 -0.00172883 0.000548099 2.88629e-05 -0.00449361 -0.00583568 -0.000727265 -0.00180095 -0.00101841 -0.000249477 -0.000721992 0.00073566 0.000420395 -0.000271554 -0.000337993 -0.00125748 -0.00209852 -0.00145791 0.000438612 8.68886e-05 0.000554123 0.000847229 0.000655941 -0.00228379 0 -0.000411335 0.00053939 0.000374757 0.000227643 0
internal_weight=24029.8 1030.94 22998.9 6228.3 320.952 218.44 2047.34 570.608 451.642 1476.74 919.99 16770.6 4180.95 570.426 709.983 287.016 225.423 454.22 4798.78 422.966 3610.53 11971.8 2992.14 233.487 775.318 378.057 4023.46 556.746 397.261 618.389
internal_count=24410 926 23484 6783 329 217 2049 535 424 1514 1106 16701 4734 316 597 239 236 482 4197 358 4418 12504 3667 260 644 287 3553 408 357 751
is_linear=0
shrinkage=0.0202208


Tree=50
num_leaves=31
num_cat=0
split_feature=27 32 27 39 21 48 19 38 4 1 27 37 45 45 21 11 38 11 38 3 49 0 64 1 11 0 45 28 21 0
split_gain=20.315 6.99669 6.0443 2.89949 1.85593 1.75273 1.57618 1.56695 1.40155 2.09211 1.14834 0.676371 0.632938 0.769597 0.572787 0.903862 0.540919 0.445949 0.429286 0.361487 0.296403 0.282216 0.27098 0.240719 0.232135 0.221971 0.213031 0.199913 0.182273 0.137855
threshold=62.550000000000004 0.49582761514750656 73.450000000000017 1.4042564054169187 31.234356853620309 229.15000000000001 30.550587197882702 28.117202543619314 1011.6500000000002 0.30500000000000005 78.850000000000009 1.1834676933523947 1.3935876373017682 1.5302923728261857 37.342529508858767 -0.62538740722492581 36.306693703359528 0.99370977118463066 29.194377227761937 0.052500000000000005 499.75000000000006 4.8650000000000011 -1.8593554654621884 5.5750000000000011 -0.98518361333263327 5.2150000000000007 1.8643170519906682 81.050000000000011 30.650591580784326 3.3750000000000004
decision_type=2 2 2 2 2 2 2 2 2 2 2 2 2 2 2 2 2 2 2 2 2 2 2 2 2 2 2 2 2 2
left_child=1 28 5 -3 -5 12 7 11 9 18 14 -7 -2 -14 17 -16 23 19 -9 22 -12 -22 -4 -8 -21 -19 -15 29 -1 -26
right_child=2 3 10 4 -6 6 16 8 -10 -11 20 -13 13 26 15 -17 -18 25 -20 24 21 -23 -24 -25 27 -27 -28 -29 -30 -31
leaf_value=0.0026842141231898709 0.018541252155635877 -0.05480525199273438 -0.075794212385937448 -0.1546626958543374 -0.14387215472001919 -0.07187094534881204 0.018607943593859283 -0.10148909606887388 -0.010119077856490057 -0.026654661061181195 0.087253473097714584 0.00012735573655214583 -0.039632756257955593 0.019133550735081811 0.029819350791615479 -0.055073663481268249 -0.023595204587254653 -0.1095423999979438 -0.08815275434280076 -0.0096198646135275713 0.00071305477292624999 0.049911529476968891 0.019162294935387986 -0.064564619769966095 0.026965251258151451 0.044951066774557569 -0.01896807696939885 0.00018281889561064975 -0.11766414177653917 0.039373583653812078
leaf_weight=143.90839505195618 1293.2053437829018 119.92805910110474 135.17450147867203 132.17785781621933 112.05214756727219 173.40429663658142 698.25858867168427 93.618042588233948 172.829216837883 124.43215191364288 12291.580581665039 340.19829261302948 186.95749068260193 346.33802860975266 383.52733892202377 181.07576429843903 244.01375377178192 132.62185484170914 193.48382049798965 179.88328129053116 604.66016960144043 466.14733821153641 326.02994912862778 87.705298483371735 1381.5808548927307 142.81531494855881 183.18192082643509 268.82395613193512 126.84453111886978 2763.3313990831375
leaf_count=113 1166 133 72 111 125 111 847 101 157 132 13053 261 150 245 210 87 143 109 223 239 749 601 295 112 1607 83 131 279 112 2653
internal_value=0.000449543 -0.00308742 0.000549791 -0.0049255 -0.00632122 -0.000133704 -0.000551613 -0.00108327 -0.00181144 -0.00245456 0.000701191 -7.79523e-05 0.000265534 -0.000123313 0.000432202 -5.43749e-05 0 0.00050016 -0.00339676 0.000547438 0.000813138 0.000329598 0 0.000275568 0.000601581 -4.95443e-05 0.000130233 0.000630968 -0.000260471 0.000666046
internal_weight=24029.8 634.911 23394.9 364.158 244.23 4137.63 2127.94 1097.97 584.363 411.534 19257.3 513.603 2009.68 716.477 5894.86 564.603 1029.98 5330.26 287.102 5054.82 13362.4 1070.81 461.204 785.964 4593.62 275.437 529.52 4413.74 270.753 4144.91
internal_count=24410 594 23816 369 236 3779 2087 985 613 456 20037 372 1692 526 5634 297 1102 5337 324 5145 14403 1350 367 959 4778 192 376 4539 225 4260
is_linear=0
shrinkage=0.0202208


Tree=51
num_leaves=31
num_cat=0
split_feature=31 46 49 58 52 46 38 10 28 18 51 46 17 4 10 38 61 38 17 32 30 10 25 38 7 59 52 61 49 4
split_gain=10.8382 7.77619 2.36992 2.28076 2.1839 2.45495 3.71256 1.72805 1.39129 1.33193 1.32273 1.10148 1.78474 0.952594 0.782211 1.18708 0.501057 0.703448 0.623371 0.61744 0.65323 0.468613 0.665632 0.410634 0.356265 0.348158 0.321257 0.317286 0.205741 0.180622
threshold=71.250000000000014 1667.6440000000005 545.05000000000007 1011.7500000000001 13204.115500000002 2004.6005000000002 28.847453104074059 0.49002412863433359 75.450000000000017 32.132149890985481 344.89166666666682 2162.7920000000004 26.868721632859245 1013.0500000000001 0.7775899462189082 35.507542325109448 0.15500000000000003 29.015395574497518 27.958223031679143 -0.90205273638424177 69.850000000000009 0.2843565540399125 27.115000000000006 29.773102776863723 -0.9159756150367534 4.9750000000000005 868.80100000000016 10.950000000000001 899.75000000000011 1012.1500000000002
decision_type=2 2 2 2 2 2 2 2 2 2 2 2 2 2 2 2 2 2 2 2 2 2 2 2 2 2 2 2 2 2
left_child=1 7 11 14 21 6 -6 -1 -5 10 -8 12 25 -13 23 -16 17 26 -19 20 -20 -3 24 -4 -23 -2 -14 29 -25 -18
right_child=2 4 3 8 5 -7 9 -9 -10 -11 -12 13 16 -15 15 -17 27 18 19 -21 -22 22 -24 28 -26 -27 -28 -29 -30 -31
leaf_value=-0.11112522878534664 -0.0029175516872672605 0.016133875390782697 -0.054666723916071136 -0.11317918842903332 -0.0061116732643451167 0.0003055105209884291 -0.047355613785754064 -0.15916779328168196 -0.0019452209525600791 -0.0074143770204537652 -0.078001771179463136 0.080215365010614242 0.015676379567887436 -0.061777235602311679 0.022815380666587757 -0.054737386620838491 0.033705134096353735 -0.058798256119363575 -0.038849517893212913 0.012086228253341214 -0.010845163544999684 -0.038611891099233804 0.0058285724549781721 0.028000170822217726 -0.050827700812704185 0.049644584000854551 -0.017573145030559678 -0.022102866253624787 -0.014743289497898104 -0.017899045202418622
leaf_weight=163.64708524942398 242.19832134246826 704.82364064455032 76.948101222515106 136.60330790281296 375.39905786514282 675.9700540304184 100.91739624738693 129.86640125513077 95.965331315994263 98.380634129047394 227.91413408517838 12628.611911535263 485.68626922369003 83.76948869228363 254.79677850008011 221.26236438751221 1032.0840709209442 141.2770140171051 119.43569177389145 521.4885373711586 116.04508525133133 124.63021516799927 592.69807195663452 1788.2509804368019 155.52025878429413 2301.5891872048378 113.08796745538712 125.91327780485153 82.876758456230164 112.13214683532715
leaf_count=104 125 653 86 142 297 664 108 119 107 118 262 14613 368 78 342 134 1069 92 91 521 105 117 500 2132 135 933 93 135 79 88
internal_value=0.000451634 -0.000601603 0.000626556 2.74933e-05 -0.000266432 -0.000836767 -0.00159101 -0.0037463 -0.00182695 -0.0028731 -0.00351147 0.000709977 0.000428432 0.00082054 0.000244215 -0.000397263 3.88494e-05 -0.000174078 -0.000566409 -0.000197086 -0.00108332 0.000213494 -8.04645e-06 0.00044633 -0.000897747 0.000817121 0.000269068 0.000358291 0.000533944 0.000499578
internal_weight=24029.8 3349.77 20680 2656.7 3056.25 1478.58 802.611 293.513 232.569 427.212 328.832 18023.3 5310.94 12712.4 2424.13 476.059 2767.15 1497.02 898.246 756.969 235.481 1577.67 872.849 1948.08 280.15 2543.79 598.774 1270.13 1871.13 1144.22
internal_count=24410 3077 21333 3022 2854 1449 785 223 249 488 370 18311 3620 14691 2773 476 2562 1270 809 717 196 1405 752 2297 252 1058 461 1292 2211 1157
is_linear=0
shrinkage=0.0202208


Tree=52
num_leaves=31
num_cat=0
split_feature=33 10 58 50 31 58 18 0 11 10 39 38 49 10 11 4 44 60 10 45 4 11 3 60 44 60 10 39 40 44
split_gain=10.4286 7.9478 6.80263 3.44844 3.41847 1.29152 2.14102 1.24722 1.67851 1.16094 1.47716 2.91484 1.06635 1.22838 0.864492 0.73718 0.695328 0.82154 1.47357 1.23884 0.617502 0.578895 0.490568 0.737809 0.38653 0.42251 0.349472 0.297651 0.279905 0.241423
threshold=0.98499999999999954 0.2843565540399125 1008.6500000000002 96.850000000000009 77.350000000000009 1010.6500000000002 30.130376855683391 4.7950000000000008 0.98367285631203072 0.7775899462189082 0.8343436840505537 36.128037107335714 448.00000000000006 0.63874350706337069 0.46735921715800216 1007.35 28.500208333333337 2.6350000000000002 1.0000000180025095e-35 0.80666865037470714 1004.9500000000002 0.10738134666416309 0.052500000000000005 2.8450000000000002 25.736041666666669 5.9150000000000009 0.74409704927257569 0.38804280854142476 28.568333333333335 28.191458333333337
decision_type=2 2 2 2 2 2 2 2 2 2 2 2 2 2 2 2 2 2 2 2 2 2 2 2 2 2 2 2 2 2
left_child=4 7 -3 26 5 9 24 8 -2 27 -11 29 22 21 -8 20 17 -16 -19 -20 -15 -14 23 -6 25 -7 -4 -1 -23 -12
right_child=1 2 3 -5 12 6 14 -9 -10 10 11 -13 13 15 16 -17 -18 18 19 -21 -22 28 -24 -25 -26 -27 -28 -29 -30 -31
leaf_value=-0.013735066455574471 0.00033449666409630794 0.019543442088585126 -0.060304540175105087 -0.14373046681343876 -0.021743829481502951 -0.059787448706832495 0.0187826415913919 0.010799037760500518 -0.11003894437465063 0.037462769673686711 0.034269701235709937 -0.11516220808551139 0.068100810141092302 -0.074105745692332484 -0.0059269707423958403 -0.072070003907731495 0.016780586414056133 -0.02619073669432298 -0.0057222940421874447 -0.11125624964571626 0.031788581072282732 -0.032944574070629562 0.08106547346975336 0.052153086720495657 0.0087426821659711933 -0.014119613006235118 -0.0075489612612890389 0.016928757861013079 0.023372625945915604 -0.033799752214642279
leaf_weight=105.09083306789398 285.10119253396988 188.66704165935516 168.25700205564499 194.40724432468414 143.50088113546371 170.89636570215225 122.76632124185562 777.52095746994019 166.30590236186981 605.57413291931152 140.05684870481491 88.432012021541595 1098.9089214801788 127.75566786527634 187.98239582777023 87.95656806230545 81.743071794509888 89.359762072563171 96.289975523948669 202.49012994766235 211.90013945102692 137.40864896774292 12636.678136348724 540.15483844280243 703.67992120981216 224.39149522781372 116.30705088376999 3908.2185432910919 151.68122524023056 270.30631422996521
leaf_count=94 336 179 153 212 131 116 146 651 154 481 143 66 1367 114 209 107 106 98 114 214 231 177 13444 350 471 105 114 3801 199 327
internal_value=0.000455712 -0.000964704 -0.00273342 -0.00401813 0.000581536 0.000194647 -0.000230435 0 -0.0008391 0.000367924 -0.000153293 -0.00101991 0.000754509 0.000223584 -0.00106312 -0.000630004 -0.0013689 -0.0016211 -0.0021781 -0.00285196 0 0.000550526 0.000820215 0.000122295 0.000283392 -4.26259e-05 -0.00205999 0.000533158 0 -6.579e-05
internal_weight=24029.8 1896.57 667.638 478.971 22133.2 6997.28 1879.6 1228.93 451.407 5117.68 1104.37 498.795 15135.9 1815.61 780.632 427.612 657.865 576.122 388.14 298.78 339.656 1388 13320.3 683.656 1098.97 395.288 284.564 4013.31 289.09 410.363
internal_count=24410 1799 658 479 22611 6491 1579 1141 490 4912 1017 536 16120 2195 887 452 741 635 426 328 345 1743 13925 481 692 221 267 3895 376 470
is_linear=0
shrinkage=0.0202208


Tree=53
num_leaves=31
num_cat=0
split_feature=27 27 60 12 52 12 31 60 11 27 55 0 31 62 45 60 35 12 49 31 60 0 64 44 45 57 44 45 60 23
split_gain=16.4769 6.36032 5.45888 3.32066 2.01682 2.79473 2.13159 3.24848 1.92538 1.18811 0.581025 0.626591 0.739682 0.578993 0.576772 1.28926 1.33436 0.572607 0.794647 0.82631 0.754818 0.395099 0.345578 0.290943 0.471581 0.275746 0.658189 0.956178 0.21906 0.679666
threshold=60.750000000000007 73.450000000000017 2.3750000000000004 2.5000000000000004 5944.5060000000003 2.5000000000000004 68.950000000000017 3.9450000000000007 0.87377473702374975 78.850000000000009 0.083500000000000019 4.4050000000000011 74.950000000000017 6.0150000000000006 1.3935876373017682 3.9650000000000003 0.22276273962512183 4.5000000000000009 46.250000000000007 75.250000000000014 2.6350000000000002 2.9350000000000005 -6.2525628418896728 26.75458333333334 1.1769075981179677 1009.0500000000001 27.088541666666671 0.66634562002242093 5.3950000000000005 27.575000000000003
decision_type=2 2 2 2 2 2 2 2 2 2 2 2 2 2 2 2 2 2 2 2 2 2 2 2 2 2 2 2 2 2
left_child=2 4 -1 8 14 6 23 -8 -4 10 11 12 -3 25 -2 16 -16 18 20 -20 21 -11 -19 -6 -25 -7 -27 -28 29 -12
right_child=1 9 3 -5 5 13 7 -9 -10 17 28 -13 -14 -15 15 -17 -18 22 19 -21 -22 -23 -24 24 -26 26 27 -29 -30 -31
leaf_value=0.01358083546660504 0.015750481319443441 0.00015757078127402621 -0.17366222828775332 -0.037062560766316963 0.0018253808854650233 0.013623390339964821 -0.010215916438242566 -0.095813284867606652 -0.08126455010236143 0.030647728102391671 -0.02317589290430375 0.028831061277495022 -0.048834637165477826 -0.038727678562777201 0.0032554697918996613 0.017266855759141213 -0.064901282967338644 -0.0012288448991486325 -0.089808314275244258 0.008399641153576394 0.094348489835146293 -0.064816413210830356 0.087003842991361574 -0.016660349766970606 -0.10318815983653143 0.0033471838577693977 0.0031450597211067598 -0.049923645852582445 0.033717831504540843 0.02994699144288502
leaf_weight=108.23952305316925 1297.7968522906303 170.04723125696182 101.6475812792778 103.88704842329025 137.88745719194412 702.4431077837944 106.32204705476761 139.58040344715118 93.522839903831482 327.03562813997269 630.88142961263657 263.03386384248734 180.6468271613121 116.86598384380341 137.51392954587936 403.6220360994339 204.27911132574081 109.43179738521576 122.36885583400726 432.22768968343735 1879.5565946698189 109.34039497375488 10382.427128791809 214.49391865730286 105.58247148990631 397.28723901510239 144.45293378829956 257.11275237798691 1842.9838115572929 2807.2710515856743
leaf_count=108 1155 150 112 84 99 721 125 108 99 338 479 166 152 134 113 268 165 84 139 520 1773 94 11455 258 111 304 137 272 1629 3058
internal_value=0.000455264 0.000528272 -0.00352976 -0.00492671 -0.000152251 -0.000572464 -0.00163856 -0.00323937 -0.00658267 0.000687079 0.000415061 -5.84099e-05 -0.000730817 -5.18283e-05 0.000282719 -6.88089e-05 -0.00107349 0.000800368 0.000473024 -8.61747e-05 0.000644596 0 0.000881369 -0.00056864 -0.000909913 0 -0.00019324 -0.000827318 0.000486654 0.000336775
internal_weight=24029.8 23622.5 407.297 299.057 4365.24 2322.03 703.866 245.902 195.17 19257.3 5894.86 613.728 350.694 1618.16 2043.21 745.415 341.793 13362.4 2870.53 554.597 2315.93 436.376 10491.9 457.964 320.076 1501.3 798.853 401.566 5281.14 3438.15
internal_count=24410 24007 403 295 3970 2269 701 233 211 20037 5634 468 302 1568 1701 546 278 14403 2864 659 2205 432 11539 468 369 1434 713 409 5166 3537
is_linear=0
shrinkage=0.0202208


Tree=54
num_leaves=31
num_cat=0
split_feature=27 27 43 6 10 39 57 10 49 58 21 46 21 53 39 21 53 27 40 21 39 43 10 0 31 58 0 58 0 47
split_gain=15.0591 5.86876 4.27263 2.14965 1.66376 2.15839 1.43372 2.41195 1.74406 1.19133 1.43667 0.974828 1.79482 0.718259 0.537423 0.786723 1.133 0.472073 0.467956 1.34428 0.407633 0.394308 0.373087 1.32053 0.356189 0.353604 0.269958 0.265669 0.216557 0.188277
threshold=60.750000000000007 69.750000000000014 1.1746587655298601 0.37940952255126054 -0.04732095011389225 2.6675932315169182 1010.0500000000001 0.26781182513105634 287.15000000000003 1010.9500000000002 31.109339551997923 2316.6455000000005 37.342529508858767 0.31850000000000006 1.2342498513662084 30.296030332370922 0.80650000000000011 78.15000000000002 27.985000000000003 31.634491683468855 0.4686283516319949 0.37804981982986247 -0.84293373149377071 4.7950000000000008 72.850000000000009 1010.85 1.2250000000000003 1011.5500000000001 1.2250000000000003 29.745000000000001
decision_type=2 2 2 2 2 2 2 2 2 2 2 2 2 2 2 2 2 2 2 2 2 2 2 2 2 2 2 2 2 2
left_child=2 6 9 17 25 11 14 -8 21 -1 -11 12 18 -10 -2 -16 -17 22 19 -6 -20 -9 23 -3 -13 -5 -19 29 -24 -22
right_child=1 3 -4 4 5 -7 7 8 13 10 -12 24 -14 -15 15 16 -18 26 20 -21 27 -23 28 -25 -26 -27 -28 -29 -30 -31
leaf_value=-0.0082910892432930174 0.013851274078714271 0.071011149776363053 -0.14492615252775448 0.040852438864652063 0.0052042853920348164 -0.15457620157890287 -0.0002436596420444695 -0.003003054083851547 -0.064682731629849319 -0.012728330469819395 -0.13386849019762359 -0.028094779154963417 -0.045565507771335077 -0.10029481597406815 0.0069015488703303186 -5.8287938643263531e-05 -0.04928166591686195 -0.0036003622559525146 -0.015350901719152611 -0.077633636350049731 0.027197745376359717 -0.035289265084891067 -0.0042088926489813128 -0.092079871614418177 0.052705414605401804 4.2633563579610914e-05 0.092801933273873233 -0.034304874403883211 0.02886431470779165 -0.01582502187572658
leaf_weight=105.17593741416931 491.29150897264481 262.3862481713295 94.506571352481842 3053.2245537638664 431.10310465097427 161.08041250705719 579.88115245103836 136.90835285186768 145.76402431726456 123.17142897844315 84.443054914474487 110.40692019462585 204.27896171808243 120.01401805877686 238.62806051969528 166.39936804771423 94.71537059545517 178.89472913742065 146.88291347026825 133.88246482610703 1017.9163781404495 228.65051394701004 182.01361513137817 83.20291143655777 902.67130714654922 505.76228189468384 10838.285758674145 90.72803783416748 3041.2456853985786 76.273894548416138
leaf_count=90 444 325 102 3871 367 116 480 95 156 109 102 98 123 121 190 197 97 208 167 159 1218 164 214 73 780 457 11187 126 2493 81
internal_value=0.000460975 0.000530885 -0.00334615 0.000634779 0.000316392 0 -0.000439265 -0.000911347 -0.0017722 -0.00177519 -0.00264927 0.000106592 -0.000107212 -0.00310381 5.10642e-05 -0.000308647 -0.00115431 0.000777827 4.37615e-05 -0.000380928 0.000290084 -0.000543782 0.000507059 0 0.000634762 0.00061891 0.000857375 0.000456943 0.000576116 0.00057005
internal_weight=24029.8 23622.5 407.297 21420.2 6834.21 3275.22 2202.25 1211.22 631.337 312.79 207.614 3114.14 2101.07 265.778 991.034 499.743 261.115 14586 1896.79 564.986 1331.8 365.559 3568.85 345.589 1013.08 3558.99 11017.2 1184.92 3223.26 1094.19
internal_count=24410 24007 403 22063 7563 3235 1944 1016 536 301 211 3119 2241 277 928 484 294 14500 2118 526 1592 259 3105 398 878 4328 11395 1425 2707 1299
is_linear=0
shrinkage=0.0202208


Tree=55
num_leaves=31
num_cat=0
split_feature=27 27 32 27 37 45 20 21 29 55 10 30 39 55 10 3 61 10 21 33 21 10 10 55 10 10 6 22 30 45
split_gain=13.47 4.43425 3.09712 2.99419 1.35612 1.35169 1.08797 2.37152 1.03121 0.755736 0.660645 0.860321 0.93895 1.8682 0.512812 0.616744 0.456304 0.512371 0.513492 0.454698 0.417932 0.402424 0.354408 0.298407 0.373948 0.996467 0.576614 0.370294 0.298251 0.294745
threshold=67.050000000000011 59.350000000000001 0.49582761514750656 78.850000000000009 0.56898326638662289 1.4595107480092253 31.152372689047027 30.78992251264955 87.450000000000017 0.17550000000000002 -0.10738035228456493 84.350000000000009 1.5641716802971695 0.10150000000000002 0.13301347478292308 0.9255000000000001 5.5750000000000011 0.39753913293121995 37.472132586141278 1.000000000000002 31.154668155419277 0.7775899462189082 0.36571913681022045 0.019500000000000003 0.63209755774300602 0.65189295912203338 0.25881904510252091 27.915000000000003 88.550000000000011 1.5738692167425685
decision_type=2 2 2 2 2 2 2 2 2 2 2 2 2 2 2 2 2 2 2 2 2 2 2 2 2 2 2 2 2 2
left_child=1 2 -1 8 -3 -4 7 22 10 -9 -2 12 16 -14 -13 -16 17 -12 -19 23 29 -18 -6 -5 28 -26 -27 -28 -25 -15
right_child=3 4 5 19 6 -7 -8 9 -10 -11 11 14 13 20 15 -17 21 18 -20 -21 -22 -23 -24 24 25 26 27 -29 -30 -31
leaf_value=-0.032041973032922742 0.023510391025097496 -0.00020881421018135318 -0.066332077029495964 0.01908151966103094 -0.0026343018652355177 -0.13668454474651959 0.0022041548169322361 -0.034867427150316099 -0.16794912128994383 -0.093095262525266717 0.00023638588091826808 0.016667630862334481 -0.03343441717356254 -0.012616348289851285 -0.064867658153479071 0.0094409244609800821 0.013683914203084232 0.04731794166780981 -0.00011620594690997502 -0.0068933163012315753 -0.028099047916884036 -0.035092271151425845 -0.046267544772858292 0.080733274053266191 -0.061733053461612272 0.099789534393278367 -0.073221155626786702 0.021771927577889819 0.010270830496429422 0.024242823263369562
leaf_weight=104.95194804668427 3342.3107994794846 570.56137508153915 84.440243124961853 258.99741840362549 275.96818149089813 86.651691496372223 130.58992624282837 92.341954469680786 96.6764857172966 143.75024849176407 904.55639111995697 135.33086216449738 205.94560641050339 396.84542775154114 214.54074788093567 102.83205515146255 342.84661620855331 1871.8809025287628 512.35242170095444 154.21536296606064 199.6848236322403 115.93117600679398 126.40810185670853 9980.1157952547073 140.62341499328613 2106.4321505427361 115.29657554626465 404.31395488977432 202.39341688156128 610.00346553325653
leaf_count=97 3507 474 100 182 208 89 110 106 104 162 912 146 162 269 257 114 387 1829 244 157 175 120 106 11047 141 2057 127 414 278 329
internal_value=0.000463576 -0.00130058 -0.00369987 0.000594859 -0.00073137 -0.00539651 -0.00128332 -0.00163524 0.000295009 -0.00330073 0.000325955 0.000168664 0.000255192 -0.000144278 -0.000619431 -0.00109435 0.000429089 0.000516165 0.000674578 0.000791276 9.37412e-05 -4.98819e-06 -0.00041944 0.000804673 0.000818452 0.000520506 0.000630294 0 0.000890572 0.000322356
internal_weight=24029.8 1615.66 276.044 22414.1 1339.62 171.092 769.058 638.468 9051.74 236.092 8955.06 5612.75 5160.05 1412.48 452.704 317.373 3747.57 3288.79 2384.23 13362.4 1206.53 458.778 402.376 13208.2 12949.2 2766.67 2626.04 519.611 10182.5 1006.85
internal_count=24410 1452 286 22958 1166 189 692 582 8555 268 8451 4944 4427 935 517 371 3492 2985 2073 14403 773 507 314 14246 14064 2739 2598 541 11325 598
is_linear=0
shrinkage=0.0202208


Tree=56
num_leaves=31
num_cat=0
split_feature=27 27 60 27 39 10 49 50 51 11 60 31 63 38 38 10 33 58 18 33 58 61 63 11 3 63 10 11 11 37
split_gain=13.071 5.33605 4.84823 2.15335 1.53367 2.34023 2.64558 1.3782 0.742153 0.736687 1.85922 0.621629 0.601906 0.53567 1.09138 0.488608 0.48304 0.351234 0.945755 0.573224 0.540206 0.344852 0.311116 1.18696 1.5613 0.585642 0.291183 0.295159 0.27464 0.279089
threshold=68.950000000000017 59.95000000000001 2.7550000000000003 78.850000000000009 1.2279382065525881 0.36571913681022045 163.85000000000005 617.85000000000002 768.13333333333355 0.99548449742306455 4.285000000000001 72.15000000000002 35.262123234451231 28.94140621740252 31.082615851543952 0.49002412863433359 1.000000000000002 1010.85 29.834041546918311 0.56499999999999961 1011.7500000000001 1.1950000000000001 31.168304153573498 0.59123954401714218 0.43550000000000005 28.65338645052012 0.99762106698677389 -0.98518361333263327 0.8977101403255705 0.40685717119348624
decision_type=2 2 2 2 2 2 2 2 2 2 2 2 2 2 2 2 2 2 2 2 2 2 2 2 2 2 2 2 2 2
left_child=1 2 -1 8 28 13 -7 -8 9 17 -11 -5 -10 -6 -15 -4 -13 22 19 -19 -20 -22 23 24 -2 -25 27 -24 -3 -30
right_child=3 4 15 11 5 6 7 -9 12 10 -12 16 -14 14 -16 -17 -18 18 20 -21 21 -23 26 25 -26 -27 -28 -29 29 -31
leaf_value=-0.0072105524221928096 -0.087958057696246636 0.0087724417636032212 -0.053980659172370681 -0.0045109026535868953 0.0019590117097331998 -0.026109499972142972 -0.095210356511252717 -0.076514332296680546 0.018246787254169405 -0.10669786740538974 0.043255032469566024 0.075055776976349603 -0.043201480736568161 -0.045951977497210077 0.02786264262479262 -0.14187500550363435 -0.00652127535169756 0.028184659521223406 -0.0013821528953564006 -0.0045679992114830937 -0.020478539828919531 -0.054824074146617018 -0.0037908619906441973 0.025869780024941946 0.025267030364508555 0.00027382040358473115 -0.014368268071566334 0.038485978612122947 0.00014051598087686114 -0.024243578555467302
leaf_weight=119.43087047338486 104.77548968791962 448.14808809757233 99.099356651306152 310.20464205741882 485.5494978427887 250.88781267404556 142.11025214195251 111.19759404659271 100.84676671028137 190.39789360761642 229.13889253139496 12906.144382894039 95.521827042102814 115.90362823009491 84.811534285545349 119.3450807929039 146.03906452655792 785.05544596910477 264.75813698768616 277.36949008703232 134.82381576299667 74.101706743240356 239.77336007356644 820.27767032384872 115.09932422637939 868.16430228948593 104.89552366733551 4003.9765922427177 129.83559727668762 152.1059011220932
leaf_count=125 93 384 92 335 364 179 147 115 122 163 166 13920 64 118 115 124 148 428 307 189 162 85 317 502 121 843 127 4285 117 153
internal_value=0.00046016 -0.000988121 -0.00336616 0.000614573 -0.00051807 -0.000974768 -0.00202725 -0.00350638 0.000341804 0.000378589 -0.000335723 0.000779521 -0.000736316 -6.73179e-05 -0.00101517 -0.00513063 0.000800973 0.000428428 7.96546e-05 0.000462814 -0.000593084 -0.00135136 0.000499961 0.000206508 -0.00107366 0.00042712 0.000608308 0.000638126 0.000108599 -0.000195124
internal_weight=24029.8 2258.43 337.875 21771.4 1920.55 1190.46 504.196 253.308 8408.98 8212.61 419.537 13362.4 196.369 686.265 200.715 218.444 13052.2 7793.07 1536.11 1062.42 473.684 208.926 6256.96 1908.32 219.875 1688.44 4348.65 4243.75 730.09 281.941
internal_count=24410 2033 341 22377 1692 1038 441 262 7974 7788 329 14403 186 597 233 216 14068 7459 1171 617 554 247 6288 1559 214 1345 4729 4602 654 270
is_linear=0
shrinkage=0.0202208


Tree=57
num_leaves=31
num_cat=0
split_feature=31 46 49 58 0 58 10 48 31 57 38 60 10 21 38 0 10 39 49 58 10 10 10 57 28 61 10 28 48 26
split_gain=7.90439 6.23983 2.30211 2.04665 1.72804 1.61154 2.6264 1.34509 1.19395 1.10424 2.61336 1.01448 0.812568 1.8862 0.908906 0.521803 0.498792 0.665654 0.488483 1.17399 1.07791 0.402238 0.326463 0.266129 0.250376 0.244552 0.225421 0.222469 0.207446 0.205497
threshold=71.250000000000014 1694.1935000000003 439.85000000000008 1011.7500000000001 4.1050000000000013 1011.0500000000001 0.41327478071396911 733.25000000000011 78.350000000000009 1010.6500000000002 28.248336223931258 4.0250000000000012 0.7775899462189082 37.6070552464233 29.251758091772135 1.3050000000000004 0.26781182513105634 2.2664161796670981 30.050000000000004 1008.85 0.38168568572378603 0.33346569090932193 0.69016699705532247 1014.5500000000001 81.550000000000011 5.2950000000000008 0.74981945761428193 79.850000000000009 570.05000000000007 28.335000000000004
decision_type=2 2 2 2 2 2 2 2 2 2 2 2 2 2 2 2 2 2 2 2 2 2 2 2 2 2 2 2 2 2
left_child=1 5 8 12 -5 -1 -7 16 18 -9 -11 -12 14 25 -4 -10 28 21 27 26 24 -18 -23 -17 -21 -14 -20 -2 -3 -16
right_child=2 7 3 4 -6 6 -8 9 15 10 11 -13 13 -15 29 23 17 -19 19 20 -22 22 -24 -25 -26 -27 -28 -29 -30 -31
leaf_value=-0.022964140807953434 0.010167073290981588 0.020691987128457281 -0.05588218785896485 -0.097428053731056258 -0.054542716631984171 -0.017788058702832576 -0.13105183614033597 -7.9358838955917536e-05 -0.003226861995524691 0.012248157585240104 -0.035619724881250682 -0.085017880023159687 0.017963104579181047 -0.056685005225514389 0.0036105521954774844 0.076082421002288222 -0.043707185573394335 -0.044540792756417869 0.035669784133027439 0.0035707503278876512 -0.072783018657827603 0.024353292871070832 -0.0054520207729938149 -0.021194891915341525 -0.0063894096742729807 -0.085920851352010177 -0.0043404631553394177 0.069183833823546814 -0.00011162633907237492 0.037117667705119241
leaf_weight=122.81127119064331 1931.9926104545593 765.90328735113144 100.4511353969574 130.26098346710205 159.52415233850479 121.89462238550186 137.77207869291306 300.92268288135529 351.89376705884933 134.72673243284225 93.084043562412262 147.21832150220871 435.78741872310638 110.24920159578323 449.76475811004639 11928.365229189396 161.86959677934647 173.62802416086197 864.69134145975113 312.38399177789688 109.65946346521378 491.45271569490433 433.83156275749207 105.2139641046524 107.25650459527969 76.948670387268066 302.61252617835999 1044.5882332921028 264.6520100235939 2158.3786400556564
leaf_count=81 1487 737 101 165 139 85 126 265 424 106 118 165 474 51 624 12620 136 149 976 264 123 441 408 34 94 89 259 931 260 2478
internal_value=0.00045209 -0.000443809 0.0006015 0.000108943 -0.00146437 -0.00286981 -0.00381614 -9.81518e-05 0.000700882 -0.000903079 -0.00162912 -0.00291362 0.000273652 -0.000305273 0.000439343 0.000811977 0.000102329 -0.000114751 0.000387274 5.23822e-05 -0.000671532 0 0.00023501 0.000834448 0 5.54634e-05 0.000456573 0.00054845 0.000451952 0.000536579
internal_weight=24029.8 3349.77 20680 3621.36 289.785 382.478 259.667 2967.29 17058.7 675.952 375.029 240.302 3331.58 622.985 2708.59 12385.5 2291.34 1260.78 4673.18 1696.6 529.3 1087.15 925.284 12033.6 419.64 512.736 1167.3 2976.58 1030.56 2608.14
internal_count=24410 3077 21333 4121 304 292 211 2785 17212 654 389 283 3817 614 3203 13078 2131 1134 4134 1716 481 985 849 12654 358 563 1235 2418 997 3102
is_linear=0
shrinkage=0.0202208


Tree=58
num_leaves=31
num_cat=0
split_feature=27 45 2 27 38 27 38 2 11 42 58 50 53 43 25 25 63 56 56 23 25 47 11 26 2 31 11 56 53 34
split_gain=12.1655 5.49299 2.73674 2.32709 2.1715 1.3471 1.47925 0.715622 0.700425 1.89765 0.56741 1.28766 0.696335 0.49849 0.486602 1.00834 0.718024 0.443113 0.437215 0.799918 0.410167 0.634335 1.30331 0.453075 0.321429 0.294229 0.291175 0.28871 0.35745 0.214287
threshold=68.950000000000017 2.3385651590994487 50.550000000000004 77.850000000000009 31.082615851543952 59.95000000000001 28.117202543619314 223.95000000000002 0.91925191855388755 26.865833333333335 1007.7500000000001 127.95000000000002 0.052500000000000005 0.37065932213419556 28.925000000000004 30.025000000000002 35.344197365515747 1010.0500000000001 1012.4500000000002 28.615000000000006 27.525000000000002 26.675000000000004 0.82873938879806197 29.875000000000004 548.95000000000016 74.350000000000009 0.99548449742306455 1012.85 0.98850000000000005 31.033818021210902
decision_type=2 2 2 2 2 2 2 2 2 2 2 2 2 2 2 2 2 2 2 2 2 2 2 2 2 2 2 2 2 2
left_child=1 2 29 7 5 -4 -7 26 13 -10 -5 12 17 14 -9 16 -16 -12 19 -8 21 22 -13 -22 25 -14 -2 28 -15 -1
right_child=3 -3 4 10 -6 6 18 8 9 -11 11 20 24 27 15 -17 -18 -19 -20 -21 23 -23 -24 -25 -26 -27 -28 -29 -30 -31
leaf_value=0.004223356268667636 0.024091187913797173 -0.15264925442002378 -0.071429825730943974 0.07797525470605679 -0.0013760365784582509 -0.0024051504500785304 -0.057327472021352112 0.010512248116867091 0.00049161495242003338 -0.095457976466637159 -0.011990455225964553 -0.046494585665559057 -0.013501734503015053 0.037206337819849604 -0.0050648411948640577 0.026604805874880323 -0.041664639696056278 0.042177734058906589 -0.017795816611901334 -0.013610532768399358 0.034589283632071297 0.007166391497369127 0.095404742386446653 -0.089171522348892016 0.0036341761010733765 0.075842651469430949 -0.030098510369455402 -0.0092017175570845624 -0.016435234044193846 -0.010890014083420765
leaf_weight=557.83596593141556 3530.5694506764412 120.05232548713684 202.04002976417542 8356.3938908576965 477.07836252450943 294.86693400144577 171.15340662002563 804.63896507024765 444.03414916992188 164.02370142936707 134.23336052894592 149.05457651615143 243.15313303470612 978.64120316505432 215.98523551225662 171.58030587434769 212.39573401212692 284.59805232286453 108.08497142791748 79.162999451160431 651.61299359798431 255.43733334541321 86.036485493183136 85.531320035457611 382.547667324543 4144.9998026490211 221.79841923713684 138.59467685222626 115.50387072563171 248.15021842718124
leaf_count=406 3258 88 217 9928 466 217 184 951 306 181 107 189 214 1012 204 90 157 198 104 97 832 316 78 87 420 3428 179 97 145 254
internal_value=0.000450055 -0.000946486 -0.000657903 0.000599094 -0.00122943 -0.00183952 -0.00116542 0.000274841 2.53512e-05 -0.000556743 0.00074664 0.00056134 0.000700688 0.000193355 -9.45477e-06 -0.00049786 -0.00109657 0 -0.00203272 -0.0025672 0 -0.000477658 -0.00124759 0.000272084 0.000770493 0.000821759 0.000467052 0.000494515 0.00061879 0.000180218
internal_weight=24029.8 2258.43 2138.37 21771.4 1332.39 855.308 653.268 6997.77 3245.4 608.058 14773.6 6417.2 5189.53 2637.34 1404.6 599.961 428.381 418.831 358.401 250.316 1227.67 490.528 235.091 737.144 4770.7 4388.15 3752.37 1232.74 1094.15 805.986
internal_count=24410 2033 1945 22377 1285 819 602 6580 3143 487 15797 5869 4367 2656 1402 451 361 305 385 281 1502 583 267 919 4062 3642 3437 1254 1157 660
is_linear=0
shrinkage=0.0202208


Tree=59
num_leaves=31
num_cat=0
split_feature=27 45 52 39 12 31 11 12 21 1 29 55 21 55 21 27 30 61 39 1 27 30 21 52 11 11 30 39 34 52
split_gain=11.551 5.6172 2.65703 2.98219 2.89882 2.12497 1.29109 1.02116 0.835357 0.795606 0.758997 0.653559 0.834549 0.520227 1.06772 0.544219 0.637693 0.462198 0.421851 0.358668 0.600606 0.349475 0.364633 0.32862 0.29466 0.336607 0.300063 0.224162 0.359539 0.182527
threshold=68.950000000000017 2.3385651590994487 7242.7260000000015 1.0773823844491213 11.500000000000002 78.350000000000009 0.98927755889796032 2.5000000000000004 32.217493621019898 0.15500000000000003 88.050000000000011 0.072500000000000009 29.702212716937449 0.064500000000000016 35.706242678264282 73.750000000000014 84.65000000000002 5.5750000000000011 0.74379191382641308 1.0000000180025095e-35 74.850000000000009 88.450000000000017 37.97606583937079 4552.268500000001 0.90515966073569365 0.95989713290459411 75.050000000000011 1.7309519037503531 31.033818021210902 25477.496000000003
decision_type=2 2 2 2 2 2 2 2 2 2 2 2 2 2 2 2 2 2 2 2 2 2 2 2 2 2 2 2 2 2
left_child=1 2 27 -4 6 10 9 8 11 -5 13 12 -7 14 19 17 -17 24 -18 20 -2 22 29 -13 -15 26 -26 -1 -29 -9
right_child=5 -3 3 4 -6 7 -8 21 -10 -11 -12 23 -14 15 -16 16 18 -19 -20 -21 -22 -23 -24 -25 25 -27 -28 28 -30 -31
leaf_value=0.0090152654687560337 0.0067508314203287272 -0.14956255799074308 0.00019130289650839307 -0.063119592651160294 0.00052513628968522226 -0.031081735171321453 -0.0063463544582700012 0.073429303854218655 -0.063107473848938625 -0.037261126664294292 -0.12244706872068747 0.045312399222082134 0.058274813279936909 0.012501306834178183 -0.12050038289358896 0.028314822948523995 -0.044525847429828257 -0.019036484820924182 0.011455691589898113 0.026563489595212302 -0.013271600586948819 0.004251231202090611 0.0089575193531521661 -0.044888048516520389 -0.040068676882528971 0.0052505116857149607 0.00054641180531385934 0.0019425875498335547 -0.06031529716435334 -0.00054533834723790415
leaf_weight=487.531598508358 218.41101056337357 120.05232548713684 435.98370689153671 409.81138318777084 224.4365508556366 103.50217312574387 88.244602203369141 11479.075709462166 142.39692610502243 117.08677595853806 99.356438040733337 1213.5961307287216 106.81828182935715 999.4371058344841 122.20061010122299 4502.6755229830742 126.58870047330856 110.27585780620575 536.48718237876892 393.38104945421219 114.86016249656677 278.26677286624908 389.8572216629982 109.21276289224625 128.1360764503479 412.18614268302917 100.2141450047493 275.06847447156906 100.20979607105255 84.428344488143921
leaf_count=411 180 88 400 452 172 76 95 12872 155 114 106 948 115 903 70 4168 163 128 643 409 81 381 225 126 105 336 103 197 104 84
internal_value=0.000452352 -0.000907736 -0.000616981 -0.00121177 -0.00191641 0.000597603 -0.00263023 0.000752562 0.000208948 -0.00301035 0.000312196 0.000390893 -0.000437347 0.000343927 -4.33136e-05 0.000404107 0.000511015 3.82106e-05 0 0.000145733 -0.000157637 0.000819777 0.000836436 0.000589505 0.000171812 -6.03878e-05 -0.000759302 0.000162881 -2.22793e-05 0.000857958
internal_weight=24029.8 2258.43 2138.37 1275.56 839.579 21771.4 615.143 13907.2 1675.53 526.898 7864.21 1533.13 210.32 7764.85 848.853 6916 5165.75 1750.25 663.076 726.652 333.271 12231.6 11953.4 1322.81 1639.97 640.536 228.35 862.81 375.278 11563.5
internal_count=24410 2033 1945 1233 833 22377 661 14982 1420 566 7395 1265 191 7289 740 6549 4974 1575 806 670 261 13562 13181 1074 1447 544 208 712 301 12956
is_linear=0
shrinkage=0.0202208


Tree=60
num_leaves=31
num_cat=0
split_feature=33 28 28 10 11 60 58 18 48 58 60 43 53 10 26 61 30 30 62 53 60 55 25 25 32 44 45 33 25 55
split_gain=8.05678 5.98707 2.55306 1.29882 2.48706 2.03327 1.10827 3.21601 1.00752 0.892286 0.791958 0.77683 0.745976 1.50299 0.621319 0.811747 0.596317 0.528037 0.600456 0.505067 0.503688 0.403851 0.395602 0.348651 0.33757 0.444647 0.981473 0.329202 0.442578 0.303648
threshold=0.9450000000000004 64.350000000000009 76.250000000000014 0.081675638985454754 0.67123509350548771 3.0850000000000004 1011.7500000000001 30.072027663453607 35.600000000000009 1008.35 5.5150000000000006 0.37804981982986247 0.94450000000000001 0.21772121422198085 30.185000000000006 1.0000000180025095e-35 75.250000000000014 78.050000000000011 0.78500000000000014 0.052500000000000005 3.3450000000000002 0.30150000000000005 29.085000000000004 29.655000000000005 2.0630739585638698 27.619166666666668 1.3935876373017682 -0.6750000000000006 26.035000000000004 0.17550000000000002
decision_type=2 2 2 2 2 2 2 2 2 2 2 2 2 2 2 2 2 2 2 2 2 2 2 2 2 2 2 2 2 2
left_child=2 16 6 24 -5 -6 14 -8 19 21 12 -9 -11 -14 15 22 -2 -16 -19 20 -4 -10 27 -20 25 26 -3 -1 -29 -13
right_child=1 3 8 4 5 -7 7 11 9 10 -12 29 13 -15 17 -17 -18 18 23 -21 -22 -23 -24 -25 -26 -27 -28 28 -30 -31
leaf_value=0.017772903556805865 -0.12731919284820381 -0.033404943860735989 -0.010273596882252514 0.0062367128785627488 0.017999936274030036 -0.075343658161360183 0.0062650755026734881 -0.015064553836017366 -0.0010736998087906709 0.0018763881874304263 0.020698031152048778 -0.082387179204512703 -0.0091680468472883393 -0.091148803265976561 0.012476874023985658 0.024103795891171016 -0.04233598451359636 0.006883433680970173 -0.018264820548711504 0.083136654009310196 0.11061548046686771 0.043642788102780675 -0.026467708840983185 -0.052656504970396978 0.006145958343914076 0.012300035093963909 0.00022674618555581312 -0.016061230894598398 0.0042191265651976414 -0.11852804209595537
leaf_weight=474.16170424222946 93.064238965511322 121.98742538690567 139.24405574798584 328.01466774940491 103.8966475725174 305.86870360374451 799.62180751562119 162.72155839204788 313.27459025382996 702.11913394927979 632.01511085033417 123.04236000776291 248.24034416675568 81.358446002006531 260.49873918294907 3272.5579273700714 85.969955861568451 135.95674234628677 145.84319692850113 9279.7291302084923 349.46946430206299 4011.1867791414261 121.39697116613388 143.08559149503708 681.18162620067596 160.28009527921677 161.18933045864105 156.74050080776215 305.5376016497612 130.53509426116943
leaf_count=350 98 113 131 316 134 256 469 183 285 843 438 133 322 87 168 3449 88 100 119 9770 228 4666 121 78 634 208 102 129 251 141
internal_value=0.00044853 -0.000747298 0.000563652 -0.000351904 -0.00101361 -0.00207287 0.000197082 -0.000313772 0.000702986 0.000461654 7.75977e-06 -0.00178402 -0.000281588 -0.0010772 0.000338519 0.000433997 -0.0042835 -0.000136725 -0.000663546 0.000841713 4.19621e-06 0.000615879 0 -0.00121763 6.67821e-06 -0.000335398 -0.000894631 8.58675e-05 -0.000169793 -0.00253455
internal_weight=24029.8 2041.45 21988.3 1862.42 737.78 409.765 6231.7 1215.92 15756.6 5988.19 1663.73 416.299 1031.72 329.599 5015.78 4330.39 179.034 685.384 424.886 9768.44 488.714 4324.46 1057.84 288.929 1124.64 443.457 283.177 936.44 462.278 253.577
internal_count=24410 1949 22461 1763 706 390 5691 926 16770 6641 1690 457 1252 409 4765 4300 186 465 297 10129 359 4951 851 197 1057 423 215 730 380 274
is_linear=0
shrinkage=0.0202208


Tree=61
num_leaves=31
num_cat=0
split_feature=12 52 45 10 9 42 58 10 21 58 28 60 54 54 39 45 53 21 59 10 28 64 60 64 39 45 21 53 17 54
split_gain=6.86668 7.67462 5.72575 4.32221 2.3618 1.36986 1.43366 1.13405 2.45663 1.34271 0.983279 1.18335 1.1337 0.966991 0.906947 0.828156 0.614716 0.612423 0.562949 0.997045 0.556833 0.599374 1.09286 0.964846 0.433268 0.404728 0.375264 0.310241 0.296085 0.29001
threshold=2.5000000000000004 9963.058500000001 1.4427207955780774 0.36571913681022045 -0.5 27.572500000000005 1012.2500000000001 0.7775899462189082 37.6070552464233 1008.9500000000002 73.450000000000017 2.7250000000000005 0.12350000000000001 0.052500000000000005 1.5464089787037614 1.3935876373017682 0.76850000000000007 31.195999187446745 5.1050000000000013 -0.17552986495351994 79.850000000000009 -1.9058555875778092 5.3950000000000005 -2.4792299839655718 1.2342498513662084 2.1826903800571342 29.568614783354178 0.052500000000000005 34.34410718136062 0.93250000000000022
decision_type=2 2 2 2 2 2 2 2 2 2 2 2 2 2 2 2 2 2 2 2 2 2 2 2 2 2 2 2 2 2
left_child=1 5 10 -4 7 13 15 9 14 27 11 -3 -13 -1 -9 16 -7 25 19 28 21 22 23 -6 -18 -15 -17 -2 -11 -20
right_child=4 2 3 -5 20 6 -8 8 -10 18 -12 12 -14 17 -16 26 24 -19 29 -21 -22 -23 -24 -25 -26 -27 -28 -29 -30 -31
leaf_value=-0.0097597659281128159 -0.049201193838352628 0.0042037694623374023 -0.037989158637667705 -0.11142778999402678 0.0086801456004321435 0.027048894544058552 -0.073298351834593892 0.0193790111667081 -0.048377983831691403 -0.0087882370198519404 0.00049822824942262749 -0.015496687810354001 -0.10478555156606846 0.034836677613307297 -0.056424706859463651 -0.035980895960742977 -0.051095263268824104 -0.023950364927944154 0.0070214055942594269 -0.09686142691786781 0.097510905994940222 0.038917114843059451 0.059159687711755789 -0.057133388376794332 0.017264730132957637 -0.0011709089880921116 -0.056698934288603904 0.035799690049883648 0.029860452441676167 -0.0024577893191861347
leaf_weight=243.96086710691452 102.71831041574478 124.99726843833923 116.23980551958084 191.77111005783081 231.42187184095383 662.54855215549469 183.79875063896179 896.71756118535995 171.80034393072128 396.1912339925766 385.7865127325058 87.30388206243515 130.92231386899948 1747.2137789130211 123.68125629425049 113.64335083961487 142.32451790571213 143.03778928518295 662.74430292844772 208.35440075397491 7629.9688777923584 4436.7858254313469 550.74741715192795 194.35903650522232 106.59447371959686 154.32778185606003 146.96973437070847 3363.9601863622665 211.94792824983597 166.95049875974655
leaf_count=175 95 168 111 161 202 703 168 940 91 499 445 101 145 1171 129 88 129 126 503 155 8367 4543 325 163 102 79 138 3949 275 164
internal_value=0.000452561 -0.000228632 -0.00176833 -0.00412055 0.000621918 0.000186964 -0.000281734 0.000278247 -0.00023775 0.000415771 -0.000637804 -0.00142002 -0.00230809 0.000502852 6.00053e-05 0 0.000269148 0.000666923 -9.35036e-06 -0.000433111 0.000781198 0.000575367 2.14123e-05 -0.000645174 -0.000386967 0.000778693 -0.00101433 0.000642649 0 0.00030272
internal_weight=24029.8 4681.44 1037.02 308.011 19348.3 3644.42 1355.88 6305.07 1192.2 5112.87 729.01 343.223 218.226 2288.54 1020.4 1172.08 911.468 2044.58 1646.19 816.494 13043.3 5413.31 976.528 425.781 248.919 1901.54 260.613 3466.68 608.139 829.695
internal_count=24410 4010 1131 272 20400 2879 1328 6800 1160 5640 859 414 246 1551 1069 1160 934 1376 1596 929 13600 5233 690 365 231 1250 226 4044 774 667
is_linear=0
shrinkage=0.0202208


Tree=62
num_leaves=31
num_cat=0
split_feature=12 48 45 48 10 21 22 4 55 63 45 56 54 20 10 10 45 63 1 1 20 19 10 3 54 19 29 11 45 4
split_gain=6.737 6.60379 5.25392 2.31773 1.40162 1.97836 1.20145 1.58745 0.997469 0.971591 0.877396 1.277 1.48864 0.830822 0.795579 1.42812 0.671469 0.628367 0.550025 0.535238 0.499934 0.449435 0.441452 0.546286 0.377276 0.355301 0.290444 0.374201 0.273776 0.415419
threshold=2.5000000000000004 418.55000000000007 1.8643170519906682 117.40000000000002 0.7775899462189082 37.6070552464233 27.395000000000003 1013.6500000000002 0.077500000000000013 27.430508179563738 0.73852863658466272 1013.1500000000002 0.083500000000000019 30.603302005715111 -0.79356426026969629 -0.86095304316285715 0.93372651103420712 31.328671951878444 0.20500000000000004 0.015000000000000001 27.204020166403506 31.272352822049637 -0.20931270765420754 0.78450000000000009 0.26350000000000007 37.226264616554268 72.65000000000002 0.99548449742306455 1.3935876373017682 1010.9500000000002
decision_type=2 2 2 2 2 2 2 2 2 2 2 2 2 2 2 2 2 2 2 2 2 2 2 2 2 2 2 2 2 2
left_child=1 6 10 26 13 16 8 17 9 -1 -3 12 -12 14 15 -5 25 28 -18 -14 -10 -22 -16 -24 -15 -6 27 -2 -8 -30
right_child=3 2 -4 4 5 -7 7 -9 20 -11 11 -13 19 24 22 -17 18 -19 -20 -21 21 -23 23 -25 -26 -27 -28 -29 29 -31
leaf_value=-0.038258088130684896 0.026976677793681597 -0.00038025193613650638 -0.11689447071522463 -0.00010053831628095572 0.025455882691912235 -0.047438962669427702 0.012227248797924941 -0.088356448279300573 -0.0012673007623262142 0.0063160309634513511 -0.020835890321067668 0.009540529737755982 -0.058144894915290485 0.0020953681815581173 0.02610244788119593 -0.091596440601257448 -0.042961607624125479 -0.069270983830922575 0.0018839279007383468 -0.05763060414172376 0.033076667810532319 -0.018037492572329117 0.0018136459782329996 -0.0070685003196600989 0.032307331292765022 -0.12479299892630623 0.08272790240959868 -0.011589393255089189 -0.062437932108572465 0.010102439602559828
leaf_weight=136.85928618907928 1842.7642730474472 264.91977643966675 126.58738219738007 225.56111669540405 989.34692561626434 208.10244083404541 847.88663500547409 92.025834977626801 223.01113772392273 237.1017187833786 161.63125556707382 121.00690740346909 156.4842289686203 487.96036505699158 686.78327578306198 79.328951835632324 101.77178168296814 97.472581803798676 90.403360784053802 159.00822198390961 1644.6104614138603 194.771708548069 390.12022989988327 141.16266691684723 4320.4623894691467 91.428696036338806 9487.3006246089935 205.85195332765579 106.80800092220306 111.25535154342651
leaf_count=94 1608 332 98 281 1080 109 893 78 136 184 193 102 168 478 584 78 117 117 81 185 1058 169 261 93 5161 58 10274 137 102 101
internal_value=0.000450163 -0.000224396 -0.00169521 0.000617914 0.000329322 -0.00018963 0.000147606 -0.000321537 0.000425368 -0.000399977 -0.000992618 -0.00141934 -0.00189903 0.000464582 0 -0.000860976 4.53239e-05 -3.77598e-05 -0.0009471 -0.00270839 0.000617888 0.000734071 0.000280698 -1.23489e-05 0.000595592 0.00030538 0.000805585 0.000473923 2.81401e-05 -0.000487729
internal_weight=24029.8 4681.44 989.638 19348.3 7812.43 1481.05 3691.8 1255.45 2436.35 373.961 863.05 598.131 477.124 6331.38 1522.96 304.89 1272.95 1163.42 192.175 315.492 2062.39 1839.38 1218.07 531.283 4808.42 1080.78 11535.9 2048.62 1065.95 218.063
internal_count=24410 4010 1078 20400 8381 1445 2932 1291 1641 278 980 648 546 6936 1297 359 1336 1213 198 353 1363 1227 938 354 5639 1138 12019 1745 1096 203
is_linear=0
shrinkage=0.0202208


Tree=63
num_leaves=31
num_cat=0
split_feature=31 46 51 57 32 46 0 25 32 2 10 11 51 53 38 19 40 38 38 57 0 10 11 60 39 31 11 10 11 53
split_gain=6.73866 5.77026 1.96386 2.14686 1.30393 0.956681 1.09993 0.848342 0.940675 0.820517 0.704271 0.932005 0.682142 0.663937 0.592629 1.39431 0.589766 0.477484 0.471655 0.413509 0.403447 0.399502 0.373865 1.10312 0.253441 0.247314 0.371874 0.245133 0.529672 0.229939
threshold=71.250000000000014 1694.1935000000003 125.26666666666685 1007.7500000000001 0.50715003193678865 2290.4655000000007 4.285000000000001 26.905000000000005 -0.54187307698176734 688.10000000000014 0.26781182513105634 0.92589048012183106 794.23333333333358 0.052500000000000005 28.117202543619314 29.203799428998895 26.258333333333333 35.439819918637049 29.938653117354459 1014.7500000000001 2.6350000000000002 0.81900730237416519 0.53435276464917691 3.9450000000000007 1.5464089787037614 77.250000000000014 0.99548449742306455 0.41327478071396911 0.25951179706979971 0.97350000000000014
decision_type=2 2 2 2 2 2 2 2 2 2 2 2 2 2 2 2 2 2 2 2 2 2 2 2 2 2 2 2 2 2
left_child=1 4 13 12 -1 6 7 8 -5 10 -3 21 20 16 -11 -16 -2 22 -13 25 -4 29 -9 -24 -23 26 -15 -8 -29 -12
right_child=2 9 3 5 -6 -7 27 17 -10 14 11 18 -14 19 15 -17 -18 -19 -20 -21 -22 24 23 -25 -26 -27 -28 28 -30 -31
leaf_value=-0.016885136180359396 -0.0091076566925602769 0.010138507708103447 0.0054793198709981276 -0.0026788049205998814 -0.10082603388155433 0.019868188828894788 0.011432546165376648 0.017422031108595613 -0.052727087348862091 0.011581450261468965 0.011447367229161893 -0.065487195576070911 -0.073450565878708685 0.021854528191610986 -0.069962886661432383 -0.0026130796888553854 0.02904903210332032 -0.042352304528666812 -0.0032588305687944515 -0.043803537649120303 0.051004505404358524 0.0013122815821881156 0.0027128900226577467 -0.089293446946669547 -0.022445128516105466 0.074448584666646597 -0.11287989956518217 0.020655301024110114 -0.060130472712476811 -0.018402289754083711
leaf_weight=142.39668697118759 332.34034770727158 1005.502084851265 594.43285268545151 113.93854248523712 240.08128529787064 874.43666124343872 811.75147867202759 459.44210183620453 289.31029522418976 158.92362886667252 536.13629627227783 121.05494272708893 106.95636636018753 1761.3308411240578 251.76599735021591 353.7619252204895 519.90194481611252 88.473359346389771 104.816321849823 96.725843787193298 4052.0229392051697 193.40717858076096 263.68756854534149 87.326370656490326 131.13984328508377 9927.6351756453514 117.18749076128006 98.041923582553864 85.080487966537476 110.78075814247131
leaf_count=110 157 980 711 105 182 1037 770 600 332 115 456 101 86 1443 258 352 434 65 102 42 4589 202 331 110 130 10251 73 104 93 89
internal_value=0.000455317 -0.000369732 0.000593239 0.000323146 -0.0026981 -5.96713e-05 -0.000300269 -0.000699399 -0.00151752 -3.68755e-05 0.000129217 -0.000146962 0.000596801 0.000754033 -0.00062759 -0.000945338 8.25249e-05 -0.000230274 -0.0013277 0.000794714 0.000644245 4.217e-05 0 -0.000557879 -0.000416033 0.000806882 0.00046886 0.000135204 -0.000325932 0.000407715
internal_weight=24029.8 3349.77 20680 7924.9 382.478 3171.49 2297.05 1302.18 403.249 2967.29 2202.84 1197.34 4753.41 12755.1 764.452 605.528 852.242 898.929 225.871 11902.9 4646.46 971.464 810.456 351.014 324.547 11806.2 1878.52 994.874 183.122 646.917
internal_count=24410 3077 21333 8933 292 3547 2510 1543 437 2785 2060 1080 5386 12400 725 610 591 1106 203 11809 5300 877 1041 441 332 11767 1516 967 197 545
is_linear=0
shrinkage=0.0202208


Tree=64
num_leaves=31
num_cat=0
split_feature=27 6 43 58 10 27 11 60 26 55 1 10 32 20 29 60 10 11 55 60 60 57 0 11 54 11 64 32 55 54
split_gain=8.94357 4.07969 3.94746 2.04253 1.83471 1.40034 1.15999 1.97692 1.0286 1.63618 1.26699 0.975478 1.44193 0.656112 0.611402 0.557181 0.473475 3.67584 0.432859 0.60374 0.412902 0.398988 0.356265 0.4132 0.404796 0.442207 0.345053 0.414428 0.422096 0.745679
threshold=60.750000000000007 0.60355339059327384 1.0844829335244894 1008.1500000000002 1.0000000180025095e-35 78.450000000000017 0.62541057298524605 2.8150000000000004 28.795000000000005 0.71850000000000003 0.095000000000000015 0.7775899462189082 0.42633772428361644 35.470907004726854 59.95000000000001 2.6950000000000007 -0.84293373149377071 0.45207220393230413 0.072500000000000009 3.4350000000000005 3.7350000000000008 1010.9500000000002 3.7950000000000004 0.91925191855388755 0.43550000000000005 0.95989713290459411 -0.097340623637844445 2.0630739585638698 0.95650000000000002 0.43550000000000005
decision_type=2 2 2 2 2 2 2 2 2 2 2 2 2 2 2 2 2 2 2 2 2 2 2 2 2 2 2 2 2 2
left_child=2 5 15 11 26 14 13 -8 9 -9 -10 -3 20 -6 21 -1 17 -16 19 -7 -13 -2 23 -18 -25 -26 27 28 29 -5
right_child=1 3 -4 4 6 18 7 8 10 -11 -12 12 -14 -15 16 -17 22 -19 -20 -21 -22 -23 -24 24 25 -27 -28 -29 -30 -31
leaf_value=0.0051862810255411205 -0.0003609808055734678 0.034678370075597778 -0.11841570147854424 -0.0080676296171593304 0.0040497302830146131 -0.008606350325221843 0.0222714905667874 -0.0011632084695080355 -0.023079919238448394 -0.058567758357984605 -0.1304827014074133 -0.058346731618231736 0.03467031109953251 -0.040516673352909066 0.058844070814733473 -0.07085906028467312 0.026027277213114576 -0.091520786236093568 0.077603384916405851 0.064930822329705123 -0.0043345911282785497 -0.04745403806334781 0.021652593150030208 0.0098381186699169395 -0.028651778160915031 -0.0040958581825022693 0.015401412709186315 0.0062289507949382103 0.0032265620404590654 -0.024500487466230604
leaf_weight=126.90875232219696 202.63389956951141 2536.8112725615501 117.05079770088196 120.7525190114975 506.08136105537415 202.58748710155487 192.04625189304352 248.59935891628265 91.297966480255127 190.31391996145248 87.912908911705017 158.61275434494019 313.12722849845886 155.74836987257004 408.2063507437706 163.33744263648987 1242.3893570303917 82.50242692232132 10991.201768398285 475.96564674377441 113.56036841869354 114.04802191257477 2695.5126677751541 589.95805007219315 123.19194293022156 212.6138476729393 923.18109339475632 301.20559394359589 206.48161000013351 135.94850426912308
leaf_count=127 180 2968 126 101 593 181 246 231 113 161 90 135 286 100 488 150 1263 78 11668 326 87 82 2049 541 128 181 1104 254 234 139
internal_value=0.000465182 0.000519639 -0.00245438 6.2518e-05 -0.000283183 0.000680128 -0.000813191 -0.00133418 -0.00190464 -0.00104658 -0.00345886 0.000440291 -0.000196379 -3.96986e-05 0.000388256 -0.000796259 0.000447111 0 0.000814282 0.000140501 -0.00136735 -0.000326922 0.000509738 0.00024684 0 -0.000627971 0.000128197 -0.000105581 -0.000563929 -0.00110984
internal_weight=24029.8 23622.5 407.297 6281.68 3159.57 17340.8 1472 810.17 618.124 438.913 179.211 3122.11 585.3 661.83 5671.06 290.246 5354.37 490.709 11669.8 678.553 272.173 316.682 4863.67 2168.15 925.764 335.806 1687.57 764.388 463.183 256.701
internal_count=24410 24007 403 6842 3366 17165 1534 841 595 392 203 3476 508 693 4990 277 4728 566 12175 507 222 262 4162 2113 850 309 1832 728 474 240
is_linear=0
shrinkage=0.0202208


Tree=65
num_leaves=31
num_cat=0
split_feature=6 46 1 46 22 40 10 39 10 54 56 39 61 11 26 39 10 26 1 56 54 44 59 59 59 26 10 56 44 54
split_gain=6.13257 6.51171 2.41982 1.45303 1.49962 1.30943 1.27023 1.63789 1.04283 0.989395 1.15093 2.02998 0.980711 0.938333 0.891234 0.822864 1.25016 1.43621 1.6241 0.626423 0.422614 0.547601 0.356951 0.283229 0.271328 0.257621 0.341573 0.33728 0.213473 0.179374
threshold=0.60355339059327384 1636.2780000000002 0.30500000000000005 2171.6320000000005 25.625000000000004 26.111666666666672 -0.20931270765420754 2.6675932315169182 0.63874350706337069 0.24250000000000002 1012.35 1.0826862391137826 10.265000000000002 0.95989713290459411 27.305000000000003 1.6315713366422411 0.11593352601052392 27.055000000000003 0.065000000000000016 1012.7500000000001 0.47250000000000003 29.58979166666667 3.4350000000000005 5.4850000000000012 4.7950000000000008 29.855000000000004 0.7266007961912001 1005.2500000000001 26.369166666666668 0.30950000000000005
decision_type=2 2 2 2 2 2 2 2 2 2 2 2 2 2 2 2 2 2 2 2 2 2 2 2 2 2 2 2 2 2
left_child=3 -2 6 4 23 -6 28 9 14 -8 11 -11 20 -13 -4 24 22 -18 -19 25 21 -10 29 -1 -7 -5 -27 -28 -3 -17
right_child=1 2 8 19 5 15 7 -9 12 10 -12 13 -14 -15 -16 16 17 18 -20 -21 -22 -23 -24 -25 -26 26 27 -29 -30 -31
leaf_value=0.0015860377774741497 -0.10947149900639398 0.029269908809149443 -0.05285540001573874 0.080831752766271192 -0.012606298367727262 0.015848817380791479 -0.00092955018950033482 -0.11193176826854613 0.014581485058318959 -0.0011015147095210628 0.0027958939784583103 -0.11321159355493975 -0.036905479393482495 -0.0076339711374190534 0.023747028334298266 0.019609860337489422 0.00060314533993805169 -0.085156386522339603 -0.0024416678683331756 -0.073078186336441142 0.01725272340014045 -0.033327439095516248 0.0183305067295742 0.043134093360444874 -0.018455521749155063 0.058172294185109705 0.095739540089205724 -0.037918363047645551 -0.0048289305964906515 -0.035555938931116582
leaf_weight=429.90538537502289 125.93469232320786 235.49148046970367 152.25652039051056 10077.283923864365 266.91393464803696 1834.6257634758949 605.6991680264473 158.87974566221237 269.89402318000793 159.44845461845398 184.52988821268082 130.69361686706543 139.99724972248077 84.399953424930573 3145.1674504876137 104.81033933162689 289.59370481967926 193.93526387214661 137.0871205329895 87.208701431751251 572.41757100820541 278.18089705705643 552.48887592554092 2111.7719138264656 243.20186251401901 593.63803118467331 248.13786554336548 214.57697868347168 304.45270079374313 97.166463792324066
leaf_count=228 93 169 173 12153 174 1765 627 132 307 157 153 164 152 71 3973 113 207 179 121 73 471 143 463 822 253 384 109 141 334 106
internal_value=0.000461171 -5.4414e-05 2.2721e-05 0.000659242 0.000384245 9.77753e-05 -0.000575167 -0.000922516 0.000286667 -0.000559491 -0.00116967 -0.00181053 -0.000157398 -0.00307423 0.000482926 0.000225345 -0.000108337 -0.000825023 -0.00173827 0.000804702 0 -0.00035245 0.000367015 0.000768284 0.000488014 0.000821458 0.000350338 0 0.000115905 -2.6898e-05
internal_weight=24029.8 6547.44 6421.51 17482.3 6261.5 3719.82 1863.6 1323.65 4557.91 1164.77 559.072 374.542 1260.49 215.094 3297.42 3452.91 1375.08 620.616 331.022 11220.8 1120.49 548.075 754.466 2541.68 2077.83 11133.6 1056.35 462.715 539.944 201.977
internal_count=24410 7119 7026 17291 4431 3381 1807 1304 5219 1172 545 392 1073 235 4146 3207 1189 507 300 12860 921 450 682 1050 2018 12787 634 250 503 219
is_linear=0
shrinkage=0.0202208


Tree=66
num_leaves=31
num_cat=0
split_feature=27 27 60 45 12 51 39 21 10 12 61 36 34 51 54 26 51 20 36 34 60 11 20 64 10 11 10 61 27 58
split_gain=7.49431 3.60421 2.66903 2.67313 1.14615 1.22493 1.70253 2.53754 1.11414 0.775298 0.704778 1.04623 1.03442 0.667603 0.650015 1.11515 0.734886 0.45757 0.416627 0.636893 0.3823 0.366937 0.596513 0.388438 3.21119 0.35938 0.351181 1.00271 0.347483 0.328118
threshold=60.750000000000007 78.850000000000009 2.6950000000000007 1.4427207955780774 4.5000000000000009 19.291666666666803 1.4399014022335195 30.603302005715111 0.36571913681022045 4.5000000000000009 4.0450000000000008 30.75048387798007 30.12503300386442 768.13333333333355 0.052500000000000005 26.945000000000004 84.79166666666687 26.20124465771103 30.016656959617784 30.357902919112831 2.5450000000000004 0.99548449742306455 27.958223031679143 -2.0282191802228442 -0.84293373149377071 -0.97870382656940669 0.33346569090932193 1.0000000180025095e-35 67.050000000000011 1009.4500000000002
decision_type=2 2 2 2 2 2 2 2 2 2 2 2 2 2 2 2 2 2 2 2 2 2 2 2 2 2 2 2 2 2
left_child=2 4 -1 -4 5 18 10 26 -9 14 11 12 -7 21 15 -3 20 -11 -2 -20 -16 23 -23 24 -6 -25 -8 -28 -27 -18
right_child=1 9 3 -5 13 6 7 8 -10 17 -12 -13 -14 -15 16 -17 29 -19 19 -21 -22 22 -24 25 -26 28 27 -29 -30 -31
leaf_value=0.0068033438800176827 0.021583279307976717 -0.016097828025569631 -0.045247936680983369 -0.11348096494724119 -0.066243364215632997 0.00031366648112077456 0.018272555653758588 -0.021360078660818453 -0.075925022981409421 -0.021595873492919197 -0.079474930513009398 0.025272231732792784 -0.049407831193550092 -0.012792937275585784 -0.001883722251598538 0.10020762630593615 0.0069492244011950957 0.069403501199775675 -0.0312363402347547 0.030953862692006427 0.086255827927813361 0.00088773271004247655 -0.13237057757165904 -0.0039661081579174026 0.020646832779829795 -0.0032741380183171831 -0.033937824235651476 0.001759105227360081 0.021219868707748789 -0.055944737495694424
leaf_weight=132.4255844950676 934.93245267868042 100.82434022426605 150.91644561290741 123.95496255159378 164.94579440355301 250.0838662981987 270.67671245336533 129.62665647268295 231.57895201444626 90.298412799835205 165.01800698041916 1151.7770219445229 157.36994820833206 180.98510068655014 332.43980115652084 181.4069077372551 508.32371091842651 10401.56051337719 157.54404610395432 309.31796377897263 1608.8162060976028 228.51595360040665 121.22343015670776 310.02974337339401 715.20485001802444 226.26060044765472 177.66703522205353 190.45683813095093 4186.8894859552383 138.71819716691971
leaf_count=135 543 73 141 127 133 208 203 142 244 51 178 1281 180 151 334 207 597 11488 117 340 1491 181 85 401 553 193 137 142 4192 162
internal_value=0.000462088 0.000512142 -0.00220455 -0.0033287 0.000214758 -2.64134e-05 -0.000295801 -0.000963349 -0.00232109 0.000733798 4.20374e-05 0.000223847 -0.000550415 0.000391157 0.000377612 -0.000381024 0.000494578 0.000822724 0.000434175 0 0.000693133 0.000437265 0 0.000479461 0 0.000553427 -4.96354e-05 -0.000559496 0.00060087 0
internal_weight=24029.8 23622.5 407.297 274.871 10260.1 4126.05 2724.26 1000.01 361.206 13362.4 1724.25 1559.23 407.454 6134.05 2870.53 282.231 2588.3 10491.9 1401.79 466.862 1941.26 5953.07 349.739 5603.33 880.151 4723.18 638.801 368.124 4413.15 647.042
internal_count=24410 24007 403 268 9604 3715 2715 868 386 14403 1847 1669 388 5889 2864 280 2584 11539 1000 457 1825 5738 266 5472 686 4786 482 279 4385 759
is_linear=0
shrinkage=0.0202208


Tree=67
num_leaves=31
num_cat=0
split_feature=12 6 46 6 38 38 46 42 4 0 1 39 54 20 19 58 45 45 1 11 20 54 64 19 28 35 26 45 46 47
split_gain=5.60871 5.44333 4.62429 2.39255 1.61482 2.38259 2.13074 1.1205 2.01938 0.97166 1.33691 1.05186 0.966728 0.59659 0.565163 0.676221 0.56174 0.518061 0.454366 0.401206 0.90793 1.0091 0.389885 0.352072 0.331671 0.310302 0.309094 0.373172 0.281283 0.233826
threshold=2.5000000000000004 0.60355339059327384 1636.2780000000002 0.25881904510252091 28.117202543619314 29.194377227761937 1786.6825000000001 27.572500000000005 1013.6500000000002 2.8750000000000004 0.30500000000000005 1.3794723498398633 0.052500000000000005 36.332017515518736 37.787826369605476 1008.7500000000001 1.3935876373017682 1.5738692167425685 2.2350000000000008 0.5488226286565131 30.506363543411556 0.54050000000000009 3.2211235724419702 31.191703548646696 79.850000000000009 0.13724184231094633 27.615000000000006 2.1826903800571342 1998.2710000000004 30.065000000000001
decision_type=2 2 2 2 2 2 2 2 2 2 2 2 2 2 2 2 2 2 2 2 2 2 2 2 2 2 2 2 2 2
left_child=1 7 -3 24 -4 -6 -7 12 16 10 11 -5 -1 -12 15 28 18 -18 23 20 21 -17 -21 -9 -2 -16 27 -14 -11 -30
right_child=3 2 4 9 5 6 -8 8 -10 14 13 -13 26 -15 25 19 17 -19 -20 22 -22 -23 -24 -25 -26 -27 -28 -29 29 -31
leaf_value=-0.0080066255422452121 0.031653431959743357 -0.11354630810040336 0.021839311991707095 -0.010621090662044504 -0.081319506077921988 -0.10862767918515308 -0.0048280075488183419 -0.0023240102550445237 -0.082748201323588497 -0.043339162782484564 0.010268652732202368 -0.12290423224631367 0.036141248911084223 -0.035312631077585588 0.010489481609932861 -0.0015497630931913511 -0.052438045209773534 -0.0092584481395958339 -0.054427358312052504 0.0067693605971754179 0.0041198964958129259 -0.046486020667089477 -0.040515326289567374 0.033260972391385694 0.092944612247906414 -0.068741506816400622 -0.0037198411827594189 -0.0012653276650027049 0.037146407422372296 -0.0015237266584198765
leaf_weight=246.26397663354874 4305.8078380823135 103.57888376712799 182.77089327573776 135.41966205835342 128.82621467113495 84.15490847826004 589.22128641605377 245.04854494333267 94.992760062217712 85.142479538917542 1078.222973883152 81.848840296268463 1675.1107985973358 114.56348407268524 207.92975264787674 159.32348763942719 108.67280316352844 192.87237030267715 101.09194874763489 1101.180614054203 525.63299214839935 108.28447389602661 118.43692576885223 609.47925865650177 7256.0706426501274 186.99225997924805 168.06122094392776 151.29462081193924 3774.6235030889511 108.86912178993225
leaf_count=177 4022 81 141 156 133 106 708 210 74 72 1336 90 1107 72 97 183 87 178 89 884 636 128 145 693 7878 99 149 77 4502 100
internal_value=0.000453843 -0.00015942 -0.00141964 0.000606753 -0.000873788 -0.00130107 -0.000647938 0.000199218 -0.000216763 0.000313547 -0.000120211 -0.00159018 0.000489186 7.88529e-05 0.000423205 0.000477079 0 -0.000752802 0.000242652 0.00011824 -0.000164321 -0.00117311 0.000373514 0.00046383 0.000796466 -0.00016985 0.000658073 0.000736115 0.000636731 0.000666251
internal_weight=24029.8 4681.44 1088.55 19348.3 984.973 802.202 673.376 3592.89 1352.16 7786.47 1410.05 217.269 2240.73 1192.79 6376.42 5981.49 1257.16 301.545 955.62 2012.86 793.241 267.608 1219.62 854.528 11561.9 394.922 1994.47 1826.41 3968.64 3883.49
internal_count=24410 4010 1169 20400 1088 947 814 2841 1331 8500 1654 246 1510 1408 6846 6650 1257 265 992 1976 947 311 1029 903 11900 196 1333 1184 4674 4602
is_linear=0
shrinkage=0.0202208


Tree=68
num_leaves=31
num_cat=0
split_feature=27 27 27 29 25 51 57 11 46 57 21 21 18 11 10 10 21 45 36 11 57 30 30 60 60 26 10 44 60 45
split_gain=7.44435 2.91052 2.86488 1.01097 0.881839 1.09213 0.907635 1.03307 1.00738 0.832847 1.67655 0.73348 2.15453 0.86409 3.33233 0.847075 0.595753 1.98709 0.669945 0.524882 0.479366 0.50335 0.471918 0.464184 0.457669 0.453767 0.476251 0.393771 0.357155 0.356649
threshold=64.350000000000009 78.850000000000009 55.95000000000001 86.350000000000009 27.525000000000002 48.934166666666918 1007.2500000000001 0.74982640120456845 2301.2090000000003 1009.7500000000001 31.634491683468855 37.342529508858767 36.887028147276474 0.45207220393230413 -0.84293373149377071 -0.19244979981841004 30.404396225739273 1.4427207955780774 30.016656959617784 -0.97870382656940669 1009.6500000000002 68.15000000000002 85.350000000000009 3.4350000000000005 5.3950000000000005 29.735000000000003 0.87379901192678244 25.736041666666669 3.8650000000000007 0.70691601595520992
decision_type=2 2 2 2 2 2 2 2 2 2 2 2 2 2 2 2 2 2 2 2 2 2 2 2 2 2 2 2 2 2
left_child=2 3 -1 11 5 23 -7 8 24 -4 -11 13 -13 19 -15 29 18 -18 27 -2 -20 -22 -21 -3 -8 -6 -27 -17 -14 -16
right_child=1 4 9 -5 25 6 7 -9 -10 10 -12 12 28 14 15 16 17 -19 20 22 21 -23 -24 -25 -26 26 -28 -29 -30 -31
leaf_value=-0.10889028236757203 -0.0050454191751839071 -0.0010474350771679044 0.0023661107497823281 -0.11057043385685598 0.073204969211485379 0.067162340941827589 -0.054363482849024272 -0.0004015889879304334 0.00021442226015560154 -0.015060300368940039 -0.07027559464299607 -0.034539204790615841 -0.0084014687768797537 -0.077875073736477174 -0.0045353904635694765 -0.00049087152472795221 0.0017685706461128394 -0.07612129369798297 0.017768835331155287 0.038626220810315796 -0.025505037333000337 -0.00055782746531771133 -0.022399673692000813 0.054968180388468867 -0.028589606915765245 0.042607915520951535 -0.095950903388487649 0.016904748806839578 0.0067404778558812061 0.020486672995557828
leaf_weight=105.96353930234909 339.72531312704086 277.32460057735443 301.76398050785065 159.79501646757126 9816.3395445346832 434.92243057489395 143.28844463825226 372.3750291466713 121.39790880680084 422.16980510950089 116.62196666002274 171.19996410608292 271.88905441761017 112.25392854213715 204.33823013305664 652.99693357944489 754.25169676542282 198.50211822986603 176.57354563474655 3181.4287098646164 169.01467514038086 149.95253425836563 216.07602435350418 1100.0300647616386 77.537162125110626 894.3823310136795 124.79057329893112 1285.6436496376991 350.70321643352509 1326.5375493168831
leaf_count=115 437 266 256 174 11438 559 184 310 171 352 140 140 132 115 294 355 851 182 162 3592 140 134 294 646 86 624 119 820 158 1164
internal_value=0.000439068 0.000513929 -0.00128893 0.00023394 0.000710933 0.000309405 -8.56692e-05 -0.000590496 -0.00139411 -0.000755493 -0.00123101 0.00026843 -0.000261038 0.000326449 0.000129977 0.000226479 2.05149e-05 -0.000376156 0.000212054 0.000567057 -0.000362697 -0.000896067 0.000645571 0.000701803 -0.00219647 0.000796342 0.000250149 0.000404491 0.000167859 0.000623855
internal_weight=24029.8 23083.3 946.519 9720.88 13362.4 2526.88 1149.52 714.599 342.224 840.556 538.792 9561.09 793.792 8767.29 5030.06 4917.81 3386.94 952.754 2434.18 3737.23 495.541 318.967 3397.5 1377.35 220.826 10835.5 1019.17 1938.64 622.592 1530.88
internal_count=24410 23547 863 9144 14403 2222 1310 751 441 748 492 8970 430 8540 4217 4102 2644 1033 1611 4323 436 274 3886 912 270 12181 743 1175 290 1458
is_linear=0
shrinkage=0.0202208


Tree=69
num_leaves=31
num_cat=0
split_feature=27 27 37 27 12 51 54 12 32 51 29 38 21 32 54 51 36 31 0 54 58 21 59 61 20 38 38 32 38 58
split_gain=7.27799 3.60139 3.03408 1.13516 0.842934 0.917141 0.677395 0.765784 1.17902 0.649838 0.533895 0.529581 0.997069 0.748471 0.528802 0.646838 0.379596 0.422088 0.404455 0.379027 0.376957 0.61029 0.348628 0.408881 0.342252 0.336459 1.22628 0.683829 0.638868 0.516313
threshold=59.350000000000001 78.65000000000002 0.97952439954758164 69.750000000000014 2.5000000000000004 367.99166666666684 0.99150000000000016 3.5000000000000004 -0.07099114058688015 768.13333333333355 83.750000000000014 31.082615851543952 31.711894936096058 1.4551406167195273 0.052500000000000005 48.934166666666918 34.347296600203514 74.65000000000002 3.6450000000000005 0.77250000000000008 1006.35 37.472132586141278 4.285000000000001 0.99500000000000011 32.704757094563526 29.086850135978775 29.251758091772135 -0.98396275648595644 31.117912108813012 1011.7500000000001
decision_type=2 2 2 2 2 2 2 2 2 2 2 2 2 2 2 2 2 2 2 2 2 2 2 2 2 2 2 2 2 2
left_child=2 3 -1 6 14 -6 7 8 -2 10 20 12 13 -10 -3 24 18 -18 -7 -17 -5 25 23 -12 -16 -22 -27 28 -28 -29
right_child=1 4 -4 9 5 16 -8 -9 11 -11 22 -13 -14 -15 15 19 17 -19 -20 -21 21 -23 -24 -25 -26 26 27 29 -30 -31
leaf_value=-0.035272812579244472 0.0031106041796993764 -0.0080161692722187476 -0.10668842919086063 0.044262460024929874 0.071434296051832533 -0.033549779022087889 -0.026523127814898444 0.0020085605363277205 -0.031414580705890267 -0.013284496980168519 -0.14130881747946444 0.0041935747559809083 -0.070672721480183054 0.00013851682795746218 0.056202697496532845 0.034147112361146481 -0.061434691434986796 0.05462994978329902 0.022241224763512056 -0.054450648316702745 0.016545321597532608 -0.012445007867618254 0.0018578846112076049 -0.0080179299635772857 -0.035321691429755907 -0.052794217747430768 -0.029401430907703988 0.019736230041332618 0.01738167694913129 -0.010201797744635541
leaf_weight=162.0337308049202 542.62680548429489 179.23886913061142 114.01015186309814 1518.8831545710564 10490.526831746101 204.5902151465416 153.09707885980606 1043.651776432991 158.11980664730072 181.32314598560333 85.762441873550415 95.812064230442047 96.20307594537735 243.99487215280533 855.56444674730301 251.4344065785408 101.41723090410233 799.79106265306473 444.50160735845566 164.79886984825134 1726.5011668205261 203.7553316950798 306.96886330842972 146.71182692050934 161.99181282520294 143.93972009420395 215.36217629909515 2813.9047503471375 207.41033858060837 215.86190921068192
leaf_count=160 429 174 126 1534 11376 281 127 895 149 171 99 125 111 225 615 286 116 914 615 163 1008 123 303 186 162 106 164 3211 228 228
internal_value=0.000445335 0.000486605 -0.00274913 0.000185093 0.000703105 0.000764389 -0.000182859 -4.8222e-05 -0.000443662 0.000306955 0.000343828 -0.00108277 -0.00135168 -0.000611783 0.000190712 0.000362664 0.000221988 0.000505023 -3.76067e-05 -0.000152975 0.000395177 0.000289267 -0.000163668 -0.000812939 0.000659071 0.00034222 0.000192436 0.00029089 -0.000366743 0.000411885
internal_weight=24029.8 23753.7 276.044 10099.9 13653.9 12040.8 2333.51 2180.41 1136.76 7766.38 7585.06 594.13 498.318 402.115 1613.03 1433.79 1550.3 901.208 649.092 416.233 7045.62 5526.74 539.443 232.474 1017.56 5322.98 3596.48 3452.54 422.773 3029.77
internal_count=24410 24124 286 9422 14702 13302 2061 1934 1039 7361 7190 610 485 374 1400 1226 1926 1030 896 449 6602 5068 588 285 777 4945 3937 3831 392 3439
is_linear=0
shrinkage=0.0202208


Tree=70
num_leaves=31
num_cat=0
split_feature=6 12 39 12 28 56 10 39 25 58 22 28 55 26 39 20 17 17 25 39 39 10 3 10 53 54 54 47 62 62
split_gain=5.39436 4.96021 2.35041 1.93248 1.75186 1.20447 0.919433 1.35083 4.13727 0.782919 0.628881 0.547835 0.532027 0.759069 0.473066 0.496583 0.434939 0.721305 0.397541 0.391678 0.35636 0.826711 2.29057 0.660856 0.347304 0.317573 0.301856 0.22278 0.221529 1.19544
threshold=0.60355339059327384 2.5000000000000004 2.6675932315169182 2.5000000000000004 64.350000000000009 1014.1500000000002 0.7775899462189082 0.87027254065269022 28.935000000000006 1007.6500000000002 28.795000000000005 80.65000000000002 0.10150000000000002 26.395000000000003 0.74379191382641308 27.204020166403506 30.072027663453607 31.629033680910158 27.085000000000004 1.6315713366422411 1.2201181863612913 -0.84293373149377071 0.7985000000000001 -0.09025077427732299 0.77250000000000008 0.14650000000000002 0.98050000000000004 29.125000000000004 0.69500000000000006 0.025000000000000005
decision_type=2 2 2 2 2 2 2 2 2 2 2 2 2 2 2 2 2 2 2 2 2 2 2 2 2 2 2 2 2 2
left_child=3 2 4 5 25 10 9 -8 -9 -3 12 20 13 -1 24 -16 -6 18 -18 -15 -5 22 -22 -23 -14 -2 -25 -13 29 -11
right_child=1 6 -4 11 16 -7 7 8 -10 28 -12 27 14 19 15 -17 17 -19 -20 -21 21 23 -24 26 -26 -27 -28 -29 -30 -31
leaf_value=-0.029207837634194125 -0.036231593506424541 0.035842538642478841 -0.091214197745455985 0.062000103096776622 0.0016201986207760087 -0.040774550957362016 0.011237068335844449 -9.5471370571991192e-05 -0.071737700773689531 0.0017614514909774449 -0.070138376766630608 0.08302779016639944 0.024180697513480908 0.038577621499856073 -0.0017481649908511815 0.025964018388195356 -0.052515548095196714 -0.0017323282882630367 -0.010884274629422827 -0.02887501270631131 -0.063667113325776598 0.029771996653113603 0.018492860066916462 0.0039914869770874169 -0.051995924866767879 -0.1030498797817246 -0.028916320659906798 -0.022184425505556594 0.0050155382181330211 -0.029829966204955701
leaf_weight=174.06137555837631 82.246962606906891 2080.8933471441269 123.06726479530334 3460.5763173103333 274.20429527759552 161.76116925477982 629.44840705394745 299.46158885955811 105.84879130125046 665.02098709344864 147.7686271071434 7388.1403799653053 117.10731399059296 395.6414281129837 254.64775109291077 2106.6525606513023 140.82834833860397 297.44818848371506 98.935563147068024 130.99399012327194 88.904471576213837 1870.7700527310371 280.77837878465652 509.80384093523026 104.25408697128296 71.821563959121704 206.08073306083679 84.403651595115662 1328.650681912899 349.56742227077484
leaf_count=123 106 2447 107 3790 217 97 545 377 93 533 177 8155 126 378 178 1570 159 397 102 100 86 1374 313 483 92 81 172 77 1584 371
internal_value=0.000436665 -4.60451e-05 -0.00130028 0.000622425 -0.000838812 0.000171388 0.000188809 -0.00031144 -0.00124783 0.000325764 0.000274077 0.000732712 0.000351971 -3.64559e-05 0.000491098 0.000586446 -0.000332122 -0.000701268 -0.00151705 0.00021282 0.000554002 0.000329759 -0.00044773 0.000475203 -0.000129792 -0.00287679 0 0.000874082 3.12738e-05 -0.000144953
internal_weight=24029.8 6547.44 1088.55 17482.3 965.485 3592.89 5458.89 1034.76 405.31 4424.13 3431.13 13889.5 3283.36 700.697 2582.66 2361.3 811.416 537.212 239.764 526.635 6416.91 2956.34 369.683 2586.65 221.361 154.069 715.885 7472.54 2343.24 1014.59
internal_count=24410 7119 1169 17291 1062 2841 5950 1015 470 4935 2744 14450 2567 601 1966 1748 875 658 261 478 6218 2428 399 2029 218 187 655 8232 2488 904
is_linear=0
shrinkage=0.0202208


Tree=71
num_leaves=31
num_cat=0
split_feature=27 31 43 51 39 11 61 60 44 11 58 25 61 46 19 33 61 33 11 39 33 29 41 26 21 26 2 11 57 25
split_gain=6.61129 3.20983 2.73207 0.96667 0.82729 0.921913 2.47913 0.826123 1.47699 1.86095 0.810724 0.805474 0.703461 1.4902 0.555691 0.717936 0.583381 0.552244 0.546907 2.39748 0.541178 0.518464 0.51195 0.492735 0.38468 0.338081 0.342719 0.283235 0.257217 0.239291
threshold=60.750000000000007 78.350000000000009 1.0844829335244894 92.541666666666728 2.6675932315169182 0.90515966073569365 0.055000000000000007 3.3150000000000004 26.826458333333338 0.92589048012183106 1011.4500000000002 25.845000000000002 15.095000000000001 2305.2080000000005 37.590088738336014 -0.029999999999999357 0.41500000000000004 -0.29000000000000087 0.60503365783732044 1.5464089787037614 0.92000000000000004 62.050000000000004 0.11060440015968341 29.935000000000006 31.234356853620309 29.755000000000006 124.55000000000001 0.99548449742306455 1010.85 27.335000000000004
decision_type=2 2 2 2 2 2 2 2 2 2 2 2 2 2 2 2 2 2 2 2 2 2 2 2 2 2 2 2 2 2
left_child=2 3 24 21 12 -6 -7 8 9 -3 23 17 14 22 16 -16 18 -9 19 -5 -21 -2 -14 29 -1 -13 -27 -23 -18 -10
right_child=1 7 -4 4 5 6 -8 11 10 -11 -12 25 13 -15 15 -17 28 -19 -20 20 -22 27 -24 -25 -26 26 -28 -29 -30 -31
leaf_value=-7.7570083842406641e-05 -0.013422886240718053 -0.043739314129774325 -0.10429975259810588 0.011574650173021327 0.017056697583443487 -0.068636458246097709 -0.10267028371701327 0.011877003175160272 0.003122999331093934 0.056012157465143202 -0.048633915407857234 0.066402881349051701 -0.010784127616239739 0.051259301752502158 -0.064104591341491254 0.014422915138568014 0.018966931571375009 -0.025220841104288863 0.0016788290340457503 -0.080008834370585008 -0.026474500763048692 0.019872115260009982 -0.052709448241158904 -0.033941035849157766 -0.10066287032059765 0.052757812212357105 -0.0046372874182272414 -0.039569813881885532 -0.0012450100684926377 0.052879787508723124
leaf_weight=177.3080969452858 200.76573216915131 114.86576533317566 117.05079770088196 447.96481472253799 172.6150558590889 203.28078299760818 118.25821262598038 228.06639993190765 356.9212235212326 132.8741866350174 134.17960155010223 9689.7855042815208 80.935416221618652 123.44690120220184 188.93212461471558 194.09028178453445 2498.2023861408234 152.78029525279999 1553.6677783131599 91.030637741088867 95.926148653030396 3065.8688122034073 80.093491017818451 88.4040687084198 112.93809801340103 511.01838964223862 170.5536937713623 204.49989479780197 269.73790937662125 2453.7270393371582
leaf_count=156 146 120 126 508 145 173 100 145 436 101 136 10683 111 150 108 83 2749 129 1442 92 97 2490 93 57 121 286 121 123 301 2882
internal_value=0.000437697 0.000484886 -0.00206418 0.000186881 1.87033e-05 -0.000751502 -0.00142195 0.000682172 0.000348734 -0.00103378 0.000491707 0.000775608 0.000102427 -0.000821553 0.000168625 -0.000501162 0.000238402 0 0 -0.000506431 -0.00244037 0.000457745 -0.00219203 0.000581644 -0.000625049 0.000809563 0.000181166 0.000530829 0.000433315 0.000644311
internal_weight=24029.8 23622.5 407.297 9589.32 6118.18 494.154 321.539 14033.2 3280.97 247.74 3033.23 10752.2 5624.03 284.476 5339.55 383.022 4956.53 380.847 2188.59 634.922 186.957 3471.13 161.029 2899.05 290.246 10371.4 681.572 3270.37 2767.94 2810.65
internal_count=24410 24007 403 8911 6152 418 273 15096 3732 221 3511 11364 5734 354 5380 191 5189 274 2139 697 189 2759 204 3375 277 11090 407 2613 3050 3318
is_linear=0
shrinkage=0.0202208


Tree=72
num_leaves=31
num_cat=0
split_feature=51 30 43 3 56 10 59 51 19 10 58 29 3 38 10 59 57 54 59 29 64 26 10 54 44 26 29 25 57 51
split_gain=4.67567 3.44429 4.48721 2.35916 1.6168 1.65335 0.883471 0.868568 0.828841 0.784302 0.687423 1.59402 0.623872 1.36273 0.598838 0.582532 0.554149 0.535295 0.48478 0.534685 0.47517 0.473803 0.470098 0.779825 0.455729 0.421713 0.547207 0.404246 0.440854 0.617192
threshold=414.46666666666687 76.65000000000002 0.78008225972340817 0.17550000000000002 1009.4500000000002 0.23448921811828119 3.7150000000000003 1.3166666666667286 31.393332827507145 0.60505046667002438 1010.2500000000001 76.750000000000014 0.052500000000000005 30.860117441894221 0.63874350706337069 4.995000000000001 1009.6500000000002 0.14650000000000002 6.4150000000000009 82.250000000000014 -1.9058555875778092 29.755000000000006 0.94417876540878176 0.56050000000000011 28.168541666666673 30.295000000000005 78.050000000000011 27.395000000000003 1007.2500000000001 82.483333333333476
decision_type=2 2 2 2 2 2 2 2 2 2 2 2 2 2 2 2 2 2 2 2 2 2 2 2 2 2 2 2 2 2
left_child=4 2 -2 -4 12 15 8 24 9 10 -3 -12 13 -1 -8 20 -9 -18 19 -19 -6 27 23 -16 -7 -10 -27 28 -14 -30
right_child=1 6 3 -5 5 7 14 16 25 -11 11 -13 21 -15 22 -17 17 18 -20 -21 -22 -23 -24 -25 -26 26 -28 -29 29 -31
leaf_value=-0.03918799773880139 -0.0018681337833387577 -0.029751390182888922 -0.035372215619550361 -0.098684828141479566 -0.008692110377347748 0.023273970344346428 0.014943573488510751 0.0030702820993263836 0.0089052421304330141 0.011159115044513614 -0.0097511300868609162 -0.077199999502989725 0.03961328846129919 0.082970662839908255 -0.059958353421134571 0.032355691921176717 -0.0002660215223878202 -0.02140428790401111 -0.0013008466761892015 -0.073758247165669255 0.013252104241943261 0.030072042451739191 0.023635044272223453 0.0029566324300672252 -0.039016550828035519 -0.027819481136764315 0.0096088814485097672 0.075962069535821394 0.029653737767324821 -0.024357998965189781
leaf_weight=130.02113646268845 456.31866109371185 91.12237012386322 128.58170050382614 143.68168967962265 127.90674650669098 783.29872447252274 2120.4557236433029 492.33043164014816 1078.0738567709923 98.308063507080078 96.410472393035889 88.425027132034302 529.03384608030319 309.59420961141586 191.19189667701721 2525.0347266197205 289.76760399341583 473.71628016233444 220.66217416524887 104.90134125947952 1684.6801556944847 1313.3914571404457 221.63429313898087 235.38370221853256 165.31309735774994 178.95207673311234 144.72343969345093 9049.1068370342255 299.11464130878448 258.65315824747086
leaf_count=85 480 125 135 134 120 530 2417 450 1307 130 97 109 624 239 155 1406 272 449 127 118 1718 900 268 173 151 133 115 10918 245 280
internal_value=0.000438067 -7.93812e-05 -0.00137559 -0.00341431 0.000588197 0.000317764 0.000110209 -6.2653e-05 -0.000211879 -0.00105217 -0.00162513 -0.0023245 0.000736888 0 0.000348408 0.000559669 -0.000381261 -0.000646321 -0.000916989 -0.00122455 0.000211103 0.000765583 -8.21758e-05 -0.000579456 0.000375929 0 -0.000620104 0.000818793 0.000305753 0
internal_weight=24029.8 5273.26 728.582 272.263 18756.5 6867.61 4544.68 2529.99 1776.02 374.266 275.958 184.835 11888.9 439.615 2768.67 4337.62 1581.38 1089.05 799.28 578.618 1812.59 11449.3 648.21 426.576 948.612 1401.75 323.676 10135.9 1086.8 557.768
internal_count=24410 5778 749 269 18632 5341 5029 2097 2016 461 331 206 13291 324 3013 3244 1416 966 694 567 1838 12967 596 328 681 1555 248 12067 1149 525
is_linear=0
shrinkage=0.0202208


Tree=73
num_leaves=31
num_cat=0
split_feature=6 12 12 28 0 21 36 4 0 31 30 59 21 38 4 55 51 63 62 4 59 31 31 50 53 30 64 21 51 38
split_gain=5.2094 3.79039 1.67886 1.56247 1.02509 1.23283 1.33056 0.903043 0.811691 0.731673 0.640212 0.596856 0.694495 1.28349 0.539904 0.531855 0.623512 0.55277 0.488795 0.463074 0.457891 1.0269 0.450926 0.288268 0.251656 0.251288 0.266477 0.226274 0.213378 0.259723
threshold=0.60355339059327384 2.5000000000000004 2.5000000000000004 64.750000000000014 2.8750000000000004 35.313181573676175 36.494488131671297 1014.0500000000001 2.9050000000000007 75.65000000000002 81.950000000000017 2.5050000000000003 29.499749783649083 29.194377227761937 1010.1500000000002 0.10150000000000002 43.08333333333352 27.430508179563738 3.1450000000000005 1002.6500000000002 3.7550000000000003 69.750000000000014 71.250000000000014 840.80000000000007 0.84950000000000003 87.050000000000011 -3.0666981454139743 37.97606583937079 620.75000000000023 29.891515676262511
decision_type=2 2 2 2 2 2 2 2 2 2 2 2 2 2 2 2 2 2 2 2 2 2 2 2 2 2 2 2 2 2
left_child=2 3 7 8 5 24 10 15 -2 14 -7 -5 -13 -14 23 17 -17 -1 -18 -6 21 -16 -21 -4 -3 26 -24 -11 29 -15
right_child=1 4 9 11 19 6 -8 -9 -10 27 -12 12 13 28 20 16 18 -19 -20 22 -22 -23 25 -25 -26 -27 -28 -29 -30 -31
leaf_value=-0.011467967097900041 -0.060574943977695021 0.023048758128635681 0.032157313790297459 0.020300537177117821 -0.027256947808871206 -0.017025752423634067 0.035340422105864008 -0.040509352151571552 -0.10053437183435375 0.063878197962190075 -0.07084624699710565 -0.0021047065248337542 -0.065731327745878337 0.021291101192796345 9.2945163535398953e-05 0.027305702425241114 0.0037470992674185962 -0.00093960975756579503 -0.068150158954069853 -0.00015209258070062576 0.00081693310389303593 -0.032685272793672011 -0.0022366335419701133 -0.02256531303180553 -0.010221901020235498 -0.00040184418894487011 0.023772234327058394 0.0070345665020592717 0.0094801039575088519 -0.036130441794355227
leaf_weight=169.57263296842575 85.490653574466705 353.96177119016647 1016.7224270701408 160.45002955198288 98.590812206268311 125.08943873643875 101.34872710704803 229.65812140703201 100.00420385599136 11650.333179354668 134.74558228254318 191.3501403927803 140.19577294588089 89.924419462680817 110.16929972171783 1793.8279432654381 713.28096002340317 587.87797719240189 98.670668005943298 988.31679302453995 437.15023905038834 132.4246631860733 148.6810474395752 123.36035358905792 260.92817366123199 404.39199978113174 2842.8368802070618 419.29766398668289 85.393342018127441 235.74362480640411
leaf_count=122 112 455 1042 203 103 131 52 140 110 12517 149 137 125 91 77 1236 702 551 90 866 304 144 128 121 346 526 3194 245 113 278
internal_value=0.00043878 -3.5177e-05 0.000621259 -0.00113317 0.00016842 -0.000385967 -0.00133341 0.000196744 -0.00295781 0.00072468 -0.00212663 -0.000650327 -0.000916661 -0.00128109 0.000266853 0.000300935 0.000445291 -8.04182e-05 0 0.000308886 -8.05657e-05 -0.000856633 0.00035452 0.000550079 3.41562e-05 0.00046524 0.00052912 0.000786345 -0.000437075 -0.000710722
internal_weight=24029.8 6547.44 17482.3 1088.55 5458.89 976.074 361.184 3592.89 185.495 13889.5 259.835 903.057 742.607 551.257 1819.83 3363.23 2605.78 757.451 811.952 4482.82 679.744 242.594 4384.23 1140.08 614.89 3395.91 2991.52 12069.6 411.061 325.668
internal_count=24410 7119 17291 1169 5950 1133 332 2841 222 14450 280 947 744 607 1688 2701 2028 673 792 4817 525 221 4714 1163 801 3848 3322 12762 482 369
is_linear=0
shrinkage=0.0202208


Tree=74
num_leaves=31
num_cat=0
split_feature=27 45 6 2 39 10 17 60 39 33 12 62 10 10 50 64 29 17 27 58 20 20 1 55 35 64 64 62 10 60
split_gain=5.4842 6.54891 2.07166 1.2202 1.87584 2.14382 1.70571 1.0089 2.4531 0.921809 0.805556 0.721937 0.979751 1.20186 0.737316 0.648917 0.522067 0.489607 0.39002 0.35506 0.345456 0.571099 0.344543 0.844509 0.325828 0.28696 0.992525 0.648987 0.254819 0.31162
threshold=69.350000000000009 2.3385651590994487 0.60355339059327384 50.550000000000004 1.0773823844491213 0.11593352601052392 30.001842890166909 4.4450000000000012 1.8247582670411762 -0.13499999999999976 4.5000000000000009 1.7550000000000001 0.42888796625999276 0.36571913681022045 534.60000000000014 0.37831661156966595 74.15000000000002 31.468845450460815 79.850000000000009 1009.5500000000001 31.321963722433249 28.191893855829843 0.15500000000000003 0.083500000000000019 0.091833798487581331 -0.52619612238929736 -2.4792299839655718 0.48500000000000004 0.63874350706337069 5.6650000000000009
decision_type=2 2 2 2 2 2 2 2 2 2 2 2 2 2 2 2 2 2 2 2 2 2 2 2 2 2 2 2 2 2
left_child=1 3 10 -1 -5 -6 -7 8 9 15 11 12 13 16 19 -4 -2 -11 20 -13 21 -12 23 -8 -19 26 -23 -28 -9 -30
right_child=2 -3 7 4 5 6 22 28 -10 17 18 14 -14 -15 -16 -17 -18 24 -20 -21 -22 25 -24 -25 -26 -27 27 -29 29 -31
leaf_value=0.0042965784779749787 -0.0028886675090339523 -0.0978579640211059 -0.0077705924195495329 0.0057740371808568053 -0.00019011273446881323 -0.020695802242618199 -0.039269137541413951 0.01555179823079143 -0.13611866891819593 -0.026104168468459379 0.019013653088852507 0.031689857721202017 0.044051561756690893 -0.0083363119099263625 -0.10995250970835364 -0.056230100932672 0.026025819879837209 -0.0021643245965213324 0.080421801229873413 -0.039491676706657416 0.04412505171129618 0.057829150400845207 -0.038304250732720112 -0.067260035291524689 0.019061227584170316 0.012858340557719687 -0.08081448703574981 -0.028800359996926317 0.026201750554362795 -0.0052021674752984887
leaf_weight=899.45229041576385 570.60841053724289 121.90784645080566 129.48262315988541 488.60065418481827 411.21519821882248 156.8073758482933 85.438315212726593 2530.0039057135582 84.53387987613678 189.23039650917053 761.55203551054001 698.15406084060669 2438.9648470878601 154.60496842861176 125.04072946310043 88.36931961774826 497.41603982448578 569.97768664360046 7897.0995479822159 177.93647998571396 2307.2004152536392 139.06439512968063 90.29770302772522 177.96338564157486 1364.6289777755737 304.99773424863815 156.06672525405884 97.215351283550262 204.73306638002396 111.22517555952072
leaf_count=736 455 89 163 456 373 118 107 2912 83 224 503 659 2411 107 151 89 336 590 8505 137 2475 74 85 225 1540 305 94 113 185 110
internal_value=0.000445081 -0.000445087 0.000549421 -0.000160612 -0.000557109 -0.00111695 -0.001987 0.000177511 -9.66012e-05 0 0.000664088 0.000397006 0.000530269 0 -3.45555e-06 -0.00120876 0.000301964 0.000157374 0.000763182 0.000116241 0.000525348 0.000189791 -0.00276194 -0.00327184 0.000287096 -0.000132232 -0.000559402 -0.0014081 0.000441725 0
internal_weight=24029.8 2431.68 21598.1 2309.77 1410.32 921.722 510.507 5272.19 2426.22 2341.69 16325.9 4662.73 3661.59 1222.63 1001.13 217.852 1068.02 2123.84 11663.2 876.091 3766.1 1458.9 353.699 263.402 1934.61 697.344 392.346 253.282 2845.96 315.958
internal_count=24410 2189 22221 2100 1364 908 535 5896 2689 2606 16325 4256 3309 898 947 252 791 2354 12069 796 3564 1089 417 332 2130 586 281 207 3207 295
is_linear=0
shrinkage=0.0202208


Tree=75
num_leaves=31
num_cat=0
split_feature=27 6 45 27 21 36 58 10 21 10 45 59 53 59 3 61 10 36 51 26 41 10 27 25 45 12 21 6 59 3
split_gain=5.23629 2.62865 2.2264 1.10136 1.00232 1.20612 0.923315 0.719292 0.873517 0.68283 0.589111 2.29493 0.4789 1.26043 0.441033 0.404032 0.915146 0.428721 0.4384 0.352244 0.351478 0.322732 0.318057 0.394337 0.436565 0.281125 0.299896 0.265588 0.262514 0.215422
threshold=64.750000000000014 0.60355339059327384 2.0593770840072279 78.65000000000002 30.989819218711947 34.79391853041372 1007.6500000000002 0.7775899462189082 37.6070552464233 -0.12447811117596669 1.2251500779171252 5.6150000000000011 0.052500000000000005 3.2950000000000004 0.97850000000000004 0.22500000000000003 -0.79356426026969629 29.958484332194626 19.291666666666803 29.755000000000006 0.42930175867443371 0.74981945761428193 78.450000000000017 27.435000000000006 0.92167174254643602 3.5000000000000004 37.472132586141278 0.78656609248549325 7.9250000000000007 0.98750000000000016
decision_type=2 2 2 2 2 2 2 2 2 2 2 2 2 2 2 2 2 2 2 2 2 2 2 2 2 2 2 2 2 2
left_child=2 3 4 15 27 -6 7 28 -9 22 14 -12 13 -5 -11 16 -2 18 29 -14 -19 -21 -8 24 -24 -17 -27 -1 -3 -18
right_child=1 6 -4 12 5 -7 9 8 -10 10 11 -13 19 -15 -16 25 17 20 -20 21 -22 -23 23 -25 -26 26 -28 -29 -30 -31
leaf_value=0.0073508570048757584 -0.06549379382195003 0.039994808577116278 -0.095880084675409677 -0.009735029443900662 -0.04782980508248464 0.017504414963186464 0.011014873342465046 0.018863483171513564 -0.050946709413145913 0.00034825648891277671 -0.11304015845320529 -0.0032862563361311277 0.069486131754092115 0.067281146597974129 -0.030726443666512053 0.00045291827658456793 0.025332493286937888 0.0052560568438397744 -0.00016187978611823274 0.072089519527695864 -0.020541378898176605 -0.019474586606191731 -0.038945894745776442 0.013017205829694168 -0.025875281805194907 0.046479913538784397 0.0058583140299380441 -0.008297571242672809 -0.003555207923536142 -0.0017070862604704055
leaf_weight=313.3630553483963 124.38305234909058 1937.4509714841843 121.66216248273849 125.52328425645828 296.4632955789566 96.647598564624786 1060.2908852696419 378.07144689559937 121.96507722139359 1088.7460057735443 131.3446279168129 263.15555065870285 10243.564279198647 402.59318971633911 164.17163908481598 536.4745460152626 984.78434300422668 917.49079006910324 549.22561055421829 497.53838992118835 171.68923902511597 218.91424703598022 129.32925492525101 402.79446798563004 80.229633986949921 1886.1560981869698 243.39259397983551 188.68463999032974 179.59300005435944 174.09656453132629
leaf_count=237 109 2271 102 119 358 57 1146 356 64 1200 131 184 11122 273 182 426 541 987 361 332 152 149 178 524 67 2161 131 172 228 90
internal_value=0.000442065 0.000507346 -0.000945782 0.000636093 -0.000474326 -0.00124149 0.000122137 0.000411936 -0.000148955 -8.01823e-05 -0.000389587 -0.00109791 0.000757433 0 -9.40828e-05 0.000370594 0.000161321 0.000264297 0.000465482 0.000786892 0 0.000172199 0.000172536 -8.89477e-05 -0.000869518 0.000566549 0.000674952 0 0.000585731 0.000687855
internal_weight=24029.8 23013 1016.82 17075.8 895.159 393.111 5937.14 2617.08 500.037 3320.06 1647.42 394.5 11488.1 528.116 1252.92 5587.69 2921.67 2797.29 1708.11 10960 1089.18 716.453 1672.64 612.353 209.559 2666.02 2129.55 502.048 2117.04 1158.88
internal_count=24410 23484 926 16953 824 415 6531 2919 420 3612 1697 315 11995 392 1382 4958 2240 2131 992 11603 1139 481 1915 769 245 2718 2292 409 2499 631
is_linear=0
shrinkage=0.0202208


Tree=76
num_leaves=31
num_cat=0
split_feature=51 46 11 60 12 58 38 17 1 60 29 63 56 11 60 44 62 38 44 1 20 26 64 64 3 64 44 58 26 11
split_gain=4.42664 3.57532 3.06735 3.91065 1.30223 0.916265 0.793524 1.45914 0.653826 0.523421 1.07625 1.08717 0.496839 0.45359 0.868429 1.24527 0.768646 0.503009 0.679526 0.489447 0.391114 0.756952 0.488066 1.04558 0.696728 0.684415 0.326151 0.325792 0.302306 0.280134
threshold=278.85000000000014 1873.2950000000003 0.87377473702374975 3.4850000000000008 2.5000000000000004 1010.7500000000001 36.53185796778056 37.333656857929576 0.065000000000000016 4.8650000000000011 80.050000000000011 33.269336655703405 1014.1500000000002 0.90515966073569365 3.3750000000000004 26.826458333333338 8.8850000000000033 29.773102776863723 28.283541666666668 0.015000000000000001 31.321963722433249 28.425000000000004 -0.77687118723589232 -2.4792299839655718 0.62650000000000017 -1.7871602390862227 28.37145833333334 1012.2500000000001 29.735000000000003 -0.66483077113278999
decision_type=2 2 2 2 2 2 2 2 2 2 2 2 2 2 2 2 2 2 2 2 2 2 2 2 2 2 2 2 2 2
left_child=4 2 3 -2 12 6 -3 -8 27 10 -7 -12 13 16 15 -15 26 -17 19 -19 21 22 23 -6 25 -25 -1 -4 -22 -9
right_child=1 5 8 -5 20 9 7 29 -10 -11 11 -13 -14 14 -16 17 -18 18 -20 -21 28 -23 -24 24 -26 -27 -28 -29 -30 -31
leaf_value=0.028143784234988551 0.0034207263226934469 0.020782766509413863 -0.024850482450564162 -0.09155830013319409 0.034249621890859325 -0.0028160672174166973 -0.03665147203886842 0.010992444115706551 -0.053018999654534507 0.0053022097935090592 -0.08089360937305029 -0.00752124471205511 -0.038370474690911267 -0.011749430941119599 0.016306755602463807 0.026338217376181625 -0.053812795900524034 -0.042213050400564674 0.05029767601658678 -0.0028305288550130115 0.068545623790147087 -0.015945229425916939 0.061142148983896631 -0.061476319739796788 0.00077623725259694048 -0.0054584804564215611 -0.043606366250489977 0.0084420418218558568 0.03490323087361262 -0.010733248860624173
leaf_weight=1409.2391947507858 132.34704369306564 4541.92360663414 229.41669821739197 216.26061886548996 917.41070300340652 385.29925239086151 180.96124178171158 381.74589037895203 133.0328117609024 365.28614640235901 94.125989019870758 76.67470383644104 228.66593712568283 164.58216542005539 653.80567955970764 301.66334283351898 106.35106432437897 127.70917892456055 139.55838638544083 187.66060549020767 8700.4459416866302 137.80103588104248 1250.3357800841331 153.72701698541641 589.75821179151535 179.18635207414627 118.47149854898453 392.44260913133621 1227.2546490430832 306.64618504047394
leaf_count=1111 148 5638 219 219 550 471 151 191 94 380 120 102 150 123 394 210 100 105 146 161 10554 157 850 99 488 120 134 292 796 137
internal_value=0.000438945 1.67213e-05 -0.00103007 -0.0026122 0.000622832 0.00021349 0.00032236 -0.000168164 -0.000174042 -0.0003299 -0.000747438 -0.00207524 0.000232693 0.000315903 1.08254e-05 -0.000329438 0.000555743 0 -0.00040225 -0.00101975 0.00071802 0.000452265 0.00053569 0.000253575 -0.000151349 -0.000933236 0.000704559 0 0.000795401 0.000145268
internal_weight=24029.8 7436.16 1103.5 348.608 16593.6 6332.66 5411.28 869.353 754.892 921.386 556.1 170.801 3437.71 3209.04 1574.98 921.174 1634.06 756.592 454.928 315.37 13155.9 3228.22 3090.42 1840.08 922.672 332.913 1527.71 621.859 9927.7 688.392
internal_count=24410 8162 972 367 16248 7190 6117 479 605 1073 693 222 2634 2484 1139 745 1345 622 412 266 13614 2264 2107 1257 707 219 1245 511 11350 328
is_linear=0
shrinkage=0.0202208


Tree=77
num_leaves=31
num_cat=0
split_feature=27 27 59 52 30 11 11 58 59 57 30 49 11 31 3 59 38 58 44 31 61 38 31 34 11 49 11 59 59 1
split_gain=4.67691 1.90995 3.1044 1.82827 0.886288 1.27361 0.948492 0.855233 1.10501 0.81744 0.972233 1.35574 1.41053 1.07833 0.698436 0.937819 1.61111 0.60778 0.627551 0.536649 0.465815 0.635911 0.881986 0.45743 0.456103 0.401669 0.3161 0.299313 0.31328 0.297475
threshold=70.050000000000011 59.350000000000001 2.6950000000000007 1148.8945000000003 82.550000000000011 0.93834263341299773 0.46735921715800216 1007.35 7.2650000000000006 1009.6500000000002 76.65000000000002 295.75000000000006 0.96457844552971317 64.750000000000014 0.052500000000000005 3.1450000000000005 29.938653117354459 1010.7500000000001 29.58979166666667 77.050000000000011 0.045000000000000005 33.22970143701172 70.050000000000011 30.510569002997162 0.53435276464917691 869.00000000000011 -0.86955717898714324 3.2950000000000004 7.9250000000000007 0.57500000000000007
decision_type=2 2 2 2 2 2 2 2 2 2 2 2 2 2 2 2 2 2 2 2 2 2 2 2 2 2 2 2 2 2
left_child=1 2 -1 14 9 6 -6 25 17 -3 11 -11 13 -13 15 16 -2 18 23 -16 -19 22 -22 24 -9 27 -25 29 -29 -5
right_child=3 4 -4 7 5 -7 -8 8 -10 10 -12 12 -14 -15 19 -17 -18 20 -20 -21 21 -23 -24 26 -26 -27 -28 28 -30 -31
leaf_value=0.0033515563567743552 -0.011245601261036939 0.013370314207248272 -0.10769765785470194 -0.03505148151464306 -0.020228999730295384 0.013903945592322298 -0.065361862450083588 -0.057859092464355541 0.01871691398210544 -0.0015038039270055621 0.0037416735455252214 -0.044193334541316631 -0.0026584891699710568 -0.085113009325786498 0.012011604099623081 0.037471462002850266 0.014013029507035162 0.00080319688696940206 -0.018834344044272602 0.065094709498955003 0.011785200337152883 0.010330853481488734 -0.062390278620167439 -0.0036317318305873242 0.0017722100525301076 -0.071680845469168669 0.025244642026920866 0.040818502967660895 -0.0025033978649419502 0.034425771578397914
leaf_weight=134.67846614122391 114.93770402669907 777.64235866069794 141.36541652679443 97.089535892009735 113.60848182439804 142.59850287437439 92.984598517417908 150.93529099225998 736.12515670061111 567.30650049448013 426.5428569316864 134.19535821676254 140.27537274360657 90.342329740524292 1804.5437152981758 604.54305100440979 160.2887527346611 276.70529073476791 291.76406401395798 10039.183492600918 92.221198081970215 119.18927520513535 292.76643222570419 357.48095679283142 520.93840479850769 90.733021318912506 1771.415630877018 2831.0928166508675 255.22198098897934 661.0735274553299
leaf_count=138 95 714 148 92 108 138 111 168 409 415 364 144 122 88 1553 393 172 246 197 10443 97 146 355 459 437 67 2303 3227 338 723
internal_value=0.00045254 -0.000309869 -0.00191258 0.00055569 -9.38782e-05 -0.0010417 -0.00207173 0.000308199 9.72047e-05 2.18131e-05 -0.000233084 -0.000640364 -0.00159487 -0.00257443 0.000714867 4.89701e-05 -0.000800812 -1.77371e-05 8.5807e-05 0.000756907 -0.000537691 -0.000906248 -0.00131957 0.000204126 -0.000173826 0.000532766 0.000364563 0.000575368 0.000671356 6.82541e-05
internal_weight=24029.8 2761.54 276.044 21268.2 2485.5 349.192 206.593 8544.75 4609.54 2136.3 1358.66 932.12 364.813 224.538 12723.5 879.77 275.226 3873.42 3092.53 11843.7 780.882 504.177 384.988 2800.77 671.874 3935.21 2128.9 3844.48 3086.31 758.163
internal_count=24410 2490 286 21920 2204 357 219 9264 4817 1847 1133 769 354 232 12656 660 267 4408 3564 11996 844 598 452 3367 605 4447 2762 4380 3565 815
is_linear=0
shrinkage=0.0202208


Tree=78
num_leaves=31
num_cat=0
split_feature=27 27 51 57 60 39 21 10 57 44 55 60 17 38 21 59 61 33 39 31 21 49 33 10 48 10 40 42 61 59
split_gain=4.2208 1.93358 1.60456 1.56933 1.12372 1.05416 2.20447 1.54916 1.17882 0.741538 0.583448 1.06559 1.6901 0.467367 0.91006 0.662997 0.567461 1.52564 0.426688 0.419828 0.440622 0.371437 0.348947 0.334613 0.361778 0.492953 0.321057 0.299286 0.382607 0.297809
threshold=70.050000000000011 55.95000000000001 28.725000000000193 1007.2500000000001 6.8650000000000011 1.0773823844491213 31.324761671460788 0.081675638985454754 1009.5500000000001 29.638541666666672 0.47250000000000003 3.3150000000000004 28.062711357252638 33.207919633323058 34.319619170918713 3.8450000000000002 7.6450000000000005 -0.1150000000000002 1.7094036405268516 77.750000000000014 37.099477473911506 726.85000000000014 0.39499999999999963 0.26781182513105634 124.55000000000001 0.69636977696931246 29.738333333333337 25.896666666666672 1.0000000180025095e-35 9.1850000000000005
decision_type=2 2 2 2 2 2 2 2 2 2 2 2 2 2 2 2 2 2 2 2 2 2 2 2 2 2 2 2 2 2
left_child=1 -1 10 9 13 -3 23 -8 -9 29 11 12 -2 14 16 -16 27 -18 -10 22 -21 26 -15 -7 -25 -26 -11 28 -5 -4
right_child=2 5 3 4 -6 6 7 8 18 21 -12 -13 -14 19 15 -17 17 -19 -20 20 -22 -23 -24 24 25 -27 -28 -29 -30 -31
leaf_value=-0.090812342107272362 -0.014036676946457927 0.0083525151584368917 0.055124402616316272 0.0017363744733662238 0.018510737304922798 0.0025080868353605677 -0.00074536985857292918 -0.018583403501302099 -0.03601905149187852 -0.0050660104899345176 0.055338018529394233 0.049353747387722996 0.014848913870721465 -0.0067816432985257557 -0.10838498532398404 -0.029840370904020155 -0.065226457341091601 0.0010683916350350401 -0.055287827096674756 0.039692039042592858 -0.041454069899618903 -0.014670114159119521 0.016422632081215943 0.00050780106534992469 -0.076083235395943929 6.0582182728622093e-05 0.053763095260760778 0.0047916120157490919 -0.059346569909029506 -0.020701490687459911
leaf_weight=105.96353930234909 154.56361424922943 753.51176530122757 4352.5949617624283 135.7502937912941 916.02670162916183 646.57786571979523 225.78592717647552 166.43579822778702 88.108737409114838 167.41218566894531 7906.5680148005486 1402.907661318779 616.37792307138443 533.4125292301178 78.731575667858124 70.187771856784821 111.83320027589798 250.08249419927597 126.70455592870712 849.61886805295944 78.671194136142731 180.96225219964981 516.84436523914337 420.53928381204605 126.9904870390892 100.92228275537491 740.25477093458176 2001.0503170490265 130.60630166530609 73.792301595211029
leaf_count=115 96 680 5573 102 704 494 273 163 117 148 7955 882 579 581 98 90 121 332 129 1084 53 105 512 305 111 103 405 2296 98 106
internal_value=0.000443409 -0.000279346 0.000541405 0.000358765 0.000103509 -0.000135518 -0.000413864 -0.00141751 -0.00219791 0.000605189 0.000735202 0.00036189 -0.000153087 -3.50249e-06 -0.000189942 -0.00173565 -6.66133e-05 -0.000815136 -0.00326385 0.00021398 0.000530551 4.07977e-05 0 0 -0.000258738 -0.000908869 0.00028015 1.55519e-05 -0.00056158 0.000724068
internal_weight=24029.8 2761.54 21268.2 11187.8 5672.82 2655.58 1902.06 607.035 381.249 5515.02 10080.4 2173.85 770.942 4756.79 2778.24 148.919 2629.32 361.916 214.813 1978.55 928.29 1088.63 1050.26 1295.03 648.452 227.913 907.667 2267.41 266.357 4426.39
internal_count=24410 2490 21920 12408 6071 2375 1695 682 409 6337 9512 1557 675 5367 3137 188 2949 453 246 2230 1137 658 1093 1013 519 214 553 2496 200 5679
is_linear=0
shrinkage=0.0202208


Tree=79
num_leaves=31
num_cat=0
split_feature=6 12 45 46 17 45 38 12 60 18 18 53 60 37 38 58 4 26 18 35 62 58 60 60 1 1 53 46 26 60
split_gain=3.90093 2.89857 2.26418 1.46562 1.00727 1.33156 1.47096 1.28236 0.864748 1.69968 0.675276 1.81996 0.644103 0.998096 0.907319 0.669102 0.585458 0.679285 0.521116 0.473676 0.424531 0.437374 0.422019 1.31152 0.343284 0.336963 0.286514 0.279507 0.275282 0.238328
threshold=0.60355339059327384 2.5000000000000004 2.0593770840072279 2242.2940000000003 26.433224195012809 1.3935876373017682 29.486255731719019 9.5000000000000018 2.6350000000000002 28.834424355369276 28.306323593679021 0.17550000000000002 4.1650000000000009 0.26153761753318167 36.306693703359528 1010.7500000000001 1011.2500000000001 29.755000000000006 32.615651406419381 0.203885882894904 0.87500000000000011 1012.0500000000001 3.8450000000000002 3.0250000000000004 1.0000000180025095e-35 10.950000000000001 0.97850000000000004 1922.4350000000002 25.725000000000005 6.6750000000000007
decision_type=2 2 2 2 2 2 2 2 2 2 2 2 2 2 2 2 2 2 2 2 2 2 2 2 2 2 2 2 2 2
left_child=3 2 8 4 -1 10 22 24 -2 -10 11 -6 13 14 -3 26 17 -5 -11 -17 21 27 23 -7 -8 28 -15 -14 -12 -22
right_child=1 12 -4 16 5 6 7 -9 9 18 25 -13 20 15 -16 19 -18 -19 -20 -21 29 -23 -24 -25 -26 -27 -28 -29 -30 -31
leaf_value=0.032070395387196991 0.02049877725391322 -0.0062430503633693259 -0.088246173608090492 0.082731844884269365 -0.037154448834215863 0.0095090402297906777 -0.062361849668651333 0.010217677245413816 0.0036308078714202365 -0.046824543968971413 -0.01189526618937887 0.0020295817470227786 -0.016240774247558838 0.021569472731369083 -0.042008454814529729 -0.00039282223225425232 -0.010994878691157126 0.021512979514954636 -0.029236973483784973 -0.11061886478380273 0.027262002372568504 0.0060129013545208859 0.0096220258293811152 -0.039117637053346352 -0.014727026687571493 -0.0066236148155125133 -0.00995214736855656 -0.0014328461774034524 0.018558603898317098 0.0038134339665402447
leaf_weight=2415.5171364545822 232.41247028112411 373.82672941684723 104.8559747338295 7857.5082158446312 151.82393848896027 292.35205692052841 111.34378147125244 122.20497179031372 280.38968294858932 381.20325815677643 124.03797793388367 394.20228403806686 177.15277278423309 1178.4118303060532 146.97845268249512 89.337442636489868 310.51405346393585 1147.5434105992317 89.690800487995148 87.64797055721283 1500.2802067399025 376.88771605491638 509.411949634552 131.37729120254517 111.00998431444168 288.58107924461365 206.35920095443726 638.29726266860962 3514.9179974198341 683.71164083480835
leaf_count=983 296 441 80 9754 104 212 97 115 221 444 108 269 127 1235 92 107 337 705 128 102 1773 272 386 103 101 345 265 683 3672 853
internal_value=0.000434041 0 -0.000937445 0.000591732 0.000372346 0.000204885 -0.00033484 -0.00146204 -0.000523729 -0.000893927 0.000378756 -0.000178977 0.000202944 -4.03263e-05 -0.000835177 0.000170285 0.000774422 0.000804346 -0.00165244 -0.000855269 0.000378768 0 0 -0.000374128 -0.00236798 0.000478671 0.000366518 -0.000192567 0.000533944 0.000548614
internal_weight=24029.8 6547.44 1088.55 17482.3 8166.78 5751.26 1277.7 344.559 983.696 751.284 4473.56 546.026 5458.89 2082.56 520.805 1561.76 9315.57 9005.05 470.894 176.985 3376.33 1192.34 933.141 423.729 222.354 3927.54 1384.77 815.45 3638.96 2183.99
internal_count=24410 7119 1169 17291 6495 5512 1014 313 1089 793 4498 373 5950 2242 533 1709 10796 10459 572 209 3708 1082 701 315 198 4125 1500 810 3780 2626
is_linear=0
shrinkage=0.0202208


Tree=80
num_leaves=31
num_cat=0
split_feature=49 58 4 30 21 60 59 4 30 20 11 25 58 11 20 29 4 41 8 11 18 4 3 21 56 54 58 59 60 8
split_gain=4.04696 2.29618 1.23298 1.02466 3.58327 1.02216 0.912668 1.06521 0.858201 0.750159 0.613449 0.530357 0.87806 0.985822 1.49914 0.507637 0.494926 0.404868 0.98231 0.35719 0.333182 0.446494 0.311815 0.354361 0.305475 0.26475 0.259807 0.367737 0.322268 0.23878
threshold=202.40000000000003 1010.1500000000002 1009.1500000000002 75.350000000000009 31.595852235520645 4.4450000000000012 7.2250000000000005 1013.85 82.250000000000014 30.603302005715111 0.98927755889796032 28.925000000000004 1005.9500000000002 -0.62538740722492581 36.211223691063104 76.750000000000014 1008.1500000000002 0.40016663196013696 0.12940952255126045 -0.28435918728100346 31.269691521688532 1007.6500000000002 0.62650000000000017 32.010129347205314 1011.4500000000002 0.16950000000000004 1008.7500000000001 3.7550000000000003 4.7950000000000008 -0.60355339059327362
decision_type=2 2 2 2 2 2 2 2 2 2 2 2 2 2 2 2 2 2 2 2 2 2 2 2 2 2 2 2 2 2
left_child=2 11 9 4 24 8 7 15 -5 22 -9 16 -13 -14 -15 17 -2 26 -19 -17 -10 -22 -1 -24 -3 -7 28 -28 -4 -21
right_child=1 3 6 5 -6 25 -8 10 20 -11 -12 12 13 14 -16 19 -18 18 -20 29 21 -23 23 -25 -26 -27 27 -29 -30 -31
leaf_value=-0.01387086755868723 0.03107041130096537 -0.049880831693583157 0.0065889423177292747 -0.0014025969864870571 -0.085162879554505702 0.011274721320698542 0.038298994988002599 -0.044541170072900989 -0.066634538575606791 0.073315759869547137 -0.0011396406042002828 0.025630597614125422 0.00047724591734431352 -0.0080811648539270732 -0.058777301227843193 -0.018912762815833428 -0.00033511938358062206 0.010440695325436218 -0.030667290034220931 -0.0015682742233618248 0.031249376348634925 -0.05540030070015272 0.04334311148602879 -0.0062623962953547987 0.00011183173238000582 -0.0006479063496109389 0.00017298156002645197 0.015444607281252611 -0.063413866112667833 0.027825370846070691
leaf_weight=170.27852016687393 3164.4365003108978 181.98332071304321 580.31415200233459 394.59351736307144 117.14012432098389 353.69953870773315 1681.8030033707619 215.77592712640762 76.446736931800842 8559.6546506285667 147.84100741147995 583.39108008146286 661.15826886892319 276.29825311899185 112.00542086362839 187.74763268232346 830.78575599193573 187.86107182502747 198.18727034330368 161.54380202293396 77.077273011207581 246.30222189426422 353.56008446216583 88.770453035831451 213.72638618946075 647.51529866456985 811.93559044599533 585.7921005487442 110.58532720804214 2051.5792507529259
leaf_count=118 4121 179 608 446 141 327 646 160 92 9819 91 410 474 261 81 221 965 154 139 194 101 322 307 107 178 611 689 399 90 1959
internal_value=0.000437071 5.11998e-05 0.000621868 -0.000471448 -0.00129881 -0.000184101 0.000391463 0.000235512 -0.000748373 0.000785929 -0.000745108 0.000281308 0 -0.000375189 -0.00118547 0.000327149 0.000407022 8.00734e-05 -0.000451202 0.000544846 -0.00140574 -0.000705511 0 0.000371793 -0.00013104 0.000177726 0.000220796 0.000385438 0 0.000622789
internal_weight=24029.8 7936.56 16093.2 2308.48 512.85 1795.63 6920.97 5239.16 794.42 9172.26 363.617 5628.08 1632.85 1049.46 388.304 4875.55 3995.22 2474.68 386.048 2400.87 399.826 323.379 612.609 442.331 395.71 1001.21 2088.63 1397.73 690.899 2213.12
internal_count=24410 8709 15701 2397 498 1899 5350 4704 961 10351 251 6312 1226 816 342 4453 5086 2079 293 2374 515 423 532 414 357 938 1786 1088 698 2153
is_linear=0
shrinkage=0.0202208


Tree=81
num_leaves=31
num_cat=0
split_feature=48 12 46 29 23 60 54 26 0 24 58 0 39 58 60 21 32 35 58 48 64 0 39 64 64 44 58 39 10 0
split_gain=3.5274 2.88609 1.82467 1.14968 1.0356 1.59034 0.909362 0.864714 1.92039 0.473832 0.614332 0.362681 0.642614 1.26783 1.35799 0.412145 0.339642 0.463763 0.457941 0.424225 0.269794 0.262019 0.261561 0.238838 0.377409 1.04423 1.08386 0.798697 0.35922 0.294776
threshold=117.40000000000002 2.5000000000000004 1636.2780000000002 72.65000000000002 26.745000000000001 2.6950000000000007 0.16350000000000003 29.775000000000002 2.0050000000000003 28.035000000000004 1009.5500000000001 5.1050000000000013 1.5464089787037614 1010.6500000000002 3.8650000000000007 29.277919114675452 -0.088309636078914608 0.43592756159930396 1007.0500000000001 716.75000000000011 0.85563249846199174 1.2250000000000003 2.5415257450688276 -1.1873269242654148 -2.186891101812845 27.580208333333335 1011.5500000000001 1.6103898111175141 0.97873101657557349 3.9250000000000003
decision_type=2 2 2 2 2 2 2 2 2 2 2 2 2 2 2 2 2 2 2 2 2 2 2 2 2 2 2 2 2 2
left_child=3 2 -2 11 22 -6 -7 23 -9 10 -8 12 -1 -14 -15 -13 19 20 -19 -10 -18 -5 -4 24 29 26 27 -26 -25 -3
right_child=1 7 4 21 5 6 9 8 16 -11 -12 15 13 14 -16 -17 17 18 -20 -21 -22 -23 -24 28 25 -27 -28 -29 -30 -31
leaf_value=0.013494019565028713 -0.079489014122367363 -0.058954423630596213 0.0027930887511592806 0.00049685328653774742 0.018500069299318033 -0.011575680553352086 -0.027153868581369516 -0.049271869817404501 6.6674644657452697e-05 -0.057610735791584107 -0.05428005998229294 0.029984894208130018 0.0033970977678856279 -0.060255168756269212 -0.073240314562523542 -0.00041636735888542426 -0.0010615890461432426 0.0024121892478321328 -0.065445000141752266 -0.04391413832596177 0.022355868870382774 0.055018965805241071 -0.014001194811084543 0.027690612565188455 -0.010125291221679475 0.0264026170727359 0.00081874405524553888 -0.053747468141401439 -0.0091910792101823416 0.015344748909704699
leaf_weight=1494.6684358716011 139.32353359460831 115.13644856214523 367.09440571069717 331.43855935335159 292.91047316789627 201.4319686293602 91.302872955799103 159.12394934892654 344.66043329238892 75.063885807991028 215.52502804994583 726.09526789188385 774.89080011844635 197.51581972837448 129.87074446678162 322.02741318941116 284.84252512454987 130.71034097671509 105.78960955142975 132.94154816865921 771.98231816291809 10720.342158973217 137.85597294569016 4160.7561510801315 97.323091983795166 364.03102731704712 108.97643786668777 93.366151392459869 224.98403507471085 717.80813270807266
leaf_count=1393 105 141 280 399 367 245 109 160 268 101 242 354 676 165 105 249 277 79 113 81 534 11141 98 5080 124 464 85 78 301 596
internal_value=0.00043596 0.000116808 -0.000671407 0.000632586 -0.00037102 -0.000816643 -0.0014476 0.000281687 -5.09944e-05 -0.00203782 -0.00240388 0.000280194 0.00010877 -0.000211681 -0.00129218 0.00061966 9.53308e-05 0.000301219 -0.000300017 -0.00027825 0.000518937 0.000740746 0.000230575 0.000405678 0.00010168 -0.000171375 -0.001135 -0.00207001 0.000489281 0.000423647
internal_weight=24029.8 9332.94 1520.51 14696.8 1381.18 876.234 583.324 7812.43 1930.05 381.892 306.828 3645.07 2596.95 1102.28 327.387 1048.12 1770.93 1293.32 236.5 477.602 1056.82 11051.8 504.95 5882.38 1496.64 663.697 299.666 190.689 4385.74 832.945
internal_count=24410 9928 1547 14482 1442 1064 697 8381 1512 452 351 2942 2339 946 270 603 1352 1003 192 349 811 11540 378 6869 1488 751 287 202 5381 737
is_linear=0
shrinkage=0.0202208


Tree=82
num_leaves=31
num_cat=0
split_feature=49 58 10 44 46 0 10 21 59 39 56 32 21 36 39 39 11 55 10 11 11 0 44 58 10 54 55 39 0 11
split_gain=3.5343 2.35755 2.45987 2.51962 1.08768 1.11415 0.972999 1.14749 0.93292 0.710341 0.62364 0.53953 0.496564 0.481435 0.387351 0.365221 1.1991 1.42035 0.552685 0.526199 2.63818 0.440011 0.437558 0.347009 0.334656 0.314669 0.304819 0.315995 0.295467 0.275165
threshold=174.75000000000003 1010.1500000000002 0.26781182513105634 27.062708333333337 2242.2940000000003 7.1350000000000007 0.7775899462189082 37.798646939312505 3.7750000000000004 1.6876747580957965 1011.2500000000001 0.99097732665226357 37.97606583937079 30.561340636549826 0.78272173636813569 1.5464089787037614 0.59123954401714218 0.60350000000000004 -0.20931270765420754 0.91234096280339505 0.93225468035816128 4.7950000000000008 27.790208333333336 1008.7500000000001 0.5772862706790628 0.82950000000000002 0.30950000000000005 1.0550987845386173 6.8350000000000009 -0.93533330245768853
decision_type=2 2 2 2 2 2 2 2 2 2 2 2 2 2 2 2 2 2 2 2 2 2 2 2 2 2 2 2 2 2
left_child=4 6 8 -4 5 15 13 -8 11 26 12 -3 -6 -2 23 19 17 -17 -18 21 -21 -1 -22 29 -12 -10 -5 -28 -16 -15
right_child=1 2 3 9 10 -7 7 -9 25 -11 24 -13 -14 14 28 16 18 -19 -20 20 22 -23 -24 -25 -26 -27 27 -29 -30 -31
leaf_value=0.042202125405650749 -0.0088534117709458768 -0.0010943147211461084 -0.069365742361517713 0.018255792931804665 0.078778363598846282 0.037571847981316679 0.00019805186866679749 -0.033309305612475151 0.0082148537833077236 -0.050909763665814657 0.034612280314784749 -0.068326830226293239 0.00061747182220170784 -0.0031165503548199044 0.044887365690211498 -0.050514351644907578 0.032682546415257932 0.00053061823113921178 -9.3793869975903683e-05 -0.022926987115423653 0.015067130282071196 -0.00083565502288974992 -0.0044453712092857737 -0.013725668199413196 -0.069953542259116944 -0.00098455656597058652 -0.0081732482708632617 -0.084796779912410386 0.0094454300152376335 0.025692574244778651
leaf_weight=1451.3553637862206 471.74165856838226 381.82086259126663 220.97747850418091 277.11142748594284 7845.7237368822098 2122.7969203591347 969.21719270944595 160.50201487541199 739.43873488903046 116.96249806880951 195.26511687040329 131.62492495775223 346.05518698692322 425.5257625579834 2166.4327337145805 171.41228061914444 599.0925709605217 239.78827095031738 1362.0226672887802 110.34643894433975 485.92379492521286 459.26156550645828 319.04399991035461 224.2988213300705 85.829858243465424 230.1621840596199 145.54178297519684 101.35880643129349 329.06495153903961 1144.0899335741997
leaf_count=1553 472 435 200 356 9355 985 1014 78 638 134 216 153 194 539 2629 144 462 227 891 96 336 465 331 261 95 217 163 129 438 1204
internal_value=0.000431351 7.93249e-05 -0.000447616 -0.00130573 0.000609308 0.000402472 0.000304103 -0.000176117 0 -0.000489382 0.000777418 -0.00063675 0.000810074 0.000436478 0.000507192 0.000219074 0 -0.00095241 0.000240459 0.000375491 0 0.000566364 0.000382753 0.000204025 0 0.000419861 0 -0.000641683 0.000689412 0.000342854
internal_weight=24029.8 8235.87 2345 861.952 15793.9 7321.04 5890.87 1129.72 1483.05 640.975 8472.87 513.446 8191.78 4761.15 4289.41 5198.25 2372.32 411.201 1961.12 2825.93 915.314 1910.62 804.968 1793.91 281.095 969.601 524.012 246.901 2495.5 1569.62
internal_count=24410 9060 2425 982 15350 5490 6635 1092 1443 782 9860 588 9549 5543 5071 4505 1724 371 1353 2781 763 2018 667 2004 311 855 648 292 3067 1743
is_linear=0
shrinkage=0.0202208


Tree=83
num_leaves=31
num_cat=0
split_feature=27 1 46 59 40 21 27 59 58 30 44 2 10 10 21 63 10 44 27 44 30 30 10 56 19 3 62 1 10 3
split_gain=3.31014 1.42718 1.09645 1.3194 1.322 1.4155 0.86877 1.66992 0.665487 0.583784 0.520953 0.476446 0.514197 0.676637 0.46769 0.915218 1.15032 2.19872 0.527664 0.441823 0.428386 0.409868 0.358513 0.625911 0.763912 0.356998 0.342311 0.32885 0.299936 0.308271
threshold=73.450000000000017 9.6450000000000014 2316.6455000000005 3.7150000000000003 26.258333333333333 37.234011690746591 58.650000000000013 2.6950000000000007 1010.85 84.050000000000011 27.998541666666672 244.25000000000003 -0.85206963063867713 -0.89391031859722869 28.929124854988469 32.276051142929397 0.26781182513105634 26.981875000000006 64.350000000000009 29.790208333333336 74.65000000000002 81.950000000000017 0.7266007961912001 1004.85 37.4622920803453 0.97950000000000015 1.0000000180025095e-35 11.965000000000002 -0.20931270765420754 0.048500000000000008
decision_type=2 2 2 2 2 2 2 2 2 2 2 2 2 2 2 2 2 2 2 2 2 2 2 2 2 2 2 2 2 2
left_child=1 6 3 4 -2 8 7 -1 9 27 -10 12 13 -5 25 16 26 -18 20 -4 -19 -17 -21 -24 -25 -8 -16 -6 29 -13
right_child=2 -3 19 11 5 -7 14 -9 10 -11 -12 28 -14 -15 15 21 17 18 -20 22 -22 -23 23 24 -26 -27 -28 -29 -30 -31
leaf_value=0.00034126410813837578 -0.0090867982039176277 -0.031911800956103402 0.065034048393705871 0.011505551831377201 0.033129473811529787 -0.045784919172232881 0.0068176133678406487 -0.10584537058679766 0.0015589302368609486 -0.0088596687794521949 -0.057785477042837576 -0.049492908930089397 0.049364310183248702 -0.059265452398975467 0.0084992125798949748 0.011394074401264104 -0.059586693467140114 -0.047222546523470146 7.0626514961703255e-05 0.077440541395491544 -0.0018794700548269646 -0.0037232507448097924 0.025012288225521335 0.0086377845054437571 -0.096405918228464713 -0.0009600019324178796 -0.012212097334452807 -0.040733211496140405 -0.00025692708541677213 0.028702899637791945
leaf_weight=111.86340981721878 215.5271902680397 103.76286435127258 6740.4858275651932 473.70744645595551 2304.7718632817268 91.777031362056732 1063.3659815192223 105.88049590587616 258.4273778796196 630.07280087471008 194.04256278276443 103.03145116567612 4213.1328645348549 89.5788733959198 435.764877140522 1009.9202948212624 158.28726935386658 90.219503939151764 519.3565479516983 706.66409355401993 76.274601638317108 401.13839721679688 298.68556672334671 238.5949113368988 158.35260152816772 229.14434760808945 467.55864530801773 182.26011252403259 1192.3552588820457 1165.7844703793526
leaf_count=115 153 122 8479 526 2625 60 724 112 264 823 221 77 3336 87 408 933 142 103 511 430 93 460 146 141 93 153 497 212 1100 1264
internal_value=0.00042685 -3.28062e-05 0.000545296 0.000396717 6.90951e-05 0.000181664 1.63801e-06 -0.00121147 0.000268436 0.000388153 -0.00036063 0.000559982 0.000691999 0 8.16842e-05 -2.56857e-05 -0.000359434 -0.00090447 -0.000258757 0.000737054 -0.00123935 0.000325598 0.000298229 0 -0.000551812 0.000410863 5.51479e-05 0.000532984 0.00026754 0.000484744
internal_weight=24029.8 4772.54 19257.3 11114.5 3876.88 3661.35 4668.77 217.744 3569.57 3117.1 452.47 7237.59 4776.42 563.286 4451.03 3158.52 1747.46 844.138 685.851 8142.78 166.494 1411.06 1402.3 695.633 396.948 1292.51 903.324 2487.03 2461.17 1268.82
internal_count=24410 4373 20037 10748 4358 4205 4251 227 4145 3660 485 6390 3949 613 4024 3147 1754 849 707 9289 196 1393 810 380 234 877 905 2837 2441 1341
is_linear=0
shrinkage=0.0202208


Tree=84
num_leaves=31
num_cat=0
split_feature=6 46 46 46 17 45 38 1 40 53 59 45 45 4 31 38 17 31 50 1 2 38 30 30 43 59 59 59 24 11
split_gain=3.43543 1.90981 1.35759 0.960184 0.872608 1.07378 1.58724 1.09614 0.781471 1.22787 0.725058 2.07674 0.687734 0.64436 0.596189 0.641592 0.601339 0.437856 0.334474 0.317192 0.308628 0.301432 0.29306 0.276826 0.290184 0.241102 0.574674 0.23924 0.259172 0.227797
threshold=0.60355339059327384 1636.2780000000002 2242.2940000000003 2316.6455000000005 26.433224195012809 1.3935876373017682 29.486255731719019 0.015000000000000001 26.19166666666667 0.52750000000000019 4.995000000000001 1.3502090535899234 1.5738692167425685 1011.4500000000002 73.850000000000009 35.439819918637049 31.147836003808024 67.050000000000011 891.95000000000016 10.950000000000001 820.75000000000011 27.721021863343008 87.250000000000014 76.65000000000002 0.31909507455510883 2.6650000000000005 3.4850000000000008 6.8350000000000009 30.045000000000005 0.91234096280339505
decision_type=2 2 2 2 2 2 2 2 2 2 2 2 2 2 2 2 2 2 2 2 2 2 2 2 2 2 2 2 2 2
left_child=2 -2 4 10 -1 8 17 -8 9 -6 11 14 -13 18 23 16 -16 -7 -4 21 -12 -10 27 25 -25 -3 -27 28 -5 -23
right_child=1 3 13 22 5 6 7 -9 19 -11 20 12 -14 -15 15 -17 -18 -19 -20 -21 -22 29 -24 24 -26 26 -28 -29 -30 -31
leaf_value=0.029860133745687991 -0.0672613490692269 0.013049603754703895 0.071951921050459652 0.045880577994798374 -0.038644148867543804 -0.067890524675047928 -0.047321805789773463 -0.0044308968425041196 -0.0099571512689578291 0.030440854672411283 0.0048311090760802099 -0.085893669049840207 -0.01140776849039187 -0.015452718373692741 -0.041788713454325263 -0.032202419988064841 0.0033305650667414068 0.0055863846879154969 -0.001160847225867152 -0.0080119355995829037 -0.0075239118706620879 0.03066673979033506 -0.0068386337577544297 -0.0010786983391839603 0.013396439738020155 -0.080941835140802679 0.00015982168957967614 0.011634153682653268 -0.025737280958840095 0.0022471534835405787
leaf_weight=2415.5171364545822 125.93469232320786 142.73820018768311 8933.5997279286385 1076.3749247789383 148.13402897119522 133.39983826875687 164.23481673002243 180.32392084598541 108.71756726503372 266.22636461257935 1671.6457443833351 116.00625020265579 100.28808003664017 254.11812490224838 146.08361172676086 232.73409575223923 1061.8139058947563 799.74145948886871 127.84782707691193 283.76752805709839 231.06534194946289 2646.0746884346008 199.23755532503128 332.99461477994919 498.56908071041107 100.01039105653763 170.64260286092758 232.68261241912842 108.62170785665512 1020.6430997848511
leaf_count=983 93 173 10402 1183 90 112 138 175 82 184 1674 117 109 274 178 163 1424 589 120 342 228 2859 273 337 552 105 153 302 55 941
internal_value=0.000420866 1.19386e-05 0.00056897 7.42737e-05 0.000357065 0.000199408 -0.000279928 -0.00146204 0.000355997 -0.000369646 -5.30109e-05 -0.000268492 -0.0021743 0.000745112 -7.94056e-05 -0.000381753 -0.000111117 6.75521e-05 0.000774478 0.000451915 0.000229575 0.000503861 0.000505702 0.000200459 0.000439399 -7.00176e-05 -0.000571287 0.000613071 0.000729161 0.000543106
internal_weight=24029.8 6547.44 17482.3 6421.51 8166.78 5751.26 1277.7 344.559 4473.56 414.36 4804.59 2901.88 216.294 9315.57 2685.59 1440.63 1207.9 933.141 9061.45 4059.2 1902.71 3775.44 1616.92 1244.95 831.564 413.391 270.653 1417.68 1185 3666.72
internal_count=24410 7119 17291 7026 6495 5512 1014 313 4498 274 5213 3311 226 10796 3085 1765 1602 701 10522 4224 1902 3882 1813 1320 889 431 258 1540 1238 3800
is_linear=0
shrinkage=0.0202208


Tree=85
num_leaves=31
num_cat=0
split_feature=27 27 52 58 61 21 18 2 46 60 22 61 19 21 39 30 0 4 64 60 31 30 21 4 33 49 64 0 64 21
split_gain=3.3312 1.30018 1.25761 1.03143 0.813606 0.701388 1.06096 0.679991 0.646817 0.811536 0.747069 0.600796 0.737851 1.17072 0.839581 0.997567 0.804328 0.50045 0.346377 0.65772 0.801063 0.308622 0.292682 0.274468 0.261387 0.249757 0.322843 0.248471 0.214943 0.213584
threshold=72.850000000000009 57.550000000000004 1148.8945000000003 1009.5500000000001 10.095000000000001 37.342529508858767 37.09293429486398 61.150000000000013 2242.2940000000003 3.4350000000000005 26.255000000000006 5.8650000000000011 30.69909897504532 30.296030332370922 1.0880617487037558 75.550000000000011 3.5950000000000002 1011.2500000000001 -0.18283493611541243 7.2250000000000005 76.050000000000011 66.050000000000011 29.945644475586985 1014.0500000000001 0.090000000000001648 545.05000000000007 -1.5961518193924709 7.8250000000000011 3.2905133723699707 37.97606583937079
decision_type=2 2 2 2 2 2 2 2 2 2 2 2 2 2 2 2 2 2 2 2 2 2 2 2 2 2 2 2 2 2
left_child=1 -1 8 5 18 25 -7 23 9 10 -2 12 13 -9 -15 -16 -17 29 19 20 -5 27 -23 -3 -8 26 -4 -11 -20 -10
right_child=2 7 3 4 -6 6 24 11 17 21 -12 -13 -14 14 15 16 -18 -19 28 -21 -22 22 -24 -25 -26 -27 -28 -29 -30 -31
leaf_value=-0.097064304561374257 -0.0094062193508989422 0.0067703113744885758 0.0047334199835834543 0.0017666982675158718 -0.030809216018029578 -0.019676334802202128 -0.0100794018388254 0.0004885313309052683 0.084380509581096136 -0.0038045209813999106 0.0099477339709265773 -0.030615357435259592 0.0056722988100492101 0.010438473918418976 -0.070012125933791719 -0.069731937748736664 -0.0024456042673446721 -0.0065789487605006055 0.010823329647375072 0.0026206794376742847 -0.040943710489235306 0.052413996349683939 0.0040695509634720885 -0.046739683363947931 0.035693749306954785 0.012611162948255039 0.035013129295698622 0.028084599647574038 -0.04301461721276801 0.033218490886490072
leaf_weight=163.2177968621254 267.44345015287399 1703.7334364652634 665.36119014024734 150.77607524394989 103.07922118902206 160.58885222673416 192.12269681692123 692.55185544490814 6872.0411115288734 391.06364911794662 1230.3574651479721 128.14967578649521 923.34127825498581 109.85203462839127 127.64171057939529 117.85432988405228 276.55314964056015 219.91810971498489 624.75627619028091 382.05816620588303 193.54983103275299 1761.2410284876823 786.49160134792328 118.2380256652832 337.00638753175735 1449.2481825947762 3269.6835389137268 241.06134778261185 91.135775625705719 279.6722908616066
leaf_count=172 158 1450 713 165 128 134 111 533 8202 240 1297 141 949 132 126 150 262 230 669 182 219 898 854 82 146 1769 3970 68 106 154
internal_value=0.000418535 -6.95234e-05 0.000531195 0.000305609 -0.000117889 0.000427769 -7.76922e-05 0 0.000666429 0.000435444 0 -0.00022507 -0.000104629 -0.000437638 -0.0010735 -0.00143023 -0.00061748 0.000800809 0 -0.00030176 -0.000977268 0.000618893 0.000725795 0.000293665 0.000222858 0.000508778 0.000606408 4.85179e-05 0.000323011 0.000830422
internal_weight=24029.8 4361.13 19668.7 7619.37 1545.36 6074.01 689.718 4197.92 12049.3 4677.66 1497.8 2375.94 2247.79 1324.45 631.901 522.049 394.407 7371.63 1442.28 726.384 344.326 3179.86 2547.73 1821.97 529.129 5384.29 3935.04 632.125 715.892 7151.71
internal_count=24410 3997 20413 8312 1469 6843 391 3825 12101 3515 1455 2293 2152 1203 670 538 412 8586 1341 566 384 2060 1752 1532 257 6452 4683 308 775 8356
is_linear=0
shrinkage=0.0202208


Tree=86
num_leaves=31
num_cat=0
split_feature=31 45 33 59 50 11 11 52 64 50 17 21 17 38 45 59 45 47 38 36 61 45 64 11 11 48 30 45 11 52
split_gain=3.33317 2.8561 1.17523 0.852547 0.795027 0.776227 1.11717 0.702464 0.563456 0.536785 0.529839 1.3108 0.455672 0.690329 0.407651 1.35716 1.32955 1.19272 0.629665 0.378318 0.336878 0.346952 0.415937 0.458032 0.654624 0.283978 0.285867 0.281885 0.279703 0.258884
threshold=77.050000000000011 2.3385651590994487 0.4749999999999997 3.2650000000000001 40.050000000000004 0.8977101403255705 0.93225468035816128 20599.678500000005 1.2083436898486666 219.25000000000003 35.625348791093153 34.402129124051527 31.889182799535526 28.847453104074059 1.3624418256797071 4.8250000000000011 1.6150328383160755 25.660000000000004 29.403394391849194 35.904285719083639 15.095000000000001 0.31794958340333096 -2.0282191802228442 0.91234096280339505 0.95989713290459411 863.1500000000002 87.950000000000017 0.59311440038725227 -0.98208922706762081 19394.427500000002
decision_type=2 2 2 2 2 2 2 2 2 2 2 2 2 2 2 2 2 2 2 2 2 2 2 2 2 2 2 2 2 2
left_child=1 7 3 5 -4 9 -7 14 29 19 11 12 13 -9 20 16 17 -16 -17 -2 21 -1 -23 28 -25 26 -5 -13 -24 -6
right_child=2 -3 4 25 8 6 -8 10 -10 -11 -12 27 -14 -15 15 18 -18 -19 -20 -21 -22 22 23 24 -26 -27 -28 -29 -30 -31
leaf_value=-0.030841892076253631 0.057757359694932987 -0.061846003091984431 0.017783013424620263 0.051863277409585788 -0.046189511767884023 -0.020309827146977873 0.0021126922077312998 0.010618644522275416 0.027228412817136179 0.001430481792785807 0.0041951293913009375 -0.02879898754785722 0.017044913250023431 -0.02909488819388191 -0.054483861821651179 0.01387037729487578 0.009924238006171867 -0.019498149695089291 -0.0080605963024682689 -0.018225066390537177 -0.011647523383431854 -0.002939709582004478 -0.0095513783162285044 -0.020203368385832705 0.0065598242247169956 -0.0035376445768449129 -0.00085631243941540968 -0.0499518268953804 0.029257835600571491 -0.02456743187783008
leaf_weight=148.0335014462471 1547.3998669981956 255.58657419681549 1321.8859228491783 10797.822875618935 138.98795980215073 107.78030240535736 415.6217754483223 185.32561904191971 84.3589146733284 891.33205455541611 611.9868226647377 82.68468964099884 285.87739473581314 186.91086971759796 215.65154939889908 873.41082942485809 292.24383246898651 201.74247872829437 173.39953303337097 100.1133052110672 266.89585489034653 411.17328578233719 111.80077111721039 442.49301588535309 744.59110671281815 89.945314168930054 231.16666108369827 136.7143674492836 2594.0395563840866 82.812935531139374
leaf_count=159 1853 152 1541 11029 177 98 369 162 102 1080 415 110 388 213 168 515 271 193 121 87 317 353 143 440 608 83 308 174 2682 99
internal_value=0.000415106 7.2492e-05 0.000587659 0.000647168 1.53296e-05 0.000296749 -0.000318169 0.000150699 -0.000842239 0.000458259 -0.000214507 -0.000557537 0 -0.000555146 0.0002483 0 -0.000695194 -0.00144996 0.000447033 0.000675449 0.000346225 0.000395722 0.00043879 0.000506452 8.30396e-05 0.000735661 0.000745743 -0.00190396 0.000659493 -0.00141225
internal_weight=24029.8 8220.56 15809.2 14181.2 1628.05 3062.25 523.402 7964.98 306.16 2538.85 1489.5 877.513 658.114 372.236 6475.48 1756.45 709.638 417.394 1046.81 1647.51 4719.03 4452.13 4304.1 3892.92 1187.08 11118.9 11029 219.399 2705.84 221.801
internal_count=24410 7584 16826 14907 1919 3487 467 7432 378 3020 1462 1047 763 375 5970 1268 632 361 636 1940 4702 4385 4226 3873 1048 11420 11337 284 2825 276
is_linear=0
shrinkage=0.0202208


Tree=87
num_leaves=31
num_cat=0
split_feature=48 12 45 4 36 4 10 20 34 20 31 61 39 3 10 58 39 31 10 20 62 10 44 64 62 62 44 10 10 39
split_gain=3.14482 2.41531 1.51563 0.911852 1.12945 0.924753 0.742745 1.24785 0.682992 0.858111 1.01901 0.813947 0.577898 0.533501 0.460303 0.402578 0.403048 0.367409 0.303477 0.299325 0.284009 0.65983 0.278726 0.619531 1.22558 0.364462 1.23021 0.281935 0.21969 0.214061
threshold=117.40000000000002 2.5000000000000004 2.3385651590994487 1009.4500000000002 30.016656959617784 1013.6500000000002 0.7775899462189082 36.267281221416461 29.721273103973591 28.834424355369276 64.350000000000009 5.8650000000000011 1.5464089787037614 0.052500000000000005 0.39753913293121995 1007.7500000000001 0.62292392536267205 79.850000000000009 0.99762106698677389 35.595657612975621 1.1950000000000001 -0.43664718845046341 28.604791666666674 2.7843000257565618 0.46500000000000002 0.065000000000000016 25.896666666666672 -0.67760851415498069 0.33346569090932193 1.0161302169449815
decision_type=2 2 2 2 2 2 2 2 2 2 2 2 2 2 2 2 2 2 2 2 2 2 2 2 2 2 2 2 2 2
left_child=3 2 8 13 -5 17 15 12 -2 10 -10 28 18 14 -1 -3 19 20 -8 -17 -6 -22 23 25 -25 27 -27 -18 -11 -28
right_child=1 6 -4 4 5 -7 7 -9 9 11 -12 -13 -14 -15 -16 16 22 -19 -20 -21 21 -23 -24 24 -26 26 29 -29 -30 -31
leaf_value=-0.032305342178980345 0.00037450833761368908 0.030464292141593734 -0.070476973623628147 0.014519295417826723 0.00012554294336410797 -0.063720577592957919 0.025371526116905185 -0.030024946364917062 -0.0036480225066981178 -0.024109258451765991 -0.044773478516301306 -0.06765148889547154 -0.046069834210428047 0.064165002233507545 0.084241576770751128 -0.0013003456260905573 -0.020016863466910329 0.025592719348792183 -0.018463818947463781 -0.01465737264115846 0.020883684697858437 -0.015611400744255193 0.01753662902415026 -0.12845752885287071 0.036636080359946775 -0.045030859138343302 -0.012121204646517768 0.0082587798805138328 0.023391521526641337 0.022530035513211172
leaf_weight=130.95177072286606 568.76738685369492 3301.3592345714569 104.02238816022873 3170.3143790960312 772.21489560604095 104.58341002464294 911.62594550848007 307.18013691902161 105.89995956420898 128.64579516649246 163.30155068635941 73.643637657165527 170.69020736217499 9226.3179729580879 194.48098832368851 254.54997903108597 130.88405698537827 870.67685252428055 91.556915163993835 86.286404490470886 98.832320034503937 128.47661030292511 641.77840876579285 86.493196368217468 78.097420394420624 85.026898384094238 310.42688876390457 795.64559596776962 376.22742277383804 560.83091193437576
leaf_count=118 439 3843 68 1729 777 82 983 173 119 169 183 76 165 10402 137 329 133 995 124 54 121 121 726 98 98 51 418 533 493 653
internal_value=0.000425744 0.000123477 -0.000595059 0.00061165 0.000359167 0 0.000274762 -8.70903e-05 -0.000346897 -0.000725063 -0.00170185 -0.000111565 0.000149169 0.000738278 0 0.00037323 0.00016068 8.42136e-05 0.00039572 -0.000398204 -0.000116334 -0.000748766 0.000264519 9.60064e-05 -0.000987401 0.000239036 0 0.000525352 1.95185e-05 0.000190795
internal_weight=24029.8 9332.94 1520.51 14696.8 5145.1 1974.78 7812.43 1481.05 1416.49 847.718 269.202 578.517 1173.87 9551.75 325.433 6331.38 3030.02 1870.2 1003.18 340.836 999.524 227.309 2689.18 2047.4 164.591 1882.81 956.285 926.53 504.873 871.258
internal_count=24410 9928 1547 14482 3825 2096 8381 1445 1479 1040 302 738 1272 10657 255 6936 3093 2014 1107 383 1019 242 2710 1984 196 1788 1122 666 662 1071
is_linear=0
shrinkage=0.0202208


Tree=88
num_leaves=31
num_cat=0
split_feature=27 45 51 57 44 32 61 59 41 21 25 10 39 39 21 39 55 44 24 45 37 26 45 10 57 10 39 59 4 39
split_gain=3.1803 1.8853 1.60304 1.64444 0.685797 0.64794 0.645411 0.588544 1.36314 0.547175 0.731012 0.594416 0.522411 0.575313 0.506427 1.25623 1.69984 0.490725 0.657705 0.397507 0.496716 0.610328 1.08383 0.381217 0.354784 0.553741 0.779493 0.341844 0.325942 0.298389
threshold=64.750000000000014 2.0593770840072279 27.06666666666673 1007.2500000000001 29.638541666666672 -1.8001609885513046 0.095000000000000015 7.1950000000000012 0.39412347968450717 30.296030332370922 27.695000000000004 -0.7721494341254892 0.74379191382641308 0.64472974055052268 30.989819218711947 1.0988636341121074 0.10650000000000001 29.86791666666667 29.995000000000001 1.4276056111004094 0.30138029739421413 29.775000000000002 0.50547419978500951 0.97873101657557349 1010.85 1.0000000180025095e-35 1.2070795750579666 9.1850000000000005 1011.7500000000001 0.90727354222045131
decision_type=2 2 2 2 2 2 2 2 2 2 2 2 2 2 2 2 2 2 2 2 2 2 2 2 2 2 2 2 2 2
left_child=1 14 6 4 23 -5 7 8 -2 11 12 -7 13 -11 -1 -16 -17 18 -6 20 21 -12 -23 27 -14 -26 -27 -4 -22 -13
right_child=2 -3 3 5 17 9 -8 -9 -10 10 19 29 24 -15 15 16 -18 -19 -20 -21 28 22 -24 -25 25 26 -28 -29 -30 -31
leaf_value=0.0019964170281379272 0.0081127948060418405 -0.07841228414694959 0.048062649488690712 -0.030233081649977601 -0.024286690802946081 -0.048362987392110979 0.054903835388474154 0.039528397569685035 -0.015279941079859161 -0.0080447533726472654 0.0093649425966979422 -0.024962799183551231 0.0009837249673086228 -0.067274681633859093 0.017742658361982806 0.0045359790623144955 -0.06582093853974838 0.022753120483832216 0.0147238685122743 -0.04970121146193323 0.012354181630217792 -0.054854859484454524 0.0061293763341130868 -0.030957972801416128 0.0013995302394299797 -0.0019345358231381414 -0.046417053289145381 -0.025511715141212754 -0.023663789999840652 0.0034937263369553351
leaf_weight=502.04769533872604 1766.7858748435974 121.66216248273849 4341.8130982518196 100.53685867786407 150.70044714212418 133.19321286678314 7534.2717278599739 819.43111193180084 235.65087568759918 125.44109654426575 546.88544750213623 126.25944322347641 1137.9830518364906 73.012842774391174 139.48821115493774 101.91492158174515 151.7077614068985 920.9788458943367 128.94332474470139 82.7840735912323 2006.0419675111771 126.94832807779312 127.46988236904144 168.93819123506546 201.81671363115311 131.5914820432663 146.23313653469086 74.452807545661926 134.5810124874115 1670.2239342927933
leaf_count=409 1325 102 5523 90 130 146 7922 292 151 166 693 115 1370 91 119 122 174 500 105 68 2343 96 117 235 202 166 140 107 161 1230
internal_value=0.000429031 -0.000639607 0.000480157 0.000314072 0.000568165 8.71649e-05 0.000674485 0.000351773 0.000111762 0.000123462 0 0.000411218 -0.000311588 -0.00133995 -0.00020586 -0.000781217 -0.00170011 5.29167e-05 -0.000581417 0.000200855 0.000264319 -7.98843e-05 -0.000959465 0.000683835 -0.000128402 -0.000595981 -0.0011886 0.000721641 0.000433902 0.000536816
internal_weight=24029.8 1016.82 23013 12656.8 5785.83 6871 10356.1 2821.87 2002.44 6770.47 4840.79 1929.68 1816.08 198.454 895.159 393.111 253.623 1200.62 279.644 3024.71 2941.93 801.304 254.418 4585.2 1617.62 479.641 277.825 4416.27 2140.62 1796.48
internal_count=24410 926 23484 13794 6600 7194 9690 1768 1476 7104 5613 1491 2135 257 824 415 296 735 235 3478 3410 906 213 5865 1878 508 306 5630 2504 1345
is_linear=0
shrinkage=0.0202208


Tree=89
num_leaves=31
num_cat=0
split_feature=27 27 43 2 10 18 38 37 38 6 10 10 2 50 10 43 0 26 28 10 44 55 43 36 56 4 10 56 4 31
split_gain=2.78621 1.45842 0.909606 0.620968 0.828874 0.646516 1.7781 0.665619 2.02433 0.597461 0.555754 0.473714 0.467445 0.942207 0.36299 1.43014 0.457861 0.351506 0.377317 0.348151 0.336526 0.313877 0.397957 0.446864 0.482554 0.291345 0.28545 0.516206 0.557417 0.669168
threshold=78.950000000000017 64.750000000000014 1.0844829335244894 119.55000000000001 -0.04732095011389225 37.09293429486398 36.53185796778056 1.310447970206597 28.248336223931258 0.25881904510252091 0.5772862706790628 0.49002412863433359 440.05000000000007 597.95000000000016 -0.85206963063867713 0.34458912724260266 1.2250000000000003 29.715000000000003 76.15000000000002 0.74981945761428193 27.619166666666668 0.17550000000000002 0.36356796698723454 29.221842731042639 1008.7500000000001 1010.1500000000002 0.42888796625999276 1012.2500000000001 1006.0500000000001 69.750000000000014
decision_type=2 2 2 2 2 2 2 2 2 2 2 2 2 2 2 2 2 2 2 2 2 2 2 2 2 2 2 2 2 2
left_child=1 2 21 14 -5 6 7 26 -9 17 20 -4 13 -12 15 -3 25 18 -2 -19 -11 -1 -23 -24 -25 -16 27 28 -6 -30
right_child=9 3 11 4 5 -7 -8 8 -10 10 12 -13 -14 -15 16 -17 -18 19 -20 -21 -22 22 23 24 -26 -27 -28 -29 29 -31
leaf_value=0.0080818703751718308 -0.015719773221323084 0.02254296761970967 -0.019372089384719966 0.010166109107788869 0.0071465687505363742 0.0019844608525924783 -0.030837736500423856 0.0070767896041182901 -0.078200609013253056 0.00016457146830631709 -0.068807148869025656 -0.067466307491881886 0.0068030572527273073 0.016419924632253679 0.033371741261167369 -0.059511519034111171 0.01376889797699315 0.073132197332752155 0.060765114494518012 -0.020894645120632015 0.032325318573996384 0.0024666025280414192 -0.0055040205377524425 -0.015083040223316952 -0.075745570820532196 -0.012350896968757479 0.0040692211944300645 0.01105897049328646 0.014417981514847139 -0.029243102957820323
leaf_weight=332.58659547567368 237.00580435991287 366.88191622495651 126.75985515117645 1884.3178431391716 157.37032890319824 630.51529794931412 153.747114777565 118.06683534383774 136.45186758041382 602.65390431880951 111.03186798095703 102.94072932004929 343.69224405288696 139.78488123416901 183.95965963602066 78.316510260105133 4098.8375790715218 433.88324695825577 9129.042952477932 221.64463812112808 2011.155360519886 123.58269673585892 120.9036957025528 95.563182294368744 114.48399728536606 95.7022385597229 1280.7663543820381 189.44848966598511 95.403721392154694 313.28813219070435
leaf_count=320 219 460 104 2048 197 308 115 93 128 617 129 113 350 155 225 75 3530 281 9722 133 2674 92 81 90 126 89 1345 126 98 367
internal_value=0.000420691 0.000168328 -0.00053236 0.000250292 6.94227e-05 -0.000113391 -0.00028429 -0.000100819 -0.00106902 0.000619971 0.000324354 -0.00167527 -0.000127565 -0.000866878 0.000417897 0 0.000475652 0.000705707 0.000740103 7.99825e-05 0.00046063 -8.12938e-05 -0.000501673 -0.000911182 -0.00146716 -8.79876e-05 0 -0.000287402 -0.00065987 -0.00107409
internal_weight=24029.8 10799.9 1016.82 9783.07 4959.38 3075.06 2444.54 2290.8 254.519 13229.9 3208.32 229.701 594.509 250.817 4823.7 445.198 4378.5 10021.6 9366.05 655.528 2613.81 787.12 454.534 330.951 210.047 279.662 2036.28 755.511 566.062 408.692
internal_count=24410 10130 926 9204 4825 2777 2469 2354 221 14280 3925 217 634 284 4379 535 3844 10355 9941 414 3291 709 389 297 216 314 2133 788 662 465
is_linear=0
shrinkage=0.0202208


Tree=90
num_leaves=31
num_cat=0
split_feature=51 45 56 0 57 0 45 38 58 41 3 38 38 57 38 22 44 58 62 45 63 34 0 34 3 62 0 41 60 44
split_gain=2.57189 2.3459 1.20929 1.37054 1.05089 0.911791 0.892971 0.541681 0.562865 0.896085 0.513203 1.00582 0.442526 0.689231 0.436636 0.402784 0.373894 0.655946 0.352223 0.337922 0.316397 0.296561 0.313972 0.296314 0.347297 0.306282 0.280611 0.668122 0.278929 0.869668
threshold=275.70833333333354 2.3385651590994487 1009.4500000000002 7.1350000000000007 1008.0500000000001 3.3150000000000004 1.3935876373017682 36.53185796778056 1005.7500000000001 0.072111025514510152 0.052500000000000005 31.407164536686892 28.117202543619314 1010.7500000000001 38.120764150491318 23.835000000000004 27.914583333333336 1012.0500000000001 0.045000000000000005 0.49118128819426676 32.276051142929397 31.395521487292424 7.1050000000000013 30.465560502100562 0.19550000000000003 3.4950000000000006 4.8450000000000006 0.2783882181433272 3.7550000000000003 26.156458333333337
decision_type=2 2 2 2 2 2 2 2 2 2 2 2 2 2 2 2 2 2 2 2 2 2 2 2 2 2 2 2 2 2
left_child=2 4 10 15 7 6 19 21 -9 -10 11 -1 18 -14 -12 -4 28 23 -7 -6 26 -2 -23 24 -18 -25 27 -15 29 -17
right_child=1 -3 3 -5 5 12 -8 8 9 -11 14 -13 13 20 -16 16 17 -19 -20 -21 -22 22 -24 25 -26 -27 -28 -29 -30 -31
leaf_value=-0.03721360983793439 -0.0076168098844766009 -0.093217418513858508 -0.011368083231995476 0.031201797319508052 -0.028891968196407016 0.0074657521713838741 -0.064308344666565306 0.02557437294338831 0.024055977267888533 -0.040734834944602512 0.056557024010939226 0.07222751535887828 0.0034657555199487304 -5.1896439359749502e-05 -0.0080227470387968514 -0.096869564111279283 0.0050546949498547801 -0.044779735164046076 -0.0021406315153107451 -0.00029421037560642659 -0.0019713290609306351 0.033177148392805583 -0.0047224160776593522 0.0098076533146796048 -0.026930754597362706 -0.0045669975557252251 -0.0050594133607850152 -0.071151724006779174 0.013666932971830052 0.0041131462053096398
leaf_weight=125.76708197593689 268.91244155168533 102.88060677051544 163.54125940799713 1747.2970780134201 277.46733003854752 503.95662915706635 148.33242684602737 295.26321405172348 171.49787044525146 259.42099624872208 9779.1315484046936 265.96057933568954 1051.3813177347183 84.366171717643738 181.9338042140007 120.50760960578918 125.62590235471725 98.669834494590759 126.66659063100815 809.28062659502029 207.57334780693054 2707.426460146904 247.69908630847931 672.74810791015625 126.14951229095459 353.30051440000534 119.55099070072174 116.97430634498596 1420.4458956718445 1350.060399889946
leaf_count=83 290 79 76 678 342 377 169 136 108 161 11128 200 1194 106 107 86 112 93 103 955 231 3393 332 819 110 447 119 137 1062 1177
internal_value=0.000404193 7.96466e-05 0.000546058 0.000296006 0.000133902 -0.000104841 -0.000557045 0.000364182 -3.196e-05 -0.000599013 0.000686657 0 0.000108838 -2.10906e-05 0.000714905 8.41226e-05 0.000139971 -8.894e-05 0.000570368 -0.000258076 -0.000660239 0.000480463 0.00054111 0 -0.000575457 0.00018809 -0.00105476 -0.00152274 0.000279181 1.72981e-05
internal_weight=24029.8 7498.65 16531.1 6178.35 7395.77 3445.55 1235.08 3950.22 726.182 430.919 10352.8 391.728 2210.47 1579.85 9961.07 4431.05 4267.51 1376.49 630.623 1086.75 528.465 3224.04 2955.13 1277.82 251.775 1026.05 320.891 201.34 2891.01 1470.57
internal_count=24410 8232 16178 4660 8153 3733 1466 4420 405 269 11518 283 2267 1787 11235 3982 3906 1581 480 1297 593 4015 3725 1488 222 1266 362 243 2325 1263
is_linear=0
shrinkage=0.0202208


Tree=91
num_leaves=31
num_cat=0
split_feature=46 51 27 57 61 61 21 57 31 28 53 10 10 10 10 21 61 59 61 11 3 18 11 57 59 30 4 12 31 18
split_gain=2.58546 1.89373 1.2076 0.966027 1.29393 1.94253 0.522023 0.719125 0.669035 1.77657 0.733145 0.4895 0.518185 0.439387 0.827668 0.422422 0.415962 0.397429 0.75396 0.422782 0.376651 0.444839 0.368239 0.58735 0.358095 0.551405 0.970457 1.27652 0.715645 0.310013
threshold=2316.6455000000005 5.9583333333334672 57.550000000000004 1007.2500000000001 15.695000000000002 25.575000000000003 30.130376855683391 1010.7500000000001 69.550000000000011 72.450000000000017 0.68350000000000011 -0.80392051724781066 0.26781182513105634 0.63209755774300602 0.6583954877256819 37.234011690746591 17.865000000000006 7.1050000000000013 0.095000000000000015 0.97690230611205509 0.052500000000000005 28.536823252936315 0.99696424012059681 1010.9500000000002 3.3150000000000004 81.950000000000017 1007.6500000000002 3.5000000000000004 80.65000000000002 29.888939745165448
decision_type=2 2 2 2 2 2 2 2 2 2 2 2 2 2 2 2 2 2 2 2 2 2 2 2 2 2 2 2 2 2
left_child=1 17 -3 15 6 -6 11 24 -9 -10 -11 -5 -13 -2 -15 16 -4 18 19 20 21 -1 23 -21 25 -8 -27 -28 -29 -22
right_child=13 2 3 4 5 -7 7 8 9 10 -12 12 -14 14 -16 -17 -18 -19 -20 22 29 -23 -24 -25 -26 26 27 28 -30 -31
leaf_value=-0.012286009279351934 0.065873366161876681 -0.084214693667832713 0.028924521117421682 -0.048819907256719218 -0.046216629591164619 0.0027903116980675293 0.0060009343041091201 0.00081427926465576714 -0.062229965162730903 0.0039456430584177892 -0.027544561852842365 0.0065925747634046098 -0.0011817291938750183 -0.046211306720127042 0.036547302409095241 -0.0049641397649865882 -0.0071768541332686694 0.048639641173112293 0.034282036732122587 -0.0028874787237528686 0.03948149951126563 0.028369447678418081 0.016356079942375666 -0.05429167031607017 0.0033956750257542055 0.021703270037073345 0.003724245034728482 -0.052592218079680272 -0.0050020649123940887 -0.0043957665363543548
leaf_weight=132.0093582868576 5928.5819282531738 163.2177968621254 2412.1260702610016 138.94688457250595 106.45567333698273 120.26464742422104 873.14401733875275 456.55684512853622 127.41594523191452 346.8760467171669 154.81543558835983 1703.7810385227203 784.7166154384613 139.33622825145721 2074.8648442029953 308.6488966345787 277.23311960697174 1547.8543973565102 2382.2553658485413 164.72428053617477 598.59185117483139 138.87014025449753 189.21814143657684 159.06250464916229 1749.5427439808846 215.41685152053833 157.92965567111969 138.32323306798935 71.508098304271698 267.50088560581207
leaf_count=89 7397 172 3010 142 125 145 1003 505 113 382 166 1156 604 108 1784 181 366 827 2371 100 378 136 106 93 1954 264 185 170 99 279
internal_value=0.000400586 0.000241797 6.94449e-05 0.000105627 -1.04604e-05 -0.00150814 2.68193e-05 -9.6068e-05 -0.000550777 -0.000976809 -0.00023125 0.000260652 0.000350984 0.000699369 0.00037291 0.000411129 0.000501523 0.000544186 0.000395002 6.45592e-06 0.000272963 -0.000177207 -0.000412364 -0.000852919 3.11395e-05 -0.000169206 -0.000669687 -0.00133156 -0.00235005 0.00051456
internal_weight=24029.8 15887 10306.9 10143.7 7145.69 226.72 6918.97 4291.53 1085.66 629.107 501.691 2627.44 2488.5 8142.78 2214.2 2998.01 2689.36 5580.09 4032.23 1649.98 1136.97 270.879 513.005 323.787 3205.86 1456.32 583.178 367.761 209.831 866.093
internal_count=24410 15121 10742 10570 7013 270 6743 4841 1166 661 548 1902 1760 9289 1892 3557 3376 4379 3552 1181 882 225 299 193 3675 1721 718 454 269 657
is_linear=0
shrinkage=0.0202208


Tree=92
num_leaves=31
num_cat=0
split_feature=6 12 43 35 21 11 54 1 24 27 12 39 10 25 39 38 25 11 39 27 54 38 44 39 10 39 10 11 44 27
split_gain=2.67778 2.06436 1.2972 1.10745 1.08158 0.687081 0.579837 0.720633 1.08604 0.515708 0.601675 0.492191 1.7325 0.490331 0.433954 1.18106 1.03143 0.91737 0.956468 0.411643 0.327969 0.499613 0.316954 0.312685 0.303748 0.276105 0.315446 1.32012 0.304916 0.357267
threshold=1.0000000180025095e-35 4.5000000000000009 1.0035378724259025 0.87414424023416559 31.324761671460788 0.99962961997441069 0.81450000000000011 1.5550000000000004 29.235000000000003 80.350000000000009 2.5000000000000004 1.3692456150365426 0.41327478071396911 25.935000000000006 1.3904753604967717 29.086850135978775 29.215000000000003 0.49751328890718055 1.8501609248193063 71.750000000000014 0.60350000000000004 29.891515676262511 25.503958333333337 0.56192858174564841 0.7775899462189082 0.31631242516739161 -0.81403855522663837 0.49751328890718055 27.406458333333337 82.750000000000014
decision_type=2 2 2 2 2 2 2 2 2 2 2 2 2 2 2 2 2 2 2 2 2 2 2 2 2 2 2 2 2 2
left_child=9 2 6 4 -4 22 7 19 -9 14 20 -8 -13 -12 -1 -16 17 -17 -19 -2 21 -11 -3 -21 25 -24 27 28 29 -27
right_child=1 5 3 -5 -6 -7 11 8 -10 10 13 12 -14 -15 15 16 -18 18 -20 23 -22 -23 24 -25 -26 26 -28 -29 -30 -31
leaf_value=0.024225773820029523 -0.0021786576566007465 -0.0012452669229006249 -0.071713457196429437 0.00079781385243879097 -0.06302444121285225 -0.11892343064893132 -0.00060547022471138751 -0.00086533525544029593 -0.093224086113185389 -0.028789692848451155 -0.0054388185251203211 0.031803609230026689 -0.056582309455886076 0.074363015892439127 0.011004546176977064 0.018411071436724109 0.016610477627673925 -0.061692739910247783 -0.0041576112956771246 -0.013448798095569167 0.075772223839007197 0.038457552798717105 -0.012515095101995529 0.020036367498296667 -0.0010528208328348786 0.07712422166989405 0.020018511824216597 -0.046879791624965722 0.025914318075686761 -0.010768006611874997
leaf_weight=2521.3346378207207 810.0037824511528 542.49907660484314 119.17205733060837 139.9833048582077 97.740926206111908 109.10675466060638 401.89692932367325 310.51204657554626 111.52859455347061 146.83632600307465 104.29180765151978 122.27789759635925 158.31016761064529 6568.4945384860039 1542.5146734118462 127.12259161472321 393.87432986497879 172.95347094535828 203.3228023648262 111.93778997659683 492.67526566982269 322.28246140480042 99.065909385681152 987.90723776817322 409.74042731523514 96.485859453678131 4954.9526435732841 162.74031072854996 1601.0714491605759 87.153470695018768
leaf_count=2595 869 310 113 131 105 72 428 337 109 94 63 90 150 7096 832 133 323 168 180 106 384 337 114 1031 276 111 5412 180 2149 112
internal_value=0.000398384 0.00016362 -0.000241345 -0.00140342 -0.00229493 0.000343837 -7.30517e-05 4.49313e-05 -0.000655468 0.000604427 0.000725257 -0.000601608 -0.00125699 0.000797561 0.000400407 0.000156003 -0.000371745 -0.00101661 -0.00153792 0.000246516 0.000131722 -0.000112913 0.000374214 0.000507773 0.000409583 0.000441926 0.000462826 0.000172167 0.000371897 -9.68292e-05
internal_weight=24029.8 11434.1 3371.27 356.896 216.913 8062.82 3014.37 2331.89 422.041 12595.7 7634.58 682.485 280.588 6672.79 4961.12 2439.79 897.273 503.399 376.276 1909.85 961.794 469.119 7953.71 1099.85 7411.21 7001.47 6902.4 1947.45 1784.71 183.639
internal_count=24410 12205 3469 349 218 8736 3120 2452 446 12205 7974 668 240 7159 4231 1636 804 481 348 2006 815 431 8664 1137 8354 8078 7964 2552 2372 223
is_linear=0
shrinkage=0.0202208


Tree=93
num_leaves=31
num_cat=0
split_feature=49 45 58 50 62 11 1 10 57 44 57 59 45 10 64 64 10 59 10 11 59 59 3 26 30 32 55 59 45 26
split_gain=2.66643 1.94344 1.28963 1.31843 1.39416 1.9493 1.32168 0.848807 0.714598 0.663748 0.652314 1.06317 0.624097 1.50914 0.566231 1.57623 0.544619 0.577878 0.531382 0.830719 0.649711 1.06576 0.423077 0.395238 0.577378 0.394528 0.420328 0.601562 0.371147 0.813774
threshold=352.95000000000005 2.3385651590994487 1006.7500000000001 30.050000000000004 6.3450000000000006 0.10738134666416309 10.265000000000002 -0.20931270765420754 1008.1500000000002 26.369166666666668 1009.4500000000002 7.2250000000000005 1.4427207955780774 1.0000000180025095e-35 -0.94058302879045452 -1.6326817762308268 0.7775899462189082 6.8050000000000006 0.064507852084056461 0.91925191855388755 2.3450000000000002 3.7750000000000004 0.052500000000000005 28.355000000000004 86.350000000000009 0.30623040229886206 0.27750000000000008 4.5750000000000011 1.4276056111004094 27.115000000000006
decision_type=2 2 2 2 2 2 2 2 2 2 2 2 2 2 2 2 2 2 2 2 2 2 2 2 2 2 2 2 2 2
left_child=2 8 -1 7 28 -6 -7 22 16 -10 -9 14 23 -14 15 -12 17 -2 -16 -20 -21 -22 -4 24 -11 26 -25 -28 -5 -30
right_child=1 -3 3 4 5 6 -8 10 9 12 11 -13 13 -15 18 -17 -18 -19 19 20 21 -23 -24 25 -26 -27 27 -29 29 -31
leaf_value=0.057179868878271839 0.02692427819070602 -0.08298149416879122 -0.028428366795767952 0.0069965054915514619 0.00040454756374834299 -0.010274108121316308 -0.049481206835032807 0.046256843515468805 0.003461793866039039 -0.0074986718573815695 -0.00060953774650118666 0.015302131095618574 0.0097479363533857204 -0.066735676991831888 0.039948163100941431 -0.044376580502585201 -0.010416742273218337 -0.005220354693508243 0.0072305554793443893 -0.0005467059222557456 -0.036138486496952227 -0.00083601677613653978 0.055287218785506985 0.016801467486067027 -0.023831688790848383 0.0045734587421396031 -0.029819772391436634 0.029697646828380875 0.0036965937733442929 -0.033107663278346751
leaf_weight=6406.5924891829491 2238.5988558530807 87.692664980888367 241.70077413320541 1479.5417864322662 229.89712166786194 89.121583044528961 89.811699569225311 2124.7376887798309 584.86522829532623 449.90697127580643 461.80322617292404 912.82011151313782 91.438944220542908 140.8498318195343 418.13628095388412 211.97177749872208 607.66530847549438 333.13251906633377 611.72420388460159 226.57014530897141 169.82407689094543 114.92634075880051 3496.0373640656471 154.01396608352661 103.29729717969894 1076.7417677044868 263.69636446237564 100.58529549837112 298.27944469451904 213.80841159820557
leaf_count=7448 2542 67 171 1530 291 96 98 2023 456 526 311 342 93 155 270 144 566 440 610 185 143 86 3377 191 140 1291 288 102 230 198
internal_value=0.000387559 1.29673e-05 0.000513786 0.000369024 -1.79675e-05 -0.00111793 -0.00267879 0.000482051 7.04805e-05 -0.000135669 0.00028734 6.84469e-05 -0.000307629 -0.00135082 -0.000139051 -0.000635395 0.000290188 0.00042979 2.23684e-05 -0.000145649 -0.000792518 -0.00142854 0.000731662 -0.000151819 -0.000615654 0 -0.000445885 -0.000865192 0.000165756 -0.000204484
internal_weight=24029.8 6232.49 17797.3 11390.7 2400.46 408.83 178.933 8990.25 6144.79 2965.4 5252.51 3127.78 2380.53 232.289 2214.96 673.775 3179.4 2571.73 1541.18 1123.04 511.321 284.75 3737.74 2148.24 553.204 1595.04 518.296 364.282 1991.63 512.088
internal_count=24410 6857 17553 10105 2443 485 194 7662 6790 3242 4114 2091 2786 248 1749 455 3548 2982 1294 1024 414 229 3548 2538 666 1872 581 390 1958 428
is_linear=0
shrinkage=0.0202208


Tree=94
num_leaves=31
num_cat=0
split_feature=51 45 56 25 56 34 25 45 60 10 45 54 58 56 50 40 32 25 54 28 61 25 58 60 58 10 3 39 3 36
split_gain=2.81333 2.30733 0.981187 0.858957 0.850502 0.821841 0.797162 0.692078 2.37797 0.597873 0.563648 0.521969 0.677338 0.473765 0.451108 0.431058 0.382241 0.38683 0.380817 0.358365 0.352502 0.32558 0.320975 0.305869 0.292695 0.244377 0.241322 0.218959 0.284511 0.214593
threshold=275.70833333333354 2.3385651590994487 1008.1500000000002 25.225000000000005 1009.4500000000002 29.430651783283441 27.055000000000003 1.3935876373017682 5.6650000000000009 0.7775899462189082 0.47980332602828785 0.41050000000000003 1009.0500000000001 1013.9500000000002 723.30000000000007 29.485000000000003 1.6814638602734642 28.335000000000004 0.024500000000000004 80.15000000000002 7.8650000000000011 24.585000000000004 1008.0500000000001 7.9650000000000007 1010.7500000000001 0.93836870211866363 0.90050000000000019 0.93760980373138481 0.5545000000000001 22.978358541674805
decision_type=2 2 2 2 2 2 2 2 2 2 2 2 2 2 2 2 2 2 2 2 2 2 2 2 2 2 2 2 2 2
left_child=4 2 9 26 6 22 20 11 -9 21 15 -5 -13 19 16 -11 17 -14 -8 -7 -1 -2 -6 24 -23 -21 -4 -12 -29 -24
right_child=1 -3 3 7 5 13 18 8 -10 10 27 12 14 -15 -16 -17 -18 -19 -20 25 -22 23 29 -25 -26 -27 -28 28 -30 -31
leaf_value=0.005414637033197456 -0.06982654790707879 -0.085840603768466167 0.0069988867054949925 0.0025590446214928072 -0.0035874894280588142 -0.0023864329044173708 -0.0043192691649433122 -0.082956056212354995 0.0017930506979203262 0.012370143857880695 0.045114262069485614 0.0065038601852137152 -0.03346885955782597 -0.059861426050985961 0.00088472708716423522 -0.048699527825543265 -0.0012973872509388182 -0.0015103341049778846 0.055626481274443751 0.023234086635431736 -0.024114665714138232 0.024877858485172898 -0.0026535305433141873 -0.007075265602011706 -0.0046072370021724386 -0.077679016949906365 -0.0011929895437864733 0.0011356827686460076 -0.039578838983710424 0.014332207709341327
leaf_weight=348.06798386573792 84.689292192459106 102.88060677051544 496.73153138160706 880.50988441705704 242.98384594917297 1231.515627682209 136.80531513690948 109.53049194812775 155.18597233295441 116.04598331451416 308.61855262517929 317.32373756170273 293.61677926778793 89.187402904033661 92.161270260810852 234.1767590045929 84.180894196033478 74.491068601608276 9746.0581248998642 971.78380101919174 121.86159002780914 3344.0305806994438 289.27405679225922 175.69873440265656 200.31561499834061 83.260657846927643 179.13475859165192 123.04774129390717 126.28015923500061 3270.3407218456268
leaf_count=299 77 79 412 1022 170 1263 114 127 137 164 250 360 368 73 108 186 97 80 10977 1158 128 3886 85 230 240 94 130 138 141 1817
internal_value=0.000398441 6.02279e-05 0.000114213 -0.000174277 0.00054651 0.000328972 0.000667698 -0.000406442 -0.00142585 0.000297011 -9.59361e-05 -0.000198471 -0.000567202 0 -0.00100637 -0.000787427 -0.00127339 -0.00155186 0.000707091 8.97661e-05 0 0.000413798 0.00051385 0.000455594 0.000503078 0.000382398 0.000384669 0.000184844 0 0.000564688
internal_weight=24029.8 7498.65 7395.77 2682.87 16531.1 6178.35 10352.8 2007 264.716 4712.9 908.169 1742.28 861.774 2375.75 544.45 350.223 452.289 368.108 9882.86 2286.56 469.93 3804.73 3802.6 3720.04 3544.35 1055.04 675.866 557.946 249.328 3559.61
internal_count=24410 8232 8153 2841 16178 4660 11518 2299 264 5312 879 2035 1013 2588 653 350 545 448 11091 2515 427 4433 2072 4356 4126 1252 542 529 279 1902
is_linear=0
shrinkage=0.0202208


Tree=95
num_leaves=31
num_cat=0
split_feature=51 57 46 10 22 10 46 39 30 56 62 59 22 62 61 26 10 26 27 42 10 0 34 11 11 57 61 39 30 11
split_gain=2.60839 1.70343 1.02762 1.63908 2.20157 1.01966 1.9685 1.14898 1.6183 0.784903 0.769033 0.67693 1.20037 0.64412 0.655648 0.634338 0.612318 0.54738 0.500444 0.483932 0.397933 0.442573 0.354613 0.333181 0.56289 0.542755 0.393614 0.440899 0.310644 0.298055
threshold=275.70833333333354 1008.1500000000002 2256.2060000000006 -0.84293373149377071 26.975000000000005 0.26781182513105634 1873.2950000000003 1.7309519037503531 75.350000000000009 1010.7500000000001 7.0450000000000008 3.3750000000000004 26.105000000000004 0.03500000000000001 0.55500000000000016 28.335000000000004 0.63209755774300602 29.715000000000003 71.850000000000009 28.265833333333337 0.7775899462189082 6.8050000000000006 31.395521487292424 0.91234096280339505 0.95989713290459411 1009.2500000000001 7.0450000000000008 1.6103898111175141 86.950000000000017 -0.93533330245768853
decision_type=2 2 2 2 2 2 2 2 2 2 2 2 2 2 2 2 2 2 2 2 2 2 2 2 2 2 2 2 2 2
left_child=2 20 3 4 -1 13 7 -7 -9 17 -8 12 -5 -3 18 19 -11 -4 -15 -16 21 22 -2 26 25 -25 27 -14 -24 -13
right_child=1 5 9 11 -6 6 10 8 -10 16 -12 29 23 14 15 -17 -18 -19 -20 -21 -22 -23 28 24 -26 -27 -28 -29 -30 -31
leaf_value=-0.045748849564231406 -0.0074441050804206592 0.0048496509043297643 0.066521676440754421 -0.0085767813426163523 0.004495711052555534 -0.011379624523003692 0.0017409040492013777 -0.083941060855175761 -0.01868165742276507 0.021697874073445381 -0.061765616314356113 -0.0060823389028137279 0.050958997372750232 -0.0066717857431604563 -0.018026723817983672 0.01457294919408811 -0.0624462097271722 0.025266762580029235 -0.035834029602404262 0.026274828379382505 -0.0051618622478152515 -0.0052977271905552429 0.036020366628879343 0.0019914657282152108 0.0016688804887611288 -0.038756457542992701 -0.03445861608690752 -0.0064336277857320644 -0.0051141440690823312 0.018096922999477603
leaf_weight=238.77045053243637 250.52388447523117 892.27554893493652 6987.1208500266075 164.9957594871521 505.17224705219269 220.40323692560196 816.34170645475388 116.76963126659393 107.44625741243362 331.96561104059219 87.954274237155914 222.4379341006279 935.49591487646103 147.04530644416809 192.77962791919708 653.79397523403168 83.330964624881744 1074.8190972805023 133.08489322662354 76.774852991104126 771.98016983270645 343.11278080940247 2435.0737157464027 170.37593054771423 563.61671298742294 196.15848815441132 105.50794094800949 189.46459645032883 253.29055118560791 4761.9066298604012
leaf_count=178 266 776 8741 102 622 254 873 106 107 394 96 321 979 151 239 829 89 673 154 104 733 451 2749 160 494 176 122 175 344 2952
internal_value=0.000400105 7.35375e-05 0.000542889 0.000356258 -0.00049137 -0.000241949 -0.000676294 -0.00178079 -0.00286859 0.000709621 -3.13321e-05 0.000454718 0.000119681 0 -0.000264736 0 0 0.000754505 -0.00111408 -0.000821541 0.000363159 0.00046085 0.000546439 0.000281956 0 -0.000619979 0.000499751 0.000642088 0.00061663 0.000593263
internal_weight=24029.8 7498.65 16531.1 8053.9 743.943 3444.67 1348.92 444.619 224.216 8477.24 904.296 7309.96 2325.62 2095.75 1203.48 923.348 415.297 8061.94 280.13 269.554 4053.98 3282 2938.89 2160.62 930.151 366.534 1230.47 1124.96 2688.36 4984.34
internal_count=24410 8232 16178 6281 800 3689 1436 467 213 9897 969 5481 2208 2253 1477 1172 483 9414 305 343 4543 3810 3359 2106 830 336 1276 1154 3093 3273
is_linear=0
shrinkage=0.0202208


Tree=96
num_leaves=31
num_cat=0
split_feature=51 12 30 58 53 56 21 21 46 30 53 62 47 58 58 10 62 46 50 21 36 1 55 30 10 37 41 30 62 29
split_gain=2.41938 1.31159 1.25518 1.85425 1.95647 1.02841 0.749447 0.620407 0.607606 0.545426 0.461796 0.521923 0.431684 0.430698 0.374408 0.345687 1.24916 0.704725 0.554409 0.324656 0.460243 0.320391 0.288192 0.275666 0.282939 0.267496 1.01471 0.865276 0.327312 0.316303
threshold=275.70833333333354 2.5000000000000004 76.65000000000002 1011.6500000000002 0.096500000000000016 1009.4500000000002 30.130376855683391 37.97606583937079 2242.2940000000003 63.550000000000004 0.052500000000000005 14.465000000000002 26.675000000000004 1004.6500000000002 1007.85 0.30081702196488996 1.7550000000000001 2215.623 15.450000000000001 32.036447349661373 34.472644256128582 0.015000000000000001 0.99950000000000017 83.350000000000009 0.25118773779856129 0.46379424125567098 0.075498344352378968 79.250000000000014 0.87500000000000011 86.450000000000017
decision_type=2 2 2 2 2 2 2 2 2 2 2 2 2 2 2 2 2 2 2 2 2 2 2 2 2 2 2 2 2 2
left_child=5 2 3 -2 -5 7 9 8 10 21 -1 -12 25 -9 -11 18 -17 -18 -8 -20 -21 -7 -13 -4 -25 26 -3 -28 -29 -27
right_child=1 12 23 4 -6 6 15 13 -10 14 11 22 -14 -15 -16 16 17 -19 19 20 -22 -23 -24 24 -26 29 27 28 -30 -31
leaf_value=-0.012651918788078873 0.001341721439150186 0.0089555746551882864 0.0096191368258956907 -0.0048122183691535507 -0.067566901144167357 -0.0038216676440705546 0.027858440666504156 0.086798740293185545 0.065783962463106541 -0.0095110418217308392 0.034828790051418652 0.00020460071631426454 0.011252316718081705 -0.01635852158517646 0.014643816620201526 0.0072861609281266127 -0.0030113399844988922 -0.054010472562699668 0.0082855425414955081 -0.029561632219346198 0.0060240820344173752 0.0058827461167645949 -0.027705997194236675 0.0053755620420231735 -0.046983223289429214 0.0045863686696770035 -0.045126589644492988 -0.028693426047224746 -0.00019428807155504217 -0.016703057565548202
leaf_weight=163.80151379108429 226.88144910335541 779.72400707006454 443.42647731304169 96.363093376159668 163.36259645223618 379.29008853435516 765.68976426124573 193.7943235039711 7365.0743961334229 213.64319145679474 2189.9387436509132 147.19930809736252 2718.8485013842583 209.81674873828888 3280.6665894985199 572.98525494337082 123.50034987926483 154.57716149091721 171.08678448200226 160.84859502315521 93.550151526927948 262.50818294286728 83.167980015277863 121.58952701091766 207.87360948324203 1916.190582215786 110.17903578281403 101.86476916074753 424.3323734998703 188.01439124345779
leaf_count=141 240 855 504 97 172 248 845 87 8818 168 2068 172 3065 146 1886 615 98 141 182 202 124 151 86 126 253 2012 110 95 470 233
internal_value=0.000394999 7.97325e-05 -0.000494435 -0.00129443 -0.00244768 0.000532656 0.000298962 0.000663494 0.000695386 0.000455502 0.000360444 0.000451062 0.00020991 0 0.000556143 0 -0.000327972 -0.00145773 0.00020323 -0.000250204 -0.000785059 0 -0.000227459 0 -0.000426493 3.37634e-05 -0.000147906 -0.000783238 -0.000241618 0.000197608
internal_weight=24029.8 7498.65 1259.5 486.607 259.726 16531.1 6178.35 10352.8 9949.18 4136.11 2584.11 2420.31 6239.15 403.611 3494.31 2042.24 851.063 278.078 1191.18 425.486 254.399 641.798 230.367 772.89 329.463 3520.31 1416.1 636.376 526.197 2104.2
internal_count=24410 8232 1392 509 269 16178 4660 11518 11285 2453 2467 2326 6840 233 2054 2207 854 239 1353 508 326 399 258 883 379 3775 1530 675 565 2245
is_linear=0
shrinkage=0.0202208


Tree=97
num_leaves=31
num_cat=0
split_feature=6 4 58 8 39 59 32 21 25 11 59 21 30 20 32 59 64 39 32 51 32 44 4 4 63 63 11 54 21 59
split_gain=2.45665 1.14107 1.03558 0.661041 0.634848 1.39346 0.46616 0.401937 0.800995 1.82409 0.349614 0.65769 0.332401 0.588492 0.47727 0.508763 0.473506 0.480375 0.938854 0.309515 0.293735 0.306334 0.472759 0.501879 0.559238 0.453639 0.361856 0.336733 0.289301 0.276708
threshold=0.60355339059327384 1006.9500000000002 1008.2500000000001 -0.60355339059327362 2.7159755902394704 6.9650000000000007 -1.8001609885513046 30.69944842333549 27.015000000000004 0.57727023316007786 3.7150000000000003 37.798646939312505 72.350000000000009 27.958223031679143 -0.063521000987996942 7.1050000000000013 -0.88617003731396682 2.139972795301158 -0.62412362140370969 654.46666666666704 2.3228519049362473 28.087291666666669 1010.4500000000002 1007.85 33.193942232640303 30.544390509012509 0.95493138204271821 0.54050000000000009 37.099477473911506 6.8050000000000006
decision_type=2 2 2 2 2 2 2 2 2 2 2 2 2 2 2 2 2 2 2 2 2 2 2 2 2 2 2 2 2 2
left_child=1 19 10 6 20 -6 -3 -8 9 -9 11 -2 14 -14 15 16 17 18 -5 -1 21 22 23 -4 25 -25 27 -27 -15 -12
right_child=2 3 4 12 5 -7 7 8 -10 -11 29 -13 13 28 -16 -17 -18 -19 -20 -21 -22 -23 -24 24 -26 26 -28 -29 -30 -31
leaf_value=0.065249927130837146 0.013464790640693921 -0.029527524583150524 -0.012678115514126113 -0.051898453015814562 -0.085029743361765137 -0.00018480553569258043 0.0034187111720607433 -0.066208411480634333 0.0087259255657466984 -0.00097600503684469098 0.023561184177054401 -0.024495896803347638 -0.0020305091397144108 0.034208059749113048 -0.0049982702688231807 0.037122923373277411 0.0093249505129081763 0.015409109237872984 0.0220897931235043 -0.0099676402397730155 0.0092007456470988534 0.00020065344057188924 -0.00027790448243031595 -8.6952963618649759e-06 0.0066819348747382771 -0.062653289507617504 -0.013946264521754374 -0.046033182962572854 -0.0087290810604546132 3.5102411985621735e-05
leaf_weight=5469.9744793176651 861.27334344387054 88.830606639385223 367.88240092992783 343.58980345726013 167.65043431520462 182.02044367790222 924.00243455171585 121.23986619710922 1254.3645814657211 323.6383912563324 1662.3905173540115 169.27094185352325 331.23370629549026 4816.3380418419838 433.34663498401642 840.67613333463669 1734.6315500736237 338.58603578805923 135.50958281755447 157.34663397073746 532.71743965148926 1151.3229505419731 484.7011906504631 84.746305584907532 86.508036911487579 94.940982282161713 87.062632203102112 88.545346081256866 169.03764683008194 526.41044676303864
leaf_count=6388 968 79 463 231 169 105 804 141 1563 359 1860 84 179 5048 305 276 1359 193 103 154 512 1368 422 70 120 116 92 102 109 668
internal_value=0.00038582 0.000511393 3.70521e-05 0.000383326 -0.000197312 -0.00102982 6.63563e-05 0.0001463 0 -0.000770124 0.000306442 0 0.000467705 0.000588837 0.000276091 0.000368452 0.000180073 -0.000148791 -0.000626277 0.000765172 -6.89505e-05 -0.000186153 -0.000402301 -0.000704132 -0.00116841 -0.00152649 -0.00192998 -0.00249861 0.000646498 0.000450809
internal_weight=24029.8 17482.3 6547.44 11855 3328.1 349.671 2712.08 2623.25 1699.24 444.878 3219.35 1030.54 9142.95 5316.61 3826.34 3392.99 2552.32 817.685 479.099 5627.32 2978.43 2445.71 1294.39 809.686 441.803 355.295 270.549 183.486 4985.38 2188.8
internal_count=24410 17291 7119 10749 3539 274 2946 2867 2063 500 3580 1052 7803 5336 2467 2162 1886 527 334 6542 3265 2753 1385 963 500 380 310 218 5157 2528
is_linear=0
shrinkage=0.0202208


Tree=98
num_leaves=31
num_cat=0
split_feature=49 45 12 27 38 39 62 33 33 54 10 10 64 12 39 38 53 10 39 54 12 28 39 62 30 64 40 39 10 21
split_gain=2.25119 1.91706 0.783696 0.689429 0.595942 1.14782 1.03065 1.18497 0.847476 0.988733 0.641678 0.615849 0.488471 0.494566 0.445657 0.987708 0.672827 1.16418 1.82772 0.853902 0.369799 0.371785 0.36157 0.335951 0.609423 0.410104 0.400389 0.374861 0.396776 0.334132
threshold=170.95000000000002 2.3385651590994487 4.5000000000000009 80.450000000000017 28.117202543619314 1.461207874304967 2.1050000000000004 -0.040000000000000917 0.20000000000000109 0.16350000000000003 0.41327478071396911 0.26781182513105634 -6.2525628418896728 2.5000000000000004 1.3479258149100446 29.086850135978775 0.97850000000000004 -0.22611359161738934 1.6690248631951712 0.76450000000000007 1.5000000000000002 75.250000000000014 0.56192858174564841 1.655 87.15000000000002 3.08098181321107 29.925000000000004 0.88417898565688058 -0.71466676797886819 33.507113728715503
decision_type=2 2 2 2 2 2 2 2 2 2 2 2 2 2 2 2 2 2 2 2 2 2 2 2 2 2 2 2 2 2
left_child=3 2 4 14 -2 6 10 -8 -7 -10 11 -6 -5 -14 20 -16 17 18 -17 -19 21 -1 -12 25 -25 27 -27 -4 -29 -26
right_child=1 -3 23 12 5 8 7 -9 9 -11 22 -13 13 -15 15 16 -18 19 -20 -21 -22 -23 -24 24 29 26 -28 28 -30 -31
leaf_value=0.0041025116466195475 0.019142575160216009 -0.067515635089954729 -0.0027496865829706517 -0.006443115840436049 0.014233258127052473 0.00064359851774891731 -0.069771045621645794 -0.0050564469176749699 -0.0056034965476424864 -0.059354417439912981 -0.012242103766357502 -0.042019759673323373 0.0045229207490392583 0.06137463602484218 0.0066768260591177726 -0.063239930363478844 0.023788127181423983 0.0036118404480518225 -0.00083430287048358786 -0.012302644747130725 0.036355777907248789 -0.0089752063865258108 0.042409964062954997 0.021851061223102406 -0.021558767481725763 -0.066436958976060626 0.0041380860015619919 -0.0093665054573972648 0.0063532165886409607 0.0080609443322355867
leaf_weight=466.0332977771759 263.09046697616577 105.48308384418488 589.67754584550858 90.664695978164673 132.46881151199341 141.63227725028992 145.28826123476028 267.87568145990372 113.95403790473938 154.60302883386612 129.93420279026031 120.77738070487976 1103.5245654582977 7817.9991883039474 1982.0109095573425 104.50643181800842 276.88452476263046 572.7010543346405 142.31833976507187 149.14295732975006 2873.471911251545 174.38221549987793 826.51038366556168 3172.6800363063812 187.06489342451096 112.83534741401672 139.36982446908951 320.38132750988007 1071.9678081870079 280.55504989624023
leaf_count=375 217 78 562 65 152 158 176 293 133 173 124 133 948 8478 1047 106 298 442 154 125 3111 151 987 3746 262 136 95 375 946 364
internal_value=0.00039003 0.000106495 0.000152172 0.000533363 -0.000139759 -0.000288385 0 -0.000908441 -0.00124176 -0.00190113 0.000252051 -0.000483674 0.000661254 0.000680658 0.000349119 0.000138095 -0.000265578 -0.000561184 -0.00176557 -2.1186e-05 0.000517675 0 0.000539238 0.000281191 0.000405312 3.94671e-05 -0.000659085 0.000173606 0.000376836 -0.000142502
internal_weight=24029.8 8276.15 8170.67 15753.6 2296.13 2033.04 1622.85 413.164 410.189 268.557 1209.69 253.246 9012.19 8921.52 6741.45 3227.56 1245.55 968.669 246.825 721.844 3513.89 640.416 956.445 5874.53 3640.3 2234.23 252.205 1982.03 1392.35 467.62
internal_count=24410 9110 9032 15300 2546 2329 1865 469 464 306 1396 285 9491 9426 5809 2172 1125 827 260 567 3637 526 1111 6486 4372 2114 231 1883 1321 626
is_linear=0
shrinkage=0.0202208


Tree=99
num_leaves=31
num_cat=0
split_feature=52 10 57 11 53 45 4 4 36 4 36 21 62 59 57 41 30 0 30 61 45 32 61 11 0 10 10 11 18 58
split_gain=2.3899 1.54634 1.56704 1.47641 1.94876 1.30572 1.73155 1.08998 1.07683 0.993724 0.886738 0.764387 0.601657 0.530882 0.464474 0.449575 0.406132 0.403723 1.20428 0.731072 0.358508 0.357002 0.404237 1.09629 0.324148 0.801914 0.425475 0.269832 0.703652 0.297505
threshold=1148.8945000000003 -0.20931270765420754 1009.6500000000002 0.98367285631203072 0.21450000000000002 0.73852863658466272 1013.0500000000001 1009.2500000000001 30.016656959617784 1013.6500000000002 28.47920940619176 26.20124465771103 0.03500000000000001 3.8250000000000006 1010.7500000000001 0.15620499352069381 86.550000000000011 2.7550000000000003 81.850000000000009 0.87500000000000011 1.3787509409915848 -0.48873766551221459 0.87500000000000011 -0.62538740722492581 5.2650000000000006 0.63874350706337069 0.36571913681022045 0.8977101403255705 32.915503268336259 1010.1500000000002
decision_type=2 2 2 2 2 2 2 2 2 2 2 2 2 2 2 2 2 2 2 2 2 2 2 2 2 2 2 2 2 2
left_child=7 16 17 4 -4 -6 14 10 13 27 11 -1 -5 15 -7 -9 -2 18 -3 -20 -17 22 -19 -24 26 -26 -23 -10 29 -29
right_child=1 2 3 12 5 6 -8 8 9 -11 -12 -13 -14 -15 -16 20 -18 21 19 -21 -22 24 23 -25 25 -27 -28 28 -30 -31
leaf_value=0.059174605409135862 0.024646653092583026 0.018520846166658795 -6.7802146671724881e-05 0.0085675430520934202 -0.015796313701058648 -0.025726696663199981 -0.001831935896083137 0.0056777076594859777 0.0083956417451347166 -0.066283985085772712 0.058688082787777561 -0.0082478114153497033 -0.036702347319455972 0.028219224046855559 -0.064086557072121422 -0.00080033772746480869 -0.00032441236782411508 0.014598529531606019 -0.081539510558016726 -0.014463594023429047 -0.053093711158745928 -0.00076974243854241887 0.018515199819952834 -0.068360216343731725 0.013576893338846575 -0.010468792145689717 0.021010088856145064 0.0078833005878325927 -0.035730220570108016 -0.0052326071957293635
leaf_weight=235.6602908372879 3380.233849465847 413.25318396091461 606.87534230947495 517.06730931997299 301.25731027126312 150.53016012907028 172.3609504699707 464.67380392551422 1370.8593546748161 99.068773031234741 8008.6121621131897 188.32817018032074 253.99090492725372 2285.4334399700165 227.251196205616 179.35454988479614 705.65116482973099 172.10099571943283 118.45759057998657 184.8703293800354 138.83587074279785 506.25989753007889 151.48713427782059 123.0610100030899 665.47532016038895 141.4964753985405 1650.7020407915115 315.16345608234406 111.62885522842407 189.78864866495132
leaf_count=110 4050 391 625 384 321 144 117 365 1571 77 9201 125 180 1092 231 123 920 184 129 207 94 633 161 127 796 126 1352 276 141 157
internal_value=0.000371426 0.000130184 -5.50346e-05 -0.000496628 -0.000883964 -0.00150572 -0.00211129 0.000550292 0.000288193 -2.77109e-05 0.000699918 -2.13225e-05 0.000123747 0.000531269 -0.00288513 0 0.000439511 0.000162553 -0.000209575 -0.00124282 -0.000503271 0.000266539 -0.000141298 -0.000747789 0.00035761 0 0.000486798 2.97027e-05 -0.000261826 0
internal_weight=24029.8 10442.4 6356.5 2229.33 1458.27 851.4 550.142 13587.4 5154.81 2086.51 8432.6 423.988 771.058 3068.3 377.781 782.864 4085.89 4127.16 716.581 303.328 318.19 3410.58 446.649 274.548 2963.93 806.972 2156.96 1987.44 616.581 504.952
internal_count=24410 11078 6108 2002 1438 813 492 13332 3896 2222 9436 235 564 1674 375 582 4970 4106 727 336 217 3379 472 288 2907 922 1985 2145 574 433
is_linear=0
shrinkage=0.0202208


Tree=100
num_leaves=31
num_cat=0
split_feature=46 51 61 22 56 21 27 30 51 21 25 35 55 64 30 3 3 64 12 64 20 32 3 34 56 21 30 46 22 56
split_gain=2.3163 1.67681 0.82345 1.79598 0.669614 1.26006 1.88465 0.551996 0.441462 0.407529 0.455293 0.42331 0.575451 1.42239 0.399145 0.537132 0.810529 0.386007 0.956531 0.741369 2.45333 0.71524 0.471666 0.465127 0.3359 0.333154 0.324768 0.309076 0.297867 0.257483
threshold=2316.6455000000005 39.858333333333434 17.865000000000006 27.415000000000003 1008.1500000000002 31.109339551997923 62.550000000000004 75.950000000000017 565.65833333333364 34.263623445349126 26.975000000000005 0.59752929440734637 0.34850000000000003 -0.29389683959209018 80.250000000000014 0.54050000000000009 0.18150000000000002 -0.83190671592203802 1.5000000000000002 -1.7090416840362168 29.02044133231233 -0.055863860774604028 0.045500000000000006 28.542049096598593 1010.7500000000001 39.123363179362293 80.050000000000011 2305.2080000000005 27.395000000000003 1011.6500000000002
decision_type=2 2 2 2 2 2 2 2 2 2 2 2 2 2 2 2 2 2 2 2 2 2 2 2 2 2 2 2 2 2
left_child=1 17 4 -4 8 -6 7 -7 -3 10 11 12 -8 -14 -11 16 -16 19 -19 21 -21 22 -1 -24 25 -2 -22 -10 -28 -12
right_child=24 2 3 -5 5 6 9 -9 27 14 29 -13 13 -15 15 -17 -18 18 -20 20 26 -23 23 -25 -26 -27 28 -29 -30 -31
leaf_value=-0.023791184643578361 0.049972738522546384 0.023865719390265386 -0.063466001589090312 -0.0021726896728859689 0.0014765884512877394 -0.079430979122314588 0.001162663674056211 -0.0071271360692102912 0.0002459880810857188 -0.00039190129086486518 0.011760203043112021 0.0010523287551245288 -0.03778935561059233 0.014488373861160283 -0.031397239002437551 -0.010751028227828913 -0.025415807109087408 -0.0002301468163281874 0.049585420939037859 -0.0307753397616378 0.030378012164349964 -0.0076152811489368661 0.03657811961088768 0.01133832985456054 -0.00050616501321462247 -0.010424763061970476 -0.015492367255537501 -0.044347664825073352 0.027208446217890842 -0.021871225963353381
leaf_weight=166.56834447383881 7800.2059888839722 2058.3305940032005 99.605001389980316 313.99775594472885 2702.0167044401169 87.492013573646545 120.08228546380997 75.771077930927277 1444.209559738636 316.50792068243027 807.46956384181976 115.80598050355911 91.897157669067383 75.701694667339325 85.599082589149475 206.34327977895737 110.79627615213394 936.16182637214661 2951.1982383131981 177.14779442548752 550.91296279430389 173.52708727121353 1337.7492734193802 402.0549424290657 244.20444178581238 98.372570037841797 86.650719046592712 86.476611316204071 124.06629282236099 182.86649930477142
leaf_count=92 8937 2464 112 414 2209 98 138 90 1613 320 1057 115 101 92 96 232 120 698 2817 98 444 154 602 414 298 54 83 92 165 191
internal_value=0.000375989 0.000225284 3.24538e-05 -0.000826039 8.4485e-05 -5.26808e-05 -0.000416687 -0.00253571 0.000298964 -0.000207073 0 -0.000574095 -0.00102651 -0.00177813 -0.000596565 -0.00101686 -0.00178723 0.000463213 0.000614024 0.000239473 -0.000166772 0.000464822 0.000602177 0.000712582 0.000659016 0.000681984 0.000232826 0 -0.000180873 0.000228338
internal_weight=24029.8 15887 8980.97 413.603 8567.37 4978.35 2276.33 163.263 3589.02 2113.07 1393.82 403.487 287.681 167.599 719.247 402.739 196.395 6906.04 3887.36 3018.68 938.778 2079.9 1906.37 1739.8 8142.78 7898.58 761.63 1530.69 210.717 990.336
internal_count=24410 15121 9554 526 9028 4859 2650 188 4169 2462 1694 446 331 193 768 448 216 5567 3515 2052 790 1262 1108 1016 9289 8991 692 1705 248 1248
is_linear=0
shrinkage=0.0202208


Tree=101
num_leaves=31
num_cat=0
split_feature=6 12 45 38 26 45 57 60 39 39 53 38 39 11 1 62 11 39 32 41 53 18 60 27 59 24 60 1 27 30
split_gain=2.14293 1.46837 2.34735 0.543979 0.800918 0.649622 0.549767 0.546359 0.56905 0.824497 0.606027 0.531741 1.20615 1.48659 1.04868 0.928518 0.867312 0.803587 0.876352 1.09412 0.614754 1.06624 0.399 0.783193 0.387378 0.640258 0.455644 0.351808 0.347949 0.343924
threshold=1.0000000180025095e-35 4.5000000000000009 2.3385651590994487 31.887457062735312 27.115000000000006 1.4276056111004094 1011.6500000000002 3.4350000000000005 1.8034749287634892 2.4837321302911786 0.060500000000000005 27.959081776278946 1.5793795014106793 0.82392300575755406 0.12500000000000003 3.1450000000000005 0.91586428826728705 0.66640487140061222 0.35838093514792574 0.09291573243625327 0.096500000000000016 31.269691521688532 4.8450000000000006 82.65000000000002 3.7150000000000003 27.475000000000005 2.8450000000000002 0.99500000000000011 74.15000000000002 85.15000000000002
decision_type=2 2 2 2 2 2 2 2 2 2 2 2 2 2 2 2 2 2 2 2 2 2 2 2 2 2 2 2 2 2
left_child=3 2 11 4 7 22 -5 8 10 -10 -1 -2 15 14 -14 16 29 -17 19 -19 -18 -22 -6 -24 25 26 -3 28 -27 -13
right_child=1 24 -4 6 5 -7 -8 -9 9 -11 -12 12 13 -15 -16 17 20 18 -20 -21 21 -23 23 -25 -26 27 -28 -29 -30 -31
leaf_value=-0.0030844793505927157 0.018999160415256486 7.189580871890051e-05 -0.066572780708610099 0.058631430567082005 0.014800328263426282 -0.033226525554372013 -0.054267797698726777 0.032295304128284269 -0.023015728855588263 0.034417541228685747 0.019177138468145241 0.024362654729660062 -0.050880895804492496 -0.0044999946488913454 -0.0049127576216385473 0.0074924073538542614 0.0001994505944199774 -0.051725635982242377 -0.031739801083421532 -0.096509239925913703 -0.03688209815783787 0.0023848783878528497 -0.013536563046004004 -0.001429908532905567 0.010649330022326972 0.0065912940753657468 -0.031908171208907057 0.01390713501239672 -0.035070946398607569 -0.01135625141796524
leaf_weight=194.64376789331436 402.32190102338791 152.9542384147644 126.85061424970627 6681.8416765332222 973.97233986854553 194.51581507921219 97.327778935432434 2954.3307324647903 225.42744928598404 129.21900719404221 846.70565140247345 1298.9323855638504 169.79127949476242 272.77775293588638 109.68971508741379 137.45977026224136 134.56985092163086 80.871658325195312 159.63540607690811 82.065327167510986 154.46683919429779 97.355667412281036 117.80667805671692 179.91200852394104 5766.4977561831474 228.8267879486084 185.79868292808533 1569.7442556619644 158.99418044090271 144.48256653547287
leaf_count=153 283 183 85 7891 996 166 91 1648 177 88 687 1461 183 250 101 146 132 95 182 91 157 123 115 193 6158 241 206 1793 155 180
internal_value=0.000372527 0.000161088 -0.000176854 0.000557403 0.000378088 0 0.000698029 0.000516035 0.000105913 -0.000490308 0.000393838 -4.21605e-05 -0.000164515 -0.0010124 -0.00203836 3.22707e-06 0.000244748 -0.000762515 -0.00135355 -0.00239364 -0.000496269 -0.0011623 0.00013558 -0.000378005 0.000313263 4.51546e-05 -0.000705748 0.000220923 -0.000190451 0.000504441
internal_weight=24029.8 11434.1 3371.27 12595.7 5816.53 1466.21 6779.17 4350.33 1396 354.646 1041.35 3244.42 2842.1 552.259 279.481 2289.84 1829.81 460.032 322.572 162.937 386.392 251.823 1271.69 297.719 8062.82 2296.32 338.753 1957.57 387.821 1443.41
internal_count=24410 12205 3469 12205 4223 1470 7982 2753 1105 265 840 3384 3101 534 284 2567 2053 514 368 186 412 280 1304 308 8736 2578 389 2189 396 1641
is_linear=0
shrinkage=0.0202208


Tree=102
num_leaves=31
num_cat=0
split_feature=6 46 10 64 0 10 46 21 4 10 40 17 26 10 0 32 0 40 41 44 44 11 40 0 44 46 10 10 4 10
split_gain=2.07504 0.992056 1.83736 2.81558 0.980043 0.96282 1.33614 0.82049 0.804005 0.69781 0.636685 0.535662 0.908332 1.69098 0.927065 0.496754 0.415916 1.01537 0.662085 0.442171 0.665386 0.56868 0.548532 0.386785 0.617528 0.301531 0.280551 0.346098 0.325647 0.279845
threshold=0.60355339059327384 2236.5360000000005 -0.84293373149377071 -2.0828078930758323 7.1350000000000007 -0.04732095011389225 1694.1935000000003 37.472132586141278 1009.9500000000002 0.7266007961912001 24.195000000000004 36.259265824874326 29.625000000000004 0.18399664778440331 1.9550000000000003 -0.13398556054112729 3.5450000000000004 26.320000000000004 0.39412347968450717 27.790208333333336 28.397916666666671 0.91234096280339505 27.94166666666667 4.9250000000000007 26.947708333333338 1938.5610000000001 0.63209755774300602 -0.93535928755917819 1010.9500000000002 0.5772862706790628
decision_type=2 2 2 2 2 2 2 2 2 2 2 2 2 2 2 2 2 2 2 2 2 2 2 2 2 2 2 2 2 2
left_child=1 2 3 -1 10 -2 -7 8 -3 -9 -4 12 23 -14 -15 -13 17 -12 -18 -19 21 -21 -23 24 -8 -20 27 -10 -28 -25
right_child=5 7 4 -5 -6 6 11 9 26 -11 16 15 13 14 -16 -17 18 19 25 20 -22 22 -24 29 -26 -27 28 -29 -30 -31
leaf_value=-0.062664522254215246 0.0066819801376454963 0.05937605207085575 -0.0044626101820191728 0.0077713577908007023 0.035402458126006529 -0.053503353044114819 -0.049140757772714629 0.029926259366123416 -0.020261153836345167 -0.018805810254296375 -0.010813998273693805 -0.012909922283675818 -0.063698260719722663 -0.036363523089131808 0.0076145287334439026 0.011232989915391064 0.017878004289774884 0.0079343704434917343 -0.06050539458710294 -0.0044758037448047235 0.024467919834284355 -0.030227088661113254 -0.0078814362820139976 0.01459077779087389 -0.0013764916480092824 0.012387416698896869 -0.0029442029778596859 0.033338124182820929 -0.058844540112142824 -0.0027621697607870966
leaf_weight=225.73695629835129 3106.5629363059998 7967.8174926638603 245.17364329099655 451.67258858680725 1940.9751799106598 170.16955554485321 146.44926285743713 429.40440773963928 130.26050609350204 239.08089792728424 174.4410240650177 241.04143971204758 84.419787168502808 94.911096513271332 376.5824823975563 800.60892730951309 2067.3405358791351 1204.3956935405731 159.40939402580261 359.4911961555481 564.90389096736908 109.67905062437057 143.64835715293884 433.5073264837265 927.61339020729065 338.73910599946976 90.399922609329224 545.98717391490936 93.789111375808716 165.57720774412155
leaf_count=173 3717 9620 116 558 868 152 158 268 170 125 125 142 104 100 446 505 1714 1039 110 390 674 98 169 429 1178 265 98 613 98 188
internal_value=0.000374014 0.000489676 0.000301682 -0.000655393 0.000402683 5.17063e-05 -0.000164792 0.000638345 0.000690152 0 0.00023784 -4.51953e-05 -0.000244526 -0.00094959 -0.000259109 0.000296917 0.000298305 7.30263e-05 0.000488254 0.000214988 0 -0.000522961 -0.00124858 0 -0.000237831 -2.05365e-05 0 0.00027952 -0.000571876 0.000401381
internal_weight=24029.8 17482.3 7985.61 677.41 7308.2 6547.44 3440.88 9496.74 8828.25 668.485 5367.22 3270.71 2229.06 555.913 471.494 1041.65 5122.05 2556.56 2565.49 2382.12 1177.72 612.819 253.327 1673.15 1074.06 498.149 860.437 676.248 184.189 599.085
internal_count=24410 17291 6299 731 5568 7119 3402 10992 10599 393 4700 3250 2603 650 546 647 4584 2495 2089 2370 1331 657 267 1953 1336 375 979 783 196 617
is_linear=0
shrinkage=0.0202208


Tree=103
num_leaves=31
num_cat=0
split_feature=51 45 20 26 10 45 0 39 61 10 60 64 43 45 45 41 61 11 64 64 38 38 38 33 39 26 29 10 28 64
split_gain=2.04941 2.3338 0.701921 1.98989 0.889162 2.02563 0.69856 0.929791 1.09413 0.642695 0.772152 0.659149 1.33108 0.596529 0.524848 0.542658 0.945551 0.522294 0.496097 1.61883 2.1172 0.835659 0.452716 0.443445 0.348476 0.241 0.424136 0.72772 0.335428 0.479241
threshold=275.70833333333354 2.3385651590994487 30.603302005715111 28.325000000000003 -0.84293373149377071 0.97012078096857579 2.9950000000000006 1.6876747580957965 0.26500000000000007 0.63874350706337069 6.0850000000000009 1.5720424165228304 0.21103712153736609 1.5302923728261857 0.47109099016453043 0.098488578021004455 4.0450000000000008 0.98927755889796032 -1.9873004709664668 -0.77687118723589232 26.949033352034665 29.015395574497518 30.496325851454092 0.18000000000000152 1.2342498513662084 29.715000000000003 81.550000000000011 0.74981945761428193 79.750000000000014 2.836830153122913
decision_type=2 2 2 2 2 2 2 2 2 2 2 2 2 2 2 2 2 2 2 2 2 2 2 2 2 2 2 2 2 2
left_child=2 6 3 4 5 -1 7 14 13 23 11 -11 -13 -9 15 -2 -17 25 -6 20 -20 -21 24 -8 -16 28 -27 -28 29 -4
right_child=1 -3 17 -5 18 -7 9 8 -10 10 -12 12 -14 -15 22 16 -18 -19 19 21 -22 -23 -24 -25 -26 26 27 -29 -30 -31
leaf_value=0.0030706841082231424 0.001443099740040672 -0.070488941502051913 0.020838709140572897 -0.03748581689275466 0.028158316394540778 -0.059948041976805221 0.029410986225506863 -0.08011790104337381 0.0028508970261089729 0.021711311454109452 -0.012701757688099438 -0.050365230880702452 0.00079221016426444721 -0.047676416955856914 -0.033369847732847298 -0.010506505359176976 -0.056253529236290817 -0.0053581877278919927 -0.012906980485947954 0.040199611118358278 0.0054327156636590603 -0.0014499881815309627 0.025320205730763629 0.0019960146404219975 0.0032498208084169042 0.029729314390584103 0.042494447942899659 -0.03175493435152979 0.050543782823178583 -0.0022141772690235022
leaf_weight=160.95546501874924 282.01798075437546 102.88060677051544 2774.8303384780884 162.06287533044815 1314.9534471035004 92.212913691997528 1920.6465428471565 77.663430213928223 89.073149621486664 825.22234153747559 120.84566140174866 157.09555685520172 417.7011199593544 80.023041784763336 137.59605276584625 142.81071650981903 97.227496027946472 316.52554655075073 302.47229474782944 1207.3116621375084 362.45325952768326 592.05441910028458 760.6814169883728 2145.1239030361176 142.04139602184296 988.63599443435669 152.47737467288971 126.86579018831253 7583.0345587134361 394.29318827390671
leaf_count=183 321 79 2889 176 666 73 2298 89 105 897 119 110 267 100 154 166 116 247 163 672 269 526 933 2343 135 620 127 95 9012 460
internal_value=0.000364854 7.35633e-05 0.00049164 0.000228554 0.000336117 -0.000693346 0.000127734 -0.000191018 -0.00133402 0.000246682 -6.06898e-05 1.43354e-05 -0.00043939 -0.00235072 0 -0.000528216 -0.001229 0.000573889 0.000428892 0.000207765 -0.000581129 0.000548492 0.000254818 0.000383121 -0.000248753 0.000596471 0.000210508 -0.00032085 0.00063375 0.000390148
internal_weight=24029.8 7498.65 16531.1 4194.48 4032.41 253.168 7395.77 1809.13 246.76 5586.64 1520.86 1400.02 574.797 157.686 1562.38 522.056 240.038 12336.7 3779.25 2464.29 664.926 1799.37 1040.32 4065.77 279.637 12020.1 1267.98 279.343 10752.2 3169.12
internal_count=24410 8232 16178 2728 2552 256 8153 2119 294 6034 1393 1274 377 189 1825 603 282 13450 2296 1630 432 1198 1222 4641 289 13203 842 222 12361 3349
is_linear=0
shrinkage=0.0202208


Tree=104
num_leaves=31
num_cat=0
split_feature=46 0 45 2 21 25 1 64 64 26 44 40 45 25 64 45 37 21 17 44 58 56 37 41 30 60 41 58 44 58
split_gain=2.16773 1.70798 4.05575 0.87997 0.978444 2.03293 1.0179 0.840001 0.702065 0.577839 0.949376 0.470458 1.47859 0.88023 0.79533 0.431221 0.4158 0.412793 0.570473 0.394769 0.428006 0.412713 0.369476 0.339026 0.334325 0.730363 2.10956 0.301645 0.261507 0.236228
threshold=2316.6455000000005 6.8950000000000005 2.3385651590994487 119.55000000000001 37.234011690746591 30.025000000000002 0.41500000000000004 -0.83190671592203802 2.836830153122913 29.175000000000004 28.518125000000005 26.685000000000006 1.5302923728261857 27.735000000000003 -1.5961518193924709 0.60506736941650086 0.40953121096955952 30.296030332370922 30.190729935708383 29.638541666666672 1006.6500000000002 1010.4500000000002 0.54097553514460528 0.39412347968450717 76.65000000000002 5.0750000000000011 0.44710177812200846 1012.35 30.372291666666673 1010.5500000000001
decision_type=2 2 2 2 2 2 2 2 2 2 2 2 2 2 2 2 2 2 2 2 2 2 2 2 2 2 2 2 2 2
left_child=1 2 3 7 6 -6 9 11 23 24 27 12 13 14 -1 -10 -3 -13 -19 21 -21 -2 29 -9 25 -5 -27 -11 -22 -8
right_child=19 16 -4 4 5 -7 22 8 15 10 -12 17 -14 -15 -16 -17 -18 18 -20 20 28 -23 -24 -25 -26 26 -28 -29 -30 -31
leaf_value=-0.004251427745115304 0.054163019108440333 0.00041885651759213219 -0.069949777386780237 0.00027404385495827558 -0.02587996702354102 8.8533448305285406e-05 0.0041352233589205837 0.020455249656231453 -0.066494148859344904 -0.087524065907620477 -0.00073662326852338685 0.012987138548174532 0.020533414237705758 -0.0055681387858112202 -0.080422994648927923 0.0024904368961783155 0.027169193354529352 -0.02602872433283715 0.0079397254047043689 0.026230705213113784 -0.059649233614544585 -0.0013534696492081388 0.020370285234999667 -0.0014894665729101202 0.0015668733805274536 -0.047744188900136757 0.0011328323757484194 -0.015877940493194249 0.038116510703374129 -0.028243710711983908
leaf_weight=203.85265147686005 6224.8379211425781 481.83015638589859 99.041315376758575 482.41202354431152 188.03353279829025 183.94776892662048 1506.5335761904716 3956.8887659311295 79.471886038780212 141.23490965366364 268.00355315208435 514.66746711730957 295.88860750198364 223.03915363550186 132.8867923617363 480.90793430805206 2684.9795952439308 116.5841903090477 658.08065116405487 1205.3632825613022 246.37745290994644 312.03744328022003 1305.7120000720024 390.39423263072968 877.80069959163666 147.68185698986053 201.85530155897141 90.665738701820374 154.16690081357956 174.61217969655991
leaf_count=152 7908 499 89 423 133 82 1812 4038 92 179 329 459 172 155 86 541 1551 100 826 737 182 380 1569 313 923 108 173 109 82 208
internal_value=0.000363064 0.000217008 0.000104021 0.000143298 -3.28706e-05 -0.00103573 2.28294e-05 0.000294741 0.000441291 -0.000286899 -0.000905992 -1.17153e-08 -0.000403889 -0.00107251 -0.00172025 -0.000113869 0.000642521 0.000200744 0 0.000637028 0.000256665 0.000716868 0.000281319 0.000533016 -5.30813e-05 -0.000378725 -0.00108799 -0.00184347 -0.000172191 2.50055e-05
internal_weight=24029.8 15887 12720.2 12621.2 5568.49 371.981 5196.51 7052.66 4907.66 2209.65 499.904 2145 855.667 559.779 336.739 560.38 3166.81 1289.33 774.665 8142.78 1605.91 6536.88 2986.86 4347.28 1709.75 831.949 349.537 231.901 400.544 1681.15
internal_count=24410 15121 13071 12982 6048 215 5833 6934 4984 2244 617 1950 565 393 238 633 2050 1385 926 9289 1001 8288 3589 4351 1627 704 281 288 264 2020
is_linear=0
shrinkage=0.0202208


Tree=105
num_leaves=31
num_cat=0
split_feature=52 10 18 26 53 4 59 4 41 41 53 64 55 10 59 10 56 25 31 34 62 53 18 29 4 59 10 10 34 49
split_gain=2.27727 1.25393 0.964784 0.81825 0.834776 0.703288 0.585351 0.752838 0.479009 0.571726 0.460954 0.407829 0.413452 0.424611 0.406616 0.39496 0.383395 0.374329 0.457404 0.354156 0.350432 0.730527 0.56649 0.43826 0.347381 0.292115 0.314974 0.495882 0.548652 0.53109
threshold=1148.8945000000003 0.081675638985454754 32.809681916595132 28.795000000000005 0.21450000000000002 1006.85 5.0750000000000011 1009.4500000000002 0.090000000001421984 0.10066445914071516 0.20250000000000004 -2.0828078930758323 0.064500000000000016 0.92591620288614507 3.6150000000000007 -0.84293373149377071 1009.5500000000001 27.285000000000004 72.450000000000017 30.560565782670718 0.69500000000000006 0.97750000000000015 28.740336294547244 71.65000000000002 1009.9500000000002 2.4750000000000005 0.78829775591774609 0.25118773779856129 30.741899741055761 151.25000000000003
decision_type=2 2 2 2 2 2 2 2 2 2 2 2 2 2 2 2 2 2 2 2 2 2 2 2 2 2 2 2 2 2
left_child=5 14 3 25 -5 19 7 11 -4 -10 -11 -7 -13 -14 17 -8 -12 18 -2 -1 23 22 -22 -9 -24 -3 27 -27 29 -29
right_child=1 2 8 4 -6 6 15 20 9 10 16 12 13 -15 -16 -17 -18 -19 -20 -21 21 -23 24 -25 -26 26 -28 28 -30 -31
leaf_value=-0.00078024551293012919 0.0068080089191839633 0.020035380909553886 0.010643244431128912 -0.0027580709465929772 -0.057360073179125941 -0.015089810910973511 -0.00066344039793226359 -0.00052926097639202825 -0.02630719621883992 0.017561582621432481 5.2543682825917799e-05 -0.0033044832124030422 0.041653253009653009 -0.0044127550577944853 0.012480059705702134 0.031214819423468758 -0.028546660676016265 0.017385670586788842 -0.030969062549736481 0.06850239324620841 0.0023847372485875191 0.010325688597670694 -0.0054664856071164683 0.027453743215609699 -0.035617529094329137 0.0061077947013351529 0.0021671260262196819 -0.0051398323774254247 0.00055116826468437857 -0.042930165734750642
leaf_weight=186.16425383090973 120.1943861246109 287.80212187767029 1139.6163123250008 209.1806892156601 273.5499050617218 172.87364220619202 367.46758008003235 1161.2705430388451 167.75683069229126 409.77332508563995 1327.52654337883 246.81694149971008 2547.427254140377 323.14583957195282 4081.1102351546288 3030.9880398511887 109.60206055641174 936.46526062488556 168.25360751152039 3957.1005682349205 103.03867197036743 386.11268836259842 104.82427525520325 718.17052686214447 282.00655043125153 215.47041153907776 299.68782556056976 274.57334876060486 228.16763633489609 193.65166592597961
leaf_count=182 122 326 1103 253 324 163 414 964 154 352 1261 230 2757 412 4494 1951 108 1244 232 4658 66 456 120 660 299 178 301 182 272 172
internal_value=0.000376481 0.000140439 -7.07477e-05 -0.000430724 -0.00118034 0.000551349 0.000433288 0.000286904 0.000127991 -1.95676e-05 3.91432e-05 0.000494534 0.000557301 0.000629333 0.000361262 0.000667312 -7.94994e-05 0 -0.000592128 0.000798658 6.87868e-06 -0.000289912 -0.000850544 0.000192025 -0.00122748 -0.000128609 -0.000307372 -0.000515348 -0.00079797 -0.00119139
internal_weight=24029.8 10442.4 5136.36 1982.08 482.731 13587.4 9444.14 6045.69 3154.28 2014.66 1846.9 3290.26 3117.39 2870.57 5306.02 3398.46 1437.13 1224.91 288.448 4143.26 2755.42 875.982 489.869 1879.44 386.831 1499.35 1211.55 911.863 696.393 468.225
internal_count=24410 11078 4986 2008 577 13332 8492 6127 2978 1875 1721 3562 3399 3169 6092 2365 1369 1598 354 4840 2565 941 485 1624 419 1431 1105 804 626 354
is_linear=0
shrinkage=0.0202208


Tree=106
num_leaves=31
num_cat=0
split_feature=52 12 45 4 38 38 17 39 42 62 24 60 4 11 39 62 20 12 39 33 11 64 20 25 11 17 64 31 38 38
split_gain=1.96497 0.968262 1.60863 0.822299 0.609493 0.789186 0.795835 0.537818 1.2347 0.799223 0.805355 0.5364 0.838008 0.665836 0.581435 0.723886 0.566997 0.422759 0.420164 0.551528 0.373741 0.508867 0.435521 0.540468 0.37042 0.367172 0.35694 0.337565 0.640891 0.858872
threshold=1148.8945000000003 4.5000000000000009 2.3385651590994487 1006.85 28.117202543619314 29.194377227761937 30.001842890166909 1.6876747580957965 26.824166666666674 3.1950000000000007 29.305000000000003 3.7750000000000004 1009.4500000000002 0.91234096280339505 1.5641716802971695 0.75500000000000012 37.343471940719304 9.5000000000000018 2.5778685237982626 -0.48499999999999938 0.99962961997441069 0.62789090124029923 37.100104907398929 30.065000000000001 0.94415253529446119 30.550496511712236 0.5792571011685369 79.450000000000017 33.322064605417388 34.383041840342351
decision_type=2 2 2 2 2 2 2 2 2 2 2 2 2 2 2 2 2 2 2 2 2 2 2 2 2 2 2 2 2 2
left_child=3 2 4 25 -2 6 -6 9 -9 24 -11 12 13 -5 15 -14 -13 -17 19 26 21 27 -23 -24 -7 -1 -16 28 -3 -30
right_child=1 20 -4 11 5 7 -8 8 -10 10 -12 16 14 -15 18 17 -18 -19 -20 -21 -22 22 23 -25 -26 -27 -28 -29 29 -31
leaf_value=-0.001964701512394603 0.021123867744012464 0.0022666455212518137 -0.052442013748072468 0.054392739624889802 -0.0026902100721345199 0.017953469458616991 -0.053068206568067967 0.0077516333526760637 -0.060775585998723618 -0.018897016527633231 -0.084052137624559653 0.024062964030492854 0.006260557838048666 -0.0010340788008938806 -0.027823502646622571 -0.042148033197686383 -0.079373556292587341 0.0020174687598856827 0.037570724293292758 -0.0093314080685364537 -0.12415087361972392 0.025610031103305488 -0.027598320411768539 0.02114401770455172 -0.013899772984341878 0.06731591479912509 -0.028296983266060099 0.014583816867113606 -0.024956653469240149 3.6086929126788297e-05
leaf_weight=228.89577323198318 381.02138674259186 1359.3181471824646 121.83862167596817 1726.1273463964462 149.52396500110626 1356.4562937021255 114.63690257072449 148.41218084096909 147.58601051568985 330.97734421491623 92.625907599925995 5055.1305586695671 843.6388852596283 489.58883637189865 209.33740574121475 178.78367114067078 128.00244921445847 340.78528141975403 138.13455909490585 178.35030001401901 101.08388847112656 2534.8881552219391 197.1069740653038 309.26475876569748 254.93780386447906 3914.369048833847 156.26325994729996 1814.1264662146568 364.53536224365234 664.04199683666229
leaf_count=227 266 1277 80 1951 122 1556 129 99 173 380 95 4108 746 416 152 173 82 407 141 170 65 2895 113 128 282 4613 146 2227 509 682
internal_value=0.000373595 0.000153001 -0.000127688 0.000536591 -3.33329e-06 -0.000143193 -0.00118399 0 -0.000820345 9.39187e-05 -0.00061639 0.000412058 0.000209006 0.000485916 -4.86148e-05 0.000143602 0.000561811 -0.00035272 -0.00055898 -0.000839478 0.000283323 0.000309298 0.000520241 0 0.000335925 0.000798658 -0.0012864 0.000135454 0 -0.00040234
internal_weight=24029.8 10442.4 3098.02 13587.4 2976.18 2595.16 264.161 2331 295.998 2035 423.603 9444.14 4261.01 2215.72 2045.29 1363.21 5183.13 519.569 682.086 543.951 7344.37 7243.28 3041.26 506.372 1611.39 4143.26 365.601 4202.02 2387.9 1028.58
internal_count=24410 11078 3182 13332 3102 2836 251 2585 272 2313 475 8492 4302 2367 1935 1326 4190 580 609 468 7896 7831 3136 241 1838 4840 298 4695 2468 1191
is_linear=0
shrinkage=0.0202208


Tree=107
num_leaves=31
num_cat=0
split_feature=48 10 39 0 56 7 27 26 45 11 55 20 64 11 60 56 56 11 45 37 36 64 39 10 64 64 0 27 43 45
split_gain=1.94214 1.07947 1.39375 1.67602 0.782179 0.827579 0.58774 0.580406 1.00638 0.885538 0.538549 0.806689 0.705622 0.515081 0.732946 1.06197 1.0962 0.637167 0.533286 0.431696 0.406973 0.391079 0.389114 0.377652 0.333771 0.570672 0.330463 0.55667 0.564442 0.714493
threshold=117.40000000000002 1.0000000180025095e-35 2.6675932315169182 5.5650000000000004 1006.7500000000001 -0.70710678118654757 74.450000000000017 27.115000000000006 1.3935876373017682 0.97308229207007257 0.99150000000000016 31.786460906739894 2.5928033787498426 0.96457844552971317 5.0450000000000008 1012.2500000000001 1008.5500000000001 0.91586428826728705 0.54630743322287179 0.36770182893839232 30.787408533240328 0.50839515064948071 1.5306893169648301 -0.43664718845046341 -2.186891101812845 -1.9873004709664668 7.1050000000000013 82.450000000000017 0.38881443731751281 1.495732812496734
decision_type=2 2 2 2 2 2 2 2 2 2 2 2 2 2 2 2 2 2 2 2 2 2 2 2 2 2 2 2 2 2
left_child=4 21 6 -4 20 7 13 -6 10 -10 12 -12 -9 14 17 16 -16 18 19 -3 -1 24 -20 -14 -2 -26 27 28 -7 -30
right_child=1 2 3 -5 5 26 -8 8 9 -11 11 -13 23 -15 15 -17 -18 -19 22 -21 -22 -23 -24 -25 25 -27 -28 -29 29 -31
leaf_value=-0.0044019048657668106 0.013176975702719342 -0.013237983022249157 -0.083334768739556461 -0.0070687964036397228 0.003826825552490901 0.011488571992942734 0.0034825688237994147 0.022006263004198973 -0.050798986931345325 0.0100982510146414 -0.036305607559392168 0.018985658467348662 0.001152350876350277 0.011409994487739673 -0.0018738186341430197 0.00043019139383094552 -0.047996974123080988 -0.036224903102132056 0.017766471989335543 0.012537132994453 0.06186434710387307 0.027506780581463035 -0.035980999939500199 -0.065444749432500365 -0.045882132472925663 0.0019620182492131673 0.040518954994938156 0.043962169636607207 -0.010182640814756566 0.0094027137457465913
leaf_weight=202.79778015613556 644.20301067829132 198.43492543697357 142.76227766275406 137.41189801692963 691.55617386102676 2091.133847117424 2517.9311007261276 1501.6924464702606 193.69180542230606 100.12357270717621 85.616085648536682 144.60758650302887 99.564549386501312 276.2047438621521 169.62652349472046 169.28200751543045 128.89878058433533 117.11182886362076 631.96124863624573 161.97991460561752 4464.902959227562 2010.7947634458542 94.640769898891449 101.66141945123672 99.157647550106049 1832.5389004945755 1706.705777823925 2369.6820075511932 577.25623714923859 365.85695111751556
leaf_count=207 542 158 126 79 571 2067 2528 1730 183 94 101 185 128 265 172 126 126 137 647 134 5250 2502 115 123 105 2166 815 2390 409 229
internal_value=0.000371229 0.000130274 -6.83196e-05 -0.00144329 0.000518208 0.000398015 0 7.45844e-05 -4.92751e-05 -0.00116649 7.74082e-05 -0.000750008 0.00024208 -0.00024337 -0.00040617 -0.00110071 -0.00182333 -6.10826e-05 1.62537e-05 -0.000521233 0.000757145 0.000354729 0.000404116 -0.000725842 0.00014163 0 0.00051834 0.000405563 0.000181728 -0.000167834
internal_weight=24029.8 9332.94 4746.25 280.174 14696.8 10029.1 4466.07 2918.51 2226.96 293.815 1933.14 230.224 1702.92 1948.14 1671.94 467.807 298.525 1204.13 1087.02 360.415 4667.7 4586.69 726.602 201.226 2575.9 1931.7 7110.63 5403.93 3034.25 943.113
internal_count=24410 9928 4613 205 14482 9025 4408 3115 2544 277 2267 286 1981 1880 1615 424 298 1191 1054 292 5457 5315 762 251 2813 2271 5910 5095 2705 638
is_linear=0
shrinkage=0.0202208


Tree=108
num_leaves=31
num_cat=0
split_feature=49 4 1 50 40 34 46 10 10 60 34 61 4 21 46 10 60 19 61 49 21 46 39 60 0 35 18 45 26 62
split_gain=1.82487 1.05307 0.596404 1.84326 2.12168 0.589017 0.587925 1.3725 2.03851 0.886165 0.81873 0.820518 0.613342 0.486019 0.347704 0.32984 0.388209 0.355027 0.338453 0.320648 0.363207 1.23423 0.306553 0.265972 0.25855 0.392454 0.253903 0.205775 0.205535 0.223808
threshold=31.550000000000004 1007.6500000000002 7.5450000000000008 72.15000000000002 28.131666666666668 30.605275230840906 2236.5360000000005 -0.84293373149377071 -0.89391031859722869 3.7750000000000004 27.97397251184675 0.095000000000000015 1009.9500000000002 38.172945122173402 2224.7690000000007 0.97873101657557349 3.3450000000000002 37.787826369605476 0.87500000000000011 661.95000000000016 31.360397772807229 1774.8100000000002 1.9270737242205793 7.9650000000000007 1.425 0.33099657454474374 30.356827737221696 1.2397185500011692 30.745000000000001 1.0000000180025095e-35
decision_type=2 2 2 2 2 2 2 2 2 2 2 2 2 2 2 2 2 2 2 2 2 2 2 2 2 2 2 2 2 2
left_child=6 5 19 -4 -5 -2 7 8 -1 10 11 -9 13 -8 22 17 -17 23 -19 24 27 -22 -12 28 25 -3 -11 -21 29 -7
right_child=1 2 3 4 -6 15 12 9 -10 26 14 -13 -14 -15 -16 16 -18 18 -20 20 21 -23 -24 -25 -26 -27 -28 -29 -30 -31
leaf_value=0.00048946652817970812 -0.013351156832888324 -0.023847239276771647 0.0040990457363479721 -0.065502524663195186 -0.011151063999108509 -0.027758345190488316 0.059390845248158422 -0.024329741940555843 -0.059031817948925182 0.024717638601396946 0.014112245775641694 -0.001846009024394143 0.00013145344185677319 -0.012741750445694843 -0.035063147661082511 -0.083584420714362978 0.021298867363488058 -7.9570847798980188e-05 -0.013970257746934098 -0.0054285155237473034 -0.0706383263035959 -0.0027915480732523782 -0.0062291693338569201 -0.00032701541881190887 0.0024889626532898757 0.021466354627867213 0.0034468570005164677 0.0076598701182800681 -0.0027084548418368185 0.028245675751462907
leaf_weight=388.55215108394623 194.04759865999222 110.43252104520798 284.59512490034103 81.713633894920349 115.58923637866974 73.793484210968018 6434.2929776310921 224.23948299884796 104.66700273752213 3036.8673271536827 1478.4810393452644 155.4755791425705 771.82857835292816 213.90820235013962 114.45908105373383 80.671631634235382 142.0950556397438 197.88831835985184 295.42390334606171 163.8611136674881 85.756932020187378 398.52767133712769 306.16134887933731 272.08091503381729 3223.8213007450104 76.608218789100647 477.88843047618866 252.49126315116882 192.51865315437317 4081.0517638921738
leaf_count=407 212 131 355 89 155 88 7630 130 99 1454 1374 85 867 121 124 101 184 82 162 167 93 494 263 358 3223 93 556 211 138 4964
internal_value=0.000378228 0.000162662 -4.06416e-05 -0.000718348 -0.00223286 0.000354625 0.000534094 0.000357897 -0.000588683 0.00045394 9.61223e-05 -0.000691783 0.000671309 0.000735281 0.000300805 0.000404701 -9.60564e-05 0.000443691 0 1.54176e-05 -0.000296984 -0.000683751 0.000400721 0.000499263 0.000123803 -0.000486777 0.000660671 0 0.00053837 0.000568741
internal_weight=24029.8 10323 4793.4 481.898 197.303 5529.57 13706.8 6286.79 493.219 5793.57 2278.82 379.715 7420.03 6648.2 1899.1 5335.52 222.767 5112.76 493.312 4311.5 900.637 484.285 1784.64 4619.44 3410.86 187.041 3514.76 416.352 4347.36 4154.85
internal_count=24410 11300 5011 599 244 6289 13110 4492 506 3986 1976 215 8618 7751 1761 6077 285 5792 244 4412 965 587 1637 5548 3447 224 2010 378 5190 5052
is_linear=0
shrinkage=0.0202208


Tree=109
num_leaves=31
num_cat=0
split_feature=52 46 10 17 57 4 0 10 45 30 45 30 41 45 45 45 45 11 46 61 44 44 26 11 31 45 4 21 17 0
split_gain=1.67729 0.915946 2.02666 2.67886 0.849659 0.82458 0.727454 0.654992 1.17576 0.622512 0.609875 1.00265 0.472028 0.575465 1.41368 0.450434 0.925878 0.372099 0.36754 0.37438 0.364477 0.450151 0.36124 0.360015 0.34888 0.368715 0.487024 0.35886 0.518795 0.330079
threshold=1148.8945000000003 2236.5360000000005 -0.85206963063867713 30.190729935708383 1008.1500000000002 1009.9500000000002 7.1050000000000013 0.25118773779856129 2.3385651590994487 84.050000000000011 0.42972922796958363 86.250000000000014 0.39412347968450717 1.3011121191674448 1.5156212508293592 0.68945551569449781 0.61762019883912855 0.94968266440323645 2289.0680000000007 1.2850000000000004 27.803958333333334 28.397916666666671 29.645000000000003 0.91234096280339505 72.350000000000009 0.61339833484150519 1005.2500000000001 37.234011690746591 37.333656857929576 9.0750000000000011
decision_type=2 2 2 2 2 2 2 2 2 2 2 2 2 2 2 2 2 2 2 2 2 2 2 2 2 2 2 2 2 2
left_child=1 2 3 -1 24 22 12 10 9 17 11 -6 15 -14 -15 16 -4 -9 19 -11 -17 23 -3 -22 25 26 -2 29 -29 -26
right_child=4 5 6 -5 7 -7 -8 8 -10 18 -12 -13 13 14 -16 20 -18 -19 -20 -21 21 -23 -24 -25 27 -27 -28 28 -30 -31
leaf_value=-0.044776934330598497 0.003054338252308937 0.063480705249442188 0.01744588511120141 0.0031633999685540272 -0.0029914489503814357 -0.00072115290785702065 0.036344834198293964 0.00029663436845148064 -0.052654065370762275 -0.011748405099738686 0.0060006719637262854 -0.032613079466313304 0.033882302557667048 -0.050573136573284695 -0.0044516644249133477 0.0075485341301527375 -0.0082112969900831161 -0.041239419418773883 0.014280374190724698 -0.064178008472435127 0.0051352739558140088 0.042277340330285094 0.020737493228653779 -0.021493430595225578 0.02883560435111631 0.011284517046549796 -0.049508027916827985 -0.01902819094297287 0.015759213688646929 -0.024515816873094072
leaf_weight=180.4489968419075 90.892102777957916 6039.3141384124756 607.584612429142 295.79258978366852 378.00280994176865 640.47282671928406 1517.9892832636833 1521.3137406110764 113.29870563745499 142.94556260108948 2666.5290867090225 71.4559046626091 179.98145234584808 134.19073849916458 277.25805646181107 1961.1006936430931 133.06750577688217 121.00110083818436 70.049524486064911 76.113712549209595 272.30425226688385 322.94667255878448 834.62877976894379 190.32677656412125 3841.3188680410385 384.42243927717209 161.56363415718079 184.30858707427979 544.24984157085419 74.916544795036316
leaf_count=144 91 7497 663 364 510 720 661 1479 68 175 2478 97 144 95 198 1373 135 116 85 92 266 365 520 187 4786 396 178 164 257 106
internal_value=0.000366417 0.000517591 0.000305146 -0.000899257 0.000161207 0.000677382 0.000423842 -7.10321e-06 -0.000303508 -0.000135091 0.000159475 -0.000455384 0.000250832 -0.000187997 -0.000707392 0.000350467 0 0 -0.00099436 -0.00140456 0.000472074 0 0.00074202 -0.000301043 0.000342107 0 -0.000691591 0.000404669 0 0.000481268
internal_weight=24029.8 13587.4 6072.99 476.242 10442.4 7514.42 5596.75 5160.71 2044.72 1931.42 3115.99 449.459 4078.76 591.43 411.449 3487.33 740.652 1642.31 289.109 219.059 2746.68 785.578 6873.94 462.631 5281.67 636.878 252.456 4644.79 728.558 3916.24
internal_count=24410 13332 4595 508 11078 8737 4087 5100 2015 1947 3085 607 3426 437 293 2989 798 1595 352 267 2191 818 8017 453 5978 665 269 5313 421 4892
is_linear=0
shrinkage=0.0202208


Tree=110
num_leaves=31
num_cat=0
split_feature=6 4 58 10 38 64 28 0 42 31 64 7 43 31 42 10 31 10 0 50 10 64 51 2 17 11 64 38 10 28
split_gain=1.61369 0.856221 0.786704 0.527956 0.588731 0.57139 0.525781 0.476874 0.912163 2.66316 0.482942 0.451418 0.397612 0.369983 0.36471 0.339165 0.430936 0.653504 0.500411 0.400964 0.387221 0.37139 0.643035 0.370291 0.306269 0.282797 0.258434 0.45835 0.843604 1.09226
threshold=0.37940952255126054 1006.9500000000002 1008.7500000000001 0.7775899462189082 36.53185796778056 0.9246698181180798 82.850000000000009 7.1650000000000009 26.619166666666672 80.950000000000017 2.692360915668877 -0.9159756150367534 0.6734550211782323 74.15000000000002 26.930833333333336 -0.20931270765420754 70.950000000000017 0.78829775591774609 6.6050000000000013 641.90000000000009 -0.79356426026969629 -0.23861819932126946 486.75000000000023 716.75000000000011 30.190729935708383 -0.93533330245768853 4.2609665486388684 31.567147034440328 -0.43664718845046341 79.550000000000011
decision_type=2 2 2 2 2 2 2 2 2 2 2 2 2 2 2 2 2 2 2 2 2 2 2 2 2 2 2 2 2 2
left_child=1 24 3 5 -5 13 7 8 9 -3 12 -8 -10 25 -9 20 -17 18 19 23 21 22 -4 -18 -1 -2 27 -12 -29 -30
right_child=2 6 15 4 -6 -7 11 14 10 -11 26 -13 -14 -15 -16 16 17 -19 -20 -21 -22 -23 -24 -25 -26 -27 -28 28 29 -31
leaf_value=-0.0031202963394177888 -0.024075275184741216 0.00080383336608249049 0.00059602074511164681 0.0076445302612767928 -0.018703433802127127 0.032116094245129657 -0.0068800326129639959 0.031799341563262723 0.012568078656116307 -0.021847961373181849 0.028478943793005456 0.042996967130881629 -0.0037524485880429852 0.012738858602425225 -0.0039548562724363214 -0.0002018124585197285 -0.026212198864467521 0.0077782193953551196 -0.00056196023370153753 -0.011470975353618513 0.014466481627600164 0.00459881732004991 -0.027318386721554559 -0.018404799203064395 0.058155375508071469 -0.00043191831825829921 0.030672105661805029 0.017563086642899357 -0.060897164254967745 0.00039846847717465018
leaf_weight=178.49709498882294 98.72949343919754 708.5379673242569 96.908400893211365 621.36510449647903 281.40894573926926 1404.1009032130241 123.29473900794983 1105.0560003519058 4071.1177421808243 296.0015150308609 130.85104686021805 2921.568779528141 356.11426603794098 2074.1206384897232 236.02828454971313 1351.7032655477524 320.565898001194 270.39405828714371 153.16552180051804 109.07399874925613 846.62922894954681 323.11240947246552 119.91405993700027 94.530904054641724 4799.2903146147728 334.33835911750793 199.03798425197601 144.39406818151474 168.12721401453018 91.811333954334259
leaf_count=164 134 407 120 659 156 1478 152 369 4223 163 130 2835 295 2594 191 1285 334 313 77 122 856 424 150 104 5625 347 235 198 186 84
internal_value=0.000369423 0.000494193 0.000131045 0.000305029 -5.70804e-05 0.000410946 0.000373203 0.000260995 0.000165776 -0.000353422 0.000283974 0.000620418 0.00036943 0.000179545 0.000631877 -7.25411e-05 -0.000238481 -0.000568133 -0.000918159 -0.00121442 0.000139574 -0.000177684 -0.000874193 -0.00149992 0.000732578 -0.000256133 -0.000111904 -0.000425491 -0.000830162 -0.00154039
internal_weight=24029.8 15529.7 8500.06 4814.06 902.774 3911.29 10551.9 7507.08 6165.99 1004.54 5161.45 3044.86 4427.23 2507.19 1341.08 3686 2299.43 947.73 677.336 524.171 1386.56 539.935 216.822 415.097 4977.79 433.068 734.222 535.184 404.333 259.939
internal_count=24410 15257 9153 5368 815 4553 9468 6481 5921 570 5351 2987 4518 3075 560 3785 2235 950 637 560 1550 694 270 438 5789 481 833 598 468 270
is_linear=0
shrinkage=0.0202208


Tree=111
num_leaves=31
num_cat=0
split_feature=6 4 8 61 57 17 20 44 62 57 30 57 57 32 17 4 64 32 17 28 33 20 50 45 64 62 62 44 33 11
split_gain=1.60722 1.09756 1.04437 0.841408 0.488868 0.97384 0.457716 0.441393 0.766512 0.53951 0.460521 0.481913 0.406994 0.381624 0.406407 0.515603 0.380985 0.36901 0.364669 0.362595 0.358818 0.348768 0.340518 0.296551 1.1472 0.815832 1.50173 1.05312 0.425944 0.375611
threshold=0.78656609248549325 1006.7500000000001 -0.60355339059327362 17.865000000000006 1007.6500000000002 30.130376855683391 37.100104907398929 28.707708333333336 1.2550000000000001 1008.1500000000002 76.450000000000017 1010.0500000000001 1009.9500000000002 2.0630739585638698 32.174706005352846 1011.1500000000002 0.87342487638551003 -0.24043794789949399 30.550496511712236 82.550000000000011 0.60500000000000054 28.062711357252638 35.600000000000009 1.5302923728261857 -0.83190671592203802 0.26500000000000007 1.0000000180025095e-35 27.169791666666672 -0.29000000000000087 0.90515966073569365
decision_type=2 2 2 2 2 2 2 2 2 2 2 2 2 2 2 2 2 2 2 2 2 2 2 2 2 2 2 2 2 2
left_child=1 18 3 4 6 -6 -3 8 10 -10 11 -7 16 14 15 22 -2 -18 -1 23 -20 -21 -14 24 25 26 -4 -28 -25 -26
right_child=12 2 19 -5 5 7 -8 -9 9 -11 -12 -13 13 -15 -16 -17 17 -19 20 21 -22 -23 -24 28 29 -27 27 -29 -30 -31
leaf_value=-0.0030572013206718912 -0.00048446447547489593 0.023821428484365123 5.2121022847763975e-05 -0.070578292365612819 0.0030517253741628235 -0.00027556685762274608 -0.11242874840179329 0.003473135384039594 -0.00028424042433593808 -0.051118470542767587 0.001384886851040478 -0.060476545461273457 -0.01037509710064068 0.001091289385268192 -6.3174749569406641e-05 -0.0010939625310041764 -0.03375167870543519 0.020907440147219635 0.049422425028793689 -0.0021632458425487563 -0.0022799041912255629 0.037208965333562403 -0.023557033933431504 0.022033986710757167 0.029436013027921811 0.013917653782114976 -0.056572135057564706 -0.0050864907800096913 -0.0018728407319021209 0.00049061085601698391
leaf_weight=245.41001981496811 1631.7687847614288 1205.0548551082611 377.49159401655197 145.45680069923401 622.75058341026306 121.10931420326233 82.460599958896637 167.50572144985199 77.426769137382507 193.55369788408279 462.49606949090958 120.45114678144455 113.01766628026962 766.24221235513687 493.17336010932922 157.83762961626053 117.90843975543976 1121.1835505366325 5346.8912264108658 144.57933104038239 208.54695677757263 3767.5785236358643 243.72404456138611 1205.1118242144585 2554.9581917524338 533.37788367271423 205.87635630369186 138.78301745653152 296.70313912630081 1161.360230743885
leaf_count=250 2029 1449 238 181 464 135 51 207 97 241 539 123 122 690 634 145 89 1112 6262 86 211 3810 264 575 2592 526 125 128 141 894
internal_value=0.00035481 0.000435824 0.000323631 0 7.65176e-05 -0.000104468 0.000392011 -0.000493898 -0.000684421 -0.00164985 -0.000181879 -0.000927841 0 -0.00022294 -0.000491265 -0.000889523 0.000164759 0.000433691 0.000683059 0.000421992 0.000716928 0.000601412 -0.00131215 0.00029974 0.000196197 -0.000293358 -0.000764235 -0.00172547 0.000582928 0.000385265
internal_weight=24029.8 19384.9 13584.1 3198.27 3052.81 1765.29 1287.52 1142.54 975.037 270.98 704.057 241.56 4644.86 1773.99 1007.75 514.579 2870.86 1239.09 5800.85 10385.8 5555.44 3912.16 356.742 6473.66 4971.85 1255.53 722.151 344.659 1501.81 3716.32
internal_count=24410 19325 12602 3487 3306 1806 1500 1342 1135 338 797 258 5085 1855 1165 531 3230 1201 6723 9115 6473 3896 386 5219 4503 1017 491 253 716 3486
is_linear=0
shrinkage=0.0202208


Tree=112
num_leaves=31
num_cat=0
split_feature=49 45 56 56 21 50 10 60 21 17 10 56 18 26 61 55 10 31 58 55 10 62 56 51 44 44 10 31 18 21
split_gain=1.8636 0.937073 0.700876 0.686256 0.612635 0.470968 0.461493 0.403687 0.389337 0.387426 0.378017 0.554468 0.372139 0.366059 0.535593 0.838458 0.440263 0.383415 0.801767 0.625011 0.33999 0.536438 0.331718 0.289071 0.286006 1.55366 0.739833 0.265431 0.248412 0.244131
threshold=206.75000000000003 2.3385651590994487 1006.4500000000002 1006.9500000000002 36.978319362395766 361.05000000000007 0.82876241254485883 6.6750000000000007 37.342529508858767 30.190729935708383 0.064507852084056461 1014.6500000000002 35.624577961255923 29.305000000000003 2.9950000000000006 0.045500000000000006 0.33346569090932193 74.65000000000002 1010.1500000000002 0.29350000000000004 0.42888796625999276 1.8750000000000002 1010.7500000000001 113.68333333333349 27.790208333333336 28.191458333333337 0.38168568572378603 76.15000000000002 35.847571318075715 34.402129124051527
decision_type=2 2 2 2 2 2 2 2 2 2 2 2 2 2 2 2 2 2 2 2 2 2 2 2 2 2 2 2 2 2
left_child=3 2 6 9 5 10 7 -2 12 -1 27 20 13 17 15 -15 29 -4 -19 -20 24 -22 -23 -7 26 -26 -12 -5 -8 -17
right_child=1 -3 8 4 -6 23 28 -9 -10 -11 11 -13 -14 14 -16 16 -18 18 19 -21 21 22 -24 -25 25 -27 -28 -29 -30 -31
leaf_value=-0.0087577087523376916 0.034132032753692393 -0.052657745975788414 0.0038167793260563358 0.0013185662472674144 -0.012940171635983705 -0.0019383877779193832 0.032225600543768593 -0.0014867575378016656 -0.0063402127242190229 0.053261620418531476 0.01004799016343173 -0.017867778114562631 0.019066639258454005 0.01500023793839783 0.0054945011264863211 -0.01283585459373489 -0.011528828430696032 0.0067020708840202616 0.0099657445136472709 -0.017962031972833959 0.019074674742614241 0.0089270574238198945 -0.056194108985003356 0.0010169758374602086 -0.020286134624543255 0.015991575612842538 -0.0036896226176235509 0.034729777489223922 -0.03613598263681312 -0.048657254237299212
leaf_weight=198.47660142183304 1974.340830206871 105.48308384418488 1587.412205696106 798.59615242481232 309.69546222686768 120.79096168279648 162.18275421857834 477.25890278816223 293.59258639812469 4650.7113021016121 731.84108650684357 120.82321441173553 521.58697158098221 136.44897425174713 325.81093692779541 88.21730899810791 208.03557991981506 1089.1219034790993 137.94667506217957 350.91860908269882 1888.4984164834023 647.20606422424316 108.78446209430695 1019.0088529586792 176.05859118700027 406.77180314064026 180.87466156482697 4781.2908463478088 291.57255834341049 140.4311814904213
leaf_count=184 2209 78 1533 656 202 127 223 620 162 5500 491 81 485 167 404 112 263 1423 164 424 1656 619 90 1094 159 504 88 4300 216 176
internal_value=0.000360541 9.18624e-05 0.000128433 0.000486414 0.000382147 0.000411298 0.000377692 0.000495066 -2.23992e-06 0.000710615 0.000456413 0.000270764 2.55194e-05 -1.9527e-05 -0.000393764 -0.000788205 -0.00126045 5.94921e-05 -0.000126615 -0.000830192 0.000326449 0.000468046 0 0 1.70904e-05 -0.000261013 0.000290561 0.000582196 -6.3964e-05 -0.00194365
internal_weight=24029.8 7890.36 7784.88 16139.4 11290.2 10980.5 2905.36 2451.6 4879.52 4849.19 9840.75 4260.86 4585.93 4064.34 898.944 573.133 436.684 3165.4 1577.99 488.865 4140.04 2644.49 755.991 1139.8 1495.55 582.83 912.716 5579.89 453.755 228.648
internal_count=24410 8659 8581 15751 10067 9865 3268 2829 5313 5684 8644 3688 5151 4666 1122 718 551 3544 2011 588 3607 2365 709 1221 1242 663 579 4956 439 288
is_linear=0
shrinkage=0.0202208


Tree=113
num_leaves=31
num_cat=0
split_feature=27 45 33 64 44 45 45 1 64 10 64 28 10 11 10 37 10 4 4 41 1 45 11 60 60 10 11 37 30 55
split_gain=1.66122 1.16893 0.844503 0.632967 1.02752 0.986136 0.783561 0.640928 0.517715 0.506257 1.13412 0.902727 0.48536 1.76491 0.497683 0.478853 0.434093 0.818564 0.393479 0.374994 0.453186 0.439021 0.700683 0.446005 0.418675 0.432824 0.481486 0.35408 0.353303 0.321858
threshold=82.450000000000017 2.3385651590994487 0.11999999999999923 0.9246698181180798 29.009375000000006 0.55639350453096137 0.32899976536839487 0.26500000000000007 2.836830153122913 -0.92913280730858783 -1.2503086245293102 85.750000000000014 -0.80392051724781066 0.49751328890718055 -0.24284747324344261 0.4595502236794472 0.63209755774300602 1010.6500000000002 1008.85 0.47056703383675036 1.0750000000000004 1.187402436837077 0.49751328890718055 4.5450000000000008 7.7750000000000012 -0.82391537601316178 0.24284972209593572 0.67203719233718606 85.050000000000011 0.064500000000000016
decision_type=2 2 2 2 2 2 2 2 2 2 2 2 2 2 2 2 2 2 2 2 2 2 2 2 2 2 2 2 2 2
left_child=1 2 8 4 19 6 -6 -5 12 10 11 -2 13 27 -14 -8 -11 -18 -12 20 21 22 -4 -24 25 26 -22 -1 -9 -16
right_child=9 -3 3 7 5 -7 15 28 -10 16 18 -13 14 -15 29 -17 17 -19 -20 -21 24 -23 23 -25 -26 -27 -28 -29 -30 -31
leaf_value=0.036781141527282693 -0.02520357387382173 -0.029039540641269779 -0.0019422228290321328 -0.0095103957604375164 0.022906687873083462 0.02233794592114495 -0.016348217411542364 0.020525939229752529 -0.0016442513863082328 0.059654912618145414 0.070134414762700437 -0.00026376435549880654 0.04588733832748032 -0.05608900815757651 -0.00045154282541675728 -0.011044870007552129 0.044654262448889058 -0.053580500663022224 -0.0073175620064933168 0.0023473361190381428 0.019738394869317836 0.00015857105683429821 -0.0056799613852051367 -0.051194500761456679 -0.011392729642092363 0.024598653543358259 -0.045903512739496409 -0.0078166008384885702 -0.0022281872901438447 0.010887094318688326
leaf_weight=792.20204776525497 139.36094057559967 319.44443774223328 359.38528662919998 667.90285563468933 103.42553156614304 181.82785278558731 206.06540280580521 1749.6264540553093 835.83352065086365 4822.190819144249 854.50271701812744 113.87182003259659 1515.4611914157867 120.82855236530304 812.88018822669983 105.20073312520981 1078.0119948983192 148.69951838254929 240.3066611289978 793.69460189342499 265.87146192789078 485.12892073392868 170.81722062826157 97.353050291538239 148.33804154396057 856.80958718061447 96.76052314043045 123.52444714307785 308.69937825202942 5515.7637823820114
leaf_count=1015 149 170 478 725 83 196 212 1611 816 5172 1139 129 1536 119 630 113 1184 117 321 657 376 379 183 89 181 1096 119 128 393 4894
internal_value=0.000358825 0.000237918 0.000265915 7.2498e-05 -7.59528e-05 -0.000853301 -0.00141677 0.000315139 0.00038814 0.000618589 0.000169495 -0.000928259 0.00043434 0 0.000488727 -0.00191878 0.000704026 0.000247333 0.000505578 3.98392e-05 -5.22319e-05 -0.000379646 -0.0007342 -0.00151763 0.000150622 0.000326159 -7.09812e-05 0.000328513 0.000502819 0.000383345
internal_weight=24029.8 16632.8 16313.4 6596.91 3870.68 596.52 414.692 2726.23 9716.49 7396.94 1348.04 253.233 8880.66 1036.56 7844.11 311.266 6048.9 1226.71 1094.81 3274.16 2480.46 1112.68 627.556 268.17 1367.78 1219.44 362.632 915.726 2058.33 6328.64
internal_count=24410 16199 16029 6891 4162 604 408 2729 9138 8211 1738 278 8322 1262 7060 325 6473 1301 1460 3558 2901 1129 750 272 1772 1591 495 1143 2004 5524
is_linear=0
shrinkage=0.0202208


Tree=114
num_leaves=31
num_cat=0
split_feature=49 57 45 0 4 45 45 35 62 46 7 27 46 11 0 11 21 55 3 27 21 18 45 3 45 3 46 27 62 17
split_gain=1.63201 1.17458 0.699325 0.730285 0.674757 0.652948 0.730351 1.54024 0.727211 1.13826 0.720899 0.42471 0.532325 0.411231 0.88627 0.708876 1.81963 0.394017 0.373005 0.938456 0.362445 0.565823 0.340834 0.326981 0.309793 0.300718 0.341102 0.298686 0.275551 0.262646
threshold=117.55000000000001 1007.2500000000001 2.3385651590994487 4.8450000000000006 1006.9500000000002 0.46333688456617217 1.3935876373017682 0.48036406715020646 3.3350000000000004 2290.4655000000007 0.25881904510252057 82.850000000000009 1873.2950000000003 0.90515966073569365 3.9450000000000007 0.93834263341299773 28.062711357252638 0.064500000000000016 0.45650000000000007 77.550000000000011 30.455428862659357 30.404396225739273 1.3935876373017682 0.99950000000000017 1.3363384810383501 0.30150000000000005 1930.5250000000003 75.350000000000009 0.51500000000000012 30.190729935708383
decision_type=2 2 2 2 2 2 2 2 2 2 2 2 2 2 2 2 2 2 2 2 2 2 2 2 2 2 2 2 2 2
left_child=4 17 3 5 29 8 -7 -8 -3 10 -10 12 -6 14 22 16 -15 -2 19 -16 -20 -22 -14 -13 -5 -17 -27 -28 -18 -1
right_child=1 2 -4 24 11 6 7 -9 9 -11 -12 23 13 15 18 25 28 -19 20 -21 21 -23 -24 -25 -26 26 27 -29 -30 -31
leaf_value=-0.0070074993182777361 -0.013879803436751333 -0.0008500633081078555 -0.051982959155515401 0.0014057691899897007 0.0071161373865859297 0.0014052808828557218 0.00049004815595763622 -0.05902338944879796 -0.04048688970472749 -0.0026542408150321351 -0.014364616655289392 0.041791312526875513 0.037117702011002549 0.050365047927026049 -0.05615777366070699 0.0091352682815216482 -0.012627056642615701 0.021390438401158174 0.01764935661851922 0.0078471117988538914 -0.045644416294871176 0.0040605889568017493 -0.013479757621237404 -0.0010412276580223146 0.010728631389115931 -0.017351911105929409 -0.028985473648994897 0.015901859412277643 -0.019361736948105609 0.054446802238358537
leaf_weight=175.26068097352982 238.62876713275909 363.91522133350372 124.76825922727585 1128.9221098423004 1696.4135646820068 2212.5631773471832 242.11825662851334 166.24530595541 128.61524331569672 232.4172397851944 82.188056349754333 3274.1272608041763 1799.8209303021431 153.337557554245 128.3949636220932 645.26020634174347 104.91834980249405 3470.8789917230606 385.24425655603409 220.67964947223663 79.037860512733459 983.87877947092056 82.75884073972702 343.74222958087921 648.52918994426727 220.49218809604645 133.31086391210556 413.1903458237648 90.987734615802765 4059.1434596180916
leaf_count=158 189 416 88 1289 775 2525 244 170 156 281 98 3151 2017 80 111 488 104 3980 289 228 67 1132 86 376 491 125 131 271 88 4806
internal_value=0.000354644 0.000126618 -5.13424e-05 0 0.000486245 -0.000186915 0 -0.000808986 -0.000690611 -0.00123686 -0.00231322 0.000382838 0.000268097 0.000148322 0.000275588 -6.7966e-05 -0.000904667 0.000405692 0 -0.000628901 9.40714e-05 -2.41155e-05 0.000583419 0.000584484 0.000316709 7.91122e-05 -0.000107505 2.16443e-05 -0.0022592 0.000727628
internal_weight=24029.8 9039.79 5330.28 5205.51 14990 3428.06 2620.93 408.364 807.136 443.221 210.803 10755.6 7137.73 5441.31 3679.82 1761.5 349.244 3709.51 1797.24 349.075 1448.16 1062.92 1882.58 3617.87 1777.45 1412.25 766.993 546.501 195.906 4234.4
internal_count=24410 9927 5758 5670 14483 3890 2939 414 951 535 254 9519 5992 5217 3930 1287 272 4169 1827 339 1488 1199 2103 3527 1780 1015 527 402 192 4964
is_linear=0
shrinkage=0.0202208


Tree=115
num_leaves=31
num_cat=0
split_feature=49 58 61 46 0 43 27 34 31 46 0 11 11 17 0 24 1 31 58 34 30 27 11 53 11 51 20 11 53 0
split_gain=1.51898 0.823021 0.701802 0.562805 0.869274 0.461916 0.421467 0.37151 0.356986 0.631398 0.49118 1.46462 1.27242 0.806762 0.34725 0.413203 0.863064 0.456755 0.336085 0.335682 0.283928 0.260678 0.455942 0.256831 0.27453 0.250399 0.394171 0.292611 0.230869 0.265078
threshold=170.95000000000002 1008.9500000000002 4.9050000000000011 2242.2940000000003 7.1650000000000009 0.19846074338902139 74.450000000000017 33.336374761559568 79.050000000000011 1930.5250000000003 3.5750000000000006 0.59123954401714218 0.82392300575755406 30.190729935708383 3.9450000000000007 27.455000000000002 0.045000000000000005 69.550000000000011 1011.0500000000001 29.123704483742241 84.250000000000014 66.850000000000009 0.87377473702374975 0.76850000000000007 0.60503365783732044 5.1000000000001533 31.232617206640661 0.34157076916785584 0.56050000000000011 3.0850000000000004
decision_type=2 2 2 2 2 2 2 2 2 2 2 2 2 2 2 2 2 2 2 2 2 2 2 2 2 2 2 2 2 2
left_child=3 6 14 4 5 -1 -2 20 23 -10 12 13 -11 -12 15 16 -3 -18 25 -6 -4 22 -16 24 -7 -5 27 -27 -8 -30
right_child=1 2 7 18 19 8 28 -9 9 10 11 -13 -14 -15 21 -17 17 -19 -20 -21 -22 -23 -24 -25 -26 26 -28 -29 29 -31
leaf_value=0.012443160572172877 -0.00059317528259728329 -0.0020939450081880677 -0.056130772354873237 0.059911638758757435 0.030567689074159167 -0.0059021925406186901 0.00039859662063729549 -0.0024154060290864218 -0.01009192084753734 0.03528684470058506 -0.055124046522201688 0.031938529317492269 -0.044570053722756402 -0.00026351996154586152 -0.027203546799931238 0.00058723039903937045 -0.00037969438407424601 -0.052363608882150914 -0.003380204853504775 -0.00076755078981292609 -0.036916796953702438 0.0090443039957766782 0.0025676772018153778 -0.0011411319166626124 0.0056734861767544801 -0.015892138941167956 0.034088584143459562 -0.00042297727308480981 0.0010116902306959667 0.023429823006813639
leaf_weight=1336.2895047068596 1169.3518112301826 300.57281255722046 105.81819748878479 4252.3616812229156 1856.2692409753799 352.45145773887634 782.24420595169067 225.23555475473404 196.61696100234985 205.35504949092865 95.558992207050323 727.5333371758461 186.38764607906342 148.22425949573517 138.89680051803589 969.29505908489227 93.133406221866608 152.87774986028671 227.14536255598068 246.02775657176971 103.39104050397873 1059.7669638395309 273.81705325841904 747.26608371734619 1208.1703040003777 109.06481033563614 3688.393140733242 170.52450382709503 472.12619650363922 2429.6225974559784
leaf_count=1378 1127 302 118 5011 704 326 752 273 104 228 78 489 167 183 141 1162 98 185 227 265 133 1044 215 627 926 145 4251 191 579 2981
internal_value=0.000353248 0.000116989 -0.000104718 0.000471747 0.000314518 0.000151832 0.000291332 -0.0008603 1.56712e-05 -0.000193878 0 0.000205459 -0.00063514 -0.000999773 0 -0.00020833 -0.000653174 -0.00153321 0.000597156 0.00067458 -0.0014947 0.000226901 -4.14848e-05 0.000195251 0.000351214 0.000618994 0.000442143 -5.6573e-05 0.000398136 0.000483394
internal_weight=24029.8 8276.15 3422.8 15753.6 7306.15 5203.85 4853.34 434.445 3867.56 1559.68 1363.06 971.317 391.743 243.783 2988.36 1515.88 546.584 246.011 8447.49 2102.3 209.209 1472.48 412.714 2307.89 1560.62 8220.34 3967.98 279.589 3683.99 2901.75
internal_count=24410 9110 3671 15300 5475 4506 5439 524 3128 1249 1145 750 395 261 3147 1747 585 283 9825 969 251 1400 356 1879 1252 9598 4587 336 4312 3560
is_linear=0
shrinkage=0.0202208


Tree=116
num_leaves=31
num_cat=0
split_feature=33 31 10 58 22 60 10 59 29 36 45 45 25 10 10 36 11 11 34 44 30 11 25 18 56 56 17 10 53 10
split_gain=1.52268 0.874376 0.692009 0.626239 1.06597 1.47237 0.937058 0.617916 0.614513 0.569913 0.475158 0.469281 0.453672 0.534007 0.784883 1.53363 0.629649 0.465136 0.440396 0.517443 0.360277 0.408144 0.365134 0.432813 0.312839 0.311475 0.51361 0.743806 0.82207 0.775187
threshold=0.1449999999999996 77.050000000000011 -0.04732095011389225 1008.1500000000002 29.545000000000005 2.8150000000000004 0.69636977696931246 5.3250000000000011 79.250000000000014 29.958484332194626 1.3935876373017682 1.5935598988656461 27.775000000000002 0.38168568572378603 -0.94697898371965705 30.561340636549826 0.82392300575755406 0.98927755889796032 36.705567328137001 29.58979166666667 76.350000000000009 0.92589048012183106 29.565000000000001 34.445293155988196 1010.85 1012.9500000000002 31.588648800150505 0.23448921811828119 0.096500000000000016 0.50495637864894027
decision_type=2 2 2 2 2 2 2 2 2 2 2 2 2 2 2 2 2 2 2 2 2 2 2 2 2 2 2 2 2 2
left_child=1 9 -2 7 25 -6 -7 18 -9 -1 20 -12 13 14 15 -3 -15 -14 19 -4 21 -11 23 -22 -19 26 27 -5 -29 -30
right_child=2 12 3 4 5 6 -8 8 -10 10 11 -13 17 16 -16 -17 -18 24 -20 -21 22 -23 -24 -25 -26 -27 -28 28 29 -31
leaf_value=0.0051132165872292204 0.0076788266906430017 -0.016452215286030837 0.016917335428564578 0.0059627583084893403 0.00062736735040491373 -0.051304772629233136 -0.041785824727868293 -0.012637446202364011 -0.00026413781389984602 0.022821016084538896 -0.028259889533339088 0.00044905389076801934 0.040801042724180614 0.0061126867259104828 0.024683607072501158 0.03839569203046838 -0.015807738125359624 -0.025082986221027882 0.032846203494827829 -0.021882323487583455 -0.0098550279222331706 -0.0019106850055520025 -0.040130425825898507 0.030993446090556594 0.083791108345988644 0.0048887199740736097 0.0094903247432242769 -0.00040263546408428037 -0.036486399694452359 -0.0299171604399667
leaf_weight=1515.827178478241 3663.9617515802383 91.249348044395447 854.23646479845047 216.45135897397995 152.16616052389145 115.69504082202911 135.52478265762329 127.67487156391144 398.56987887620926 658.35835188627243 181.52486395835876 185.0507150888443 8850.7748888134956 514.05608397722244 2198.9492902159691 255.1118358373642 105.78262603282928 142.56603080034256 629.83917278051376 181.393818795681 541.41052770614624 292.34220093488693 230.27097302675247 491.19288432598114 155.09262788295746 402.87693023681641 310.39890575408936 121.72909170389175 137.49443769454956 172.21644729375839
leaf_count=908 4293 95 1000 188 162 125 139 147 443 644 157 191 9795 515 1675 331 93 109 297 150 682 306 163 567 82 323 413 111 123 183
internal_value=0.000352043 0.000463344 0.000100761 -6.69673e-05 -0.000364525 -0.00128235 -0.00223229 0.000132948 -0.000396215 0.000174452 0 -0.000678429 0.000552244 0.000287506 0.000427872 -0.000313368 -0.00014758 0.000634102 0.000353154 5.7114e-06 0.000103379 0.000416753 -6.39923e-05 2.0595e-05 0 -2.53923e-05 -0.000279615 -0.000645956 -0.00115023 -0.00170518
internal_weight=24029.8 16409.6 7620.23 3956.27 1764.55 403.386 251.22 2191.71 526.245 4095.98 2580.15 366.576 12313.6 3165.15 2545.31 346.361 619.839 9148.43 1665.47 1035.63 2213.57 950.701 1262.87 1032.6 297.659 1361.17 958.29 647.891 431.44 309.711
internal_count=24410 16313 8097 3804 1767 426 264 2037 590 3618 2710 348 12695 2709 2101 426 608 9986 1447 1150 2362 950 1412 1249 191 1341 1018 605 417 306
is_linear=0
shrinkage=0.0202208


Tree=117
num_leaves=31
num_cat=0
split_feature=48 10 46 56 10 38 17 56 60 57 11 34 10 57 11 34 53 62 61 30 48 44 0 10 62 30 60 10 44 38
split_gain=1.72612 0.763962 0.516885 0.516102 0.511275 1.8785 0.50724 0.480112 0.439669 0.499389 0.678306 0.457381 0.425804 0.419094 0.445404 0.963523 0.396972 0.47127 0.486586 0.4358 0.42462 0.394734 0.392581 0.351627 1.01825 0.350391 1.06214 0.376387 0.329368 0.75945
threshold=35.600000000000009 0.081675638985454754 1585.3790000000001 1006.85 -0.85206963063867713 30.117649703153781 30.550496511712236 1010.35 3.7750000000000004 1011.4500000000002 0.91234096280339505 36.705567328137001 0.93836870211866363 1007.2500000000001 0.60503365783732044 28.321084202052209 0.99150000000000016 15.415000000000001 5.6550000000000011 84.750000000000014 695.45000000000016 27.826041666666672 3.4050000000000007 -0.20931270765420754 0.03500000000000001 86.15000000000002 3.7950000000000004 -0.86958133671945925 26.981875000000006 27.959081776278946
decision_type=2 2 2 2 2 2 2 2 2 2 2 2 2 2 2 2 2 2 2 2 2 2 2 2 2 2 2 2 2 2
left_child=3 13 -3 6 5 -5 -1 -7 9 10 12 22 -6 -2 15 -15 19 18 -18 28 -21 -11 -10 -16 -25 27 -27 -17 29 -4
right_child=1 2 16 4 8 7 -8 -9 11 21 -12 -13 -14 14 23 25 17 -19 -20 20 -22 -23 -24 24 -26 26 -28 -29 -30 -31
leaf_value=-0.0021001221315663527 0.034091279591550672 -0.051410576937740586 0.00082449447695754621 -0.065044094290977156 0.037247342937319232 0.036916904491038162 0.054946644835655395 -0.014119097973290308 -0.012937029117150585 1.2375263024893404e-05 -0.00056924084125966126 -0.022524585787101654 -0.010280795982452321 -0.052177039134388439 0.020492040472435309 0.02493971808305891 -0.0061786653043970708 0.030366732519354959 -0.030301623095335788 -0.0047064964113129118 -0.029635268911306918 -0.046842889744402372 0.026610681785445518 0.0054567623702288766 -0.019083309666637859 -0.033494857527348286 0.0096487833939986126 -0.0067759004106013781 0.002818827903835567 -0.046762373141289983
leaf_weight=253.84505367279053 1958.5547686815262 102.79972332715988 212.53759115934372 138.18674486875534 1587.9512469768524 993.29820090532303 4060.389864385128 113.31498444080353 151.43964427709579 425.90505534410477 1128.14226603508 193.51296067237854 228.43715667724609 69.207879364490509 1127.7908923625946 606.41107726097107 148.71488863229752 90.447285115718842 116.37272310256958 436.86323338747025 123.94233566522598 146.09030264616013 4065.629535317421 518.97406339645386 251.13679200410843 102.94002240896225 199.44998997449875 556.40599489212036 3779.8909540772438 141.20631003379822
leaf_count=252 2617 75 137 117 1676 1251 4786 152 156 306 970 131 272 57 1070 800 174 108 135 512 157 137 3009 355 180 138 272 704 3586 118
internal_value=0.000354696 0.000148838 -1.12176e-05 0.000509054 0.000400019 0 0.000719988 0.000298624 0.000459879 0.00024585 0.000364364 0.000610305 0.000606125 0.00031795 0.000146877 -6.33013e-05 1.00646e-06 -0.000625842 -0.00111324 6.76156e-05 -0.000420411 -0.000210504 0.000658675 0.000362614 0 0 -0.000550507 0.000207832 0.000155334 -0.000343302
internal_weight=24029.8 10543.6 5152.78 13486.1 9171.91 1244.8 4314.23 1106.61 7927.11 3516.53 2944.53 4410.58 1816.39 5390.87 3432.32 1534.41 5049.98 355.535 265.088 4694.44 560.806 571.995 4217.07 1897.9 770.111 1465.21 302.39 1162.82 4133.63 353.744
internal_count=24410 11195 5002 13215 8177 1520 5038 1403 6657 3361 2918 3296 1948 6193 3576 1971 4927 417 309 4510 669 443 3165 1605 535 1914 410 1504 3841 255
is_linear=0
shrinkage=0.0202208


Tree=118
num_leaves=31
num_cat=0
split_feature=48 46 25 10 39 39 10 1 45 10 28 45 43 54 44 24 35 27 0 57 44 0 54 54 44 39 57 0 57 10
split_gain=1.57807 0.7529 0.626704 0.58332 0.707458 1.29348 0.658314 0.523104 0.876997 0.459143 0.649103 0.438006 0.432609 0.539874 0.562348 0.574299 0.564706 0.380482 0.577681 0.325154 0.316838 0.355519 0.298508 0.298377 0.6609 0.831699 0.298144 0.264423 0.467307 0.28476
threshold=35.600000000000009 2348.5535000000004 26.945000000000004 -0.20931270765420754 2.7159755902394704 3.0155721985761845 -0.81403855522663837 14.495000000000003 0.40162847854874001 -0.86958133671945925 80.750000000000014 0.56336487455442918 0.39668207172853948 0.85850000000000015 28.619791666666671 29.465000000000003 0.18644740769240131 82.350000000000009 5.0150000000000006 1009.4500000000002 29.828750000000003 6.205000000000001 0.98750000000000016 0.16350000000000003 27.892291666666669 1.0161302169449815 1014.1500000000002 5.1850000000000014 1008.1500000000002 0.15005400879207817
decision_type=2 2 2 2 2 2 2 2 2 2 2 2 2 2 2 2 2 2 2 2 2 2 2 2 2 2 2 2 2 2
left_child=2 3 -1 6 7 -6 9 11 -9 17 -11 12 13 14 -5 16 -16 -2 -19 22 21 -3 -13 -21 -25 -26 27 28 -4 -30
right_child=1 20 26 4 5 -7 -8 8 -10 10 -12 19 -14 -15 15 -17 -18 18 -20 23 -22 -23 -24 24 25 -27 -28 -29 29 -31
leaf_value=0.00061014099062894304 0.017752918499396031 0.039280491481435198 0.048588212452969515 0.0057851872426626268 -0.073181672587679908 -0.0057564015990208064 0.020542429898212453 0.027034847791817758 -0.036577234891906729 -0.049031667978564633 0.011919391170020938 0.01676604284309046 0.018832236079752439 0.0011151050211874981 -0.031326528075706198 -0.0050322222910120533 -0.0079463640163214694 -0.030853487923034342 0.011228362315941341 0.0062433766408265656 -0.0025131464130801876 0.0095023985515064417 -0.036678411980016583 -0.0001553075594260332 0.00046840086393250074 -0.074695457432592205 -0.027261323761539415 0.041901526331427297 -0.0001059742337322663 0.0066063418113174377
leaf_weight=1937.3889961838722 863.97255742549896 1172.9665069580078 3704.7165798544884 206.76934635639191 148.12519299983978 262.05842483043671 1936.6483269929886 90.791117787361145 135.82637101411819 175.1997013092041 92.670682013034821 1063.9606601595879 341.78173661231995 643.5827534198761 166.94156736135483 366.73533713817596 108.32123947143555 77.126991748809814 109.17192775011063 596.9379363656044 305.51222723722458 432.30616927146912 98.95836079120636 914.83252990245819 90.270070791244507 142.17878913879395 123.98989659547806 4539.6125007271767 1469.6446153521538 1710.79042750597
leaf_count=1355 1141 1411 4203 254 117 170 2158 123 157 196 118 1039 313 721 191 246 126 107 130 612 173 586 117 716 105 168 66 4409 1601 1581
internal_value=0.000344991 0.000147502 0.000492809 5.54972e-05 -6.07712e-05 -0.000863895 0.000274321 0 -0.000933768 -1.31595e-05 -0.000803884 5.18735e-05 -0.000166713 -0.000348146 -0.000686673 -0.000989112 -0.00175103 0.00010777 -0.000557104 0.0002199 0.000516454 0.000630761 0.000484314 0 -0.000145317 -0.00111584 0.000551524 0.000564044 0.000446782 0.000220644
internal_weight=24029.8 10543.6 13486.1 8632.86 5378.07 410.184 3254.79 4967.89 226.617 1318.14 267.87 4741.27 1834.13 1492.35 848.767 641.998 275.263 1050.27 186.299 2907.14 1910.78 1605.27 1162.92 1744.22 1147.28 232.449 11548.8 11424.8 6885.15 3180.44
internal_count=24410 11195 13215 9025 5175 287 3850 4888 280 1692 314 4608 1851 1538 817 563 317 1378 237 2757 2170 1997 1156 1601 989 273 11860 11794 7385 3182
is_linear=0
shrinkage=0.0202208


Tree=119
num_leaves=31
num_cat=0
split_feature=51 58 45 64 59 44 64 60 11 34 3 32 64 64 21 45 28 46 54 59 39 17 59 56 32 56 32 46 24 60
split_gain=1.47391 1.20644 1.02536 0.692446 1.283 1.1367 2.41067 0.716161 0.764386 1.43932 0.517238 0.526025 1.85655 0.565652 0.459708 0.458944 0.440002 0.638327 0.790908 0.431109 0.366863 0.51448 0.343802 0.337429 0.447245 0.312097 0.283533 0.269797 0.280611 0.253435
threshold=92.541666666666728 1008.9500000000002 0.31794958340333096 -0.63796260963757223 7.3350000000000009 25.736041666666669 -1.9873004709664668 4.7950000000000008 0.53435276464917691 30.311054260327154 0.69950000000000012 -0.24740289296455484 1.4855168026428383 1.7132960977057154 38.172945122173402 2.3385651590994487 80.15000000000002 2311.9170000000008 0.81450000000000011 4.5150000000000006 2.4529067660888204 32.372346671804173 2.9350000000000005 1008.0500000000001 0.94742515525993565 1014.1500000000002 0.073979821564458717 2215.623 30.495000000000001 2.4150000000000005
decision_type=2 2 2 2 2 2 2 2 2 2 2 2 2 2 2 2 2 2 2 2 2 2 2 2 2 2 2 2 2 2
left_child=3 10 -3 4 5 6 -1 -7 9 -9 11 12 -2 23 25 16 19 18 -18 20 -4 -22 29 -13 -25 -5 -6 -24 -29 -12
right_child=1 2 15 14 26 7 -8 8 -10 -11 22 13 -14 -15 -16 -17 17 -19 -20 -21 21 -23 27 24 -26 -27 -28 28 -30 -31
leaf_value=0.016758681498503101 0.0034943314511004945 -0.030341832477698828 0.00031857044016897002 0.031975900980621488 0.030078597485245578 0.016082919951935167 -0.027499866157268644 -0.052303137656333383 0.03275466589976659 -0.00075964513598244393 0.011462306266398411 0.01029344799220676 -0.04206232653907948 0.02104498437573827 -0.027361934839769883 -0.050823971294417271 -0.0045727295006860067 0.02138621181176336 -0.036554298092089522 0.0047321993370951767 0.0027504764423966943 -0.069212059068647899 0.00094617115074050275 -0.017337557409371335 -0.0020773990928346325 -0.045211247734197019 -0.0010343851243135866 0.033633826745873056 -0.00050332103993165167 -0.014155808100686005
leaf_weight=205.28633087873459 332.31482362747192 121.56513273715973 1770.0388552546501 8136.0827787518501 1406.232016980648 1242.6598720550537 216.21184074878693 213.36007982492447 343.4266853928566 560.80498886108398 455.52822732925415 501.21415609121323 173.45238518714905 700.38620162010193 170.41127347946167 142.13652372360229 303.06012952327728 178.65233999490738 135.53950023651123 1213.7909762263298 95.158901870250702 86.942480325698853 719.0851793885231 163.9165803194046 297.83697515726089 101.34345281124115 213.87142670154572 3173.5584639906883 237.74183940887451 418.17912256717682
leaf_count=125 341 153 1970 8515 767 1187 118 183 246 731 562 531 164 541 103 101 303 223 157 1082 106 101 839 175 329 58 152 3907 155 485
internal_value=0.000340866 0.000159786 -0.000103275 0.000492541 0.000250875 0 -0.000974473 0.00016021 -0.000153537 -0.000563458 0.000320371 1.53299e-05 -0.000504644 0.000226792 0.000608471 -2.29856e-05 0 -0.00046985 -0.000939706 0.000116132 -3.00002e-05 -0.000902152 0.000434993 -7.0666e-06 -0.000476581 0.000632948 0.000702663 0.000513036 0.00059235 0
internal_weight=24029.8 11220.1 4046.88 12809.7 4401.85 2781.75 421.498 2360.25 1117.59 774.165 7173.21 2169.12 505.767 1663.35 8407.84 3925.32 3783.18 617.252 438.6 3165.93 1952.14 182.101 5004.09 962.968 461.754 8237.43 1620.1 4130.39 3411.3 873.707
internal_count=24410 12225 4196 12185 3509 2590 243 2347 1160 914 8029 2081 505 1576 8676 4043 3942 683 460 3259 2177 207 5948 1035 504 8573 919 4901 4062 1047
is_linear=0
shrinkage=0.0202208


Tree=120
num_leaves=31
num_cat=0
split_feature=46 59 25 10 39 10 64 64 64 22 11 33 10 10 41 60 11 30 58 44 41 8 53 10 30 44 39 11 55 60
split_gain=1.17902 1.2142 0.742398 0.71188 0.811056 0.689706 1.34716 1.23188 0.606377 0.649094 0.602132 1.03934 0.540895 0.857978 0.519063 0.506595 0.657231 0.481624 0.562197 0.479826 0.432973 0.419168 0.413027 0.779598 0.398385 0.521633 1.01633 0.419142 0.710303 0.491649
threshold=2318.0685000000008 7.1350000000000007 27.695000000000004 0.30081702196488996 2.2423687173684081 -0.84293373149377071 -1.7090416840362168 -2.2288140262983513 2.965175286600831 23.835000000000004 0.91586428826728705 0.01500000000000057 0.63209755774300602 0.6583954877256819 0.11789826122479267 3.6650000000000005 0.34963450400049079 86.450000000000017 1007.7500000000001 26.947708333333338 0.090000000001421984 -0.25881904510252113 0.44350000000000006 0.56314550935064711 79.050000000000011 29.58979166666667 0.66640487140061222 0.98927755889796032 0.22850000000000004 4.7950000000000008
decision_type=2 2 2 2 2 2 2 2 2 2 2 2 2 2 2 2 2 2 2 2 2 2 2 2 2 2 2 2 2 2
left_child=1 2 3 5 10 6 7 -1 9 -7 15 -12 17 -14 -3 16 -5 -2 -19 -6 -4 -16 -17 -24 27 -26 -27 29 -29 -22
right_child=12 14 20 4 19 8 -8 -9 -10 -11 11 -13 13 -15 21 22 -18 18 -20 -21 24 -23 23 -25 25 26 -28 28 -30 -31
leaf_value=-0.024885442669558475 0.048432705527238044 -0.00055819717379475015 0.013445817425141879 -0.052085845346016381 -0.06380103585589969 -0.0069815046233107575 0.015517351852127785 -0.03976627760769455 -0.014573252239762465 0.00624396156179875 -0.00032141322178081067 -0.0520706180287576 -0.05739679129831389 0.025551095124061562 -0.00070749971029667423 -0.00058385230833491787 0.020830446513665217 0.045875003906344101 -0.014381918384431392 -8.792701623813833e-05 0.017195405436277036 0.026722433429136772 -0.0032097710694094462 -0.05583855494701593 0.0047618747233139471 -0.00013675350682680525 -0.019482380759231401 -0.061757349641384032 0.017288959130599194 -0.001387753134375995
leaf_weight=166.08073377609253 5253.9177033305168 453.55323940515518 2541.3285539150238 88.130798637866974 182.32119154930115 151.88026297092438 394.28525465726852 97.777851223945618 204.93032670021057 2723.1639665961266 117.95403528213501 94.404520213603973 137.74001383781433 2051.1994925141335 228.93577688932419 236.64059752225876 791.73369163274765 434.43410682678223 183.59659773111343 94.287949204444885 2148.0093692541122 2156.7579580545425 109.54531490802765 137.41355586051941 1481.4468213915825 177.71353673934937 177.79871380329132 133.49893426895142 204.71418994665146 674.594482421875
leaf_count=161 6512 493 2893 112 170 66 536 110 242 2400 99 91 107 1759 219 267 840 587 228 95 2040 1113 89 155 1911 95 133 107 139 641
internal_value=0.000334229 0.000223956 0.000133244 -2.95615e-05 -0.00036525 0.000113605 -0.000431834 -0.00157924 0.000258963 0.000355617 -0.000123959 -0.00111798 0.000541605 0.000206444 0.000611855 0 0.000321176 0.000651416 0 -0.00140627 0.00026553 0.00073091 -0.000487642 -0.00106527 0.000131223 -6.94555e-05 -0.000780957 0.000275458 -0.000259026 0.000370759
internal_weight=24029.8 15968.9 13129.7 5590.55 1852.43 3738.12 658.144 263.859 3079.97 2875.04 1575.82 212.359 8060.89 2188.94 2839.25 1363.46 879.864 5871.95 618.031 276.609 7539.1 2385.69 483.599 246.959 4997.78 1836.96 355.512 3160.82 338.213 2822.6
internal_count=24410 15217 13392 5433 1918 3515 807 271 2708 2466 1653 190 9193 1866 1825 1463 952 7327 815 265 7959 1332 511 244 5066 2139 228 2927 246 2681
is_linear=0
shrinkage=0.0202208


Tree=121
num_leaves=31
num_cat=0
split_feature=48 56 10 58 55 17 34 53 10 64 56 56 34 60 64 38 63 21 25 30 39 56 60 45 49 10 25 34 10 10
split_gain=1.38337 0.608707 0.592191 0.818553 0.584656 0.479059 0.44089 0.62889 0.898806 1.51872 0.687855 0.514658 0.467169 0.757797 0.577604 0.4266 0.414841 0.668981 2.20525 0.452596 1.11645 0.742257 0.435754 0.398967 0.39327 0.374087 0.320411 0.948516 0.312933 0.319167
threshold=35.600000000000009 1006.85 0.081675638985454754 1013.7500000000001 0.36950000000000005 30.550496511712236 26.887187601762921 0.95350000000000013 -0.85206963063867713 -1.3127397497138522 1013.9500000000002 1010.35 27.97397251184675 3.8450000000000002 2.692360915668877 34.705141692348455 36.156666356033845 37.472132586141278 30.025000000000002 84.350000000000009 0.87908126146735432 1006.5500000000001 5.2150000000000007 0.70241786096947434 402.00000000000006 0.94970904815366264 28.535000000000004 34.850390719014001 0.38168568572378603 0.99628894895067466
decision_type=2 2 2 2 2 2 2 2 2 2 2 2 2 2 2 2 2 2 2 2 2 2 2 2 2 2 2 2 2 2
left_child=1 5 15 16 -5 -1 -3 8 9 -8 12 25 13 -10 -14 24 17 19 -19 22 21 -21 28 -16 -2 -9 -24 -28 -4 -30
right_child=2 6 3 4 -6 -7 7 11 10 -11 -12 -13 14 -15 23 -17 -18 18 -20 20 -22 -23 26 -25 -26 -27 27 -29 29 -31
leaf_value=-0.0085284449351040494 0.018249275417159341 0.023545116393576909 -0.00077183712583809596 -0.04518266900953672 -0.06595776395847143 0.051836333744648223 -0.057166297478119354 0.038068063603959021 -0.011844316227461835 0.032421751310722891 -0.042455658737140523 -0.0017367988717410323 0.013923102931116836 0.0010598453008927508 -0.062219262173323284 0.045834146440036853 0.0037905291506718126 -0.027973305634998644 0.024967561022776467 -0.011378055842159873 0.0082188590332311785 -0.043037823396504644 0.00015875222825820868 0.0020850999337452322 0.00035195890982059016 -0.030701949926068822 -0.031421107814886502 0.021594508266836624 0.01436749050139619 -0.013864728102754943
leaf_weight=253.84505367279053 2267.8857092857361 1877.1588648557663 567.26237577199936 109.23430323600769 82.644431591033936 4060.389864385128 90.835969626903534 2665.9362690448761 188.10288059711456 138.53882133960724 113.30473726987839 479.50248688459396 2727.3432970046997 228.20779806375504 123.50675320625305 793.44145345687866 711.41607946157455 232.28886413574219 204.86606103181839 127.39793854951859 380.34175062179565 147.81113690137863 548.81224858760834 417.77169007062912 2329.5443176031113 121.69853019714355 167.17910259962082 142.17865580320358 1618.4233221411705 112.91877406835556
leaf_count=252 2426 751 650 114 90 4786 77 3112 109 181 80 434 2553 139 142 976 512 152 88 164 452 186 458 468 2791 131 208 149 1630 149
internal_value=0.000334849 0.000473662 0.00014888 0 -0.00128779 0.000695732 0.000359403 0.000267129 7.14703e-05 -0.00110078 0.000166387 0.000481175 0.000234946 -0.000300296 0.000330161 0.000297015 4.43663e-05 -1.17161e-05 -0.000772482 5.33017e-05 -0.000390659 -0.00140516 0.000173582 -0.000162976 0.000195523 0.000588792 -0.000149383 -0.0006924 0.000332237 0.000469249
internal_weight=24029.8 13486.1 10543.6 5152.78 191.879 4314.23 9171.91 7294.75 4027.61 229.375 3798.24 3267.14 3684.93 416.311 3268.62 5390.87 4960.9 4249.48 437.155 3812.33 655.551 275.209 3156.77 541.278 4597.43 2787.63 858.17 309.358 2298.6 1731.34
internal_count=24410 13215 11195 5002 204 5038 8177 7426 3749 258 3491 3677 3411 248 3163 6193 4798 4286 240 4046 802 350 3244 610 5217 3243 815 357 2429 1779
is_linear=0
shrinkage=0.0202208


Tree=122
num_leaves=31
num_cat=0
split_feature=51 57 4 62 17 21 1 45 45 10 64 29 57 64 45 29 22 1 64 21 11 38 11 4 64 55 28 28 22 10
split_gain=1.33499 0.881407 0.80004 0.431893 0.444394 0.420803 0.432269 0.399804 0.472544 0.390686 0.382161 0.458852 0.380624 0.303165 0.862443 0.60293 0.767069 1.01206 1.69088 0.57061 0.493503 1.1836 0.678748 0.390303 0.321872 0.316607 0.290732 0.617999 0.453777 0.276354
threshold=278.85000000000014 1008.1500000000002 1006.85 0.18500000000000003 30.698723432511038 36.978319362395766 4.3550000000000013 0.40795420117648212 2.3385651590994487 0.78829775591774609 1.9700387259070189 79.350000000000009 1008.85 -0.63796260963757223 1.5302923728261857 81.250000000000014 26.555000000000003 0.095000000000000015 -2.4792299839655718 29.888939745165448 0.91234096280339505 29.015395574497518 0.92589048012183106 1014.0500000000001 -1.9873004709664668 0.97150000000000014 83.750000000000014 85.750000000000014 27.395000000000003 0.081675638985454754
decision_type=2 2 2 2 2 2 2 2 2 2 2 2 2 2 2 2 2 2 2 2 2 2 2 2 2 2 2 2 2 2
left_child=2 9 3 -1 -5 13 -7 10 -9 -2 11 -3 -13 14 15 16 17 18 -4 -17 23 29 -23 -15 -16 -18 -21 28 -28 -22
right_child=1 7 5 4 -6 6 -8 8 -10 -11 -12 12 -14 20 24 19 25 -19 -20 26 21 22 -24 -25 -26 -27 27 -29 -30 -31
leaf_value=-0.012287552740666102 0.015105649857559781 0.0034540919188023249 -0.00014205201926526182 -0.0073525123297232516 0.049758697630061334 0.010120621881564424 -0.05302422496910026 0.00014738964142665479 -0.048835967798505839 -0.0050625264390028214 0.007110537533214392 -0.0075228852643897991 -0.023376851884306944 0.032834613645857734 0.021906217576269864 0.059053906016276927 0.021843902331564694 0.021993511155583914 -0.037447149192893443 0.019065680073639384 0.076070412844886873 -0.017645686388528342 -0.00048461579449223695 -0.022193359238229717 0.00044034176272939035 -0.014841710986663644 -0.019332628765666791 0.0041982628480034057 -6.6716746079916776e-05 -0.0008106315707436144
leaf_weight=209.26484435796738 3270.3706405162811 79.950615406036377 262.61585479974747 242.58081614971161 4032.7432490587234 277.93140596151352 151.45039886236191 2892.314497590065 102.88060677051544 747.81021702289581 82.881387114524841 114.57842218875885 145.37641054391861 4846.7542698383331 1072.9300297498703 511.68877345323563 484.85354971885681 207.10146290063858 355.32903742790222 278.16550040245056 770.06333702802658 146.37531900405884 1119.5115747451782 146.72543287277222 428.757408618927 375.2096044421196 118.93743133544922 299.97133940458298 76.141255617141724 178.5248481631279
leaf_count=232 3793 103 168 256 4784 167 117 3078 79 707 73 141 188 5608 424 373 483 122 188 334 439 116 977 90 234 452 117 322 107 138
internal_value=0.000321742 8.16249e-05 0.000424025 0.000674156 0.000719707 0.000323966 -0.000175013 -0.000140086 -2.65067e-05 0.00029194 -0.000731701 -0.00105769 -0.00147247 0.000349859 0.000182522 0 -0.000268414 -0.000721465 -0.00116142 0.000311202 0.00044137 0.000133994 -0.000219657 0.000559943 0.000577254 6.61985e-05 0 -0.000328684 -0.00124088 0.000696787
internal_weight=24029.8 7436.16 16593.6 4484.59 4275.32 12109 429.382 3417.98 2995.2 4018.18 422.787 339.905 259.955 11679.7 4471.7 2970.01 1685.11 825.046 617.945 1284.9 7207.95 2214.48 1265.89 4993.48 1501.69 860.063 773.216 495.05 195.079 948.588
internal_count=24410 8162 16248 5272 5040 10976 284 3662 3157 4500 505 432 329 10692 3324 2666 1413 478 356 1253 7368 1670 1093 5698 658 935 880 546 224 577
is_linear=0
shrinkage=0.0202208


Tree=123
num_leaves=31
num_cat=0
split_feature=48 56 40 10 59 22 54 45 0 44 10 10 0 1 54 8 59 38 54 56 44 31 10 30 48 20 44 0 56 38
split_gain=1.59519 0.627239 1.01061 0.603535 0.581809 0.644175 0.547273 0.461547 0.591325 0.544549 0.464438 0.537302 0.575595 0.536916 0.466408 0.667778 0.797793 0.423581 0.406016 0.496115 0.630957 0.367501 0.439568 0.340484 0.33806 0.333242 0.322116 0.316696 0.301262 0.583891
threshold=35.600000000000009 1009.1500000000002 27.100000000000005 0.081675638985454754 3.7550000000000003 26.255000000000006 0.98050000000000004 1.3502090535899234 6.995000000000001 26.506666666666671 0.41327478071396911 0.30081702196488996 4.4650000000000007 0.63500000000000012 0.73150000000000015 -0.5 3.5950000000000002 34.705141692348455 0.060500000000000005 1011.2500000000001 27.691875000000003 81.850000000000009 0.60505046667002438 84.850000000000009 439.85000000000008 30.244093800581354 27.36770833333334 3.3750000000000004 1009.5500000000001 33.163054682244379
decision_type=2 2 2 2 2 2 2 2 2 2 2 2 2 2 2 2 2 2 2 2 2 2 2 2 2 2 2 2 2 2
left_child=1 25 4 17 5 -3 7 10 9 -9 11 -5 -13 23 15 16 -15 24 -4 -20 -21 22 -8 -12 27 -1 -11 -2 -17 -30
right_child=3 2 18 6 -6 -7 21 8 -10 26 13 12 -14 14 -16 28 -18 -19 19 20 -22 -23 -24 -25 -26 -27 -28 -29 29 -31
leaf_value=0.0010513971091728287 -0.00099290730976846187 -0.023718023478791553 0.027009091488499035 0.00075520132544808531 0.018992687206262588 0.0020603011646407672 -0.0032033700083301717 -0.004574045682278728 0.0009747260099374174 -0.058485600155094374 0.012748177703447584 -0.048834321318717684 0.00024441989584241761 0.021036153622290051 0.01257021693859557 0.0092936980218835778 -0.035613391949991191 0.044601892457876387 -0.00019819329575780528 -0.00012387306756424981 -0.035870840130704004 0.014108626169673609 -0.033374707405243273 -0.015100212052421493 -0.00020085023587951257 0.042563404241479433 -0.010085027513056111 0.018653323397564564 0.015782438518459702 -0.022141057820003484
leaf_weight=680.42485177516937 516.39227116107941 208.52021253108978 310.5197257399559 516.00218325853348 2306.2142885327339 443.53184741735458 367.27422505617142 145.92503815889359 191.47728502750397 109.09766125679016 1035.5399470925331 123.37318444252014 84.322146475315094 118.61178386211395 720.29230463504791 673.46862065792084 157.84214913845062 793.44145345687866 1254.8585669398308 286.94537454843521 225.16857540607452 155.52750581502914 325.85382550954819 98.525985717773438 2250.9119411706924 7769.959573328495 141.04074245691299 1830.1258145570755 106.62490546703339 81.975550472736359
leaf_count=601 670 135 294 614 1126 361 427 122 84 113 1032 144 89 120 636 488 148 976 1429 242 226 188 336 122 2593 8801 131 1954 134 74
internal_value=0.000323379 0.000471539 0.000259515 0.00012546 0.000502646 0 -1.5365e-05 5.94507e-05 -0.000427741 -0.000928733 0.000160385 -0.000236729 -0.00110913 0.000285818 2.29786e-05 -0.000179169 -0.00105079 0.000276208 -4.49313e-05 -0.000201535 -0.000729634 -0.00049598 -0.000718616 0.00063808 0.000175665 0.000587347 -0.00149456 0.000345274 2.84857e-06 -0.000574943
internal_weight=24029.8 13486.1 5035.76 10543.6 2958.27 652.052 5152.78 4304.12 587.541 396.063 3716.58 723.698 207.695 2992.88 1858.82 1138.52 276.454 5390.87 2077.49 1766.97 512.114 848.656 693.128 1134.07 4597.43 8450.38 250.138 2346.52 862.069 188.6
internal_count=24410 13215 3813 11195 1622 496 5002 4051 450 366 3601 847 233 2754 1600 964 268 6193 2191 1897 468 951 763 1154 5217 9402 244 2624 696 208
is_linear=0
shrinkage=0.0202208


Tree=124
num_leaves=31
num_cat=0
split_feature=27 33 64 39 19 64 0 64 46 33 64 21 0 60 3 3 56 37 0 60 64 39 50 25 31 58 46 25 0 60
split_gain=1.5334 0.896419 0.837188 0.902199 0.840391 0.502425 0.416734 0.753556 0.646913 0.559396 0.325172 0.32296 0.320206 0.802756 0.526344 1.19706 0.307877 0.303378 0.682713 1.04782 0.375721 0.559204 0.324911 0.293032 0.290432 0.259129 0.311981 0.254647 0.537776 0.23804
threshold=82.550000000000011 0.11999999999999923 0.9246698181180798 2.418250222112492 35.69556156454663 3.0221385334821567 3.6150000000000007 -1.3775331800816841 2301.2090000000003 -0.77999999999999925 2.5928033787498426 34.688287986313959 4.8850000000000007 2.1350000000000002 0.88850000000000018 0.46350000000000008 1009.9500000000002 0.4595502236794472 5.1650000000000009 5.9450000000000012 0.21170509952500008 0.69001378677326464 269.85000000000008 25.725000000000005 77.250000000000014 1006.6500000000002 2391.7810000000004 28.265000000000004 6.8350000000000009 7.6350000000000007
decision_type=2 2 2 2 2 2 2 2 2 2 2 2 2 2 2 2 2 2 2 2 2 2 2 2 2 2 2 2 2 2
left_child=1 5 4 16 17 25 7 8 -2 -9 -5 -11 13 -7 15 -15 -4 18 20 -20 -3 -22 -19 -8 -25 -1 29 -21 -29 -27
right_child=6 2 3 10 -6 12 23 9 -10 11 -12 -13 -14 14 -16 -17 -18 22 19 27 21 -23 -24 24 -26 26 -28 28 -30 -31
leaf_value=0.032679034140932851 -0.019604414052823746 0.0067428548262512926 0.015050813755746531 -0.0007822092461112442 -0.013296960891010434 0.019199532807534468 -0.0028294609771622563 -0.057817220897395633 0.01544483230873334 0.043986546372308137 -0.046713497683461336 -0.0095418142751002716 0.021034418585318605 -0.00398534312675134 -0.0045529173349713181 -0.058791962727175802 0.00040649610541467678 0.0040901242958481998 -0.033566596069121553 0.0014096594961640232 -0.047846850231396933 0.0025189462410562923 -0.0030048702370702456 0.0026616627219745461 0.053487753652303953 0.0036432788511524873 -0.095090597061528045 0.019860213074478744 -0.049890213853108267 0.027759535251389557
leaf_weight=2340.0874796509743 148.55826306343079 500.15797847509384 1990.7879407405853 109.23736357688904 196.98772668838501 260.4096657037735 96.993832349777222 84.959343731403351 109.64838516712189 1090.5869408249855 95.981408059597015 124.94089847803116 168.52542108297348 118.41911208629608 95.275388360023499 85.694233119487762 553.79115444421768 1908.7316046357155 103.69646978378296 215.49722731113434 92.653172135353088 106.53792321681976 774.83919423818588 321.68191629648209 5236.7726655006409 6006.1665676236153 139.14912515878677 68.441061735153198 69.719358384609222 814.86071944236755
leaf_count=2616 161 616 1913 102 148 310 63 85 124 1268 90 149 81 127 106 100 651 1959 116 186 115 137 799 306 5859 5589 105 96 98 335
internal_value=0.000327854 0.00021361 2.0083e-05 0.000303004 -0.000151058 0.000335795 0.000581749 0.00019963 -0.000668305 0.000440616 -0.000842307 0.000596629 -8.60091e-05 -0.000413904 -0.0011764 -0.00174678 0.00043092 -6.02673e-05 -0.000341995 -0.000948286 0 -0.000671068 2.89173e-05 0.000671375 0.000692924 0.000378262 0.000289843 -0.000139164 -0.000883689 0.000317375
internal_weight=24029.8 16815.6 6787.06 2749.8 4037.26 10028.6 7214.14 1558.69 258.207 1300.49 205.219 1215.53 728.324 559.798 299.389 204.113 2544.58 3840.27 1156.7 457.354 699.349 199.191 2683.57 5655.45 5558.45 9300.26 6960.18 353.658 138.16 6821.03
internal_count=24410 16395 7026 2756 4270 9369 8015 1787 285 1502 192 1417 724 643 333 227 2564 4122 1364 496 868 252 2758 6228 6165 8645 6029 380 194 5924
is_linear=0
shrinkage=0.0202208


Tree=125
num_leaves=31
num_cat=0
split_feature=27 33 32 50 0 4 4 11 18 35 0 11 38 22 35 55 61 41 3 27 55 33 30 6 33 11 35 38 61 42
split_gain=1.37672 0.766154 0.509629 0.555668 0.48546 0.645111 0.471104 0.584247 0.690775 0.463604 0.58171 0.609805 0.654292 0.506918 0.433399 0.465106 0.520487 0.429617 0.409643 0.495375 0.600765 0.411455 0.356413 0.336975 0.32279 0.291017 0.281626 0.280663 0.277407 0.269388
threshold=82.550000000000011 0.15499999999999939 0.60072554402621858 265.4500000000001 3.6150000000000007 1009.4500000000002 1006.7500000000001 0.59818091440591625 32.339104829825544 0.10619982137846737 7.1350000000000007 -0.66483077113278999 36.736890513903411 23.835000000000004 0.33099657454474374 0.98250000000000004 0.51500000000000012 0.088881944172314611 0.091500000000000012 66.050000000000011 0.99550000000000016 0.26500000000000062 82.65000000000002 0.25881904510252091 -0.50999999999999968 -0.97870382656940669 0.17068603316767475 29.194377227761937 0.065000000000000016 26.354166666666675
decision_type=2 2 2 2 2 2 2 2 2 2 2 2 2 2 2 2 2 2 2 2 2 2 2 2 2 2 2 2 2 2
left_child=1 9 17 -4 5 23 -5 8 -8 29 11 25 13 -13 22 27 -17 -3 -19 -20 21 -21 -15 -2 -7 -11 -12 -16 -9 -1
right_child=4 2 3 6 -6 24 7 28 -10 10 26 12 -14 14 15 16 -18 18 19 20 -22 -23 -24 -25 -26 -27 -28 -29 -30 -31
leaf_value=-0.0024147048265966303 0.068817162328803111 0.00097658506545092536 0.0051471706274188612 0.0092363235227874048 0.046187796781860531 -0.065134123818709116 -0.052140582812755583 0.001380862780830231 -0.00020588893428137949 -0.004059260938577708 -0.0030595483214920839 -0.01628990870588938 -0.03276140883404334 0.0065878969236999154 0.006940017199263699 -0.019369712647488487 -0.0090591095878528628 0.012127392417538978 0.0015252593271653343 -0.001653192126389668 0.0042620445967710089 -0.014838097279055704 -0.012054057679980079 -0.0074997284844358671 -0.0016780472321438283 0.03931962617001513 0.023940656814942108 -0.011176687530042102 -0.012696634043172757 0.022610580093821074
leaf_weight=103.94478750228882 915.27084732055664 731.98857849836349 3607.3157765865326 330.05656695365906 5655.4484141469002 97.876960098743439 88.48133260011673 359.55301690101624 79.871391713619232 235.89286834001541 166.91937750577927 104.60899698734283 235.08593130111694 2296.6435031890869 606.34369379281998 145.99111145734787 127.33587086200714 143.2020748257637 115.15793919563293 117.16969448328018 156.39833247661591 560.56603991985321 488.07483100891113 170.03707361221313 375.50895023345947 922.47407001256943 1431.9472449421883 688.1476811170578 188.78497493267059 2783.6916085481644
leaf_count=54 1024 814 3692 401 6228 100 105 333 97 325 126 48 142 2314 405 100 137 106 95 112 185 586 614 227 436 944 786 682 182 3010
internal_value=0.00031424 0.000205504 1.83472e-05 0.000142941 0.000555309 0.000157692 -0.000222976 -0.000559004 -0.00163725 0.000314279 0.000209988 9.78819e-05 0 5.03757e-05 0.00010309 -0.000130032 -0.000883996 -0.000251203 -0.00051482 -0.000692849 -0.000887495 -0.00115266 0.000265737 0.000467611 -0.000367378 0.000512598 0.0005643 0 -5.98709e-05 0.000552376
internal_weight=24029.8 16815.6 6478.55 4654.06 7214.14 1558.69 1046.75 716.691 168.353 10337.1 7449.47 5850.6 4692.23 4457.15 4352.54 1567.82 273.327 1824.48 1092.49 949.292 834.134 677.736 2784.72 1085.31 473.386 1158.37 1598.87 1294.49 548.338 2887.64
internal_count=24410 16395 6708 4810 8015 1787 1118 717 202 9687 6623 5711 4442 4300 4252 1324 237 1898 1084 978 883 698 2928 1251 536 1269 912 1087 515 3064
is_linear=0
shrinkage=0.0202208


Tree=126
num_leaves=31
num_cat=0
split_feature=27 57 0 45 36 17 29 20 38 38 45 45 45 21 18 30 11 0 25 63 58 24 11 1 1 18 45 49 24 19
split_gain=1.31611 0.913186 0.561371 1.02055 0.888585 0.766797 0.679272 0.605499 0.547019 1.29536 2.52755 1.36929 0.653435 0.478317 0.863506 0.458779 0.641384 0.496549 0.431596 1.27936 0.956625 0.397483 0.354236 0.851048 0.305022 0.298251 0.288256 0.285438 0.260396 0.398212
threshold=82.850000000000009 1006.6500000000002 7.1350000000000007 2.3385651590994487 29.529807723085792 24.230157242475894 87.850000000000009 31.59064444636741 28.847453104074059 29.251758091772135 1.1266277662577735 1.3935876373017682 1.6150328383160755 36.978319362395766 36.798595640613492 84.250000000000014 0.91234096280339505 4.5450000000000008 27.335000000000004 31.328671951878444 1008.2500000000001 23.505000000000006 0.95989713290459411 0.025000000000000005 11.525 33.878433780671038 0.89174266560298709 553.1500000000002 27.305000000000003 32.754254551654739
decision_type=2 2 2 2 2 2 2 2 2 2 2 2 2 2 2 2 2 2 2 2 2 2 2 2 2 2 2 2 2 2
left_child=1 27 3 5 21 -3 8 -6 -7 10 -10 13 -13 15 -15 16 17 24 19 -2 -21 -4 23 26 -11 28 -18 -1 -19 -30
right_child=18 2 4 -5 7 6 -8 -9 9 11 -12 12 -14 14 -16 -17 22 25 -20 20 -22 -23 -24 -25 -26 -27 -28 -29 29 -31
leaf_value=0.03023594407484281 0.064771592604647002 -0.015037053559081972 -0.0018947014982718278 -0.057545463063509661 -0.023368800415169991 0.0026453568130688338 -0.050772992523633181 0.012981859488290682 -0.032991931362330758 0.025827115157073796 0.0039701972372590266 -0.031674960285013591 -0.00087047243980200553 -0.014640323984590788 1.0935439759468687e-05 -0.0019843572211542967 -0.0037080724362009744 0.0060352087511807307 0.042016200952215879 -0.0011020183936786404 -0.032453792902397784 0.026425685723745096 0.0011581477344455621 4.1869457108049622e-05 -0.0078975799596781252 0.023820632814958366 -0.036845503180173746 0.0010974166360012653 -0.015452214955881189 0.0087412409977379018
leaf_weight=3896.7535786628723 551.27438020706177 117.03929722309113 292.57750725746155 105.01601815223694 90.237592697143555 2189.9898309707642 118.35478413105011 272.44853645563126 202.52966558933258 3013.1188306808472 280.45839810371399 245.8470703959465 180.58268320560455 155.8222661614418 493.3433558344841 1097.5338398814201 92.199774265289307 177.92840403318405 5785.7133067846298 224.89446741342545 109.43780958652496 1257.5299873352051 521.20119875669479 315.42335969209671 227.01421022415161 574.04160565137863 95.435726881027222 925.80026823282242 234.68366891145706 185.55811768770218
leaf_count=4299 382 54 105 93 76 1595 138 314 178 3498 226 240 196 135 262 1432 101 181 6625 277 132 487 531 314 291 685 103 938 277 245
internal_value=0.000319089 0.000217913 0.000117345 5.04274e-05 0.000442415 7.85829e-05 0.000105055 -0.000302826 0.000130621 4.16004e-05 -0.000950734 0.000116556 -0.000958432 0.000193058 -0.00026806 0.0002524 0.000332037 0.000441087 0.000568934 3.6716e-05 -0.000831442 0.000673459 -5.24669e-05 -0.000495827 0.00057222 3.45618e-06 -0.00157029 0.000460873 -0.000227993 -0.000567029
internal_weight=24029.8 17358.5 12535.9 10623.1 1912.79 10518.1 10401.1 362.686 10282.7 8092.72 482.988 7609.73 426.43 7183.3 649.166 6534.14 5436.6 4412.34 6671.32 885.607 334.332 1550.11 1024.26 503.059 3240.13 1172.21 187.636 4822.55 598.17 420.242
internal_count=24410 16994 11757 10775 982 10682 10628 390 10490 8895 404 8491 436 8055 397 7658 6226 5177 7416 791 409 592 1049 518 3789 1388 204 5237 703 522
is_linear=0
shrinkage=0.0202208


Tree=127
num_leaves=31
num_cat=0
split_feature=48 4 42 4 61 58 62 38 38 10 58 54 4 39 60 64 38 60 39 31 55 30 11 10 10 64 61 10 11 53
split_gain=1.33541 0.635307 0.9713 0.769182 0.682552 0.612647 0.528699 0.692681 0.987613 0.363326 0.514438 0.614013 0.990874 0.51105 0.363048 0.360588 0.384221 0.356866 0.357738 0.352402 0.343844 0.315311 0.333743 0.311521 1.16878 0.408165 0.996687 0.299663 0.548019 1.15147
threshold=35.600000000000009 1009.4500000000002 27.297500000000007 1013.9500000000002 0.22500000000000003 1007.35 0.69500000000000006 33.251751399215443 32.402310456230516 0.30081702196488996 1013.7500000000001 0.98050000000000004 1006.5500000000001 0.71826721261345938 8.0550000000000015 -3.8122844682165637 37.744764480710252 3.4350000000000005 1.4829765054098469 80.250000000000014 0.34850000000000003 86.15000000000002 -0.97870382656940669 -0.81403855522663837 -0.86095304316285715 2.7843000257565618 0.22500000000000003 0.39753913293121995 0.93834263341299773 0.63850000000000018
decision_type=2 2 2 2 2 2 2 2 2 2 2 2 2 2 2 2 2 2 2 2 2 2 2 2 2 2 2 2 2 2
left_child=1 4 17 6 27 14 -4 8 -8 13 11 -11 -13 21 -2 -6 -17 18 -3 -16 -12 22 -7 24 -15 -25 -27 28 29 -1
right_child=5 2 3 -5 15 9 7 -9 -10 10 20 12 -14 23 19 16 -18 -19 -20 -21 -22 -23 -24 25 -26 26 -28 -29 -30 -31
leaf_value=-0.059530419546371074 0.015791106118118101 0.0052362090878474233 0.0029960467940950853 -0.058305068105371956 -0.00085360321371387991 -0.020700056595554826 -0.0032269994016927606 0.025689543906602261 -0.044916580239329373 8.685153736984514e-05 -0.041994282202827179 0.0076761375865245333 -0.061430177760254015 0.0126761194937143 -0.032677689723606525 0.047469580486139688 0.015923547581177495 0.015388530256055299 -0.039387348390955937 0.023007027095402921 -0.036640370998509329 -0.029114497011633322 0.0084399432006887262 0.0083539462337500758 -0.045226992707055401 -0.042484449034256848 0.023064317697855895 0.032795615020038894 0.02155325393902767 -0.0024956112015781387
leaf_weight=101.93224763870239 3928.3141424059868 431.63343077898026 1165.9766944646835 94.697871267795563 110.58746719360352 103.87329679727554 310.52837824821472 302.61091673374176 91.384118795394897 1991.4789088368416 93.792997777462006 94.577045857906342 149.95599949359894 641.71620172262192 110.27945810556412 6942.9513649344444 393.47998350858688 2200.5409283638 158.08019733428955 130.1758086681366 80.267822802066803 76.393661320209503 313.46786427497864 2330.0740994215012 148.2720091342926 140.87668454647064 210.13052368164062 556.9755157828331 363.90082371234894 260.86307746171951
leaf_count=91 4342 324 1124 71 84 128 331 379 111 1951 102 109 153 822 150 8228 210 1064 123 168 89 104 431 2060 161 170 255 568 247 260
internal_value=0.000324433 0.000460778 0.000238886 -6.76513e-05 0.000571447 0.000141626 0 -0.000410569 -0.000993451 2.7863e-06 -0.000177991 -5.29427e-05 -0.00101535 0.000134807 0.000332747 0.000647802 0.000667873 0.000485904 0 -0.000231486 -0.00125506 -0.000411164 0 0.000238053 -2.2381e-05 0.00034732 -0.000124362 5.9846e-05 -0.000123738 -0.000754374
internal_weight=24029.8 13486.1 4755.45 1965.2 8730.69 10543.6 1870.5 704.523 401.912 6374.88 2410.07 2236.01 244.533 3964.8 4168.77 7447.02 7336.43 2790.25 589.714 240.455 174.061 493.735 417.341 3471.07 789.988 2681.08 351.007 1283.67 726.696 362.795
internal_count=24410 13215 3527 2016 9688 11195 1945 821 442 6535 2404 2213 262 4131 4660 8522 8438 1511 447 318 191 663 559 3468 983 2485 425 1166 598 351
is_linear=0
shrinkage=0.0202208


Tree=128
num_leaves=31
num_cat=0
split_feature=51 57 10 42 11 62 7 33 60 64 58 10 26 33 27 10 11 64 38 38 57 60 60 12 27 58 10 64 29 10
split_gain=1.25954 1.41791 0.497766 0.567364 0.471702 0.441082 1.6054 0.457726 0.431272 0.388219 1.38635 0.418607 0.696301 0.412006 0.368442 0.313785 0.947817 0.450249 0.698119 0.768635 0.292352 0.459347 0.286156 0.485827 0.415415 0.433034 0.407439 0.598867 0.689167 0.284829
threshold=3.5833333333335045 1007.2500000000001 0.081675638985454754 27.213333333333335 -0.94128245028753155 7.4350000000000014 -0.60355339059327384 -0.13499999999999976 5.5950000000000006 1.424794493504175 1005.9500000000002 0.7266007961912001 29.875000000000004 0.11999999999999923 57.550000000000004 -0.81403855522663837 0.49751328890718055 3.2211235724419702 32.804060197034367 31.689999682862418 1009.5500000000001 4.4450000000000012 2.6350000000000002 4.5000000000000009 77.250000000000014 1010.1500000000002 -0.82391537601316178 -0.8054936382873058 80.250000000000014 0.91927745688801432
decision_type=2 2 2 2 2 2 2 2 2 2 2 2 2 2 2 2 2 2 2 2 2 2 2 2 2 2 2 2 2 2
left_child=22 2 3 -2 8 14 7 -7 -4 13 -11 -12 -13 -6 -3 16 -16 29 19 -19 -8 -22 23 24 -1 -26 27 28 -24 -17
right_child=1 5 4 -5 9 6 20 -9 -10 10 11 12 -14 -15 15 17 -18 18 -20 -21 21 -23 26 -25 25 -27 -28 -29 -30 -31
leaf_value=0.011496684472349274 -0.0056162643125605705 -0.061401710074223501 0.01265910870530612 0.034779397180760757 0.03441932792473431 -0.053576051417079218 0.0062374921250069474 -0.023847472450990639 -0.051223664974531839 0.022600716540909865 -0.08191682044708215 -0.0793891624345823 -0.083963237197192744 2.8588993658471739e-05 0.0019410703917493418 0.0024924545729950163 -0.037505103363651322 -0.0022499260612590544 0.0063932548779932737 -0.043987247583230263 -0.032684542494756816 0.018960150904385537 -0.04807809804747526 0.044278733190402535 -0.0036213481244662818 -0.021998390894020284 0.033205782730368644 0.03233660760500718 -0.0084687343988733149 -0.0049437053582201754
leaf_weight=424.35195112228394 161.02704399824142 150.53974217176437 246.59127599000931 3225.637435734272 1247.2124147415161 130.02770507335663 678.33618277311325 90.532306849956512 121.72609376907349 806.78964281082153 123.88862437009811 114.33925831317902 118.70451432466507 560.25355166196823 784.30620455741882 5565.0967919230461 170.22077995538712 95.081657111644745 279.09168291091919 114.43004089593887 112.98336035013199 108.15840429067612 127.11380648612976 666.01263469457626 216.53989374637604 166.34823018312454 5821.5653405785561 713.20136690139771 228.30974024534225 661.37186253070831
leaf_count=319 188 162 336 4316 1308 150 817 117 168 478 83 117 80 595 1004 5006 180 104 361 143 140 109 99 759 212 142 5027 919 225 746
internal_value=0.000326464 0.000210017 0.000432951 0.000621783 0.000214742 3.2382e-05 -0.000325563 -0.00185823 -0.00036407 0.000316322 0 -0.00101444 -0.00151287 0.000501961 9.49819e-05 0.000124624 -0.000174464 0.00018025 -0.00034075 -0.00126526 0 -0.000567382 0.000533919 0.000180482 -6.15109e-05 -0.000619545 0.00059664 0.000121394 -0.000431325 0.000235383
internal_weight=24029.8 15666.3 6726.17 3386.66 3339.51 8940.18 1120.04 220.56 368.317 2971.19 1163.72 356.932 233.044 1807.47 7820.14 7669.6 954.527 6715.07 488.603 209.512 899.478 221.142 8363.44 1473.25 807.24 382.888 6890.19 1068.62 355.424 6226.47
internal_count=24410 16708 7669 4504 3165 9039 1333 267 504 2661 758 280 197 1903 7706 7544 1184 6360 608 247 1066 249 7702 1432 673 354 6270 1243 324 5752
is_linear=0
shrinkage=0.0202208


Tree=129
num_leaves=31
num_cat=0
split_feature=57 51 36 59 64 36 62 11 60 19 64 10 10 42 64 10 11 44 17 42 32 45 60 24 1 62 11 45 59 38
split_gain=1.21305 1.26458 0.488221 0.476859 1.2857 0.960186 0.444785 0.378181 1.23175 0.845319 0.530757 0.363347 0.551077 0.363273 0.363104 0.358494 0.429565 0.412441 0.808266 0.305022 0.296334 0.341996 0.283412 0.496641 0.750913 0.286714 0.590177 1.57768 0.282122 0.276504
threshold=1006.7500000000001 92.541666666666728 30.605818853046838 7.3350000000000009 -0.83190671592203802 25.166636243976985 6.2550000000000008 0.53435276464917691 4.8650000000000011 32.727713322743007 -2.4792299839655718 0.081675638985454754 0.13301347478292308 22.665833333333335 -1.1329518065123521 0.064507852084056461 0.90515966073569365 28.35229166666667 32.132149890985481 26.788333333333338 -1.7379300586076878 2.3385651590994487 5.7550000000000008 26.175000000000004 0.055000000000000007 5.9350000000000014 0.10738134666416309 0.46105139363338382 9.4550000000000018 29.695714067727199
decision_type=2 2 2 2 2 2 2 2 2 2 2 2 2 2 2 2 2 2 2 2 2 2 2 2 2 2 2 2 2 2
left_child=2 3 6 4 5 -2 -1 8 19 10 -10 28 -13 -5 -9 -6 17 -17 -19 -7 -3 22 23 24 -22 -25 -27 -28 -4 -18
right_child=1 20 11 13 15 7 -8 14 9 -11 -12 12 -14 -15 -16 16 29 18 -20 -21 21 -23 -24 25 -26 26 27 -29 -30 -31
leaf_value=0.022781926839031151 -0.011523175952991712 -0.030317149988392165 0.044188439810329869 -0.003193252084884884 0.037306168455535318 -0.036848231234424253 -0.015970003893723564 0.014039620366987644 -0.0047953292322574234 -0.0011475353135698525 -0.050086460822130016 -0.059580697212008239 0.020630249040236619 0.029907277652809035 -0.068617178670686285 0.025517974164057156 0.0013191149118931536 -0.0501030945374598 0.023479111630050072 0.027212122700876262 -0.0002368254194574423 -0.040729394744358764 0.0036305237194010475 0.001588026735332913 -0.043097788407259113 0.00030302773660986694 -0.047173544379689757 -0.0022617675738759555 -0.025388352762466905 -0.010871856294127045
leaf_weight=128.7367422580719 150.59485882520676 102.58045363426208 3650.2072157859802 232.48438990116119 2694.9226504564285 106.05791199207306 131.07192122936249 783.288833796978 101.83782178163528 119.22390693426132 118.15121638774872 102.06482619047165 3586.6984336972237 1533.7902747988701 149.40267288684845 887.43832981586456 393.049052298069 133.39996522665024 845.72167545557022 449.99093329906464 282.02011430263519 144.20231837034225 1837.4283239245415 3823.2287213802338 166.67844766378403 570.10097998380661 106.99441820383072 217.40178149938583 74.449429214000702 406.57091987133026
leaf_count=125 76 86 4875 55 2860 93 153 526 85 154 123 148 3431 775 104 843 279 128 879 482 230 99 1791 4293 166 685 133 281 103 349
internal_value=0.000315065 0.000207633 0.000532434 0.000366309 0.000273802 -0.000133584 -8.09886e-05 0 -0.000300285 -0.00129057 -0.00202354 0.000565769 0.000370028 0.00069975 0.000280191 0.000440458 0.000218919 0.000398429 1.38466e-05 0.000152446 0 2.4001e-05 5.61683e-05 -4.39455e-06 -0.000657512 3.96879e-05 -0.000254782 -0.000955152 0.000735529 -9.10527e-05
internal_weight=24029.8 16356.6 7673.23 9105.93 7339.65 1978.55 259.809 1827.95 895.262 339.213 219.989 7413.42 3688.76 1766.27 932.692 5361.1 2666.18 1866.56 979.122 556.049 7250.64 7148.06 7003.85 5166.42 448.699 4717.73 894.497 324.396 3724.66 799.62
internal_count=24410 15575 8835 7811 6981 1643 278 1567 937 362 208 8557 3579 830 630 5338 2478 1850 1007 575 7764 7678 7579 5788 396 5392 1099 414 4978 628
is_linear=0
shrinkage=0.0202208


Tree=130
num_leaves=31
num_cat=0
split_feature=49 4 10 39 38 56 38 38 61 59 64 4 10 59 39 10 21 64 39 63 46 32 29 21 64 59 29 61 64 56
split_gain=1.12039 0.607596 0.613514 0.575205 1.87895 0.568467 0.974392 1.3142 0.519281 0.460642 0.663191 0.431228 0.546563 0.428069 0.399119 1.08936 0.404367 0.419463 0.539935 0.458097 0.971389 0.379193 0.448911 0.359064 0.313786 0.537243 0.404219 0.299302 0.272238 0.210888
threshold=117.55000000000001 1006.7500000000001 0.82876241254485883 0.86123140680567978 36.53185796778056 1009.85 32.804060197034367 33.207919633323058 0.22500000000000003 5.9450000000000012 -3.1784680044921276 1007.9500000000002 0.39753913293121995 6.7650000000000006 2.4837321302911786 1.0000000180025095e-35 37.472132586141278 0.85563249846199174 0.91957521359833394 33.269336655703405 2263.7650000000008 -0.21659822294336448 70.850000000000009 38.172945122173402 -1.1873269242654148 7.1950000000000012 76.750000000000014 0.10500000000000002 -3.9958365303347576 1011.0500000000001
decision_type=2 2 2 2 2 2 2 2 2 2 2 2 2 2 2 2 2 2 2 2 2 2 2 2 2 2 2 2 2 2
left_child=5 2 13 -4 -5 8 21 -8 11 10 -3 12 -1 -2 16 -16 17 18 19 20 -12 22 -7 28 25 -23 -26 -19 -10 -29
right_child=1 9 3 4 -6 6 7 -9 23 -11 14 -13 -14 -15 15 -17 -18 27 -20 -21 -22 24 -24 -25 26 -27 -28 29 -30 -31
leaf_value=-0.01329653938137664 0.021488813936061751 -0.04976328866215389 0.0052637277250167395 0.0028200980742887588 -0.066388239670721813 0.00049151896641444622 -0.049089967787563214 -0.0012350136252791716 -0.00024368995136415017 0.0047645345946225118 -0.00161840935837756 0.0062391174987985586 0.0060049205196868139 -0.0029031066351515701 0.010663737938876101 -0.074172768643366332 -0.0092170961856410365 -0.0057346034526008002 0.00050438734598071177 -0.0006309444754809924 -0.045266263574045604 -0.030767602101605167 0.018088151228579121 -0.0078474594665996697 -0.00063728685164252661 -4.0868372686609833e-05 0.02092265972639086 0.019285224962495368 0.040349115873383259 -0.037362938290887729
leaf_weight=218.69782114028931 2762.0954505205154 119.4568749666214 359.23633354902267 154.39679217338562 90.32997852563858 1258.9600148200989 105.17317461967468 337.56138253211975 129.60341280698776 1132.3875750303268 238.46238839626312 1032.6223273873329 253.45641750097275 486.07740581035614 148.08002513647079 173.38105243444443 166.96038579940796 311.63433176279068 1325.9534034132957 409.31061470508575 126.05124354362488 204.9584749341011 2152.2794742584229 245.8462205529213 229.88074576854706 244.51155078411102 445.83308917284012 935.1452369093895 8130.6156162023544 100.83072590827942
leaf_count=185 3118 118 325 209 49 894 118 427 96 1000 269 836 282 648 162 185 99 405 1428 508 163 176 1205 141 185 106 410 1105 9422 136
internal_value=0.000318991 0.000126999 0.000319768 -0.000175478 -0.000994669 0.000428867 0.000219839 -0.00061761 0.000523958 0 -0.00011664 0.00010105 -0.000311543 0.000438882 -4.76962e-05 -0.000727247 0 6.09331e-05 -8.55458e-05 -0.00053192 -0.00105137 0.000321333 0.000427399 0.0005884 0 -0.000412544 0.000274224 0.000353525 0.000611783 0.000529244
internal_weight=24029.8 9039.79 3852.14 603.963 244.727 14990 4979.16 442.735 10010.8 5187.65 4055.27 1504.78 472.154 3248.17 3935.81 321.461 3614.35 3447.39 2099.78 773.824 364.514 4536.42 3411.24 8506.07 1125.18 449.47 675.714 1347.61 8260.22 1035.98
internal_count=24410 9927 4349 583 258 14483 3521 545 10962 5578 4578 1303 467 3766 4460 347 4113 4014 2368 940 432 2976 2099 9659 877 282 595 1646 9518 1241
is_linear=0
shrinkage=0.0202208


Tree=131
num_leaves=31
num_cat=0
split_feature=27 10 44 62 11 49 10 62 62 0 17 10 26 42 42 10 53 21 44 11 39 40 28 28 26 21 63 17 10 6
split_gain=1.32637 0.637761 1.5716 1.42915 0.598877 0.509278 0.464934 0.950885 0.401256 0.67714 1.51775 0.532849 0.479555 0.823653 0.686478 0.477674 0.540557 0.434571 0.723987 0.525207 0.465526 0.349766 0.335685 0.292104 0.243586 0.238781 0.38231 0.23701 0.237125 0.198372
threshold=82.250000000000014 -0.95747632178960107 27.442916666666672 14.465000000000002 0.10738134666416309 590.95000000000016 0.92591620288614507 2.6250000000000004 0.22500000000000003 7.1950000000000012 24.230157242475894 0.31718835131409573 28.425000000000004 29.570000000000004 29.256666666666671 -0.84293373149377071 0.98850000000000005 37.97606583937079 30.372291666666673 0.8977101403255705 2.6675932315169182 27.100000000000005 78.250000000000014 81.550000000000011 30.695000000000004 32.563623817145093 33.146806438465624 38.364536898970087 -0.82391537601316178 -0.60355339059327362
decision_type=2 2 2 2 2 2 2 2 2 2 2 2 2 2 2 2 2 2 2 2 2 2 2 2 2 2 2 2 2 2
left_child=5 2 3 -2 -4 8 -3 -8 9 10 -1 -11 15 14 -14 -12 -17 19 -19 23 21 -21 -23 24 27 -6 -27 28 -10 -18
right_child=1 6 4 -5 25 -7 7 -9 17 11 12 -13 13 -15 -16 16 29 18 -20 20 -22 22 -24 -25 -26 26 -28 -29 -30 -31
leaf_value=-0.013432225513308003 -0.013348575469010268 0.040927251913350497 0.057139421168170688 -0.016587748445565934 0.044074813802584684 -0.00021481167070446254 0.062633601886279436 -0.071696447124910898 0.0062724186916104591 0.044751128318159319 -0.037280077196770608 -0.0025263632264292454 -0.018518801100014515 0.017898125202075926 -0.062389041793804459 0.0030259781805135641 -0.060700589460472278 -0.028438564258195593 0.042793586411356027 0.012148767909171843 -0.0066804897848504532 7.4068508798063817e-05 -0.034020657371118465 0.0045750895270000574 -0.0030310039557451332 -0.036607428225358229 -0.010099210549640017 -0.047523831385831328 0.024810849647338092 0.00034583997069449057
leaf_weight=121.47911202907562 95.727619528770447 6141.8311368823051 676.6947078704834 87.018871068954468 77.805654585361481 3406.4417927265167 366.82402056455612 88.022247612476349 985.89643239974976 810.00802510976791 146.32878577709198 300.66071486473083 335.77932953834534 269.62316918373108 79.387865960597992 2684.1582138538361 122.58492714166641 237.90773332118988 198.54170870780945 404.65246713161469 135.65477752685547 258.40366631746292 94.175527572631836 1284.3066413402557 95.189830780029297 83.483908832073212 63.732566952705383 112.4803574681282 4129.2046958804131 135.78303253650665
leaf_count=54 110 6610 904 99 91 3650 411 110 1283 301 128 150 425 261 96 2180 88 151 81 232 91 259 108 1556 67 119 84 47 4549 115
internal_value=0.000309258 0.00053536 0 -0.00160572 0.00042159 0.000197568 0.000610905 0 0.000255711 8.91227e-05 -1.51902e-05 0.00053223 3.48043e-05 -0.000414495 -0.00102788 0.000163136 0.000243248 0.000349658 -0.000138265 0.00038978 0 0.000118878 -0.000177487 0.000452692 0.000524334 -0.000215176 -0.00084592 0.000546778 0.000569619 -0.000509381
internal_weight=24029.8 7681.14 1084.46 182.746 901.717 16348.6 6596.68 454.846 12942.2 5005.79 3895.12 1110.67 3773.65 684.79 415.167 3088.85 2942.53 7936.41 436.449 7499.96 892.886 757.232 352.579 6607.08 5322.77 225.022 147.216 5227.58 5115.1 258.368
internal_count=24410 8538 1407 209 1198 15872 7131 521 12222 3798 3347 451 3293 782 521 2511 2383 8424 232 8192 690 599 367 7502 5946 294 203 5879 5832 203
is_linear=0
shrinkage=0.0202208


Tree=132
num_leaves=31
num_cat=0
split_feature=52 10 64 4 26 44 61 26 38 57 44 44 12 64 38 10 10 10 55 10 10 4 52 10 20 0 64 30 30 10
split_gain=1.2341 0.676004 0.647801 0.628302 1.236 1.21475 0.589177 0.575007 0.548141 0.503647 0.691529 0.706303 0.86043 0.392633 0.637931 0.391826 0.425701 0.373282 0.579583 0.501475 0.364024 1.01999 0.352362 1.11541 0.589107 0.340232 0.405606 0.384718 0.358654 0.315846
threshold=1085.6150000000005 -0.04732095011389225 0.5241395096267657 1009.2500000000001 28.465000000000003 28.41895833333334 0.24500000000000002 29.625000000000004 29.486255731719019 1008.4500000000002 26.611041666666669 26.947708333333338 5.5000000000000009 0.46075549036858382 29.938653117354459 0.39753913293121995 -0.17552986495351994 -0.81403855522663837 0.94850000000000001 -0.94130860066615785 0.74981945761428193 1004.9500000000002 9174.7675000000017 0.64534213713577271 36.332017515518736 5.2950000000000008 -0.25565339869665665 83.550000000000011 84.950000000000017 0.49002412863433359
decision_type=2 2 2 2 2 2 2 2 2 2 2 2 2 2 2 2 2 2 2 2 2 2 2 2 2 2 2 2 2 2
left_child=3 2 17 6 8 -6 15 -8 -5 25 29 -12 22 -10 -15 16 -1 18 19 -2 -9 -22 23 -13 -24 28 27 -27 -3 -11
right_child=1 9 -4 4 5 -7 7 20 13 10 11 12 -14 14 -16 -17 -18 -19 -20 -21 21 -23 24 -25 -26 26 -28 -29 -30 -31
leaf_value=0.00052035495476150109 -0.0014540046106274454 0.0066889462473600806 0.024432701386738816 0.0094132941127869196 -0.062212612913234204 0.0015896575344933237 0.045335087710333608 0.032284748973648796 0.009175951817832359 0.0098271772358155731 -0.041202854335001086 0.0040946828648208162 -0.063338462120931124 -0.038811206417906606 -3.8407923937173555e-05 0.032678921128974296 -0.015741916634565513 0.0067201074835537304 0.0037096492591354806 -0.043097300743218415 0.076009471746877277 -0.063068128249638977 0.0034297326105447935 -0.053054595513908752 -0.0075005012139425075 -0.012905770653397132 0.0074731335714314107 0.02725413511771467 -0.014785707056456744 -0.0086781568474463572
leaf_weight=451.38220155239105 133.5785066485405 2139.9180831313133 2036.0599790811539 2785.1986368298531 146.8013009428978 280.78047209978104 6367.7663822770119 517.58865714073181 1013.6883049607277 413.16130346059799 167.50566738843918 233.91066014766693 96.26384836435318 104.88204210996628 816.74701601266861 533.43906670808792 199.01224833726883 1801.2847461700439 683.51712101697922 161.76360100507736 168.88064193725586 160.15607011318207 1190.7985681295395 171.92468982934952 110.69380456209183 222.14549779891968 367.03769588470459 88.571103572845459 317.31635040044785 148.01527345180511
leaf_count=379 157 1886 2552 1530 163 340 7754 355 894 256 153 220 118 80 884 551 163 1827 898 187 61 128 1361 162 54 288 396 111 381 121
internal_value=0.000315286 0.000138113 0.000314396 0.000445856 0.000238439 -0.00073553 0.000562404 0.000633266 0.000345748 0 -0.000223315 -0.000422158 -0.000245773 3.32961e-05 -0.000213781 5.61631e-05 -0.000185546 7.5968e-05 -0.00019273 -0.000955565 2.13198e-05 -0.000375813 -8.44522e-05 -0.000616831 1.58807e-05 0.00015909 -0.000167002 -0.000758534 0.000284736 0.000318213
internal_weight=24029.8 10483.5 4816.2 13546.3 5148.1 427.582 8398.23 7214.39 4720.52 5667.26 2532.27 1971.1 1803.59 1935.32 921.629 1183.83 650.394 2780.14 978.859 295.342 846.625 329.037 1707.33 405.835 1301.49 3134.99 677.754 310.717 2457.23 561.177
internal_count=24410 11128 5621 13282 3891 503 9391 8298 3388 5507 2445 2068 1915 1858 964 1093 542 3069 1242 344 544 189 1797 382 1415 3062 795 399 2267 377
is_linear=0
shrinkage=0.0202208


Tree=133
num_leaves=31
num_cat=0
split_feature=27 33 37 34 58 60 37 31 26 31 62 39 63 53 62 21 31 11 11 19 19 50 63 60 38 11 4 63 55 31
split_gain=1.13805 0.665144 0.527246 0.665496 0.493305 0.544949 0.487055 0.454531 0.424585 0.728726 0.555734 0.646953 0.438774 0.83878 0.416627 0.832017 0.375207 0.350625 0.892416 0.481958 0.781281 0.392252 0.366489 0.350233 0.351053 0.729483 1.14405 0.315041 0.306459 0.388125
threshold=82.250000000000014 0.15499999999999939 0.19257680895957893 34.557098236534323 1008.85 5.2150000000000007 0.48413385768318423 80.250000000000014 29.235000000000003 75.550000000000011 0.12500000000000003 1.6876747580957965 33.193942232640303 0.30150000000000005 0.115 32.378319167875283 79.15000000000002 0.45207220393230413 0.51972456038539816 33.557948492686712 34.875400706707431 23.450000000000003 31.298621275132906 6.5450000000000008 36.736890513903411 -0.66483077113278999 1004.85 34.738693283209834 0.76050000000000006 81.550000000000011
decision_type=2 2 2 2 2 2 2 2 2 2 2 2 2 2 2 2 2 2 2 2 2 2 2 2 2 2 2 2 2 2
left_child=1 17 3 -3 5 -4 7 27 9 -6 11 -10 13 -11 -15 -16 -2 23 -19 28 21 -21 -23 24 -1 -26 -27 -7 29 -20
right_child=16 2 4 -5 8 6 -8 -9 10 12 -12 -13 -14 14 15 -17 -18 18 19 20 -22 22 -24 -25 25 26 -28 -29 -30 -31
leaf_value=0.030877746620611629 0.0051427616787258846 0.013997192846803966 0.016569208904430359 -0.014033083920185246 0.0016018645417186941 -0.027456521580417299 0.0028271139443681093 0.010492963852261653 -0.0017145485225115243 0.011956115873208918 -0.00010334364819333942 -0.052493120086390184 0.015027464601591932 -0.0020967260083151352 -0.031872869129590135 -0.0017263699273154642 0.036050344802811475 -0.017193989837062829 0.0076658943968688177 -0.0017386064046049816 0.02857823094367799 -0.0573512061913522 -0.040680227545359167 0.0012044395016078196 0.028810325298975811 0.00095844850722996157 -0.071081375813587991 -0.012644805106304674 0.00034685087883292299 -0.0010936814076548751
leaf_weight=3228.1091321706772 1113.5871770381927 148.2220675945282 2114.0627968907356 226.29609715938568 1482.2971794009209 131.4319019317627 743.49567103385925 139.84962922334671 124.94400769472122 168.70637875795364 338.35629153251648 154.56314009428024 160.40655618906021 113.71045517921448 105.82968926429749 80.832383632659912 6567.5535568594933 165.1366001367569 2233.7204121351242 102.77616190910339 165.81899875402451 109.98839241266251 76.219419181346893 757.10525989532471 560.81856149435043 283.36680352687836 181.36534208059311 144.37149024009705 1574.1068210601807 532.74116659164429
leaf_count=3964 1161 193 2158 203 1306 148 849 186 170 158 383 170 211 81 110 104 7377 160 1663 128 229 140 109 964 340 126 116 151 987 365
internal_value=0.000313021 0.000208476 3.14563e-05 -0.000675308 9.05536e-05 0.000265119 -1.96156e-05 -0.000631822 -8.68247e-05 1.05914e-05 -0.000558485 -0.0012188 -0.000517081 -0.000858615 -0.00150745 -0.00212617 0.000523917 0.000312856 0.000162472 0.000228717 -0.000307171 -0.00105312 -0.00159725 0.00044402 0.000515603 8.02611e-05 -0.000403471 -0.00112375 0.000305255 0.000437243
internal_weight=24029.8 16348.6 6377.38 374.518 6002.86 3273.21 1159.15 415.653 2729.65 2111.78 617.863 279.507 629.485 469.079 300.373 186.662 7681.14 9971.27 4960.51 4795.37 454.803 288.984 186.208 5010.77 4253.66 1025.55 464.732 275.803 4340.57 2766.46
internal_count=24410 15872 6581 396 6185 3492 1334 485 2693 1970 723 340 664 453 295 214 8538 9291 3781 3621 606 377 249 5510 4546 582 242 299 3015 2028
is_linear=0
shrinkage=0.0202208


Tree=134
num_leaves=31
num_cat=0
split_feature=57 8 1 17 27 34 11 10 12 59 17 23 42 1 10 59 1 31 53 30 55 11 55 53 53 33 11 54 57 11
split_gain=1.14011 1.4694 1.16296 0.905972 0.592349 0.470613 0.439571 0.422128 0.386693 0.381135 1.20756 0.577645 0.451408 0.415135 1.31328 0.360898 0.384289 0.365014 0.30745 0.299949 0.28305 0.264257 0.284784 0.325955 0.616886 0.27171 0.263842 0.254425 0.24675 0.636062
threshold=1006.7500000000001 -0.37940952255126059 4.785000000000001 30.74072376285179 82.450000000000017 30.605275230840906 -0.073092422389869308 0.92591620288614507 8.5000000000000018 7.1950000000000012 24.230157242475894 27.015000000000004 22.665833333333335 0.26500000000000007 -0.84293373149377071 9.3450000000000006 0.20500000000000004 77.15000000000002 0.82350000000000001 86.450000000000017 0.47250000000000003 -0.98208922706762081 0.86550000000000005 0.30150000000000005 0.38150000000000006 -0.5699999999999984 -0.86955717898714324 0.98950000000000016 1008.1500000000002 0.59818091440591625
decision_type=2 2 2 2 2 2 2 2 2 2 2 2 2 2 2 2 2 2 2 2 2 2 2 2 2 2 2 2 2 2
left_child=5 2 28 -4 9 6 8 19 -1 10 -3 12 -11 14 -12 16 27 -18 -16 20 -6 -15 23 -23 -25 -24 -22 -7 -2 -30
right_child=1 4 3 -5 7 15 -8 -9 -10 11 13 -13 -14 21 18 -17 17 -19 -20 -21 26 22 25 24 -26 -27 -28 -29 29 -31
leaf_value=0.0012716486770687182 0.0052767529399736926 -0.013832860935314118 -0.048209969216747826 -0.0071244733155941889 0.020408286029842349 0.02077604235004642 0.066581759533576396 -0.031198627382861898 -0.01781475852504763 -0.0039597294755207282 -0.055523600248699685 -0.0044067285272872828 0.021716704177042898 -0.012138729419046078 0.0017638892810862437 -0.021589570167707149 0.0053690330444937625 0.037265370887699163 -0.010170732575222908 -0.0025169189483476742 0.012818562997435685 0.014931741243541238 -0.0092244506766618224 -0.015763744304082446 0.00022881098021416949 0.022207234615879978 0.053819636757295952 -0.034343832332331813 -0.016773095507999651 0.00044992341030443775
leaf_weight=79.452542841434479 1134.746141731739 127.63649439811707 123.8985304236412 779.31951117515564 568.17944478988647 378.92613905668259 149.66818511486053 195.16830271482468 83.403506457805634 269.89311116933823 131.16390454769135 230.13180756568909 1166.9824076890945 201.43789112567902 2028.6943393349648 106.22317463159561 1225.0318534970284 5563.6584283709526 475.77998042106628 221.10625869035721 255.04406440258026 555.53859782218933 127.53968638181686 125.28922653198242 852.94810503721237 1699.2410665154457 2570.7422814369202 86.864738404750824 664.38449460268021 1851.6953241825104
leaf_count=91 1265 56 115 987 430 409 141 187 99 76 121 270 475 254 1764 143 1226 6636 360 270 345 563 118 118 812 1936 2513 90 756 1784
internal_value=0.000306067 0.000201637 -9.21644e-05 -0.000747041 0.00032241 0.000517045 -2.76553e-05 0.000545037 -0.00095911 0.000205102 0.000114671 0.000494724 0.000664889 0.000168226 0 0.000552064 0.000573911 0.000612447 7.93914e-05 0.000600588 0.000648283 0.000311152 0.000365113 8.74642e-05 -6.03556e-05 0.000549692 0.000738333 0 4.65419e-05 -3.53933e-05
internal_weight=24029.8 16356.6 4554.04 903.218 11802.5 7673.23 312.524 3810.24 162.856 7992.28 6325.27 1667.01 1436.88 6197.63 2635.64 7360.7 7254.48 6788.69 2504.47 3615.07 3393.97 3561.99 3360.56 1533.78 978.237 1826.78 2825.79 465.791 3650.83 2516.08
internal_count=24410 15575 4907 1102 10668 8835 331 3745 190 6923 6102 821 551 6046 2245 8504 8361 7862 2124 3558 3288 3801 3547 1493 930 2054 2858 499 3805 2540
is_linear=0
shrinkage=0.0202208


Tree=135
num_leaves=31
num_cat=0
split_feature=49 58 45 43 56 34 60 46 28 60 54 39 63 22 60 56 45 31 17 42 27 28 20 55 29 60 56 39 60 39
split_gain=1.09528 0.716082 0.931556 0.690249 0.483195 0.431607 0.349422 0.323241 0.432415 1.00962 0.590353 0.476442 0.399544 0.971808 0.740131 0.995062 0.290391 0.278535 0.270429 0.255913 0.240186 0.605619 0.42321 0.327878 0.298966 0.426983 0.258161 0.252181 0.649831 0.478214
threshold=111.55000000000001 1007.35 0.30081712367937791 0.17422686300937093 1006.7500000000001 30.605275230840906 7.9650000000000007 2309.2150000000006 78.15000000000002 5.5150000000000006 0.51250000000000007 0.9637416183472155 32.462758470570648 29.235000000000003 2.6950000000000007 1009.2500000000001 0.44137333020578245 80.250000000000014 31.227821649839203 28.530833333333337 78.950000000000017 74.550000000000011 37.981890485710146 0.86550000000000005 73.750000000000014 4.7950000000000008 1011.0500000000001 2.139972795301158 4.285000000000001 1.8501609248193063
decision_type=2 2 2 2 2 2 2 2 2 2 2 2 2 2 2 2 2 2 2 2 2 2 2 2 2 2 2 2 2 2
left_child=4 6 3 -3 5 -1 -2 8 12 10 -10 -12 13 -4 -15 -16 -14 -8 -13 -18 21 23 27 -6 25 -23 -25 29 -29 -22
right_child=1 2 7 -5 20 -7 17 -9 9 -11 11 18 16 14 15 -17 19 -19 -20 -21 22 24 -24 26 -26 -27 -28 28 -30 -31
leaf_value=-0.012709254160991062 0.01790245145635929 -0.0071908860812787507 0.00053028087300770047 -0.0737097517012896 0.0062785312165226431 0.040553943945357739 -0.025274471280154004 0.01897333470792199 -0.0017410341380740383 0.0039817047682154556 -0.046062137302252115 -0.060056345014028616 -0.00082087075173993399 0.014838772647114692 -0.0061639337286471026 -0.057991993715236535 -0.0010408040431040071 0.019681126911065057 0.0039353751937901025 0.0095797446219930641 0.01999561330598653 -0.00091645419189614148 -0.07276461231575039 0.0090120225634802049 0.00023005075713179677 -0.004866676985692089 -0.0046074944677023397 -0.0020448367011655418 0.063179564078479425 -0.0016685489941175003
leaf_weight=214.90095520019531 3204.8719965815544 225.95677137374878 1650.7721704244614 113.64231956005096 1664.7814071774483 3811.344991505146 98.377546966075897 698.34725803136826 205.87344062328339 486.02387207746506 156.45989984273911 83.216499984264374 273.90724384784698 131.06381916999817 139.35814434289932 127.51120465993881 348.91112345457077 121.97033667564392 118.90575259923935 952.37423640489578 4459.1515155434608 289.6116093993187 121.70444941520691 387.97912257909775 1278.5193160772324 240.39492356777191 254.08257883787155 324.57061171531677 1358.2727720737457 486.93165135383606
leaf_count=216 3504 280 1506 137 1301 4483 132 831 264 451 207 90 308 189 179 160 410 159 168 1052 5093 264 77 318 1124 114 150 253 655 335
internal_value=0.000314346 0.000126001 0 -0.0010323 0.000423966 0.000639867 0.000357356 5.22849e-05 0 -0.00036863 -0.000977531 -0.00147096 9.61072e-05 -5.48301e-05 -0.000974046 -0.00158897 0.000347502 -0.000189904 -0.000252333 0.000486888 0.000335703 0.000173795 0.000421281 0.000397318 -6.32571e-05 -0.000487394 0 0.000450639 0.000720569 0.000340596
internal_weight=24029.8 9137.54 5712.32 339.599 14892.2 4026.25 3425.22 5372.72 4674.38 1050.48 564.456 358.582 3623.9 2048.71 397.933 266.869 1575.19 220.348 202.122 1301.29 10866 4115.37 6750.63 2306.84 1808.53 530.007 642.062 6628.93 1682.84 4946.08
internal_count=24410 10027 6232 417 14383 4699 3795 5815 4984 1180 729 465 3804 2034 528 339 1770 291 258 1462 9684 3271 6413 1769 1502 378 468 6336 908 5428
is_linear=0
shrinkage=0.0202208


Tree=136
num_leaves=31
num_cat=0
split_feature=51 57 64 10 10 64 44 12 30 44 10 10 33 61 10 64 45 45 10 20 57 39 21 10 56 33 29 10 45 32
split_gain=1.07165 0.800883 0.794175 1.21192 2.15554 1.04919 1.94896 0.578704 0.536991 0.775731 0.503029 0.410198 0.37403 0.363763 0.653787 0.350971 0.326143 0.764554 0.54471 0.955368 0.324454 0.409071 0.311576 0.311551 0.329904 0.28631 0.274902 0.616983 0.331754 0.494239
threshold=176.17500000000021 1006.7500000000001 -0.63796260963757223 -0.84293373149377071 -0.90149333598846371 -1.9447154916934009 25.736041666666669 5.5000000000000009 81.050000000000011 27.442916666666672 0.31718835131409573 0.74981945761428193 0.60500000000000054 3.1950000000000007 0.42888796625999276 3.2211235724419702 0.50255713857669326 0.74490923038911572 0.39753913293121995 34.288287344628088 1012.0500000000001 1.6506709776541795 36.978319362395766 0.92591620288614507 1009.6500000000002 -0.63499999999999968 87.750000000000014 -0.55601228778889811 2.3385651590994487 2.0630739585638698
decision_type=2 2 2 2 2 2 2 2 2 2 2 2 2 2 2 2 2 2 2 2 2 2 2 2 2 2 2 2 2 2
left_child=2 11 3 4 8 10 -7 13 -1 -10 -5 12 -2 14 -4 -9 -8 18 19 -18 21 -16 23 24 -15 -12 28 -28 29 -3
right_child=1 26 7 5 -6 6 16 15 9 -11 25 -13 -14 22 20 -17 17 -19 -20 -21 -22 -23 -24 -25 -26 -27 27 -29 -30 -31
leaf_value=0.036650658824658087 0.028007824002346846 -0.00012478368225423179 -0.00091637419801008583 0.05463622853834986 -0.052155584100445962 -0.013017495474014521 0.029582132629569734 0.044606073505847728 -0.013588794397348397 0.012034707742661707 0.0085944267968456282 -0.00011065694088694455 -0.0048778199048164547 0.043232557460192111 0.040160832368745701 0.0043808770692433455 -0.0011049400742253732 0.010314428645326746 -0.0040068724459641656 -0.05987701951037358 -0.025805331876878765 -0.0044706526458204001 -0.048544814246404805 -0.032856536097824782 -0.020467833578210401 -0.0042090225129059527 0.0037819598898127427 -0.071958593020255479 -0.044644904800245966 0.0088240604079277158
leaf_weight=308.30853551626205 2329.9640621542931 4997.985349714756 937.41495704650879 1391.0959068536758 154.1051013469696 298.45028406381607 640.88298153877258 4954.0435470342636 142.65188163518906 152.30625772476196 422.67900085449219 726.07883667945862 133.3306165933609 531.64222419261932 1967.1293243169785 520.30289047956467 131.46359747648239 656.06286704540253 184.21849429607391 69.194220840930939 175.22132849693298 191.11364585161209 215.48981428146362 134.03573447465897 106.33830499649048 453.80331319570541 103.94099879264832 87.712990343570709 118.80391746759415 794.01855576038361
leaf_count=287 2790 5542 758 856 149 150 846 5699 157 177 206 625 162 476 1871 580 162 435 202 96 163 150 142 175 85 393 136 96 85 759
internal_value=0.000305528 0.000121719 0.000415409 0.000180416 -0.000520064 0.000326279 0 0.00052714 0 -0.000581153 0.000622986 0.00038167 0.000506475 0.000309505 0.000412426 0.000680098 0.000254074 0 -0.000678424 -0.00140089 0.000593861 0.000665284 0 0.000157957 0.000427027 0.000116733 0 -0.000755778 1.02387e-05 4.68132e-05
internal_weight=24029.8 9291.84 14738 5005.22 757.372 4247.85 1980.27 9732.73 603.267 294.958 2267.58 3189.37 2463.29 4258.39 3270.88 5474.35 1681.82 1040.94 384.876 200.658 2333.46 2158.24 987.506 772.016 637.981 876.482 6102.46 191.654 5910.81 5792
internal_count=24410 10195 14215 4116 770 3346 1891 10099 621 334 1455 3577 2952 3820 2942 6279 1741 895 460 258 2184 2021 878 736 561 599 6618 232 6386 6301
is_linear=0
shrinkage=0.0202208


Tree=137
num_leaves=31
num_cat=0
split_feature=48 25 58 64 38 17 39 31 33 1 12 21 0 31 44 0 0 39 1 0 39 38 39 54 54 33 0 44 42 39
split_gain=1.19453 0.527548 0.429192 0.489362 0.758125 1.98764 2.0207 0.516143 0.49408 0.456105 0.41455 0.411619 0.552295 0.472683 2.14165 0.59037 0.382124 0.758376 0.358563 0.333552 0.466471 0.51459 0.349231 0.323292 0.474311 0.489683 0.823271 0.298165 0.78418 0.273551
threshold=35.600000000000009 27.015000000000004 1008.7500000000001 1.8912811265143257 36.53185796778056 37.590088738336014 0.6983555073805906 78.350000000000009 -0.15000000000000033 12.865 1.5000000000000002 29.945644475586985 7.2250000000000005 80.750000000000014 25.503958333333337 3.7550000000000003 4.7950000000000008 2.6675932315169182 0.22500000000000003 5.2950000000000008 1.7309519037503531 34.29863408373668 0.75263052051080315 0.28450000000000003 0.59650000000000014 0.13999999999999882 2.6650000000000005 29.135625000000005 28.920833333333338 2.2154093943539217
decision_type=2 2 2 2 2 2 2 2 2 2 2 2 2 2 2 2 2 2 2 2 2 2 2 2 2 2 2 2 2 2
left_child=1 11 3 4 7 6 -6 19 -5 16 -3 12 13 15 -15 -1 17 23 29 22 21 -21 27 -4 25 -25 -27 28 -2 -13
right_child=2 10 9 8 5 -7 -8 -9 -10 -11 -12 18 -14 14 -16 -17 -18 -19 -20 20 -22 -23 -24 24 -26 26 -28 -29 -30 -31
leaf_value=-0.0030648558831472394 0.0028980699696485352 0.00023933355396046408 0.0056303120241550479 -0.0072887099554335985 -0.0011609718491825745 0.02895859780576341 -0.04873270139352865 0.022307041925006731 0.02936142329063755 -0.026841659769852311 0.028651897727679409 -0.0084332928895011275 0.024755934837523089 -0.01204192092244985 0.01466846942656925 0.03162343738020168 0.0028652472940590393 -0.062094650604674048 -0.0001096026307433849 -0.030915836364911121 0.011432358511823511 0.0012857862879867279 0.013265494484488115 0.0045597480997267821 6.2878528421349134e-05 0.00019401314048785156 -0.046018209969936441 0.0075962313940182644 -0.051268015962662082 -0.041203977035399325
leaf_weight=234.41101950407028 153.58641231060028 1295.3607590198517 924.89262354373932 119.46150183677673 146.5636323094368 254.82774502038956 116.36789333820343 2576.2958065867424 1206.625507414341 141.67691034078598 10147.227862536907 105.23305416107178 491.72105133533478 134.36376011371613 192.54536420106888 475.47352957725525 1781.4845008254051 136.33621948957443 299.23788499832153 334.71065008640289 149.02387565374374 190.45961958169937 643.2643187046051 144.47992712259293 865.78399360179901 108.8573836684227 201.63723427057266 278.24392145872116 69.066847681999207 110.5687307715416
leaf_count=180 213 920 1061 87 120 125 108 3355 1048 179 10863 96 159 79 164 325 1361 148 329 436 85 251 742 169 985 133 230 264 95 100
internal_value=0.000294213 0.000423049 0.000121022 0.000229528 0.000113567 -0.000571893 -0.00187019 0.000214683 0.000591616 -1.59593e-05 0.000478427 6.98668e-05 0.000271014 0 -0.000626113 0.000298311 2.15744e-06 -0.000143079 -0.00035586 -7.63142e-07 -0.000398559 -0.000741213 0.000157953 -1.31025e-05 -0.000250315 -0.000776753 -0.00123168 -0.000114325 -0.000746909 -0.000982793
internal_weight=24029.8 13486.1 10543.6 6238.5 4912.41 517.759 262.932 4394.65 1326.09 4305.15 11442.6 2043.55 1528.51 1036.79 326.909 709.885 4163.47 2381.99 515.04 1818.36 674.194 525.17 1144.16 2245.65 1320.76 454.975 310.495 500.897 222.653 215.802
internal_count=24410 13215 11195 6929 5794 353 228 5441 1135 4266 11783 1432 907 748 243 505 4087 2726 525 2086 772 687 1314 2578 1517 532 363 572 308 196
is_linear=0
shrinkage=0.0202208


Tree=138
num_leaves=31
num_cat=0
split_feature=4 49 48 1 34 1 22 26 24 58 45 30 45 22 10 10 45 10 38 39 1 40 45 10 10 38 54 30 3 10
split_gain=0.966313 0.8635 0.63124 0.560208 0.46689 0.313673 0.820277 0.286296 0.264329 0.256897 0.344561 0.667056 0.460247 0.314872 0.883141 1.22924 1.44424 0.507952 0.615656 0.353124 0.319825 0.458866 0.244224 0.345559 0.738879 0.33292 0.29918 0.235679 0.220639 0.216449
threshold=1006.7500000000001 28.050000000000004 114.15000000000002 0.20500000000000004 30.605275230840906 14.235000000000001 27.555000000000003 29.405000000000005 29.775000000000002 1006.85 0.41073061440732456 85.550000000000011 0.64085257966108 29.235000000000003 1.0000000180025095e-35 0.83827194252655779 1.3502090535899234 -0.84293373149377071 31.4455830802892 1.21442111547391 1.0000000180025095e-35 24.956666666666667 0.54630743322287179 0.50495637864894027 0.65189295912203338 34.48696610760021 0.98650000000000004 87.050000000000011 0.9255000000000001 0.7206604759859373
decision_type=2 2 2 2 2 2 2 2 2 2 2 2 2 2 2 2 2 2 2 2 2 2 2 2 2 2 2 2 2 2
left_child=2 7 3 -1 -5 9 -7 -2 28 -3 11 -11 -12 17 -15 16 19 18 -14 -16 29 -22 23 25 -25 -4 27 -24 -9 -19
right_child=1 5 22 4 -6 6 -8 8 -10 10 12 -13 13 14 15 -17 -18 20 -20 -21 21 -23 26 24 -26 -27 -28 -29 -30 -31
leaf_value=-0.0093956208581570319 0.0087336502718381604 0.018143801079463815 0.00024286250917511447 -0.012963156872464607 0.044364510289390299 -0.047182064916886021 -0.00034720301676615983 -0.013197310015058913 0.020098016801371014 -0.0047536228522655401 0.013566824772340055 -0.02847567490115975 -0.037491002527914291 0.0091896695507212214 -0.038783768710242673 0.013890271331052978 -0.060839044496232272 0.0070116346163730647 0.0078684654869975723 0.013069638186516496 -0.019979673369282466 0.00028487073248454356 0.021359227346344097 -0.012420606440392345 -0.0011983234388545758 0.032788197174217285 -0.011607980176789767 -0.011491620336494097 -0.028429234693917439 -0.013522651316300998
leaf_weight=229.2046492099762 9486.6158041357994 1077.6323841810226 889.48698163032532 167.99412471055984 3940.4586139917374 92.615402460098267 289.26210182905197 113.24300056695938 359.8170251250267 480.01240420341492 896.07985329627991 78.095639288425446 110.85124504566193 250.5432140827179 110.15400034189224 122.21562319993973 75.761436820030212 1012.6097925305367 75.193318724632263 86.004349529743195 100.56115531921387 1288.9862589836121 780.29293948411942 127.17653828859329 592.41334843635559 678.37263453006744 196.49616092443466 85.52649188041687 104.50382441282272 131.60922390222549
leaf_count=249 8400 1211 1244 173 4640 102 386 100 241 560 1034 97 122 316 132 146 89 817 97 105 62 1319 818 130 456 757 258 110 115 124
internal_value=0.000292748 0.000195579 0.00048772 0.000661756 0.00071974 0 -0.000548013 0.000311723 0 4.57621e-05 0 -0.000485863 4.38002e-05 -4.15046e-05 -0.000452679 -0.0010996 -0.00188836 2.43365e-05 -0.000934509 -0.000414378 0.000130622 -1.96127e-05 0.000235723 7.05522e-05 -0.000236232 0.000267306 0.000507649 0.000675686 -0.000663754 0.000388752
internal_weight=24029.8 16342.4 7687.42 4337.66 4108.45 6278.19 381.878 10064.2 577.564 5896.31 4818.68 558.108 4260.57 3364.49 644.679 394.135 271.92 2719.81 186.045 196.158 2533.77 1389.55 3349.77 2287.45 719.59 1567.86 1062.32 865.819 217.747 1144.22
internal_count=24410 15575 8835 5062 4813 6719 488 8856 456 6231 5020 657 4363 3329 788 472 326 2541 219 237 2322 1381 3773 2587 586 2001 1186 928 215 941
is_linear=0
shrinkage=0.0202208


Tree=139
num_leaves=31
num_cat=0
split_feature=27 57 0 29 46 0 18 61 46 6 57 22 31 39 50 60 61 20 55 39 20 39 20 57 0 39 22 61 39 42
split_gain=1.26111 0.719112 0.519846 0.500194 0.474852 0.577916 0.940168 0.513481 0.471963 0.726734 0.499225 0.454429 2.31059 1.65288 0.376936 0.445618 0.323454 0.312126 0.304754 0.406323 0.474214 0.644824 0.343042 0.343015 0.413597 0.320129 0.632952 1.38708 0.331326 0.313404
threshold=82.850000000000009 1006.6500000000002 3.7550000000000003 87.750000000000014 1585.3790000000001 7.3750000000000009 29.113906108331957 0.90500000000000014 2309.2150000000006 1.0000000180025095e-35 1008.2500000000001 26.255000000000006 80.750000000000014 2.166897949003046 863.1500000000002 6.6350000000000007 1.655 27.522766032029025 0.16950000000000004 1.6103898111175141 28.536823252936315 2.0510530609658733 34.769051718139067 1010.9500000000002 4.7650000000000006 0.83856863693267669 27.915000000000003 4.785000000000001 1.2861213792399078 27.34083333333334
decision_type=2 2 2 2 2 2 2 2 2 2 2 2 2 2 2 2 2 2 2 2 2 2 2 2 2 2 2 2 2 2
left_child=1 14 8 4 -3 11 -7 -8 9 -2 -10 12 -6 -14 15 -1 -5 -4 19 22 -21 -22 -13 25 29 26 27 -20 -27 -25
right_child=2 3 17 16 5 6 7 -9 10 -11 -12 18 13 -15 -16 -17 -18 -19 23 20 21 -23 -24 24 -26 28 -28 -29 -30 -31
leaf_value=0.027769368723622678 0.0012020213207692011 -0.026290991620228601 -0.0023428916763926695 -0.070913550312735621 0.00082842649918260362 0.027397785645077777 -0.0035764824196592676 0.0086627933663716624 0.044322913317664206 -0.04571989440279485 -0.0020341068097093503 0.020721693905402443 -0.014117203331594316 -0.0017466254270556212 -0.0026549125243076591 0.00028160636782657091 0.0011456065766835136 0.041688684242942829 -0.01068203428758017 0.0080594053664857709 -0.035178762564356973 0.0022415577386417228 -0.0027253785884796115 -0.0031820104614721607 0.0016167697436743503 0.014740835118285944 0.00051142043113586665 -0.05107512601763297 0.00010867672527350449 -0.0060533439873487289
leaf_weight=3650.8108479380608 436.39617079496384 147.46930778026581 100.24426764249802 93.919434726238251 1140.2957174777985 1305.8944062590599 101.821104824543 181.88640153408051 621.0446183681488 110.06790941953659 416.60276055335999 1118.7315109968185 167.66355520486832 178.7219974398613 315.73975145816803 856.00324749946594 78.521024286746979 4986.9642372131348 182.5216977596283 402.74657738208771 103.77046191692352 187.47090971469879 86.969051837921143 280.48834073543549 354.33499312400818 1921.58260679245 2271.1942597031593 80.450296401977539 1563.7094935178757 585.75258076190948
leaf_count=3833 420 95 65 85 671 468 68 232 747 134 508 1208 99 103 290 1114 105 5542 195 378 110 167 75 239 312 2301 2406 94 1695 651
internal_value=0.000277442 0.000178757 0.000520837 8.87999e-05 0.000110391 0.000130649 0.000499104 -0.000361735 0.00012565 -0.000264206 0.000415252 6.71252e-05 -0.000240874 -0.00169929 0.000394181 0.000447127 -0.000930146 0.000626498 0.000126886 0.000363734 0 -0.00064261 0.000587821 5.24837e-05 -0.000232505 0.000124926 -1.74475e-05 -0.000972249 0.000253441 -0.000505637
internal_weight=24029.8 17358.5 6671.32 12535.9 12363.5 12216 1589.6 283.708 1584.11 546.464 1037.65 10626.4 1486.68 346.386 4822.55 4506.81 172.44 5087.21 9139.72 1899.69 693.988 291.241 1205.7 7240.03 1220.58 6019.46 2534.17 262.972 3485.29 866.241
internal_count=24410 16994 7416 11757 11567 11472 768 300 1809 554 1255 10704 873 202 5237 4947 190 5607 9831 1938 655 277 1283 7893 1202 6691 2695 289 3996 890
is_linear=0
shrinkage=0.0202208


Tree=140
num_leaves=31
num_cat=0
split_feature=33 64 26 31 46 62 1 10 18 28 59 23 11 45 45 31 31 64 45 63 11 64 59 1 64 10 57 45 21 62
split_gain=1.00936 0.99115 0.745502 0.71231 1.06875 0.68886 0.653034 0.528399 2.43172 1.30764 0.661952 1.22386 0.496744 0.457064 0.716863 0.494304 0.499612 0.418962 0.387573 0.385448 0.806315 0.351858 0.274112 0.36326 0.264463 0.258173 0.296472 0.257282 0.564721 0.256912
threshold=0.11999999999999923 0.9246698181180798 29.305000000000003 77.050000000000011 2416.5235000000002 1.2850000000000004 0.26500000000000007 -0.82391537601316178 30.550496511712236 85.250000000000014 3.5450000000000004 26.255000000000006 0.8977101403255705 1.3624418256797071 1.6150328383160755 72.750000000000014 75.250000000000014 2.836830153122913 0.7109826201996815 35.510985088607107 0.57727023316007786 1.917447035905232 2.1750000000000003 17.475000000000005 3.7385489187808933 0.92591620288614507 1011.35 1.3011121191674448 31.825031665300951 0.015000000000000001
decision_type=2 2 2 2 2 2 2 2 2 2 2 2 2 2 2 2 2 2 2 2 2 2 2 2 2 2 2 2 2 2
left_child=3 2 29 4 13 19 27 8 9 -5 11 -9 25 17 15 -15 -17 22 -19 20 -4 -14 -1 -24 -23 26 -13 -3 -29 -2
right_child=1 6 5 7 -6 -7 -8 10 -10 -11 -12 12 21 14 -16 16 -18 18 -20 -21 -22 24 23 -25 -26 -27 -28 28 -30 -31
leaf_value=1.9153485424107077e-05 0.0035717633081130394 -0.0001793160652083892 -0.032725917608277359 -0.040176663538482572 -0.073063730144180578 -0.00098041420955341952 0.016369357697625382 -0.012401192548591441 0.022556494518837313 -0.008345924055863433 0.031759056389464815 0.035466656333704653 0.0026881191958148245 0.00016920226574584717 0.0045433082477614514 -0.062743652639844341 -0.0086640146751308621 -0.060433017289543325 0.0078628804776510325 -0.00018547932487747939 -0.0072384165130404176 -0.018541940172225962 0.014442763022898961 -0.010429421888126232 -0.0012565607343504007 -0.0032317599266605233 -0.050225626488639666 -0.0016184676883606304 -0.093929881655155492 -0.0009091403858950554
leaf_weight=507.3013961315155 1074.7094771265984 523.40496480464935 166.40113770961761 160.36846739053726 105.36251300573349 629.18763494491577 2488.7690111994743 110.34295797348022 1956.7501878738403 143.0002692937851 7375.6181122660637 1466.557904779911 259.09927535057068 226.48771780729294 638.75975465774536 149.22708821296692 141.87330001592636 104.7652388215065 137.64434307813644 99.148252665996552 78.793588995933533 130.97819781303406 1876.4781965613365 119.14410245418549 99.550852715969086 293.38827610015869 83.999545097351074 109.38404422998428 79.852872669696808 2693.4408593177795
leaf_count=474 835 575 197 142 89 681 2522 85 2574 139 6946 1640 210 180 412 106 85 100 176 87 90 129 1768 142 99 367 83 98 96 3283
internal_value=0.000279121 7.82536e-05 -9.29359e-05 0.000372817 0.000108924 -0.000594143 0.000358921 0.000453043 0.000119936 -0.00149325 0.000520718 0.000178302 0.000310179 0.0001845 -9.75781e-05 -0.000706521 -0.00125181 0.00033513 -0.000272112 -0.0013401 -0.00177274 -0.000136066 0.000429214 0.000535734 -0.000797141 0.000476093 0.000580814 -8.25568e-05 -0.000754684 1.38398e-05
internal_weight=24029.8 7943.09 4741.68 16086.7 4007.04 973.531 3201.41 12079.7 2260.12 303.369 9819.54 2443.92 2333.57 3901.68 1156.35 517.588 291.1 2745.33 242.41 344.343 245.195 489.628 2502.92 1995.62 230.529 1843.95 1550.56 712.642 189.237 3768.15
internal_count=24410 8464 5173 15946 3532 1055 3291 12414 2855 281 9559 2613 2528 3443 783 371 191 2660 276 374 287 438 2384 1910 228 2090 1723 769 194 4118
is_linear=0
shrinkage=0.0202208


Tree=141
num_leaves=31
num_cat=0
split_feature=48 56 0 10 31 39 39 53 41 29 32 0 39 29 42 42 10 50 23 54 36 58 17 0 39 29 53 53 41 3
split_gain=1.05884 0.669306 0.797116 0.566145 0.669896 0.668011 0.868374 0.46893 0.750711 0.473213 0.705744 0.549027 0.602191 0.822076 0.435915 0.454893 0.366594 0.417963 0.356039 0.660346 0.423854 0.420381 0.346324 0.535872 0.483534 0.342812 0.291735 0.286396 0.256159 0.307833
threshold=35.600000000000009 1009.4500000000002 3.7550000000000003 -0.20931270765420754 82.050000000000011 2.6675932315169182 3.0155721985761845 0.29350000000000004 0.09291573243625327 70.950000000000017 0.60072554402621858 6.7650000000000006 0.6983555073805906 78.250000000000014 28.974166666666669 26.409166666666671 -0.67760851415498069 11.750000000000002 26.745000000000001 0.28450000000000003 32.11081263269967 1007.9500000000002 34.446365094859395 6.8350000000000009 1.9542559001160227 69.750000000000014 0.014500000000000001 0.015500000000000002 0.11015141094965726 0.24950000000000003
decision_type=2 2 2 2 2 2 2 2 2 2 2 2 2 2 2 2 2 2 2 2 2 2 2 2 2 2 2 2 2 2
left_child=1 27 18 22 5 7 -7 26 -9 -10 11 12 -11 -14 15 -12 17 -4 -3 -20 -21 -22 24 -24 -2 -18 -5 -1 -28 -30
right_child=3 2 16 4 -6 6 -8 8 9 10 14 -13 13 -15 -16 -17 25 -19 19 20 21 -23 23 -25 -26 -27 28 -29 29 -31
leaf_value=-0.006332500198920064 0.00039147222517110092 -0.015031002124442456 0.025893082330024478 -0.0074651254351148239 0.031889110460191467 -0.032064172004538968 -0.0018422678786712064 0.0029517730159352462 0.0049497106465685179 -0.0020379265412288033 0.00044621604194958995 0.00030140856339929859 -0.0073817204598750482 -0.044267308605427026 0.028163178000255914 -0.01398345134693396 0.00018462006361534206 -0.011859929044380376 0.021853624792538086 -0.0002983168360601345 0.0079326181386860772 -0.028335456786471071 0.036094112105761425 -0.032081468487262642 0.018475069481397911 0.021571305941964301 -0.0010293424330638117 0.02722625635732186 0.012003776363286856 -7.1069591726751272e-06
leaf_weight=122.09502506256104 2314.7548206448555 212.34941947460175 160.90345603227615 146.07204014062881 589.71835231781006 173.08504521846771 245.68673598766327 1202.3310741782188 341.12602365016937 357.32618319988251 275.04655933380127 115.88142812252045 238.36891251802444 188.34609758853912 386.27751678228378 549.4831834435463 676.6325318813324 102.41193354129791 547.11217367649078 608.32153290510178 87.021476626396179 246.92968529462814 956.6306220293045 150.81039464473724 729.32275635004044 1869.7552319765091 303.1910765171051 8852.6105497479439 1040.700629234314 239.48707294464111
leaf_count=99 3036 163 142 141 703 139 161 1217 316 328 192 77 220 202 291 664 437 118 506 554 121 325 1223 202 592 954 304 9796 954 233
internal_value=0.000284138 0.00040575 0.000173733 0.000120189 0 -6.5414e-05 -0.0008395 0 -0.000134386 -0.000352433 -0.000480056 -0.000922114 -0.00112257 -0.00168676 -7.74461e-05 -0.000396493 0.000391521 -9.61756e-05 -0.000134596 0 -0.00034641 -0.000921261 0.000303925 0.000639576 0.000152401 0.000476358 0.000269251 0.000512498 0.000379909 0.000509866
internal_weight=24029.8 13486.1 4511.44 10543.6 6392.13 5802.41 418.772 5383.64 3654.19 2451.86 2110.73 899.923 784.041 426.715 1210.81 824.53 2809.7 263.315 1701.73 1489.38 942.273 333.951 4151.52 1107.44 3044.08 2546.39 1729.45 8974.71 1583.38 1280.19
internal_count=24410 13215 3320 11195 6142 5439 300 5139 3507 2290 1974 827 750 422 1147 856 1651 260 1669 1506 1000 446 5053 1425 3628 1391 1632 9895 1491 1187
is_linear=0
shrinkage=0.0202208


Tree=142
num_leaves=31
num_cat=0
split_feature=27 10 25 58 21 10 61 61 28 12 60 60 49 17 60 26 10 30 30 53 30 45 32 32 26 25 26 56 8 26
split_gain=1.20844 0.578993 0.943595 0.577245 0.565551 3.30755 0.633494 1.033 2.00634 0.77734 0.595685 0.543258 0.490969 0.50461 0.398066 0.448982 0.362224 0.362135 0.589505 0.544277 0.602932 0.565995 0.50177 1.03864 0.430587 0.341338 0.376886 0.33809 0.486404 0.332464
threshold=82.550000000000011 -0.92913280730858783 27.145000000000003 1004.5500000000001 37.342529508858767 0.7775899462189082 0.30500000000000005 0.055000000000000007 80.950000000000017 3.5000000000000004 7.6850000000000014 5.2150000000000007 402.00000000000006 34.822323599783161 2.3450000000000002 29.525000000000002 0.92591620288614507 75.250000000000014 70.65000000000002 0.76850000000000007 67.250000000000014 1.3624418256797071 0.12239304203974834 1.764478069192162 28.345000000000002 29.235000000000003 27.555000000000003 1008.85 -0.25881904510252113 29.895000000000003
decision_type=2 2 2 2 2 2 2 2 2 2 2 2 2 2 2 2 2 2 2 2 2 2 2 2 2 2 2 2 2 2
left_child=3 2 -2 -1 6 11 7 10 -9 -10 17 -6 -8 -14 -3 -16 -15 18 19 25 21 -21 -20 -24 -19 26 -5 -4 -29 -17
right_child=1 14 27 4 5 -7 12 8 9 -11 -12 -13 13 16 15 29 -18 24 22 20 -22 -23 23 -25 -26 -27 -28 28 -30 -31
leaf_value=0.027610811083636857 -0.009563326167896815 -0.0051811743997580255 0.034213957714593658 0.0088922283659342901 0.012565044235746647 -0.028353181942182806 0.013646314254161114 -0.00052973732906191418 -0.0034641737577186553 -0.018994807711291913 0.019556068616241096 -0.0039034793550954501 -0.0033729015046617531 0.021301153034240301 0.041531644104722008 -0.037299016227511944 -0.024760125305311236 0.0077718937587048379 -0.0012877621647046959 -0.010742018968324425 0.0064814644189280591 -0.048310372887885977 -0.024294794246838062 0.0019538946238027749 -0.0024746230514772513 -0.0020849327403346953 -0.010041952724300323 -0.027554388431133434 0.024742899330438339 0.069566616650320254
leaf_weight=1180.9794111847878 129.30722761154175 357.96235054731369 939.85153365135193 782.72507482767105 541.06052577495575 153.81208151578903 5361.6720014810562 1316.137587428093 100.82334697246552 116.5380939245224 874.46581786870956 240.13173764944077 1507.3207463622093 1275.6190836429596 5190.9123051166534 158.46353870630264 178.85038512945175 988.19201707839966 492.27068012952805 140.96822643280029 146.13687628507614 168.95983076095581 199.42028844356537 113.86721843481064 458.10475289821625 239.25565481185913 238.33585661649704 77.492779076099396 183.13628268241882 177.01622802019119
leaf_count=1117 144 390 1233 499 291 116 5943 1270 104 102 361 159 1973 1368 5635 165 187 863 386 108 94 100 192 114 562 228 258 107 231 110
internal_value=0.00027766 0.000503339 4.53571e-05 0.000175536 0.000135648 -0.000314071 0.000170287 4.29796e-06 -0.000437605 -0.00223774 0.000162547 0.00011879 0.000286864 4.30451e-05 0.000591864 0.000634356 0.00033413 3.32994e-05 -8.70573e-05 8.20488e-05 -0.000437228 -0.00102157 -0.000554134 -0.0011958 0.000303201 0.00034001 0.000526135 0.000286163 -0.000135074 0
internal_weight=24029.8 7214.14 1329.79 16815.6 15634.7 935.004 14699.7 6376.2 1533.5 217.361 4842.7 781.192 8323.46 2961.79 5884.35 5526.39 1454.47 3968.24 2521.94 1716.38 456.065 309.928 805.558 313.288 1446.3 1260.32 1021.06 1200.48 260.629 335.48
internal_count=24410 8015 1715 16395 15278 566 14712 5241 1476 206 3765 450 9471 3528 6300 5910 1555 3404 1979 1287 302 208 692 306 1425 985 757 1571 338 275
is_linear=0
shrinkage=0.0202208


Tree=143
num_leaves=31
num_cat=0
split_feature=6 64 12 0 63 12 11 53 11 63 20 12 64 58 20 61 38 25 62 0 11 4 4 64 44 44 38 41 58 28
split_gain=0.778224 0.853836 0.965704 0.819171 1.40085 0.621486 0.893682 0.94513 0.797003 0.664521 0.569175 0.501833 0.498642 0.45933 0.576943 0.540312 0.691976 0.417483 0.379323 0.375023 0.830037 0.927006 0.388205 0.36018 0.381291 0.821618 0.673953 0.295428 0.353424 0.518563
threshold=0.37940952255126054 -0.50383831031849968 5.5000000000000009 7.5550000000000006 26.152883168320709 8.5000000000000018 0.53435276464917691 0.76850000000000007 0.021516097436222247 28.918063615068576 31.518267114146337 1.5000000000000002 3.2211235724419702 1011.0500000000001 32.243981138115359 3.1950000000000007 37.744764480710252 27.115000000000006 0.20500000000000004 6.205000000000001 -0.86092912513210462 1006.0500000000001 1012.1500000000002 0.85563249846199174 28.405625000000004 28.35229166666667 36.630327848104052 0.45720163312640172 1009.4500000000002 80.15000000000002
decision_type=2 2 2 2 2 2 2 2 2 2 2 2 2 2 2 2 2 2 2 2 2 2 2 2 2 2 2 2 2 2
left_child=1 3 13 4 -1 19 7 -7 10 -8 -9 -5 -4 15 -15 18 -17 -10 -3 22 21 -21 -6 27 25 -25 -26 28 -2 -30
right_child=23 2 12 11 5 6 9 8 17 -11 -12 -13 -14 14 -16 16 -18 -19 -20 20 -22 -23 -24 24 26 -27 -28 -29 29 -31
leaf_value=-0.012426456749608981 0.00057643514938466992 0.00039628259667461653 0.041415587449804003 -0.0013550739321185517 0.023495653422645171 -0.053795709466896456 -0.0055204062842041353 -0.00085009899865188252 -0.0090157473420090228 0.014827593198917769 -0.018721080688750408 0.03108134149971541 0.0017950369260990732 0.00050910309163918605 -0.051117211870544535 0.0035072188263672779 -0.097763646524473002 0.034639877931387349 0.037079571315422673 0.011488167239208733 0.024385547283354153 -0.043220802060983138 -0.0097511290631840265 0.004378669867759772 0.020619010181015265 -0.057726348223561187 -0.00033946278537722534 0.0016124430195645725 -0.00023098164427823019 -0.017412540389449518
leaf_weight=170.54026210308075 2938.3695353865623 1190.4855529069901 5056.8139412403107 247.98436868190765 1598.7444874644279 90.379065036773682 222.44017922878265 90.929897725582123 104.74542039632797 482.43635988235474 132.8305692076683 1240.8856221437454 574.33765196800232 412.07536762952805 137.72682219743729 795.06765878200531 118.36047565937042 324.18953049182892 1856.0500871539116 76.767771482467651 310.98087584972382 87.200088322162628 207.75629532337189 860.88896065950394 1672.0625845789909 91.069144725799561 671.29567962884903 928.58066576719284 993.10261911153793 344.69200032949448
leaf_count=73 3587 1164 5872 77 1753 79 131 119 96 438 152 772 645 334 141 721 81 311 1643 107 267 120 161 1038 1973 116 342 745 1013 339
internal_value=0.000277047 0.000364745 0.000477886 0.000135396 0 6.35987e-05 -0.000231596 -0.00074769 -0.000315048 0.000190109 -0.00131016 0.000539052 0.000663438 0.000226409 -0.000236506 0.000312945 -3.67306e-05 9.21693e-06 0.000446401 0.000289339 -7.87302e-05 -0.00135608 0.000434432 0.000106428 0.000271719 0 0.000412538 0 -6.94084e-05 -0.000348321
internal_weight=24029.8 15529.7 10140.9 5388.81 3899.94 3729.4 1447.95 743.074 652.695 704.877 223.76 1488.87 5631.15 4509.77 549.802 3959.96 913.428 428.935 3046.54 2281.45 474.949 163.968 1806.5 8500.06 3295.32 951.958 2343.36 5204.74 4276.16 1337.79
internal_count=24410 15257 10601 4656 3807 3734 1326 757 678 569 271 849 6517 4084 475 3609 802 407 2807 2408 494 227 1914 9153 3469 1154 2315 5684 4939 1352
is_linear=0
shrinkage=0.0202208


Tree=144
num_leaves=31
num_cat=0
split_feature=48 56 21 56 61 41 58 45 60 41 60 64 25 17 11 11 31 43 45 60 64 25 58 25 21 3 32 25 52 64
split_gain=0.931195 0.768154 0.970896 0.668401 0.479149 0.393696 0.38861 0.780202 0.567067 0.676851 0.51825 0.47559 0.43707 0.670098 0.55825 0.496429 0.499657 0.384737 0.358413 0.355325 0.573501 0.532449 0.419289 0.298094 0.621288 0.277564 0.273056 0.266569 0.256546 0.254981
threshold=35.600000000000009 1009.4500000000002 32.010129347205314 1010.35 0.24500000000000002 0.24661024049271976 1008.2500000000001 0.4318357972368434 4.6750000000000007 0.049328828629190823 2.6650000000000005 1.8912811265143257 28.365000000000006 34.70947085859725 -0.45973273945210419 -0.61186373645567615 82.250000000000014 0.24174366589442856 0.35420660468686654 3.9850000000000008 -0.91110675252410533 27.655000000000005 1009.1500000000002 28.525000000000002 29.277919114675452 0.60350000000000004 -0.26987674083537344 26.655000000000005 11134.767000000002 3.7385489187808933
decision_type=2 2 2 2 2 2 2 2 2 2 2 2 2 2 2 2 2 2 2 2 2 2 2 2 2 2 2 2 2 2
left_child=1 4 19 -4 -1 -5 11 8 9 -8 -11 12 28 15 18 16 17 -14 -15 20 21 -3 -21 -22 -25 29 -13 -6 -2 -9
right_child=6 2 3 5 27 -7 7 25 -10 10 -12 26 13 14 -16 -17 -18 -19 -20 22 23 -23 -24 24 -26 -27 -28 -29 -30 -31
leaf_value=0.0015161368304884989 0.027071293711361792 -0.010550888211692182 0.0010575278662449269 -0.035797526409472397 -0.0016556864738117582 -0.010770152407728091 0.00032684205437727589 0.00014124836964985341 0.0005993066460301909 -0.003226387876767732 -0.03638723471372235 -0.033166500413623429 -0.031537141088009146 0.032554868849196013 -0.017976611909385324 0.0017273343481380339 0.028478798570035702 -0.0050727313422862944 0.00078066910346731534 -0.0018045971166154061 0.010248932600575623 -0.00081559074842235972 0.018813723317722107 -0.018530437870736688 0.01506080675538538 0.0022310592700615179 0.027626970813594345 0.034585853047262881 0.0028117094831399442 -0.030746615498583468
leaf_weight=1408.0122026205063 1040.2622960805893 195.55534851551056 311.06603556871414 187.82516157627106 187.07408273220062 85.749925315380096 105.63350313901901 2389.35075289011 196.19238752126694 99.857668042182922 175.85050082206726 119.42373830080032 225.93508452177048 564.15220582485199 188.45310705900192 328.22472614049911 90.219014108181 193.39672440290451 848.29307174682617 242.200539290905 869.70841151475906 191.93837350606918 1961.9983574748039 193.95740330219269 271.43788534402847 1876.1565294265747 1053.9157131314278 7379.619289457798 922.26928061246872 126.06022107601166
leaf_count=1273 1291 154 382 233 194 73 133 2242 241 127 216 72 319 563 180 408 129 267 839 197 733 153 968 151 276 1882 902 8428 1225 159
internal_value=0.000280085 0.000394631 0.000150386 -0.000568797 0.000507534 -0.00129247 0.000125175 0 -0.000700794 -0.00115878 -0.00168495 0.000241058 0.000119015 -3.01166e-05 0.000172758 -0.000520774 -0.000916375 -0.00122525 0.000354566 0.000280213 7.423e-06 -0.00061438 0.000453343 0.00025459 0 8.71576e-05 0.000622489 0.000574476 0.000348535 -2.09782e-05
internal_weight=24029.8 13486.1 4511.44 584.641 8974.71 273.575 10543.6 4969.1 577.534 381.342 275.708 5574.54 4401.21 2438.67 1600.9 837.776 509.551 419.332 1412.45 3926.8 1722.6 387.494 2204.2 1335.1 465.395 4391.57 1173.34 7566.69 1962.53 2515.41
internal_count=24410 13215 3320 688 9895 306 11195 5000 717 476 343 6195 5221 2705 1582 1123 715 586 1402 2632 1467 307 1165 1160 427 4283 974 8622 2516 2401
is_linear=0
shrinkage=0.0202208


Tree=145
num_leaves=31
num_cat=0
split_feature=27 0 1 60 31 59 19 38 60 26 3 11 29 51 26 29 54 11 12 60 1 38 19 11 1 60 11 11 38 37
split_gain=0.969054 0.522266 0.497722 0.987409 0.857612 0.890873 0.683719 0.628057 1.54276 1.58103 0.747037 0.653811 1.17923 0.565571 0.487463 0.48053 0.44998 0.308755 0.292163 0.520133 1.15399 0.365074 0.572463 0.345433 1.63183 0.4066 0.747257 0.29864 0.537528 0.824543
threshold=82.850000000000009 3.6150000000000007 0.22500000000000003 7.8250000000000011 82.350000000000009 4.7950000000000008 25.224658520898856 28.94140621740252 5.0450000000000008 28.275000000000002 0.99050000000000005 0.91586428826728705 75.950000000000017 3.925000000000114 28.175000000000004 79.250000000000014 0.9195000000000001 0.88201535311751322 3.5000000000000004 2.8150000000000004 4.2250000000000005 36.53185796778056 34.903373030618383 -0.66483077113278999 1.7550000000000001 4.9750000000000005 -0.78295110140207591 -0.97870382656940669 33.898621822652281 0.38128747093716214
decision_type=2 2 2 2 2 2 2 2 2 2 2 2 2 2 2 2 2 2 2 2 2 2 2 2 2 2 2 2 2 2
left_child=2 -2 3 4 7 -6 -4 10 11 -10 14 16 -13 -8 15 -1 -9 -5 19 -15 -21 22 27 25 -25 -23 -27 28 -20 -30
right_child=1 -3 6 17 5 -7 13 8 9 -11 -12 12 -14 18 -16 -17 -18 -19 21 20 -22 23 -24 24 -26 26 -28 -29 29 -31
leaf_value=0.010013116142209915 0.0039245070704630562 0.035155325924239311 -0.022628167633979228 0.0026874611912060904 -0.00095442302584151635 -0.0082777758597037242 0.023173865730128328 0.013343728960194205 -0.017063300325296377 -0.0024227696078082156 -0.01535514276153753 -0.00030350011354563503 -0.027520710451736437 0.011506766521364866 -0.0706029442152422 -0.0047823441445804899 -0.023482224027533243 0.040005767816050836 0.052203723552411326 -0.00075167629380221612 -0.058263185481012669 0.015957493075533871 0.024666704050788666 0.0031047033008519461 -0.041162875301255564 0.068728070843966718 -0.01175131523543536 0.0066068507965247412 -0.049874872904448905 0.0042486503722490897
leaf_weight=1425.5480405688286 1415.565681874752 5255.75428211689 133.61934733390808 295.29266679286957 347.39261108636856 227.69941115379333 2585.6299266219139 1149.3361641168594 215.03992331027985 305.3252255320549 264.76236373186111 687.11937707662582 131.11990451812744 415.54852998256683 142.16315227746964 326.50855833292007 175.03979486227036 666.83337944746017 124.14088159799576 506.85243004560471 113.45561861991882 510.79458624124527 1772.80190294981 363.45676290988922 207.02413690090179 149.51500993967056 144.92875754833221 3744.5200147032738 106.22682684659958 120.7742720246315
leaf_count=921 1617 5799 87 174 325 164 2631 1234 186 363 170 682 146 490 146 214 176 220 175 593 119 282 1901 160 125 125 66 4808 150 161
internal_value=0.000274401 0.000489963 0.000186417 2.8088e-05 -6.38695e-05 -0.00080198 0.000269953 6.61535e-06 -0.000181802 -0.00117025 0.000279405 1.92169e-05 -0.000382382 0.000294143 0.000447967 0.000564851 0.000333662 0.000632663 0.000195879 -6.00743e-05 -0.000497901 0.000244572 0.000315035 0 -0.000429212 0.00020915 -0.000189856 0.0001541 -0.000314754 -0.00102711
internal_weight=24029.8 6671.32 17358.5 6359.18 5397.05 575.092 10999.3 4821.96 2662.98 520.365 2158.98 2142.62 818.239 10865.7 1894.22 1752.06 1324.38 962.126 8280.04 1035.86 620.308 7244.18 5868.46 1375.72 570.481 805.238 294.444 4095.66 351.142 227.001
internal_count=24410 7416 16994 5121 4727 489 11873 4238 2787 549 1451 2238 828 11786 1281 1135 1410 394 9155 1202 712 7953 7195 758 285 473 191 5294 486 311
is_linear=0
shrinkage=0.0202208


Tree=146
num_leaves=31
num_cat=0
split_feature=46 0 62 44 32 57 31 4 44 44 29 62 11 11 11 30 2 0 59 11 44 31 38 46 38 32 57 43 46 59
split_gain=0.947171 0.752915 0.801526 2.05412 1.51351 0.6583 0.554584 0.538625 0.419323 0.819833 0.722317 0.599719 0.412497 1.13208 1.06148 0.835612 0.826988 0.826405 1.22687 1.51546 1.13659 1.71819 0.772558 0.980559 0.666766 0.660031 0.52892 0.373665 0.365039 0.700041
threshold=2309.2150000000006 7.5550000000000006 14.465000000000002 27.48854166666667 0.18360217927035019 1008.1500000000002 78.550000000000011 1010.4500000000002 29.58979166666667 29.86791666666667 81.050000000000011 3.2350000000000008 0.59123954401714218 0.49751328890718055 0.91234096280339505 81.050000000000011 273.25000000000006 3.7550000000000003 2.1750000000000003 0.95493138204271821 25.736041666666669 80.750000000000014 29.086850135978775 2128.8200000000006 26.242953866771071 1.1292813426907531 1011.1500000000002 0.49046236684012706 2410.7625000000003 6.205000000000001
decision_type=2 2 2 2 2 2 2 2 2 2 2 2 2 2 2 2 2 2 2 2 2 2 2 2 2 2 2 2 2 2
left_child=1 2 5 4 -4 -1 -3 8 28 10 -10 -11 13 15 26 -7 -17 18 -16 27 21 24 -15 -24 -19 -21 -14 -20 29 -2
right_child=7 6 3 -5 -6 12 -8 -9 9 11 -12 -13 14 22 17 16 -18 20 19 25 -22 -23 23 -25 -26 -27 -28 -29 -30 -31
leaf_value=0.011146744724962739 0.030793294545815083 0.0026331184635311417 -0.026370104285330348 0.0004880807528230584 -0.0090265706914570334 0.0061046154690925919 0.028184607452924854 -0.0079624627608553891 0.0085711691503805726 0.03529218827117999 -0.03073652270745186 -0.0056947839991228653 0.015546793570525684 -0.023192949695766237 0.00036378517491461804 -0.044989063824545837 -0.0030890509989782802 0.0094843069882502348 -0.037555314322018897 -0.00017066048885615854 0.011915268786950272 -0.0055477996185594961 -0.045706251014792386 -0.0075580916855039109 -0.0048139251879766622 -0.026964218518609074 0.00011564994651583411 -0.047484863312204036 0.053371678117552439 -0.0016116248042559755
leaf_weight=4343.584780395031 3582.1161757111549 856.45409768819809 115.40027391910553 584.2055875658989 75.966953158378601 1222.6405729055405 1322.7284384965897 366.2397843003273 261.81427538394928 853.5160870552063 188.54247552156448 477.80348825454712 1406.3358989953995 176.04739439487457 636.33461934328079 140.1213082075119 510.44340878725052 402.88557851314545 110.04524916410446 531.69100189208984 1332.7941401600838 172.47245895862579 155.71316546201706 130.62617146968842 168.12013077735901 124.53320008516312 775.3023561835289 97.438384413719177 1911.5694462656975 996.30263763666153
leaf_count=4912 4533 479 111 717 103 1266 756 438 246 438 151 302 1422 161 585 176 634 251 115 476 949 89 145 161 120 125 697 92 2417 1343
internal_value=0.000279291 0.000174679 0.000108729 -0.00049457 -0.00229651 0.000153537 0.000533492 0.000455399 0.000492275 0.000145041 -0.000514814 0.000434712 3.35383e-05 -0.000177481 0.000134395 0 -0.000534884 -5.86654e-05 -0.000437438 -0.00094817 0.000173213 -0.000393149 -0.00107257 -0.00171338 0 -0.000308035 0.000490461 -0.00251422 0.000573967 0.00043335
internal_weight=24029.8 15391.9 13212.7 775.573 191.367 12437.1 2179.18 8637.9 8271.66 1781.68 450.357 1331.32 8093.55 2335.59 5757.95 1873.21 650.565 3576.31 1500.04 863.708 2076.27 743.478 462.387 286.339 571.006 656.224 2181.64 207.484 6489.99 4578.42
internal_count=24410 14542 13307 931 214 12376 1235 9868 9430 1137 397 740 7464 2543 4921 2076 810 2802 1393 808 1409 460 467 306 371 601 2119 207 8293 5876
is_linear=0
shrinkage=0.0202208


Tree=147
num_leaves=31
num_cat=0
split_feature=33 25 10 31 44 32 21 1 11 25 62 26 54 0 31 10 12 0 36 56 23 10 54 31 36 45 44 0 45 0
split_gain=0.904704 0.661083 1.53183 0.598565 0.588217 0.529969 0.414485 0.537242 0.493582 1.15728 0.391358 0.378456 0.398515 0.558725 1.1988 0.370425 1.6152 0.685261 0.823204 0.354632 0.423558 0.328083 0.434142 0.411263 0.407094 0.534368 0.366765 0.288472 0.257798 0.256829
threshold=0.18000000000000152 27.055000000000003 -0.95747632178960107 77.250000000000014 26.369166666666668 0.6145003322760233 33.562080641883853 0.015000000000000001 -0.36572252349726903 29.545000000000005 0.69500000000000006 26.255000000000006 0.72250000000000003 7.1950000000000012 80.450000000000017 -0.82391537601316178 10.500000000000002 3.5450000000000004 28.765648967048325 1011.2500000000001 27.675000000000004 -0.04732095011389225 0.11250000000000002 80.950000000000017 37.155981398003114 0.53881100588947961 29.009375000000006 6.5750000000000011 0.7109826201996815 2.0450000000000004
decision_type=2 2 2 2 2 2 2 2 2 2 2 2 2 2 2 2 2 2 2 2 2 2 2 2 2 2 2 2 2 2
left_child=1 2 -1 4 -3 21 7 -6 -8 -10 -7 12 -4 14 -14 16 -5 18 -17 29 -21 -2 -23 24 25 26 -24 -12 -27 -13
right_child=5 3 11 15 6 10 8 -9 9 -11 27 19 13 -15 -16 17 -18 -19 -20 20 -22 22 23 -25 -26 28 -28 -29 -30 -31
leaf_value=-0.013830372257444217 0.0045519257672783312 -0.051697039035846701 0.037975438596103805 0.019968095432354022 -0.00032124988209977697 -0.00012642642310153158 0.0050126395353541128 0.011679064050310894 -0.0016406385934211733 -0.085069639577126793 0.016554230481500187 -0.017480565122837553 0.0010220936788594048 -0.0027108117523719629 -0.013477290889076383 -0.011466953997389886 -0.047389919039135572 0.033369254952648794 0.015645522275064133 -0.0072251862469687586 -0.020981486180687445 0.0037583187269498836 -0.010167733887223271 0.004280924924091105 -0.00044206928735323573 0.017164483562488658 -0.016718298480860625 -0.00093667166994440174 -0.014396672568759679 0.0046052992913324349
leaf_weight=127.84536129236221 761.2337731719017 127.77451193332672 584.91973805427551 2119.7859449982643 642.93281841278076 2356.72719591856 818.56788301467896 1113.6345039606094 345.22978717088699 75.886276125907898 2407.6925641894341 149.55862903594971 194.14074474573135 387.4803649187088 138.95432502031326 107.65866881608963 88.358138144016266 6660.2097985744476 2047.3810149431229 132.94974619150162 161.44155359268188 206.00705236196518 107.28812575340271 136.11591053009033 173.48691713809967 142.88739562034607 210.7545063495636 510.17226338386536 145.78319507837296 846.93083262443542
leaf_count=131 940 61 295 2708 500 2237 734 1092 434 86 2754 165 127 117 88 85 111 6698 2278 93 138 172 136 151 82 155 204 618 147 873
internal_value=0.00027259 0.000354771 2.98629e-05 0.000411121 0.000123904 6.65734e-05 0.000206803 0.000411129 -1.27055e-05 -0.000630542 0.000179646 0.000168999 0.0004179 0 -0.000503296 0.000484502 0.000184015 0.000549724 0.000176499 -1.56167e-05 -0.000676257 -0.000203386 -0.000433686 -0.000648678 -0.000841568 -0.00108717 -0.00170646 0.000336256 -9.15772e-05 9.39818e-05
internal_weight=24029.8 16871.6 2724.22 14147.4 3124.03 7158.15 2996.25 1756.57 1239.68 421.116 5274.59 2596.38 1305.5 720.575 333.095 11023.4 2208.14 8815.25 2155.04 1290.88 294.391 1883.56 1122.32 916.316 780.2 606.713 318.043 2917.86 288.671 996.489
internal_count=24410 16814 2027 14787 2907 7596 2846 1592 1254 520 5609 1896 627 332 215 11880 2819 9061 2363 1269 231 1987 1047 875 724 642 340 3372 302 1038
is_linear=0
shrinkage=0.0202208


Tree=148
num_leaves=31
num_cat=0
split_feature=52 28 28 57 21 39 57 51 1 31 34 60 1 31 21 25 44 1 44 60 31 32 60 60 39 21 26 44 31 35
split_gain=0.933729 0.358614 0.426922 0.300706 0.366387 0.561159 0.270022 0.4467 0.469741 0.28686 0.348913 0.266294 0.356084 0.275708 0.318126 0.257296 0.443309 0.572247 0.557244 0.304856 0.260637 0.264728 0.359102 0.3369 0.386736 0.324008 0.260192 0.295395 0.447221 0.328897
threshold=679.3845 85.250000000000014 85.050000000000011 1006.6500000000002 37.472132586141278 0.60888634077331416 1006.1500000000002 92.541666666666728 7.5450000000000008 66.050000000000011 31.033818021210902 6.8350000000000009 0.81500000000000006 78.850000000000009 35.08674919644973 27.695000000000004 26.75458333333334 1.0000000180025095e-35 25.503958333333337 2.1350000000000002 76.850000000000009 0.99097732665226357 4.1450000000000005 6.2350000000000012 1.1486072504651472 34.402129124051527 28.115000000000006 27.63354166666667 82.950000000000017 0.61116039823278756
decision_type=2 2 2 2 2 2 2 2 2 2 2 2 2 2 2 2 2 2 2 2 2 2 2 2 2 2 2 2 2 2
left_child=1 2 6 11 15 -6 -1 -8 9 -9 -11 12 -2 14 -13 16 17 -5 -19 -18 21 22 -17 24 25 -24 27 28 29 -21
right_child=3 -3 -4 4 5 -7 7 8 -10 10 -12 13 -14 -15 -16 20 19 18 -20 26 -22 -23 23 -25 -26 -27 -28 -29 -30 -31
leaf_value=0.026994857943085777 -0.00096351055750596825 0.047315811245307024 -0.00961362673348767 0.0075839293996387575 -0.00014520725892348113 -0.0059230454444571239 0.009609974723988203 -0.060989774855312519 -0.067071888476921138 0.0041995230256583358 -0.00092402476905627793 -0.031779923837064863 0.021789147486949319 0.011463099080118187 0.0013030934682312229 0.00093261865829062575 0.013721665846606218 -0.018594479911938543 0.0019990038228928668 -0.025213264072226082 0.017136502145878738 0.013665046039081783 -0.0037093556712799822 8.6148077565900984e-05 0.0018365944330778511 -0.020849128942857238 -0.0034626755337130513 0.0022170638009867379 0.019702422815111111 -0.0066680347736525359
leaf_weight=2650.8123050332069 519.56833666563034 2038.7043088078499 174.3817612528801 924.75327956676483 194.59092938899994 195.73009234666824 6914.0527025461197 106.97106242179871 123.74248397350311 487.98553365468979 712.368248462677 111.52421975135803 2119.1562975645065 350.31524592638016 97.109807670116425 634.29440826177597 326.74844610691071 252.13176947832108 453.69006496667862 284.90630459785461 1831.3124181032181 503.9867992401123 90.424042999744415 129.72029316425323 87.9512619972229 148.72426211833954 1181.646377146244 127.35831022262573 110.64299899339676 144.48516863584518
leaf_count=2949 476 2213 191 581 95 132 6042 91 159 390 847 146 2430 467 119 670 396 162 372 292 2248 580 115 128 95 160 1420 168 141 135
internal_value=0.000274458 0.000391803 0.000330493 0.000123032 4.02259e-05 -0.000532197 0.000351206 0.000272683 0 5.64302e-05 0.000207211 0.000292787 0.000380861 0 -0.000675501 8.3497e-05 -9.97991e-06 0.000216186 -0.000122171 -0.00021973 0.000212754 0 -0.000153459 -0.000610192 -0.00096653 -0.00138645 -0.000341748 -0.000686881 -0.000896794 -0.00119642
internal_weight=24029.8 13209 11170.3 10820.8 7623.1 390.321 10995.9 8345.12 1431.07 1307.32 1200.35 3197.67 2638.72 558.949 208.634 7232.78 3806.36 1630.58 705.822 2175.79 3426.41 1595.1 1091.11 456.82 327.1 239.148 1849.04 667.393 540.034 429.391
internal_count=24410 12882 10669 11528 7890 227 10478 7529 1487 1328 1237 3638 2906 732 265 7663 3667 1115 534 2552 3996 1748 1168 498 370 275 2156 736 568 427
is_linear=0
shrinkage=0.0202208


Tree=149
num_leaves=31
num_cat=0
split_feature=48 64 59 59 64 62 33 53 59 39 45 59 54 54 39 18 11 39 44 11 64 54 30 26 64 64 26 26 11 51
split_gain=0.712984 0.546913 0.837086 0.606786 0.530058 0.509836 0.384329 0.366981 0.417776 0.38116 1.38513 0.364637 0.636534 0.611751 0.358203 0.309382 0.822523 0.677657 1.17684 0.585552 1.45324 0.682769 0.56963 0.295369 0.294038 0.410891 0.259666 0.254348 0.575962 0.253252
threshold=35.600000000000009 -0.52619612238929736 7.6850000000000014 3.9850000000000008 2.5928033787498426 0.095000000000000015 -1.4799999999999984 0.99150000000000016 3.3450000000000002 2.7159755902394704 1.6911648877188361 2.0050000000000003 0.84650000000000014 0.30150000000000005 0.90263927965888247 30.550496511712236 0.51972456038539816 1.3904753604967717 27.406458333333337 0.90515966073569365 -1.7090416840362168 0.72250000000000003 79.850000000000009 29.525000000000002 0.69420798318710564 1.2702054933411555 29.655000000000005 28.465000000000003 -0.36572252349726903 0.52500000000018965
decision_type=2 2 2 2 2 2 2 2 2 2 2 2 2 2 2 2 2 2 2 2 2 2 2 2 2 2 2 2 2 2
left_child=1 2 15 4 5 24 -5 9 14 -2 -11 -6 13 -13 -9 16 17 22 -19 -18 -21 -22 -1 -7 -3 29 -8 -17 -29 -26
right_child=7 3 -4 6 11 23 26 8 -10 10 -12 12 -14 -15 -16 27 19 18 -20 20 21 -23 -24 -25 25 -27 -28 28 -30 -31
leaf_value=0.091466776743946973 0.0026440797900734621 0.0036369059163306704 0.019060849873752461 -0.01685739231845822 0.015050198428689042 0.031974829782559215 0.037559703275761934 -0.00078871873430863071 -0.00042912906926572493 -0.022011932727234857 0.0029581353950117011 -0.0011381863860501617 0.014093398734738067 -0.053183866116373039 -0.034419277235190622 0.012415620135443194 0.012017051118094993 -0.04392271648553471 -0.00027709754518531347 0.02431278709877472 -0.00062969138305655646 -0.020189191078581529 -0.018562721524088183 -0.0023645348631722652 -0.023130567240746348 0.00023771242975761635 0.019948175465778907 0.019934952588842821 -0.077740736842931618 -0.00036228354000595534
leaf_weight=179.93350744247437 8666.7462673187256 497.59769397974014 1136.8045027256012 98.165932357311249 300.21945732831955 2122.1060959100723 3963.1461316943169 89.075419962406158 1087.7185930609703 169.33908027410507 439.71128141880035 109.50698328018188 201.99391114711761 141.68394964933395 91.055882811546326 1067.441697716713 653.99950462579727 126.13105148077011 111.573610663414 409.06514543294907 195.01180297136307 185.37481093406677 112.33992213010788 225.7095730304718 127.72825509309769 317.08269810676575 595.39436554908752 429.68716084957123 80.521255254745483 97.923996865749359
leaf_count=156 9175 403 641 44 369 2446 4396 112 1367 145 283 124 234 172 113 1281 491 103 97 224 109 105 126 174 97 311 338 575 94 105
internal_value=0.000272997 0.000374364 0.00016726 0.000474638 0.00025884 0.000375296 0.000647384 0.000134945 -0.000151712 0.000183612 -0.000239935 -0.000148479 -0.000577268 -0.00127149 -0.00104233 0 -0.000154159 -0.000844591 -0.00164982 4.04974e-05 -0.000259474 -0.00122067 0 0.000540174 0 -0.000321808 0.000680122 0.000224202 -2.40138e-06 -0.000988912
internal_weight=24029.8 13486.1 4687.88 8798.26 4141.55 3388.15 4656.71 10543.6 1267.85 9275.8 609.05 753.404 453.185 251.191 180.131 3551.08 1973.43 529.978 237.705 1443.45 789.452 380.387 292.273 2347.82 1040.33 542.735 4558.54 1577.65 510.208 225.652
internal_count=24410 13215 4002 9213 4435 3536 4778 11195 1592 9603 428 899 530 296 225 3361 1411 482 200 929 438 214 282 2620 916 513 4734 1950 669 202
is_linear=0
shrinkage=0.0202208


Tree=150
num_leaves=31
num_cat=0
split_feature=57 8 10 11 29 10 35 11 10 0 64 12 45 11 11 10 35 60 36 60 36 23 35 10 38 38 45 36 11 50
split_gain=0.695154 1.05944 0.756547 1.40494 1.22814 0.598242 0.68984 0.876453 1.47858 0.506175 0.980252 0.865021 0.99524 0.861877 2.35212 0.516612 0.647127 0.580082 0.499299 0.481015 0.732437 1.03295 0.476769 0.427384 0.563618 0.730466 0.480976 0.419943 0.468301 0.428024
threshold=1006.7500000000001 -0.37940952255126059 -0.92913280730858783 0.10738134666416309 77.950000000000017 0.26781182513105634 0.34526805683564227 0.5488226286565131 0.64534213713577271 7.5550000000000006 -0.86046511552099492 11.500000000000002 1.5500696509773164 0.53435276464917691 0.49751328890718055 -0.04732095011389225 0.78642087839672603 5.455000000000001 37.687028300491527 5.3550000000000013 30.647609179650523 28.255000000000006 0.20604487310310976 0.41327478071396911 29.841387488506239 31.689999682862418 0.98290215597297703 30.787408533240328 -0.073092422389869308 863.1500000000002
decision_type=2 2 2 2 2 2 2 2 2 2 2 2 2 2 2 2 2 2 2 2 2 2 2 2 2 2 2 2 2 2
left_child=27 2 3 -2 -5 -4 18 -8 -9 10 11 13 -13 14 19 -12 23 -18 -7 -3 -21 -22 -11 24 -17 26 -26 28 -1 -29
right_child=1 9 5 4 -6 6 7 8 -10 22 15 12 -14 -15 -16 16 17 -19 -20 20 21 -23 -24 -25 25 -27 -28 29 -30 -31
leaf_value=-0.017972497602807561 0.014645875984112114 0.0091288299450376104 0.0014004261732746346 -0.0006256589030451022 -0.032993506408883905 0.0015024336588459976 0.0059461186599176746 -0.019285684295071465 -0.05787888775924728 -0.00033517242715132663 0.024222335520955488 -0.019116706035168751 -0.0022292763083316732 0.0093728463206411532 -0.045800118360951783 0.0055165615947246945 -0.025901304847780346 0.021083485043791414 -0.064500348276293334 0.00033024440239495274 -0.019064383969877485 3.620253427422379e-05 0.023191372686616127 0.010933046500990832 -0.0025195487585084643 0.0036515298715146761 -0.036819279952948376 0.023817710785134106 0.058810293552353343 -0.0014084433962767682
leaf_weight=173.59167146682739 214.13724756240845 706.27663403749466 2356.5284048318863 84.400814235210419 146.25857001543045 1237.4962804913521 167.8449495434761 151.59080344438553 100.24444729089737 271.09337943792343 3296.1023829579353 177.21206027269363 175.72552990913391 971.77580744028091 86.43859851360321 550.6311052441597 160.35283607244492 91.971222102642059 95.542484700679779 195.37402409315109 118.82313007116318 107.78164905309677 1642.8135470151901 2466.0082210898399 238.45129996538162 432.6015293598175 113.08401393890381 7012.9424846172333 148.59743165969849 338.09698063135147
leaf_count=208 291 782 2507 101 175 1351 169 145 111 160 3726 95 94 711 70 385 157 76 57 176 146 150 761 2327 205 544 103 8166 143 318
internal_value=0.000277078 0.000192793 -5.32456e-05 -0.000846551 -0.00195399 1.20838e-05 -0.000246896 -0.000958336 -0.0017092 0.00029513 0.000222495 -9.36165e-05 -0.00102525 1.84083e-05 -0.000296868 0.000343622 0.000158497 -0.00074697 0 0 -0.000578773 -0.00138461 0.000623504 0.000242352 0 -0.000396674 -0.0010903 0.000445141 -6.78193e-05 0.000479554
internal_weight=24029.8 16356.6 4554.04 444.797 230.659 4109.25 1752.72 419.68 251.835 11802.5 9888.61 2539.41 352.938 2186.47 1214.69 7349.2 4053.1 252.324 1333.04 1128.26 421.979 226.605 1913.91 3800.78 1334.77 784.137 351.535 7673.23 322.189 7351.04
internal_count=24410 15575 4907 567 276 4340 1833 425 256 10668 9747 2224 189 2035 1324 7523 3797 233 1408 1254 472 296 921 3564 1237 852 308 8835 351 8484
is_linear=0
shrinkage=0.0202208


Tree=151
num_leaves=31
num_cat=0
split_feature=48 4 21 36 7 64 33 46 21 18 64 11 39 3 59 62 58 23 58 59 4 2 46 39 31 22 53 64 53 62
split_gain=0.884251 0.488426 1.43037 0.581405 0.69647 0.531033 0.496737 0.35407 0.479514 2.12435 0.519826 0.616122 0.396412 0.336892 0.330447 0.474911 0.437648 0.396191 0.349418 0.329069 0.467277 0.524139 0.413711 0.619135 0.561137 0.402824 0.602095 0.360918 0.701347 0.324904
threshold=35.600000000000009 1009.6500000000002 32.010129347205314 34.472644256128582 0.91597561503675351 -0.63796260963757223 -0.70499999999999996 2348.5535000000004 37.234011690746591 36.96460676358145 0.85563249846199174 0.91925191855388755 2.074219937543337 0.072500000000000009 3.8650000000000007 3.9150000000000005 1008.6500000000002 26.395000000000003 1012.2500000000001 2.7550000000000003 1006.7500000000001 370.95000000000005 2249.1760000000008 1.2591411650305819 77.850000000000009 28.355000000000004 0.97550000000000014 -2.0282191802228442 0.6605000000000002 0.015000000000000001
decision_type=2 2 2 2 2 2 2 2 2 2 2 2 2 2 2 2 2 2 2 2 2 2 2 2 2 2 2 2 2 2
left_child=1 5 14 4 6 13 -4 8 10 -10 12 -12 19 -1 15 17 -16 -3 -19 -2 21 -21 27 24 -24 26 -26 28 -22 -7
right_child=7 2 3 -5 -6 29 -8 -9 9 -11 11 -13 -14 -15 16 -17 -18 18 -20 20 22 -23 23 -25 25 -27 -28 -29 -30 -31
leaf_value=-0.010300062951097418 0.006120451116161503 -0.012105942697339906 -0.012592431739032652 0.0048962594929384453 0.038073033984613057 -0.00062380624721352078 -0.042929469957584357 0.0223502618126394 -0.013504872317919126 0.00047642342757625881 0.017453782887486179 -0.0031176668655694532 0.0031895183030927381 0.010225732541173486 -0.0023721026834507531 -0.026709385921895753 0.015571352505559775 0.0031907202925526442 -0.0042055825003945559 0.025612062878461708 -0.021217749718740214 -0.0056872527801289817 -0.028784278956034859 0.024315386249510282 -0.016372461519445571 0.020473253460242265 -0.029069475296229396 7.9906572505644688e-05 0.006396453327615877 0.03466714913899361
leaf_weight=84.622711360454559 827.82320708036423 124.22067368030548 98.507870674133301 167.08814561367035 84.326574444770813 376.18821257352829 236.21226418018341 1910.7849034667015 169.70477646589279 479.77723330259323 1891.3798867464066 670.92980062961578 1316.8875630497932 2225.7887076735497 175.09440320730209 117.2214840054512 2226.5819534063339 1052.4233282208443 204.28173345327377 712.64790803194046 229.41254389286041 541.69334840774536 129.41700977087021 113.08617889881134 72.908076703548431 132.12528854608536 68.048466503620148 1084.3976866006851 192.62264674901962 6313.584953725338
leaf_count=61 993 78 91 207 79 327 305 2170 140 222 2211 709 926 2440 139 114 1142 957 164 933 171 720 176 140 96 179 91 1139 179 7111
internal_value=0.000278384 0.000390218 0.000184015 -0.000697297 -0.00111361 0.000483142 -0.00154578 0.000126944 5.94793e-05 -0.000441648 0.000111414 0.000348504 0 0.000161926 0.00033949 3.54908e-05 0.000492345 0.000196642 0.000353753 -9.87988e-05 -0.000204368 4.32206e-05 -0.000400955 -0.000938468 -0.00132227 -0.000371855 -0.00118329 -0.000156997 -0.000658582 0.000580832
internal_weight=24029.8 13486.1 4485.96 586.135 419.047 9000.18 334.72 10543.6 8632.86 649.482 7983.38 2562.31 5421.07 2310.41 3899.82 1498.15 2401.68 1380.93 1256.71 4104.18 3276.36 1254.34 2022.02 515.585 402.499 273.082 140.957 1506.43 422.035 6689.77
internal_count=24410 13215 3276 682 475 9939 396 11195 9025 362 8663 2920 5743 2501 2594 1313 1281 1199 1121 4817 3824 1653 2171 682 542 366 187 1489 350 7438
is_linear=0
shrinkage=0.0202208


Tree=152
num_leaves=31
num_cat=0
split_feature=27 64 0 46 33 35 60 64 37 59 44 64 58 29 27 58 12 64 64 56 19 19 56 50 20 25 59 35 56 46
split_gain=0.906753 0.522527 1.04997 0.774637 0.443814 0.530311 0.606629 0.447446 0.531258 0.628888 0.667686 0.641653 0.634611 0.663803 0.59891 0.523 0.424878 1.013 1.15143 0.840647 0.673871 0.610992 0.600792 0.522747 0.443228 0.945272 0.691081 0.339285 0.332419 0.322181
threshold=82.850000000000009 -1.3454310601218002 3.9850000000000008 2320.6700000000005 0.11999999999999923 0.075617352052478951 7.7250000000000005 1.9700387259070189 0.70133513343283227 5.1850000000000014 29.311875000000004 -0.46520447909621682 1011.5500000000001 81.750000000000014 75.350000000000009 1008.6500000000002 10.500000000000002 -0.91110675252410533 -2.4792299839655718 1012.5500000000001 33.692437258379705 34.59855504644311 1014.0500000000001 23.450000000000003 37.235234500426962 30.465000000000003 4.3450000000000006 0.14734528920188014 1010.35 2265.5925000000002
decision_type=2 2 2 2 2 2 2 2 2 2 2 2 2 2 2 2 2 2 2 2 2 2 2 2 2 2 2 2 2 2
left_child=4 2 3 29 5 -1 16 8 9 -6 11 12 13 14 -11 -9 22 18 -18 28 -19 23 24 -22 -7 26 -26 -4 -20 -2
right_child=1 -3 27 -5 7 6 -8 15 -10 10 -12 -13 -14 -15 -16 -17 17 20 19 -21 21 -23 -24 -25 25 -27 -28 -29 -30 -31
leaf_value=0.021039262996652989 -0.007767219034259862 0.036011216149670316 -0.00068454641643131647 0.022080268081020989 -1.6823493497512327e-05 0.0050183104497675589 0.021536690688595692 0.030101143437043669 0.001395235227287803 -0.0071474703959796392 -0.020110622373139184 0.0045923594549222421 0.001889444330220586 -0.00036670335027730143 -0.027748404647055872 -0.0017879819754242517 0.020660415406479785 0.017860014558192725 -0.030259893557875586 -0.020510458238913943 -0.0015923534270572111 0.0047972530041671506 -0.017396910091441661 -0.041534599453106696 -0.023230003387845748 0.051470919674219628 -0.06748153588217061 0.02344977877642029 -0.00927095191046233 -0.04381124732304046
leaf_weight=1873.2409206032753 85.740690767765045 5273.8231055140495 254.34227961301804 90.248966336250305 1957.2810257077217 5167.367568731308 987.02169889211655 950.11520409584045 2292.8843861222267 103.75349044799805 94.945126950740814 502.40403872728348 106.87729173898697 179.16512227058411 155.33164966106415 566.94320958852768 188.74467295408249 795.31592273712158 152.3689558506012 156.18779802322388 76.127956986427307 180.53137201070786 102.24879056215286 75.000072956085205 141.86290431022644 282.10210889577866 134.23671281337738 862.41001677513123 136.4115754365921 104.75490498542786
leaf_count=1994 85 6020 308 104 2170 5398 572 741 2374 104 92 629 56 203 147 653 144 586 114 75 101 249 69 104 90 147 99 775 83 124
internal_value=0.000286053 0.000495759 7.09047e-05 -0.00094039 0.000200318 0.000285984 0.000202825 5.80168e-05 -1.30008e-05 -0.000200256 -0.000576926 -0.00032519 -0.000823628 -0.00119539 -0.00185295 0.000367391 0.000126947 -0.000117517 -0.000791583 -0.00138832 0.000185573 -0.000442361 0.000215849 -0.00142595 0.000256341 -0.000194441 -0.00112999 0.000405741 -0.00203208 -0.00170959
internal_weight=24029.8 6671.32 1397.5 280.745 17358.5 10448.8 8575.53 6909.7 5392.64 3099.76 1142.48 1047.53 545.128 438.25 259.085 1517.06 7588.51 1760.69 633.713 444.968 1126.98 331.659 5827.82 151.128 5725.57 558.202 276.1 1116.75 288.781 190.496
internal_count=24410 7416 1396 313 16994 9825 7831 7169 5775 3401 1231 1139 510 454 251 1394 7259 1456 416 272 1040 454 5803 205 5734 336 189 1083 197 209
is_linear=0
shrinkage=0.0202208


Tree=153
num_leaves=31
num_cat=0
split_feature=27 10 34 63 31 4 58 4 7 29 10 11 10 31 29 17 10 10 64 1 4 37 31 11 11 59 34 19 54 54
split_gain=0.908849 0.647408 0.707976 0.744791 0.706408 0.564227 0.492249 0.796772 0.484279 0.440821 0.35412 2.28905 1.86308 0.762391 0.772181 0.733868 0.666913 0.732077 0.613513 0.605178 0.706282 1.04321 0.598709 0.622819 1.58553 0.647857 0.436906 0.550568 0.341848 0.327328
threshold=82.850000000000009 -0.93535928755917819 30.658171118315899 31.697375509354533 79.450000000000017 1008.85 1004.5500000000001 1002.9500000000002 -0.37940952255126015 87.750000000000014 -0.81403855522663837 0.49751328890718055 -0.84293373149377071 81.65000000000002 77.950000000000017 31.269290857000559 -0.20931270765420754 -0.183996647784403 2.7843000257565618 2.4050000000000007 1005.5500000000001 0.46379424125567098 81.250000000000014 0.82873938879806197 -0.39754281428255622 4.0650000000000004 34.380007810120638 33.878433780671038 0.95950000000000013 0.98950000000000016
decision_type=2 2 2 2 2 2 2 2 2 2 2 2 2 2 2 2 2 2 2 2 2 2 2 2 2 2 2 2 2 2
left_child=6 2 3 -2 -3 -4 -1 -8 -7 10 11 13 -13 -9 -15 -16 18 -18 -12 29 -21 22 23 24 25 -22 27 -20 -17 -19
right_child=1 4 5 -5 -6 8 7 9 -10 -11 16 12 -14 14 15 28 17 19 26 20 21 -23 -24 -25 -26 -27 -28 -29 -30 -31
leaf_value=0.026661179503379626 -0.043996459079528594 0.00067240037678760001 0.047770758225941214 -0.013076181250818381 0.037110582484444779 -0.032438579643418834 -0.020329909976673478 0.021152452854421851 0.01758632641177146 -0.025278362309937987 0.021101200672613812 -0.043869530359766394 -0.0077197385169471095 0.025973302582212296 -0.031670096256017542 -0.028955218835144528 -0.0044665886460334373 0.0024250934649302177 -0.00010990919189656675 0.019660637829066456 5.6939936402852826e-05 0.0054170198428363445 -0.0026869894405641402 -0.00043658041278859638 -0.055554487144148554 -0.046723119104160986 0.019005363192990773 -0.049627458912282457 0.011331668845674664 -0.0033303327202067303
leaf_weight=1259.2303297519684 114.00200855731964 802.06426668167114 799.91485595703125 91.423819482326508 4659.2361793518066 80.010778546333313 104.19243097305298 1051.1474959850311 124.6680554151535 179.21258682012558 2924.2957468032837 107.3417347073555 140.70351642370224 248.71551990509033 90.656127631664276 112.51386171579361 276.29152238368988 6575.3611065149307 233.65885758399963 588.97975534200668 334.84412109851837 843.19059628248215 363.87576371431351 101.34738451242447 163.21819090843201 304.86454904079437 181.5414537191391 78.142808794975281 250.66716074943542 844.47695571184158
leaf_count=1193 111 823 1079 95 5031 110 107 1306 167 199 2993 104 161 316 108 163 176 5776 282 648 288 778 434 75 180 310 238 112 347 700
internal_value=0.000270606 0.000479837 0 -0.0010098 0.000574155 0.000274285 0.000185057 0.000147504 -0.000457576 0.00016412 0.00018001 -3.62278e-05 -0.0018719 0.000177305 -0.000257537 -0.00082901 0.000217683 0.000125325 0.000472564 0.000160829 -7.40226e-05 -0.000274352 -0.000658539 -0.000936437 -0.00114132 -0.000507992 -3.79327e-05 -0.000640861 -0.000142155 0.000258089
internal_weight=24029.8 6671.32 1210.02 205.426 5461.3 1004.59 17358.5 16099.2 204.679 15995 15815.8 2001.75 248.045 1753.7 702.553 453.837 13814.1 10396.4 3417.64 10120.2 2700.32 2111.34 1268.15 904.274 802.927 639.709 493.343 311.802 363.181 7419.84
internal_count=24410 7416 1562 206 5854 1356 16994 15801 277 15694 15495 2505 265 2240 934 618 12990 9365 3625 9189 2713 2065 1287 853 778 598 632 394 510 6476
is_linear=0
shrinkage=0.0202208


Tree=154
num_leaves=31
num_cat=0
split_feature=27 0 64 30 30 56 10 46 46 29 10 22 0 10 10 10 61 36 36 44 44 43 10 10 27 44 10 33 1 31
split_gain=0.900896 0.518898 0.763956 0.884544 0.581145 0.479694 0.478624 0.488371 0.443929 0.435587 0.378028 1.68796 0.51882 0.499751 0.711308 1.05117 0.875706 0.641743 1.62247 0.585431 0.969901 0.997599 0.482463 2.14772 0.45856 0.458448 0.701718 0.409903 0.626878 0.357817
threshold=82.850000000000009 3.7550000000000003 -1.3127397497138522 72.950000000000017 82.050000000000011 1009.9500000000002 -0.95747632178960107 2395.2240000000006 1585.3790000000001 88.250000000000014 -0.81403855522663837 27.145000000000003 3.3450000000000002 -0.43664718845046341 0.41327478071396911 0.36571913681022045 8.4950000000000028 35.856787967669867 36.494488131671297 27.790208333333336 28.389791666666671 0.20785010311379745 0.63874350706337069 0.6583954877256819 81.550000000000011 28.803958333333334 -0.90149333598846371 -0.029999999999999357 1.5250000000000001 77.250000000000014
decision_type=2 2 2 2 2 2 2 2 2 2 2 2 2 2 2 2 2 2 2 2 2 2 2 2 2 2 2 2 2 2
left_child=8 2 4 -4 -2 -5 7 -3 -1 10 11 -10 13 -12 15 19 17 -16 -19 -15 21 -21 -14 -24 -25 26 -13 28 -26 -8
right_child=1 6 3 5 -6 -7 29 -9 9 -11 12 25 22 14 16 -17 -18 18 -20 20 -22 -23 23 24 27 -27 -28 -29 -30 -31
leaf_value=-0.023767554347130713 0.00065880387512136439 -0.0075543568634926731 -0.019576866002544473 0.054609538459372206 -0.01468556964809537 -0.0072949323312715125 -0.0062211442801479453 0.061693980953411096 -0.031571299268325283 -0.024767212543916464 0.0267175438810082 0.010233924018721863 0.0077729885593005744 0.00077237216113188183 0.019457516332108071 -0.02684553550658236 -0.042681392965924971 -0.041644008302648854 0.01032084279594294 0.0049380291420088969 0.0015331111643985163 -0.036660150829933028 -0.049355343128552685 0.0051020435188886722 -0.019425983189896707 0.047578421087853214 -0.012255958916164817 0.010685442225267792 -0.083369203646206036 0.043855593878660823
leaf_weight=149.12546759843826 117.66568863391876 445.71455270051956 141.28369987010956 971.34622466564178 142.91755211353302 210.89829385280609 257.46385413408279 300.90885424613953 218.48449647426605 128.49810785055161 465.98483353853226 1115.3827193379402 7360.5349713563919 741.40343302488327 1618.9007883071899 131.22534728050232 119.74817991256714 152.22137516736984 396.13944226503372 114.17061281204224 476.77701008319855 221.61162155866623 180.639533162117 2619.4513846635818 98.067390859127045 379.56663310527802 429.45395749807358 162.32003229856491 78.762238919734955 4083.1212437748909
leaf_count=97 109 551 143 1116 181 260 229 428 174 138 642 1461 6803 611 1773 110 136 140 208 136 616 253 152 2160 104 519 548 130 83 4399
internal_value=0.000267356 0.000475611 8.58235e-05 0.000331991 -0.000819557 0.000562427 0.000579624 0 0.000182182 0.000195928 0.000209009 -4.85835e-06 0.000245542 3.88197e-05 -1.36767e-05 -0.000348123 0.00019472 0.000321804 -0.000162199 -0.000137624 -0.000544063 -0.00137051 0.000324538 7.82015e-05 0.000236593 0.000146246 0 -0.000342846 -0.00107222 0.000662378
internal_weight=24029.8 6671.32 1584.11 1323.53 260.583 1182.24 5087.21 746.623 17358.5 17209.3 17080.8 2142.89 14938 4438.18 3972.2 1685.19 2287.01 2167.26 548.361 1553.96 812.559 335.782 10499.8 3139.24 2958.6 1924.4 1544.84 339.15 176.83 4340.59
internal_count=24410 7416 1809 1519 290 1376 5607 979 16994 16897 16759 2702 14057 4625 3983 1726 2257 2121 348 1616 1005 389 9432 2629 2477 2528 2009 317 187 4628
is_linear=0
shrinkage=0.0202208


Tree=155
num_leaves=31
num_cat=0
split_feature=27 10 62 21 10 30 64 11 1 62 2 44 21 32 10 30 10 10 64 44 1 21 21 57 36 57 10 59 17 59
split_gain=0.927944 0.4577 1.16647 1.40345 0.511865 0.497618 0.852726 0.819003 1.25527 0.797866 0.408215 0.670966 0.812706 0.864678 0.716944 0.428941 0.284587 0.342159 0.514058 1.39457 0.341932 0.371457 0.354745 0.422055 0.297825 0.272095 0.480222 0.82658 0.634654 0.57729
threshold=81.950000000000017 0.92591620288614507 1.5550000000000004 33.030849647764661 -0.93535928755917819 81.050000000000011 -0.63796260963757223 0.10738134666416309 7.5450000000000008 17.435000000000006 37.95000000000001 28.397916666666671 30.190729935708383 -0.98396275648595644 -0.22611359161738934 66.350000000000009 -0.20931270765420754 -0.63209755774300591 0.5241395096267657 28.425625000000004 5.7950000000000008 35.340173771594685 33.37384766429377 1006.7500000000001 27.46403075342786 1004.35 0.42888796625999276 4.4050000000000011 24.230157242475894 5.1050000000000013
decision_type=2 2 2 2 2 2 2 2 2 2 2 2 2 2 2 2 2 2 2 2 2 2 2 2 2 2 2 2 2 2
left_child=10 4 -3 -4 5 -2 9 -8 -9 -7 11 12 15 14 -14 -1 17 18 19 24 25 22 -22 -24 -12 -18 27 -27 -29 -28
right_child=1 2 3 -5 -6 6 7 8 -10 -11 16 -13 13 -15 -16 -17 20 -19 -20 -21 21 -23 23 -25 -26 26 29 28 -30 -31
leaf_value=-0.00012611565688487418 0.049810203640544073 0.04973718981200323 -0.038529907548506069 -0.12467436450984766 0.029509454882998856 0.0031947225435261691 0.043657559367953853 0.053236459592409177 -0.042388132146708571 -0.020376937617393308 -0.033815976136776005 0.025486186163869027 -0.012008133109431017 0.00010525735064118587 -0.0063005450279085854 0.0038989699800603826 -0.020021989697603701 0.014982598473966054 0.019053905288463124 -0.028225273562734653 -0.00043144418410107294 0.00092399389661882141 -0.0028331737344205743 -0.020490125201619327 0.01133882506824783 -0.014533555340464318 0.008579719809989202 -0.0093538739368564799 0.0044707465789576295 -0.0018084001580230761
leaf_weight=1096.8495458364487 443.58468288183212 337.61884009838104 94.709029018878937 74.188982605934143 6338.8950013518333 112.98625427484512 499.6739119887352 111.77814817428589 90.563988268375397 124.9442754983902 94.790589213371277 3054.1799974441528 142.98215872049332 1139.9709574580193 171.17461258172989 1909.7899915575981 224.23737895488739 1175.6671501398087 666.74936860799789 171.13539826869965 149.69359862804413 402.90663367509842 99.874825477600098 120.07181423902512 577.70497828722 786.48402583599091 2119.0151823163033 173.72836315631866 866.23733425140381 657.60252225399017
leaf_count=664 534 377 106 99 6744 136 689 141 131 148 77 3351 135 1363 157 1280 162 1236 912 242 152 416 132 144 731 831 1980 63 763 514
internal_value=0.000273627 0.000454671 0 -0.00148664 0.000494468 6.46279e-05 -0.000124854 0.000122828 -0.000774641 -0.00120736 0.000173708 0.000285327 0.000101886 -0.000258769 -0.00119078 0.000305511 6.18224e-05 0.000234461 0 -0.000298119 -5.46976e-06 -0.00041162 -0.000870951 -0.00138314 0 4.16951e-05 9.21595e-05 -0.000131495 0.000179278 0.000270747
internal_weight=24029.8 8228.94 506.517 168.898 7722.43 1383.53 939.947 702.016 202.342 237.931 15800.8 7514.95 4460.77 1454.13 314.157 3006.64 8285.9 2686.05 1510.38 843.631 5599.85 772.547 369.64 219.947 672.496 4827.3 4603.07 1826.45 1039.97 2776.62
internal_count=24410 9105 582 205 8523 1779 1245 961 272 284 15305 6950 3599 1655 292 1944 8355 3198 1962 1050 5157 844 428 276 808 4313 4151 1657 826 2494
is_linear=0
shrinkage=0.0202208


Tree=156
num_leaves=31
num_cat=0
split_feature=51 57 61 28 59 27 1 37 1 32 36 56 60 31 56 59 60 0 21 50 35 38 32 57 27 62 22 36 51 35
split_gain=0.808071 0.764236 0.599731 0.536055 0.587149 0.706383 0.724937 1.11359 0.512371 0.636278 0.601474 0.4554 0.424588 0.372479 0.346702 0.311852 0.285712 0.261091 0.37031 0.373086 0.281754 0.240127 0.231974 0.212913 0.187716 0.177165 0.170403 0.166196 0.164567 0.248431
threshold=3.925000000000114 1006.35 0.24500000000000002 83.450000000000017 7.7750000000000012 75.450000000000017 0.025000000000000005 0.28988744990970589 8.4950000000000028 -0.40272699874081747 32.499679110829206 1009.7500000000001 6.8350000000000009 79.050000000000011 1010.7500000000001 4.0250000000000012 7.1050000000000013 1.8150000000000002 35.177087485562929 405.2000000000001 0.1440920949026617 34.252117543445692 -0.20929913603374392 1013.1500000000002 58.650000000000013 1.0000000180025095e-35 27.335000000000004 30.016656959617784 7.0833333333333917 0.23792273919666615
decision_type=2 2 2 2 2 2 2 2 2 2 2 2 2 2 2 2 2 2 2 2 2 2 2 2 2 2 2 2 2 2
left_child=2 12 3 4 5 23 25 -8 17 10 -10 -9 22 21 -4 -16 -15 18 19 -3 -21 -14 -2 27 -19 -7 -24 -1 29 -26
right_child=1 8 14 -5 -6 6 7 11 9 -11 -12 -13 13 16 15 -17 -18 24 -20 20 -22 -23 26 -25 28 -27 -28 -29 -30 -31
leaf_value=0.020237700128782402 0.0060692072685855194 0.018534933089522154 0.029442101325831697 0.076781673437577969 0.019750095429280447 -0.0040679697028542551 -0.00059575430961290518 -0.026737188006073918 -0.059413741082369312 -0.0010347905118474922 -0.00074540166789301696 -0.0026565952950609855 -0.030275843650834008 -0.017470324464804139 -0.017791329707983802 0.013223005202414019 0.029236132827593575 -0.035140397492349894 -0.04053275454062482 0.0037695911292096999 -0.026008815455444676 0.0021759374532713451 -0.0049478999610564241 -0.0055434503654927716 0.024142610891857232 0.0312548303803925 0.028646642184491592 -0.0055159367380291507 0.0017575401835165194 -0.026199645531521338
leaf_weight=411.06909877061844 1326.9024891853333 429.99200689792633 5164.3294069170952 439.69630312919617 555.87944352626801 316.97179424762726 187.86598241329193 183.22443252801895 112.31146496534348 1105.4900554418564 168.5081884264946 164.29759049415588 128.92604714632034 80.303065121173859 159.7335147857666 308.44282251596451 351.77016973495483 162.17559456825256 126.29498028755188 125.51097005605698 167.06842339038849 106.16883045434952 85.263877153396606 126.26936292648315 97.500383496284485 271.8628802895546 2605.1936542987823 143.10153317451477 8281.4437506198883 136.2214241027832
leaf_count=273 1515 520 5699 305 182 197 194 156 111 1404 214 97 179 107 147 128 473 170 137 151 192 126 101 80 110 164 2791 150 8227 110
internal_value=0.000276526 0.00018052 0.000443545 0.000155732 0 -0.000142481 -0.000485326 -0.00102086 7.75984e-05 -0.000264476 -0.00112013 -0.00170123 0.000401325 0 0.000570883 0 0.000271756 0.000136658 -0.000150276 0 -0.00052292 -0.000708651 0.000480576 0.000295559 0.000174871 0 0.000606112 0.000512903 0.000194969 -0.000158891
internal_weight=24029.8 15597 8432.74 2800.24 2360.54 1804.66 1124.22 535.388 10912.5 1386.31 280.82 347.522 4684.53 667.168 5632.51 468.176 432.073 9526.21 848.866 722.571 292.579 235.095 4017.36 680.44 8677.34 588.835 2690.46 554.171 8515.17 233.722
internal_count=24410 16638 7772 1798 1493 1311 808 447 11346 1729 325 253 5292 885 5974 275 580 9617 1000 863 343 305 4407 503 8617 361 2892 423 8447 220
is_linear=0
shrinkage=0.0202208


Tree=157
num_leaves=31
num_cat=0
split_feature=51 58 45 58 10 61 58 0 61 23 29 0 31 23 37 62 61 21 38 31 40 63 2 63 29 31 10 21 45 0
split_gain=0.779174 0.862616 0.590399 0.910209 0.514958 0.741485 0.577138 0.502879 0.468731 0.437521 0.491781 0.42685 0.493661 0.61613 0.387369 0.314981 0.668258 0.683001 0.385603 0.301708 0.359969 0.483231 0.289803 0.329969 0.272207 0.371817 0.265953 0.343271 0.465734 0.327649
threshold=3.925000000000114 1006.4500000000002 0.31794958340333096 1008.85 0.25118773779856129 15.695000000000002 1013.4500000000002 9.0750000000000011 0.24500000000000002 27.975000000000005 78.350000000000009 7.1950000000000012 80.750000000000014 26.395000000000003 0.37404564199481677 0.015000000000000001 0.30500000000000005 34.038063975102339 26.242953866771071 79.350000000000009 29.738333333333337 34.707240606521474 475.15000000000003 30.245471744380072 81.15000000000002 81.350000000000009 0.39753913293121995 37.234011690746591 0.48189606987586214 3.4850000000000008
decision_type=2 2 2 2 2 2 2 2 2 2 2 2 2 2 2 2 2 2 2 2 2 2 2 2 2 2 2 2 2 2
left_child=8 7 3 24 15 6 26 19 9 10 11 12 -1 -14 -11 -4 17 22 -18 20 21 -2 -17 -24 25 -3 29 -28 -29 -6
right_child=1 2 4 -5 5 -7 -8 -9 -10 14 -12 -13 13 -15 -16 16 18 -19 -20 -21 -22 -23 23 -25 -26 -27 27 28 -30 -31
leaf_value=6.7135224021070032e-05 0.0099674152254764763 -0.048674282287561356 0.0063070965250042934 -0.032478261145769641 -0.02807330839579545 -0.041458182134351422 -0.031358429664070278 -0.027755671933026808 0.024248607724766495 0.010224083099380563 0.045980067512839659 0.014675183024605786 -0.0073871645058533669 -0.02723044316529236 -0.017773932804738112 0.006126984633088195 -0.029743053437167197 -0.030523490365848758 0.0086227465352439209 0.029892255770581865 0.017988997111635069 -0.013495234410686856 -0.022278329834337817 -0.00020854856266510312 0.013397126584047873 0.029711240917555618 0.0029147007333850845 0.00071668271157634695 -0.010880750444513433 0.0020029792468222014
leaf_weight=821.47505933046341 776.13152039051056 213.37134498357773 1662.3935347795486 147.05849999189377 304.48898196220398 96.704153954982758 220.15536057949066 92.362678110599518 5632.5057442188263 150.82075464725494 750.90582805871964 600.25571286678314 180.77266001701355 150.6532638669014 145.35514271259308 450.35860228538513 88.996766805648804 111.28554266691208 3094.1765915751457 3044.6517097353935 735.85259932279587 517.00094997882843 157.34685730934143 109.16295969486237 429.54186087846756 87.38971883058548 2642.5534212589264 179.33925974369049 207.22503799200058 229.49742251634598
leaf_count=530 977 222 1326 185 302 109 238 133 5974 182 516 201 95 121 153 357 57 140 3850 3654 436 597 116 107 554 115 2714 105 117 227
internal_value=0.000274741 0.000180226 6.41662e-05 -0.000415678 0.000117551 -4.34303e-05 0 0.0003974 0.000439004 0.000175623 0.000285322 4.39596e-05 -0.000125954 -0.000807054 -0.000451524 0.000243013 0.000115928 -0.000351548 0.000265315 0.00043629 0.0001764 0 0 -0.000616675 0 -0.000557237 6.47028e-05 0.000157949 -0.0003095 -0.000298709
internal_weight=24029.8 15597 10431 877.361 9553.68 3879.96 3783.26 5166 8432.74 2800.24 2504.06 1753.16 1152.9 331.426 296.176 5673.72 4011.33 828.154 3183.17 5073.64 2028.99 1293.13 716.868 266.51 730.303 300.761 3563.1 3029.12 386.564 533.986
internal_count=24410 16638 10841 1076 9765 3812 3703 5797 7772 1798 1463 947 746 216 335 5953 4627 720 3907 5664 2010 1574 580 223 891 337 3465 2936 222 529
is_linear=0
shrinkage=0.0202208


Tree=158
num_leaves=31
num_cat=0
split_feature=27 0 64 4 46 30 29 58 38 46 11 11 58 4 21 11 38 11 39 38 38 45 45 45 29 0 22 45 64 42
split_gain=0.840391 0.445509 0.726697 0.718013 0.55015 0.808418 0.394259 0.394081 0.301904 0.371558 0.94499 0.385615 0.297269 0.650729 0.345369 0.802684 0.522969 0.656326 2.24769 0.466896 1.06959 1.56536 0.699305 1.64351 1.50974 0.599152 0.870709 0.50275 0.462455 0.412911
threshold=82.550000000000011 3.7350000000000008 -1.3127397497138522 1009.4500000000002 2320.6700000000005 82.15000000000002 88.250000000000014 1010.4500000000002 36.630327848104052 2410.7625000000003 0.2843486543654084 0.21771516573566849 1004.5500000000001 1003.0500000000001 37.798646939312505 -0.69014782361074123 34.705141692348455 -0.99271195016773384 0.82572674391107104 28.94140621740252 29.194377227761937 1.1266277662577735 1.3935876373017682 1.6150328383160755 73.850000000000009 7.1950000000000012 24.130000000000006 1.9312383810125293 2.8941561397931452 28.574166666666674
decision_type=2 2 2 2 2 2 2 2 2 2 2 2 2 2 2 2 2 2 2 2 2 2 2 2 2 2 2 2 2 2
left_child=6 2 4 -4 5 -2 12 -5 9 10 11 -3 -1 -14 16 -16 17 18 -15 25 21 -21 28 24 -24 26 -19 -28 29 -22
right_child=1 8 3 7 -6 -7 -8 -9 -10 -11 -12 -13 13 14 15 -17 -18 19 -20 20 22 -23 23 -25 -26 -27 27 -29 -30 -31
leaf_value=0.023973683597038806 -0.040041721446034746 0.013856061859078037 0.043659028154979913 0.0064109872358135049 0.015414329079338695 -0.030046415269536417 -0.036840426769561625 -0.051269279886732889 -0.009019689084814193 0.0545239240460791 0.053366568280998415 -0.030431610361594186 -0.020103605356297821 -0.078327327961260268 0.0024649010036196899 -0.013222349410193216 0.01287760983466911 -0.004976837957262812 0.033716862726809863 -0.031749591028091287 0.0016479728757454017 -0.0016548191845479087 -0.033911701403302463 0.0044290831886226543 -0.0013059236710421375 0.011159441782593435 0.0025884261610577127 -0.046383637902975679 -0.0023728158878024322 0.01858421272169267
leaf_weight=1177.4646244645119 95.240994989871979 1797.6537037491798 1014.1496060490608 285.13107973337173 89.68418550491333 102.3003643155098 115.64439529180527 115.45011603832245 253.30768698453903 1641.1586003303528 1712.4909934401512 107.57491427659988 117.82405042648315 68.02674275636673 422.63758844137192 203.92070966959 2922.6745299696922 238.59098047018051 100.72304552793503 146.67364370822906 3741.6848939657211 221.74873679876328 177.0113120675087 375.59602457284927 150.54960232973099 1237.3393157124519 2079.2261736392975 205.35719400644302 630.15362542867661 2482.8001064062119
leaf_count=1112 85 2392 1160 341 104 131 127 125 180 2123 1271 103 118 94 241 123 2861 115 140 127 4348 180 169 281 121 439 1539 173 800 3287
internal_value=0.000267588 0.000458449 0.000103454 0.000335988 -0.000730028 -0.00137329 0.00018041 -0.000241179 0.000552028 0.00058554 0.000420364 5.8557e-05 0.000192992 0.000161132 0.000177725 -0.000225158 0.000200787 0.000130393 -0.0010442 0.000155198 5.36929e-05 -0.000980553 0.000116187 -0.000454733 -0.00154388 0.000345599 0.000122971 0.000275209 0.000187753 0.000248396
internal_weight=24029.8 7214.14 1701.96 1414.73 287.226 197.541 16815.6 400.581 5512.19 5258.88 3617.72 1905.23 16700 15522.5 15404.7 626.558 14778.2 11855.5 168.75 11686.7 7926.22 368.422 7557.8 703.157 327.561 3760.51 2523.17 2284.58 6854.64 6224.49
internal_count=24410 8015 1946 1626 320 216 16395 466 6069 5889 3766 2495 16268 15156 15038 364 14674 11813 234 11579 9313 307 9006 571 290 2266 1827 1712 8435 7635
is_linear=0
shrinkage=0.0202208


Tree=159
num_leaves=31
num_cat=0
split_feature=27 10 46 31 46 19 10 25 20 60 37 46 37 0 20 57 54 0 17 39 60 10 42 20 10 39 0 33 10 10
split_gain=0.874575 0.541458 0.67529 0.627773 0.440656 0.350115 0.693198 0.604 0.804154 0.488279 0.663725 0.453241 0.41889 0.540946 0.276374 0.262181 0.564589 0.711599 1.48106 0.523075 0.735779 0.680843 0.884609 0.597679 0.516325 0.571027 1.12343 0.510109 0.425741 2.04073
threshold=82.550000000000011 -0.92913280730858783 2398.4325000000003 79.450000000000017 1585.3790000000001 34.903373030618383 0.60505046667002438 30.185000000000006 37.472986655778918 7.8250000000000011 0.66036619865851032 2391.7810000000004 0.28988744990970589 3.2950000000000004 34.091095178194628 1010.35 0.15750000000000003 7.1950000000000012 25.224658520898856 0.8343436840505537 4.1050000000000013 -0.90149333598846371 28.250833333333336 32.344056473705116 0.18399664778440331 1.0773823844491213 4.995000000000001 -0.22999999999999862 -0.82391537601316178 -0.86095304316285715
decision_type=2 2 2 2 2 2 2 2 2 2 2 2 2 2 2 2 2 2 2 2 2 2 2 2 2 2 2 2 2 2
left_child=4 2 14 -3 -1 9 -7 8 12 15 -11 -9 13 -8 -2 19 -17 18 -18 20 -6 -22 23 -23 -20 -26 27 -27 29 -21
right_child=1 3 -4 -5 5 6 7 11 -10 10 -12 -13 -14 -15 -16 16 17 -19 24 28 21 22 -24 -25 25 26 -28 -29 -30 -31
leaf_value=-0.020621464477141003 -0.00026964103507335404 0.0018106880753430978 0.051158973594617914 0.033412785187034132 0.010017950648465406 0.02885145926809846 -0.035269032666493449 0.026516612097543135 -0.02101013866316543 -0.00086369470436740297 0.023460763247180605 -0.010175650696777826 0.0077782639441005795 0.00026989307748813651 -0.036702997671848356 0.0042746329724462394 -0.01081947504039131 0.012756688048441423 0.00048524012079023595 0.01035287478163833 0.024834422664347326 -0.044962359118747776 -0.005988543574861868 -0.0098493326135187034 -9.2981103610227788e-05 -0.028495404843348837 0.0027972913008762891 -0.05351260481000495 0.0051675153493844434 -0.046197574504219331
leaf_weight=149.12546759843826 715.103988468647 928.09124439954758 482.2899888753891 4956.2631779909134 1316.8231527209282 1725.9452707767487 183.66489535570145 603.01605427265167 185.57814359664917 451.68726205825806 968.1496616601944 334.2076467871666 740.56418043375015 476.05781024694443 132.39384567737579 1175.6771801710129 159.06373226642609 405.06094533205032 1044.0813983678818 858.79346358776093 174.1693742275238 91.697189569473267 533.10379832983017 74.018006384372711 389.25613689422607 198.81044769287109 145.18954819440842 204.8021856546402 4048.2176487445831 178.88669472932816
leaf_count=97 864 946 668 5354 1673 1951 162 394 121 418 462 167 557 393 183 1045 75 173 942 1049 244 104 734 103 388 169 122 233 4437 182
internal_value=0.000267819 0.000462141 2.00476e-05 0.000547095 0.000179155 0.000193321 0.000363945 0.000107205 -8.78972e-05 0.000127788 0.000491801 0.000529321 1.90941e-05 -0.000278555 -0.000252097 7.26703e-05 -4.84443e-05 -0.000237168 -0.000406791 0.000146648 -8.56281e-05 -0.000565222 -0.000884774 -0.00226387 -0.000204834 -0.000558162 -0.000976335 -0.00155525 0.000263851 -3.01994e-05
internal_weight=24029.8 7214.14 1329.79 5884.35 16815.6 16666.5 4249.03 2523.09 1585.87 12417.5 1419.84 937.224 1400.29 659.723 847.498 10997.7 3721.94 2546.26 2141.2 7275.71 2189.81 872.988 698.819 165.715 1982.14 938.058 548.802 403.613 5085.9 1037.68
internal_count=24410 8015 1715 6300 16395 16298 3745 1794 1233 12553 880 561 1112 555 1047 11673 3147 2102 1929 8526 2858 1185 941 207 1854 912 524 402 5668 1231
is_linear=0
shrinkage=0.0202208


Tree=160
num_leaves=31
num_cat=0
split_feature=51 57 60 30 39 11 31 50 60 11 57 31 39 21 0 11 55 31 37 45 11 64 64 45 11 11 55 60 0 10
split_gain=0.743705 0.624782 0.423918 0.408328 0.806413 1.46742 0.890103 1.29383 0.375702 0.43618 0.397855 0.356198 0.331828 1.10794 0.609431 0.588896 1.71226 0.666502 0.586046 0.356763 0.520694 0.572827 0.508635 0.404417 0.351721 0.891494 0.330961 0.344539 0.401194 0.327003
threshold=3.925000000000114 1006.35 6.8350000000000009 84.250000000000014 0.92836189544953462 0.10738134666416309 80.15000000000002 151.25000000000003 3.3750000000000004 0.34157076916785584 1011.9500000000002 79.050000000000011 1.5793795014106793 34.424529092004569 6.7350000000000012 0.59123954401714218 0.58250000000000013 78.750000000000014 0.72861777172259989 0.31794958340333096 -0.79354221435844496 0.078907638231402913 -0.031996579417477015 0.26966800560145393 0.94415253529446119 0.95989713290459411 0.41050000000000003 2.8450000000000002 3.0550000000000002 0.99699193743116299
decision_type=2 2 2 2 2 2 2 2 2 2 2 2 2 2 2 2 2 2 2 2 2 2 2 2 2 2 2 2 2 2
left_child=-1 2 -2 12 5 -5 -7 -8 9 -6 -10 -4 19 14 15 16 -14 -17 -19 20 -3 -22 26 -23 29 -26 -21 -28 -29 -24
right_child=1 3 11 4 8 6 7 -9 10 -11 -12 -13 13 -15 -16 17 -18 18 -20 22 21 23 24 -25 25 -27 27 28 -30 -31
leaf_value=0.014980360083363229 0.020591269334083742 0.034132853009201755 -0.018787206197479419 -0.00027586819276467474 -0.055020103970057042 -0.0094256884797511726 -0.024173416024690926 -0.033127354234749093 0.014993271818358911 0.0036122931121348248 -0.0017066566992819407 0.013955826782167634 -0.048947642123898912 -0.034866352541159169 0.0057908807969077585 0.0015863187221324096 0.0036357346668366504 -0.0069163451487987615 0.00084986357958444702 0.016701154509490657 0.025032399780391526 -0.039716360144454912 0.01288415793756899 -0.034867761728847736 -0.033671402893641754 0.0079381317059527504 0.0043004014223549407 -0.057252621277917325 -0.0016670328653693731 -0.01632449122978084
leaf_weight=8432.7441657185555 4017.3600206375122 253.3207094669342 235.09487760066986 571.81673961877823 91.618996441364288 132.15701472759247 86.681317329406738 83.050946295261383 898.82444089651108 287.27263414859772 164.70180296897888 432.07323485612869 146.77661228179932 159.30830109119415 826.47154349088669 1239.6895083189011 213.4266859292984 182.63957452774048 151.19379639625549 506.38792043924332 148.23100751638412 112.46430653333664 2809.1286749839783 156.08065843582153 163.49078911542892 321.3588142991066 250.48155784606934 84.673550963401794 781.68420207500458 89.585136115550995
leaf_count=7772 4407 289 305 750 123 166 113 104 1068 365 143 580 154 172 428 1062 222 168 129 487 189 126 3062 172 162 326 273 94 884 115
internal_value=0.000275919 0.000183192 0.000384531 8.86289e-05 -0.000129609 -0.000631201 -0.0017619 -0.00274945 0.000114595 -0.000322075 0.000352816 0 0.000157643 0 7.73891e-05 -8.09854e-05 -0.00083071 3.68215e-05 -0.000687666 0.000248004 -0.000100831 -0.000636783 0.00031221 -0.0012187 0.000453403 0 0 -0.000176543 -0.000417678 0.00053801
internal_weight=24029.8 15597 4684.53 10912.5 2316.12 873.706 301.889 169.732 1442.42 378.892 1063.53 667.168 8596.39 2919.51 2760.2 1933.73 360.203 1573.52 333.833 5676.89 670.097 416.776 5006.79 268.545 3383.56 484.85 1623.23 1116.84 866.358 2898.71
internal_count=24410 16638 5292 11346 2832 1133 383 217 1699 488 1211 885 8514 2335 2163 1735 376 1359 297 6179 776 487 5403 298 3665 488 1738 1251 978 3177
is_linear=0
shrinkage=0.0202208


Tree=161
num_leaves=31
num_cat=0
split_feature=51 0 0 57 3 10 38 62 28 28 30 39 37 10 21 48 21 39 38 38 10 10 38 58 49 62 62 54 7 28
split_gain=0.736541 0.428624 0.367522 0.871809 0.493003 0.499017 0.63289 0.38094 0.440351 0.86206 0.346049 0.550057 0.338967 0.333416 0.482969 0.343281 0.326496 0.287438 0.518581 0.267991 0.794374 2.25472 0.748639 0.296867 0.25078 0.249408 0.242892 0.942514 1.40325 0.284515
threshold=275.70833333333354 3.0850000000000004 7.5550000000000006 1009.4500000000002 0.99950000000000017 -0.86095304316285715 31.483245937135965 0.22500000000000003 82.450000000000017 81.15000000000002 84.350000000000009 0.89786838836188354 0.22701396488690886 0.63874350706337069 35.508968320356516 365.95000000000005 37.97606583937079 1.5793795014106793 30.176748530901062 26.949033352034665 -0.073094453017891914 -0.20931270765420754 28.847453104074059 1012.6500000000002 214.75000000000003 29.320000000000004 0.87500000000000011 0.68350000000000011 -0.37940952255126015 62.550000000000004
decision_type=2 2 2 2 2 2 2 2 2 2 2 2 2 2 2 2 2 2 2 2 2 2 2 2 2 2 2 2 2 2
left_child=2 10 3 4 7 6 -6 8 9 -1 17 -12 -4 14 15 24 25 -2 -19 20 21 -5 -21 -24 -3 -9 29 28 -28 -15
right_child=1 13 12 19 5 -7 -8 16 -10 -11 11 -13 -14 26 -16 -17 -18 18 -20 22 -22 -23 23 -25 -26 -27 27 -29 -30 -31
leaf_value=0.0017911167517551218 0.0043869622899428227 -0.011036156514911936 -0.0065867235038791043 0.009427648790328572 -0.01541439745877286 0.017136886548774516 -0.0015422267778776298 0.027726908483632622 0.03755688501856691 -0.023347808955527172 -0.028221526985239439 -0.0011901842043346407 0.01674288015092305 -0.051671338699448378 0.027314240540742777 -5.9944026839046557e-05 -0.002046888638642302 0.0019735525591632152 -0.027268966502578207 0.021128076056310278 0.002243120096966254 -0.020266244364743849 0.0001480026771509355 -0.011664730791819476 0.017575217924433114 0.0017373813355643876 -0.060029769992240488 0.012008776767806251 -0.0005309501102107641 0.0078233469035406105
leaf_weight=993.14552235603333 1243.0346556305885 113.91894644498825 183.32313519716263 275.36364096403122 95.13353967666626 542.71862334012985 290.96601760387421 6733.3351843357086 330.05609118938446 118.81873679161072 175.88942873477936 336.38972425460815 2307.2904352545738 112.29045885801315 846.65881782770157 2014.9383379220963 353.20770078897476 92.446450769901276 102.08118230104446 916.55554831027985 239.54137688875198 200.95446026325226 2318.634647667408 186.65396547317505 1072.8194462656975 445.44050186872482 176.20882248878479 422.61434227228165 227.14473909139633 562.21506023406982
leaf_count=889 1402 128 232 140 96 697 354 7749 317 104 218 437 1454 100 898 2271 198 100 127 602 143 115 2368 148 1286 572 171 359 156 579
internal_value=0.000264902 8.27178e-05 0.000342206 0.000289315 0.000393041 0 -0.000601779 0.000439221 6.19356e-05 -6.18354e-05 -0.000151614 -0.000600856 0.000604317 0.000180881 0.000279634 0.000131213 0.000499762 0 -0.000704446 1.97841e-05 -0.000305069 -0.000852267 0.000113584 -3.53271e-05 0.000405244 0.000529745 -2.73928e-05 -0.000305534 -0.00104619 0.000183951
internal_weight=24029.8 7498.65 16531.1 14040.5 9902.82 928.818 386.1 8974 1442.02 1111.96 1949.84 512.279 2490.61 5548.81 4048.34 3201.68 7531.98 1437.56 194.528 4137.7 715.859 476.318 3421.84 2505.29 1186.74 7178.78 1500.47 825.968 403.354 674.506
internal_count=24410 8232 16178 14492 10976 1147 450 9829 1310 993 2284 655 1686 5948 4583 3685 8519 1629 227 3516 398 255 3118 2516 1414 8321 1365 686 327 679
is_linear=0
shrinkage=0.0202208


Tree=162
num_leaves=31
num_cat=0
split_feature=33 64 30 39 32 44 63 10 28 26 10 60 64 25 44 44 44 30 64 64 64 11 28 10 45 45 33 10 60 59
split_gain=0.676322 0.546383 0.454503 0.494088 0.44552 0.456149 0.588913 0.423611 0.39075 0.597728 0.49837 0.549276 0.372054 0.390638 0.366864 0.353326 0.589554 0.352064 0.531964 0.337617 0.875284 1.25938 0.396398 0.789772 0.38429 0.458145 0.416594 0.379433 0.550618 0.375825
threshold=0.13999999999999882 0.9246698181180798 84.850000000000009 1.7309519037503531 0.64206365987431557 29.052708333333335 35.608762723977037 0.25118773779856129 82.550000000000011 29.405000000000005 -0.95747632178960107 2.6050000000000004 3.0221385334821567 29.385000000000002 27.903541666666673 27.914583333333336 28.689791666666672 82.050000000000011 -0.59362242087480677 -0.70494499684678213 -1.3454310601218002 0.97690230611205509 81.550000000000011 0.75548631800528565 0.2875266171258461 1.3363384810383501 -0.27000000000000129 0.064507852084056461 2.9950000000000006 1.8150000000000002
decision_type=2 2 2 2 2 2 2 2 2 2 2 2 2 2 2 2 2 2 2 2 2 2 2 2 2 2 2 2 2 2
left_child=8 4 3 -3 5 -2 -7 -4 12 10 17 -12 19 15 -5 -14 -17 -10 -19 20 -1 -22 24 -24 26 29 -21 -27 -29 -26
right_child=1 2 7 14 -6 6 -8 -9 9 -11 11 -13 13 -15 -16 16 -18 18 -20 22 21 -23 23 -25 25 27 -28 28 -30 -31
leaf_value=0.0038887606135278329 -0.0022731139754465324 0.013771242772188708 0.00088196045627819371 0.013912920672257622 0.00060851158899657065 -0.018735252890020974 -0.0024130632997744405 -0.042609724068292033 0.032567445777240925 -0.023190748316401819 -0.0053963975110613112 0.041623313454462123 0.017173241100922772 0.002871044340861364 -0.033609924082643579 -0.026069578724514427 0.00042275523181378635 -0.01698455095588829 0.0090653867896381794 -0.076287583866644845 -0.00089370682820129311 -0.06373427708464359 0.014592694162564675 -0.034592211290939277 0.00011509402773715886 0.012472761407681434 0.014770645039757635 0.0026627823367344483 -0.04777242511973738 0.020128096588395112
leaf_weight=2499.1281576156616 1133.6194917559624 2282.5160958170891 450.21599173545837 121.87659704685211 3135.9248529672623 143.23955696821213 193.58888882398605 112.03764724731445 320.59095627069473 272.84457302093506 333.11068630218506 3864.1106392145157 95.35783463716507 472.39084374904633 145.65671509504318 156.76697021722794 130.75099891424179 128.7744557261467 295.25610029697418 90.636964738368988 830.98698747158051 137.01449865102768 663.40478330850601 135.08664053678513 580.62535238265991 461.7474170923233 269.63248431682587 286.20223301649094 123.04906952381134 4163.6450566053391
leaf_count=1784 1371 2242 582 110 3299 174 159 124 399 247 356 4125 91 383 150 188 168 150 401 93 904 79 750 156 601 300 304 210 111 4399
internal_value=0.000270603 9.81958e-05 0.000307724 0.000431476 -2.45251e-05 -0.000328648 -0.00100327 -9.79908e-05 0.000346778 0.000510856 0.000567934 0.000654385 0.000261624 -6.78004e-05 -0.000174677 -0.000614227 -0.00099808 0 -0.000295217 0.000297698 9.88927e-05 -0.000376799 0.000386413 0 0.000443125 0.000486736 0 0 -0.00038523 0.000565527
internal_weight=24029.8 7718.68 3112.3 2550.05 4606.37 1470.45 336.828 562.254 16311.1 5214.69 4941.84 4197.22 11096.4 855.267 267.533 382.876 287.518 744.622 424.031 10241.2 3467.13 968.001 6774.03 798.491 5975.54 5615.27 360.269 870.999 409.251 4744.27
internal_count=24410 8211 3208 2502 5003 1704 333 706 16199 5678 5431 4481 10521 830 260 447 356 950 551 9691 2767 983 6924 906 6018 5621 397 621 321 5000
is_linear=0
shrinkage=0.0202208


Tree=163
num_leaves=31
num_cat=0
split_feature=51 58 0 21 19 17 11 11 40 54 19 11 1 11 40 61 25 63 11 61 23 37 39 36 64 59 11 29 2 58
split_gain=0.820042 0.807659 0.443295 0.358772 0.483762 0.412537 0.59509 0.347266 0.684689 0.641917 0.662006 0.557789 1.01002 0.755598 1.10583 0.296145 0.293945 0.335738 0.377124 0.265947 0.753021 0.41119 0.444987 0.26551 0.338857 0.23298 0.218873 0.335815 0.384077 0.66097
threshold=3.925000000000114 1006.7500000000001 9.0750000000000011 37.099477473911506 36.887028147276474 34.281732429160172 0.98367285631203072 0.91925191855388755 25.735000000000003 0.077500000000000013 30.550587197882702 0.59818091440591625 11.965000000000002 0.51972456038539816 28.628333333333337 28.140000000000004 29.545000000000005 32.276051142929397 -0.86955717898714324 0.24500000000000002 25.725000000000005 0.37404564199481677 1.9542559001160227 33.356020113780708 -3.1784680044921276 0.89500000000000013 0.36570897681179731 75.250000000000014 185.90000000000003 1008.9500000000002
decision_type=2 2 2 2 2 2 2 2 2 2 2 2 2 2 2 2 2 2 2 2 2 2 2 2 2 2 2 2 2 2
left_child=19 2 15 5 -5 6 7 11 -9 -10 -11 13 23 26 -15 -2 17 -7 -19 20 -1 -22 -23 24 -13 -21 27 -3 29 -29
right_child=1 3 -4 4 -6 16 -8 8 9 10 -12 12 -14 14 -16 -17 -18 18 -20 25 21 22 -24 -25 -26 -27 -28 28 -30 -31
leaf_value=0.020872044262533297 0.018430958845625348 0.025507442846193541 -0.022405889106371341 -0.00972861909676981 -0.0016341864561949101 -0.0047555347179682175 0.0039118649661126891 0.0011726233873785347 -0.00048935969904073163 -0.013973731659627675 -0.0009901113684653805 -0.0019693438569149007 -0.042169072478157474 -0.0057544526194126065 -0.047320751797970129 -0.003185974014698775 -0.011760674435002564 -0.0022620332862215656 0.027120535345132351 -0.014221253113865004 0.0034666295785643216 -0.0094019958405084786 0.0013412347033509697 -0.025522529701792758 0.0086312576625844056 0.023557473189544324 0.0069866970538976364 -0.0070187870680372836 -0.00068080116686760088 -0.04075033365881349
leaf_weight=1174.9542558193207 5363.9424059391022 278.80860143899918 97.061013698577881 150.3950902223587 311.16252428293228 235.65375488996506 1253.4219335913658 330.51442384719849 299.20075243711472 355.69951647520065 290.79772412776947 256.12903720140457 94.103936553001404 239.89761435985565 98.1106818318367 379.61979299783707 151.22048473358154 464.59533655643463 1325.123365521431 102.019915163517 696.33460265398026 442.65858489274979 486.29097813367844 97.376560688018799 1674.0690224170685 5530.4858290553093 493.84320867061615 418.92386656999588 806.99181634187698 130.38290995359421
leaf_count=451 5954 349 140 127 166 320 955 178 269 333 299 162 101 225 116 493 133 570 1546 124 669 349 329 135 1712 5850 579 552 1055 169
internal_value=0.00027505 0.000178482 0.000369409 5.51074e-05 -0.000463898 9.0487e-05 3.27469e-06 -6.9681e-05 -0.00036492 -0.000672417 -0.00103129 0 0.000252437 -0.000193594 -0.00108324 0.000402792 0.000335013 0.000419763 0.000525227 0.00044311 0.000221961 -9.249e-06 -0.000335544 0.000384127 0.000457769 0.000537282 -9.50837e-06 -0.000159891 -0.000327951 -0.000740409
internal_weight=24029.8 15597 5840.62 9756.42 461.558 9294.86 7118.27 5864.85 1276.21 945.698 646.497 4588.64 2121.68 2466.96 338.008 5743.56 2176.59 2025.37 1789.72 8432.74 2800.24 1625.28 928.95 2027.57 1930.2 5632.51 2128.95 1635.11 1356.3 549.307
internal_count=24410 16638 6587 10051 293 9758 7189 6234 1079 901 632 5155 2110 3045 341 6447 2569 2436 2116 7772 1798 1347 678 2009 1874 5974 2704 2125 1776 721
is_linear=0
shrinkage=0.0202208


Tree=164
num_leaves=31
num_cat=0
split_feature=27 19 40 40 54 31 35 53 52 64 35 51 26 58 32 54 26 45 27 54 62 7 40 45 45 18 50 11 54 64
split_gain=0.764003 0.495883 0.575156 0.59534 0.504336 0.501328 0.497248 0.457535 0.427773 0.397711 0.956932 0.543543 0.324771 0.366746 0.28742 0.448694 0.334819 1.30257 0.549879 0.385699 0.51031 1.04831 0.651878 0.440477 0.600141 0.777886 0.33837 0.287418 0.432769 0.376299
threshold=82.850000000000009 34.903373030618383 25.633333333333336 26.111666666666672 0.62650000000000017 70.65000000000002 0.1942466082472272 0.56050000000000011 16919.346000000001 -1.3454310601218002 0.097603834090087618 7.9916666666667711 29.405000000000005 1011.0500000000001 1.294764348630004 0.060500000000000005 26.825000000000003 1.409390027916898 70.550000000000011 0.44350000000000006 0.84500000000000008 -0.78656609248549325 28.78166666666667 0.46105139363338382 0.33651399178072378 32.671615019030504 202.40000000000003 0.87377473702374975 0.72250000000000003 -1.6326817762308268
decision_type=2 2 2 2 2 2 2 2 2 2 2 2 2 2 2 2 2 2 2 2 2 2 2 2 2 2 2 2 2 2
left_child=1 2 27 4 -4 7 8 -3 -5 10 -2 -12 13 -11 15 -8 -17 19 -19 -18 21 -21 -23 24 26 -26 -22 -1 -29 -30
right_child=9 5 3 6 -6 -7 14 -9 -10 12 11 -13 -14 -15 -16 16 17 18 -20 20 23 22 -24 -25 25 -27 -28 28 29 -31
leaf_value=-0.001908274786614752 -0.010581024816646314 -0.0067574403508979851 -0.010810270909139079 0.0065046613914154497 -8.3490291642565284e-05 0.013319196081736139 0.013745595416340562 0.0014189939168975513 -0.0016210548449006319 0.033842656150809211 0.040515446194510557 -0.0049584974495657701 -0.0057452131115969338 0.00041043081799245143 0.0019588941029252652 0.0015279915478306359 0.011693128185088331 -0.032611365215884265 -0.048451312105752681 0.0016652728771814739 0.040806531382427319 -0.032975837932972873 0.0038083680347674124 0.0080519360788011453 -0.018475839304602348 -0.004162719779657798 -0.037554008706918482 0.01481933913650773 0.0098603258783780089 -0.0044649755853775714
leaf_weight=362.37750935554504 235.08526360988617 137.47686022520065 238.38239997625351 3483.1263748407364 243.72863376140594 4022.9569548368454 482.79953360557556 283.08305430412292 726.30337184667587 4531.6620248556137 691.21524345874786 471.19635140895844 310.07571619749069 432.08536446094513 1751.0747246742249 671.80213606357574 611.8831439614296 121.07540309429169 111.21291255950928 188.92508375644684 270.95246124267578 310.9291278719902 80.454751014709473 894.37483125925064 132.23721891641617 271.8929215669632 76.900410175323486 1003.6121543049812 564.11618709564209 316.79141676425934
leaf_count=223 286 114 152 4199 155 3602 429 216 953 5431 574 536 290 299 2033 520 696 107 104 192 357 329 105 1089 172 378 102 419 218 130
internal_value=0.000258734 0.000179415 0.000106243 3.51467e-05 -0.000638157 0.000372107 7.58486e-05 -0.000152187 0.000246762 0.000451766 6.9496e-05 0.000365055 0.000536341 0.000576496 -2.99748e-05 -0.000132316 -0.000222638 -0.000320791 -0.00180576 -0.00016607 -0.000307181 -0.000839906 -0.00145824 -6.47519e-05 -0.000460917 -0.000997334 0 0.000404233 0.000506937 6.21646e-05
internal_weight=24029.8 17358.5 12915 10668.1 482.111 4443.52 10185.9 420.56 4209.43 6671.32 1397.5 1162.41 5273.82 4963.75 5976.51 4225.44 3742.64 3070.84 232.288 2838.55 2226.67 580.309 391.384 1646.36 751.983 404.13 347.853 2246.9 1884.52 880.908
internal_count=24410 16994 13062 12072 307 3932 11765 330 5152 7416 1396 1110 6020 5730 6613 4580 4151 3631 211 3420 2724 626 434 2098 1009 550 459 990 767 348
is_linear=0
shrinkage=0.0202208


Tree=165
num_leaves=31
num_cat=0
split_feature=10 10 11 60 10 1 39 11 21 39 10 47 6 37 1 36 48 11 1 0 35 25 39 26 60 46 1 18 11 26
split_gain=0.707126 0.997804 1.86721 0.903627 0.632413 0.849694 1.39411 1.09493 1.53487 2.5492 2.71565 0.833844 0.556972 0.56264 0.486203 1.5024 0.431859 0.409926 3.61514 0.662602 0.801875 0.849571 0.415955 0.68201 0.409093 0.381623 0.48298 0.639818 0.715182 0.88196
threshold=0.064507852084056461 -0.81403855522663837 0.49751328890718055 3.2950000000000004 0.39753913293121995 1.7250000000000003 1.5641716802971695 -0.39754281428255622 33.808066497981891 0.64902740307393758 0.95992380042979863 29.885000000000002 -0.25881904510252113 1.2283981431347821 1.2250000000000003 31.413632641207339 673.70000000000016 0.93225468035816128 0.20500000000000004 4.0850000000000009 0.43592756159930396 27.455000000000002 0.79873277893650485 29.325000000000003 6.5150000000000006 2406.0955000000004 4.785000000000001 30.550496511712236 0.10738134666416309 27.855000000000004
decision_type=2 2 2 2 2 2 2 2 2 2 2 2 2 2 2 2 2 2 2 2 2 2 2 2 2 2 2 2 2 2
left_child=1 2 25 -4 17 6 16 11 -9 -10 -11 -7 -8 -14 15 -3 -6 18 -2 20 -19 -22 23 -20 -16 26 -1 -28 -29 -30
right_child=4 14 3 -5 5 7 12 8 9 10 -12 -13 13 -15 24 -17 -18 19 22 -21 21 -23 -24 -25 -26 -27 27 28 29 -31
leaf_value=0.013892525795997803 -0.070376987380137951 0.0084982799658061391 -0.00017880044485976687 -0.034322183010269944 0.025696657270891037 0.011790872746706151 0.0026398466535264013 -0.00057170708868834299 0.019779367894489613 -0.11672202870886587 -0.036423455793955534 -0.011223270220920555 -0.010691971963093204 0.0013765154581916472 0.032580404693129499 -0.0059093783145554683 0.00027858904479415546 -4.0075303248172123e-05 -0.00051368154268594836 0.029278678881706478 -0.006144850554433509 -0.030857706178924305 0.016672045076775912 -0.037717557057247338 0.010910438655999147 0.04814285307752187 -0.013047758957497269 0.016977255716911513 0.019985592549084781 -0.024507077744694329
leaf_weight=1330.812081694603 83.502521753311157 3285.9400747418404 130.6264580488205 195.68847471475601 3194.7535871267319 2024.4022053480148 615.41778188943863 803.0198050737381 120.81294798851013 92.825668454170227 121.42262095212936 208.26332050561905 435.34382104873657 204.79444891214371 3064.1671878099442 887.95328378677368 759.74577683210373 822.60735094547272 528.04372471570969 469.36726045608521 128.17498463392258 117.73320883512497 487.18976783752441 148.69798028469086 1334.3070123791695 604.14191645383835 235.77235609292984 1175.3190873265266 124.9647433757782 293.97808104753494
leaf_count=1646 82 1952 185 175 3103 1812 390 801 138 100 150 143 355 172 3833 1143 686 770 689 305 117 104 617 196 1568 826 258 1562 150 382
internal_value=0.000253791 0.000361699 7.56081e-05 -0.00134631 0.000125776 0.000215529 0.000378217 -1.01383e-05 -0.000543135 -0.00168649 -0.00303201 0.000222894 -0.000155668 -0.00060928 0.000487931 0.000290649 0.000569832 -0.000119248 -0.000402503 5.4176e-05 -0.000159948 -0.00118932 -2.79553e-05 -0.00041511 0.000654812 0.000223392 0.000100726 -7.36694e-05 2.01539e-05 -0.000628376
internal_weight=24029.8 12663.7 4091.3 326.315 11366.1 8580.8 5210.06 3370.75 1138.08 335.061 214.248 2232.67 1255.56 640.138 8572.37 4173.89 3954.5 2785.32 1247.43 1537.88 1068.52 245.908 1163.93 676.742 4398.47 3764.99 3160.85 1830.03 1594.26 418.943
internal_count=24410 13680 5184 360 10730 7850 4706 3144 1189 388 250 1955 917 527 8496 3095 3789 2880 1584 1296 991 221 1502 885 5401 4824 3998 2352 2094 532
is_linear=0
shrinkage=0.0202208


Tree=166
num_leaves=31
num_cat=0
split_feature=31 20 0 46 10 46 10 53 61 57 10 10 39 36 39 42 46 21 60 12 57 31 31 60 63 28 39 10 46 21
split_gain=0.756177 1.03103 0.993224 1.5886 0.828464 0.529784 0.462808 0.552037 0.747807 0.501887 0.597389 0.526614 1.32808 1.64111 0.733714 0.835135 1.13409 1.17404 0.454766 0.750582 0.696807 0.717133 0.852667 0.550361 0.439283 0.432982 0.425564 0.41883 1.18879 0.39692
threshold=79.850000000000009 28.429297304447001 7.1350000000000007 1983.7010000000002 -0.82391537601316178 2406.0955000000004 0.25118773779856129 0.29350000000000004 0.015000000000000001 1009.6500000000002 0.73831951690629072 0.7775899462189082 0.83063520831016924 35.623700912238213 0.8509857371484526 29.46583333333334 2254.4520000000007 34.580145291318246 4.285000000000001 10.500000000000002 1008.1500000000002 69.15000000000002 77.15000000000002 2.3750000000000004 33.240813877909801 67.750000000000014 2.5415257450688276 -0.89391031859722869 2228.8810000000008 37.798646939312505
decision_type=2 2 2 2 2 2 2 2 2 2 2 2 2 2 2 2 2 2 2 2 2 2 2 2 2 2 2 2 2 2
left_child=6 2 3 -2 5 27 18 8 26 11 25 14 -13 -14 15 16 -9 -18 19 -1 -21 -22 23 -23 -20 -11 -8 -3 -29 -6
right_child=1 4 -4 -5 29 -7 7 9 -10 10 -12 12 13 -15 -16 -17 17 -19 24 20 21 22 -24 -25 -26 -27 -28 28 -30 -31
leaf_value=0.0074744564542366127 -0.0089339741191472814 0.0012016501732938286 0.011477318651835908 -0.0010558859357697103 0.025253101348085151 0.044976135421945819 -2.766699627407665e-05 0.034588125025781027 0.013983350092356121 0.0010740310768249329 0.00077809547585785174 0.003665515311256866 -0.0050949271926139057 -0.06799571751718414 0.015019519062789486 0.0083351107219292592 -0.042684878766103988 -0.0037989611270560857 0.0083447853793650762 0.016418857794698052 0.011192829278494729 -0.00017692701302707804 0.0009439489971617244 -0.054313322330144784 0.00053600093942740925 -0.0081041147061147335 -0.068953905449766595 -0.038807049978534368 -0.0030208114673159424 -0.0036247339996389907
leaf_weight=1503.6512246131897 144.34008502960205 1671.141671538353 283.17659628391266 247.39002257585526 8177.9629667401314 520.47429758310318 542.09468340873718 134.52427899837494 1284.4798107147217 186.95961022377014 462.10364329814911 596.99513572454453 300.32421427965164 157.13389986753464 991.86020362377167 612.86083287000656 76.431086778640747 105.12282752990723 2603.8671905398369 290.78463238477707 166.15371197462082 106.96945822238922 162.44255197048187 229.45108109712601 1027.7871195673943 537.40126150846481 105.86895370483398 89.94284325838089 359.93929177522659 350.15435338020325
leaf_count=1784 101 2165 106 240 8772 714 507 150 1104 155 413 548 360 143 864 353 110 126 2023 373 135 130 183 215 1342 428 83 99 474 210
internal_value=0.000269499 0.000389305 -0.000303913 -0.00103345 0.000439123 8.47984e-05 0.000145768 6.02801e-06 0.000301009 -0.000110082 -0.000463431 1.87217e-06 -0.000328615 -0.00117594 0.0002291 -0.000102523 -0.00100099 -0.00205589 0.000271115 1.94243e-05 -0.000382414 -0.000782133 -0.0011819 -0.0017571 0.000417271 -0.000828466 -0.000158644 -1.8412e-05 -0.000593374 0.000538517
internal_weight=24029.8 11844.5 674.907 391.73 11169.6 2641.5 12185.3 6094.16 1932.44 4161.72 1186.46 2975.25 1054.45 457.458 1920.8 928.939 316.078 181.554 6091.11 2459.45 955.801 665.017 498.863 336.421 3631.65 724.361 647.964 2121.02 449.882 8528.12
internal_count=24410 12881 447 341 12434 3452 11529 5344 1694 3650 996 2654 1051 503 1603 739 386 236 6185 2820 1036 663 528 345 3365 583 590 2738 573 8982
is_linear=0
shrinkage=0.0202208


Tree=167
num_leaves=31
num_cat=0
split_feature=27 38 26 12 30 38 42 56 62 55 55 11 11 49 39 11 11 11 11 60 42 11 59 30 39 8 4 40 62 11
split_gain=0.716882 0.477374 0.640234 0.621102 0.560656 0.664621 1.29599 0.464769 1.56437 0.809837 0.543495 0.531778 1.26467 0.652819 0.496059 0.976244 0.590571 1.28436 1.99146 2.39724 1.1117 1.03052 0.888767 1.00781 0.518892 0.45385 0.482477 0.425345 1.06527 1.19134
threshold=85.250000000000014 34.705141692348455 25.085000000000004 5.5000000000000009 74.950000000000017 36.53185796778056 29.588333333333335 1010.9500000000002 4.1650000000000009 0.98250000000000004 0.34150000000000008 0.67123509350548771 0.98662138620987927 6.1500000000000012 0.80815986921861083 -0.99271195016773384 0.91234096280339505 0.59818091440591625 0.49751328890718055 3.4850000000000008 28.60583333333334 0.93834263341299773 3.2650000000000001 74.750000000000014 0.46153883086574721 -1.0000000180025095e-35 1005.2500000000001 28.320000000000004 4.785000000000001 0.0043035382962440553
decision_type=2 2 2 2 2 2 2 2 2 2 2 2 2 2 2 2 2 2 2 2 2 2 2 2 2 2 2 2 2 2
left_child=1 2 -1 4 -3 -6 -7 14 10 -10 -9 -12 13 -13 15 -4 17 18 20 -20 -16 22 23 -18 -17 26 -8 28 -26 -30
right_child=-2 3 7 -5 5 6 25 8 9 -11 11 12 -14 -15 16 24 21 -19 19 -21 -22 -23 -24 -25 27 -27 -28 -29 29 -31
leaf_value=0.011116521614519995 0.031084102039228116 0.032980357377919094 -0.068074259928168179 0.032268003225137197 0.011935222988509051 -0.025850103658240933 0.00089404345544448276 0.0022914250993573415 -0.035706521807138597 -0.0040810422869870149 0.0049314132961601536 -0.013654000500155472 0.0036079650519448012 -0.00062060085554204651 -0.00040129768056656182 0.028191939164303043 -0.00082850975611623479 0.020729140852742703 0.00063640293122986492 -0.041470960709816082 0.030595983836479827 0.0014598777113690384 -0.0009594744353381441 -0.061860060544656259 0.0050853209963734308 0.009082436545894591 -0.042462740636496667 0.0053448777363353586 -0.0068532682623883697 -0.038892219635109262
leaf_weight=1876.1298624277115 3052.2528120875359 762.85593003034592 133.39002758264542 2210.4937158226967 1194.2712535858154 193.22815865278244 313.32719492912292 1277.8997386097908 96.396553099155426 90.723524451255798 367.04927623271942 346.74312376976013 469.8386567234993 369.15672302246094 2127.0130929350853 434.20515042543411 99.412714779376984 1913.6592928767204 207.26803386211395 145.58842772245407 1639.603766143322 1369.0998742580414 142.60562199354172 80.284389019012451 551.29453259706497 510.37724846601486 333.21048390865326 1211.9406856298447 388.33190476894379 122.137770652771
leaf_count=823 3360 598 181 2595 1130 179 156 1070 99 91 346 255 327 306 2697 594 95 2040 255 132 2202 1178 122 98 687 248 210 1663 518 155
internal_value=0.000266192 0.000217133 0.000149949 0.000389265 0.000175937 0 -0.000274948 9.35232e-05 -0.000111144 -0.00188184 0 -0.000245363 -0.000485086 -0.00104198 0.000160285 -4.30022e-05 0.000246373 0.000342283 0.00011548 -0.00128746 0.00027137 -4.4086e-05 -0.00110198 -0.00203338 9.50147e-06 0 -0.000371039 -7.95672e-05 -0.000397688 -0.0010804
internal_weight=24029.8 20977.5 15459.8 5517.76 3307.27 2544.41 1350.14 13583.6 3017.81 187.12 2830.69 1552.79 1185.74 715.9 10565.8 2841.3 7724.54 6033.13 4119.47 352.856 3766.62 1691.4 322.303 179.697 2707.91 1156.91 646.538 2273.7 1061.76 510.47
internal_count=24410 21050 15934 5116 2521 1923 793 15111 2494 190 2304 1234 888 561 12617 3798 8819 7326 5286 387 4899 1493 315 193 3617 614 366 3023 1360 673
is_linear=0
shrinkage=0.0202208


Tree=168
num_leaves=31
num_cat=0
split_feature=48 10 18 0 58 37 58 10 10 59 10 10 10 10 10 35 58 39 26 53 44 62 53 62 0 48 59 10 50 59
split_gain=0.80816 0.430535 0.657866 0.652171 0.477602 0.471243 0.352004 0.338414 0.335317 0.415271 0.581009 1.1658 0.569648 0.547855 1.49136 1.66612 0.754105 0.45194 0.594408 0.831991 0.394072 0.368639 0.693622 1.14007 0.386019 0.724614 0.398484 0.338908 0.329263 0.301363
threshold=35.600000000000009 -0.82391537601316178 30.550496511712236 1.8150000000000002 1007.35 0.41319629921123269 1008.6500000000002 -0.4900241286343337 0.081675638985454754 5.1350000000000007 0.41327478071396911 0.30081702196488996 0.7775899462189082 0.49002412863433359 0.73831951690629072 0.15213071729500166 1006.9500000000002 0.82572674391107104 29.655000000000005 0.37550000000000006 28.873125000000005 0.015000000000000001 0.12350000000000001 0.24500000000000002 6.5750000000000011 435.85000000000008 3.6450000000000005 -0.81403855522663837 11.750000000000002 1.5950000000000004
decision_type=2 2 2 2 2 2 2 2 2 2 2 2 2 2 2 2 2 2 2 2 2 2 2 2 2 2 2 2 2 2
left_child=1 2 4 -3 -1 6 -4 -5 20 10 11 -10 -12 -11 15 -15 -17 -14 -19 -20 21 -2 23 -23 26 -26 27 29 -8 -24
right_child=8 3 5 7 -6 -7 28 -9 9 13 12 -13 17 14 -16 16 -18 18 19 -21 -22 22 24 -25 25 -27 -28 -29 -30 -31
leaf_value=-0.026107026536897206 0.0063537084140980558 -0.00037547054602015545 0.040769504245691472 0.041125722661662527 -0.00072312908435523469 -0.0044653022426627397 0.023799883341431478 0.0090336756655298722 0.00029845472275092229 0.0017551594100487877 0.010411737569254047 -0.043872745704042308 0.011077040060898614 0.00072164167324844557 0.0013029624636503327 -0.010180866769545948 -0.022676104943050123 0.0013147136235813904 0.0022240117760800471 -0.053325487041695457 0.022923929105513132 -0.052989488172069762 0.014561555580635844 0.022901069228325421 0.0051237580793814467 -0.015256958418173008 0.012600403313324769 0.013767398709034479 -0.023405976139756514 -0.018259186445361827
leaf_weight=105.51069766283035 1030.0464358925819 876.68668311834335 1016.1463294029236 1712.3196950554848 253.32965844869614 658.64687275886536 170.08647346496582 8626.7700480818748 536.14556866884232 688.39334028959274 1461.1365535259247 208.76063334941864 866.54781103134155 112.97415721416473 319.20318454504013 128.63493376970291 117.10421895980835 420.56202358007431 108.38550865650177 184.92711091041565 960.4838998913765 113.63385480642319 92.135652959346771 87.553686201572418 467.81285005807877 286.72385746240616 1598.077584028244 354.90662866830826 66.646558225154877 399.497030377388
leaf_count=103 763 886 1350 1928 223 815 225 7596 625 667 1295 239 738 120 258 132 102 537 116 173 1201 93 129 95 474 358 2082 471 89 527
internal_value=0.000264069 0.000371066 6.76515e-05 0.000424635 -0.000660876 0.000251232 0.000495907 0.000470486 0.00011882 0 0.0001112 -0.000347121 0.000252511 -0.000299505 -0.000713253 -0.00162341 -0.00256024 0 -0.000389145 -0.00108764 0.000230253 0.00012405 0 -0.00111457 9.4588e-05 -0.000252174 0.000237617 -2.87269e-05 0 -0.000455976
internal_weight=24029.8 13486.1 2270.37 11215.8 358.84 1911.53 1252.88 10339.1 10543.6 5152.78 3786.47 744.906 3041.56 1366.31 677.916 358.713 245.739 1580.42 713.875 293.313 5390.87 4430.39 3400.34 201.188 3199.15 754.537 2444.62 846.539 236.733 491.633
internal_count=24410 13215 2805 10410 326 2479 1664 9524 11195 5002 3723 864 2859 1279 612 354 234 1564 826 289 6193 4992 4229 188 4041 832 3209 1127 314 656
is_linear=0
shrinkage=0.0202208


Tree=169
num_leaves=31
num_cat=0
split_feature=33 64 30 62 37 59 31 46 25 59 11 11 30 50 64 64 11 62 55 30 25 21 19 62 11 12 33 11 30 60
split_gain=0.686124 0.68447 0.547503 0.54254 0.435245 0.511598 0.710986 0.553196 0.635293 0.345978 0.672449 0.604783 0.449394 0.446558 0.411687 0.746311 0.491562 0.469966 1.01208 0.36826 0.339864 0.463391 0.320694 0.50747 0.876134 0.265516 0.239238 0.410211 0.231604 0.264345
threshold=0.13999999999999882 0.87342487638551003 84.850000000000009 0.20500000000000004 0.46379424125567098 2.4450000000000007 80.750000000000014 2364.9115000000006 28.285000000000004 3.7550000000000003 0.91234096280339505 0.93834263341299773 72.950000000000017 531.6500000000002 -0.54811256546328113 -2.1295523828357505 0.53435276464917691 0.025000000000000005 0.77350000000000019 74.550000000000011 28.115000000000006 29.02044133231233 36.887028147276474 1.7550000000000001 -0.66483077113278999 5.5000000000000009 0.39499999999999963 0.32534208471197984 85.550000000000011 3.7950000000000004
decision_type=2 2 2 2 2 2 2 2 2 2 2 2 2 2 2 2 2 2 2 2 2 2 2 2 2 2 2 2 2 2
left_child=9 4 3 -3 5 -2 7 8 26 10 13 12 -12 28 15 16 -11 18 -17 -19 -13 -22 -16 -24 -25 -4 27 -7 29 -1
right_child=1 2 25 -5 -6 6 -8 -9 -10 14 11 20 -14 -15 22 17 -18 19 -20 -21 21 -23 23 24 -26 -27 -28 -29 -30 -31
leaf_value=0.020275464364505117 0.0099724854246022419 -0.0010402232925423719 -0.028309108785181111 0.013370832603490168 0.0006673248729383561 0.0018751942823028367 0.00019840989657721335 0.029448502976688308 -0.01635289418194312 0.00052701243888659665 -0.0010606696966254906 0.0020711204845749003 -0.042985601852459615 -0.00014648218337806498 0.025902903330437158 -0.0024185891313011514 0.021309692225530849 0.0087337770604419881 -0.010927363290273809 -0.00083452601302028628 -0.022964932904799416 4.4826559451722511e-05 0.027357311412737284 0.0054170344315839615 -0.075975505381012359 0.00097650317352481158 0.00063430911501778078 -0.017871661740283751 -0.0027686960733137771 -0.0046302522258778456
leaf_weight=2619.5321942567825 277.50822013616562 529.99743896722794 129.97293895483017 2074.3768259882927 2927.2616236209869 120.03909057378769 512.73250126838684 84.391927182674408 360.36820232868195 675.02233922481537 130.58291137218475 739.01749384403229 92.351571023464203 1142.8756061196327 5158.2140632867813 318.21102946996689 1390.3532960414886 478.3098469376564 160.08286559581757 1341.2836340665817 188.23281937837601 281.00885325670242 539.34123456478119 406.41101342439651 138.57152312994003 451.93642961978912 148.08818393945694 102.00245487689972 213.29930418729782 298.41210442781448
leaf_count=2910 326 595 148 1973 3045 149 666 88 436 680 108 624 100 1319 5806 176 657 379 96 1623 144 284 288 309 117 584 123 78 268 311
internal_value=0.00026653 9.32695e-05 0.000324378 0.000459148 -5.00421e-05 -0.000328536 -0.000521017 -0.000892414 -0.00109354 0.000343109 0.000186164 -0.000153358 -0.00111273 0.000320359 0.00041918 0.000230296 0.000509299 0 -0.000580727 0.000127177 0 -0.00039551 0.00053695 0.000109357 -0.00021634 -0.000128363 -0.000203281 -0.000707855 0.000445284 0.000495137
internal_weight=24029.8 7718.68 3186.28 2604.37 4532.39 1605.13 1327.62 814.89 730.498 16311.1 5705.31 1431.19 222.934 4274.12 10605.8 4363.26 2065.38 2297.89 478.294 1819.59 1208.26 469.242 6242.54 1084.32 544.983 581.909 370.13 222.042 3131.24 2917.94
internal_count=24410 8211 3300 2568 4911 1866 1540 874 786 16199 6068 1260 208 4808 10131 3611 1337 2274 272 2002 1052 428 6520 714 426 732 350 227 3489 3221
is_linear=0
shrinkage=0.0202208


Tree=170
num_leaves=31
num_cat=0
split_feature=51 58 59 45 64 2 25 35 44 45 45 63 57 12 48 41 8 59 35 34 49 57 42 27 58 25 59 64 63 56
split_gain=0.778098 0.709691 0.537924 0.24819 0.368591 0.581102 0.283435 0.281382 0.301967 0.249661 0.295993 0.319686 0.32562 0.333528 0.933081 0.334307 0.247905 0.247829 0.441578 0.217097 0.220182 0.204327 0.193359 0.160606 0.196824 0.171759 0.313078 0.145574 0.127142 0.148381
threshold=3.925000000000114 1006.7500000000001 9.0750000000000011 0.31794958340333096 -0.35676413161955972 127.95000000000002 27.675000000000004 0.72430125574637605 28.35229166666667 2.3385651590994487 1.5935598988656461 28.65338645052012 1007.2500000000001 3.5000000000000004 7.9500000000000011 0.21283796653737083 0.78656609248549325 3.6150000000000007 0.17934668259732153 34.716965589744277 338.15000000000003 1013.5500000000001 27.140833333333337 73.550000000000011 1010.6500000000002 28.335000000000004 4.7650000000000006 -0.68032504882858358 27.288276252643872 1009.5500000000001
decision_type=2 2 2 2 2 2 2 2 2 2 2 2 2 2 2 2 2 2 2 2 2 2 2 2 2 2 2 2 2 2
left_child=21 2 16 4 -3 -6 9 23 -9 10 11 27 -13 -14 15 -15 22 18 -16 20 -7 -1 -2 25 -25 -8 -27 -5 -12 -30
right_child=1 3 -4 6 5 19 7 8 -10 -11 28 12 13 14 17 -17 -18 -19 -20 -21 -22 -23 -24 24 -26 26 -28 -29 29 -31
leaf_value=0.014270889521379691 -0.0066349202014749408 0.010411393772017179 -0.02635727161732529 -0.0018824383349896712 -0.055080373375117141 0.00082737651936138159 0.0069457108493953213 0.0033093045045890046 -0.055737846696506964 -0.02074982803034656 -0.0036129968269472774 0.0092020030226380636 -0.00023890755480763504 -0.028639390505224498 0.0025437648555343842 -0.00032178682257853958 0.00024073269409777455 -0.00088207047625037702 -0.032101274107602801 0.0055862702138807421 -0.030313081894277762 -0.0026942222609741776 0.018022832016443838 0.011637059878675212 -0.0049327681299880998 5.6616047543174665e-06 -0.0058659633353660484 0.019755704581861839 -0.00068096147154365558 0.0082399277191042633
leaf_weight=8061.0050693750381 145.92018413543701 284.13121271133423 91.683295011520386 163.57649099826813 130.9942455291748 89.26891028881073 349.38067251443863 116.59144335985184 119.84797924757004 198.61440032720566 124.60980105400085 511.1009983420372 1494.5714607834816 129.20373809337616 135.90343058109283 116.98572945594788 690.32714968919754 774.69126999378204 145.30250442028046 161.52135187387466 72.225184082984924 371.7390963435173 4912.6925837993622 2523.0709460377693 182.4038365483284 580.37817645072937 92.743302285671234 484.04056012630463 148.64997398853302 626.6145436167717
leaf_count=7602 165 369 133 90 168 116 403 122 136 120 63 626 1564 131 155 112 796 799 176 158 99 170 5493 2857 201 564 95 307 144 476
internal_value=0.000270175 0.000175816 0.000355384 5.92438e-05 -0.000267175 -0.000664861 9.57741e-05 0.000223735 -0.000292777 0 2.42876e-05 -3.12656e-05 -0.00013157 -0.000235177 -0.000472235 -0.00162214 0.000391241 -0.000116349 -0.000636823 0 -0.000667724 0.000434153 0.000440413 0.000280238 0.000363877 0 -0.000125706 0.000344313 0.00036439 0.000469808
internal_weight=24029.8 15597 5840.62 9756.42 738.141 454.01 9018.28 3964.42 236.439 5053.86 4855.25 3955.38 3307.76 2796.66 1302.09 246.189 5748.94 1055.9 281.206 323.015 161.494 8432.74 5058.61 3727.98 2705.47 1022.5 673.121 647.617 899.874 775.265
internal_count=24410 16638 6587 10051 910 541 9141 4378 258 4763 4643 3960 3563 2937 1373 243 6454 1130 331 373 215 7772 5658 4120 3058 1062 659 397 683 620
is_linear=0
shrinkage=0.0202208


Tree=171
num_leaves=31
num_cat=0
split_feature=33 31 20 59 59 44 57 0 33 56 61 4 62 39 39 61 33 11 8 59 21 59 30 26 39 35 44 61 39 20
split_gain=0.655949 0.468662 0.562731 0.643465 0.974723 0.423571 0.497163 0.422687 0.42428 0.481154 0.380379 0.417997 0.361369 0.348663 0.501797 0.387227 0.474386 0.471568 0.453514 0.675899 0.334072 0.49901 0.530728 0.503351 0.36407 0.454918 0.330225 0.640114 0.455755 0.315807
threshold=0.13999999999999882 77.250000000000014 28.429297304447001 7.5250000000000012 5.5950000000000006 26.75458333333334 1009.4500000000002 5.0750000000000011 -0.48499999999999938 1010.1500000000002 1.5550000000000004 1009.6500000000002 29.320000000000004 0.91560165249794234 1.5641716802971695 1.4550000000000003 -0.035000000000000135 -0.66483077113278999 -0.25881904510252113 3.3450000000000002 35.471284367503522 2.5450000000000004 86.65000000000002 29.255000000000006 1.21442111547391 0.28097080364082333 26.790000000000006 0.025000000000000005 1.9270737242205793 27.380830107795308
decision_type=2 2 2 2 2 2 2 2 2 2 2 2 2 2 2 2 2 2 2 2 2 2 2 2 2 2 2 2 2 2
left_child=1 13 3 4 -3 -4 12 8 9 -8 -10 -12 -7 15 -15 -1 17 -17 19 -19 21 22 -2 -23 25 -25 29 28 -28 -16
right_child=20 2 5 -5 -6 6 7 -9 10 -11 11 -13 -14 14 26 16 -18 18 -20 -21 -22 23 -24 24 -26 -27 27 -29 -30 -31
leaf_value=0.0064090930008793489 0.019410041390248142 -0.00019732362154562322 0.036046024338501008 0.034165332178174683 -0.0049675034664669855 0.018947986735516013 -0.037860332806617249 0.035089860937999047 0.030580026613430133 -0.00031376238428698438 0.014218633594684959 -0.022520361992627455 -0.00063618908511709534 0.0063675516175663392 0.0051063326300239799 0.0015111958966071576 0.0038914591960875111 -0.041293909108409577 -0.00069715444912531285 -0.074201305857452313 0.0033379988948710991 1.0511303944994131e-05 -0.040673392518412919 -0.021738698478378171 -0.00012639995133250517 -0.0011649108490512095 -0.025881886467753405 0.00026046039621609266 -0.0081421861852970286 -0.0070277433369494288
leaf_weight=426.6196169257164 856.1294167637825 300.15443396568298 1204.4153425693512 321.56948632001877 221.20065480470657 8033.2939429879189 164.4111419916153 384.81658697128296 398.52603220939636 172.05248355865479 134.83523041009903 147.39627534151077 616.17539471387863 1546.0343464612961 462.10441964864731 157.9943910241127 170.82422614097595 88.467236399650574 115.7498225569725 95.561965942382812 1898.2417104840279 4182.3301149010658 71.202117323875427 238.29397821426392 332.29415571689606 140.18434405326843 136.30630797147751 473.00396138429642 187.31898427009583 352.28141903877258
leaf_count=409 1087 266 575 105 127 9237 172 288 419 179 170 171 765 1497 322 170 168 100 109 107 1577 4572 94 312 389 180 111 418 157 157
internal_value=0.000258022 0.000332886 0.000400475 -1.15768e-05 -0.000542869 0.000439103 0.000379508 0 -0.000190122 -0.000786058 0 -0.000442396 0.000436867 0.000117784 0.000236109 -0.000153111 -0.000517205 -0.000886825 -0.0013528 -0.00198553 8.83898e-05 0 0.000440231 -6.93208e-05 -0.00056643 -0.000994342 0 -0.000305541 -0.00101335 0.000271382
internal_weight=24029.8 16311.1 12098.8 842.925 521.355 11255.9 10051.5 1402.04 1017.22 336.464 680.758 282.232 8649.47 4212.27 3157.05 1055.22 628.598 457.773 299.779 184.029 7718.68 5820.43 927.332 4893.1 710.772 378.478 1611.02 796.629 323.625 814.386
internal_count=24410 16199 12474 498 393 11976 11401 1399 1111 351 760 341 10002 3725 2662 1063 654 486 316 207 8211 6634 1181 5453 881 492 1165 686 268 479
is_linear=0
shrinkage=0.0202208


Tree=172
num_leaves=31
num_cat=0
split_feature=28 19 44 11 55 44 44 44 39 58 64 39 44 59 55 64 24 44 29 59 44 39 61 11 11 39 11 56 59 29
split_gain=0.593612 0.518222 0.4672 1.118 0.841712 0.878229 0.936167 1.24081 1.20455 0.729332 0.700737 0.836399 0.584354 0.856003 0.699489 0.851088 0.522599 0.510138 0.520587 0.493427 0.489261 1.17318 2.39703 0.392534 1.00272 0.44528 0.963657 0.385843 0.35449 0.352708
threshold=85.250000000000014 34.903373030618383 26.75458333333334 0.91234096280339505 0.015500000000000002 26.866666666666667 27.790208333333336 28.397916666666671 1.0880617487037558 1013.85 1.3286849965281819 0.80815986921861083 25.736041666666669 7.1950000000000012 0.51250000000000007 -1.6685033411054098 29.405000000000005 28.536458333333336 75.250000000000014 3.6650000000000005 27.691875000000003 0.61747470235526347 6.3450000000000006 0.59123954401714218 0.49751328890718055 1.3904753604967717 0.53435276464917691 1010.7500000000001 4.6250000000000009 76.750000000000014
decision_type=2 2 2 2 2 2 2 2 2 2 2 2 2 2 2 2 2 2 2 2 2 2 2 2 2 2 2 2 2 2
left_child=1 2 12 9 -5 -6 -7 8 -8 10 11 17 13 14 -1 -16 -12 20 -19 -10 21 -4 -23 24 29 -26 -27 -2 -29 -13
right_child=27 -3 3 4 5 6 7 -9 19 -11 16 23 -14 -15 15 -17 -18 18 -20 -21 -22 22 -24 -25 25 26 -28 28 -30 -31
leaf_value=0.00038214743022309055 0.032108952330359569 0.0088637037582129773 0.031803361871143229 0.015909190398017053 -0.021802945513585727 0.0021346566795747545 -0.00042597183722827735 0.0026739675089574619 -0.04022093794079222 -0.02037657042621133 0.02912023189380325 0.022558761359330638 0.010417397270747164 0.0092931482653640356 -0.000612817307366015 -0.0097608389519890787 -0.012274467369606959 0.021531455363753685 -0.015749921047218292 -0.029900333429806379 0.013549674273352495 0.054006601551373823 -0.037334975489028512 0.010247102952035956 0.01108868870419516 -0.050336612498172485 -0.034364839662150655 -0.039159101828927977 0.049120583382902247 0.0024014136108615192
leaf_weight=538.50227618217468 2584.8056727051735 5440.3113340735435 203.44114416837692 240.38254582881927 133.93706208467484 818.63272976875305 220.8308624625206 285.78521424531937 161.8479191660881 216.80762326717377 1685.9865550398827 981.25386148691177 1913.3022285699844 835.41009873151779 345.65241718292236 260.32270443439484 92.398197591304779 167.80993527173996 848.50783407688141 85.096600949764252 1050.7016197443008 85.225633561611176 91.374195516109467 1482.9354482889175 131.26587206125259 130.27493059635162 179.85626822710037 126.89352202415466 303.52816754579544 2386.7090662121773
leaf_count=341 3034 5093 267 185 104 617 223 335 179 201 2174 1120 1275 280 233 157 124 200 1174 86 1423 102 110 1504 154 115 135 127 199 3139
internal_value=0.000247683 0.000202656 0.000134349 6.09951e-05 -0.000367903 -0.000554129 -0.0003497 -0.000871184 -0.00151459 0.000155866 0.000190153 9.30622e-05 0.00033168 3.83603e-05 -0.000270944 -0.000769417 0.000562389 -0.000196637 -0.000545259 -0.00250492 0 -0.000560245 -0.00181803 0.000243595 0.000105008 -0.000751201 -0.00117456 0.000531803 0 0.000243955
internal_weight=24029.8 21014.6 15574.3 11681.1 1946.51 1706.13 1572.19 753.561 467.775 9734.55 9517.74 7739.36 3893.19 1979.89 1144.48 605.975 1778.38 2447.06 1016.32 246.945 1430.74 380.041 176.6 5292.3 3809.36 441.397 310.131 3015.23 430.422 3367.96
internal_count=24410 21050 15957 13671 1729 1544 1440 823 488 11942 11741 9443 2286 1011 731 390 2298 3276 1374 265 1902 479 212 6167 4663 404 250 3360 326 4259
is_linear=0
shrinkage=0.0202208


Tree=173
num_leaves=31
num_cat=0
split_feature=27 10 60 26 44 1 4 50 21 44 57 58 21 10 59 34 34 10 44 11 11 60 59 30 0 10 10 10 10 27
split_gain=0.70706 0.611215 0.469073 0.525525 0.455115 0.860461 0.520259 0.620592 0.424042 0.36417 0.345868 0.299791 0.406039 1.4218 0.55415 0.419983 0.578561 0.941768 0.825477 0.809239 0.884971 0.860407 0.945567 0.530216 0.457848 0.990023 0.78335 0.444509 0.436348 0.418217
threshold=82.450000000000017 -0.92913280730858783 2.5450000000000004 29.405000000000005 27.456041666666671 17.895000000000003 1008.85 46.250000000000007 36.213737533263156 28.528125000000006 1009.4500000000002 1004.5500000000001 37.342529508858767 0.7775899462189082 5.1350000000000007 34.380007810120638 30.12503300386442 -0.84293373149377071 27.273125000000004 0.91234096280339505 0.97308229207007257 2.2250000000000005 3.0550000000000002 84.950000000000017 5.8450000000000006 0.081675638985454754 0.34964421742355262 0.11593352601052392 0.99628894895067466 81.250000000000014
decision_type=2 2 2 2 2 2 2 2 2 2 2 2 2 2 2 2 2 2 2 2 2 2 2 2 2 2 2 2 2 2
left_child=11 4 10 -4 5 -2 9 -8 -5 -6 -3 -1 15 14 -14 16 17 18 -13 24 21 -21 -23 28 -18 -26 -27 -25 29 -17
right_child=1 2 3 8 6 -7 7 -9 -10 -11 -12 12 13 -15 -16 23 19 -19 -20 20 -22 22 -24 27 25 26 -28 -29 -30 -31
leaf_value=0.020625010580823465 -0.00086768771591243373 0.01114586964105852 0.030734525974030723 -0.035268428366069977 0.041562367124100087 -0.020514905738668366 0.011855141108039187 -0.02976485148306102 0.032416888586529614 -0.0095169737043004129 -0.026373962152494653 -0.03941416567485595 0.0097776472877318717 -0.025110235480654806 -0.0057747512733577694 0.018997265804899702 0.0052466945838380245 0.0017274633937668935 -0.00068909789919606923 -0.00018983196709935956 0.0061372873868488984 -0.049079249159463351 -0.0018582539615866456 0.005706925761100377 0.0038965512365233919 -0.044956797397285655 -0.005632814769913441 -0.045930194581860768 -0.01658067595082709 -0.0060626279150238944
leaf_weight=1164.8335890173912 179.00716477632523 315.8250058889389 5139.1400223970413 115.24758690595627 658.36153161525726 85.375785052776337 173.18533486127853 72.056138455867767 332.89933609962463 180.05618399381638 145.79038113355637 113.55954319238663 525.94749981164932 153.17781913280487 247.49688911437988 2775.7187045812607 3832.5202808380127 4829.7796639204025 111.65746158361435 226.4058198928833 466.708103120327 152.50197613239288 238.99010342359543 339.9547306895256 580.63858985900879 91.006301045417786 138.86170810461044 137.85224747657776 116.28445243835449 388.94958651065826
leaf_count=1097 196 354 5585 129 872 101 222 100 252 247 153 101 285 115 160 2913 5007 2990 87 245 489 179 241 443 767 132 163 164 160 461
internal_value=0.000248846 0.000421525 0.000508472 0.000560527 0 -0.000712138 0.000214314 -0.000428473 0 0.000507425 0 0.000166705 0.000135184 -0.00023779 8.78518e-06 0.00016503 8.96841e-05 0.000249811 -0.000923166 -3.64377e-05 -0.000542101 -0.001047 -0.00161651 0.000357574 6.32108e-05 -0.000338403 -0.00145923 -0.000145307 0.000457553 0.000517061
internal_weight=24029.8 7396.94 6048.9 5587.29 1348.04 264.383 1083.66 245.241 448.147 838.418 461.615 16632.8 15468 926.622 773.444 14541.4 10782.6 5055 225.217 5727.63 1084.61 617.898 391.492 3758.76 4643.03 810.507 229.868 477.807 3280.95 3164.67
internal_count=24410 8211 6473 5966 1738 297 1441 322 381 1119 507 16199 15102 560 445 14542 10401 3178 188 7223 1154 665 420 4141 6069 1062 295 607 3534 3374
is_linear=0
shrinkage=0.0202208


Tree=174
num_leaves=31
num_cat=0
split_feature=51 56 32 30 39 25 29 34 56 45 21 2 59 38 40 31 25 43 29 53 59 60 32 21 62 34 62 37 45 30
split_gain=0.694678 0.595028 0.373859 0.341782 0.63214 0.806679 0.573462 0.523399 0.27742 0.952559 0.797082 0.643904 0.496219 1.04106 0.302001 0.273535 1.1019 0.338044 0.368939 0.262061 0.255587 0.359187 0.268818 0.252413 0.221481 0.432386 0.36955 0.250801 0.296981 0.202537
threshold=92.541666666666728 1006.35 -1.7379300586076878 84.350000000000009 0.93246378340279923 27.525000000000002 85.250000000000014 35.400938920080641 1010.85 1.5302923728261857 31.862115305764242 1.0000000180025095e-35 7.0750000000000011 26.949033352034665 22.458333333333339 65.050000000000011 24.925000000000004 0.38127199284208924 85.65000000000002 0.99950000000000017 2.9350000000000005 6.6750000000000007 -0.53271765451998998 38.172945122173402 0.22500000000000003 26.476514443087535 13.045000000000002 0.42389500571109406 0.47980332602828785 80.550000000000011
decision_type=2 2 2 2 2 2 2 2 2 2 2 2 2 2 2 2 2 2 2 2 2 2 2 2 2 2 2 2 2 2
left_child=8 20 -3 15 5 6 -5 -7 19 10 12 -12 13 -10 -11 16 -4 -17 -19 23 -2 22 29 24 25 -1 -26 28 -27 -22
right_child=1 2 3 4 -6 7 -8 -9 9 14 11 -13 -14 -15 -16 17 -18 18 -20 -21 21 -23 -24 -25 26 27 -28 -29 -30 -31
leaf_value=0.04542403301619545 -0.00027860373018150661 -0.02363440406637099 -0.022481194811696237 -0.037201508843370645 0.00040674530330583989 0.0045733387587313821 -0.019538861612875193 -0.019758303339841164 -0.010352526835535536 -0.0042756895049049139 -0.040701034487858348 0.0017896630895507556 0.016543775713944244 0.00030330360372168142 0.012004924947351036 0.00053402163801144562 0.0039440355866365243 0.0040610253431914347 -0.032742454450096832 0.0025532246245924001 -0.054927535438296149 -0.00048985816059439837 0.019227951227084348 -0.0130714774971297 0.026022935709388899 -0.019952120551385167 0.0039179335100232851 -0.0073910925162632077 0.01102260287011088 0.024583869760823541
leaf_weight=432.21045458316803 500.86499434709549 108.40569990873337 188.90545797348022 84.501987934112549 1175.3238617777824 349.33885717391968 68.631207704544067 95.246018350124359 267.64562499523163 232.50480926036835 113.31556075811386 86.628233551979065 373.64241218566895 973.70802640914917 922.81044083833694 2584.7354962825775 652.69250500202179 2227.106645822525 134.84535020589828 1080.876745223999 107.32219237089157 571.07742768526077 2124.3407917618752 200.48481857776642 5549.6387177109718 139.35799545049667 1102.3687420487404 680.43665552139282 654.06150937080383 246.76030027866364
leaf_count=187 581 91 145 110 1389 469 93 103 140 57 125 99 136 759 482 2879 665 2154 151 1302 122 749 2220 119 6082 149 1361 548 639 304
internal_value=0.000245352 0.000117062 5.0284e-06 3.35273e-05 -0.00019412 -0.0007353 -0.00203751 -7.72608e-05 0.000350816 0.000131459 -0.000118414 -0.00131253 0 -0.000161641 0.000598568 0.000118464 -0.000167752 0.000184943 0.00036054 0.000408056 0.000334167 0.000405226 0.000511023 0.000446368 0.000464719 0.000189851 0.000530161 0 0.000266516 0
internal_weight=24029.8 11220.1 7669.73 7561.33 1773.04 597.718 153.133 444.585 12809.7 2970.26 1814.94 199.944 1615 1241.35 1155.32 5788.29 841.598 4946.69 2361.95 9839.44 3550.37 3049.5 2478.42 8758.56 8558.07 1906.07 6652.01 1473.86 793.42 354.082
internal_count=24410 12225 8249 8158 2164 775 203 572 12185 1798 1259 224 1035 899 539 5994 810 5184 2305 10387 3976 3395 2646 9085 8966 1523 7443 1336 788 426
is_linear=0
shrinkage=0.0202208


Tree=175
num_leaves=31
num_cat=0
split_feature=33 59 10 58 26 23 11 39 33 57 23 10 10 18 2 61 10 46 3 59 30 30 61 62 27 10 10 30 10 59
split_gain=0.693597 0.47066 0.752041 0.73966 0.644541 1.01931 0.639913 0.63564 0.683234 0.599429 0.848107 0.572715 1.75336 0.569671 0.80342 0.561931 0.507596 0.45811 0.388154 0.702039 0.426436 0.379365 0.377573 0.359299 0.35175 0.618486 0.318537 0.685222 0.604874 0.523704
threshold=0.13999999999999882 3.7750000000000004 -0.82391537601316178 1011.0500000000001 28.515000000000004 29.385000000000002 0.82392300575755406 1.5306893169648301 -0.48499999999999938 1007.5500000000001 28.835000000000004 0.63209755774300602 0.6583954877256819 30.550496511712236 11.750000000000002 1.5550000000000004 0.92591620288614507 2414.5910000000003 0.98850000000000005 6.3250000000000011 81.15000000000002 60.750000000000007 1.3250000000000004 1.0000000180025095e-35 82.050000000000011 -0.89391031859722869 0.25118773779856129 85.15000000000002 0.73831951690629072 2.6950000000000007
decision_type=2 2 2 2 2 2 2 2 2 2 2 2 2 2 2 2 2 2 2 2 2 2 2 2 2 2 2 2 2 2
left_child=1 3 13 4 6 9 -1 22 -9 -6 -11 21 -13 14 -3 23 -17 18 26 -20 -21 -4 -5 -14 25 -15 -2 28 29 -28
right_child=17 2 11 7 5 -7 -8 8 -10 10 -12 12 15 24 -16 16 -18 -19 19 20 -22 -23 -24 -25 -26 -27 27 -29 -30 -31
leaf_value=0.023886462341969061 0.0039789079920542073 -0.025536646075077836 -0.017874685031055437 0.008778052147499403 -0.0032477804938574164 0.012442671695894096 0.00013187237556262039 -0.043419787044160794 -0.008131467052589627 -0.046957125997353112 -0.0039936112276258064 -0.058206522085211487 -0.006758263369196168 0.012154885066512782 0.008961000547185051 0.0045776186387027533 -0.052883086379352032 0.032403582474903339 0.0001026676281847277 -0.026031092009112085 -0.0060347114933854513 0.019110869108632238 -0.0037607093930106788 0.022158689158761884 0.036189152844147622 -0.050803327499875865 0.017037710544868748 -0.037798864372132826 0.0077510284778731838 -0.0035093748896166967
leaf_weight=1924.1239780783653 3380.7119759321213 188.98875200748444 129.53146028518677 447.87967175245285 460.54220581054688 933.41450500488281 1316.7315419316292 123.88404268026352 101.72587645053864 163.96199232339859 152.8099552989006 119.58919769525528 185.52130883932114 270.13780707120895 144.31404793262482 559.55130052566528 147.46562314033508 459.48785704374313 758.03318977355957 153.54382467269897 227.41436761617661 6585.8411492705345 144.31595951318741 1140.8830983042717 985.24866700172424 84.651562690734863 240.09983694553375 231.50158685445786 1302.3459899425507 965.5372086763382
leaf_count=2297 3742 157 48 407 603 910 1151 105 95 213 205 106 136 344 129 483 170 488 949 181 300 6082 149 996 1314 99 263 272 1145 871
internal_value=0.000243503 0.00031996 0.000405803 0.000147769 0.000251723 -1.93642e-05 0.000421651 -0.00037324 -0.00127681 -0.000604537 -0.00128611 0.000479991 0.000135706 0 -0.000730136 0.000315134 -3.88636e-05 7.05116e-05 1.86326e-05 -0.000306714 -0.00101236 0.000577192 0 0.000569186 0.000198742 -0.000197179 9.36414e-05 -4.27182e-05 2.14525e-05 -0.000265087
internal_weight=24029.8 16311.1 10541.7 5769.39 4951.58 1710.73 3240.86 817.806 225.61 777.314 316.772 8868.38 2153.01 1673.34 333.303 2033.42 707.017 7718.68 7259.19 1138.99 380.958 6715.37 592.196 1326.4 1340.04 354.789 6120.2 2739.48 2507.98 1205.64
internal_count=24410 16199 10064 6135 5379 1931 3448 756 200 1021 418 8021 1891 2043 286 1785 653 8211 7723 1430 481 6130 556 1132 1757 443 6293 2551 2279 1134
is_linear=0
shrinkage=0.0202208


Tree=176
num_leaves=31
num_cat=0
split_feature=57 0 22 38 44 53 28 30 27 30 30 58 3 60 59 64 10 59 10 39 44 39 0 44 20 36 38 38 44 20
split_gain=0.781366 1.04334 0.837668 0.913459 1.34787 0.68257 0.512083 0.457898 0.45403 0.640709 0.926084 0.463321 0.408429 0.384364 0.392166 0.302404 0.662629 0.855375 1.0202 0.666813 0.592607 0.48546 0.42287 0.457595 0.960273 0.376821 0.581695 0.365143 0.756983 0.614225
threshold=1010.7500000000001 7.2950000000000008 23.835000000000004 32.244205188105518 28.553333333333338 0.29350000000000004 85.250000000000014 87.65000000000002 63.550000000000004 75.050000000000011 69.15000000000002 1009.2500000000001 0.85850000000000015 3.7750000000000004 2.2250000000000005 0.83702138933667503 -0.81403855522663837 4.7950000000000008 -0.90149333598846371 0.83856863693267669 28.271875000000001 1.4279643153413188 3.6650000000000005 28.389791666666671 31.03369055996377 37.155981398003114 36.53185796778056 34.922274215993205 28.612291666666671 31.518267114146337
decision_type=2 2 2 2 2 2 2 2 2 2 2 2 2 2 2 2 2 2 2 2 2 2 2 2 2 2 2 2 2 2
left_child=6 2 -2 8 5 -5 7 15 9 10 -4 -10 -13 14 -9 16 17 -1 20 25 -19 -17 23 24 -23 26 27 28 29 -18
right_child=1 -3 3 4 -6 -7 -8 13 11 -11 -12 12 -14 -15 -16 21 19 18 -20 -21 -22 22 -24 -25 -26 -27 -28 -29 -30 -31
leaf_value=0.0072533011423356912 -0.012634319370750937 0.012023314992144709 -0.033980864860057282 -0.016536484665703038 0.0028006538884993402 -0.055962911786832395 0.030265295744467222 -0.0020457592109907742 -0.012728899649567136 0.0082398924137017104 -0.043174460479668157 0.0050033403215811942 -0.00062074531650858412 0.007243957821750413 -0.021496586685930814 0.011032775860479523 -0.019209838364295156 0.0052695367347707772 -0.024652382872708607 0.0081507779457555257 -0.035667160786035698 -0.0058083946608499136 0.0044341364583135329 0.0090569602020984918 -0.037517533607370625 0.043725132077129539 -0.019482999021849641 0.018807785462072669 -0.016688848341692843 0.022612867916542972
leaf_weight=988.81048238277435 150.04196882247925 1241.0994019508362 112.94296425580978 95.841506898403168 202.28356271982193 128.44348269701004 2670.1618990898132 92.840417265892029 162.92135041952133 149.72423547506332 127.5091005563736 1803.6583038568497 667.6289501786232 300.82349848747253 108.04006773233414 5626.6109773516655 267.60262048244476 382.15081894397736 187.52530521154404 4809.7989383339882 166.04168522357941 180.32257717847824 596.81583040952682 220.45540016889572 106.90562528371811 287.25459378957748 109.74483811855316 650.96787863969803 765.97639453411102 668.8448646068573
leaf_count=1229 66 477 105 126 255 163 3105 120 160 140 124 1496 513 389 148 5757 298 442 185 4829 214 200 572 271 118 156 102 698 1052 900
internal_value=0.000239409 0 -0.000164513 -7.25151e-05 -0.000951637 -0.00203018 0.000297363 0.000245789 2.367e-05 -0.000575965 -0.00126743 0.000146424 0.000243454 -0.000274291 -0.00097601 0.000267612 0.000174292 -0.000152347 -0.00069947 0.000260419 -8.04713e-05 0.000383153 0 -0.000431595 -0.000984694 0 -7.2032e-05 0 -0.000159505 0.000153982
internal_weight=24029.8 4842.09 3601 3450.95 426.569 224.285 19187.7 16517.5 3024.38 390.176 240.452 2634.21 2471.29 501.704 200.88 16015.8 9284.72 1724.53 735.718 7560.19 548.193 6731.11 1104.5 507.684 287.228 2750.39 2463.14 2353.39 1702.42 936.447
internal_count=24410 3625 3148 3082 544 289 20785 17680 2538 369 229 2169 2009 657 268 17023 10105 2070 841 8035 656 6918 1161 589 318 3206 3050 2948 2250 1198
is_linear=0
shrinkage=0.0202208


Tree=177
num_leaves=31
num_cat=0
split_feature=10 10 45 62 10 10 32 10 21 29 10 22 35 7 22 20 1 36 41 60 60 32 45 45 34 51 30 60 45 60
split_gain=0.640421 0.754051 0.838828 0.993575 0.777398 1.19151 0.750396 1.37905 2.12535 1.02207 0.7391 0.755138 0.730367 0.679416 0.807327 0.611631 0.544965 1.28263 0.505122 0.899469 1.44384 0.56319 0.485685 0.63371 0.473644 0.625515 0.446394 0.955862 0.711276 0.589006
threshold=0.081675638985454754 0.39753913293121995 2.3385651590994487 3.1950000000000007 0.91927745688801432 0.95992380042979863 -0.35414994616420964 0.30081702196488996 34.55356076467978 72.750000000000014 -0.81403855522663837 27.145000000000003 0.3921842658472911 -0.12940952255126037 27.875000000000004 32.473559582976343 1.2250000000000003 31.741958984555936 0.17473789896099412 5.0750000000000011 6.6750000000000007 -0.39530328353636784 0.98290215597297703 0.45589923272551697 34.428988833117565 32.833333333333478 86.450000000000017 3.7950000000000004 0.50875291497812758 6.3250000000000011
decision_type=2 2 2 2 2 2 2 2 2 2 2 2 2 2 2 2 2 2 2 2 2 2 2 2 2 2 2 2 2 2
left_child=10 6 3 18 13 -6 -2 -8 9 -9 11 15 -11 14 -5 22 17 -12 -3 -20 21 -21 23 -1 25 -19 29 28 -28 -13
right_child=1 2 -4 4 5 -7 7 8 -10 12 16 26 -14 -15 -16 -17 -18 24 19 20 -22 -23 -24 -25 -26 -27 27 -29 -30 -31
leaf_value=-0.019609623745560013 0.0020611730784537586 0.016824721745167068 -0.01866173199959216 -0.038642880534090603 -0.11536002620076144 -0.0079265234101451934 -0.00033376932917522439 -0.015433755837541174 0.043679994707287013 -0.040952256520980654 0.0060609439031731032 0.016367032625304569 -0.030965276819054352 0.011993896202718842 -0.0011576349979052728 0.0065119983533324134 0.023148453584104327 -5.3370829868141381e-05 0.0099468373997307052 -0.0023612154362388079 0.0018851188140641699 -0.0053953308657351566 -0.038899960132591546 0.00099454386167914391 0.0032414609202548357 -0.015946360018523821 -0.02269573357394462 0.014941023533262139 -0.033121888891499675 -0.0073991672236872414
leaf_weight=118.26179933547974 1123.2476809024811 3554.2609777450562 218.44566464424133 114.34273689985275 97.780083954334259 205.99443507194519 1033.2367060780525 94.290371179580688 128.00785726308823 170.23344308137894 3423.8007745742798 2496.7038055062294 89.633708477020264 1231.3738526701927 761.75037634372711 159.07301950454712 4452.0968406796455 261.28933614492416 1692.1221662163734 109.15946555137634 386.10524970293045 209.46697533130646 124.33805400133133 222.16508418321609 254.88905560970306 326.95858418941498 97.128068804740906 355.66470074653625 75.860311150550842 442.10835552215576
leaf_count=133 1011 3275 130 117 100 261 1186 106 165 186 2076 3289 82 1116 720 155 5463 323 1618 85 234 194 93 196 335 443 129 492 100 597
internal_value=0.000234 0.000110405 0.00020708 0.000247959 -6.83274e-05 -0.00103093 -0.000170681 -0.000480743 -0.00137185 -0.00222341 0.000335344 8.35634e-05 -0.0028798 3.06629e-05 -0.000350334 -0.000523037 0.000443357 0.000243624 0.000390773 0.000114647 -0.000434712 -0.00148031 -0.000943757 -0.000225418 -0.000410332 -0.000753022 0.000218404 -0.000232257 -0.00152213 0.000329434
internal_weight=24029.8 11219.5 8580.8 8362.36 2411.24 303.775 2638.65 1515.4 482.165 354.158 12810.3 4091.3 259.867 2107.47 876.093 623.838 8719.03 4266.94 5951.11 2396.85 704.732 318.626 464.765 340.427 843.137 588.248 3467.47 528.653 172.988 2938.81
internal_count=24410 10586 7850 7720 2314 361 2736 1725 539 374 13824 5184 268 1953 837 577 8640 3177 5406 2131 513 279 422 329 1101 766 4607 721 229 3886
is_linear=0
shrinkage=0.0202208


Tree=178
num_leaves=31
num_cat=0
split_feature=48 4 21 44 60 33 64 60 41 25 31 25 64 1 21 2 62 62 38 60 3 25 31 38 38 17 2 38 60 60
split_gain=0.837657 0.511615 1.16998 0.74733 0.728507 0.427563 0.401466 0.34838 0.579164 0.389128 1.86225 0.395274 0.319278 0.55029 0.385379 0.325542 0.277096 0.267073 0.487528 0.867148 1.40288 0.354636 0.864285 0.886778 0.938726 0.556102 0.258439 0.254004 0.36083 0.256544
threshold=35.600000000000009 1009.2500000000001 32.010129347205314 28.707708333333336 4.1650000000000009 -0.085000000000000839 -0.54811256546328113 6.705000000000001 0.50003333222363167 26.785000000000004 80.750000000000014 28.805000000000003 0.85563249846199174 0.96500000000000008 37.472132586141278 167.85000000000005 7.6450000000000005 0.015000000000000001 29.194377227761937 6.8650000000000011 0.87250000000000016 28.175000000000004 78.850000000000009 34.29863408373668 33.375755609241715 34.397233624438584 767.15000000000009 36.938783454079662 6.6750000000000007 4.9750000000000005
decision_type=2 2 2 2 2 2 2 2 2 2 2 2 2 2 2 2 2 2 2 2 2 2 2 2 2 2 2 2 2 2
left_child=1 6 7 4 5 -4 -1 8 9 10 -3 16 17 14 -14 -15 -11 -2 19 20 -19 -20 23 24 -23 -26 -25 28 -8 -29
right_child=12 2 3 -5 -6 -7 27 -9 -10 11 -12 -13 13 15 -16 -17 -18 18 21 -21 -22 22 -24 26 25 -27 -28 29 -30 -31
leaf_value=0.0022413963329195991 0.0034168462454596386 0.0028538543216887766 -0.054357139767323537 0.017561619525767635 -0.0037031563366864114 -0.0072358669074143117 0.029451135496532537 0.01689650236815218 -0.010780841279803843 0.017353485080657507 -0.0038191801003171493 -0.00060376565187832923 0.00097582868319331939 -0.0013332969958611428 -0.010108603183623515 0.013348413473900806 -0.015935455803406648 -0.029693504229228795 0.0054513418353761729 0.0011664327959096869 0.002606799488220765 -0.0049896995307304537 0.0069651338818177855 0.0014422470317593133 -0.03821749956126537 -0.0048243001093779053 -0.011801728249679674 -0.026468710731797161 0.002234108950411103 0.036802480354337481
leaf_weight=2208.7830541133881 1419.603720843792 661.06628745794296 218.96045821905136 264.72315508127213 199.36854416131973 86.985908806324005 4728.5160501599312 934.13455313444138 208.12209421396255 1644.2923912405968 217.02327257394791 567.77028316259384 1315.0439226031303 403.34027892351151 203.45022106170654 2152.4677850604057 124.44041275978088 207.94498705863953 2257.4068016409874 316.23509865999222 120.77838414907455 161.40420198440552 942.80331182479858 643.38660615682602 163.09837472438812 83.26804518699646 153.41478496789932 465.64702808856964 600.42315083742142 355.88637220859528
leaf_count=2469 1103 474 284 315 193 111 5568 327 144 1237 162 505 1454 455 101 2232 121 174 2882 168 111 185 1170 669 227 118 146 279 836 190
internal_value=0.000236791 0.000344851 0.000157841 -0.000527377 -0.00100997 -0.00162388 0.000448945 0.000299404 0.000168916 0.000257022 -1.98467e-05 0.000398339 9.01944e-05 0.000230324 -2.30183e-05 0.000414849 0.000548325 0 -6.70539e-05 -0.000584947 -0.00131637 0 -0.000176372 -0.000557238 -0.00133716 -0.00211501 -4.40264e-05 0.000540371 0.000596412 6.96571e-05
internal_weight=24029.8 13486.1 5126.89 770.038 505.315 305.946 8359.26 4356.85 3422.71 3214.59 878.09 2336.5 10543.6 4074.3 1518.49 2555.81 1768.73 6469.34 5049.74 644.958 328.723 4404.78 2147.38 1204.57 407.771 246.366 796.801 6150.47 5328.94 821.533
internal_count=24410 13215 3873 903 588 395 9342 2970 2643 2499 636 1863 11195 4242 1555 2687 1358 6953 5850 453 285 5397 2515 1345 530 345 815 6873 6404 469
is_linear=0
shrinkage=0.0202208


Tree=179
num_leaves=31
num_cat=0
split_feature=51 58 21 0 46 62 33 30 55 22 64 64 27 34 64 27 61 28 46 61 64 61 20 30 53 30 53 26 30 32
split_gain=0.75392 0.657238 0.563343 0.497561 0.623549 0.511023 0.496837 0.453685 0.401757 0.60147 0.361971 0.421079 0.418513 0.410944 0.626361 0.387705 0.347891 0.536833 0.809647 0.916975 1.53513 0.324799 0.630849 0.533378 0.378 0.368721 0.493338 0.614426 0.314012 0.255514
threshold=3.925000000000114 1006.7500000000001 37.234011690746591 6.8050000000000006 2384.3130000000006 30.515000000000004 -0.015000000000000567 87.750000000000014 0.91350000000000009 27.795000000000005 3.08098181321107 0.87342487638551003 64.350000000000009 34.380007810120638 4.4220884089285972 79.550000000000011 0.24500000000000002 82.550000000000011 1922.4350000000002 0.055000000000000007 1.1366899699727659 0.055000000000000007 30.130376855683391 76.950000000000017 0.95250000000000001 85.250000000000014 0.9385 27.815000000000001 65.750000000000014 -1.4118033517418345
decision_type=2 2 2 2 2 2 2 2 2 2 2 2 2 2 2 2 2 2 2 2 2 2 2 2 2 2 2 2 2 2
left_child=16 3 7 5 6 -2 -5 10 -9 -10 11 21 -13 14 15 -12 17 18 28 -20 -21 23 25 -3 -25 26 27 -23 29 -1
right_child=1 2 -4 4 -6 -7 -8 8 9 -11 13 12 -14 -15 -16 -17 -18 -19 19 20 -22 22 -24 24 -26 -27 -28 -29 -30 -31
leaf_value=-0.0094358468777739207 0.017624916195278534 -0.00016765804346855918 -0.0019107764871192636 0.0094876202442573266 0.051316785573218449 -0.014076424561938444 -0.01725753383324866 0.00041204813258823925 0.00072927422324576196 -0.038008231638913419 -0.035930766882503067 -0.026454120572128637 0.0093415126979800762 0.0042690527920072434 0.011585164778779482 -0.031932833472666969 0.018934604336805935 0.052413996213329019 -4.5754940383240722e-05 -0.021787962496001224 0.0078082686758683831 -0.015010990716988868 0.0023473098641024273 0.012785340921522793 -0.00086245623598690769 0.00083548503373662381 -0.00043374822122664087 -0.0011632705376090641 0.032492002445277834 0.0091925363815638234
leaf_weight=222.96934700012207 4587.706037402153 1508.0291699171066 429.29703724384308 214.89029508829117 369.52566003799438 261.78430598974228 406.71691411733627 262.82088261842728 76.725503087043762 120.15432858467102 136.02181446552277 118.44194483757019 2218.482930958271 235.23096573352814 87.637820661067963 75.458363711833954 5632.5057442188263 568.55441641807556 739.77757674455643 196.89753890037537 149.04505282640457 361.60458791255951 2349.5330124497414 883.18116307258606 129.79795002937317 205.64254891872406 334.67408299446106 223.68805551528931 599.30919194221497 323.68529766798019
leaf_count=90 4961 1109 262 271 463 348 544 315 95 167 176 156 2527 298 113 86 5974 414 569 167 142 274 2852 747 110 243 296 225 224 192
internal_value=0.000245346 0.000152781 4.07192e-05 0.000324833 -8.99399e-06 0.000411052 -0.000479773 8.21954e-05 -0.000499247 -0.00118019 0.000122422 0.000162483 0.000399689 -0.000336204 -0.000868901 -0.0015001 0.000406018 0.000170197 0 -0.000366083 -0.00122007 5.52345e-05 -5.15919e-05 0.000237017 0.000594906 -0.000460829 -0.000650221 -0.00100258 0.000401088 0
internal_weight=24029.8 15597 9756.42 5840.62 991.133 4849.49 621.607 9327.13 459.701 196.88 8867.42 8333.08 2336.92 534.349 299.118 211.48 8432.74 2800.24 2231.68 1085.72 345.943 5996.15 3475.14 2521.01 1012.98 1125.61 919.967 585.293 1145.96 546.655
internal_count=24410 16638 10051 6587 1278 5309 815 9789 577 262 9212 8539 2683 673 375 262 7772 1798 1384 878 309 5856 3890 1966 857 1038 795 499 506 282
is_linear=0
shrinkage=0.0202208


Tree=180
num_leaves=31
num_cat=0
split_feature=51 12 21 60 21 62 33 39 11 36 31 56 11 30 51 11 64 64 62 4 60 64 52 64 64 39 20 12 38 62
split_gain=0.581811 0.413352 0.777628 0.547431 1.22317 0.508956 0.528247 0.466282 0.450201 0.623906 0.464734 0.712555 0.828525 0.444498 0.515369 0.482987 0.424352 0.613817 0.572325 0.468929 0.646341 0.642392 0.693126 0.487673 0.590753 0.543931 0.460057 0.413038 0.447449 0.542315
threshold=3.925000000000114 5.5000000000000009 35.471284367503522 5.2150000000000007 37.234011690746591 9.9450000000000021 -0.035000000000000135 1.6315713366422411 0.93225468035816128 34.192170734782657 78.850000000000009 1013.85 0.87377473702374975 84.550000000000011 594.34166666666704 0.20088311396693925 0.5241395096267657 3.08098181321107 1.0000000180025095e-35 1006.7500000000001 3.1150000000000007 0.14331848199366529 11013.277500000002 -2.186891101812845 -1.0000000180025095e-35 0.7082830551201218 27.380830107795308 1.5000000000000002 29.015395574497518 0.095000000000000015
decision_type=2 2 2 2 2 2 2 2 2 2 2 2 2 2 2 2 2 2 2 2 2 2 2 2 2 2 2 2 2 2
left_child=27 3 16 5 8 7 -7 13 9 10 11 12 -5 14 -2 -15 18 -18 -3 21 -21 -20 -23 -22 25 -25 -27 28 -1 -30
right_child=1 2 -4 4 -6 6 -8 -9 -10 -11 -12 -13 -14 15 -16 -17 17 -19 19 20 23 22 -24 24 -26 26 -28 -29 29 -31
leaf_value=0.0090998110149314877 0.0095158848692966022 0.0050270869729363401 0.023111506288133372 -0.022222695870741445 -0.010591416901652464 -0.044139608404940835 0.0010551484761990987 -0.0072836698263458377 0.027999312241434586 0.017202993312298912 0.0081987941044525323 -0.00064145706497013085 -0.0014050463703496477 -0.042214665517116015 -0.0002034223165372313 0.0098040960227235002 0.014085278708049482 -0.0054270687794283051 0.019754167957430551 0.0042580111286740097 0.00041497269140290622 0.027937501450297282 -0.053945710664873879 -0.0019925892887449762 8.7750290895637417e-05 -0.001102571015199109 -0.015984391854807673 0.016568969662911728 -0.0043481682626345499 0.0071027464273975627
leaf_weight=574.03024530410767 3003.4786565303802 946.11984479427338 1504.7602884173393 217.58781254291534 159.73280870914459 146.14289605617523 209.78842467069626 733.15727430582047 270.18462842702866 262.6872364282608 111.95879930257797 145.93737614154816 141.07985591888428 111.09034049510956 830.35052597522736 271.87705540657043 2270.991881608963 443.98101663589478 1131.9799408912659 462.56081265211105 526.95051461458206 163.32526141405106 116.61188209056854 229.25877267122269 404.2912141084671 143.40961426496506 637.75064027309418 7240.8536537885666 333.1465670466423 284.71369957923889
leaf_count=274 2743 662 1688 234 80 141 218 676 191 297 124 106 76 122 783 342 2851 566 1554 605 459 227 160 331 514 108 780 7028 268 202
internal_value=0.000232074 0.000149248 0.000239474 1.34371e-05 -0.000340107 0.000117353 -0.000560639 0.000184199 -2.81869e-05 -0.000318857 -0.000720472 -0.00100345 -0.00148839 0.000276081 0.000352659 -0.00025995 0.000139853 0.000342892 5.53529e-06 -8.59632e-05 -0.000272669 0.00016999 -0.000569732 -0.000454274 -0.000650814 -0.000911298 -0.00116455 0.000374743 0 -0.00035071
internal_weight=24029.8 15597 8981.99 6615.05 1309.17 5305.89 355.931 4949.95 1149.44 879.251 616.564 504.605 358.668 4216.8 3833.83 382.967 7477.23 2714.97 4762.26 3816.14 2404.22 1411.92 279.937 1941.66 1414.71 1010.42 781.16 8432.74 1191.89 617.86
internal_count=24410 16638 10505 6133 1108 5025 359 4666 1028 837 540 416 310 3990 3526 464 8817 3417 5400 4738 2797 1941 387 2192 1733 1219 888 7772 744 470
is_linear=0
shrinkage=0.0202208


Tree=181
num_leaves=31
num_cat=0
split_feature=27 31 57 0 17 21 10 52 11 26 10 64 31 36 31 11 11 21 63 10 59 10 11 10 53 57 51 47 64 29
split_gain=0.773551 0.488884 0.485287 1.12323 1.81049 0.52216 0.725229 0.988787 0.494329 0.429022 0.413306 1.02923 0.711782 1.48492 0.649653 0.616377 0.598539 0.578797 0.507368 0.479909 0.79499 0.825488 0.394745 0.6715 0.388757 0.443582 0.565362 0.379438 0.840333 0.522435
threshold=85.350000000000009 81.450000000000017 1010.7500000000001 7.1950000000000012 24.230157242475894 32.065825962901087 0.64534213713577271 21503.495500000005 0.99696424012059681 25.625000000000004 -0.81403855522663837 1.3286849965281819 82.050000000000011 30.518765637620451 80.550000000000011 0.49751328890718055 0.8977101403255705 28.062711357252638 27.16681648457612 -0.97873101657557326 6.205000000000001 -0.94130860066615785 -0.92910699518418138 0.30081702196488996 0.80650000000000011 1011.6500000000002 20.941666666666784 29.235000000000003 1.3868729438215655 70.550000000000011
decision_type=2 2 2 2 2 2 2 2 2 2 2 2 2 2 2 2 2 2 2 2 2 2 2 2 2 2 2 2 2 2
left_child=2 -2 10 4 -4 8 -7 -8 24 -5 11 12 15 -14 22 -1 -16 -18 -19 -15 -21 -22 23 -12 -6 -26 -27 -24 -29 -30
right_child=1 -3 3 9 5 6 7 -9 -10 -11 14 -13 13 19 16 -17 17 18 -20 20 21 -23 27 -25 25 26 -28 28 29 -31
leaf_value=0.010694813195296891 0.0011629872443544662 0.040379496232120442 -0.0096773643908518499 0.019276183928875579 0.00048370013751111989 -0.0011988607241781944 -0.066068697371457125 -0.0030763146146408414 0.010040111096155713 -0.00017649222072399791 -0.00043384928116482481 0.033865930532441559 -0.033297822801917981 0.019896723733601778 0.024312456834920067 -0.031578718625287584 0.012361834430257885 0.00075995809319007786 -0.0041448095670368768 -0.0026711980261292117 -0.07740139691296935 -0.0023527301937040688 0.0029272086954413305 -0.04295125430714139 0.00059780409934124493 -0.037237880805219073 -0.001106965048521622 0.013590099035794315 0.0038026655172540978 -0.051151928342820972
leaf_weight=985.85459297895432 558.2663808465004 2377.9442033171654 103.87154871225357 848.88632345199585 1553.1118580102921 399.35896176099777 95.290480017662048 77.242891192436218 448.12790906429291 410.91996222734451 971.76412284374237 768.89725399017334 122.75422298908234 349.95036274194717 4789.3754118084908 136.17352747917175 326.38782107830048 144.98467046022415 162.73881578445435 403.28701728582382 73.011254549026489 72.356979131698608 6276.8487628698349 80.015018284320831 225.68603265285492 190.39282834529877 181.26215463876724 452.38160246610641 159.09301179647446 283.55355829000473
leaf_count=1207 599 2615 45 281 1374 518 110 96 306 212 1305 1046 132 477 5567 124 170 92 144 528 101 94 5847 110 187 127 148 442 154 252
internal_value=0.000224821 0.000546919 0.000175739 0 -0.000207143 -9.06591e-05 -0.000644986 -0.00174247 0 0.000502083 0.000226535 0 -0.000219986 -0.000616931 0.000273214 6.45019e-05 0.000453188 -8.48312e-06 -0.00075177 -0.000218437 -0.000639419 -0.00192042 0.000143714 -0.000180074 -9.46188e-05 -0.000543197 -0.000977277 0.000203476 -0.000124186 -0.00081617
internal_weight=24029.8 2936.21 21093.6 4534.15 3274.34 3170.47 571.892 172.533 2598.58 1259.81 16559.4 2912.29 2143.39 1021.36 13647.1 1122.03 5423.49 634.111 307.723 898.606 548.655 145.368 8223.66 1051.78 2150.45 597.341 371.655 7171.88 895.028 442.647
internal_count=24410 3214 21196 3404 2911 2866 724 206 2142 493 17792 3709 2663 1332 14083 1331 5973 406 236 1200 723 195 8110 1415 1836 462 275 6695 848 406
is_linear=0
shrinkage=0.0202208


Tree=182
num_leaves=31
num_cat=0
split_feature=27 31 58 51 1 11 0 8 4 42 20 26 8 18 20 58 33 61 4 12 0 11 27 31 8 61 61 1 32 11
split_gain=0.618098 0.48102 0.407699 0.499367 0.454811 1.18573 1.31286 1.00995 1.02168 1.79298 0.551224 0.447872 0.356267 0.345239 0.863407 0.337126 0.332424 0.309359 0.883534 0.509796 0.409481 0.577863 0.786256 0.300698 0.276701 0.257833 0.284062 0.324239 0.353703 0.245403
threshold=85.350000000000009 82.450000000000017 1004.7500000000001 3.925000000000114 4.6750000000000007 -0.10737736916418625 2.5750000000000006 -0.25881904510252113 1007.2500000000001 28.46583333333334 37.472986655778918 29.775000000000002 0.60355339059327384 32.725803549946761 33.000549642189917 1005.9500000000002 -1.4799999999999984 0.24500000000000002 1007.5500000000001 4.5000000000000009 7.1950000000000012 0.97690230611205509 77.950000000000017 77.15000000000002 0.60355339059327384 2.1450000000000005 0.87500000000000011 0.18500000000000003 0.83683120361652297 0.91586428826728705
decision_type=2 2 2 2 2 2 2 2 2 2 2 2 2 2 2 2 2 2 2 2 2 2 2 2 2 2 2 2 2 2
left_child=2 -2 12 17 11 10 -7 8 -8 -10 13 16 -1 14 -6 -13 -5 18 19 -4 21 24 -23 -15 -20 26 27 28 -17 -18
right_child=1 -3 3 4 5 6 7 -9 9 -11 -12 15 -14 23 -16 25 29 -19 20 -21 -22 22 -24 -25 -26 -27 -28 -29 -30 -31
leaf_value=0.021099190544117439 0.0010475927506631885 0.041458566143067817 0.00081935665875226349 -0.062590770309668156 0.015063880351899237 0.0054479155663992194 -0.0058106890408615814 -0.004198470066022442 -0.037618262565559259 -0.00610784640535951 -0.067853157903653094 0.0041000285349673685 -0.00010296929335937303 -0.00039502222830633095 -0.03407324927437419 -0.00012968024948236033 0.0079712617306459069 0.014776622605872499 -0.00042373935531546251 -0.018854806355006547 0.018594259299939603 4.1687251523108591e-05 -0.035798304411590064 0.021371124818133816 0.0091658526548025997 0.0025626082147597526 -0.012359809494328555 0.0031785853473444365 -0.041521071157878571 8.7732106808590733e-05
leaf_weight=1495.0687121748924 768.95848321914673 2167.252100944519 90.002791941165924 92.100056827068329 272.46781063079834 337.04074835777283 136.90161919593811 302.04794949293137 132.77905285358429 134.13493812084198 120.92383152246475 336.36971318721771 474.60716640949249 481.72565025091171 123.543137550354 166.56073695421219 5428.1267889142036 3762.7897084355354 458.91061270236969 129.16432154178619 794.00045269727707 251.82622021436691 202.7527107000351 1236.8949512243271 580.05072903633118 374.59394043684006 306.8703761100769 252.00451016426086 132.97697919607162 2486.3427400588989
leaf_count=1532 841 2373 111 77 371 432 180 339 139 166 80 211 496 553 170 175 6245 3961 383 119 275 162 108 1576 445 267 229 214 154 2026
internal_value=0.000221257 0.000512483 0.000176477 0.000141228 6.0271e-05 -0.000132111 -0.000705448 -0.00121816 -0.00189611 -0.00263694 9.70472e-05 0.000135304 0.000473363 0.000209319 -0.000202781 -0.000145983 0.000201416 0.000293111 7.33497e-05 -0.00107943 0.000223717 0 -0.000571549 0.000355361 0.000287915 -0.000338104 -0.000534977 -7.04999e-05 -0.000627351 0.000224541
internal_weight=24029.8 2936.21 21093.6 19123.9 12854.4 3278.46 1042.9 705.864 403.816 266.914 2235.56 9575.95 1969.68 2114.63 396.011 1569.38 8006.57 6269.5 2506.71 219.167 2287.54 1493.54 454.579 1718.62 1038.96 1233.01 858.413 551.542 299.538 7914.47
internal_count=24410 3214 21196 19168 13604 4006 1256 824 485 305 2750 9598 2028 2670 541 1250 8348 5564 1603 230 1373 1098 270 2129 828 1039 772 543 329 8271
is_linear=0
shrinkage=0.0202208


Tree=183
num_leaves=31
num_cat=0
split_feature=21 57 21 2 64 11 11 11 0 28 60 55 6 64 11 25 30 11 0 34 28 4 60 11 30 30 11 11 63 11
split_gain=0.439076 0.745775 0.529861 1.33492 0.489417 0.560666 0.594875 0.53605 0.620096 0.77358 0.491998 0.675972 0.475077 0.494852 0.425182 0.409416 0.408204 0.362708 0.372689 0.521822 0.351128 0.481406 0.502427 0.970476 2.19095 0.3717 1.14001 0.336927 0.318305 0.30713
threshold=25.472402142330878 1010.7500000000001 32.065825962901087 463.75000000000006 -0.54811256546328113 0.53435276464917691 0.48250774176121808 0.91234096280339505 3.5750000000000006 72.750000000000014 2.0450000000000004 0.58850000000000013 -0.25881904510252113 0.83702138933667503 0.90515966073569365 28.765000000000004 62.550000000000004 0.99696424012059681 8.2150000000000016 28.321084202052209 77.050000000000011 1006.1500000000002 5.2650000000000006 -0.86092912513210462 78.950000000000017 82.250000000000014 -0.36572252349726903 0.88201535311751322 32.909278788187031 -0.47495107206705001
decision_type=2 2 2 2 2 2 2 2 2 2 2 2 2 2 2 2 2 2 2 2 2 2 2 2 2 2 2 2 2 2
left_child=16 4 17 15 5 6 20 12 9 -9 -11 -12 -6 -14 -7 -4 -1 18 19 27 -2 -22 25 24 -24 -23 -27 -3 -28 -25
right_child=1 2 3 -5 7 14 -8 8 -10 10 11 -13 13 -15 -16 -17 -18 -19 -20 -21 21 22 23 29 -26 26 28 -29 -30 -31
leaf_value=-0.00066266021167015409 0.019072350427939162 -0.0090690956443293391 -0.03860537142855739 9.4867284445352673e-05 0.028529592264476631 0.01950359883461485 -0.037768980125952638 0.0015373195636844365 0.0030806067915776134 -8.5505280940587812e-05 -0.02278031417469575 -0.011972599958437087 0.00048823965825050869 0.0078223723671340915 -0.00048757341756285407 -0.025834507688723397 0.023762658700134304 0.010497903616982163 0.01088964120143694 0.00056173573019640296 0.0043407304138944657 0.0082197744504024575 -0.042152534499622328 0.027710823590893816 -0.018028980125268924 0.013333832299466867 -0.046050734307544215 -0.0004240546265489033 -0.023196738082491068 -0.006821911545534561
leaf_weight=211.80417931079865 707.27731370925903 239.96288907527924 155.27657920122147 480.72237575054169 4957.5130650997162 1011.6699882149696 97.148529648780823 568.84160846471786 613.44991475343704 146.18881911039352 165.59077703952789 117.4213655591011 3133.6633632183075 3935.6855052709579 406.27439522743225 90.350151598453522 1600.7412822246552 479.81118440628052 260.63863468170166 1393.0712897181511 1030.2232089042664 524.28986930847168 82.534029245376587 224.17953872680664 189.62234663963318 172.64393764734268 113.05089223384857 594.17303991317749 73.717769086360931 252.25169807672501
leaf_count=100 845 178 168 576 5663 884 78 584 454 142 174 118 3838 4090 252 98 676 320 92 1350 1349 604 114 285 274 238 145 373 96 252
internal_value=0.000236833 0.000205741 -3.64833e-05 -0.000538444 0.00025877 6.1805e-05 -5.51051e-05 0.00032286 0 -0.000334112 -0.000993984 -0.00148053 0.000369349 0.000239127 0.000408578 -0.00174193 0.000568435 5.74736e-05 -7.27407e-06 -0.000126226 0 -0.000115557 -0.000350994 -0.000735393 -0.00170597 0 -0.000520324 -0.000539524 -0.00170027 0
internal_weight=24029.8 22217.2 3694.01 726.349 18523.2 4884.88 3466.94 13638.4 1611.49 998.043 429.201 283.012 12026.9 7069.35 1417.94 245.627 1812.55 2967.66 2487.85 2227.21 3369.79 2662.51 1632.29 748.588 272.156 883.702 359.413 834.136 186.769 476.431
internal_count=24410 23634 3155 842 20479 5416 4280 15063 1472 1018 434 292 13591 7928 1136 266 776 2313 1993 1901 4202 3357 2008 925 388 1083 479 551 241 537
is_linear=0
shrinkage=0.0202208


Tree=184
num_leaves=31
num_cat=0
split_feature=27 46 34 34 54 43 60 36 1 40 45 45 22 44 45 45 46 10 60 33 44 12 45 27 46 60 30 40 30 10
split_gain=0.597591 0.441319 0.460749 0.821128 0.865808 2.11985 0.510319 0.592853 0.390669 0.985331 0.639563 1.70362 0.757674 0.712647 0.554926 1.00178 0.741837 0.969438 0.557275 0.598444 0.466783 0.403992 0.973829 0.459014 0.389637 0.472122 0.361176 0.355542 0.311733 0.43302
threshold=85.350000000000009 1585.3790000000001 26.680006128998279 28.090911275472919 0.20250000000000004 0.52073665733998653 7.0750000000000011 25.166636243976985 6.0950000000000006 28.188333333333336 0.51495848988010118 0.33939150527712458 27.595000000000002 28.389791666666671 1.4427207955780774 1.5738692167425685 1922.4350000000002 1.0000000180025095e-35 6.8050000000000006 0.18000000000000152 29.517291666666669 9.5000000000000018 0.42270554985239472 73.450000000000017 2366.2905000000005 7.7750000000000012 75.15000000000002 29.641666666666669 83.950000000000017 0.13301347478292308
decision_type=2 2 2 2 2 2 2 2 2 2 2 2 2 2 2 2 2 2 2 2 2 2 2 2 2 2 2 2 2 2
left_child=1 -1 6 4 5 -4 7 -3 14 10 11 -10 -13 -14 18 16 -16 -18 19 -5 21 23 -23 -11 -20 -26 -6 -22 -21 -30
right_child=-2 2 3 8 26 -7 -8 -9 9 20 -12 12 13 -15 15 -17 17 -19 24 28 27 22 -24 -25 25 -27 -28 -29 29 -31
leaf_value=-0.0111538943959156 0.027543065655151341 -0.001786961130734532 -0.010431934076306054 0.011181057760277873 0.0053237058278375457 -0.0019261813959311432 0.021169223624683493 0.0084898921029245879 0.0086096899774106006 -0.019442552158879387 -0.0010397897049237484 -0.03743415468142957 0.0010794982491087166 -0.032765793876063494 0.00060578706995314093 0.0010038968255784628 -0.0017286869072956497 -0.062282664390182679 0.00071025495780800978 0.0026202044761597784 -0.035060397750244048 -0.027243078241377401 0.013557614353319578 0.018346645843573057 -0.043189982654782057 0.015690175152683183 -0.0027748014252194282 4.5942400062313243e-06 0.0015062336679432021 -0.018135400425376175
leaf_weight=149.12546759843826 2936.2105841636658 315.18929696083069 146.2823902964592 7428.3821753263474 494.96588695049286 186.20208597183228 1394.3831201791763 710.67000204324722 393.17580252885818 94.317733585834503 494.09288114309311 122.86476027965546 183.72679954767227 96.010446488857269 145.57389354705811 684.2300443649292 125.85534167289734 107.35890114307404 785.23038929700851 2855.0237972140312 134.98368817567825 83.272052109241486 312.75613057613373 1905.3078181147575 112.8265009522438 68.006302416324615 315.09969002008438 354.14303201436996 545.5192608833313 349.00326550006866
leaf_count=97 3214 161 102 7830 282 123 545 350 514 122 536 147 239 133 127 652 99 100 964 2935 155 119 425 2557 156 93 230 257 738 408
internal_value=0.000225397 0.00018116 0.000192448 0.000151009 -0.000347098 -0.00120931 0.000472716 3.38409e-05 0.000188861 0 -0.000445368 -0.000804885 -0.00172835 -0.000687941 0.000242962 -0.000148645 -0.0010249 -0.00172435 0.000284488 0.000327222 0.00022499 0.000357852 -6.26596e-05 0.000484795 -0.000119011 -0.000967503 0 -0.000245787 8.81699e-05 -0.000193856
internal_weight=24029.8 21093.6 20944.5 18524.2 1142.55 332.484 2420.24 1025.86 17381.7 4174.65 1289.87 795.778 402.602 279.737 13207 1063.02 378.788 233.214 12144 11177.9 2884.78 2395.65 396.028 1999.63 966.063 180.833 810.066 489.127 3749.55 894.523
internal_count=24410 21196 21099 20043 737 225 1056 511 19306 5204 1569 1033 519 372 14102 978 326 199 13124 11911 3635 3223 544 2679 1213 249 512 412 4081 1146
is_linear=0
shrinkage=0.0202208


Tree=185
num_leaves=31
num_cat=0
split_feature=27 0 64 30 29 53 42 19 1 59 38 64 64 29 61 40 12 33 20 58 22 61 1 64 49 59 30 38 12 12
split_gain=0.571994 0.43519 0.556373 1.04828 0.382013 0.408313 0.390922 0.73674 0.786831 1.41664 0.736477 1.23007 3.53933 0.555785 1.35101 0.474435 0.384454 0.36731 0.36117 0.530096 0.604937 0.476275 0.39763 0.350698 0.454865 0.399348 0.350651 0.340714 0.323862 0.317622
threshold=82.550000000000011 3.7350000000000008 -1.3127397497138522 72.950000000000017 87.950000000000017 0.30150000000000005 28.782500000000006 31.150059164245906 1.0750000000000004 4.1850000000000014 26.949033352034665 -1.8206202934939666 -0.94058302879045452 81.350000000000009 0.78500000000000014 27.100000000000005 2.5000000000000004 -0.1199999999999992 30.506363543411556 1008.7500000000001 28.035000000000004 0.025000000000000005 0.065000000000000016 2.7843000257565618 119.55000000000001 5.8850000000000007 86.050000000000011 36.630327848104052 6.5000000000000009 5.5000000000000009
decision_type=2 2 2 2 2 2 2 2 2 2 2 2 2 2 2 2 2 2 2 2 2 2 2 2 2 2 2 2 2 2
left_child=4 2 17 -4 5 18 7 10 9 -9 11 -7 -13 23 -15 -12 -10 -2 19 21 22 -1 -21 24 25 -8 -5 -3 -17 -26
right_child=1 27 3 26 -6 6 13 8 16 -11 15 12 -14 14 -16 28 -18 -19 -20 20 -22 -23 -24 -25 29 -27 -28 -29 -30 -31
leaf_value=-0.03196090446949907 -0.011513535659685565 0.022720300591381616 -0.02136949573897132 0.030872045831293486 -0.036112397614563918 0.0022290166909465516 0.030691958519412619 0.000312133999613463 -0.021549511149839731 -0.017440737007893933 0.013602178225040919 -0.012858192822944403 0.010176163378320908 -0.038372113757215116 0.0023923016221477525 -0.0019508950928207064 0.00086884406515603987 -0.014798675341331401 0.0087907307198633808 0.016898776788861834 -0.011031563912762443 -0.0041791852360185573 -0.0014844458281808948 -0.0012154707530927782 -0.00051132336052587125 -0.00012685509910089282 -0.014410852029763995 -0.0060405413371235296 0.0065481530181106884 0.013364639772679916
leaf_weight=163.01794141530991 177.22476124763489 5258.8782117962837 145.9423326253891 1139.1000636816025 141.32678043842316 757.18469125032425 1365.346176981926 422.74197226762772 141.64836150407791 374.40773397684097 1349.1746473312378 228.5901210308075 331.21471852064133 99.562155783176422 831.88031643629074 667.6514185667038 1917.1310116052628 110.00078356266022 2221.6766579151154 1034.6359371542931 552.85084009170532 111.3547910451889 163.43031883239746 613.02353274822235 1175.4003965258598 287.83224076032639 129.68840551376343 253.30768698453903 650.26509207487106 1214.2994413971901
leaf_count=128 187 5889 149 1325 160 367 1385 488 132 439 844 130 157 99 904 670 2635 133 2024 690 644 97 124 583 1060 332 152 180 771 1532
internal_value=0.0002269 0.000386045 4.2478e-05 0.000254464 0.000153342 0.000166685 9.80448e-05 0 -0.00025213 -0.000792762 0.000173053 -0.000174344 -0.000929568 0.000223516 -0.000168975 0.00037738 0 -0.000690068 0.000346654 9.47506e-05 0.000261429 -0.000642752 0.000538727 0.000320905 0.00039243 0.000670995 0.000492466 0.000476142 3.00668e-05 0.000162333
internal_weight=24029.8 7214.14 1701.96 1414.73 16815.6 16674.3 12427.4 6840.01 2855.93 797.15 3984.08 1316.99 559.805 5587.34 931.442 2667.09 2058.78 287.226 4246.97 2025.29 1750.92 274.373 1198.07 4655.9 4042.88 1653.18 1268.79 5512.19 1317.92 2389.7
internal_count=24410 8015 1946 1626 16395 16235 12528 6633 3694 927 2939 654 287 5895 1003 2285 2767 320 3707 1683 1458 225 814 4892 4309 1717 1477 6069 1441 2592
is_linear=0
shrinkage=0.0202208


Tree=186
num_leaves=31
num_cat=0
split_feature=27 33 4 60 62 8 4 3 62 45 62 22 60 11 45 11 12 60 60 3 62 46 11 4 46 23 11 45 51 45
split_gain=0.607983 0.508829 0.572204 0.63073 0.496962 1.06013 2.63297 0.454234 0.447209 0.710045 0.40963 0.332904 0.307453 0.291922 1.05911 1.1063 0.966064 0.914003 0.983796 0.696127 0.679249 1.50354 0.752349 0.619262 0.5938 0.429861 0.618507 0.612564 0.570162 1.16586
threshold=85.350000000000009 -0.86999999999999911 1006.7500000000001 6.8050000000000006 7.1550000000000011 1.0000000180025095e-35 1008.85 0.99250000000000005 0.20500000000000004 0.48189606987586214 0.015000000000000001 28.135000000000002 2.1750000000000003 0.91234096280339505 2.3385651590994487 0.60503365783732044 10.500000000000002 4.4450000000000012 2.0050000000000003 0.97250000000000003 0.16500000000000004 2068.6570000000006 0.96897393274411414 1012.5500000000001 1922.4350000000002 28.705000000000002 0.25951179706979971 1.3502090535899234 128.16666666666683 0.48189606987586214
decision_type=2 2 2 2 2 2 2 2 2 2 2 2 2 2 2 2 2 2 2 2 2 2 2 2 2 2 2 2 2 2
left_child=1 10 3 8 13 6 11 -8 9 -3 -1 -6 -2 14 15 16 25 18 -15 -18 21 22 -20 -17 -25 26 28 -28 -4 -30
right_child=12 2 4 -5 5 -7 7 -9 -10 -11 -12 -13 -14 17 -16 23 19 -19 20 -21 -22 -23 -24 24 -26 -27 27 -29 29 -31
leaf_value=0.00015319333289143646 -0.010222455308328287 -0.039068593842232754 -0.003763510021970225 -0.0011005089532601872 -0.01833988963436723 0.0023099718135129173 -0.04782484458013464 -0.016779105711553773 0.016014950275905836 0.0080635348577493323 0.0090807137289490771 0.012365486356980794 0.030134623851609598 0.002272326636488508 -0.015664330958644855 0.020709278273139186 -0.033141504154511524 0.0035170581098977211 -0.026485988677694399 0.0002660296063128119 -0.0017335553206197696 -0.045152732614239695 0.0010713844908425705 0.01865663380719184 -0.0093971103159115141 0.0094670314683015597 0.024815281779875596 -0.006482463120792651 -0.0016530746332747801 -0.049422425913158811
leaf_weight=1115.7382819652557 135.85160219669342 117.87280404567719 832.26647382974625 1203.6880853772163 142.57904404401779 983.75364971160889 88.672097325325012 83.916048467159271 4906.5160874128342 287.07536202669144 1385.7293667793274 311.70339983701706 2800.3589819669724 544.54742354154587 132.06160634756088 2073.423023879528 185.61913567781448 1532.4699908494949 216.75260752439499 85.460832417011261 398.35248953104019 125.78989100456238 337.44044214487076 262.95833986997604 159.515944480896 2313.0992768406868 765.63235956430435 137.67668223381042 197.18215543031693 166.08605474233627
leaf_count=640 151 120 1134 1592 175 1154 105 109 5357 319 866 418 3063 507 82 2182 194 991 202 106 387 130 276 165 146 2366 866 116 280 211
internal_value=0.00021907 0.000174611 0.000131414 0.000286578 4.03916e-05 -0.00027626 -0.000936542 -0.00303776 0.000384714 -0.0001079 0.000459992 0 0.000507998 9.75708e-05 0.000170614 0.000214755 1.19402e-05 -4.39584e-05 -0.000401059 -0.00112647 -0.000773085 -0.00116265 -0.000504822 0.000559632 0 0.000102683 -7.48708e-05 0.00026869 -0.000407481 -0.00108486
internal_weight=24029.8 21093.6 18592.1 6515.15 12077 1610.62 626.871 172.588 5311.46 404.948 2501.47 454.282 2936.21 10466.3 7310.98 7178.92 4683.02 3155.35 1622.88 271.08 1078.34 679.983 554.193 2495.9 422.474 4411.94 2098.84 903.309 1195.53 363.268
internal_count=24410 21196 19690 7388 12302 1961 807 214 5796 439 1506 593 3214 10341 7848 7766 5273 2493 1502 300 995 608 478 2493 311 4973 2607 982 1625 491
is_linear=0
shrinkage=0.0202208


Tree=187
num_leaves=31
num_cat=0
split_feature=33 0 4 37 10 60 2 19 59 46 3 0 59 10 30 20 41 59 56 30 44 60 41 46 10 43 0 26 10 4
split_gain=0.75315 0.509311 0.711884 0.507958 0.680817 0.671095 1.02323 0.80376 0.427427 0.417958 0.5698 0.687537 0.384064 0.349704 0.817746 0.632152 0.557804 0.409653 0.546779 1.03247 0.380493 0.47692 0.760317 0.347695 0.897526 0.785611 0.342274 0.337885 0.563608 0.625629
threshold=0.13999999999999882 7.8250000000000011 1011.2500000000001 0.43136349999268292 -0.85206963063867713 4.7950000000000008 10.750000000000002 32.373212260783625 4.9450000000000012 2414.5910000000003 0.98850000000000005 6.3850000000000007 7.1950000000000012 0.081675638985454754 84.65000000000002 29.888939745165448 0.21007935009296083 2.6650000000000005 1012.9500000000002 76.65000000000002 29.009375000000006 5.2150000000000007 0.20033305601721882 1930.5250000000003 -0.038721922313638066 0.13361635694513238 3.3450000000000002 29.645000000000003 0.74981945761428193 1005.1500000000002
decision_type=2 2 2 2 2 2 2 2 2 2 2 2 2 2 2 2 2 2 2 2 2 2 2 2 2 2 2 2 2 2
left_child=1 2 3 12 5 -5 7 -7 -6 10 13 -12 27 -2 15 17 -16 -15 19 -19 -17 26 -23 24 -4 -25 -22 -1 -29 -30
right_child=9 -3 23 4 8 6 -8 -9 -10 -11 11 -13 -14 14 16 20 -18 18 -20 -21 21 22 -24 25 -26 -27 -28 28 29 -31
leaf_value=0.015887586257477125 0.0038912820250310886 0.014975034045040405 -0.0041828704379681227 0.0070485879366557263 0.00020709660883479224 -0.029624526523243096 0.0089236780626817877 -0.0086764356377838133 0.01684546645509552 0.02837225360994293 -0.00019161586921842224 -0.018726347498694094 -0.0029422001413918681 0.0083921388640626742 -0.040403191512232983 0.014069301938727592 -0.0016985013726757135 -0.033006507343484086 0.00017477369938481856 0.001526259793883721 -0.0011205402397371229 0.00044566949705732292 -0.0089976716079069579 -0.036521989351949884 0.0012802980551791872 0.0043636490089153145 0.011515130676660013 0.015535356070414319 -0.00050763488784291038 -0.043934405041517362
leaf_weight=6694.2077499628067 3032.686606824398 1855.617599606514 365.25420129299164 367.31395661830902 1958.6498835682869 115.40546202659607 120.91709858179092 196.54207277297974 1557.2874395251274 459.48785704374313 764.68332725763321 374.30805480480194 194.60656839609146 161.44269979000092 190.40611362457275 766.28893309831619 164.04459661245346 224.69069188833237 171.81756228208542 163.12069994211197 500.278888463974 124.63724106550217 102.05262756347656 120.97445219755173 484.77027630805969 1018.7542976140976 518.72993719577789 774.18456798791885 244.83446824550629 241.79360890388489
leaf_count=8048 3350 1175 186 433 1919 97 134 238 1528 488 960 470 261 187 234 931 180 194 134 169 387 111 88 118 333 788 328 611 130 200
internal_value=0.000223668 0.000302649 0.000251843 0.00031005 0.000103922 -0.000387404 -0.000950119 -0.00160367 0.000240934 4.53546e-05 0 -0.000406356 0.000408372 8.49896e-05 -4.33917e-05 4.55166e-05 -0.000965972 -0.000423869 -0.00072539 -0.00115215 0.000257686 0 -0.000788891 -6.87953e-05 -0.000403481 0.000104804 0.000224163 0.000435058 4.64969e-05 -0.000404604
internal_weight=24029.8 16311.1 14455.5 12465.7 4316.12 800.179 432.865 311.948 3515.94 7718.68 7259.19 1138.99 8149.63 6120.2 3087.51 2733.06 354.451 721.072 559.629 387.811 2011.99 1245.7 226.69 1989.75 850.024 1139.73 1019.01 7955.02 1260.81 486.628
internal_count=24410 16199 15024 13599 4349 902 469 335 3447 8211 7723 1430 9250 6293 2943 2529 414 684 497 363 1845 914 199 1425 519 906 715 8989 941 330
is_linear=0
shrinkage=0.0202208


Tree=188
num_leaves=31
num_cat=0
split_feature=51 58 39 39 11 55 38 1 11 48 37 37 7 42 32 39 4 58 37 11 11 57 11 58 1 4 26 7 11 58
split_gain=0.655058 0.595776 0.541481 0.485712 0.705661 1.20486 1.61306 0.506759 0.645505 0.721851 0.390143 0.403083 0.598964 0.457084 0.435481 0.43474 0.538565 0.404209 0.364987 0.791261 0.58249 0.359372 0.313137 0.302665 0.510541 1.83038 0.487177 0.297948 0.29522 0.293863
threshold=3.925000000000114 1006.7500000000001 0.73208915840329036 1.5793795014106793 0.59123954401714218 0.57650000000000012 30.292156157843504 0.015000000000000001 0.82873938879806197 439.85000000000008 1.1258326497374311 0.40387734507784007 0.78656609248549303 28.477500000000006 -0.79795298834087613 2.0947269178045707 1010.4500000000002 1012.85 0.56898326638662289 -0.090248267031647136 -0.59815875725621337 1010.9500000000002 -0.073092422389869308 1007.5500000000001 7.5450000000000008 1007.35 30.745000000000001 0.91597561503675351 -0.92260537345622995 1010.85
decision_type=2 2 2 2 2 2 2 2 2 2 2 2 2 2 2 2 2 2 2 2 2 2 2 2 2 2 2 2 2 2
left_child=10 27 23 29 5 6 -5 -6 -9 -10 11 17 13 15 -14 16 18 28 -13 20 -20 -11 -7 -3 26 -26 -25 -2 -1 -4
right_child=1 2 3 4 7 22 -8 8 9 21 -12 12 14 -15 -16 -17 -18 -19 19 -21 -22 -23 -24 24 25 -27 -28 -29 -30 -31
leaf_value=-0.00099848911648856118 0.010940927463076858 0.0022879164216401348 0.00426788353645716 -0.035382641949248846 0.0031543163628364439 -0.034387972764613396 -0.011077466908016762 0.018428587890703514 -0.00054271271905699417 -0.00065987871041689537 0.029472912711130717 0.015846406377537061 0.018283034427729026 0.012906900943546891 -0.00064295955322330508 0.0019119400826775805 -0.014453408670586344 -0.050993943238804212 -0.0055801031834824865 -0.0017541801287038977 -0.028181745467660391 -0.017011890976272835 0.0043496922448840293 4.3756553662085233e-05 -2.7338323261985676e-05 -0.039354772747289622 -0.0038792936477877417 -0.0013269471439796385 0.019903378864378988 -0.00076657012603396012
leaf_weight=393.23556017875671 5143.4865992665291 675.77488166093826 3535.6938878893852 125.48743683099747 1517.4542842507362 149.73816138505936 97.945913374423981 327.12203139066696 704.03032749891281 113.09860372543335 1355.9191167354584 304.80457013845444 928.45481407642365 611.88002353906631 453.81017279624939 449.88920885324478 205.40523982048035 121.01072454452515 97.059166371822357 335.13546854257584 75.048940777778625 167.13007134199142 324.67618614435196 792.70550787448883 153.34141451120377 85.935146749019623 105.1006383895874 697.13661336898804 3101.0911593437195 881.18766969442368
leaf_count=549 5781 721 4138 118 1122 158 116 367 547 107 701 326 665 765 437 298 119 82 128 287 84 134 312 911 195 105 59 806 3331 941
internal_value=0.000230981 0.000144033 3.68974e-05 0.00011666 -3.94631e-05 -0.000629079 -0.00184032 7.577e-05 -0.000172731 -0.000479239 0.000381273 0.000299015 0.000107868 -7.4235e-05 0.000444371 -0.000300829 -0.00054977 0.000457509 -0.000183754 -0.000571657 -0.00166889 -0.00135526 0 -0.000263892 -0.000468325 -0.00135008 -0.000131234 0.000307867 0.000509947 0.000261046
internal_weight=24029.8 15597 9756.42 7943.56 3526.68 697.848 223.433 2828.84 1311.38 984.259 8432.74 7076.83 3461.49 2079.22 1382.26 1467.34 1017.45 3615.34 812.048 507.244 172.108 280.229 474.414 1812.86 1137.08 239.277 897.806 5840.62 3494.33 4416.88
internal_count=24410 16638 10051 8060 2981 704 234 2277 1155 788 7772 7071 3109 2007 1102 1242 944 3962 825 499 212 241 470 1991 1270 300 970 6587 3880 5079
is_linear=0
shrinkage=0.0202208


Tree=189
num_leaves=31
num_cat=0
split_feature=28 56 59 30 53 10 36 10 10 10 20 58 59 1 10 1 11 51 28 10 10 10 24 1 10 53 64 60 9 40
split_gain=0.457665 0.355448 0.436525 0.330807 0.310762 0.366756 1.43263 1.2792 2.40089 0.582696 2.18185 1.52759 0.412746 0.40836 0.728842 0.573093 0.709802 0.416728 0.358612 0.352152 1.61555 0.434369 0.442315 0.9432 0.688138 0.815201 0.783459 0.435715 0.946826 0.544702
threshold=85.250000000000014 1010.7500000000001 4.6250000000000009 87.850000000000009 0.29350000000000004 0.54883787585413535 34.819203480828669 0.6583954877256819 0.63874350706337069 0.74981945761428193 37.235234500426962 1004.85 4.8650000000000011 4.1050000000000013 0.91927745688801432 0.24500000000000002 -0.081676395330422633 143.18333333333348 61.350000000000001 -0.20931270765420754 -0.183996647784403 -0.81403855522663837 26.785000000000004 1.0750000000000004 -0.63209755774300591 0.95850000000000002 2.8941561397931452 6.3250000000000011 0.25881904510252057 27.196666666666669
decision_type=2 2 2 2 2 2 2 2 2 2 2 2 2 2 2 2 2 2 2 2 2 2 2 2 2 2 2 2 2 2
left_child=3 -2 -3 4 18 6 19 8 -7 12 13 -12 -9 15 -15 16 -11 -16 -1 21 -21 27 -23 24 25 -24 -26 29 -29 -6
right_child=1 2 -4 -5 5 7 -8 9 -10 10 11 -13 -14 14 17 -17 -18 -19 -20 20 -22 22 23 -25 26 -27 -28 28 -30 -31
leaf_value=-0.028225954029375395 0.027494116555899131 -0.041645360874556947 0.044385391006269516 -0.0048665300377038244 -0.0077306787627133468 -0.00045596458270068713 0.033179553456053543 0.020331384606458582 -0.050888333125342279 -0.046370953848382336 -0.0013453176261198911 -0.05512330032305239 -0.0012217404659912888 0.0040713663011879304 -0.041136260022791075 0.019646717757300005 0.011601009791533912 -0.051566722702734838 0.0036482280704260182 -0.014351910615727615 4.015651092898916e-05 0.032754649792572268 -0.017772005734119172 0.01378698044177065 0.042322386402081878 0.00010942057263341904 -0.035840455538156457 0.00036805064208250547 -0.0096024704277797423 0.0096157366962950526
leaf_weight=194.90400129556656 2584.8056727051735 126.89352202415466 303.52816754579544 488.81676822900772 242.44301062822342 585.26647561788559 2362.9922931790352 712.22410029172897 206.5409842133522 151.5655312538147 161.14865338802338 189.76603120565414 274.79252845048904 356.34443193674088 77.19843989610672 1355.815867960453 397.3978579044342 69.763345658779144 4312.8395828604698 180.3615534901619 3452.1083646416664 729.82695013284683 111.2929225564003 1747.4670523405075 325.39051234722137 75.991412222385406 106.50807601213455 232.93722558021545 151.76586639881134 1761.0923390984535
leaf_count=204 3034 127 199 629 212 612 2716 557 182 172 82 130 204 377 100 1341 381 86 3717 111 3052 393 134 2299 325 93 127 306 187 2321
internal_value=0.000220518 0.000472457 0 0.000180119 0.000195121 0.000143828 0.00020474 0 -0.00074628 0.000145883 0 -0.0014853 0.000566508 0.000212612 -0.000195866 0.000366605 -5.14452e-05 -0.00144383 0.000357687 7.85949e-05 -5.81508e-05 0.00018509 0.000343408 0.000160407 -0.000450697 -0.00146023 0 0 -0.000638271 9.92718e-05
internal_weight=24029.8 3015.23 430.422 21014.6 20525.7 16018 11480.2 4537.82 791.807 3746.02 2759 350.915 987.017 2408.09 503.306 1904.78 548.963 146.962 4507.74 9117.19 3632.47 5484.72 3096.48 2366.65 619.183 187.284 431.899 2388.24 384.703 2003.54
internal_count=24410 3360 326 21050 20421 16500 12276 4224 794 3430 2669 212 761 2457 563 1894 553 186 3921 9560 3163 6397 3371 2978 679 227 452 3026 493 2533
is_linear=0
shrinkage=0.0202208


Tree=190
num_leaves=31
num_cat=0
split_feature=31 25 60 42 39 21 64 51 55 33 45 60 39 27 21 34 37 27 39 23 45 60 45 20 23 64 20 62 20 64
split_gain=0.527323 0.620281 0.86284 0.876704 0.998754 0.591658 0.62519 0.41427 0.391739 0.59705 0.310989 0.280804 0.753863 0.376508 0.263987 0.646833 0.377598 0.471481 0.477344 0.59736 0.606158 0.419228 0.452941 0.352727 0.472101 0.56873 0.448762 0.781141 0.419471 0.26156
threshold=77.850000000000009 26.395000000000003 7.1650000000000009 26.824166666666674 1.8982883968349349 29.702212716937449 -1.074483197874297 663.70000000000039 0.97950000000000015 -0.83500000000000074 0.49118128819426676 3.6850000000000005 0.98159166867164216 75.050000000000011 37.97606583937079 37.933747343327092 0.16162434898730624 84.750000000000014 0.86123140680567978 29.385000000000002 0.27426697429051206 6.7650000000000006 0.88084342644582259 36.516120284596184 28.655000000000005 1.3110350497080783 34.424529092004569 5.7250000000000005 32.473559582976343 -0.31463017203310878
decision_type=2 2 2 2 2 2 2 2 2 2 2 2 2 2 2 2 2 2 2 2 2 2 2 2 2 2 2 2 2 2
left_child=7 2 3 4 -2 -3 -7 8 10 -10 -1 -9 13 -13 16 -16 -8 18 19 20 -18 22 -20 24 25 26 27 -22 -29 -19
right_child=1 5 -4 -5 -6 6 14 11 9 -11 -12 12 -14 -15 15 -17 17 29 21 -21 23 -23 -24 -25 -26 -27 -28 28 -30 -31
leaf_value=-0.00043805455636565662 -0.0070992613834892386 0.020170954220797326 0.0072801165509840306 2.9731535305576142e-05 -0.0083630296400371926 -0.00045896272575162014 0.031813975206555017 0.0027284719839305994 -0.010277221761169382 0.00021461092247448526 0.0023080244102386097 -0.0083001273350589259 -0.00011411060253837789 -0.0064752571091564425 -0.043461797427152532 0.035643927985786361 0.01627818018063457 0.0012251915274441661 0.025986214894266842 0.012974483467048489 0.0072353097300014834 -0.0037072114377181666 -0.0041119550375214786 -0.027321410738546492 0.0055094869919689636 -0.00057095311750792767 -0.073527517937294506 -0.035011938234816402 -0.013947381124193865 0.036488286296942868
leaf_weight=885.61326599121094 133.46457636356354 2548.7830937504768 295.29479789733887 272.26048201322556 141.2015974521637 1894.7162122130394 1832.3470408916473 473.17765718698502 193.76069033145905 1797.8003791570663 5224.9785317182541 121.13695591688156 464.79014039039612 121.80476725101471 188.36958634853363 216.5572424530983 474.35758882761002 301.68826752901077 1864.8485975861549 750.65147966146469 285.19315713644028 527.17067557573318 414.2035813331604 69.54427844285965 620.87432253360748 194.61514884233475 118.27280157804489 85.067578196525574 104.35498529672623 1412.8900611996651
leaf_count=856 101 1642 115 296 93 2273 2163 506 115 1873 4583 89 479 118 139 95 610 375 2362 653 383 674 438 80 813 248 169 113 148 1808
internal_value=0.000230565 0.00030875 -0.000156722 -0.000708696 -0.00150965 0.000343277 0.000267047 9.68552e-05 0.000155083 -5.76661e-05 0.000238735 -0.00022791 -0.000497778 -0.00140074 0.000335325 0 0.000359697 0.000271878 0.00015799 -3.11867e-06 -0.000220552 0.000344108 0.000469654 -0.000448759 -0.000301136 -0.000636931 -0.000963072 -0.000429555 -0.0014517 0.000585632
internal_weight=24029.8 14746.7 842.221 546.927 274.666 13904.5 11355.7 9283.06 8102.15 1991.56 6110.59 1180.91 707.732 242.942 9461.01 404.927 9056.08 7223.73 5509.15 2702.93 1952.28 2806.22 2279.05 1477.92 1408.38 787.504 592.889 474.616 189.423 1714.58
internal_count=24410 15791 605 490 194 15186 13544 8619 7427 1988 5439 1192 686 207 11271 234 11037 8874 6691 3217 2564 3474 2800 1954 1874 1061 813 644 261 2183
is_linear=0
shrinkage=0.0202208


Tree=191
num_leaves=31
num_cat=0
split_feature=46 25 25 44 22 42 3 57 29 0 46 11 12 58 30 0 58 30 44 11 63 4 63 20 63 3 44 58 25 55
split_gain=0.5301 0.608817 0.492116 0.788698 0.496077 0.500461 0.610604 0.48624 0.750927 0.563751 0.623232 0.572625 1.50415 0.553581 0.569394 0.424388 0.419217 0.547119 0.874068 0.401653 0.400409 0.375604 0.720169 0.354838 0.35284 0.412497 0.957483 1.02177 0.596052 0.507027
threshold=2414.5910000000003 29.625000000000004 30.185000000000006 30.30104166666667 25.625000000000004 22.665833333333335 0.99050000000000005 1010.7500000000001 86.450000000000017 6.205000000000001 2359.1955000000003 -0.88603780069526494 7.5000000000000009 1010.1500000000002 82.250000000000014 7.5950000000000006 1007.85 77.250000000000014 28.580208333333339 0.99370977118463066 27.969634071852678 1009.2500000000001 33.269336655703405 34.744193507273074 32.682046179610367 0.17550000000000002 28.17979166666667 1011.2500000000001 27.085000000000004 0.30950000000000005
decision_type=2 2 2 2 2 2 2 2 2 2 2 2 2 2 2 2 2 2 2 2 2 2 2 2 2 2 2 2 2 2
left_child=2 -2 3 4 5 -1 -7 9 19 13 16 -12 -13 -6 20 -8 17 18 -11 24 -15 22 -16 -14 25 -9 28 -28 29 -27
right_child=1 -3 -4 -5 7 6 15 8 -10 10 11 12 23 14 21 -17 -18 -19 -20 -21 -22 -23 -24 -25 -26 26 27 -29 -30 -31
leaf_value=-0.0036992546680553518 0.0322450836457547 0.0022613542136965519 0.016786027044628046 -0.0033050692507154435 0.0063976416303435984 0.012137944938607521 -0.0046168888446022792 6.9517598545457384e-05 -0.021584967776779117 -0.018823875956163933 0.0093461237316222988 -0.041132707304198317 0.022676440624143542 -0.013790733250010137 -0.024791292057670819 0.0059246172837097147 0.023338249924918241 0.00057472947279723925 0.0018646280225121351 0.001063145477659145 0.0068254982348709822 0.0017176644810140077 0.0012629362184195384 -0.077989228333034108 0.0063892632365529101 -0.022453164350141153 -0.013804495352726162 -0.060344588088102405 0.0010860634935991693 -0.0027623857145423506
leaf_weight=324.61928755044937 1641.6077116131783 871.69884592294693 1122.2350357174873 231.41722786426544 10294.931000590324 2262.7189345359802 241.1695641875267 719.249447286129 170.6651297211647 122.35975348949432 246.34339225292206 76.793529868125916 212.21253132820129 188.51321977376938 247.71482568979263 209.91295075416565 480.30144768953323 1111.0715742111206 181.31231600046158 490.97640210390091 754.52306419610977 163.79088336229324 128.5528461933136 72.380456924438477 349.06173497438431 101.11002469062805 100.72454369068146 92.284073710441589 540.27811443805695 279.25967073440552
leaf_count=97 2064 685 809 122 11988 1049 141 683 180 131 336 94 285 155 304 78 449 1424 242 380 806 187 161 103 406 97 129 91 480 254
internal_value=0.000228485 0.000526922 0.000189464 0.000160851 0.000178083 0.000429138 0.000528535 0.000128335 -9.35689e-05 0.000178664 -7.0987e-05 -0.000649764 -0.00116083 0.000239152 -8.23657e-05 0 6.95032e-05 -5.1515e-05 -0.000843085 0 0.000145813 -0.000639861 -0.000994772 -0.000132046 -0.000127246 -0.000269018 -0.000519464 -0.00185124 -0.000138695 -0.000800032
internal_weight=24029.8 2513.31 21516.5 20394.2 20162.8 3038.42 2713.8 17124.4 2843.61 14280.8 2502.78 607.73 361.387 11778 1483.09 451.083 1895.05 1414.74 303.672 2672.94 943.036 540.059 376.268 284.593 2181.97 1832.91 1113.66 193.009 920.648 380.37
internal_count=24410 2749 21661 20852 20730 1365 1268 19365 2700 16665 3064 818 482 13601 1613 219 2246 1797 373 2520 961 652 465 388 2140 1734 1051 220 831 351
is_linear=0
shrinkage=0.0202208


Tree=192
num_leaves=31
num_cat=0
split_feature=0 34 28 31 11 46 11 45 61 8 11 21 11 10 46 34 60 28 59 50 45 20 0 59 33 11 10 59 40 20
split_gain=0.6402 1.67036 0.673901 0.64401 0.719462 0.795727 0.574039 0.927505 0.778866 0.740087 0.890063 0.673253 0.632061 0.569392 0.787976 0.56688 0.520979 0.509694 0.729702 0.719149 0.503917 0.493437 0.702144 1.16858 0.462838 0.390163 0.838226 0.880191 0.437561 0.382648
threshold=3.7550000000000003 27.97397251184675 72.250000000000014 78.350000000000009 0.87377473702374975 1694.1935000000003 0.91234096280339505 0.53315899541249567 4.7350000000000012 -0.25881904510252113 0.18399153619612912 35.08674919644973 -0.36572252349726903 -0.82391537601316178 2201.4510000000005 29.840133593265708 2.4150000000000005 67.750000000000014 2.0050000000000003 237.40000000000003 1.3935876373017682 28.429297304447001 7.2250000000000005 5.5950000000000006 0.60500000000000054 -0.59815875725621337 0.63874350706337069 5.8150000000000004 27.985000000000003 29.113906108331957
decision_type=2 2 2 2 2 2 2 2 2 2 2 2 2 2 2 2 2 2 2 2 2 2 2 2 2 2 2 2 2 2
left_child=1 2 -1 4 5 -2 7 8 11 10 -10 -3 -13 14 -5 -8 -12 -17 -19 -20 -9 22 23 -15 25 26 28 -28 -23 -7
right_child=3 6 -4 13 -6 29 15 20 9 -11 16 12 -14 21 -16 17 -18 18 19 -21 -22 24 -24 -25 -26 -27 27 -29 -30 -31
leaf_value=-0.0020644876305242689 -0.033068313882661807 0.034552148659393635 -0.014853307671858053 -0.017553238035784315 0.0027002776210927138 0.014383847985593223 0.0017368495803207417 0.016757533516881636 -0.0017234480297957158 -0.0014439349185105107 -0.0042827474710696103 0.0010495653281107035 -0.036943403645402884 0.00044131021682005474 0.008468614211317697 0.0011363013860431559 -0.035790702981931433 -0.00046066876879692506 -0.02978980311782705 -0.0010559264264070473 -0.0095016053164973975 -0.0032100952257065676 0.020031332584688422 -0.0043522325865093343 -0.0031836418389903044 0.031450719629741677 0.00086112099458604508 -0.040300969335710306 0.028485575585003267 -0.0010099576872217107
leaf_weight=146.70782566070557 97.851437926292419 1129.6050766706467 130.98517864942551 214.20471793413162 2258.6090908050537 398.91241866350174 586.458136677742 3231.1620245575905 327.31198692321777 626.48795676231384 74.486331582069397 581.1647065281868 153.04092627763748 177.90801990032196 1727.2618710398674 338.02327853441238 79.836685657501221 294.72435766458511 215.07201021909714 182.69371736049652 227.40744471549988 443.4253716468811 348.78340899944305 182.48660486936569 355.42567139863968 3197.526148557663 302.5821932554245 97.408373236656189 2924.7921783328056 2977.4443900585175
leaf_count=84 68 1506 103 216 1438 386 445 3652 411 743 98 399 163 155 2293 373 93 314 243 202 238 592 125 119 447 2396 269 100 3672 3067
internal_value=0.000221726 6.45068e-05 -0.00144172 0.000299458 0.000106912 -5.41706e-05 0.000128056 0.000220173 -1.41341e-05 -0.00046378 -0.00105622 0.000206747 -0.000186201 0.000401287 3.82891e-05 -0.000183902 -0.00238226 -0.000499089 -0.00081803 -0.00137933 0.000446582 0.000478086 0 -0.000653489 0.000527482 0.000565313 0.000375003 -0.000382783 0.00049131 0
internal_weight=24029.8 8325.17 277.693 15704.6 5732.82 3474.21 8047.47 6430.5 2971.93 1108.12 481.635 1863.81 734.206 9971.8 1941.47 1616.97 154.323 1030.51 692.49 397.766 3458.57 8030.34 709.178 360.395 7321.16 6965.73 3768.21 399.991 3368.22 3376.36
internal_count=24410 9067 187 15343 4959 3521 8880 7303 3413 1345 602 2068 562 10384 2509 1577 191 1132 759 445 3890 7875 399 274 7476 7029 4633 369 4264 3453
is_linear=0
shrinkage=0.0202208


Tree=193
num_leaves=31
num_cat=0
split_feature=51 58 20 64 64 30 1 46 1 38 28 31 35 1 44 41 33 60 64 64 12 1 21 44 1 8 31 60 44 36
split_gain=0.582585 0.540565 0.577392 1.34583 0.428098 0.510656 0.502734 0.452001 0.743216 1.12576 0.389687 0.472677 0.831133 0.490497 0.48394 0.437707 0.480196 0.430947 0.580839 0.793371 0.370464 0.35408 0.339728 0.327978 0.31735 0.312241 0.281848 0.235831 0.235217 0.458873
threshold=3.925000000000114 1004.7500000000001 37.100104907398929 1.6394095452427886 0.87342487638551003 85.15000000000002 1.0000000180025095e-35 2330.2780000000007 17.475000000000005 31.324671304492739 76.15000000000002 81.350000000000009 0.38807368208364745 0.41500000000000004 28.425625000000004 0.14047538337359192 0.15499999999999939 5.9450000000000012 0.59669544232377281 -0.29389683959209018 7.5000000000000009 0.12500000000000003 30.78992251264955 26.75458333333334 0.41500000000000004 0.78656609248549325 79.350000000000009 4.8250000000000011 27.892291666666669 30.561340636549826
decision_type=2 2 2 2 2 2 2 2 2 2 2 2 2 2 2 2 2 2 2 2 2 2 2 2 2 2 2 2 2 2
left_child=-1 25 4 -4 6 21 23 8 10 -10 -8 12 14 -14 15 -12 -17 18 19 -16 -13 28 -22 26 -7 -2 -3 -9 -6 -30
right_child=1 2 3 -5 5 24 7 27 9 -11 11 20 13 -15 17 16 -18 -19 -20 -21 22 -23 -24 -25 -26 -27 -28 -29 29 -31
leaf_value=0.0094210315272797093 0.019951497732955573 0.0049107254828490814 0.00898332341094411 -0.025372982123410159 0.015034476004791514 -0.042813457014357216 0.00095193775290765791 0.015568952514281529 -0.01605005120034542 -0.001676723276113146 0.0021996990076616255 0.030623991473360434 -0.00070463225001552137 0.017894702338120457 -0.0065245730223445772 0.0087685613276967164 -0.02918742822079845 -0.00035510165358204675 -0.0015107194052890632 -0.039210464554418831 -0.013361686233408103 0.0089131563108253466 0.00061771855115586027 -0.00017486698044485419 0.00069846654459282224 -0.0070480606105173772 -0.0025760385889329069 -0.000140592394394355 -0.066500448044686813 0.00049870030259290649
leaf_weight=8432.7441657185555 1680.3821400403976 958.08896827697754 359.34737926721573 330.77138084173203 294.35471695661545 140.53057503700256 2090.8375819325447 788.51196497678757 119.43289148807526 301.12848222255707 429.63695394992828 363.096664249897 195.96291869878769 363.1669670343399 108.84786081314087 100.23890537023544 136.48882436752319 120.70434880256653 74.744288802146912 171.88467127084732 179.47850257158279 2886.9957838058472 411.39526867866516 753.0333034992218 566.4572771191597 232.51576542854309 163.77694183588028 741.98519712686539 95.951730608940125 437.29712027311325
leaf_count=7772 1794 605 243 177 288 166 2161 970 141 382 494 420 174 409 148 80 151 147 94 226 173 3219 539 703 726 250 99 995 107 557
internal_value=0.000221701 0.000139093 8.65588e-05 -0.00045608 0.000122248 0.000286357 2.72976e-05 -4.3328e-05 -0.000144638 -0.000969432 -5.2362e-05 -0.000227618 -0.000438459 6.72701e-05 -0.000761682 -0.00023208 -0.000945141 -0.00131227 -0.00167042 -0.00208726 5.73377e-05 0.000388262 -0.000144544 0.000325741 -0.00012508 0.000468248 0.000544225 0.000241119 0 -0.000233514
internal_weight=24029.8 15597 13684.1 690.119 12994 4421.59 8572.44 6697.54 5167.05 420.561 4746.48 2655.65 1701.68 559.13 1142.55 666.365 236.728 476.181 355.477 280.733 953.97 3714.6 590.874 1874.9 706.988 1912.9 1121.87 1530.5 827.604 533.249
internal_count=24410 16638 14594 420 14174 5063 9111 7704 5739 523 5216 3055 1923 583 1340 725 231 615 468 374 1132 4171 712 1407 892 2044 704 1965 952 664
is_linear=0
shrinkage=0.0202208


Tree=194
num_leaves=31
num_cat=0
split_feature=27 31 1 4 7 40 31 3 1 44 3 64 44 3 12 42 61 1 27 28 30 24 31 12 31 30 31 61 7 31
split_gain=0.492262 0.493057 0.425051 0.653036 1.44178 1.06812 0.494624 0.505531 0.387663 0.741936 1.04655 0.839177 0.59076 1.53568 0.548654 0.65922 1.07046 0.938976 0.634477 0.881935 0.625062 0.479662 0.384445 0.562068 0.805002 0.358546 0.631574 0.350699 0.333145 0.334356
threshold=85.350000000000009 82.450000000000017 6.0950000000000006 1007.4500000000002 -0.37940952255126015 28.145000000000003 79.950000000000017 0.99550000000000016 0.36500000000000005 26.75458333333334 0.95650000000000002 -1.6326817762308268 26.947708333333338 0.46350000000000008 3.5000000000000004 29.784166666666671 1.0000000180025095e-35 0.20500000000000004 82.750000000000014 71.850000000000009 72.65000000000002 24.745000000000001 72.950000000000017 6.5000000000000009 78.65000000000002 77.950000000000017 84.950000000000017 0.055000000000000007 1.0000000180025095e-35 79.15000000000002
decision_type=2 2 2 2 2 2 2 2 2 2 2 2 2 2 2 2 2 2 2 2 2 2 2 2 2 2 2 2 2 2
left_child=2 -2 8 28 5 -5 -7 -8 9 10 27 -12 13 -11 20 16 -16 18 19 -18 -14 -10 -21 -24 -25 26 -23 -1 29 -4
right_child=1 -3 3 4 -6 6 7 -9 21 12 11 -13 14 -15 15 -17 17 -19 -20 22 -22 25 23 24 -26 -27 -28 -29 -30 -31
leaf_value=0.0099313549882004727 9.6866573874905452e-06 0.036507845906540631 -0.00016378911128453626 -0.037039438750582077 0.00036125055533049077 0.011556189361253582 -0.024875980951589098 0.009656614988985051 -0.013876031325781493 -0.039548925775027867 -0.0051374654508447954 -0.0095229230511331281 -0.00060445209578430996 0.023073725130080994 0.0058059168160117004 0.0039456586271889868 0.0013077631942783839 0.00081312025606183869 0.0060388630897549589 -0.0028665351792573428 0.013960794232809342 0.018417742792565226 -0.07218206791234337 -0.03555114402228713 -0.0046489952173843696 0.0033738149008148144 -0.016632551543231452 -0.00072360469990443972 -0.00066790613529899619 0.0282877045324198
leaf_weight=2244.7566478848457 768.95848321914673 2167.252100944519 513.7085485458374 153.292336165905 1016.7899070382118 141.05626004934311 106.63316839933395 77.412173449993134 114.23718631267548 196.17019718885422 325.82280099391937 235.4919793009758 1253.4845831394196 143.83921092748642 319.6335676908493 447.3147166967392 107.05222433805466 304.94933331012726 96.186175167560577 88.475419759750366 1146.9147336483002 2765.9201984405518 124.04633891582489 96.83946692943573 175.35383099317551 5972.5938727259636 293.0282735824585 316.82349163293839 1278.7195755839348 1037.0327380895615
leaf_count=1248 841 2373 617 172 1085 171 138 105 66 160 191 148 1108 122 275 371 134 353 91 109 1316 2549 160 109 169 6745 307 187 1653 1337
internal_value=0.000227264 0.000491777 0.000186206 0 -0.000333807 -0.00125208 -0.000265753 -0.00108137 0.000232323 0.000107777 0.000350542 -0.000348943 -4.14098e-05 -0.000851046 4.49509e-06 -0.000243768 -0.00050062 -0.000856832 -0.00126985 -0.00151929 0.000223031 0.000326471 -0.00188457 -0.0021747 -0.00110216 0.00034997 0.000551769 0.000538257 0.000187825 0.000389748
internal_weight=24029.8 2936.21 21093.6 4324.64 1495.18 478.394 325.102 184.045 16768.9 7623.15 3122.89 561.315 4500.26 340.009 4160.25 1759.85 1312.54 992.903 687.953 591.767 2400.4 9145.78 484.715 396.24 272.193 9031.54 3058.95 2561.58 2829.46 1550.74
internal_count=24410 3214 21196 5278 1671 586 414 243 15918 6251 1774 339 4477 282 4195 1771 1400 1125 772 681 2424 9667 547 438 278 9601 2856 1435 3607 1954
is_linear=0
shrinkage=0.0202208


Tree=195
num_leaves=31
num_cat=0
split_feature=46 38 25 26 60 64 23 10 3 45 45 10 12 54 10 26 39 38 60 44 45 46 60 56 3 45 45 32 64 50
split_gain=0.457523 0.59748 0.417224 0.560385 0.418951 0.832994 1.35438 0.878147 1.08112 1.07717 1.18806 0.700721 0.661006 0.396858 0.864505 0.940349 0.84504 0.453219 0.668547 0.763492 1.07399 1.07249 0.38786 0.63707 0.620168 0.38066 0.476758 0.371253 0.367557 0.32932
threshold=2414.5910000000003 36.630327848104052 30.065000000000001 27.855000000000004 7.0750000000000011 -0.7268902493624444 24.365000000000006 -0.84293373149377071 0.64350000000000007 0.45589923272551697 0.30374936627511306 0.31718835131409573 1.5000000000000002 0.98650000000000004 0.63874350706337069 28.545000000000005 0.63701721932227462 34.582125008477668 6.205000000000001 28.35229166666667 0.37784284747991276 2316.6455000000005 3.8450000000000002 1010.7500000000001 0.52750000000000019 0.61339833484150519 0.4852795011156264 -1.1521111062282274 2.7843000257565618 11.750000000000002
decision_type=2 2 2 2 2 2 2 2 2 2 2 2 2 2 2 2 2 2 2 2 2 2 2 2 2 2 2 2 2 2
left_child=2 -2 3 4 5 6 -1 8 -8 10 -10 -6 -7 27 17 -16 -17 18 -15 -20 -21 25 23 -9 -25 26 -22 -5 29 -14
right_child=1 -3 -4 13 11 12 7 22 9 -11 -12 -13 28 14 15 16 -18 -19 19 20 21 -23 -24 24 -26 -27 -28 -29 -30 -31
leaf_value=-0.014361402049395259 0.032562368245532922 -0.0010181259269380826 0.012035372723850073 -0.013551696182546561 0.023887312790346428 -5.5878542459087797e-05 -0.034832269962093508 0.002376758888118842 0.0059272539868728252 0.0084506267557548018 -0.025647097471569964 -0.0020112385359448378 0.032808211129074158 0.0020542459698094559 0.01464967951902213 0.00078844807638550119 -0.057538891071975171 0.023861180656717933 0.0051529818648056386 0.0052373143342879271 -0.00015838289560192025 -0.05858636874832765 0.0031466816830823252 -0.00033056537588545612 -0.073729117096789545 0.043794747933574657 -0.040792023959373633 0.0016079363066674303 -0.0018994575890508387 0.0017771562957887913
leaf_weight=212.43143683671951 1849.1066274046898 664.19993013143539 1388.1818881034851 283.42145073413849 1566.280324280262 1256.6260443329811 96.6375572681427 443.73368006944656 82.607612669467926 297.86708611249924 74.479007482528687 374.33385181427002 2011.2360255718231 1444.5799709558487 127.86507320404053 90.775012016296387 227.63206315040588 747.89371520280838 302.71916455030441 159.37879478931427 81.494284272193909 114.26173466444016 1464.7140578627586 127.26842570304871 129.85896301269531 74.945571482181549 68.508442997932434 7115.5361447930336 269.08746272325516 882.12813687324524
leaf_count=108 2335 414 1021 333 898 981 90 411 113 277 94 174 1859 1931 159 96 261 1029 371 224 113 158 1131 99 90 104 95 8211 253 977
internal_value=0.000235492 0.0005167 0.000198485 0.000168707 0.000286687 0.000197856 -4.03991e-05 5.12342e-05 -0.000622124 -1.95655e-06 -0.00150019 0.000576931 0.000375496 5.94498e-05 -0.000105577 -0.000932851 -0.00155167 0 -0.000124415 -0.000608155 -0.00110168 -0.0017483 0.000263944 -1.9808e-05 -0.000914867 -0.000432819 -0.00113527 0.000148021 0.000531325 0.000600328
internal_weight=24029.8 2513.31 21516.5 20128.3 9289.29 7348.68 2929.6 2717.17 551.591 454.954 157.087 1940.61 4419.08 10839 3440.05 446.272 318.407 2993.78 2245.89 801.308 498.589 339.21 2165.58 700.861 257.127 224.948 150.003 7398.96 3162.45 2893.36
internal_count=24410 2749 21661 20640 7555 6483 2413 2305 574 484 207 1072 4070 13085 4541 516 357 4025 2996 1065 694 470 1731 600 189 312 208 8544 3089 2836
is_linear=0
shrinkage=0.0202208


Tree=196
num_leaves=31
num_cat=0
split_feature=10 42 10 10 17 29 38 60 31 20 64 46 10 3 23 39 17 10 10 31 38 42 10 56 39 38 17 60 26 42
split_gain=0.401387 0.812094 0.693457 0.587629 0.593411 1.06565 1.17805 2.47872 0.397469 0.546732 0.831693 1.30943 0.530096 0.437445 0.505616 0.489689 0.706426 0.463804 2.28274 0.364269 0.612667 0.49657 0.577928 0.438352 0.636969 0.334839 1.31194 0.316939 0.383271 0.283691
threshold=-0.81403855522663837 25.78916666666667 -0.40542197401079733 -0.89391031859722869 34.422305570071138 80.850000000000009 29.251758091772135 3.3750000000000004 79.450000000000017 28.834424355369276 -2.0282191802228442 1938.5610000000001 -0.34964421742355262 0.29350000000000004 23.065000000000001 2.6278103575933875 28.929124854988469 0.91927745688801432 0.95495791161117582 82.050000000000011 34.357533183229236 27.232500000000005 -0.96230016621822456 1008.85 0.80367943237454431 31.567147034440328 32.915503268336259 2.6350000000000002 29.715000000000003 30.064166666666669
decision_type=2 2 2 2 2 2 2 2 2 2 2 2 2 2 2 2 2 2 2 2 2 2 2 2 2 2 2 2 2 2
left_child=1 -1 -2 19 5 6 -5 -8 13 10 -10 -12 25 15 -15 -4 -17 -16 -19 -3 21 22 -21 -23 -25 -11 -27 -14 -29 -30
right_child=2 3 8 4 -6 -7 7 -9 9 12 11 -13 27 14 17 16 -18 18 -20 20 -22 23 -24 24 -26 26 -28 28 29 -31
leaf_value=-0.016409412891922139 0.021621694663536681 0.015452741319136556 0.0033196602419521722 0.00024881808044147953 0.042357307574465777 0.00014778683550152694 -0.0070444108192971059 -0.061015931118978579 0.049055598339674433 0.099447710411038628 -0.0075538756820324841 -0.0034187050588380288 0.00052406092741047786 -0.017698903191516988 0.00029302512626794421 0.00022794466315373857 -0.061893409354461235 -0.080094103037194039 0.0010805744592976869 -0.025128491570167381 -0.037363525357598196 0.030669608750668688 0.086083234054172411 -0.021631796716128721 0.052213228279956371 -0.037658081329394036 0.038468399355881228 0.020077048336547689 -0.033043819581187905 0.0074166932269503017
leaf_weight=79.337539851665497 3941.5292582511902 1313.4433125257492 2748.7121778130531 92.27229255437851 252.03903251886368 450.53871601819992 153.35687971115112 92.745870232582092 260.4087221622467 87.891246259212494 150.66931575536728 251.83674907684326 720.33252590894699 147.20257556438446 5172.1858687400818 182.19575673341751 175.5758535861969 111.15889674425125 505.1073671579361 119.74301892518997 132.40721988677979 1046.5735763907433 112.3459147810936 115.294886469841 131.2049388885498 75.638621091842651 75.06720095872879 4787.0153293609619 226.06581044197083 319.89306670427322
leaf_count=65 4464 1654 2368 73 324 576 215 98 103 65 87 207 705 61 4568 92 182 138 573 144 180 1405 114 163 173 108 93 5071 186 155
internal_value=0.000241624 3.34868e-05 0.000279926 9.53435e-05 -0.000279227 -0.000601509 -0.00145271 -0.00219418 0.000211368 0.00033305 -0.000126962 -0.000801878 0.000395475 0.000107989 0 0.000302353 -0.000265587 3.62456e-05 -0.000460509 0.000256216 7.46212e-07 0.000168059 -0.00055293 0.000366294 -0.000162769 -0.000353959 -0.00103979 0.000439688 0.000493659 0
internal_weight=24029.8 4091.3 19938.5 4011.97 1040.95 788.914 338.375 246.103 15997 6954.82 662.915 402.506 6291.9 9042.14 5935.65 3106.48 357.772 5788.45 616.266 2971.01 1657.57 1525.16 232.089 1293.07 246.5 238.597 150.706 6053.31 5332.97 545.959
internal_count=24410 5184 19226 5119 1286 962 386 313 14762 6780 397 294 6383 7982 5340 2642 274 5279 711 3833 2179 1999 258 1741 336 266 201 6117 5412 341
is_linear=0
shrinkage=0.0202208


Tree=197
num_leaves=31
num_cat=0
split_feature=0 18 30 4 63 34 57 27 10 63 27 1 36 12 63 9 38 44 10 3 38 64 38 30 64 1 36 38 4 38
split_gain=0.496266 0.701094 0.749907 0.54147 0.944914 0.749628 0.424628 0.382323 0.423099 0.718391 0.787807 0.34822 0.434131 0.349764 0.788057 0.3186 0.330284 0.506264 0.4629 0.400522 0.666726 0.291047 0.577723 0.725954 0.35628 0.289037 0.413216 0.489401 0.285615 0.536712
threshold=3.6150000000000007 27.958223031679143 85.750000000000014 1007.7500000000001 31.298621275132906 32.640464181011076 1009.5500000000001 85.350000000000009 -0.82391537601316178 31.328671951878444 82.65000000000002 14.755000000000001 33.825193399649272 9.5000000000000018 32.909278788187031 -0.37940952255126015 35.206955093211278 28.35229166666667 0.41327478071396911 0.41050000000000003 34.273126466406012 0.50839515064948071 32.717886252525346 82.050000000000011 -0.050035456418765271 1.2850000000000004 36.494488131671297 35.439819918637049 1013.0500000000001 29.773102776863723
decision_type=2 2 2 2 2 2 2 2 2 2 2 2 2 2 2 2 2 2 2 2 2 2 2 2 2 2 2 2 2 2
left_child=1 -1 6 -4 -5 -6 11 8 9 10 -2 12 -3 14 -13 16 17 18 -10 -19 -21 22 -11 -24 -25 26 27 -14 29 -20
right_child=7 2 3 4 5 -7 -8 -9 15 21 -12 13 25 -15 -16 -17 -18 19 28 20 -22 -23 23 24 -26 -27 -28 -29 -30 -31
leaf_value=-0.009831415226571355 -0.01766264946046333 0.017079213872533423 0.0048532447755254612 0.022568715943305926 -0.036712388020785323 -0.0051783939210557246 -6.0673846021200226e-05 0.0318030298487538 0.0035409689670962124 0.00053471120954071008 0.025915458059589426 -0.06956669189976461 -0.00098008197838369833 0.031707592613153569 0.0018350858153915065 0.0072778126168122894 0.0057217498099944569 0.0083030446980703783 -0.0095056454135839224 -0.016305969133445532 5.8426869871572274e-05 0.019767190308477678 0.045848107747962372 -0.013835702711313921 -0.088839730273932965 0.016089963976451536 0.001348066232848361 -0.03121278710849951 0.00069838583718321093 0.00034423045108139565
leaf_weight=231.06871742010117 157.07522624731064 2247.0791583061218 328.29936319589615 110.08647918701172 105.59413611888885 125.77379870414734 2215.1486684679985 2366.1725910305977 1812.9274800419807 668.8389145731926 102.26550030708313 87.44720059633255 310.25160509347916 111.30012995004654 92.037039935588837 7343.7881942391396 1092.0023573637009 277.60989087820053 172.36134648323059 498.8463534116745 532.96947240829468 645.59810584783554 98.315516412258148 66.52747631072998 67.327595591545105 1389.2804736495018 230.0048748254776 87.915982127189636 202.67080628871918 253.20508605241776
leaf_count=165 130 2593 437 132 143 151 2358 2596 1479 771 112 99 406 141 114 6547 865 347 131 680 678 906 115 96 99 1449 126 81 141 322
internal_value=0.000245939 9.45787e-05 0.000139202 -0.000465338 -0.00103107 -0.00178926 0.000212172 0.000311527 0.000259398 0 -0.00100427 0.000323989 0.000378639 -0.000174686 -0.000893766 0.000302402 0.000144305 2.83739e-05 0.000220704 -0.000263097 -0.000480982 0.000134611 -1.39759e-05 -0.000950546 -0.0019236 0.000106362 -0.000173562 -0.000650655 -0.000160266 -0.000538073
internal_weight=24029.8 7671.29 7440.22 669.754 341.454 231.368 6770.47 16358.5 13992.3 1805.95 259.341 4555.32 4264.53 290.784 179.484 12186.4 4842.59 3750.59 2441.16 1309.43 1031.82 1546.61 901.01 232.171 133.855 2017.45 628.172 398.168 628.237 425.566
internal_count=24410 8395 8230 863 426 294 7367 16015 13419 2229 242 5009 4655 354 213 11190 4643 3778 2073 1705 1358 1987 1081 310 195 2062 613 487 594 453
is_linear=0
shrinkage=0.0202208


Tree=198
num_leaves=31
num_cat=0
split_feature=51 58 20 64 64 64 29 46 10 0 39 10 42 39 31 53 25 58 10 39 53 26 43 35 40 10 10 0 37 56
split_gain=0.520612 0.452381 0.470632 0.85056 0.299142 0.487409 0.483058 0.597057 0.623105 0.457949 0.427366 0.519221 0.854102 0.407745 0.367679 1.20312 0.436146 0.371983 0.335442 0.760518 0.545919 0.486039 0.402442 0.378621 0.800339 0.294616 0.715331 0.710349 0.830588 0.488725
threshold=1.9333333333334568 1004.7500000000001 37.343471940719304 1.6394095452427886 0.87342487638551003 2.7843000257565618 74.850000000000009 2113.9610000000007 -0.40542197401079733 1.8150000000000002 0.81268354783325447 -0.82391537601316178 26.457500000000003 0.41555338522986801 74.950000000000017 0.94450000000000001 27.505000000000006 1007.5500000000001 0.26781182513105634 1.1369746474492628 0.8025000000000001 27.015000000000004 0.6734550211782323 0.15568508773057543 28.44166666666667 -0.82391537601316178 -0.89391031859722869 5.6150000000000011 0.38128747093716214 1005.85
decision_type=2 2 2 2 2 2 2 2 2 2 2 2 2 2 2 2 2 2 2 2 2 2 2 2 2 2 2 2 2 2
left_child=25 -2 4 -4 10 9 7 -7 -9 -6 13 12 -12 -3 15 -15 17 -16 -13 -20 -21 -22 23 -23 -25 26 29 28 -28 -1
right_child=1 2 3 -5 5 6 -8 8 -10 -11 11 18 -14 14 16 -17 -18 -19 19 20 21 22 -24 24 -26 -27 27 -29 -30 -31
leaf_value=-0.0079285985363571412 0.01819088030621074 0.024988642585303235 0.0083361474086892651 -0.042938356910799974 -0.004155895844436863 0.0018915086311519233 0.0016068695616828948 -0.0014130620756008987 -0.03990512431199187 0.0082702782032943161 -0.015720447108231141 0.0029816629262018699 0.00010858704279974172 -0.00625040381900534 -0.0029741370301061944 -0.042212988176283467 0.00066007934715939243 -0.03780775185777982 0.011734545244666762 -2.1829362361557978e-06 0.0002276052820846321 -0.0065722426627360638 -0.00078719256013920394 -0.074013648010566313 -0.0071262428520559142 0.010950355979743568 -0.0022247020251864682 0.003529381443320336 -0.028458741412140828 0.015062596121937055
leaf_weight=262.31041663885117 1965.3554074764252 298.49846678972244 292.50296038389206 252.48887115716934 335.54006743431091 124.56671434640884 779.27254420518875 76.617161214351654 110.94098657369614 3217.0136657953262 136.60337626934052 3124.0442939996719 884.8960577249527 232.5799977183342 139.6459282040596 86.44408255815506 1479.1405065655708 149.945461332798 858.9390019774437 963.3280177116394 106.60305094718933 106.36760902404785 90.255592167377472 102.91704899072647 75.700244605541229 6783.551041841507 101.04650038480759 82.224469304084778 100.04908841848373 710.40090930461884
leaf_count=323 2110 347 193 140 415 168 854 103 126 3596 113 2880 1104 251 178 107 1887 192 954 844 87 125 86 108 92 5864 139 91 109 824
internal_value=0.000235473 0.000158892 0.000110206 -0.00043326 0.000138795 0.000275804 -2.8836e-05 -0.000754919 -0.00148813 0.00039394 5.67883e-05 0.000149524 -0.000226589 -0.000157058 -0.000284054 -0.000959277 -0.000110961 -0.000825626 0.000236539 9.9779e-06 -0.00023285 -0.000788108 -0.00114876 -0.00151693 -0.00211862 0.000376744 1.2803e-05 -0.000792115 -0.00151486 0.000339207
internal_weight=24029.8 15990.2 14024.9 544.992 13479.9 4643.95 1091.4 312.125 187.558 3552.55 8835.91 6449.65 1021.5 2386.25 2087.76 319.024 1768.73 289.591 5428.15 2304.11 1445.17 481.844 375.24 284.985 178.617 8039.58 1256.03 283.32 201.096 972.711
internal_count=24410 17060 14950 333 14617 5262 1251 397 229 4011 9355 6393 1217 2962 2615 358 2257 370 5176 2296 1342 498 411 325 200 7350 1486 339 248 1147
is_linear=0
shrinkage=0.0202208


Tree=199
num_leaves=31
num_cat=0
split_feature=0 57 11 54 10 22 38 37 62 44 34 11 40 29 45 60 3 22 44 10 45 62 10 10 60 44 62 38 60 0
split_gain=0.433901 0.705226 0.890756 0.993822 0.964041 2.04426 0.582425 0.460113 0.414645 1.04868 0.933071 0.420034 0.387546 0.315548 0.301771 0.318119 0.441141 0.409096 0.242733 0.23835 0.686528 1.24347 0.226348 0.313713 0.219857 0.607659 0.690758 0.488929 0.490436 0.396519
threshold=8.1050000000000022 1010.7500000000001 0.99696424012059681 0.15750000000000003 -0.22611359161738934 24.130000000000006 32.367793395163766 0.41319629921123269 15.415000000000001 27.501458333333336 30.789188815930455 0.34157076916785584 25.633333333333336 81.250000000000014 0.73852863658466272 6.7350000000000012 0.62150000000000005 26.865000000000006 26.070416666666674 0.99762106698677389 0.58450245156207881 1.0250000000000001 -0.93535928755917819 -0.97873101657557326 6.7650000000000006 27.857291666666672 5.5050000000000008 35.206955093211278 8.0050000000000008 6.205000000000001
decision_type=2 2 2 2 2 2 2 2 2 2 2 2 2 2 2 2 2 2 2 2 2 2 2 2 2 2 2 2 2 2
left_child=1 8 3 -3 12 -6 14 -2 19 10 11 -10 -5 -11 -7 16 17 -16 -18 24 21 -21 23 -15 -1 -26 27 28 29 -27
right_child=7 2 -4 4 5 6 -8 -9 9 13 -12 -13 -14 22 15 -17 18 -19 -20 20 -22 -23 -24 -25 25 26 -28 -29 -30 -31
leaf_value=0.0056233578041371057 -0.0013671993546701088 0.001476055530863015 0.014030334577973733 0.025857742321077876 -0.012362388053504323 0.0037162350081515853 -0.061378537572334031 0.012795720730385063 -0.01403249852420589 -0.0036534818370473404 0.025908344601816888 -0.030936707595629973 -0.0026152005012375001 0.030631312262059864 -0.012351657588406615 0.00042726140871800184 -0.0071094176205153126 -0.034898600860803354 0.0018006980825426943 0.00040790460376626333 0.033688635778960814 -0.11360463407342999 0.026601434343295437 -0.023162945783890124 0.023575511648567027 -8.2277482081629728e-05 0.021255849182723854 0.00017010823208661355 0.017900428547486375 -0.031757434858906787
leaf_weight=14344.170791983604 335.03239679336548 1027.6402909755707 734.10829168558121 291.51883721351624 122.0829598903656 267.09330052137375 92.952193439006805 1503.2283817529678 98.755707263946533 559.39314317703247 140.72950404882431 96.420472681522369 481.74627774953842 270.81865137815475 117.88303136825562 200.6680696606636 155.28028744459152 237.52695143222809 343.28795200586319 68.588349461555481 151.43490898609161 62.69451230764389 806.9642042517662 98.505565404891968 428.58262526988983 70.042444467544556 401.48511391878128 173.27345472574234 69.425236165523529 278.45563364028931
leaf_count=15250 380 934 463 119 63 262 106 835 110 702 186 87 556 357 75 147 109 237 290 100 128 87 1037 129 354 99 536 192 96 384
internal_value=0.00022432 0.000193293 -2.84973e-05 -0.000189027 -0.000437356 -0.000736266 -0.00044241 0.000550105 0.000247959 0 -0.00104799 -0.00194657 4.47822e-05 0.000178495 -0.000253188 -0.000437382 -0.000622608 -0.00119391 -3.48031e-05 0.000282808 -0.000116372 -0.00137798 0.00038834 0 0.000295547 0 -0.000222139 -0.000709758 -0.00108829 -0.00140941
internal_weight=24029.8 22191.5 4071.79 3337.68 2310.04 1536.77 1414.69 1838.26 18119.7 2071.59 335.906 195.176 773.265 1735.68 1321.74 1054.65 853.978 355.41 498.568 16048.2 282.718 131.283 1176.29 369.324 15765.4 1421.26 992.682 591.197 417.923 348.498
internal_count=24410 23195 3361 2898 1964 1289 1226 1215 19834 2608 383 197 675 2225 1120 858 711 312 399 17226 315 187 1523 486 16911 1661 1307 771 579 483
is_linear=0
shrinkage=0.0202208


Tree=200
num_leaves=31
num_cat=0
split_feature=0 64 0 1 35 62 40 10 37 45 40 54 10 10 4 10 62 58 2 45 10 46 10 54 36 2 4 64 0 10
split_gain=0.429035 0.723938 0.547069 0.536501 0.699223 0.679473 0.54866 0.52853 0.460113 0.459754 1.38367 0.439731 0.431515 0.614042 1.47616 0.530891 0.891391 0.618448 0.991046 0.400654 0.372012 0.518839 0.434332 0.475519 0.836126 0.34468 0.323195 0.304795 0.694886 0.47651
threshold=8.1050000000000022 -0.1488827458608277 4.3250000000000011 0.81500000000000006 0.43592756159930396 2.8950000000000005 28.975000000000001 -0.04732095011389225 0.41319629921123269 0.55961344704280214 29.848333333333336 0.75450000000000006 -0.94697898371965705 -0.97873101657557326 1005.7500000000001 0.59125596962661842 1.8750000000000002 1006.1500000000002 124.55000000000001 0.26037424157962702 0.65189295912203338 2343.4260000000004 0.78829775591774609 0.34150000000000008 35.856787967669867 781.45000000000016 1010.7500000000001 -2.186891101812845 4.8250000000000011 -0.04732095011389225
decision_type=2 2 2 2 2 2 2 2 2 2 2 2 2 2 2 2 2 2 2 2 2 2 2 2 2 2 2 2 2 2
left_child=1 19 3 4 6 -5 -3 26 -2 10 -8 -6 13 -4 -15 25 -17 -18 -19 -1 21 -9 -22 -24 -25 -14 -7 -21 29 -29
right_child=8 2 12 5 11 7 9 20 -10 -11 -12 -13 15 14 -16 16 17 18 -20 27 22 -23 23 24 -26 -27 -28 28 -30 -31
leaf_value=0.027766456785349711 -0.0013395534327674803 0.0041835917590450737 0.034142681082331948 0.016287730605895032 -0.0091230472900774313 0.01458264136816695 -0.046427703425902536 -0.027943173805495831 0.012536980485379597 0.0013595644148293275 0.0011990794026241181 -0.019123259781204729 0.02096219528729474 -0.071032241901767643 0.00068561275263278687 0.0090555390906396326 0.0017899662389538179 -0.10366459571216463 0.00082156273220450717 0.0014576306627583403 0.032471489620351845 0.032086389127549408 0.0023013623988058672 -0.0035361782370074701 -0.048809960349273845 -0.0018919652643403497 -0.011723568161378468 -0.0012417091814373074 -0.0023694653010018522 0.0081000725328947889
leaf_weight=504.15066021680832 335.03239679336548 1439.8700674176216 371.52746856212616 2173.0445846915245 586.13742357492447 1410.4481642246246 119.89836627244949 196.25903832912445 1503.2283817529678 619.46544450521469 202.01353585720062 100.45328736305237 3925.5135416984558 74.050363481044769 160.1649461388588 908.96195751428604 194.79158806800842 161.44024682044983 162.77009963989258 2108.9589979052544 346.32988822460175 90.545538365840912 111.10880249738693 234.62954795360565 128.45217961072922 249.29119032621384 99.87104332447052 1189.7919261455536 2633.2113755345345 1688.3774882555008
leaf_count=637 380 1470 528 2294 627 1854 127 206 835 733 121 102 4247 102 232 748 139 132 123 1782 238 97 97 274 120 253 132 1415 2625 1740
internal_value=0.000225656 0.00019474 0.000283415 0.000153296 -3.06559e-05 0.000289284 0.000102697 3.28465e-05 0.000550105 -0.00022124 -0.000847755 -0.000617836 0.000433813 0 -0.000880121 0.000489892 7.73467e-05 -0.000510083 -0.00108849 3.03675e-05 -0.000261962 -0.000886118 0 -0.000435076 -0.000872736 0.000609835 0.000306937 0 -8.5337e-05 0.000109576
internal_weight=24029.8 22191.5 14067 7858.53 3067.84 4790.69 2381.25 2617.64 1838.26 941.377 321.912 686.591 6208.51 605.743 234.215 5602.77 1427.96 519.002 324.21 8124.49 1107.32 286.805 820.52 474.191 363.082 4174.8 1510.32 7620.34 5511.38 2878.17
internal_count=24410 23195 14996 8492 3180 5312 2451 3018 1215 981 248 729 6504 862 334 5642 1142 394 255 8199 1032 303 729 491 394 4500 1986 7562 5780 3155
is_linear=0
shrinkage=0.0202208


Tree=201
num_leaves=31
num_cat=0
split_feature=0 18 38 40 39 30 26 32 11 29 18 63 10 37 10 48 50 11 46 37 10 10 63 61 38 45 11 30 29 61
split_gain=0.433011 0.518782 0.587894 1.00544 1.54151 0.676989 0.466641 0.788619 0.796725 0.812383 0.888251 0.49728 0.485366 0.460113 0.452275 0.431282 0.400821 0.269302 0.45277 0.446992 0.965004 0.729323 1.20877 0.587376 0.631646 1.32887 0.429354 0.503633 0.330785 0.294002
threshold=8.1050000000000022 34.820242409295417 36.53185796778056 29.585000000000001 0.7218902290086 85.050000000000011 28.495000000000001 -0.41083679662448519 -0.36572252349726903 73.450000000000017 34.257310888206185 32.788055110813779 -0.23448921811828094 0.41319629921123269 0.99551215362393841 444.15000000000003 122.10000000000001 0.998148560797531 2196.3410000000008 0.40387734507784007 -0.84293373149377071 -0.22611359161738934 26.362805374859089 0.03500000000000001 28.847453104074059 1.3502090535899234 -0.86955717898714324 79.250000000000014 80.550000000000011 2.4450000000000007
decision_type=2 2 2 2 2 2 2 2 2 2 2 2 2 2 2 2 2 2 2 2 2 2 2 2 2 2 2 2 2 2
left_child=1 6 5 4 -4 14 15 8 -8 -10 11 -11 -9 -2 -3 17 -5 18 19 29 -21 -22 -23 24 -24 -26 27 28 -20 -1
right_child=13 2 3 16 -6 -7 7 12 9 10 -12 -13 -14 -15 -16 -17 -18 -19 26 20 21 22 23 -25 25 -27 -28 -29 -30 -31
leaf_value=0.0027485942951457872 -0.0013124665346789454 0.021310896471930928 0.0042266718784787138 0.014201934644765124 -0.036735415497791482 -0.0049828233031177583 0.0090892607701134644 0.0072710246102982651 -0.00023024206558130313 -0.06766870787955627 0.00070656563980052607 -0.014159681972772648 -0.002687769091226705 0.012283472185943684 -0.048113396589531204 -0.00034310615494727005 -0.00061680974024724583 0.066542607850255758 -0.0016024450529089239 -0.027420061104005591 0.024534954362448378 -0.011767847699667539 0.000915523922726188 0.0034842223824047623 -0.00026869674537071151 -0.02125565167145306 0.015942849976597465 0.013242559912676177 -0.038791164567816429 -0.0015282771140657252
leaf_weight=1409.2552143931389 335.03239679336548 3207.0003688335419 152.98260146379471 962.28550535440445 129.18121349811554 437.13843667507172 345.11348903179169 1732.1608434319496 188.82689148187637 140.38178825378418 76.821729302406311 83.919127762317657 1880.2603142857552 1503.2283817529678 96.76241660118103 1609.2576550245285 933.42464506626129 536.74075770378113 79.544997215270996 217.56005162000656 899.98979932069778 261.65166211128235 392.77701902389526 712.81868308782578 288.47803825139999 172.93416506052017 4547.3562993407249 330.55828243494034 85.505800187587738 280.84096670150757
leaf_count=1249 380 3648 148 514 132 541 480 2338 205 161 106 104 2399 835 134 1690 515 320 114 201 592 138 270 529 253 136 5393 472 122 291
internal_value=0.000224564 0.000193557 0.000364021 5.26189e-05 -0.00100732 0.000521677 0.0001261 -3.4301e-05 -0.000605687 -0.00113252 -0.00177897 -0.00241246 7.41e-05 0.000550105 0.000625511 0.000193821 0.000258285 0.000244665 0.000207148 4.0583e-05 -8.72824e-05 0 -0.000214542 0 -0.000357578 -0.000888085 0.000342776 -9.46345e-05 -0.00109521 0.000314843
internal_weight=24029.8 22191.5 5918.78 2177.87 282.164 3740.9 16272.8 4447.48 835.063 489.95 301.123 224.301 3612.42 1838.26 3303.76 11825.3 1895.71 10216 9679.27 4636.31 2946.21 2728.65 1828.66 1567.01 854.189 461.412 5042.97 495.609 165.051 1690.1
internal_count=24410 23195 5632 1309 280 4323 17563 5793 1056 576 371 265 4737 1215 3782 11770 1029 10080 9760 3659 2119 1918 1326 1188 659 389 6101 708 236 1540
is_linear=0
shrinkage=0.0202208


Tree=202
num_leaves=31
num_cat=0
split_feature=8 57 1 11 26 30 55 46 55 12 38 30 30 61 10 11 57 10 61 55 11 57 10 43 25 33 46 1 46 11
split_gain=0.436661 0.792761 1.20729 0.986583 0.838076 0.781658 0.488933 0.460843 0.414327 0.397931 0.582635 0.429949 0.495256 0.395858 0.434065 0.388455 0.995253 0.679035 0.513821 0.651292 0.435621 0.376776 0.991267 0.408784 0.486629 0.346616 0.308481 0.27582 0.514349 0.273442
threshold=-1.0000000180025095e-35 1007.2500000000001 4.5650000000000004 0.0043035382962440553 29.545000000000005 87.250000000000014 0.99050000000000005 2278.5260000000003 0.048500000000000008 9.5000000000000018 35.12193308725697 86.450000000000017 66.050000000000011 29.320000000000004 0.97873101657557349 -0.081676395330422633 1009.4500000000002 0.94970904815366264 2.1450000000000005 0.87250000000000016 0.72660752476856549 1010.6500000000002 0.44437406304545285 0.96433040892248145 28.645000000000003 0.55499999999999983 2420.2470000000008 0.93500000000000016 2209.8605000000002 -0.94128245028753155
decision_type=2 2 2 2 2 2 2 2 2 2 2 2 2 2 2 2 2 2 2 2 2 2 2 2 2 2 2 2 2 2
left_child=1 8 -3 -4 5 6 7 -5 -1 10 15 12 -11 14 25 17 -17 26 20 -20 -18 22 -22 24 -23 29 27 28 -2 -10
right_child=9 2 3 4 -6 -7 -8 -9 13 11 -12 -13 -14 -15 -16 16 18 -19 19 -21 21 23 -24 -25 -26 -27 -28 -29 -30 -31
leaf_value=-0.015551337838797656 0.025798123631740125 0.00055384597421238521 0.00097326652008337489 -0.020784584634995506 0.010608523976328998 0.00040663830231434794 -0.0090739980349296874 -0.015315112986254049 0.0034414548521985769 -0.003763463293570446 0.01555983385174721 -0.009802700682311179 0.017727238038878448 -0.011154663393536213 -0.042271240218254597 0.025799854827845789 0.0069013019984815668 -0.12130355932673988 -0.030065426384221019 -0.00091927923089410121 -0.011428995374306835 0.0041230100955493851 0.033231694856989256 -0.013957212675491021 -0.010298674891495973 -0.020666871103872338 0.03420351728198761 5.3203210089393948e-06 -0.013619426389104088 0.017942962499986968
leaf_weight=187.3485449552536 116.62557625770569 4230.6866409182549 496.36982828378677 156.91790068149567 104.98843032121658 80.066899061203003 87.868475079536438 163.49111706018448 708.86836153268814 408.05228525400162 2422.6565526723862 186.01294189691544 3898.4712528586388 276.05189824104309 151.53997772932053 1446.8815688490868 701.2131159901619 81.168288171291351 136.16330182552338 102.73735332489014 293.37663668394089 683.74907946586609 139.15923780202866 129.05586510896683 206.02518057823181 119.45819348096848 298.83851587772369 2438.8969618082047 180.30705171823502 3396.7425075769424
leaf_count=164 163 4338 607 168 127 106 101 203 935 216 2170 222 3150 358 203 1394 585 110 128 89 222 474 105 97 171 132 408 3265 254 3745
internal_value=0.000220408 0.000105722 -5.08819e-05 -0.000659881 -0.00121348 -0.00157558 -0.00193382 -0.00231702 0.000295844 0.000298057 0.000205545 0.000471315 0.000520454 0.000345075 0.00040066 9.53006e-05 0.000236095 -5.01575e-05 0 -0.000897609 8.15755e-05 -6.7679e-05 -0.000596463 7.26761e-05 0.000303671 0.000450122 0 -6.78626e-05 -0.000645469 0.000491354
internal_weight=24029.8 10160.4 5320.39 1089.7 593.333 488.344 408.277 320.409 4840.01 13869.4 9376.85 4492.54 4306.52 4652.66 4376.61 6954.2 3838.36 3115.84 2391.48 238.901 2152.58 1451.37 432.536 1018.83 889.774 4225.07 3034.67 2735.83 296.933 4105.61
internal_count=24410 11187 5650 1312 705 578 472 371 5537 13223 9635 3588 3366 5373 5015 7465 3265 4200 1871 217 1654 1069 327 742 645 4812 4090 3682 417 4680
is_linear=0
shrinkage=0.0202208


Tree=203
num_leaves=31
num_cat=0
split_feature=46 26 26 25 10 46 60 25 3 10 18 61 45 26 25 40 29 61 11 21 64 11 46 26 10 46 61 26 32 58
split_gain=0.3645 0.558501 0.472075 0.557273 0.454741 0.384728 0.430356 0.330401 0.37438 0.587616 0.302693 0.504646 0.629949 0.41844 0.494272 0.400088 0.589617 1.0813 1.10843 0.398857 0.357744 0.430735 0.522446 0.412483 0.59672 0.347478 0.299622 0.400335 0.296677 0.708701
threshold=2414.5910000000003 29.625000000000004 25.085000000000004 30.065000000000001 0.74981945761428193 1694.1935000000003 4.4050000000000011 29.855000000000004 0.30950000000000005 0.60505046667002438 34.820242409295417 0.32500000000000007 0.51210624673579908 27.855000000000004 27.635000000000002 26.545000000000005 83.550000000000011 1.0000000180025095e-35 0.98043284291745803 30.356827737221696 2.0320490010679291 -0.073092422389869308 2144.6740000000004 27.305000000000003 -0.86095304316285715 1890.2375 15.695000000000002 27.415000000000003 -0.61216998672395551 1007.0500000000001
decision_type=2 2 2 2 2 2 2 2 2 2 2 2 2 2 2 2 2 2 2 2 2 2 2 2 2 2 2 2 2 2
left_child=2 -2 5 7 -3 -1 -7 10 -9 -10 13 12 -12 14 15 16 17 -4 -19 -17 21 23 25 24 -16 -23 -21 -28 29 -15
right_child=1 4 3 -5 -6 6 -8 8 9 -11 11 -13 -14 28 20 19 -18 18 -20 26 -22 22 -24 -25 -26 -27 27 -29 -30 -31
leaf_value=-0.0019331829908138176 0.028321831013072268 0.020052845214409941 0.00023629654802335512 0.011305509390462926 -0.051815501799652164 -0.0019829357328297295 0.029462103394942134 0.0060360945096053081 0.003451953709309665 -0.034614137071002388 -0.033903430115259849 0.0089059694971339934 0.01181826373237937 0.0025272678528061357 -0.025093957328902728 0.0043181189503309833 -0.0011506547002867855 -0.012479549586661221 -0.00045485757769221121 0.00061188748076285789 -0.0026461033318997628 0.019304410549798735 0.037091880795195153 0.017217696260348254 0.032680396273120957 -0.00044886975662268222 0.0068174402480851793 -0.032014483729440317 0.00047660040003302486 -0.015213160950551511
leaf_weight=242.61063587665558 1900.2482881546021 438.2412320971489 451.65425819158554 1371.0733331441879 174.81703728437424 368.92576098442078 1574.0328500270844 152.65278226137161 166.43555289506912 201.71094161272049 95.450043737888336 2854.4568736553192 215.2461866736412 465.6649432182312 82.816978514194489 1261.9216603636742 427.3133904337883 258.63622611761093 178.7441046833992 600.3333466053009 467.34624135494232 356.20242178440094 1400.2007744312286 476.23517787456512 73.995182275772095 819.99945551156998 73.764370620250702 75.031577825546265 6007.5131126046181 796.51480025053024
leaf_count=87 2362 289 274 1015 98 203 693 98 188 176 82 3060 251 626 97 1161 333 168 114 718 449 179 1449 640 100 583 94 97 7796 930
internal_value=0.000222945 0.000477809 0.000189021 0.000150442 0 0.000489347 0.000591687 0.000114181 -0.000341636 -0.000756429 0.00013289 0.000322448 -0.000301088 8.4644e-05 0.000197145 0 -0.000254664 -0.000583987 -0.0013006 0.000196688 0.000359035 0.000439506 0.000555702 0 -0.00091804 0.000143751 -8.3004e-05 -0.000914061 -1.1759e-05 -0.00030146
internal_weight=24029.8 2513.31 21516.5 19330.9 613.058 2185.57 1942.96 17959.8 520.799 368.146 17439 3165.15 310.696 14273.9 7004.2 3327.4 1316.35 889.035 437.38 2011.05 3676.8 3209.45 2576.4 633.047 156.812 1176.2 749.129 148.796 7269.69 1262.18
internal_count=24410 2749 21661 20678 387 983 896 19663 462 364 19201 3393 333 15808 6456 2959 889 556 282 2070 3497 3048 2211 837 197 762 909 191 9352 1556
is_linear=0
shrinkage=0.0202208


Tree=204
num_leaves=31
num_cat=0
split_feature=51 58 61 2 51 60 10 45 62 37 56 60 60 37 45 61 10 19 10 27 45 55 4 4 59 54 17 62 54 10
split_gain=0.348993 0.595654 0.572038 1.15629 0.604644 0.503103 0.39546 0.537948 0.371753 0.369738 0.542114 0.77279 0.480492 0.632632 0.754904 0.463933 0.334909 0.342047 0.318633 0.301913 0.4246 0.285054 0.353335 0.2758 0.257074 0.223955 0.218245 0.212762 0.210448 0.363014
threshold=1.9333333333334568 1007.2500000000001 8.0750000000000011 8.7500000000000018 216.55833333333342 6.1750000000000007 0.97873101657557349 0.58450245156207881 30.515000000000004 1.1605481753774727 1009.4500000000002 6.5450000000000008 4.7150000000000007 0.44536376118114829 1.2125036593439884 1.5550000000000004 -0.36571913681022022 34.819799921642392 0.54883787585413535 80.950000000000017 0.5532361961978508 0.99350000000000016 1007.4500000000002 1005.7500000000001 7.2650000000000006 0.91350000000000009 23.779088126231887 1.0000000180025095e-35 0.99450000000000005 -0.4900241286343337
decision_type=2 2 2 2 2 2 2 2 2 2 2 2 2 2 2 2 2 2 2 2 2 2 2 2 2 2 2 2 2 2
left_child=9 5 24 4 -4 6 8 -8 -2 10 11 27 13 15 -15 -12 -5 -18 21 20 23 -7 -23 -13 28 -26 -14 -1 -3 -30
right_child=1 2 3 16 -6 18 7 -9 -10 -11 12 19 26 14 -16 -17 17 -19 -20 -21 -22 22 -24 -25 25 -27 -28 -29 29 -31
leaf_value=-0.0010097499947769838 0.013078726784286225 0.00041483508873446472 -0.020523270462205631 0.007184659010438306 -0.0083126395655836217 0.011190690986454591 -0.033217874217363434 0.030540773014162609 -0.0072622789288179345 0.032097596802216348 0.0066958055248503706 -0.0037515759605005281 -0.00085639265339987184 -0.00017558448404516572 -0.041827202553556299 -0.019494305585740772 -0.013349387552629984 -0.00023474738251277435 -0.012634278920745779 0.0022087618282144224 0.018474030997322945 0.0017716045697272415 -0.026862259300419244 -0.027667988460842619 0.010438032093687558 -0.00027441771547311874 0.011660754283608786 0.026722096143065546 0.0095689598782603465 -0.018250865929874512
leaf_weight=230.46117752790451 5186.42123067379 6471.3873514533043 110.81079411506653 452.9214231967926 79.800662338733673 712.91335469484329 144.4272723197937 125.43125075101852 300.74122947454453 1213.544225692749 546.78229719400406 76.399655997753143 293.73859512805939 230.89058423042297 259.25681132078171 164.62890559434891 183.86561238765717 97.819029927253723 137.65195995569229 654.92002427577972 74.902480781078339 477.24877482652664 154.23512035608292 69.979022622108459 638.20171457529068 243.34359496831894 511.83231794834137 3712.2463275790215 214.91050624847412 258.07623291015625
leaf_count=169 5531 6803 125 585 102 897 184 153 389 616 480 101 84 191 177 173 205 96 166 833 93 656 205 91 307 147 283 4059 268 241
internal_value=0.000210933 0.000145974 2.25838e-05 -0.00043685 -0.00182753 0.000282953 0.000369277 -0.000194458 0.000413071 0.000329106 0.000250137 0.000366833 0 -0.000284827 -0.000849315 0 0 -0.000603859 0 -9.79443e-05 -0.000765073 4.20146e-05 -0.000187268 -0.00142512 8.82811e-05 0.000423184 0.000349083 0.000492303 3.29437e-05 -0.000347678
internal_weight=24029.8 15990.2 8751.14 925.218 190.611 7239.07 5757.02 269.859 5487.16 8039.58 6826.04 4818.91 2007.13 1201.56 490.147 711.411 734.606 281.685 1482.05 876.201 221.281 1344.4 631.484 146.379 7825.92 881.545 805.571 3942.71 6944.37 472.987
internal_count=24410 17060 8879 1113 227 8181 6257 337 5920 7350 6734 5346 1388 1021 368 653 886 301 1924 1118 285 1758 861 192 7766 454 367 4228 7312 509
is_linear=0
shrinkage=0.0202208


Tree=205
num_leaves=31
num_cat=0
split_feature=64 64 12 0 28 31 57 27 12 21 56 9 31 60 1 17 21 56 42 36 64 28 60 28 42 60 30 0 40 53
split_gain=0.373297 0.877049 0.845842 1.18723 1.70453 2.08497 2.62821 1.05011 0.540147 0.814496 0.824995 0.838062 0.518261 0.46812 0.656617 0.488748 0.925736 0.468115 1.20897 1.04688 0.496602 0.433409 0.732278 0.793551 0.491526 0.354487 0.357801 0.351509 0.427093 0.781342
threshold=-0.1488827458608277 -2.186891101812845 10.500000000000002 7.2950000000000008 82.250000000000014 73.850000000000009 1008.7500000000001 75.350000000000009 1.5000000000000002 31.825031665300951 1011.4500000000002 -0.12940952255126037 72.450000000000017 5.2650000000000006 14.755000000000001 31.664903979971843 31.03369055996377 1006.7500000000001 27.112500000000004 32.963261219618055 -1.1329518065123521 77.250000000000014 3.5450000000000004 83.450000000000017 27.319166666666668 6.8350000000000009 85.550000000000011 5.1850000000000014 26.725000000000001 0.86850000000000016
decision_type=2 2 2 2 2 2 2 2 2 2 2 2 2 2 2 2 2 2 2 2 2 2 2 2 2 2 2 2 2 2
left_child=1 27 13 4 5 -4 -7 -8 21 -10 12 -12 -11 14 -3 16 -16 -15 -19 20 -20 -2 23 24 -23 26 -14 28 29 -1
right_child=8 2 3 -5 -6 6 7 -9 9 10 11 -13 25 17 15 -17 -18 18 19 -21 -22 22 -24 -25 -26 -27 -28 -29 -30 -31
leaf_value=-0.018897314264705419 0.00052322920509643089 0.011442078568649644 -0.00020065512072240882 0.0069477012067227315 0.023680282073790828 -0.0072524455227659448 -0.0036993550204769219 -0.018684745519819478 0.024684219567556235 -0.00049783236288385396 -0.0030721340615008888 -0.06062457891472478 0.01274479258598967 0.0024715398736387326 0.0097242525591388854 0.0026696652239271207 -0.021279543133909961 0.0045324946151604492 -0.030020117889015929 -0.00091660259051203454 -0.0069295521177526785 -0.037634576775630847 0.01823939695058438 0.00048873638099434038 -0.013319820344532217 -0.0016012040540421986 -0.00033754122581333685 0.0079145978776468534 0.011182215962958311 0.0021592567479952938
leaf_weight=166.86894655227661 1157.0810039639473 2611.4658070206642 387.09353125095367 350.10445386171341 264.14992594718933 150.59340018033981 136.93639695644379 175.99633097648621 2916.9588913321495 1072.5212987065315 148.16992938518524 73.544256806373596 6907.9252859354019 1076.892907500267 106.67301392555237 295.53802996873856 104.87676858901978 263.60068291425705 133.61251133680344 274.70321452617645 139.56952178478241 100.4539697766304 166.58323925733566 98.687610685825348 107.0528906583786 855.37684506177902 774.79612028598785 2351.7724499702454 515.67786520719528 144.51244074106216
leaf_count=123 1062 2824 282 119 230 148 90 124 2747 1089 196 82 7583 1437 112 379 121 207 160 372 176 89 138 86 117 1114 1022 1497 563 121
internal_value=0.000213186 0.000101042 -2.15023e-05 -0.00045864 -0.000810377 -0.00127798 -0.00219286 -0.00323781 0.000282314 0.000327368 0.000225099 -0.000900504 0.000260542 8.91832e-05 0.000251705 -0.000323733 -0.00108416 -0.000132906 -0.000517563 -0.00110581 -0.00199463 -1.64584e-05 -0.000572103 -0.00120992 -0.00191848 0.000316141 0.000360449 0.000377752 0 -0.000567919
internal_weight=24029.8 9650.64 6471.81 1464.87 1114.77 850.62 463.526 312.933 14379.2 12749.3 9832.33 221.714 9610.62 5006.93 3118.55 507.088 211.55 1888.38 811.486 547.885 273.182 1629.86 472.778 306.194 207.507 8538.1 7682.72 3178.83 827.059 311.381
internal_count=24410 9085 6781 993 874 644 362 214 15325 13833 11086 278 10808 5788 3436 612 233 2352 915 708 336 1492 430 292 206 9719 8605 2304 807 244
is_linear=0
shrinkage=0.0202208


Tree=206
num_leaves=31
num_cat=0
split_feature=33 10 11 10 55 34 30 21 11 44 41 63 3 54 10 39 44 44 58 48 56 30 11 35 46 30 58 46 30 29
split_gain=0.440626 0.533356 1.0279 0.641713 0.569826 0.403757 0.74701 0.336383 0.432349 0.44045 0.415849 0.396274 0.33686 0.368561 0.328069 0.636283 0.84802 0.30536 0.364819 0.31899 0.2692 0.308729 0.286354 0.483478 0.467345 0.292911 0.243154 0.396106 0.362038 0.339677
threshold=0.13999999999999882 -0.80392051724781066 0.49751328890718055 -0.40542197401079733 0.98750000000000016 30.311054260327154 80.15000000000002 35.471284367503522 -0.66483077113278999 28.35229166666667 0.085440037457464577 35.510985088607107 0.41050000000000003 0.88250000000000017 -0.34964421742355262 1.9270737242205793 28.425625000000004 29.58979166666667 1006.35 680.6500000000002 1009.9500000000002 81.950000000000017 -0.2093068927635835 0.2184731942536407 2348.5535000000004 87.15000000000002 1011.0500000000001 2228.8810000000008 70.65000000000002 82.750000000000014
decision_type=2 2 2 2 2 2 2 2 2 2 2 2 2 2 2 2 2 2 2 2 2 2 2 2 2 2 2 2 2 2
left_child=1 2 5 -3 -4 6 -1 8 9 -2 -11 12 -12 -14 15 16 -5 -9 -19 -20 22 -22 23 -7 -25 -24 28 -28 -16 -30
right_child=7 3 4 14 -6 20 -8 17 -10 10 11 -13 13 -15 26 -17 -18 18 19 -21 21 -23 25 24 -26 -27 27 -29 29 -31
leaf_value=0.034616127303247153 0.017819055313275194 0.029109635134996367 -0.037735079611800088 -0.036808914554196541 0.0062097912583675748 0.023574532611800831 -0.013817143258451164 0.013326362928253042 0.00041770372175271847 0.0016245030791821491 -0.00056379494170199574 0.0017953401490159919 -0.035607452303897412 -0.022721223965514424 0.012489475092636539 0.086538340819132142 0.00036031691248927079 0.018274032897192777 -0.0076351593943506015 -8.9853276907660872e-05 0.013274281792593061 -0.020101447288591274 0.031051846077537078 -0.010477096317380552 0.026417054572844212 -0.010399331392271711 0.00044806036507019561 -0.039390390209320288 0.00076376374365139967 0.018372938404032382
leaf_weight=175.62162214517593 244.86512821912766 2607.8386009335518 147.3931902050972 94.550201177597046 90.939944803714752 593.40512615442276 163.01567947864532 894.59388196468353 4716.9030058383942 209.402459025383 107.49276804924011 92.494553804397583 125.46954882144928 323.80666321516037 1747.0060122609138 134.05019420385361 87.66136771440506 570.23478704690933 213.39302110671997 220.02002036571503 88.050468325614929 79.915582060813904 1099.9975461363792 154.16078615188599 132.23245990276337 113.20909714698792 1988.8416848778725 155.79273003339767 5257.1433656811714 1400.2880442142487
leaf_count=143 347 2832 172 123 100 794 159 995 5165 270 133 101 167 451 1297 91 120 310 140 132 119 104 1420 192 176 156 1237 159 5252 1553
internal_value=0.000210679 0.000272357 0 0.000325546 -0.00123813 0.000136808 -0.0004219 6.89289e-05 0 -0.000366671 -0.000612889 -0.000869655 -0.00108164 -0.00132334 0.000243518 -0.000273753 -0.00119843 0.000302641 0 -0.000378525 0.000259752 -0.000277213 0.000345051 0 -0.000608381 0.00054891 0.000267423 2.655e-05 0.000318432 0.000228174
internal_weight=24029.8 16311.1 2837.94 13473.2 238.333 2599.61 338.637 7718.68 5820.43 1103.53 858.666 649.264 556.769 449.276 10865.3 316.262 182.212 1898.24 1003.65 433.413 2260.97 167.966 2093.01 879.798 286.393 1213.21 10549.1 2144.63 8404.44 6657.43
internal_count=24410 16199 3535 12664 272 3263 302 8211 6634 1469 1122 852 751 618 9832 334 243 1577 582 272 2961 223 2738 1162 368 1576 9498 1396 8102 6805
is_linear=0
shrinkage=0.0202208


Tree=207
num_leaves=31
num_cat=0
split_feature=51 17 30 32 54 27 59 11 11 50 22 59 11 11 54 27 61 30 45 27 11 11 21 61 37 61 45 33 59 59
split_gain=0.481865 0.308308 0.383194 0.587025 0.305765 0.281781 0.240442 0.234739 0.954914 0.997882 0.416647 0.704572 1.0504 0.431815 0.45352 0.626012 0.418577 0.385177 0.31891 0.37701 0.301733 0.847486 0.507748 0.479385 0.672124 0.341541 0.403094 0.31503 0.299739 0.768561
threshold=1.9333333333334568 34.70947085859725 85.050000000000011 -0.52380155921521865 0.89850000000000019 80.15000000000002 7.5250000000000012 0.59818091440591625 0.51972456038539816 503.85000000000008 27.435000000000006 3.9450000000000007 0.25951179706979971 -0.66483077113278999 0.84650000000000014 75.450000000000017 3.2350000000000008 81.750000000000014 0.51210624673579908 82.15000000000002 0.91925191855388755 0.95493138204271821 28.429297304447001 0.03500000000000001 1.2559540629603538 7.4350000000000014 1.8122307498959909 -0.16499999999999912 2.1750000000000003 3.4050000000000007
decision_type=2 2 2 2 2 2 2 2 2 2 2 2 2 2 2 2 2 2 2 2 2 2 2 2 2 2 2 2 2 2
left_child=-1 7 3 5 -4 -3 -5 8 10 -10 11 12 -2 14 15 -12 -17 -15 -16 -20 25 22 -22 -23 -25 26 -9 -27 -24 -30
right_child=1 2 4 6 -6 -7 -8 20 9 -11 13 -13 -14 17 18 16 -18 -19 19 -21 21 23 28 24 -26 27 -28 -29 29 -31
leaf_value=0.008080462924692328 -0.044760693161362435 0.0003243592097761354 -0.020186826122759155 0.0081965219442789901 0.0068229734666471371 -0.044555640993700775 -0.0048861708938384213 0.0099243751813579729 -0.0024335047209535004 -0.037465453268008646 0.024458365435100281 -0.00041103533879536689 0.00040281880450818782 0.0185362229340661 0.0087995628073045916 -0.028830885043390535 -0.0046740315793871185 0.0012197850563634783 -0.0027409265016218676 -0.057622114068084158 0.050696858292916654 0.0022288837503184403 -0.0062197154895388485 0.00026867214322025344 -0.012385913510678683 -0.029906065457528927 -0.0087184031625739122 0.0042751987936717993 -0.043074952732070584 -0.0029035105525182943
leaf_weight=8039.5824258923531 93.322885572910309 287.62070697546005 244.99030464887619 4154.1672031283379 353.52260684967041 140.03530526161194 141.39353215694427 2131.3749741911888 267.47605454921722 112.53625655174255 84.410730421543121 510.53866499662399 107.73486429452896 1162.1512604355812 931.47392374277115 68.819797575473785 78.67964643239975 1576.751770734787 323.49470233917236 67.682913303375244 107.93012911081314 1276.0447396636009 110.63432830572128 658.16083413362503 122.9757496714592 122.99281078577042 178.81596314907074 194.23181444406509 110.71907705068588 269.52356469631195
leaf_count=7350 124 261 297 3812 443 163 182 2229 262 132 113 519 115 1515 1320 101 107 2207 452 99 73 968 126 540 99 125 111 205 126 234
internal_value=0.000218116 0.000144305 0.000276293 0.000343146 -0.000104724 -0.000252204 0.000422965 7.01812e-05 -8.97666e-06 -0.000993198 4.90114e-05 -0.000371711 -0.00137357 0.000139402 -8.84859e-05 -0.000915215 -0.0017301 0.00030061 0 -0.000414441 0.000167368 0 -0.000651401 0.00020979 -9.8928e-05 0.0003212 0.000419248 -0.000116568 -0.000967646 -0.00123484
internal_weight=24029.8 15990.2 5321.73 4723.22 598.513 427.656 4295.56 10668.5 5385.07 380.012 5005.06 711.596 201.058 4293.46 1554.56 231.91 147.499 2738.9 1322.65 391.178 5283.4 2655.99 598.807 2057.18 781.137 2627.42 2310.19 317.225 490.877 380.243
internal_count=24410 17060 5158 4418 740 424 3994 11902 7066 394 6672 758 239 5914 2192 321 208 3722 1871 551 4836 2166 559 1607 639 2670 2340 330 486 360
is_linear=0
shrinkage=0.0202208


Tree=208
num_leaves=31
num_cat=0
split_feature=33 0 37 10 45 39 59 32 62 10 4 39 39 0 61 26 38 10 10 10 24 56 24 45 59 19 39 45 39 60
split_gain=0.389854 0.37233 0.470261 0.535144 0.68536 0.629173 0.429967 0.371703 0.367482 0.74072 0.380926 0.336386 0.42123 0.328981 0.319036 0.307937 0.472617 0.446955 1.12878 0.4026 0.604656 0.286281 0.454747 0.268299 0.25962 0.623067 0.586517 1.77451 0.294911 0.258007
threshold=0.13999999999999882 7.8250000000000011 0.40387734507784007 -0.85206963063867713 0.44537223886322014 0.67105179748165156 2.4750000000000005 0.31797837488895203 3.9150000000000005 0.50495637864894027 1012.0500000000001 1.4723291411807355 1.8982883968349349 3.9450000000000007 7.5450000000000008 28.495000000000001 26.949033352034665 -0.073094453017891914 -0.30901413279605799 0.75548631800528565 30.205000000000002 1007.85 29.895000000000003 2.1826903800571342 5.2150000000000007 30.356827737221696 0.94189780096729958 0.48189606987586214 2.4837321302911786 6.1150000000000011
decision_type=2 2 2 2 2 2 2 2 2 2 2 2 2 2 2 2 2 2 2 2 2 2 2 2 2 2 2 2 2 2
left_child=1 2 8 4 5 -4 11 -2 10 13 29 -5 -13 -10 -7 16 17 18 -8 -17 -21 22 -11 -3 25 28 27 -26 -9 -1
right_child=7 23 3 6 -6 14 15 24 9 21 -12 12 -14 -15 -16 19 -18 -19 -20 20 -22 -23 -24 -25 26 -27 -28 -29 -30 -31
leaf_value=0.014141726177032691 -0.0019986811138753622 0.019802273532164922 0.0024011246484445009 0.0012629080618723624 -0.00031701305947587924 -0.010762039377640692 0.005238872583276666 2.6859867651235643e-05 -0.0003393407544192257 0.012719094312533734 -0.00040260410240031412 -0.015348024397503816 -0.0027317769306276015 0.0152439113481892 -0.029648141725955694 0.004146642744365517 0.0091403109725929667 0.025512609498414877 -0.0076559973696711551 -0.056636363835019576 0.0079558851325510129 -0.033472238958420213 -0.04376928248513396 -0.00091414771178365418 -0.001774385722058983 0.0092614089142997458 0.001665047985623367 -0.022206357848235821 -0.013427602173833278 -0.003207511072412825
leaf_weight=4668.6684192419052 1128.9573065042496 1626.814603805542 88.958127081394196 337.70221388339996 619.42250090837479 80.655756771564484 220.36512863636017 1067.0406767725945 751.79166066646576 396.92107486724854 334.37515097856522 107.10206907987595 176.50680828094482 1710.6010909676552 111.83464109897614 718.07966142892838 2892.1979440450668 203.71994763612747 249.12111496925354 161.75727599859238 98.499272704124451 152.22614163160324 181.68400573730469 228.80299580097198 589.83713567256927 2616.2951761484146 2066.5693501234055 80.286064743995667 169.69012749195099 193.30609738826752
leaf_count=4842 1174 1108 116 361 667 106 100 1163 983 463 259 98 176 2253 139 825 2590 114 142 180 80 143 140 67 770 2934 1900 91 179 247
internal_value=0.000214587 0.000273168 0.000228043 7.30296e-05 -0.000351456 -0.00117179 0.000164224 7.93782e-05 0.000329601 0.000118552 0.000442263 -0.000271544 -0.000799034 0.000307126 -0.00181757 0.000243254 0.000332663 -4.26919e-05 -0.000496024 0 -0.000743684 -0.000395851 -2.22477e-05 0.000576348 0.00014589 0.000252799 0 -0.00052273 -6.27344e-05 0.000490962
internal_weight=24029.8 16311.1 14455.5 6065.92 900.871 281.449 5165.05 7718.68 8389.57 3193.22 5196.35 621.311 283.609 2462.39 192.49 4543.74 3565.4 673.206 469.486 978.336 260.257 730.831 578.605 1855.62 6589.72 3853.03 2736.69 670.123 1236.73 4861.97
internal_count=24410 16199 15024 5694 1028 361 4666 8211 9330 3982 5348 635 274 3236 245 4031 2946 356 242 1085 260 746 603 1175 7037 4276 2761 861 1342 5089
is_linear=0
shrinkage=0.0202208


Tree=209
num_leaves=31
num_cat=0
split_feature=27 31 29 6 61 56 7 28 49 30 31 30 60 10 31 29 30 10 27 55 33 10 61 44 64 28 27 60 64 43
split_gain=0.473999 0.407551 0.332188 0.746 0.353559 0.56057 1.39705 0.450353 0.306872 0.305636 0.296539 0.36359 0.383958 0.282816 0.271128 0.529019 0.412877 0.383572 0.360919 0.522191 0.802316 0.828981 0.81642 0.724509 1.87551 0.305857 0.972794 0.809405 0.437649 0.308787
threshold=85.350000000000009 82.450000000000017 87.850000000000009 0.78656609248549325 8.6350000000000033 1007.4500000000002 -0.37940952255126015 80.450000000000017 661.95000000000016 82.850000000000009 79.15000000000002 76.750000000000014 4.4450000000000012 -0.28435655403991289 83.450000000000017 83.350000000000009 84.550000000000011 0.76665171983724034 79.750000000000014 0.84050000000000014 -0.24500000000000097 0.50495637864894027 1.8750000000000002 25.217083333333338 -0.16482333631632781 80.750000000000014 82.750000000000014 5.3550000000000013 0.90931389374205207 0.26085116959720006
decision_type=2 2 2 2 2 2 2 2 2 2 2 2 2 2 2 2 2 2 2 2 2 2 2 2 2 2 2 2 2 2
left_child=2 -2 4 -4 8 9 7 -7 14 10 11 -6 -13 -14 16 25 18 -18 19 -1 21 22 23 -21 -25 29 27 28 -27 -16
right_child=1 -3 3 -5 5 6 -8 -9 -10 -11 -12 12 13 -15 15 -17 17 -19 -20 20 -22 -23 -24 24 -26 26 -28 -29 -30 -31
leaf_value=0.0026708737476009324 -7.2149140821912704e-06 0.032527550374712 0.020248004317636768 -0.033191129358857492 0.040735681758219386 -0.0099776759130207147 9.5962063752233541e-05 -0.028794410987795813 2.0820453695188749e-05 0.013375209496535052 0.0082313584077281267 0.00068029007364756163 -0.017605499052020544 -0.036113739540205664 0.029321925281625891 0.037388883333033328 0.00035961275747573002 -0.03250124843007475 0.015716572548167249 -0.0014652765131481641 0.0033108342126752445 0.017452286044012721 0.013629821158331583 -0.026279629057997477 -0.0010838089528613715 -0.016838194804529093 0.001560474265489211 -0.001928653135829541 -0.027768272074237418 -0.0014672515131314158
leaf_weight=4499.3558381795883 768.95848321914673 2167.252100944519 180.6055611371994 142.86443662643433 80.826802492141724 112.54007923603058 705.98479038476944 141.41781157255173 2581.6348145604134 791.10843765735626 787.12504625320435 98.912177264690399 76.778415262699127 80.304250597953796 507.25514680147171 596.06854957342148 1006.2644581198692 130.58211153745651 3933.519183576107 252.76467549800873 1890.6260164380074 255.86790013313293 171.90807598829269 245.58258092403412 179.33983308076859 135.24006646871567 624.82254576683044 142.42554485797882 90.487169802188873 651.36663711071014
leaf_count=3740 841 2373 193 175 93 138 763 178 2699 1055 987 111 104 111 616 682 1225 163 3838 103 1837 222 181 169 169 149 675 151 100 569
internal_value=0.000200662 0.000458318 0.000160565 -0.000403641 0.000173644 -6.79399e-06 -0.000431634 -0.00170592 0.00020752 0.000160995 0 -0.000547483 -0.000982145 -0.00159095 0.000241897 2.25757e-05 0.000282865 -1.82367e-05 0.000320471 0.000216065 0 -0.000422612 -0.000765852 -0.0011058 -0.00162293 -9.11884e-05 -0.000370354 -0.00119837 -0.00194078 7.32078e-05
internal_weight=24029.8 2936.21 21093.6 323.47 20770.1 2875 959.943 253.958 17895.1 1915.06 1123.95 336.822 255.995 157.083 15313.5 2747.67 12565.8 1136.85 11429 7495.44 2996.09 1105.46 849.595 677.687 424.922 2151.6 992.975 368.153 225.727 1158.62
internal_count=24410 3214 21196 368 20828 3540 1079 316 17288 2461 1406 419 326 215 14589 2942 11647 1388 10259 6421 2681 844 622 441 338 2260 1075 400 249 1185
is_linear=0
shrinkage=0.0202208


Tree=210
num_leaves=31
num_cat=0
split_feature=27 0 62 26 23 20 11 17 45 39 56 45 45 64 28 39 11 56 24 11 26 11 0 64 11 33 11 62 56 34
split_gain=0.422023 0.37773 0.351055 0.332054 0.416963 0.401016 0.745893 0.578177 1.15751 0.393225 0.340667 0.525227 0.55654 0.670397 1.39204 0.854709 1.78217 2.13367 1.28903 0.564022 0.802748 0.459077 1.3171 1.28765 0.410449 0.327559 0.301535 0.288264 0.276395 0.64196
threshold=85.350000000000009 3.7950000000000004 21.760000000000002 25.085000000000004 22.355000000000004 30.550587197882702 0.98043284291745803 28.062711357252638 1.1266277662577735 2.935940507295935 1011.5500000000001 0.56336487455442918 0.38417590119702122 1.2083436898486666 74.450000000000017 0.81268354783325447 -0.92260537345622995 1005.4500000000002 29.405000000000005 -0.47495107206705001 29.405000000000005 -0.7721279831368929 5.5150000000000006 0.46075549036858382 0.98927755889796032 -0.41999999999999987 -0.86955717898714324 0.32500000000000007 1007.9500000000002 30.072636566804704
decision_type=2 2 2 2 2 2 2 2 2 2 2 2 2 2 2 2 2 2 2 2 2 2 2 2 2 2 2 2 2 2
left_child=3 -2 -3 4 -1 6 7 8 -5 28 11 12 19 15 -15 16 17 -14 -19 -7 25 -17 -23 -24 26 -21 -13 -16 -9 -30
right_child=1 2 -4 5 -6 10 -8 9 -10 -11 -12 24 13 14 27 21 -18 18 -20 20 -22 22 23 -25 -26 -27 -28 -29 29 -31
leaf_value=-0.0043598165600279145 -0.00018266842554046954 0.039600908062632702 0.0023257315784313524 -0.006333118026251589 0.0099351719642485625 0.01679205686162609 0.0025858138753186771 0.0095114891714438033 -0.00072098721131139793 -0.025973359074854801 -0.0029245503310974751 -0.0022682507062609493 0.014311760784766127 -0.015367504383451582 -0.0026595365731926389 0.019291151546488704 -0.00074039779713939199 -0.058410844411746751 -0.080322762268246223 -0.01298540302689879 -0.041502008229344522 0.0018447888804564779 -0.039257868349562977 0.0012334448053635508 -0.018693387622945774 0.0044538351347236929 0.0087563331018840444 0.025274850889566127 0.0011934459248061319 -0.0061143873457128435
leaf_weight=250.9954537153244 666.90578681230545 1760.3251764178276 508.97962093353271 183.39715832471848 1625.1344087123871 2769.5215286612511 1145.7446454167366 738.89579910039902 584.13870304822922 136.69098150730133 699.79947292804718 443.39429992437363 86.022064924240112 181.91688293218613 173.56488943099976 737.97671806812286 849.93753838539124 135.61747360229492 66.393560171127319 73.818023145198822 138.17134845256805 684.25852566957474 131.45425295829773 92.51149183511734 139.33374673128128 1060.653955578804 4720.497873544693 1368.8511137366295 824.60067617893219 1050.2863702178001
leaf_count=69 719 1883 612 125 754 3102 883 894 340 134 635 596 112 159 145 1011 1000 191 82 93 130 831 170 127 130 1417 4849 1305 705 1207
internal_value=0.00020646 0.000452296 0.000576648 0.000168009 0.000446509 0.000136176 -9.89169e-06 -0.000173801 -0.000666504 -3.74284e-06 0.000188989 0.000214161 0.000101607 -3.61534e-05 0.00025278 -0.000246612 -0.000674168 -0.00206058 -0.00320195 0.000276785 -1.31198e-05 0 -0.000250715 -0.00161144 0.000378923 9.52027e-05 0.00041805 0.000492872 1.98958e-05 -7.35367e-05
internal_weight=24029.8 2936.21 2269.3 21093.6 1876.13 19217.4 4663.75 3518.01 767.536 2750.47 14553.7 13853.9 8550.67 4508.5 1724.33 2784.17 1137.97 288.033 202.011 4042.16 1272.64 1646.2 908.224 223.966 5303.23 1134.47 5163.89 1542.42 2613.78 1874.89
internal_count=24410 3214 2495 21196 823 20373 4288 3405 465 2940 16085 15450 9875 5133 1609 3524 1385 385 273 4742 1640 2139 1128 297 5575 1510 5445 1450 2806 1912
is_linear=0
shrinkage=0.0202208


Tree=211
num_leaves=31
num_cat=0
split_feature=0 57 22 11 17 62 62 0 28 32 38 38 29 61 2 11 11 28 12 24 56 62 38 12 38 33 57 27 32 46
split_gain=0.405973 0.782623 0.756719 0.723109 1.18796 0.641353 0.479854 0.456459 0.588309 0.455905 0.533978 1.13564 0.322639 0.314292 0.512577 0.485918 1.08863 0.866051 0.593004 0.840941 0.655578 0.39059 0.569698 0.475897 0.547173 0.850593 0.733834 0.351706 0.796895 0.311882
threshold=7.5250000000000012 1010.7500000000001 29.025000000000002 0.99696424012059681 24.230157242475894 1.7550000000000001 29.320000000000004 5.6950000000000012 85.350000000000009 1.3566851841665957 32.804060197034367 34.167156408854048 66.850000000000009 1.0550000000000004 475.15000000000003 0.91234096280339505 0.93834263341299773 74.65000000000002 3.5000000000000004 29.835000000000004 1004.9500000000002 2.8950000000000005 38.120764150491318 4.5000000000000009 30.398152149490084 -0.15999999999999834 1007.4500000000002 80.050000000000011 -0.98396275648595644 2125.0190000000007
decision_type=2 2 2 2 2 2 2 2 2 2 2 2 2 2 2 2 2 2 2 2 2 2 2 2 2 2 2 2 2 2
left_child=1 6 12 4 -3 29 13 -8 -9 10 -7 -12 -2 14 15 18 17 -17 -1 20 -20 -15 23 24 -23 26 -26 28 -22 -6
right_child=2 3 -4 -5 5 9 7 8 -10 -11 11 -13 -14 21 -16 16 -18 -19 19 -21 27 22 -24 -25 25 -27 -28 -29 -30 -31
leaf_value=0.028289151432583169 -0.0079009545456158771 -0.0081217548238376666 -0.013205743574512683 0.010845442036045367 -0.00020216475528208022 -0.0026320668901789615 0.0025555733650896697 -0.016177539512980125 -0.0026030063050564976 -0.0014861569242727527 -0.043876678911890621 -0.00029146242175217418 0.014059872458396341 0.017743465116825993 -0.001282073587711186 -0.0059303155394035889 0.00047542872708361046 -0.028961431141659014 -0.03089956948260578 0.013677098528986222 -0.027778304869757055 0.010065019184103772 -0.041089195232689203 0.0087304743432494412 -0.041634114928703156 -0.0011501792735077675 -0.057537808894896854 0.018047187488225577 5.9823548890531178e-05 0.01672864323312083
leaf_weight=1169.4878559112549 144.44005608558655 126.39583498239517 239.9519385099411 647.23660463094711 1971.0333302617073 222.58963191509247 597.02450668811798 129.49457854032516 127.00521975755692 92.622997760772705 80.062957227230072 72.026468873023987 2482.7782808542252 3550.3973517417908 1110.0135080814362 119.74203985929489 1290.8788478970528 93.333856105804443 140.09583389759064 685.77977341413498 118.89048111438751 234.48265987634659 167.01910895109177 6143.9024706482887 130.29885506629944 389.7287819981575 95.213909447193146 562.81631517410278 586.74802136421204 508.29746443033218
leaf_count=1239 61 56 282 434 1649 212 741 174 161 113 103 85 1733 3765 1126 133 1060 80 173 506 109 169 101 7583 156 428 98 614 707 559
internal_value=0.000212153 0.000174628 0.000457992 -7.4228e-05 -0.000223856 -0.000108551 0.000232731 -0.000177181 -0.000905356 -0.000793804 -0.0011298 -0.00211945 0.000573458 0.000259137 0.000115723 0.000216894 -3.38202e-05 -0.00140025 0.000359117 0.000104161 -0.000127887 0.000329591 0.000221052 0.000258821 -0.000119571 -0.000516231 -0.00149466 0 -0.000280528 0
internal_weight=24029.8 21162.6 2867.17 3720.27 3073.03 2946.63 17442.4 853.524 256.5 467.302 374.679 152.089 2627.22 16588.8 5877.79 4767.77 1503.95 213.076 3263.82 2094.33 1408.55 10711 7160.65 6993.63 849.724 615.242 225.513 1268.45 705.639 2479.33
internal_count=24410 22334 2076 3211 2777 2721 19123 1076 335 513 400 188 1794 18047 5747 4621 1273 213 3348 2109 1603 12300 8535 8434 851 682 254 1430 816 2208
is_linear=0
shrinkage=0.0202208


Tree=212
num_leaves=31
num_cat=0
split_feature=50 58 1 17 0 39 58 64 64 38 58 0 28 25 56 20 0 39 40 1 1 55 25 61 64 23 39 60 58 0
split_gain=0.409015 0.917562 0.734834 1.78378 0.684725 0.5557 1.04989 0.54297 1.19347 1.88223 0.611065 0.660953 0.825559 0.999175 0.528191 0.483613 0.526772 0.538209 0.427324 0.763513 0.529144 0.901943 0.337131 0.30965 0.316256 0.298236 0.305039 0.289156 0.28079 0.314817
threshold=11.750000000000002 1007.2500000000001 4.5650000000000004 30.74072376285179 8.9850000000000012 0.9637416183472155 1008.85 -0.7268902493624444 -2.4792299839655718 26.949033352034665 1008.9500000000002 4.7950000000000008 80.050000000000011 29.045000000000005 1007.85 36.387756650109296 2.0950000000000002 1.6315713366422411 25.84833333333334 0.34500000000000003 0.16500000000000004 0.58850000000000013 28.705000000000002 29.320000000000004 1.6856566544988409 26.255000000000006 1.0826862391137826 2.6350000000000002 1011.9500000000002 6.6750000000000007
decision_type=2 2 2 2 2 2 2 2 2 2 2 2 2 2 2 2 2 2 2 2 2 2 2 2 2 2 2 2 2 2
left_child=7 4 15 -4 23 6 -5 8 -1 -10 11 -11 13 -13 -8 16 17 -3 -9 20 25 -22 -12 24 27 -20 -27 -2 29 -21
right_child=1 2 3 5 -6 -7 14 18 9 10 22 12 -14 -15 -16 -17 -18 -19 19 28 21 -23 -24 -25 -26 26 -28 -29 -30 -31
leaf_value=0.0074807881388983949 0.001908115027726579 -3.4683866076872667e-05 -0.029601482327687983 -0.00026901873100885717 -0.013361692458377912 0.0089232948658244556 -0.01009104950741321 0.028263309562267837 -0.010889657403199438 0.029761591608963963 0.020655425177473145 -0.031638458685795692 -0.0027776996814414087 -0.0023064001225738579 -0.019284490192970988 -0.004003529592844105 0.0014283952241237036 -0.035264873380401282 -0.013649040415594921 0.017973564921508849 0.018436735550346823 -0.012751309251383125 -0.0060410580547808146 -0.0088963407521936086 0.00073829272166821215 0.013879199097614774 -3.16264767520908e-05 0.017001425469991952 -0.051148825374418096 0.00042847842334005636
leaf_weight=1822.6550799012184 439.17911475896835 476.98674958944321 152.08515930175781 461.69581282138824 92.252650618553162 512.58521157503128 115.41425770521164 961.82643759250641 323.734090924263 426.59590029716492 651.88626354932785 165.42855006456375 614.47237229347229 104.75437611341476 91.7098069190979 179.0907866358757 3932.6486207842827 207.46587002277374 136.01597183942795 5300.0512224435806 162.23345357179642 205.99199217557907 202.13278990983963 272.46487313508987 1041.5492510199547 501.94606763124466 640.32678985595703 2888.2496096491814 83.574711561203003 862.78569680452347
leaf_count=1053 514 546 145 581 120 632 150 449 156 488 474 178 726 142 116 110 4123 238 104 5906 167 204 136 355 907 525 595 3431 64 1075
internal_value=0.000188582 8.44704e-05 -6.73726e-05 -0.000491559 0.000299464 -0.000142739 -0.000571505 0.000267783 5.64808e-05 -0.000207551 0 -0.000265156 -0.000613955 -0.00156446 -0.00175318 3.26375e-05 9.04709e-05 -0.000385339 0.000360715 0.000293417 -4.87987e-05 -0.000752023 0.000428265 0.00034913 0.000397245 8.72206e-05 0.000252858 0.000495938 0.000397605 0.000421418
internal_weight=24029.8 10863.4 6129.68 1333.49 4733.7 1181.41 668.82 13166.4 4311.66 2489 2165.27 1311.25 884.655 270.183 207.124 4796.19 4617.1 684.453 8854.75 7892.93 1646.51 368.225 854.019 4641.44 4368.98 1278.29 1142.27 3327.43 6246.41 6162.84
internal_count=24410 11968 6641 1624 5327 1479 847 12442 3353 2300 2144 1534 1046 320 266 5017 4907 784 9089 8640 1595 371 610 5207 4852 1224 1120 3945 7045 6981
is_linear=0
shrinkage=0.0202208


Tree=213
num_leaves=31
num_cat=0
split_feature=21 3 4 60 50 62 4 64 11 36 20 22 29 3 60 41 39 38 41 20 56 34 39 11 27 2 1 22 37 37
split_gain=0.637895 0.546781 0.493522 0.414158 0.4001 0.492927 1.01437 1.02889 0.449046 1.12081 1.74934 1.3132 0.620051 0.699056 0.692509 0.727372 0.851125 0.596842 1.28184 0.443107 0.376917 0.370168 0.484912 0.355182 0.353339 0.338942 0.36694 0.347513 0.321829 0.375217
threshold=25.472402142330878 0.95650000000000002 1006.7500000000001 6.5450000000000008 21.850000000000005 7.5450000000000008 1009.0500000000001 -0.68032504882858358 -0.21772323039653199 33.021213322333459 32.946909000408169 28.075000000000003 79.750000000000014 0.90050000000000019 1.655 0.36887208572822466 1.3904753604967717 28.761432329494184 0.14742229591768466 28.834424355369276 1010.7500000000001 32.311065202477884 0.95030382230891652 0.91925191855388755 81.050000000000011 72.15000000000002 1.0750000000000004 27.055000000000003 0.75836592043115092 0.22701396488690886
decision_type=2 2 2 2 2 2 2 2 2 2 2 2 2 2 2 2 2 2 2 2 2 2 2 2 2 2 2 2 2 2
left_child=1 -1 3 25 8 -6 21 -8 9 10 -4 -12 13 14 -10 16 23 -18 -19 -14 -21 22 -7 -16 28 27 -27 -2 29 -5
right_child=2 -3 4 24 5 6 7 -9 12 -11 11 -13 19 -15 15 -17 17 18 -20 20 -22 -23 -24 -25 -26 26 -28 -29 -30 -31
leaf_value=0.022226611218264369 -0.019048339173532099 -0.00058706638067398628 0.0097787212670087959 -0.00075969435470635087 0.00024558560048536335 -0.02664246425060739 -0.0027356398516677504 -0.03598483283636851 0.015554262737958107 0.006639920246519544 -0.043466457490993184 -0.006053862250175064 -0.00097147482366499987 0.0096794036046546003 0.017636797547299989 0.0009568143213597582 -0.0014422662865767627 -0.0066941261691809166 -0.017936584268976163 0.029155974293512528 0.00013259861972708049 0.0044205268334131997 -0.0042662638403392359 -0.002966565209350615 0.014180931571228314 -0.0024281163909689128 0.009733542689051038 0.026039098402095322 0.014244190045192383 -0.016234479273948187
leaf_weight=1404.1809107065201 123.83074170351028 408.36455082893372 274.74711614847183 119.52654600143433 5401.5906048417091 81.207598030567169 90.140536665916443 97.630628049373627 396.83518922328949 1474.2481250166893 157.71117204427719 191.44202315807343 361.79197859764099 678.4070428609848 335.21313947439194 671.61538970470428 150.63718765974045 125.64780056476593 233.14881491661072 2211.5215869545937 848.19331932067871 445.84828931093216 73.44118058681488 228.80287331342697 993.20681214332581 708.32834780216217 1909.371533036232 3253.9732248783112 184.10888540744781 395.07639211416245
leaf_count=598 115 178 369 155 5691 103 98 131 372 1559 218 269 251 589 353 439 79 105 186 2320 784 595 84 204 1337 657 2171 3658 223 519
internal_value=0.000202929 0.000587495 0.000167513 0.000303652 8.93957e-05 -2.14947e-05 -0.000500755 -0.00178831 0.000182163 -3.92101e-05 -0.000788171 -0.00176431 0.000270573 1.51217e-05 -0.000131526 -0.000337418 -0.000676224 -0.00127958 -0.00172906 0.000455309 0.00053935 0 -0.000914702 0 0 0.000382665 0.000158016 0.000530472 -0.000322796 -0.000627426
internal_weight=24029.8 1812.55 22217.2 7687.42 14529.8 6189.86 788.268 187.771 8339.96 2098.15 623.9 349.153 6241.81 2820.31 2141.9 1745.07 1073.45 509.434 358.797 3421.51 3059.71 600.497 154.649 564.016 1691.92 5995.5 2617.7 3377.8 698.712 514.603
internal_count=24410 776 23634 8835 14799 6702 1011 229 8097 2415 856 487 5682 2327 1738 1366 927 370 291 3355 3104 782 187 557 2234 6601 2828 3773 897 674
is_linear=0
shrinkage=0.0202208


Tree=214
num_leaves=31
num_cat=0
split_feature=46 40 56 60 36 54 40 54 63 2 53 55 45 40 8 41 63 62 37 62 62 39 39 45 60 54 46 58 43 46
split_gain=0.618303 0.576986 0.677892 0.598699 0.919834 0.921012 0.493506 0.49678 1.12656 0.402667 0.377628 0.44231 0.535352 0.511019 0.346025 0.320141 0.317274 0.286398 0.340288 0.374781 0.334571 0.640945 0.284767 0.435216 0.535632 0.496752 0.499448 0.665877 1.40742 0.427917
threshold=1585.3790000000001 25.633333333333336 1009.6500000000002 7.0750000000000011 25.166636243976985 0.63250000000000017 29.158333333333335 0.21450000000000002 32.788055110813779 68.15000000000002 0.68350000000000011 0.91350000000000009 1.5738692167425685 27.928333333333335 0.37940952255126054 0.14525839046399194 28.65338645052012 28.140000000000004 0.60373759540325445 0.84500000000000008 0.12500000000000003 1.9995595385521068 1.0938864622263063 0.36732853464255283 3.2050000000000005 0.41050000000000003 2388.7475000000009 1005.4500000000002 0.18968834042391328 2217.7970000000009
decision_type=2 2 2 2 2 2 2 2 2 2 2 2 2 2 2 2 2 2 2 2 2 2 2 2 2 2 2 2 2 2
left_child=-1 3 9 4 5 -2 10 -8 -9 17 -4 12 13 14 15 -12 -6 18 -3 20 -20 -22 23 -11 -25 -26 27 28 -27 -29
right_child=1 2 6 -5 16 -7 7 8 -10 22 11 -13 -14 -15 -16 -17 -18 -19 19 -21 21 -23 -24 24 25 26 -28 29 -30 -31
leaf_value=-0.0085213944203121391 0.0024049044727919022 0.015573514669467037 0.0012246632383719719 0.01757313315556179 0.0075951653482876627 -0.0082867977389977313 0.00046064371522064844 -0.046693926551791831 -0.0056994944905320883 0.0067190310854433506 -0.011327656690961285 0.00041813172447975329 0.0063982122451308196 -0.00058507369670545003 -0.0050382762647011676 -0.012773957438069887 -0.0020152833325017758 -0.0024948418928277681 0.00088905932481041282 0.0097415923784467083 -0.027346536659336951 0.0013235858517909344 0.0040709776917501128 0.0077179137018896019 -0.00020386726148268172 -0.046798433871631039 0.011017740647071089 -0.0082917838267833992 -0.013767250639977715 -0.00081541001916747222
leaf_weight=149.12546759843826 191.61800932884216 6927.7675766944885 2635.6426808238029 1550.5069736242294 866.2612207531929 186.6894543170929 136.22113287448883 132.47821772098541 121.83048093318939 1771.8639684319496 135.20483791828156 959.27826344966888 182.36646616458893 211.16256356239319 168.29742461442947 198.73671787977219 162.52909654378891 605.35049676895142 350.36483758687973 1187.6692367196083 178.21201258897781 105.72953873872757 1944.7720633149147 922.84752178192139 488.28307974338531 91.545616984367371 219.42806404829025 289.03062891960144 230.35398840904236 728.62190222740173
leaf_count=97 99 7893 2492 621 422 91 173 172 102 2064 133 1027 149 246 130 156 115 747 317 1347 185 79 2309 991 409 111 267 336 270 860
internal_value=0.000184079 0.000195359 0.000151669 0.00047424 9.60486e-05 -0.000664307 -4.2381e-05 -0.000730507 -0.0012654 0.000216168 0 -0.000201656 -0.000533526 -0.000812614 -0.00116124 -0.00156158 0.000461934 0.00030556 0.000336454 3.36269e-05 -0.000300777 -0.00082192 7.79073e-05 0 -0.000156203 -0.000354827 -0.00054209 -0.000702546 -0.0015894 -0.000331135
internal_weight=24029.8 23880.7 20923.1 2957.6 1407.1 378.307 4881.22 390.53 254.309 16041.8 4490.69 1855.05 895.768 713.402 502.239 333.942 1028.79 9355.09 8749.74 1821.98 634.306 283.942 6686.75 4741.97 2970.11 2047.26 1558.98 1339.55 321.9 1017.65
internal_count=24410 24313 22965 1348 727 190 4780 447 274 18185 4333 1841 814 665 419 289 537 10568 9821 1928 581 264 7617 5308 3244 2253 1844 1577 381 1196
is_linear=0
shrinkage=0.0202208


Tree=215
num_leaves=31
num_cat=0
split_feature=46 26 58 64 2 10 59 64 64 26 17 11 28 29 34 62 29 11 11 30 11 30 30 60 46 11 4 43 61 61
split_gain=0.622867 0.396785 0.437988 0.46328 0.453118 0.451529 0.348825 0.824043 1.51992 0.295404 0.52257 0.412604 0.550452 0.571101 0.553118 0.744921 0.521398 0.514023 1.51164 0.603368 0.486566 1.50941 0.38616 0.383854 0.609086 0.28226 0.267786 0.400266 0.456382 0.359694
threshold=1585.3790000000001 25.085000000000004 1006.2500000000001 1.0649067059557409 61.150000000000013 0.97873101657557349 7.1950000000000012 -0.75338666018975775 -1.6326817762308268 29.305000000000003 33.903897617572184 0.2843486543654084 75.950000000000017 79.65000000000002 32.585734080040154 6.3450000000000006 78.550000000000011 0.91234096280339505 0.93834263341299773 85.050000000000011 0.10738134666416309 80.950000000000017 84.850000000000009 6.2350000000000012 2381.297 0.48250774176121808 1005.2500000000001 0.36356796698723454 0.20500000000000004 0.03500000000000001
decision_type=2 2 2 2 2 2 2 2 2 2 2 2 2 2 2 2 2 2 2 2 2 2 2 2 2 2 2 2 2 2
left_child=-1 6 3 4 -3 -5 7 8 -2 10 11 12 -4 14 15 -14 -13 19 -19 -18 23 -22 -12 -15 -25 -21 -11 -28 29 -29
right_child=1 2 9 5 -6 -7 -8 -9 -10 26 22 16 13 20 -16 -17 17 18 -20 25 21 -23 -24 24 -26 -27 27 28 -30 -31
leaf_value=-0.008349084651557561 0.0054583220736910427 0.010805804247244076 0.033655010632956714 0.021998249589536289 -0.0023896306793865104 -0.020636564597533342 0.028780234255416239 0.029927541956987269 -0.040983108473950661 0.0060678152182084832 0.016811259101558691 -1.2293472267597935e-06 -0.0011814907528139885 0.016950071230040425 -0.0056764000109172288 -0.066853556194751529 0.021453564102195774 -0.02560309167510048 0.0027907240199863516 -0.020494217956326038 0.020788066940765067 -0.022544832670102804 -0.001581113071507952 0.00083402255132927175 -0.042669847725107832 0.0021510618025359419 -0.0030057599463358107 0.00098090316476148547 0.0016075907857435526 -0.037566970938227549
leaf_weight=149.12546759843826 361.15051901340485 2324.5448464155197 364.38427591323853 2263.8162333369255 1466.7588992118835 112.92003387212753 978.55887234210968 574.31748151779175 206.49411582946777 542.44697308540344 1742.2944950461388 4270.0090959072113 171.26976042985916 1006.9151612520218 244.89614701271057 90.359265089035034 2055.2559875249863 183.87220978736877 864.10393023490906 120.90881711244583 125.02345883846283 164.19712424278259 422.29971218109131 415.59799772500992 129.38622295856476 348.03690457344055 1455.0906873345375 201.02088344097137 573.03998780250549 101.69397443532944
leaf_count=97 212 2894 450 2079 1868 141 332 303 112 487 2313 3689 185 1387 343 111 2138 161 603 157 147 197 557 519 181 388 1430 252 564 113
internal_value=0.000187518 0.000198819 0.000166755 0.000318105 0.000146208 0.000554815 0.000485691 0.000142664 -0.000300062 0.000101202 0.000145359 7.63778e-05 -0.000121013 -0.000260659 -0.000873863 -0.00152277 0.000155828 0.000335989 0 0.00049276 -4.29535e-05 -0.000823284 0.000440551 4.79577e-05 -0.000307838 0 -6.37568e-05 -0.000182225 8.26955e-05 -0.000408607
internal_weight=24029.8 23880.7 21760.1 6168.04 3791.3 2376.74 2120.52 1141.96 567.645 15592.1 12718.8 10554.2 2712.03 2347.65 506.525 261.629 7842.19 3572.18 1047.98 2524.2 1841.12 289.221 2164.59 1551.9 544.984 468.946 2873.29 2330.85 875.755 302.715
internal_count=24410 24313 23354 6982 4762 2220 959 627 324 16372 13526 10656 3520 3070 639 296 7136 3447 764 2683 2431 344 2870 2087 700 545 2846 2359 929 365
is_linear=0
shrinkage=0.0202208


Tree=216
num_leaves=31
num_cat=0
split_feature=26 4 42 1 55 11 11 60 11 11 45 50 26 58 53 17 11 1 55 18 60 45 45 11 64 60 62 11 20 25
split_gain=0.535858 0.453594 0.561295 0.543586 0.854387 1.32338 1.83294 0.480527 0.470362 0.501528 0.441918 0.57743 0.754852 1.1488 0.518676 0.41981 1.05149 0.415873 0.623179 1.01434 0.390731 0.387312 0.359038 0.350177 0.341253 0.338939 0.319479 0.300409 0.489654 0.9152
threshold=25.085000000000004 1009.6500000000002 29.175833333333337 0.24500000000000002 0.94450000000000001 0.21771516573566849 -0.70250145193066593 6.5150000000000006 0.91586428826728705 0.93834263341299773 0.58067512846453706 499.75000000000006 29.835000000000004 1005.9500000000002 0.85250000000000015 30.698723432511038 -0.073092422389869308 4.495000000000001 0.98350000000000015 31.148126988479117 3.5450000000000004 2.1826903800571342 0.64509464361734337 0.98043284291745803 -3.4739768072756756 4.285000000000001 0.18500000000000003 0.90515966073569365 29.113906108331957 25.495000000000001
decision_type=2 2 2 2 2 2 2 2 2 2 2 2 2 2 2 2 2 2 2 2 2 2 2 2 2 2 2 2 2 2
left_child=21 3 17 4 8 6 -6 10 26 -10 11 15 -13 -14 -15 16 -5 22 19 -19 -4 25 -3 27 -12 -1 -2 -24 29 -29
right_child=1 2 20 7 5 -7 -8 -9 9 -11 24 12 13 14 -16 -17 -18 18 -20 -21 -22 -23 23 -25 -26 -27 -28 28 -30 -31
leaf_value=-0.0021695071101194663 0.0090131031001589937 0.020263247883675593 -0.0017246620209272786 -0.020257532840863356 -0.0056387831499393661 0.0046991775561802838 -0.031491771288120196 1.1935479383054703e-05 -0.013154258366134996 -1.6478261093007431e-05 -0.014679741727911769 0.0037541751029474082 0.0021405961776768366 -0.040983189232836649 -0.00033210752740763915 0.010122041219710498 0.031234237932213929 -0.025614198339743995 0.0011407131862358072 -0.00018018281398759223 -0.048429067483238268 -0.0013085016241651383 0.00034389575179983933 0.0020616132800501822 0.016153385049039144 0.025480547861950933 -0.0011576000151763029 -0.0012770850513168016 4.2606199085578772e-06 -0.0064309125133612741
leaf_weight=325.38615500926971 883.05830633640289 696.72007608413696 257.94390994310379 109.35561567544937 124.85510605573654 204.82328373193741 100.5823957324028 2423.9183322787285 108.38908714056015 496.88567817211151 98.298197388648987 1328.5302256345749 148.43079406023026 121.19605797529221 132.36876332759857 5781.3225535154343 244.60480010509491 151.93306756019592 314.3058055639267 189.36994481086731 132.80288487672806 225.9611189365387 1819.0489341616631 1198.5543909072876 3492.0917200446129 1634.2219729423523 324.04381418228149 188.74975281953812 560.02115374803543 212.01564234495163
leaf_count=184 966 829 313 131 159 182 104 3070 122 481 94 1666 74 91 115 6684 241 120 362 218 130 87 1629 858 3762 712 337 133 408 148
internal_value=0.000193899 0.000157753 0 0.00021264 -4.80218e-05 -0.00087883 -0.00195439 0.000261064 0.000102524 -0.000280739 0.000315775 0.000211121 -7.64666e-05 -0.000867675 -0.00173459 0.000306498 -0.000234558 5.74819e-05 -0.000385149 -0.00101029 -0.000732585 0.000514221 0.000138547 3.99284e-05 0.000520195 0.000612779 0.000367297 -5.87736e-05 -0.000362916 -0.000899164
internal_weight=24029.8 21844.2 5721.47 16122.8 2242.64 430.261 225.438 13880.1 1812.38 605.275 11456.2 7865.81 1730.53 401.996 253.565 6135.28 353.96 5330.72 655.609 341.303 390.747 2185.57 4675.11 3978.39 3590.39 1959.61 1207.1 2779.84 960.787 400.765
internal_count=24410 23427 5148 18279 2351 445 263 15928 1906 603 12858 9002 1946 280 206 7056 372 4705 700 338 443 983 4005 3176 3856 896 1303 2318 689 281
is_linear=0
shrinkage=0.0202208


Tree=217
num_leaves=31
num_cat=0
split_feature=63 56 61 28 28 7 11 28 22 20 10 11 29 7 63 29 60 56 31 38 44 37 10 11 10 42 63 18 53 10
split_gain=0.555237 0.417116 0.491002 0.583682 0.904737 0.428168 0.654075 0.832493 0.576009 1.1337 0.486515 0.776323 0.90511 1.17087 0.807657 0.476518 0.4615 0.540478 0.410864 0.379585 0.349106 0.296136 0.298608 0.284226 0.382154 0.33954 0.42243 0.334326 0.263687 0.306177
threshold=26.152883168320709 1006.7500000000001 0.41500000000000004 79.950000000000017 82.450000000000017 0.60355339059327384 -0.26781430516217447 78.450000000000017 27.995000000000001 32.946909000408169 -0.79356426026969629 0.10738134666416309 77.950000000000017 -0.12940952255126037 33.269336655703405 88.250000000000014 5.245000000000001 1012.0500000000001 78.850000000000009 37.581870219671131 27.691875000000003 0.15369622500305222 0.93836870211866363 -0.76107606668641947 0.90518480756366027 29.362500000000004 34.634479594190616 36.115546422146529 0.077500000000000013 -0.4900241286343337
decision_type=2 2 2 2 2 2 2 2 2 2 2 2 2 2 2 2 2 2 2 2 2 2 2 2 2 2 2 2 2 2
left_child=-1 2 3 -2 -5 10 8 16 9 -7 11 -3 -13 14 -14 19 -8 -18 23 28 -20 -9 -23 25 -25 26 -4 -26 -12 -30
right_child=1 5 18 4 -6 6 7 21 -10 -11 15 12 13 -15 -16 -17 17 -19 20 -21 -22 22 -24 24 27 -27 -28 -29 29 -31
leaf_value=0.018745655583618501 0.0071692150164689317 0.005980657131379772 0.0010677756999320294 -0.023895586913603179 0.013446307235862168 0.0067924464388296676 0.00093453811729685122 -0.002885195534407527 0.00055867274885577293 -0.085382345367236878 0.004232054297274134 0.00020173133697127415 -0.025890500510300632 -0.00073039673116987803 -0.0011998391700597157 -0.066236041881051477 -0.0073843969788034798 -0.00034805455323260256 -0.00059263855804537015 -0.03948909134530558 0.020224162918137119 0.023220335258858776 -0.00024608920735323393 0.0098433891061288498 0.030890133281674451 0.013024794873175495 -0.027270165807654127 -0.053172704059951226 0.011177336703082404 1.9108187497372328e-05
leaf_weight=1454.7643920183182 603.53136056661606 765.20889604091644 202.52623331546783 133.67619341611862 95.101013362407684 100.80028545856476 657.29306536912918 158.1068799495697 949.31899535655975 74.637984931468964 1287.1575695872307 429.58280789852142 212.53133553266525 307.73738449811935 117.92972642183304 91.64268946647644 200.20886713266373 267.13936424255371 474.95117253065109 223.67360252141953 4285.9904890060425 2080.10550314188 224.08590817451477 1027.5852509737015 96.277175784111023 391.06519681215286 250.28426855802536 106.93478316068649 1173.4716032743454 5586.4695425629616
leaf_count=679 606 1034 283 129 122 130 554 165 1039 103 1187 494 266 376 147 109 92 131 595 120 5194 1824 232 981 116 383 325 96 1412 5486
internal_value=0.000190385 0.000160266 0.000287024 -0.00010129 -0.00101621 8.91311e-05 0.000249308 0.000389364 -0.000119562 -0.00118411 6.45219e-06 -0.000281535 -0.000649514 -0.0011315 -0.00197214 8.0149e-05 0 -0.000546097 0.000347139 0.000106337 0.000454727 0.000598958 0.000660137 5.77194e-05 0.000283442 -0.00016801 -0.000589654 -0.000283553 0.000138394 7.1701e-05
internal_weight=24029.8 22575 7667.92 832.309 228.777 14907.1 4711.7 3586.94 1124.76 175.438 10195.4 1832.99 1067.78 638.198 330.461 8362.42 1124.64 467.348 6835.61 8270.77 4760.94 2462.3 2304.19 2074.67 1230.8 843.876 452.811 203.212 8047.1 6759.94
internal_count=24410 23731 8830 857 251 14901 4270 2998 1272 233 10631 2317 1283 789 413 8314 777 223 7973 8205 5789 2221 2056 2184 1193 991 608 212 8085 6898
is_linear=0
shrinkage=0.0202208


Tree=218
num_leaves=31
num_cat=0
split_feature=27 39 60 39 39 39 38 43 28 39 29 60 37 41 39 4 4 29 0 37 28 10 30 0 10 40 32 0 29 53
split_gain=0.552243 0.712036 0.542128 0.519287 0.477775 0.631029 0.692935 0.530161 0.390958 0.623271 0.338208 0.326451 0.478406 0.524023 0.851437 0.584035 1.29701 0.695977 0.496474 0.475824 0.852166 1.00266 0.401982 0.400933 0.395867 0.564822 0.381275 0.479516 0.446578 0.387793
threshold=80.550000000000011 2.0947269178045707 4.285000000000001 1.7811156338691494 0.91088178185992408 0.66207454423871803 36.630327848104052 0.24981993194651864 84.65000000000002 1.9270737242205793 87.850000000000009 5.2150000000000007 1.2559540629603538 0.16502525059205461 0.88417898565688058 1010.0500000000001 1011.7500000000001 74.65000000000002 5.8850000000000007 0.4595502236794472 77.350000000000009 0.081675638985454754 84.550000000000011 5.7550000000000008 0.13301347478292308 29.025000000000009 -1.1708980240598945 5.1850000000000014 68.750000000000014 0.45650000000000007
decision_type=2 2 2 2 2 2 2 2 2 2 2 2 2 2 2 2 2 2 2 2 2 2 2 2 2 2 2 2 2 2
left_child=10 3 -3 4 5 7 -7 -2 9 -5 11 22 13 18 23 -16 17 -17 -13 20 -20 -22 26 -15 -24 -26 27 28 -1 -30
right_child=1 2 -4 8 -6 6 -8 -9 -10 -11 -12 12 -14 14 15 16 -18 -19 19 -21 21 -23 24 -25 25 -27 -28 -29 29 -31
leaf_value=-0.00030045947722062314 0.020186846672023497 -0.0010521020742929902 0.038462088580776238 -0.0096799939053339411 0.017017415275601612 3.3898825558534396e-05 -0.02289592610697061 -0.011520803489864907 -0.0010435479185198053 -0.0038422406919360087 -0.052996121493058851 0.021325488769356849 0.0022406720406460729 -0.0080774838569131775 0.0046816755483917423 -0.0081564533011250235 -0.00012596957959028508 -0.0048271707603053781 0.0016670932132816642 0.0057046562739573323 -0.00045049073009610456 -0.01829291902461961 0.00085206224371508956 -0.013342113123493048 -0.0040556414291100578 -0.058636766570782775 0.0027373673197060096 0.0013586086301944126 -0.036232721124628095 -0.056843487172763649
leaf_weight=252.52539503574371 2094.0529905557632 334.98311918973923 1268.3280894160271 120.83310204744339 3827.7722560763359 2115.0195751190186 254.95260787010193 334.28171592950821 184.07797682285309 144.77456516027451 102.03518587350845 603.34845775365829 1079.5867081880569 93.025265514850616 596.41916364431381 158.9592592716217 854.15719377994537 156.76715010404587 188.99692952632904 421.23330271244049 151.35427618026733 122.0955314040184 602.10178709030151 155.23931217193604 188.99479520320892 131.91849237680435 7046.5027548074722 224.77009755373001 108.59099823236465 112.09148645401001
leaf_count=206 2520 255 676 112 4460 2782 175 407 171 114 114 671 767 99 642 88 446 105 203 418 194 132 792 180 235 145 6979 123 94 105
internal_value=0.000179071 0.000290999 0.000707685 0.000207462 0.000248865 9.0216e-05 -0.000118144 0.000329426 -0.000388913 -0.000920505 8.29238e-05 9.80461e-05 -2.38943e-05 -0.000156009 -0.00037804 -0.000163817 -0.000456459 -0.00155671 8.62744e-05 -0.00014465 -0.000647662 -0.00140029 0.000172576 -0.00152804 -0.000175895 -0.000765748 0.000225479 -0.000150403 -0.000602253 -0.0012581
internal_weight=24029.8 10679.1 1603.31 9075.76 8626.08 4798.31 2369.97 2428.33 449.686 265.608 13350.7 13248.7 4581.18 3501.6 2014.57 1766.3 1169.88 315.726 1487.03 883.68 462.447 273.45 8667.5 248.265 923.015 320.913 7744.48 697.978 473.208 220.682
internal_count=24410 11672 931 10741 10344 5884 2957 2927 397 226 12738 12624 3945 3178 1560 1281 639 193 1618 947 529 326 8679 279 1172 380 7507 528 405 199
is_linear=0
shrinkage=0.0202208


Tree=219
num_leaves=31
num_cat=0
split_feature=51 58 0 60 23 11 20 31 54 40 58 54 11 10 42 48 10 10 0 60 22 60 28 10 25 54 30 61 20 10
split_gain=0.528268 0.596606 0.745789 0.518781 0.718789 1.92318 1.08125 1.45573 0.508733 0.50181 0.436079 1.21774 0.550685 0.434951 0.636326 0.531163 0.388811 0.55605 0.579097 0.555779 0.488895 0.412184 0.460533 0.649896 0.520483 0.37585 0.340947 0.331626 0.396267 0.347191
threshold=1.9333333333334568 1007.2500000000001 9.3450000000000006 6.8650000000000011 26.745000000000001 0.88201535311751322 30.913077122494226 71.950000000000017 0.62650000000000017 28.41833333333334 1011.6500000000002 0.10150000000000002 0.76663042157996963 0.21772121422198085 28.122500000000006 388.15000000000003 -0.82391537601316178 -0.89391031859722869 5.6150000000000011 5.4250000000000007 27.775000000000002 2.6650000000000005 77.750000000000014 -0.40542197401079733 28.905000000000005 0.99650000000000005 60.750000000000007 52.160000000000004 33.45430491484985 0.97873101657557349
decision_type=2 2 2 2 2 2 2 2 2 2 2 2 2 2 2 2 2 2 2 2 2 2 2 2 2 2 2 2 2 2
left_child=16 2 27 4 5 6 7 -3 9 -6 -11 -12 -13 -10 15 -15 17 19 25 -1 -21 22 -18 -24 -25 -19 -23 29 -29 -2
right_child=1 3 -4 -5 8 -7 -8 -9 13 10 11 12 -14 14 -16 -17 21 18 -20 20 -22 26 23 24 -26 -27 -28 28 -30 -31
leaf_value=0.028895840420767149 0.0081883399899299204 -0.0018796595523561232 -0.016663599413754743 0.0033757847960190672 0.010997992193641093 -0.00010659107812350033 0.00088174814149174444 -0.019637729971934269 -1.1859111977940932e-05 0.00073539646621853852 0.010510110386238029 -0.060534121589533238 -0.035094398032616977 -0.031391120311068173 -0.00084633137305954341 -0.0068610177027449209 0.0022881005847180474 -0.024909175615096861 0.0044226884863095336 -0.00091543489276520336 -0.019155917340926022 -0.0031397819218046707 0.024982118672408613 -0.0028066692443065562 -0.05563439760348643 -0.0097814199177089674 0.017327589319315786 0.023970552663134376 -0.038791607069590062 -0.011947852543636568
leaf_weight=604.1711351275444 6712.0138790607452 107.17368674278259 92.173522174358368 1438.1961649656296 1219.8263798952103 886.44032526016235 91.654588639736176 155.32800656557083 2011.2999864220619 1396.0326419472694 161.22778576612473 91.004897117614746 111.00043505430222 201.52531951665878 773.26391857862473 107.16278564929962 693.32819151878357 118.88076841831207 82.224469304084778 231.93787920475006 136.60231161117554 342.51994556188583 140.91318994760513 251.29614758491516 127.60717940330505 82.214820384979248 5227.8863878250122 90.662748992443085 71.594761312007904 272.62528151273727
leaf_count=707 7506 93 126 978 1284 608 87 153 2502 1635 195 110 141 198 772 123 556 143 91 259 181 201 167 236 125 105 4579 118 90 341
internal_value=0.000181303 0.000105662 0.000241521 0 -7.58031e-05 -0.000519529 -0.00177007 -0.00242263 7.26136e-07 0.000202962 0 -0.000635319 -0.0017568 -0.000165786 -0.000492086 -0.0012904 0.000320732 0 -0.000787887 0.000223916 -0.000235957 0.000381217 0 -0.00040948 -0.00093219 -0.00142261 0.000455178 0.000275518 -0.000425617 0.000304572
internal_weight=24029.8 15990.2 7239.07 8751.14 7312.94 1240.6 354.156 262.502 6072.34 2979.09 1759.27 363.233 202.005 3093.25 1081.95 308.688 8039.58 1256.03 283.32 972.711 368.54 6783.55 1213.14 519.817 378.903 201.096 5570.41 7146.9 162.258 6984.64
internal_count=24410 17060 8181 8879 7901 941 333 246 6960 3365 2081 446 251 3595 1093 321 7350 1486 339 1147 440 5864 1084 528 361 248 4780 8055 208 7847
is_linear=0
shrinkage=0.0202208


Tree=220
num_leaves=31
num_cat=0
split_feature=46 0 34 51 39 61 64 11 64 64 42 51 43 2 2 43 57 11 46 64 39 34 38 0 46 37 37 33 64 59
split_gain=0.612191 0.438981 1.92354 0.472947 0.552464 0.676261 0.605649 0.396903 0.469121 1.30449 2.76941 0.408188 0.379964 0.398418 0.73675 0.371273 0.416246 0.499826 0.426294 0.442339 0.390318 0.380946 1.11192 0.350725 0.324428 0.309699 0.306123 0.479991 0.732231 0.484078
threshold=1585.3790000000001 3.6150000000000007 27.97397251184675 111.03333333333363 1.5793795014106793 0.30500000000000005 0.46075549036858382 0.99696424012059681 -0.52619612238929736 -2.4792299839655718 24.025833333333338 565.65833333333364 0.17057745063825944 384.85000000000008 119.55000000000001 0.36356796698723454 1007.5500000000001 0.64532420896511999 2319.4240000000004 1.424794493504175 0.56192858174564841 33.86439324817821 35.670811229904658 3.2050000000000005 2144.6740000000004 0.43136349999268292 1.0730475616759745 -0.72999999999999854 -1.5961518193924709 4.7950000000000008
decision_type=2 2 2 2 2 2 2 2 2 2 2 2 2 2 2 2 2 2 2 2 2 2 2 2 2 2 2 2 2 2
left_child=-1 2 -2 23 15 6 -6 8 9 25 -11 -10 -13 14 -14 16 20 18 19 24 21 -5 -23 -4 -18 -3 27 28 -12 -29
right_child=1 7 3 4 5 -7 -8 -9 11 10 26 12 13 -15 -16 -17 17 -19 -20 -21 -22 22 -24 -25 -26 -27 -28 29 -30 -31
leaf_value=-0.0093717205840586106 -0.0075461400268819201 -0.00013590438503059893 0.0067275616785677488 0.023557947336520144 -0.0073895792331470306 0.0075803639595883928 -0.032673435034982747 0.040299128818507869 0.0092066997622128385 -0.0082918517714930112 -0.00025297265239324345 0.005086613120170733 0.014170508471138911 0.00064849952940861978 -0.024215261201805751 0.0035732678184685535 -0.00070163075006296439 0.003370680947089027 -0.00056517340951842685 -0.00087626344284250557 0.019308367685057115 -0.052153529267378283 0.036937388743109645 -0.0036172150904540041 -0.0184409748146236 0.011447784979649359 0.0011714991863045357 0.012675289369641357 -0.06464053482116898 -0.0020177663280035677
leaf_weight=149.12546759843826 224.01838767528534 354.93128710985184 2887.9045073986053 89.589068233966827 162.95461994409561 240.21742379665375 195.25246477127075 718.80155348777771 8374.6045186519623 146.36586034297943 186.44671213626862 526.90949124097824 118.42887330055237 457.32038754224777 165.89095401763916 1219.135182261467 83.13780677318573 325.62230539321899 170.98807680606842 85.427344381809235 812.79957246780396 92.876443922519684 97.366962134838104 672.31314039230347 252.72979831695557 1757.1178050637245 575.30365324020386 777.28523260354996 214.90765583515167 1894.0169842243195
leaf_count=97 152 334 3104 122 157 288 236 445 8870 66 130 575 113 481 171 1366 90 369 194 97 922 112 81 735 316 1081 422 909 167 2208
internal_value=0.000179464 0.000190715 4.90902e-05 0.000116638 -1.86474e-05 -0.000597063 -0.00116456 0.000251575 0.000221873 6.07227e-05 -0.000146143 0.000311433 0 -0.000320859 -0.000911676 6.2061e-05 -7.21888e-05 -0.000416472 -0.000781584 -0.00112528 0.000137663 -0.000363293 -0.000997021 0.000286526 -0.00145485 0.00047331 -1.10615e-05 -0.000113987 -0.000763364 0
internal_weight=24029.8 23880.7 7612.33 7388.31 3828.1 598.425 358.207 16268.3 15549.5 5906.38 3794.33 9643.15 1268.55 741.64 284.32 3229.67 2010.54 917.905 592.283 421.295 1092.63 279.832 190.243 3560.22 335.868 2112.05 3647.96 3072.66 401.354 2671.3
internal_count=24410 24313 8341 8189 4350 681 393 15972 15527 5317 3902 10210 1340 765 284 3669 2303 1066 697 503 1237 315 193 3839 406 1415 3836 3414 297 3117
is_linear=0
shrinkage=0.0202208


Tree=221
num_leaves=31
num_cat=0
split_feature=33 17 34 21 32 41 35 29 10 25 55 29 10 2 27 11 60 57 21 25 37 60 63 11 60 10 29 44 29 2
split_gain=0.368996 0.498908 0.670736 0.548258 0.469192 0.676519 0.403933 0.48116 0.402624 0.391373 0.405722 0.405674 0.470579 0.353182 0.340669 0.335466 0.374152 0.332847 0.385538 0.656245 0.463431 0.451281 0.700177 0.81357 0.292979 0.653897 0.608437 0.437173 0.301161 0.332164
threshold=0.13999999999999882 26.868721632859245 28.090911275472919 27.835206362316594 0.6145003322760233 0.088881944172314611 0.2184731942536407 81.850000000000009 -0.86958133671945925 30.185000000000006 0.99550000000000016 72.850000000000009 0.89001933454452098 119.55000000000001 81.850000000000009 -0.60505606964884906 3.6650000000000005 1006.35 29.769819718490528 28.705000000000002 0.43136349999268292 2.6050000000000004 32.015093590101898 0.76663042157996963 5.0750000000000011 0.49002412863433359 78.350000000000009 28.412500000000005 87.850000000000009 214.75000000000003
decision_type=2 2 2 2 2 2 2 2 2 2 2 2 2 2 2 2 2 2 2 2 2 2 2 2 2 2 2 2 2 2
left_child=1 -1 3 -3 5 -2 -4 13 -9 10 11 -7 14 17 -13 -15 -17 -8 -19 20 -20 -22 23 -23 27 -26 -27 28 29 -6
right_child=4 2 6 -5 24 9 7 8 -10 -11 -12 12 -14 15 -16 16 -18 18 19 -21 21 22 -24 -25 25 26 -28 -29 -30 -31
leaf_value=0.0065214396330543316 0.0017428537241073402 -6.7461434640834483e-05 0.0079997710533529758 -0.0054070178180031852 -0.014293340666762629 0.0085079043759991885 0.015440373599999014 -0.0026976139217874781 0.020542750047567979 0.024229502237566442 -8.8631006268125327e-05 -0.0085123411890050318 -0.0017261015140262936 -0.002308688241995658 -0.0005479244002876344 -0.026485303299049693 -0.026087837817342197 0.00086658423851542225 -0.00040948713681668872 0.0019457564670189963 -3.4063598859468568e-05 -0.050400706668509029 -0.0054302195528804619 -0.0040786907365818375 0.0011478104865528442 -0.010490257985387955 3.8060812108127286e-05 0.015828546566860988 -0.030992743572013887 0.0042901622498165079
leaf_weight=2486.1997308135033 1046.6913267374039 330.93516850471497 8097.3746480345726 234.50311702489853 187.63113415241241 107.80674934387207 738.07846748828888 478.5292963385582 1068.7997972369194 108.69107592105865 258.5623933672905 561.89215022325516 180.98044967651367 121.27870547771454 92.991401851177216 93.496482610702515 89.428967237472534 988.17269086837769 304.87191522121429 731.9762265086174 138.96508455276489 115.06592082977295 138.59560471773148 154.84188014268875 2222.3729763627052 215.94937455654144 181.9200810790062 1339.8774234652519 106.68917465209961 1106.6201260685921
leaf_count=1039 1188 226 9241 157 223 102 816 582 1313 48 310 605 159 135 105 99 97 779 345 806 140 124 151 149 2260 196 172 1380 131 1332
internal_value=0.000185002 0.000241373 0.000183844 -0.000447735 5.44774e-05 -0.000165114 0.000217507 5.59974e-05 0.000362162 -0.00048929 -0.000624476 -0.000819396 -0.000977281 -5.112e-05 -0.00122858 -0.000706516 -0.00124763 0 -9.86732e-05 -0.000314861 -0.000704837 -0.00105594 -0.00139207 -0.0019908 0.000167419 0 -0.000735836 0.000313733 0 0.000144456
internal_weight=24029.8 16311.1 13824.9 565.438 7718.68 2357.62 13259.5 5162.1 1547.33 1310.92 1202.23 943.671 835.864 3614.77 654.884 304.204 182.925 3310.57 2572.49 1584.32 852.34 547.468 408.503 269.908 5361.06 2620.24 397.869 2740.82 1400.94 1294.25
internal_count=24410 16199 15160 383 8211 2517 14777 5536 1895 1329 1281 971 869 3641 710 331 196 3310 2494 1715 909 564 424 273 5694 2628 368 3066 1686 1555
is_linear=0
shrinkage=0.0202208


Tree=222
num_leaves=31
num_cat=0
split_feature=17 10 10 4 61 55 28 17 38 36 53 25 38 28 25 62 7 46 40 30 60 4 61 10 60 36 38 10 53 60
split_gain=0.426129 0.6544 0.635421 0.53459 0.441858 0.564315 0.418565 0.394235 0.426944 0.513995 0.892907 0.483151 0.436816 0.465285 0.537702 0.396127 0.872142 0.82986 0.965438 0.509031 0.959114 1.08956 0.380778 0.691952 0.409148 0.515395 0.366711 0.569651 0.357642 0.308532
threshold=26.868721632859245 0.39753913293121995 0.68391308835034159 1006.7500000000001 0.26500000000000007 0.73250000000000004 79.950000000000017 34.187662855119804 32.747010386454242 33.105100060796069 0.29350000000000004 27.695000000000004 33.623690555861508 82.350000000000009 28.365000000000006 4.1050000000000013 -0.12940952255126037 2307.6940000000004 28.145000000000003 76.950000000000017 5.3750000000000009 1011.9500000000002 0.96500000000000008 0.42888796625999276 1.7050000000000003 29.448690670360648 36.938783454079662 0.73831951690629072 0.99150000000000016 4.285000000000001
decision_type=2 2 2 2 2 2 2 2 2 2 2 2 2 2 2 2 2 2 2 2 2 2 2 2 2 2 2 2 2 2
left_child=1 28 -3 4 5 -2 -7 8 11 10 -10 15 13 -12 -15 19 17 18 -17 20 -5 -22 23 24 -13 -26 -9 -28 -1 -21
right_child=3 2 -4 7 -6 6 -8 26 9 -11 12 22 -14 14 -16 16 -18 -19 -20 29 21 -23 -24 -25 25 -27 27 -29 -30 -31
leaf_value=0.014021200705427407 0.0076160688199729161 -0.0059160757671119822 0.0052159482469716963 -3.8578468049493852e-05 0.0092215971858142006 -0.0070244632303883342 -0.016627209802503928 0.0067500735378317129 0.026810202686770604 0.0003705959891095391 -0.0016544763527522129 0.020524312738370153 -0.0027856391524798889 -0.012409138041560682 -0.04040704134985406 -0.014915740462965232 0.001080345255924425 0.019662565153949554 -0.0016797196093741031 -0.00017100259135913922 -0.014974822416771734 -0.001473318426600481 0.015417286890280525 0.01375723827125693 -3.0835802566394987e-05 -0.010928833400689794 3.3926353704690815e-05 -0.041769651011157989 -0.00017209888123716048 0.0034844719666927565
leaf_weight=2044.2320836782455 367.02259224653244 323.57941859960556 238.52682030200958 1137.9730865955353 7089.1508269309998 116.71189016103745 104.14090573787689 2691.0883702635765 179.3350915312767 1243.9616301655769 229.40679025650024 225.90789914131165 286.07054829597473 156.22083139419556 209.42790943384171 162.39705264568329 351.08929252624512 84.305488049983978 77.045632660388947 1185.4186846017838 129.44986325502396 133.9004915356636 1362.5387914776802 837.2021067738533 332.70450884103775 542.64993011951447 404.59322261810303 175.77283626794815 462.77888405323029 1145.1860609054565
leaf_count=909 400 120 123 974 8194 125 107 3224 217 1683 295 191 382 202 257 172 401 112 99 1356 111 104 1459 799 261 530 245 86 206 1066
internal_value=0.000192411 0.000431555 -6.43571e-05 0.000153141 0.000291144 -0.000146203 -0.00102222 6.67313e-05 0 -0.000237448 -0.000565417 7.58902e-05 -0.000869984 -0.00119013 -0.00167617 -4.62195e-05 -0.000501512 -0.00126838 -0.00188664 1.31257e-05 -0.000264338 -0.0013542 0.000265255 3.22357e-05 -0.000249776 -0.000493901 0.000259379 -9.39064e-05 0.000577541 0.000217632
internal_weight=24029.8 3069.12 562.106 20960.7 7677.03 587.875 220.853 13283.6 10012.2 2304.42 1060.46 7707.77 881.126 595.056 365.649 4406.77 674.837 323.748 239.443 3731.93 1401.32 263.35 3301 1938.46 1101.26 875.354 3271.45 580.366 2507.01 2330.6
internal_count=24410 1358 243 23052 8826 632 232 14226 10671 3036 1353 7635 1136 754 459 4395 784 383 271 3611 1189 215 3240 1781 982 791 3555 331 1115 2422
is_linear=0
shrinkage=0.0202208


Tree=223
num_leaves=31
num_cat=0
split_feature=33 0 62 57 11 33 62 55 38 38 62 38 0 11 62 17 38 46 38 0 28 46 20 58 11 34 37 31 11 31
split_gain=0.453137 0.494661 0.434775 0.442794 0.505546 0.403813 0.390213 1.06853 0.380974 1.41781 0.734278 0.753485 0.528434 0.329381 0.715039 0.488145 0.317335 0.473994 0.427197 0.310938 0.440081 0.296636 0.289908 0.565223 1.83473 0.287314 0.285976 0.388935 0.298971 0.285783
threshold=0.13999999999999882 7.8250000000000011 27.135000000000002 1009.5500000000001 0.998148560797531 -1.4000000000000001 1.7550000000000001 0.57650000000000012 29.251758091772135 28.94140621740252 0.055000000000000007 26.949033352034665 6.5750000000000011 0.94968266440323645 0.075000000000000025 27.835206362316594 31.4455830802892 2410.7625000000003 34.677830414537389 6.3850000000000007 85.450000000000017 1694.1935000000003 37.235234500426962 1004.7500000000001 -0.66483077113278999 29.840133593265708 0.84267566083883094 78.750000000000014 -0.92260537345622995 64.750000000000014
decision_type=2 2 2 2 2 2 2 2 2 2 2 2 2 2 2 2 2 2 2 2 2 2 2 2 2 2 2 2 2 2
left_child=1 2 3 22 5 -5 13 -8 9 10 29 -12 -10 -7 15 -15 -14 18 -18 -4 -21 -3 26 -24 -25 -17 28 -28 -1 -2
right_child=8 21 19 4 -6 6 7 -9 12 -11 11 -13 16 14 -16 25 17 -19 -20 20 -22 -23 23 24 -26 -27 27 -29 -30 -31
leaf_value=0.0019162380743671284 -0.010323297074242536 -0.0015697277007155966 -0.00037366033677157693 -0.0097008898660731931 0.072223108624158608 0.0053893088885364308 -0.03096566060220864 -0.0010259425665673139 0.0015725785491959995 -0.014164463268763848 -0.013061825159105592 -0.00016527240645455732 0.0042938003185931843 -0.018206752411569587 0.0030623779272857593 0.00085534501092955661 -0.02117509180405747 0.047333179876978763 -9.244556583694807e-05 -0.012195474389659634 0.013271547448657934 0.019349300582663709 0.027029607706464408 0.011983327009172011 -0.043814639974533443 -0.017425600454777073 -0.02494255129968569 0.0080726166730241047 0.010458988011107893 0.0045709134866148762
leaf_weight=1219.6133899688721 231.43321603536606 216.1597820520401 587.60271108150482 117.26166707277298 411.51726347208023 1510.6558466553688 105.41141188144684 537.65014296770096 5261.8464233875275 185.39650934934616 145.57913661003113 208.15715819597244 183.04687565565109 284.33872807025909 287.67412167787552 213.57718312740326 382.720085978508 127.11540579795837 192.69734019041061 73.178095281124115 81.834922194480896 1639.4578175544739 301.87220048904419 433.80898320674896 223.81637817621231 149.56728333234787 224.44471418857574 613.73505693674088 7077.9360042214394 800.68368625640869
leaf_count=1663 186 53 709 76 254 1318 98 577 5955 181 101 169 159 165 210 154 522 169 215 97 104 1122 143 301 152 139 169 577 8118 554
internal_value=0.000179431 0.000241053 0.000191756 0.000221021 3.41971e-06 -5.77758e-05 0 -0.000453672 3.7815e-05 -0.000224517 0 -0.000790019 0.000119204 0.00010374 -0.000133818 -0.000578045 -0.000298586 -0.000538694 -0.000828522 -0.000229645 -0.00102317 0.000576749 0.000290296 0 -0.000377459 0 0.000325712 0 0.00036178 0.000272483
internal_weight=24029.8 16311.1 14455.5 13712.9 3617.65 3206.14 3088.87 643.062 7718.68 1571.25 1385.85 353.736 6147.43 2445.81 935.157 647.483 885.58 702.533 575.417 742.616 155.013 1855.62 10095.2 959.498 657.625 363.144 9135.73 838.18 8297.55 1032.12
internal_count=24410 16199 15024 14114 2991 2737 2661 675 8211 1191 1010 270 7020 1986 668 458 1065 906 737 910 201 1175 11123 596 453 293 10527 746 9781 740
is_linear=0
shrinkage=0.0202208


Tree=224
num_leaves=31
num_cat=0
split_feature=40 11 11 28 11 11 4 30 40 59 11 22 22 44 36 38 38 0 30 61 61 28 61 38 11 53 22 32 41 2
split_gain=0.376233 0.546698 1.18465 1.33294 0.594567 1.07831 0.899048 0.814909 0.764445 1.00049 0.72936 0.832023 0.663982 0.722234 1.31013 1.31546 0.696391 0.590243 0.753701 0.580334 0.516956 0.51485 0.776628 0.960589 0.896149 0.482308 0.475492 0.457781 0.417137 0.416358
threshold=25.633333333333336 0.91234096280339505 0.93834263341299773 77.15000000000002 0.59123954401714218 0.49751328890718055 1012.5500000000001 76.550000000000011 28.158333333333335 3.0250000000000004 -0.94128245028753155 28.705000000000002 27.415000000000003 29.517291666666669 36.366930848845968 36.630327848104052 35.12193308725697 5.8150000000000004 86.450000000000017 0.60500000000000009 10.755000000000001 85.850000000000009 1.3250000000000004 31.4455830802892 -0.090248267031647136 0.98950000000000016 27.205000000000002 -0.54972069327384421 0.36887208572822466 86.750000000000014
decision_type=2 2 2 2 2 2 2 2 2 2 2 2 2 2 2 2 2 2 2 2 2 2 2 2 2 2 2 2 2 2
left_child=25 4 3 -3 5 7 -6 10 -7 -10 11 -2 21 16 15 -15 17 18 -14 -18 -20 22 -9 24 -24 29 -8 -16 -27 -1
right_child=1 2 -4 -5 6 8 26 12 9 -11 -12 -13 13 14 27 -17 19 -19 20 -21 -22 -23 23 -25 -26 28 -28 -29 -30 -31
leaf_value=0.023678621048819265 -0.027923141432478819 -0.00038225524879246061 0.00027583088745445163 -0.025281248227792465 0.012065403096972099 -9.6399493916034411e-05 -0.0092683061912511612 0.011833256356720716 -0.0035953792516515868 -0.039799345838831206 0.02019528905376947 0.010486918916433857 0.011154203012572434 -0.0024461777470130988 -0.022029955592061296 -0.02902393653337082 -0.032751263070379108 -0.0021636289256443775 -0.025796125384875045 0.033624795201065684 0.013932531582720901 0.0084412942110412108 -0.0060599585319926399 -0.010419416928488946 -0.02857863477298234 0.0030213719136572698 0.00082099195568602617 0.0007874056478106927 -0.0068396683056740027 0.001378893593981907
leaf_weight=1160.2393633127213 122.66718310117722 323.01074230670929 2566.8894166350365 189.66686022281647 3218.5528999567032 398.37168198823929 138.91563993692398 130.19699460268021 158.11873179674149 108.14488685131073 2578.0655779242516 193.76716107130051 3842.3862252235413 295.85840874910355 218.95189428329468 117.30858534574509 89.557520508766174 1997.5639606714249 288.46130037307739 1481.8922280669212 148.4774090051651 405.69669008255005 89.442312598228455 182.41491198539734 84.013184547424316 299.82892769575119 230.64967083930969 1404.0013755559921 208.39994674921036 1358.2778490781784
leaf_count=464 175 315 2201 175 3500 367 91 137 220 124 2575 262 5221 287 174 112 85 2745 400 1774 210 452 110 214 99 148 230 781 86 676
internal_value=0.000185217 0.000148123 -8.14036e-05 -0.000977781 0.000192454 0.000125372 0.000435638 0.000169213 -0.000640994 -0.00147403 0.000476657 -0.000263016 7.83632e-05 0.000132925 -0.000183191 -0.00120236 0.000226139 0.000113239 0.000255097 0.000620074 -0.000454825 -0.000426527 -0.000872948 -0.00138564 -0.00247102 0.000413183 -0.000374558 2.4791e-05 -5.44775e-06 0.000532247
internal_weight=24029.8 21003 3079.57 512.678 17923.5 14335.4 3588.12 13670.7 664.635 266.264 2894.5 316.434 10776.2 9884.46 2036.12 413.167 7848.34 6276.89 4279.32 1571.45 436.939 891.764 486.067 355.87 173.455 3026.75 369.565 1622.95 508.229 2518.52
internal_count=24410 23036 2691 490 20345 16524 3821 15813 711 344 3012 437 12801 11789 1354 399 10435 8576 5831 1859 610 1012 560 423 209 1374 321 955 234 1140
is_linear=0
shrinkage=0.0202208


Tree=225
num_leaves=31
num_cat=0
split_feature=27 31 1 22 10 22 63 4 59 10 32 10 31 4 4 30 35 34 39 59 34 10 59 10 27 28 27 10 51 54
split_gain=0.391773 0.513806 0.355746 0.764205 0.674534 0.768528 0.57017 0.787966 0.838947 0.61426 0.550183 0.384793 0.637224 0.339198 0.359691 0.2713 0.336488 0.513305 0.729565 0.477783 0.624653 0.504715 0.427299 0.854481 1.25865 0.373412 0.47141 0.945699 0.599837 0.5659
threshold=85.250000000000014 82.450000000000017 4.6750000000000007 28.155000000000005 0.7775899462189082 29.345000000000002 29.915819958894843 1006.6500000000002 2.5050000000000003 -0.36571913681022022 0.30623040229886206 -0.88606241628642823 82.350000000000009 1010.0500000000001 1002.9500000000002 84.450000000000017 0.2332731019198872 26.680006128998279 1.3479258149100446 7.1950000000000012 24.690030146995998 0.39753913293121995 6.1150000000000011 0.081675638985454754 76.950000000000017 70.550000000000011 80.450000000000017 -0.61866567420209784 134.62500000000014 0.79350000000000021
decision_type=2 2 2 2 2 2 2 2 2 2 2 2 2 2 2 2 2 2 2 2 2 2 2 2 2 2 2 2 2 2
left_child=2 -2 15 6 13 -6 -4 -8 -9 11 -7 12 -10 14 -5 16 22 19 -19 20 -18 -21 -1 -24 -25 -20 27 28 -27 -29
right_child=1 -3 3 4 5 10 7 8 9 -11 -12 -13 -14 -15 -16 -17 17 18 25 21 -22 -23 23 24 -26 26 -28 29 -30 -31
leaf_value=0.0059524961929928958 -3.6373649550427712e-05 0.028224093141447172 0.0047420776551256524 -0.012965051477181615 0.014815131150503095 -0.057619324756527583 9.6753098151286347e-05 0.0066650991110009166 -0.00077769979687893369 -0.028000750719485691 -0.0064860882055980118 0.0076030556642431501 -0.016920758807187127 -0.015819110715501867 0.0090656615563619973 -0.00016361300961254712 -0.0069488726690146597 0.0016918560236327722 0.00027704649404583249 0.036388396743780291 0.0047898403107127212 -0.00096676176475389227 0.024088556230744997 0.00012422780815905476 -0.014820793914482619 -0.024907378236666944 0.0012900630812792721 -5.9644638779428746e-05 -0.0078026790325911484 -0.0087547910575865757
leaf_weight=5722.9141682386398 800.92888605594635 2251.3239260315895 248.33977311849594 103.34443962574005 201.470374584198 113.52912074327469 573.66660493612289 171.73836386203766 148.47098916769028 167.52260333299637 91.041819274425507 144.51939076185226 151.99975264072418 121.996546626091 3244.6764786243439 1677.6297520399094 194.73860275745392 2800.5711491107941 897.33921384811401 869.69975888729095 581.33325910568237 298.85290616750717 421.03933256864548 114.13060039281845 169.54156559705734 107.88961911201477 557.23628050088882 707.77415931224823 87.652941405773163 286.87716263532639
leaf_count=5686 883 2477 138 144 254 113 736 204 170 178 83 168 192 162 4051 2026 103 2966 782 301 326 115 367 80 177 95 471 605 97 260
internal_value=0.000190164 0.000421455 0.000152263 0 0.000165369 -0.000543274 -0.000357981 -0.000549517 -0.000964589 -0.00132135 -0.00144447 -0.000630458 -0.00105014 0.000274032 0.000329882 0.000201914 0.000231826 0.000119649 2.34444e-06 0.000402505 0 0.000660179 0.000347028 -1.67054e-05 -0.000973633 -0.000221529 -0.000401109 -0.000630365 -0.00198838 -0.000268738
internal_weight=24029.8 3052.25 20977.5 5482.32 3876.06 406.041 1606.26 1357.92 784.251 612.513 204.571 444.99 300.471 3470.02 3348.02 15495.2 13817.6 7389.97 5445.34 1944.62 776.072 1168.55 6427.63 704.711 283.672 2644.77 1747.43 1190.19 195.543 994.651
internal_count=24410 3360 21050 6593 4807 450 1786 1648 912 708 196 530 362 4357 4195 14457 12431 6121 5276 845 429 416 6310 624 257 2310 1528 1057 192 865
is_linear=0
shrinkage=0.0202208


Tree=226
num_leaves=31
num_cat=0
split_feature=39 63 27 10 45 20 30 45 39 55 10 36 39 0 29 10 10 27 46 10 54 39 58 58 10 63 30 58 27 61
split_gain=0.38755 0.671916 0.664509 0.614381 1.05544 0.904847 1.33818 0.725291 0.978732 0.659927 0.867859 1.26887 0.691081 0.907712 0.851824 0.629615 0.618002 0.572818 0.84798 0.569997 1.1331 1.41883 0.79988 0.565045 0.518691 0.424597 0.406705 0.430071 0.399418 0.367645
threshold=0.91088178185992408 36.622126303516531 80.950000000000017 0.80900950266415306 0.35143327119767376 37.100104907398929 74.950000000000017 0.38899675865443412 0.64902740307393758 0.6605000000000002 -0.89391031859722869 35.095303939562527 0.81268354783325447 2.5750000000000006 85.250000000000014 -0.04732095011389225 0.18399664778440331 77.850000000000009 2346.0435000000002 0.25118773779856129 0.98850000000000005 1.21442111547391 1013.4500000000002 1007.4500000000002 -0.93535928755917819 29.804826523139948 85.65000000000002 1008.2500000000001 69.750000000000014 29.320000000000004
decision_type=2 2 2 2 2 2 2 2 2 2 2 2 2 2 2 2 2 2 2 2 2 2 2 2 2 2 2 2 2 2
left_child=1 3 19 4 23 9 -7 8 -5 -6 -11 12 13 -12 15 -15 -17 -18 -19 -2 22 -22 28 29 -4 -24 -25 -28 -21 -1
right_child=2 -3 24 7 5 6 -8 -9 -10 10 11 -13 -14 14 -16 16 17 18 -20 20 21 -23 25 26 -26 -27 27 -29 -30 -31
leaf_value=0.017896425173557367 0.0016609470979610022 0.046385607543478521 -0.00053869827800909263 0.016310861978779585 0.0060707638808072378 0.011298437550360672 -0.041336665041316167 0.020205569280238964 -0.032539467150647781 0.014702932669743702 0.00035065221653697386 0.0036814546979580653 -0.002841545888840349 -0.0078403070390312846 0.001835748737197369 -0.087631683548952927 -0.00074930055150074996 -0.024766731713293359 -0.0064878917886219238 -0.0011485428703717137 0.019429504257256019 -0.016979138538113666 -0.0093717997416116541 4.6185558123346394e-05 0.019437523609075021 -0.022132227626853795 0.0037382260704103545 -0.029978584774065779 0.0017773160603967548 -0.0031081848035621759
leaf_weight=1867.2214644551277 5381.5730521678925 563.08768266439438 672.00908434391022 347.66753017902374 817.34007894992828 148.46830552816391 238.11850637197495 1386.2614542841911 160.60335457324982 602.5793080329895 187.25571012496948 567.22141855955124 499.28772872686386 272.6872227191925 124.51205223798752 84.55912184715271 95.775028049945831 110.73785662651062 69.41181868314743 919.43518650531769 175.4943300485611 284.59359788894653 110.47162801027298 743.12393546104431 4849.1571389436722 219.26740419864655 70.124622404575348 98.042067408561707 2099.7377442717552 263.964106798172
leaf_count=2370 5039 378 818 338 920 75 166 1287 166 812 225 611 639 366 165 117 113 141 101 822 210 241 67 923 4631 231 94 132 1861 351
internal_value=0.000196729 8.05463e-05 0.000264324 2.64035e-05 -5.16804e-05 -0.000285542 -0.00124286 0.000354788 -0.000173993 -0.000150862 -0.000324506 -0.000541605 -0.000870818 -0.0012055 -0.00151582 -0.00181474 -0.00249146 -0.0014578 -0.00212173 0.00014441 -2.44292e-05 -0.000977375 8.13959e-05 0.000213036 0.000447834 -0.000807997 -0.000141162 -0.00103516 0.000208446 0.00040548
internal_weight=24029.8 9318.05 14711.7 8754.96 6860.43 3817.95 386.587 1894.53 508.271 3431.37 2614.03 2011.45 1444.23 944.939 757.683 633.171 360.484 275.925 180.15 9190.57 3809 460.088 3348.91 3042.48 5521.17 329.739 911.291 168.167 3019.17 2131.19
internal_count=24410 10490 13920 10112 8321 4451 241 1791 504 4210 3290 2478 1867 1228 1003 838 472 355 242 8471 3432 451 2981 3870 5449 298 1149 226 2683 2721
is_linear=0
shrinkage=0.0202208


Tree=227
num_leaves=31
num_cat=0
split_feature=27 26 25 44 10 64 38 10 0 10 10 64 38 1 44 45 25 64 40 10 10 10 10 0 46 1 25 25 26 1
split_gain=0.298218 0.562947 0.326262 0.448848 0.306638 0.72494 0.559843 0.703605 0.897414 0.525241 0.502375 0.483592 0.861515 0.94836 0.988865 2.23123 0.352972 0.337725 3.17159 0.98277 0.450568 0.597499 3.02619 0.537347 0.617574 1.83017 1.10146 0.908889 0.369356 0.474862
threshold=85.050000000000011 29.405000000000005 30.305000000000003 30.30104166666667 -0.81403855522663837 1.3286849965281819 32.747010386454242 -0.90149333598846371 4.7950000000000008 -0.40542197401079733 -0.99273952934267318 -0.35676413161955972 33.050783275101573 4.5650000000000004 28.456875000000004 0.47980332602828785 27.235000000000003 -1.9447154916934009 23.885000000000005 0.31718835131409573 0.39753913293121995 0.63874350706337069 0.6583954877256819 3.5950000000000002 2101.5485000000003 1.0550000000000004 27.615000000000006 29.095000000000002 28.495000000000001 0.24500000000000002
decision_type=2 2 2 2 2 2 2 2 2 2 2 2 2 2 2 2 2 2 2 2 2 2 2 2 2 2 2 2 2 2
left_child=2 -2 3 4 5 6 7 16 -9 -6 -8 -12 -13 -14 -15 -16 -1 19 -19 -11 23 -22 -23 24 -20 26 -26 -28 -24 -30
right_child=1 -3 -4 -5 9 -7 10 8 -10 17 11 12 13 14 15 -17 -18 18 20 -21 21 22 28 -25 25 -27 27 -29 29 -31
leaf_value=-0.0023266178048478542 0.017741238700275976 -0.032817005685293651 0.017534544390778568 -0.002445824010581871 0.014269336617140074 0.016172311403373982 0.018250124598356062 0.013640918971009813 -0.013713606561731508 0.018097262684246291 0.023313300462927088 -0.03688285214002783 0.011399125197967241 0.0014524568780812327 -0.072268442226175025 -0.001059279728264002 0.020373744381719003 -0.0062500518485295153 -0.00014711048001584941 -0.00043617221732060116 0.011463997205713342 -0.039588865001378891 0.010031107143843082 0.00087137277105250259 -0.0029951953437675435 0.00051450090667256936 -0.045935159852563336 -0.00095479073374103165 -0.016015548792677792 0.0023283364560141902
leaf_weight=309.38685542345047 3232.9475439786911 86.655145585536957 1212.2486711740494 330.77170079946518 3061.3152648806572 755.00804221630096 150.55669444799423 197.82271808385849 200.19774955511093 1130.4781963825226 118.48980182409286 85.624296844005585 217.65342593193054 79.168333292007446 72.45333069562912 78.586369693279266 686.24854689836502 132.35682421922684 1140.4897272586823 1090.1666496396065 1881.5220950841904 149.0681477189064 1249.0328691601753 3336.7678847312927 96.820538341999054 418.48002350330353 126.17061138153076 84.492062211036682 423.50087064504623 1895.3085494637489
leaf_count=378 3571 88 795 176 3512 1023 224 260 183 634 131 118 294 111 97 114 822 53 1072 851 1832 139 1435 3419 111 497 136 88 502 1744
internal_value=0.000196682 0.000394257 0.000160715 0.000134424 0.000150841 -1.26701e-05 -0.00022662 0 -0.000694805 0.000185994 -0.000651075 -0.000913402 -0.00117731 -0.000558629 -0.00150157 -0.00245212 0.000305979 0.000120998 6.47806e-05 0.00035782 0.000111258 0.000238099 6.18574e-05 -8.48072e-06 -0.000297836 -0.000757099 -0.00193528 -0.00274442 0.000204003 1.23468e-05
internal_weight=24029.8 3319.6 20710.2 19497.9 19167.2 2951.2 2196.19 1393.66 398.02 16216 802.532 651.976 533.486 447.861 230.208 151.04 995.635 13154.7 10934 2220.64 10801.7 5598.43 3716.91 5203.22 1866.45 725.963 307.483 210.663 3567.84 2318.81
internal_count=24410 3659 20751 19956 19780 3755 2732 1643 443 16025 1089 865 734 616 322 211 1200 12513 11028 1485 10975 5652 3820 5323 1904 832 335 224 3681 2246
is_linear=0
shrinkage=0.0202208


Tree=228
num_leaves=31
num_cat=0
split_feature=51 58 0 45 46 29 62 32 45 45 58 45 58 46 46 0 40 63 55 41 55 22 45 38 29 3 0 60 38 29
split_gain=0.450262 0.456773 0.582245 0.563366 0.506858 0.462638 0.649834 0.449668 0.361365 0.702047 0.352408 0.25951 0.361193 0.362059 0.258331 0.351153 0.522375 0.53328 0.753657 1.18118 0.365643 0.386198 0.461685 0.316697 0.315712 0.355282 0.276854 0.645846 0.727215 1.16394
threshold=1.9333333333334568 1006.7500000000001 6.8050000000000006 0.31794958340333096 2384.3130000000006 83.15000000000002 34.285000000000004 -0.24740289296455484 0.62198592064893454 0.36732853464255283 1004.4500000000002 0.21338456119538465 1008.0500000000001 2314.3200000000002 2309.2150000000006 6.7350000000000012 26.545000000000005 28.567209489778751 0.88850000000000018 0.55128633943844541 0.28450000000000003 28.035000000000004 1.4427207955780774 29.086850135978775 73.850000000000009 0.89850000000000019 3.3150000000000004 2.7850000000000006 30.117649703153781 78.050000000000011
decision_type=2 2 2 2 2 2 2 2 2 2 2 2 2 2 2 2 2 2 2 2 2 2 2 2 2 2 2 2 2 2
left_child=-1 2 5 11 7 6 -2 -4 9 -9 -11 -3 -13 -14 15 16 17 -5 19 -19 21 -18 23 -23 -17 -26 27 -22 -29 -30
right_child=1 3 4 14 -6 -7 -8 8 -10 10 -12 12 13 -15 -16 24 20 18 -20 -21 26 22 -24 -25 25 -27 -28 28 29 -31
leaf_value=0.0070120922270399755 0.013638799071272347 0.011967042684302622 0.01104452426461934 -0.00018794492036505386 0.025355691969492476 0.00025153736843810021 -0.03418455991469687 -0.00073889210113423206 0.0098768774387063742 -0.033498922994991367 -0.030060360772380248 -0.0034533814408993753 -0.0040575714101242794 -0.036989812244011856 0.0049059938006388356 -0.0004555614438190483 0.0087521317193956904 -0.013204532870177069 -0.00078998670377594974 -0.0038679544697645786 7.9910000521374839e-05 -0.013995477432416551 -0.015691700913700857 0.006608597923759508 0.014274362130950862 -0.0012922697031881531 0.00033871526358542466 0.0011788352326312867 -0.0403999499000341 -0.0005108331861472076
leaf_weight=8039.5824258923531 3617.8492912054062 112.73435598611832 198.04729449748993 469.96384251117706 380.92725950479507 1263.4259892106056 93.68336808681488 164.66549450159073 72.912168920040131 71.625319063663483 143.24093973636627 383.74876117706299 131.05424040555954 124.15594685077667 1436.587871491909 164.83593279123306 670.45623886585236 201.42917901277542 225.35039013624191 163.52586227655411 1019.783870279789 83.368868112564087 247.18323069810867 952.55121529102325 765.65063852071762 237.87996697425842 1906.7300028204918 202.33649981021881 250.98841995000839 233.51465648412704
leaf_count=7350 3742 142 252 311 476 1602 123 221 100 97 185 463 160 163 1686 103 611 145 181 124 1169 85 273 1192 381 191 2109 197 282 294
internal_value=0.000190198 0.000119108 0.000260308 2.53221e-05 -0.000116603 0.000356067 0.0004699 -0.000519148 -0.000888378 -0.00115084 -0.00190578 -0.000490702 -0.000669347 -0.0012963 7.70145e-05 1.88752e-05 -2.60911e-05 -0.000444218 -0.000848665 -0.00141252 3.80917e-05 0.000270314 0 0.000246425 0.00034783 0.000515318 -6.34147e-05 -0.000263152 -0.000744105 -0.00117968
internal_weight=24029.8 15990.2 6006.38 9983.83 1031.42 4974.96 3711.53 650.491 452.444 379.532 214.866 751.693 638.959 255.21 9232.14 7795.55 6627.18 1060.27 590.305 364.955 5566.91 1953.56 1283.1 1035.92 1168.37 1003.53 3613.35 1706.62 686.84 484.503
internal_count=24410 17060 6798 10262 1331 5467 3865 855 603 503 282 928 786 323 9334 7648 6973 761 450 269 6212 2161 1550 1277 675 572 4051 1942 773 576
is_linear=0
shrinkage=0.0202208


Tree=229
num_leaves=31
num_cat=0
split_feature=64 43 45 44 11 61 44 46 28 27 23 11 61 22 11 11 64 56 30 54 64 28 44 11 44 11 25 24 53 4
split_gain=0.380798 0.742295 0.570476 0.494335 0.991222 0.493301 0.653043 0.893756 1.06013 1.01854 0.397187 0.586356 0.889288 0.719439 0.867191 1.24998 1.17908 0.582873 0.68244 1.26675 1.16999 0.574277 1.51772 1.2366 0.479274 0.449107 0.674761 0.380622 0.588907 1.07883
threshold=-0.16482333631632781 0.55407731063266963 0.26037424157962702 26.75458333333334 0.91234096280339505 1.1650000000000003 28.397916666666671 2051.3140000000008 84.65000000000002 78.450000000000017 28.635000000000002 -0.073092422389869308 0.34500000000000003 28.075000000000003 -0.97502841500522164 -0.86955717898714324 -2.0282191802228442 1007.5500000000001 83.750000000000014 0.9215000000000001 -1.6326817762308268 78.550000000000011 27.088541666666671 0.45207220393230413 25.503958333333337 -0.51974381215551546 27.715000000000003 25.365000000000006 0.72250000000000003 1011.9500000000002
decision_type=2 2 2 2 2 2 2 2 2 2 2 2 2 2 2 2 2 2 2 2 2 2 2 2 2 2 2 2 2 2
left_child=1 2 -1 -2 -5 6 7 -6 9 -9 11 12 -4 14 -14 16 -16 -13 21 -20 -21 22 -19 -24 -23 -17 -27 28 -3 -30
right_child=3 27 10 4 5 -7 -8 8 -10 -11 -12 17 13 -15 15 25 -18 18 19 20 -22 24 23 -25 -26 26 -28 -29 29 -31
leaf_value=0.020943098317657182 0.026423267896528286 0.0064211597920712507 -0.066071638980250674 0.0059717007697918569 -0.0066998595127299139 0.0017322833981595657 0.0034498764087777458 -0.0071166527248359727 0.0019671299344021717 -0.035073408650468048 0.0026139995354267881 0.03131115493472806 0.052177097842459684 0.0025366038722829335 -0.014352293711282098 0.0034075758166676193 -0.035931549449892596 8.2780422403873913e-05 0.014389976728617684 -0.00017130708012285203 -0.023883942414639505 -0.0027826462539737276 0.0089724825590221623 -0.01957536099352318 0.013452328416356258 -0.0006323914518129326 -0.03181480354818142 0.0049738125743799197 -0.0047880767285841059 -0.0026383133239898243
leaf_weight=567.6231774687767 1141.8447253108025 606.47158008813858 73.243210792541504 11536.914140999317 661.8295179605484 323.69467836618423 336.21469813585281 193.74341994524002 109.8461651802063 152.2914137840271 1267.8160539269447 473.38998526334763 136.7552462220192 593.46993744373322 69.254132151603699 288.00208359956741 81.266695559024811 772.99399679899216 185.47001254558563 104.43403172492981 123.5952153801918 192.8123984336853 115.02624255418777 238.08309805393219 1088.6140703558922 174.91968542337418 169.97334516048431 1772.5064883232117 225.22689366340637 252.46320044994354
leaf_count=722 740 362 107 12986 602 279 394 203 79 137 1582 515 195 851 100 379 110 496 202 110 143 75 120 185 892 223 205 1185 138 93
internal_value=0.000181083 6.89679e-05 -3.55543e-05 0.000249233 0.000204898 -0.000212172 -0.000402877 -0.000661277 -0.00136334 -0.00191836 -0.000104419 -0.00019631 -0.000518285 -0.000342148 -0.000711268 -0.00101037 -0.00277831 -1.42268e-05 -0.000150039 -0.000905868 -0.00192568 0 -0.000350793 -0.00145677 0.000272909 -0.000437461 -0.000935728 0.000345038 0 -0.000482148
internal_weight=24029.8 9573.41 6716.74 14456.4 13314.5 1777.62 1453.93 1117.71 455.881 346.035 6149.12 4881.3 1586.88 1513.64 920.171 783.416 150.521 3294.42 2821.03 413.499 228.029 2407.53 1126.1 353.109 1281.43 632.895 344.893 2856.67 1084.16 477.69
internal_count=24410 8990 7212 15420 14680 1694 1415 1021 419 340 6490 4908 2170 2063 1212 1017 210 2738 2223 455 253 1768 801 305 967 807 428 1778 593 231
is_linear=0
shrinkage=0.0202208


Tree=230
num_leaves=31
num_cat=0
split_feature=51 58 0 10 45 10 45 10 10 60 0 37 60 24 28 10 45 33 21 58 59 40 62 58 45 28 39 10 40 55
split_gain=0.401575 0.400387 0.671664 0.761206 0.522725 0.421114 0.621656 0.374025 0.450624 0.608957 0.50949 0.509593 0.399598 0.395208 0.372195 0.589514 0.427435 0.316502 0.354404 0.398143 0.308351 0.438815 0.47608 0.489508 0.463943 0.507928 0.344942 0.551753 0.627002 0.455135
threshold=1.9333333333334568 1007.2500000000001 6.1750000000000007 0.63874350706337069 0.31217911053340403 0.97873101657557349 0.58450245156207881 -0.82391537601316178 -0.89391031859722869 5.1650000000000009 5.6150000000000011 0.3908999557990574 2.6650000000000005 28.375000000000004 77.750000000000014 -0.40542197401079733 0.64085257966108 0.040000000000000931 35.340173771594685 1005.4500000000002 7.2950000000000008 26.545000000000005 1.0000000180025095e-35 1011.35 1.5500696509773164 84.450000000000017 2.4837321302911786 1.0000000180025095e-35 28.628333333333337 0.28450000000000003
decision_type=2 2 2 2 2 2 2 2 2 2 2 2 2 2 2 2 2 2 2 2 2 2 2 2 2 2 2 2 2 2
left_child=7 2 5 17 -3 -2 -7 8 9 -1 11 -10 14 -11 -9 -16 -17 -4 19 -19 21 22 -6 24 25 -24 29 -28 -29 -23
right_child=1 4 3 -5 20 6 -8 12 10 13 -12 -13 -14 -15 15 16 -18 18 -20 -21 -22 26 23 -25 -26 -27 27 28 -30 -31
leaf_value=0.026767452064615786 0.009196103325251238 -0.015439758632685993 0.006230916036670405 -0.038745936266950318 0.00010531386712129126 -0.032588435964753242 0.027004151370650802 0.0020373995888467548 -0.0065994434864265327 -0.00064553612301729377 0.0046260526958142711 -0.027787521492838783 0.012726822350845761 -0.009645604236279243 0.022961830825572682 -0.00086440533980606951 -0.029370008043261189 -0.0021066149704928199 0.021778168914318361 -0.025945967313370587 0.0025388213355213916 0.0063011739007818469 -0.0095793905814217858 -0.00082062610218903704 -0.0068737116992206538 -0.002141627954654076 0.0072207255785333799 -0.0011557803518888595 -0.056387075560007549 6.175199216705347e-05
leaf_weight=553.49655747413635 5302.5311629772186 515.35355067253113 684.45426386594772 103.86356210708618 528.63175249099731 143.13181734085083 124.16979664564133 693.32819151878357 105.76420819759369 305.24325013160706 82.224469304084778 95.331380605697632 5570.406333386898 113.97151833772659 140.91318994760513 147.04014718532562 231.86317980289459 353.16967016458511 246.62862020730972 281.12129974365234 932.11959534883499 1752.6186227202415 223.987553358078 167.13074046373367 122.16507881879807 127.14366811513901 260.13535857200623 117.14401680231094 128.09464567899704 3876.61233907938
leaf_count=651 5736 637 861 93 356 182 151 556 145 346 91 103 4780 150 167 157 204 485 295 378 504 1933 176 110 74 108 281 121 143 4436
internal_value=0.000192307 0.000124319 0.000237061 -7.7759e-05 2.09887e-05 0.000347108 -0.000260027 0.000316514 0 0.000203047 -0.000707846 -0.00131049 0.000375833 -0.000234411 0 -0.000363659 -0.000869508 0 -0.000215337 -0.000521901 6.97751e-05 1.29145e-05 -0.000330139 -0.000707418 -0.00104641 -0.00141622 9.27285e-05 -0.000364782 -0.00108486 0.000149579
internal_weight=24029.8 15990.2 7239.07 1669.24 8751.14 5569.83 267.302 8039.58 1256.03 972.711 283.32 201.096 6783.55 419.215 1213.14 519.817 378.903 1565.37 880.92 634.291 8235.78 7303.66 1169.06 640.427 473.296 351.131 6134.6 505.374 245.239 5629.23
internal_count=24410 17060 8181 2112 8879 6069 333 7350 1486 1147 339 248 5864 496 1084 528 361 2019 1158 863 8242 7738 824 468 358 284 6914 545 264 6369
is_linear=0
shrinkage=0.0202208


Tree=231
num_leaves=31
num_cat=0
split_feature=33 0 62 44 51 57 62 46 55 55 11 11 35 11 35 26 37 29 4 28 55 26 11 60 8 61 44 0 29 27
split_gain=0.411798 0.492966 0.554737 0.837907 0.74066 0.696368 0.72276 0.985908 0.658972 0.516962 0.324227 0.481333 0.400646 0.267875 0.25133 0.335625 0.357862 0.251124 0.247219 0.420657 0.297405 0.245335 0.504548 0.236826 0.620241 0.526941 0.541388 0.326164 0.322668 0.419288
threshold=0.13999999999999882 7.8250000000000011 15.695000000000002 27.517916666666672 7.9916666666667711 1010.35 1.7550000000000001 1945.6405000000002 0.72850000000000004 0.87250000000000016 -0.2093068927635835 -0.49749486057528974 0.16398242132228394 -0.93533330245768853 0.46027640007414572 27.795000000000005 0.17670720668846954 67.750000000000014 1006.85 76.950000000000017 0.064500000000000016 28.535000000000004 -0.39754281428255622 5.2150000000000007 0.12940952255126045 1.0000000180025095e-35 25.736041666666669 6.1750000000000007 80.050000000000011 71.950000000000017
decision_type=2 2 2 2 2 2 2 2 2 2 2 2 2 2 2 2 2 2 2 2 2 2 2 2 2 2 2 2 2 2
left_child=1 2 5 4 -4 14 7 8 -7 -8 11 -5 -13 -3 15 -1 -17 -15 20 -20 -18 -21 -23 24 -2 27 -27 -25 29 -28
right_child=23 13 3 10 -6 6 9 -9 -10 -11 -12 12 -14 17 -16 16 18 -19 19 21 -22 22 -24 25 -26 26 28 -29 -30 -31
leaf_value=0.010662408887010942 -0.00036116686570202792 -0.00088165017238879962 -0.00023355243339565895 0.0056323269516198333 -0.023741467715071591 -0.00027281461398022947 -0.023371975845787922 0.0064938681636134091 -0.0089791639257817274 -0.002161147629900453 0.022576227818371698 -0.00059672102898372854 -0.031931607806013659 -0.0080338268071464599 6.8224852558616236e-05 0.016305169998408829 -0.014062180616571593 0.019771435641283436 0.0048106745327914889 0.00043793458033724886 0.0076548014048208237 -0.0010343236577767308 -0.028580982761220747 -7.0020354157533524e-05 0.0072553175507341786 -0.0028118683228978451 0.0007682115047641494 0.010692199275792545 0.00070834975143015675 -0.0088887874636632835
leaf_weight=2951.8921016454697 2281.2178890109062 197.61914157867432 131.65568190813065 570.44586545228958 122.65290611982346 619.84240216016769 145.18880599737167 1230.3802279233932 338.53464555740356 188.68509894609451 443.38742119073868 104.75299662351608 117.3665087223053 162.09428095817566 1141.880285680294 2179.3936985135078 104.6801952123642 1495.904177069664 770.5286630988121 545.68122571706772 2100.9652584791183 380.59708553552628 266.98502951860428 419.74731129407883 2178.9858933091164 201.47472274303436 226.46517711877823 467.31002688407898 1556.7628239393234 386.71199315786362
leaf_count=2881 2582 268 129 760 143 397 122 1022 198 196 533 136 140 63 1045 2400 86 844 876 736 2450 438 336 394 2292 132 211 276 1894 430
internal_value=0.000187978 0.000247234 0.000197899 -0.000135358 -0.00119622 0.000242986 -2.79605e-05 6.98217e-05 -0.000366062 -0.000921278 1.54964e-05 -0.000150494 -0.000974017 0.000583209 0.000316807 0.00035175 0.000242586 0.000668188 0.000104332 -2.23977e-05 0.000256628 -0.000298857 -0.000563961 5.1354e-05 0.0001533 -6.13675e-05 -0.000240552 0.000318309 -0.000101625 -0.00050013
internal_weight=24029.8 16311.1 14455.5 1490.26 254.309 12965.2 2522.63 2188.76 958.377 333.874 1235.95 792.565 222.12 1855.62 10442.6 9300.72 6348.83 1658 4169.44 1963.79 2205.65 1193.26 647.582 7718.68 4460.2 3258.47 2371.41 887.057 2169.94 613.177
internal_count=24410 16199 15024 1841 272 13183 1935 1617 595 318 1569 1036 276 1175 11248 10203 7322 907 4922 2386 2536 1510 774 8211 4874 3337 2667 670 2535 641
is_linear=0
shrinkage=0.0202208


Tree=232
num_leaves=31
num_cat=0
split_feature=46 25 44 61 31 21 46 60 45 45 61 48 60 31 31 25 45 32 25 21 44 24 55 32 4 20 57 61 57 55
split_gain=0.397177 0.50188 1.29431 0.533305 0.490651 0.351288 0.59066 0.532992 0.433917 1.13457 0.782136 1.65352 0.508087 0.476496 0.463919 0.404418 0.365429 0.338862 0.391494 0.367914 0.329529 0.328726 0.470238 0.526316 0.597909 0.385974 0.498118 0.992644 0.460381 0.429009
threshold=2422.1965000000005 30.185000000000006 30.30104166666667 0.075000000000000025 76.350000000000009 25.963501182460103 1694.1935000000003 4.6950000000000012 1.4276056111004094 1.6655916265951494 0.045000000000000005 198.75000000000003 6.5150000000000006 65.750000000000014 72.15000000000002 24.745000000000001 0.8400148266566495 0.22527877285978096 28.695000000000004 35.706242678264282 28.679583333333337 26.335000000000004 0.90350000000000008 2.0630739585638698 1010.85 33.187060581875031 1010.7500000000001 1.3250000000000004 1007.7500000000001 0.22150000000000003
decision_type=2 2 2 2 2 2 2 2 2 2 2 2 2 2 2 2 2 2 2 2 2 2 2 2 2 2 2 2 2 2
left_child=1 2 5 -3 -2 6 -1 -8 12 10 14 -12 21 15 -10 -11 17 18 -14 -19 -20 22 23 24 -7 28 -27 -28 -23 -30
right_child=4 3 -4 -5 -6 8 7 -9 9 13 11 -13 16 -15 -16 -17 -18 19 20 -21 -22 25 -24 -25 -26 26 27 -29 29 -31
leaf_value=-0.0020471390811708989 -0.028854435489345617 -0.0072331869620833981 -0.002549428562083064 0.020724213409769709 0.020673262871352016 -0.017649942479277651 -0.0002947962527429945 0.025030793838145261 0.0040623640502686414 -0.016895681556088827 -0.00077543532383267096 -0.029793014648443378 0.0040616492734697933 0.0053347053239102176 -0.008174157107543616 0.0059333172780296805 0.0053736877912000823 -0.015285134870565707 -0.016790647528928195 0.0017981961196707071 -0.0010698729211099213 0.016857450555202831 0.01455211725380254 -0.0012710729425473544 -0.00038282324444960576 0.0022837321445252699 0.0070211329340689283 -0.039473167340746511 0.0071433799929395284 0.00010679867691095898
leaf_weight=241.6628680229187 108.92214542627335 129.18350255489349 234.76373249292374 1037.22883695364 2073.8861752152443 164.48303788900375 430.15388405323029 1481.11779910326 277.05322134494781 149.35879749059677 258.96490091085434 117.8697909116745 650.66764658689499 869.05413520336151 349.91066980361938 135.47941440343857 626.39358413219452 503.34929180145264 207.00190204381943 137.37299942970276 391.83331966400146 2539.3484852910042 218.28235137462616 120.97210472822189 132.37058800458908 5695.9837949872017 99.810225427150726 114.43697816133499 1302.8740440011024 3229.9993136525154
leaf_count=86 87 108 125 733 2280 144 239 641 253 114 190 104 837 561 260 115 515 685 284 158 553 3194 193 119 92 6677 121 146 1338 3458
internal_value=0.000167824 0.000135911 0.000107544 0.000561943 0.00044635 0.000128723 0.000386692 0.000527232 9.34976e-05 -0.000157754 -0.000677101 -0.00142904 0.000132553 0.000219205 -8.01203e-05 -0.000331177 -0.000110338 -0.000274303 -5.06485e-06 -0.000660225 -0.000438273 0.000183885 -0.000199024 -0.000679176 -0.00116702 0.000209446 6.89429e-05 -0.000832686 0.000314382 0.000163246
internal_weight=24029.8 21847 20680.6 1166.41 2182.81 20445.8 2152.93 1911.27 18292.9 2157.69 1003.8 376.835 16135.2 1153.89 626.964 284.838 2516.62 1890.23 1249.5 640.722 598.835 13618.6 636.108 417.826 296.854 12982.5 5910.23 214.247 7072.22 4532.87
internal_count=24410 22043 21202 841 2367 21077 966 880 20111 1597 807 294 18514 790 513 229 3032 2517 1674 843 837 15482 548 355 236 14934 6944 267 7990 4796
is_linear=0
shrinkage=0.0202208


Tree=233
num_leaves=31
num_cat=0
split_feature=28 62 10 11 30 59 11 57 10 11 44 55 57 1 1 54 39 28 39 30 30 10 10 55 10 1 53 31 28 19
split_gain=0.300437 0.466414 0.618532 0.56796 0.367327 0.411703 0.798111 0.949064 0.279481 0.590078 1.48715 1.32093 0.637802 0.524858 1.02178 0.586924 0.882529 1.06304 1.48291 0.95154 0.876323 0.644242 0.737631 0.493008 0.429967 0.809476 0.358847 0.34429 0.473932 0.334801
threshold=87.950000000000017 29.320000000000004 -0.93535928755917819 0.021516097436222247 86.450000000000017 3.5450000000000004 0.60503365783732044 1007.85 0.081675638985454754 -0.97106408147883394 29.052708333333335 0.95650000000000002 1009.4500000000002 1.7950000000000002 1.0000000180025095e-35 0.97950000000000015 2.0268686470999007 73.15000000000002 1.3794723498398633 76.850000000000009 80.250000000000014 -0.833548052892222 -0.65189295912203338 0.99750000000000016 0.99762106698677389 1.0750000000000004 0.7895000000000002 80.950000000000017 78.950000000000017 25.724795169990685
decision_type=2 2 2 2 2 2 2 2 2 2 2 2 2 2 2 2 2 2 2 2 2 2 2 2 2 2 2 2 2 2
left_child=1 4 3 -3 8 6 7 -6 13 10 -10 -12 23 14 26 16 17 -16 20 -20 -19 -22 -23 24 -11 -26 -1 28 -25 -14
right_child=-2 2 -4 -5 5 -7 -8 -9 9 12 11 -13 29 -15 15 -17 -18 18 19 -21 21 22 -24 27 25 -27 -28 -29 -30 -31
leaf_value=0.012527050119632451 0.030906573513671237 -0.022530249554994611 0.0010761008973306425 -0.0016734960755502549 -0.0013638553038398257 0.0024620440631831623 0.0089167627002058551 -0.034282286234761837 0.013583694023906896 0.0068392305755047384 -0.0013449586787435707 -0.069171544888623024 -0.0080154442648908801 0.012868750018885133 0.0026785497224382352 0.0067812376598306605 0.0001652789792268715 0.0055516720352061953 -0.029865269891629655 -0.016752913234207901 0.0063030121510161017 -0.034854858766641392 -0.0091832172721189008 0.0013609149888068493 0.024844507954353993 -0.077857143362718248 -0.00045790094921232784 0.0080970891937523631 -0.02250965947937212 1.3341790722497221e-05
leaf_weight=1543.3510774970055 759.05196857452393 135.46795058250427 656.05707323551178 81.102874875068665 102.06463372707367 850.43742907047272 197.11401498317719 103.32351553440094 219.54377245903015 6081.1767663955688 105.26732689142227 114.98320597410202 346.8701229095459 5415.7728096246719 332.38344222307205 978.3540335893631 934.38839656114578 289.91120934486389 131.19426488876343 102.06971740722656 84.511959433555603 91.929094254970551 171.89465445280075 101.08240205049515 155.33824700117111 87.817995011806488 443.56716364622116 212.03704559803009 165.10564732551575 3036.6197259426117
leaf_count=933 799 179 826 97 141 1048 245 136 314 5536 135 162 212 6809 355 1013 646 310 97 117 119 128 208 95 178 95 276 268 175 2758
internal_value=0.000183864 0.000165657 -0.000251637 -0.00118237 0.000185866 -0.000107233 -0.00066553 -0.00155499 0.000207391 0.000119315 -0.000561253 -0.00180112 0.000157503 0.000287959 0.000116211 -8.90694e-05 -0.000297468 -0.00067031 -0.00105541 -0.00250626 -0.000376383 -0.00111229 -0.00161583 0.000272585 0.000326663 -0.000336583 0.000481718 -0.000257746 -0.000799499 -4.80698e-05
internal_weight=24029.8 23270.7 872.628 216.571 22398.1 1252.94 402.502 205.388 21145.2 10625.8 439.794 220.251 10186 10519.3 5103.56 3116.64 2138.28 1203.89 871.511 233.264 638.247 348.336 263.824 6802.56 6324.33 243.156 1986.92 478.225 266.188 3383.49
internal_count=24410 23611 1102 276 22509 1570 522 277 20939 9928 611 297 9317 11011 4202 2993 1980 1334 979 214 765 455 336 6347 5809 273 1209 538 270 2970
is_linear=0
shrinkage=0.0202208


Tree=234
num_leaves=31
num_cat=0
split_feature=51 37 58 4 57 3 36 20 44 1 10 38 39 40 37 58 2 63 19 38 38 42 44 10 10 3 10 39 63 53
split_gain=0.38955 0.365188 0.31466 1.07132 0.342255 0.363897 0.495706 0.756286 0.522352 0.79375 0.306773 0.365749 0.290483 0.286816 0.258943 0.418957 0.327784 0.300948 0.463758 0.426371 0.289216 0.245924 0.49701 0.511913 0.711068 0.425657 0.749744 0.273546 0.35105 0.231444
threshold=1.9333333333334568 1.2283981431347821 1004.7500000000001 1002.9500000000002 1004.7500000000001 0.98550000000000015 33.105100060796069 33.000549642189917 29.517291666666669 4.0450000000000008 -0.95747632178960107 31.4455830802892 0.8343436840505537 27.815000000000001 0.44536376118114829 1013.1500000000002 3.9500000000000006 31.729959196159246 33.638978788368611 33.251751399215443 36.938783454079662 28.477500000000006 27.141041666666673 -0.22611359161738934 -0.05591647229452347 0.78450000000000009 0.15005400879207817 0.88790371649460054 31.770294657585147 0.060500000000000005
decision_type=2 2 2 2 2 2 2 2 2 2 2 2 2 2 2 2 2 2 2 2 2 2 2 2 2 2 2 2 2 2
left_child=1 14 -2 -4 -5 -6 7 10 12 -10 11 -7 -8 -9 15 17 21 29 19 -19 -20 22 23 -16 -25 26 -24 28 -27 -1
right_child=2 -3 3 4 5 6 8 13 9 -11 -12 -13 -14 -15 16 -17 -18 18 20 -21 -22 -23 25 24 -26 27 -28 -29 -30 -31
leaf_value=-0.00021350911365415715 0.015504422539544619 0.028634511432844959 -0.013864574894522617 0.023807652630874022 0.00047693982612243588 -0.013780186132059852 -0.0028592313038385136 -0.060464988383254772 0.0030262682431561132 -0.051339935487114297 0.00021363595552258401 0.0019273961944062639 0.018415115497660239 -0.0073250957053391198 0.022673342128936236 -0.053952877417714873 0.01026801408557689 0.00024775290143545038 0.024088979858352757 -0.014040874099108912 -0.00085017709688755454 0.012608533060187844 -0.033252725732411628 -0.031511791645162386 0.0015002445549981774 -0.028929396704979765 -0.00065674909516030258 4.242278215511011e-05 2.9079809917013282e-05 0.025257631571857411
leaf_weight=230.71291655302048 1965.3554074764252 1022.0370346307755 97.478226184844971 642.77696830034256 10032.498270630836 117.81490731239319 636.48502492904663 94.604250192642212 139.56725066900253 139.3458406329155 1005.3457870483398 127.03894019126892 854.17348170280457 137.72275990247726 401.62690907716751 88.521594524383545 720.16710060834885 356.18719536066055 930.11709374189377 147.69933205842972 331.32664126157761 602.35233461856842 122.44990712404251 184.91105329990387 350.45244431495667 113.37588655948639 119.73010814189911 546.80539202690125 113.10189604759216 1658.0075859427452
leaf_count=227 2110 497 106 738 10229 127 861 123 95 126 1054 163 1127 201 221 58 502 459 1218 212 195 755 105 88 184 127 86 584 146 1686
internal_value=0.000185606 0.000307827 0.000118619 7.69568e-05 9.80139e-05 6.83149e-05 -0.00010288 -0.00038796 8.69254e-05 -0.000623493 -0.000111164 -0.000752482 0.00027976 -0.00147962 0.000236133 0.000358552 6.9261e-05 0.000408386 0.000146542 -0.000278203 0.000385748 -5.69014e-06 -0.000147913 0.000117407 -0.000169732 -0.000478114 -0.00127032 -0.00011204 -0.000726309 0.000606026
internal_weight=24029.8 8039.58 15990.2 14024.9 13927.4 13284.6 3252.1 1482.53 1769.57 278.913 1250.2 244.854 1490.66 232.327 7017.55 3742.57 3274.97 3654.05 1765.33 503.887 1261.44 2554.81 1952.45 936.99 535.363 1015.46 242.18 773.283 226.478 1888.72
internal_count=24410 7350 17060 14950 14844 14106 3877 1668 2209 221 1344 290 1988 324 6853 4055 2798 3997 2084 671 1413 2296 1541 493 272 1048 191 857 273 1913
is_linear=0
shrinkage=0.0202208


Tree=235
num_leaves=31
num_cat=0
split_feature=22 0 46 4 1 55 10 11 11 1 8 12 54 10 1 1 44 11 51 39 48 36 22 31 11 32 51 59 59 0
split_gain=0.497699 0.586823 0.520033 0.467368 0.649853 1.13173 1.83126 0.533656 0.725242 0.522471 0.847541 0.530722 0.615925 0.512164 0.645905 0.396057 0.768619 0.915132 0.399571 0.374724 0.360114 0.296376 0.512384 0.324237 0.285245 0.38941 0.523291 0.59543 0.416596 0.26642
threshold=25.085000000000004 9.8550000000000022 1694.1935000000003 1009.6500000000002 0.36500000000000005 0.89450000000000018 0.74409704927257569 0.91586428826728705 0.93834263341299773 4.495000000000001 1.0000000180025095e-35 10.500000000000002 0.98850000000000005 0.99762106698677389 1.135 17.475000000000005 27.517916666666672 -0.10737736916418625 794.23333333333358 0.6759303097508168 748.05000000000007 29.911273813376038 28.805000000000003 81.15000000000002 0.98043284291745803 -0.67647753949223943 1.9333333333334568 5.5950000000000006 2.4750000000000005 3.7550000000000003
decision_type=2 2 2 2 2 2 2 2 2 2 2 2 2 2 2 2 2 2 2 2 2 2 2 2 2 2 2 2 2 2
left_child=2 3 -1 4 5 7 21 20 -9 24 11 12 -11 15 -15 18 17 -17 -6 -18 -2 -7 23 -23 25 26 -5 28 -28 -26
right_child=1 -3 -4 9 13 6 -8 8 -10 10 -12 -13 -14 14 -16 16 19 -19 -20 -21 -22 22 -24 -25 29 -27 27 -29 -30 -31
leaf_value=-0.00063228130334419162 0.013492624011036377 -0.013754078477419659 0.012323490016803695 0.001322956289035625 0.0079890222031447633 0.0097884306719297556 -0.032217428499288249 -0.013126587364472647 0.00018956664668591018 -0.016735536840101789 2.5812423155029655e-05 -0.00023481740971624394 -0.0054961292305436005 0.017653173664116298 -0.043630394819200696 0.023305533980227708 0.023755118331440322 -0.023411493935219529 -0.013778781400011243 2.0740657047742391e-05 -0.0007218679514912255 -0.013103361777407582 0.0032101558099275492 -0.012000106963000726 -0.00024230344024276751 0.0007585640457179832 -0.021446687720493674 -0.017861457903221349 6.0432863184075548e-05 0.009663807435136812
leaf_weight=335.4339691400528 1149.0225695967674 89.0629723072052 2087.3219553232193 413.07937115430832 11250.973021626472 158.28372097015381 89.714467465877533 110.88489478826523 577.30499994754791 89.955359220504761 412.20798653364182 100.89623165130615 92.589452981948853 86.679373025894165 89.218838512897491 155.00264632701874 436.23201513290405 135.97885835170746 117.8787887096405 1124.8843258619308 260.98342233896255 97.575817048549652 164.56825745105743 126.01063990592957 520.80195719003677 2429.5426808595657 94.670680522918701 132.91165691614151 396.33481067419052 703.78379952907562
leaf_count=107 1211 92 876 302 12802 129 96 124 536 105 425 112 118 95 96 204 568 143 111 1406 284 115 184 146 447 2482 94 101 395 504
internal_value=0.00019245 0.000155498 0.000485103 0.000166041 0.000220494 -3.63928e-05 -0.000805236 0.000156161 -0.000228843 0 -0.000512491 -0.00135819 -0.00200129 0.000279455 -0.000651389 0.000298656 0 -0.000921713 0.000343453 0.000201636 0.000406113 -0.000182032 -0.000576537 -0.00122191 7.97439e-05 0 -0.0003409 -0.000729685 -0.000189254 0.000345296
internal_weight=24029.8 21607 2422.76 21518 16131.2 2734.35 636.153 2098.2 688.19 5386.77 695.649 283.441 182.545 13396.8 175.898 13220.9 1852.1 290.982 11368.9 1561.12 1410.01 546.438 388.155 223.586 4691.12 3466.54 1037 623.917 491.005 1224.59
internal_count=24410 23427 983 23335 18250 2825 670 2155 660 5085 760 335 223 15425 191 15234 2321 347 12913 1974 1495 574 445 261 4325 3374 892 590 489 951
is_linear=0
shrinkage=0.0202208


Tree=236
num_leaves=31
num_cat=0
split_feature=2 10 53 3 10 36 36 60 38 62 56 29 53 4 26 10 10 62 4 46 39 23 4 48 20 39 29 46 37 20
split_gain=0.372945 0.519264 0.516608 0.441999 0.549042 0.772301 0.410806 0.330458 0.364551 0.92171 0.924159 1.09927 1.10799 0.330338 0.87384 1.08031 0.326371 0.667843 0.455008 0.412389 0.338255 0.506203 0.727022 0.299767 0.283334 0.281435 0.267972 0.258778 0.342415 0.443542
threshold=40.050000000000004 -0.80392051724781066 0.63850000000000018 0.99450000000000005 -0.20931270765420754 22.978358541674805 32.994451083488322 3.1450000000000005 36.306693703359528 1.5550000000000004 1004.85 78.350000000000009 0.99150000000000016 1009.5500000000001 27.975000000000005 -0.92913280730858783 -0.89391031859722869 27.135000000000002 1005.0500000000001 2373.5910000000008 1.0310010668714489 28.745000000000001 1006.1500000000002 508.25000000000006 31.55531733520699 1.0938864622263063 74.950000000000017 2346.0435000000002 0.31106012647582743 32.865273607588229
decision_type=2 2 2 2 2 2 2 2 2 2 2 2 2 2 2 2 2 2 2 2 2 2 2 2 2 2 2 2 2 2
left_child=1 2 -1 4 25 -6 23 -3 26 -10 -11 -12 -13 16 -15 -16 17 18 -4 -19 21 22 -18 24 -5 -2 -9 28 29 -7
right_child=3 7 13 6 5 27 -8 8 9 10 11 12 -14 14 15 -17 20 19 -20 -21 -22 -23 -24 -25 -26 -27 -28 -29 -30 -31
leaf_value=-0.025969861228424689 0.0021792714169344028 0.00026235018826870467 -0.0067483323369864918 0.0014010872615402403 -0.0048520881950202231 0.0014596529182467548 0.0020606332930081482 0.00024515644185337931 0.022059975398462502 0.035671035142788632 -0.00052652532351884205 -0.052008062078250053 -0.0094781510881661573 0.0035979852244553659 -0.030446017164909623 0.00027398981261276758 0.00030412049952862523 -0.013978975383480417 0.026889922735872103 0.065393188966083524 0.0099826885465228304 0.038127896022839738 -0.029203466799285399 -0.011370265600578926 -0.013639904232738686 0.01171904259217506 0.020483115376499991 0.0092612318897560032 0.00024195512118507537 -0.0070830230723533541
leaf_weight=87.069112181663513 1682.5357154011726 2904.0401423573494 190.46462577581406 161.86126685142517 175.917609333992 489.68192660808563 440.08789849281311 2428.7472403645515 527.51534163951874 169.09097874164581 191.96281516551971 100.73365205526352 107.35088348388672 199.64355951547623 76.568678677082062 72.706466019153595 84.87292355298996 120.27132046222687 1071.9741759896278 108.18417149782181 225.7966400384903 88.612490594387054 102.53351873159409 74.769335985183716 210.94431859254837 1960.4249579310417 4482.7476427555084 1010.1531723737717 3681.6786005496979 800.84835934638977
leaf_count=95 2287 2810 255 181 62 553 576 1885 303 120 123 89 103 232 105 98 109 139 1324 140 261 118 137 90 274 1971 4872 927 3421 750
internal_value=0.000195768 0.000270961 0 9.36634e-05 0.000139113 7.77295e-06 -0.000308336 0.000330461 0.000402352 0 -0.00050441 -0.00110674 -0.00211002 6.15388e-05 -0.000441179 -0.00166549 0.000194132 0.000364817 0.00058061 -0.000440387 -0.000138734 -0.000709021 -0.00134777 -0.000748095 -0.000218892 0.000336875 0.000457289 6.10421e-05 0 -0.000281908
internal_weight=24029.8 13340.9 2428.7 10688.9 9801.24 6158.28 887.663 10912.2 8008.15 1096.65 569.138 400.047 208.085 2341.63 348.919 149.275 1992.71 1490.89 1262.44 228.455 501.816 276.019 187.406 447.575 372.806 3642.96 6911.49 5982.36 4972.21 1290.53
internal_count=24410 13318 3013 11092 9971 5713 1121 10305 7495 738 435 315 192 2918 435 203 2483 1858 1579 279 625 364 246 545 455 4258 6757 5651 4724 1303
is_linear=0
shrinkage=0.0202208


Tree=237
num_leaves=31
num_cat=0
split_feature=28 30 11 11 39 45 56 20 28 61 11 40 39 39 27 31 43 1 33 38 40 40 1 11 11 21 30 39 29 11
split_gain=0.333248 0.444055 0.389864 0.612985 0.455354 1.16984 1.16408 1.04204 0.570088 0.502085 0.452163 0.448736 0.431622 0.78638 0.763838 0.950191 0.570694 0.945716 1.1866 1.01469 0.610212 0.8694 0.466634 0.654949 0.642716 0.452824 0.430692 0.512364 0.79632 0.656323
threshold=86.750000000000014 84.350000000000009 -0.92260537345622995 -0.83352489619613901 0.8343436840505537 0.39476006277524794 1005.4500000000002 35.401937526577555 77.450000000000017 20.005000000000006 -0.70862667826445969 28.188333333333336 1.5793795014106793 2.074219937543337 78.250000000000014 81.15000000000002 0.25861489869125948 1.0000000180025095e-35 -0.86999999999999911 29.015395574497518 26.685000000000006 28.431666666666668 4.495000000000001 0.91234096280339505 0.95748518835503915 36.978319362395766 75.65000000000002 0.95030382230891652 79.850000000000009 -0.76107606668641947
decision_type=2 2 2 2 2 2 2 2 2 2 2 2 2 2 2 2 2 2 2 2 2 2 2 2 2 2 2 2 2 2
left_child=1 2 4 11 5 -1 -7 8 -8 -6 26 -4 22 16 15 -15 -14 19 -19 -18 -20 -22 23 -12 -25 -24 -5 28 29 -28
right_child=-2 -3 3 10 9 6 7 -9 -10 -11 12 -13 13 14 -16 -17 17 18 20 -21 21 -23 25 24 -26 -27 27 -29 -30 -31
leaf_value=0.002008789079803491 0.021585814590843116 -0.00019033104311782961 -0.01728766206853119 0.013242437071817693 0.021362085243773053 0.0091537355233279813 -0.0085853257643953348 -0.0010059054929585454 -0.064131587792611994 -0.027351102510564714 0.011655259768794023 0.044683556219812168 0.012446961991823933 0.00059659102515822245 0.014808806296271911 -0.0082418706492706911 0.0021766406112295957 0.00015174705394837486 -0.016414623267988183 -0.010410985981446873 0.00065838925358684163 -0.018081016296881264 0.002522149657082493 -0.0091750757815991131 0.00078968821903254317 -0.032806089161224898 -0.034005010209287513 0.0034178372317500839 -0.00029770575853639445 -0.0007121637100568018
leaf_weight=818.99886947870255 1574.4020643234253 3351.5753418207169 89.886447072029114 286.37313282489777 696.7744175195694 101.82818579673767 71.91663271188736 79.363721132278442 97.462595701217651 79.967025518417358 5469.6825175285339 1110.9062288999557 305.60176652669907 1660.1178488731384 1674.9112726449966 187.44103229045868 550.00456380844116 341.59998136758804 225.65961086750031 157.47891819477081 205.04423242807388 118.72317737340927 2248.379036962986 455.21259635686874 927.60156416893005 180.07744389772415 150.47656327486038 356.94911712408066 314.94111514091492 140.43251943588257
leaf_count=1084 1664 4227 123 256 959 136 96 102 137 115 5558 1107 299 1192 902 135 309 203 153 144 205 154 2732 456 788 117 152 431 357 117
internal_value=0.000196952 0.000170943 0.000209216 0.000240748 -2.37834e-05 -0.000314767 -0.00129489 -0.00205793 -0.00293768 0.000301574 0.000199721 0.000710766 0.000233408 6.85919e-05 0.000259808 0 -0.000239056 -0.000422094 -0.000866484 1.62635e-05 -0.00144596 -0.000489216 0.000320273 0.000407725 0 3.72384e-05 -0.000126505 -0.000383776 -0.000759529 -0.00151551
internal_weight=24029.8 22455.4 19103.8 17157.5 1946.31 1169.57 350.571 248.743 169.379 776.741 15956.7 1200.79 14707.5 5426.58 3522.47 1847.56 1904.11 1598.51 891.027 707.483 549.427 323.767 9280.95 6852.5 1382.81 2428.46 1249.17 962.799 605.85 290.909
internal_count=24410 22746 18519 15890 2629 1555 471 335 233 1074 14660 1230 13347 3696 2229 1327 1467 1168 715 453 512 359 9651 6802 1244 2849 1313 1057 626 269
is_linear=0
shrinkage=0.0202208


Tree=238
num_leaves=31
num_cat=0
split_feature=51 58 60 10 45 10 62 55 24 28 44 20 60 62 55 48 58 10 10 60 22 59 10 62 34 31 31 9 55 47
split_gain=0.382753 0.378534 0.572099 0.381193 0.50621 0.360984 0.761407 0.756902 0.873232 0.736911 0.633157 0.507297 0.599713 0.950075 0.359603 0.921339 0.406499 0.337612 0.35543 0.494292 0.695878 0.32619 0.298783 0.288171 0.280402 0.274553 0.257021 0.241085 0.22961 0.381624
threshold=1.9333333333334568 1007.2500000000001 6.205000000000001 0.97873101657557349 0.58450245156207881 0.25118773779856129 0.025000000000000005 0.98750000000000016 27.795000000000005 76.850000000000009 26.070416666666674 29.834041546918311 6.035000000000001 1.3550000000000002 0.98250000000000004 332.05000000000007 1013.4500000000002 -0.82391537601316178 -0.86095304316285715 5.9450000000000012 27.775000000000002 9.4550000000000018 -0.98211651112579568 30.515000000000004 30.311054260327154 81.15000000000002 84.850000000000009 0.37940952255126048 0.24950000000000003 28.095000000000002
decision_type=2 2 2 2 2 2 2 2 2 2 2 2 2 2 2 2 2 2 2 2 2 2 2 2 2 2 2 2 2 2
left_child=17 2 3 23 -5 6 25 8 9 -8 -11 -12 13 -13 16 -16 28 18 19 24 -21 -4 -9 -2 -1 -3 -10 -25 29 -7
right_child=1 5 21 4 -6 14 7 22 26 10 11 12 -14 -15 15 -17 -18 -19 -20 20 -22 -23 -24 27 -26 -27 -28 -29 -30 -31
leaf_value=-0.00117593818651974 0.0089686392851459837 0.0044134258296674141 -0.00017603070169711833 -0.031954615247676482 0.026048595669634956 0.0036772979199638524 6.8562907731386895e-05 -0.024730634993028328 0.0021267165657676891 -0.016345965728126771 0.001624411667223862 -0.043418564000946208 0.0058968906959930715 -0.0014137038593554105 -0.035213134233991576 0.0014361121946065549 -0.020579386976492562 0.0075445500581102654 -0.018570206309190922 0.00092475506818097766 -0.02175344600120278 -0.024552803836104448 0.0094893521182573669 0.0082838400856122523 0.031759380327235701 -0.003859971038145814 -0.017163014544761868 -0.025648623685088578 -0.00029893840682425148 -0.010886382014840986
leaf_weight=150.15478008985519 5217.6514743566513 1598.138064801693 1373.8766671419144 144.4272723197937 125.43125075101852 774.6317732334137 325.01333796977997 131.33333730697632 1415.7005083560944 110.86057436466217 179.86391514539719 102.35786557197571 124.76689964532852 151.20789676904678 180.47789317369461 163.56381243467331 211.8732123374939 6783.551041841507 139.31747668981552 212.002292573452 123.35516196489334 75.418785154819489 954.82743448019028 208.52786505222321 631.20167273283005 172.34820157289505 124.29910922050476 93.736878275871277 1751.1866225004196 278.68646323680878
leaf_count=133 5566 1277 1783 184 153 782 304 184 1772 60 189 108 125 195 169 164 229 5864 171 231 166 104 1065 269 785 115 161 122 1658 322
internal_value=0.000187861 0.000121268 0.000230945 0.000324558 -0.000244917 2.04753e-05 0.000131416 -1.37895e-05 -0.000227913 -0.000699391 -0.00108304 -0.000582509 -0.00102048 -0.00158039 -0.000131412 -0.000762747 -2.94877e-05 0.000309296 0 0.000125953 -0.000393885 -8.26431e-05 0.000404446 0.00036841 0.000461437 0.000477029 2.07492e-05 -1.84526e-05 5.0776e-06 0.000267023
internal_weight=24029.8 15990.2 7239.07 5789.77 269.859 8751.14 5390.72 3620.23 2534.07 994.07 669.057 558.197 378.333 253.566 3360.42 344.042 3016.38 8039.58 1256.03 1116.71 335.357 1449.3 1086.16 5519.92 781.356 1770.49 1540 302.265 2804.5 1053.32
internal_count=24410 17060 8181 6294 337 8879 5555 4163 2914 981 677 617 428 303 3324 333 2991 7350 1486 1315 397 1887 1249 5957 918 1392 1933 391 2762 1104
is_linear=0
shrinkage=0.0202208


Tree=239
num_leaves=31
num_cat=0
split_feature=40 59 23 4 62 12 32 8 2 63 60 4 23 30 1 31 23 35 27 42 1 3 60 62 62 20 12 46 20 58
split_gain=0.457684 0.628109 0.739102 0.509992 0.664735 1.5139 1.29407 0.84388 0.593392 0.509802 0.533002 0.496737 0.45682 0.411737 0.386948 0.391339 0.373866 0.392031 0.363214 0.328069 0.407765 0.327811 0.308524 0.351336 0.394597 0.34986 0.329781 0.293396 0.271564 0.335299
threshold=25.633333333333336 7.1950000000000012 24.130000000000006 1009.6500000000002 1.7550000000000001 5.5000000000000009 0.67766979408598627 0.12940952255126045 28.050000000000004 32.927891173822779 2.3450000000000002 1002.7500000000001 29.405000000000005 78.950000000000017 0.20500000000000004 71.65000000000002 26.495000000000001 0.50213104136889464 79.65000000000002 29.256666666666671 0.025000000000000005 0.99050000000000005 6.7650000000000006 28.140000000000004 1.0000000180025095e-35 33.882680935823416 10.500000000000002 1915.0405000000003 37.609383897090616 1005.1500000000002
decision_type=2 2 2 2 2 2 2 2 2 2 2 2 2 2 2 2 2 2 2 2 2 2 2 2 2 2 2 2 2 2
left_child=1 2 -1 8 13 6 18 9 22 10 -7 -10 -13 16 -14 -16 17 -5 -6 -18 -21 -4 23 24 27 -25 28 -2 -26 -30
right_child=3 -3 21 4 5 7 -8 -9 11 -11 -12 12 14 -15 15 -17 19 -19 -20 20 -22 -23 -24 25 26 -27 -28 -29 29 -31
leaf_value=-0.0041487866683117686 0.012518717123404572 0.0065996350407302 0.0084140562624974297 -0.0073427055839198237 -0.0057264392561060329 0.0012361447150171984 -0.0018584499805283626 0.026514711731655888 -0.013579410870686598 0.014248003610972381 -0.012670530618122655 -0.00011261140581071592 -0.0042558355611942815 0.0037661123041275433 -0.00036407291673648767 0.01060982430728288 0.00061409928164735865 -0.0003453437367190347 -0.040962633391367506 -0.046046431022544271 0.0032934868075666433 -0.0012713347503812919 -0.00021731176267314188 0.0064354681565150854 0.018767881304890124 -0.023640476641092381 9.7369153436277067e-05 -0.011809631440127083 0.037124725829078095 -0.023220363511740231
leaf_weight=338.57647216320038 158.19221615791321 1648.9122406244278 871.07666671276093 249.73968648910522 126.3191751241684 77.885484576225281 155.81907826662064 468.90083032846451 144.29928231239319 109.15545308589935 202.09606206417084 4966.1042178273201 273.53880327939987 1044.3375086784363 435.42130219936371 1524.3597909808159 1937.1994087100029 273.1337114572525 107.54474902153015 89.60979026556015 94.724159717559814 168.18070733547211 1083.9258860349655 274.09025329351425 5265.0307223200798 121.10202050209045 959.24291169643402 214.78983527421951 298.55094522237778 347.93016934394836
leaf_count=188 116 605 487 169 107 101 148 532 141 147 224 6399 301 1097 358 1229 1761 205 97 98 107 94 1393 338 6180 159 1070 215 126 218
internal_value=0.000192521 0.000441101 4.97945e-05 0.000152452 -1.10652e-05 -0.000428869 -0.00146865 0 0.000208132 -0.00064245 -0.00114249 5.9116e-05 9.41687e-05 0.00010686 0.000334717 0.000451284 0 -0.000507138 -0.00240701 9.03463e-05 -0.000613973 0.000374059 0.000323469 0.00036875 0.000403809 -5.21215e-05 0.000441786 -6.07546e-05 0.000499617 0
internal_weight=24029.8 3026.75 1377.83 21003 4936.47 1247.72 389.683 858.038 16066.6 389.137 279.982 7343.72 7199.42 3688.74 2233.32 1959.78 2644.41 522.873 233.864 2121.53 184.334 1039.26 8722.85 7638.93 7243.74 395.192 6870.75 372.982 5911.51 646.481
internal_count=24410 1374 769 23036 4793 1356 352 1004 18243 472 325 8428 8287 3437 1888 1587 2340 374 204 1966 205 581 9815 8422 7925 497 7594 331 6524 344
is_linear=0
shrinkage=0.0202208


end of trees

feature_importances:
doy_sin=561
doy_cos=380
heat_index_c_roll24h_std=252
temp_c_roll24h_std=246
wind_ms_lag3h=245
hi_residual_lag1h=241
rh_lag1h=228
wind_ms=210
pressure_hpa_lag6h=195
heat_index_c_roll24h_mean=180
temp_x_rh=177
rh_lag12h=176
rh_lag24h=175
temp_c_roll24h_mean=173
heat_index_c_lag24h=168
wind_ms_lag1h=166
precip_mm_lag3h=141
pressure_hpa=139
precip_mm_lag1h=135
precip_mm=125
heat_index_c_lag12h=124
temp_c_lag12h=124
temp_c_lag24h=123
pressure_hpa_lag3h=121
rh_lag6h=119
rh_lag3h=118
month=115
temp_change_3h=115
pressure_hpa_lag1h=110
hi_change_3h=106
solar_wm2_roll6h_mean=98
cloud_cover_lag3h=98
cloud_cover_lag6h=98
cloud_cover_lag1h=89
_hi_clim=86
cloud_cover=80
heat_index_c_lag1h=76
heat_index_c_roll6h_mean=75
solar_wm2_lag3h=75
solar_wm2_lag1h=66
heat_index_c_roll6h_std=65
temp_c_lag1h=62
heat_index_c_roll3h_mean=62
temp_c_roll3h_mean=61
heat_index_c_lag6h=58
solar_wm2_lag6h=55
solar_wm2=52
temp_c_roll6h_mean=50
temp_x_solar=48
heat_index_c_roll3h_std=47
temp_c_roll6h_std=46
heat_index_c_lag3h=45
temp_c_lag6h=45
temp_c_roll3h_std=41
hour_sin=34
temp_c_lag3h=33
local_hour_sin=27
hour_cos=19
temp_x_evening=14
local_hour_cos=7

parameters:
[boosting: gbdt]
[objective: quantile]
[metric: quantile]
[tree_learner: serial]
[device_type: cpu]
[data_sample_strategy: bagging]
[data: ]
[valid: ]
[num_iterations: 2000]
[learning_rate: 0.0202208]
[num_leaves: 31]
[num_threads: -1]
[seed: 7]
[deterministic: 0]
[force_col_wise: 0]
[force_row_wise: 0]
[histogram_pool_size: -1]
[max_depth: -1]
[min_data_in_leaf: 93]
[min_sum_hessian_in_leaf: 0.001]
[bagging_fraction: 0.834531]
[pos_bagging_fraction: 1]
[neg_bagging_fraction: 1]
[bagging_freq: 0]
[bagging_seed: 17422]
[bagging_by_query: 0]
[feature_fraction: 0.522696]
[feature_fraction_bynode: 1]
[feature_fraction_seed: 7040]
[extra_trees: 0]
[extra_seed: 6516]
[early_stopping_round: 0]
[early_stopping_min_delta: 0]
[first_metric_only: 0]
[max_delta_step: 0]
[lambda_l1: 4.3304]
[lambda_l2: 4.04412]
[linear_lambda: 0]
[min_gain_to_split: 0]
[drop_rate: 0.1]
[max_drop: 50]
[skip_drop: 0.5]
[xgboost_dart_mode: 0]
[uniform_drop: 0]
[drop_seed: 15215]
[top_rate: 0.2]
[other_rate: 0.1]
[min_data_per_group: 100]
[max_cat_threshold: 32]
[cat_l2: 10]
[cat_smooth: 10]
[max_cat_to_onehot: 4]
[top_k: 20]
[monotone_constraints: ]
[monotone_constraints_method: basic]
[monotone_penalty: 0]
[feature_contri: ]
[forcedsplits_filename: ]
[refit_decay_rate: 0.9]
[cegb_tradeoff: 1]
[cegb_penalty_split: 0]
[cegb_penalty_feature_lazy: ]
[cegb_penalty_feature_coupled: ]
[path_smooth: 0]
[interaction_constraints: ]
[verbosity: -1]
[saved_feature_importance_type: 0]
[use_quantized_grad: 0]
[num_grad_quant_bins: 4]
[quant_train_renew_leaf: 0]
[stochastic_rounding: 1]
[linear_tree: 0]
[max_bin: 255]
[max_bin_by_feature: ]
[min_data_in_bin: 3]
[bin_construct_sample_cnt: 200000]
[data_random_seed: 61]
[is_enable_sparse: 1]
[enable_bundle: 1]
[use_missing: 1]
[zero_as_missing: 0]
[feature_pre_filter: 1]
[pre_partition: 0]
[two_round: 0]
[header: 0]
[label_column: ]
[weight_column: ]
[group_column: ]
[ignore_column: ]
[categorical_feature: ]
[forcedbins_filename: ]
[precise_float_parser: 0]
[parser_config_file: ]
[objective_seed: 15521]
[num_class: 1]
[is_unbalance: 0]
[scale_pos_weight: 1]
[sigmoid: 1]
[boost_from_average: 1]
[reg_sqrt: 0]
[alpha: 0.05]
[fair_c: 1]
[poisson_max_delta_step: 0.7]
[tweedie_variance_power: 1.5]
[lambdarank_truncation_level: 30]
[lambdarank_norm: 1]
[label_gain: ]
[lambdarank_position_bias_regularization: 0]
[eval_at: ]
[multi_error_top_k: 1]
[auc_mu_weights: ]
[num_machines: 1]
[local_listen_port: 12400]
[time_out: 120]
[machine_list_filename: ]
[machines: ]
[gpu_platform_id: -1]
[gpu_device_id: -1]
[gpu_use_dp: 0]
[num_gpu: 1]

end of parameters

pandas_categorical:[]
