{
  "train_loss_history": [
    0.09830841950415187,
    0.040165251948590046,
    0.03619319621046163,
    0.034795623253520626,
    0.03401773591678947,
    0.03371127054241983,
    0.03341513558303657,
    0.03314054310672648,
    0.03292470476717675,
    0.03285132034056603
  ],
  "val_loss_history": [
    0.043840035324125254,
    0.03793351969694438,
    0.03445081116810237,
    0.03418650388181822,
    0.03416038311584151,
    0.03363582159532872,
    0.03286199623795405,
    0.03358110883081817,
    0.03295371800099742,
    0.03245653049407961
  ],
  "best_val_metric": 1.3565945019792547,
  "epochs_trained": 10,
  "timestamp": "2026-04-08T16:07:04.407517Z"
}