tree
version=v4
num_class=1
num_tree_per_iteration=1
label_index=0
max_feature_idx=63
objective=quantile
feature_names=wind_ms precip_mm solar_wm2 cloud_cover pressure_hpa hour_sin hour_cos local_hour_sin local_hour_cos doy_sin doy_cos month station_enc lat lon elevation_m heat_index_c_lag1h heat_index_c_lag3h heat_index_c_lag6h heat_index_c_lag12h heat_index_c_lag24h temp_c_lag1h temp_c_lag3h temp_c_lag6h temp_c_lag12h temp_c_lag24h rh_lag1h rh_lag3h rh_lag6h rh_lag12h rh_lag24h hi_change_3h temp_change_3h heat_index_c_roll3h_mean heat_index_c_roll3h_std heat_index_c_roll6h_mean heat_index_c_roll6h_std heat_index_c_roll24h_mean heat_index_c_roll24h_std temp_c_roll3h_mean temp_c_roll3h_std temp_c_roll6h_mean temp_c_roll6h_std temp_c_roll24h_mean temp_c_roll24h_std temp_x_rh temp_x_evening solar_wm2_lag1h solar_wm2_lag3h solar_wm2_lag6h solar_wm2_roll6h_mean temp_x_solar cloud_cover_lag1h cloud_cover_lag3h cloud_cover_lag6h pressure_hpa_lag1h pressure_hpa_lag3h pressure_hpa_lag6h wind_ms_lag1h wind_ms_lag3h precip_mm_lag1h precip_mm_lag3h _hi_clim hi_residual_lag1h
feature_infos=[0.059999999999999998:11.44] [0:317.81] [0:987.29999999999995] [0:1] [999:1017.8] [-1:1] [-1:1] [-1:1] [-1:1] [-0.99999073973619013:0.99999073973619013] [-0.99996295911626554:1] [1:12] none none none none [20.662882719025841:43.077364373627944] [20.662882719025841:43.077364373627944] [20.662882719025841:43.077364373627944] [20.662882719025841:43.077364373627944] [20.662882719025841:43.077364373627944] [20.68:33.359999999999999] [20.68:33.359999999999999] [20.68:33.359999999999999] [20.68:33.359999999999999] [20.68:33.359999999999999] [50:92.400000000000006] [50:92.400000000000006] [50:92.400000000000006] [50:92.400000000000006] [50:92.400000000000006] [-8.2146513491539537:4.9024249115572047] [-3.5199999999999996:2.9699999999999989] [20.872965517196679:43.015015467456415] [0.00028906781118827861:2.8321851446411563] [21.232673308672101:42.762263431377797] [0.010944663815342112:4.3970509900479673] [24.686476625976312:41.503667211743057] [0.22329393113193688:4.4080781092961594] [20.813333333333336:33.293333333333322] [0:1.3176620709930076] [21.043333333333333:33.036666666666669] [0.0040824828855429256:1.8397110280331301] [23.884166666666669:31.826250000000002] [0.07174330246949813:2.6526499943929451] [1501:2643.576] [0:33.359999999999999] [0:987.29999999999995] [0:987.29999999999995] [0:987.29999999999995] [0:880.01666666666688] [0:31773.440000000002] [0:1] [0:1] [0:1] [999:1017.8] [999:1017.8] [999:1017.8] [0.059999999999999998:11.44] [0.059999999999999998:11.44] [0:317.81] [0:317.81] [26.608956771951156:38.400424714994287] [-8.6829557551198597:5.9641462440779307]
tree_sizes=814 889 870 874 787 886 879 871 859 1074 887 782 862 858 883 887 889 880 976 879 1140 972 968 884 981 1064 1062 967 1062 1077 1325 1060 1077 1236 1134 1250 974 1067 1069 1156 1339 878 1073 1152 1341 1248 1166 1074 1169 1148 1354 1252 1144 1059 1150 1066 1150 1230 1425 1513 1420 885 987 1421 884 1248 1325 1239 1259 1428 1252 1435 1613 1234 1631 1535 1700 1339 1431 1431 1501 1706 1808 1531 1610 1607 1328 1351 1616 1425 1618 1604 1436 2169 1722 1609 1955 1712 1542 1907 1964 1882 2063 1978 2067 2066 2134 2230 2406 2224 2297 2210 2135 2492 2405 2507 2335 2677 2223 2489 2856 2603 2778 3123 3038 2953 2788 3061 2694 3028 3062 2648 3312 2674 2760 2849 3300 2596 2957 3219 3140 3026 3258 3489 3130 3129 3518 2867 3336 3301 3058 3222 3064 3221 3662 3299 3441 3033 3325 3232 3941 3495 3446 3696 3432 3768 3724 3496 3594 3432 3412 3768 3747 3587 3769 3887 3931 3891 3511 3601 3925 3562 3636 4002 4025 3746 3895 3677 3967 4021 4319 3962 4080 4014 3751 4183 4219 4187 4486 3852 4742 3993 4063 4418 4145 4456 4116 4522 4093 4334 4885 4491 4606 4124 5078 4700 4941 4461

Tree=0
num_leaves=8
num_cat=0
split_feature=25 39 25 47 43 59 50
split_gain=117.34 11.2453 3.11149 3.38702 5.31054 0.408704 0.0947913
threshold=31.735000000000003 31.85166666666667 30.685000000000006 512.95000000000016 30.491875000000007 4.3750000000000009 731.16666666666697
decision_type=2 2 2 2 2 2 2
left_child=1 2 6 -4 5 -5 -1
right_child=-2 -3 3 4 -6 -7 -8
leaf_value=32.127656155100517 32.182786068698384 32.168041327018067 32.144439312978562 32.168323096819179 32.166411075661948 32.155963048547861 32.141862489653889
leaf_weight=13570 912 306 1148 295 399 434 286
leaf_count=11058 192 74 392 87 103 126 198
internal_value=32.16 32.1594 32.1593 32.1603 32.1615 32.16 32.1591
internal_weight=17350 16438 16132 2276 1128 729 13856
internal_count=12230 12038 11964 708 316 213 11256
is_linear=0
shrinkage=1


Tree=1
num_leaves=8
num_cat=0
split_feature=21 21 24 30 33 52 30
split_gain=134.296 8.27555 3.08584 2.65758 13.5636 0.117466 0.0549792
threshold=31.875000000000004 31.325000000000003 30.145000000000003 69.65000000000002 37.920539108074792 0.0085000000000000023 70.550000000000011
decision_type=2 2 2 2 2 2 2
left_child=1 3 -3 4 -1 -5 -7
right_child=-2 2 -4 5 -6 6 -8
leaf_value=-0.023688339681925158 0.022814000224487423 -0.00011023151932557291 0.0044029910690210911 -0.0048351186279459654 0.014806171227360249 -0.0088997338521490839 -0.023166356699877318
leaf_weight=931 790 369 401 189 187 262 14221
leaf_count=755 150 97 101 133 59 190 10745
internal_value=-7.67507e-06 -0.000585472 0.00237757 -0.000737841 0.000594544 -0.00084756 -0.000857246
internal_weight=17350 16560 770 15790 1118 14672 14483
internal_count=12230 12080 198 11882 814 11068 10935
is_linear=0
shrinkage=0.0296731


Tree=2
num_leaves=8
num_cat=0
split_feature=21 25 21 47 62 50 50
split_gain=129.547 11.4951 2.74991 2.02788 0.687168 0.29909 0.025737
threshold=31.875000000000004 31.545000000000005 31.085000000000004 578.65000000000009 38.151809945126736 731.16666666666697 766.05833333333351
decision_type=2 2 2 2 2 2 2
left_child=1 2 4 -4 5 -1 -7
right_child=-2 -3 3 -5 -6 6 -8
leaf_value=-0.028624907308761716 0.0221370379305782 0.0060284738118033488 -0.0068011699907277951 0.0033868717706234358 0.0021492622153806693 0.02958026200518668 -0.023450129819558109
leaf_weight=14247 790 615 471 433 484 143 167
leaf_count=11295 150 155 147 113 160 103 107
internal_value=4.25677e-06 -0.00054964 -0.000709551 0.00081414 -0.000809156 -0.000847223 0
internal_weight=17350 16560 15945 904 15041 14557 310
internal_count=12230 12080 11925 260 11665 11505 210
is_linear=0
shrinkage=0.0296731


Tree=3
num_leaves=8
num_cat=0
split_feature=21 25 21 47 62 50 50
split_gain=111.463 10.2064 2.74991 2.02788 0.687168 0.29909 0.025737
threshold=31.875000000000004 31.545000000000005 31.085000000000004 578.65000000000009 38.151809945126736 731.16666666666697 766.05833333333351
decision_type=2 2 2 2 2 2 2
left_child=1 2 4 -4 5 -1 -7
right_child=-2 -3 3 -5 -6 6 -8
leaf_value=-0.02777551734102255 0.021480163211967711 0.0058495902569575126 -0.0065993581386682076 0.0032863727585932551 0.0020854869254174277 0.028702523694306096 -0.022754291583435053
leaf_weight=14247 790 615 471 433 484 143 167
leaf_count=11295 150 155 147 113 160 103 107
internal_value=-3.16155e-05 -0.000558598 -0.000709551 0.00081414 -0.000809156 -0.000847223 0
internal_weight=17350 16560 15945 904 15041 14557 310
internal_count=12230 12080 11925 260 11665 11505 210
is_linear=0
shrinkage=0.0296731


Tree=4
num_leaves=7
num_cat=0
split_feature=21 25 21 62 50 21
split_gain=107.832 10.2064 2.64605 1.06165 2.44526 0.125333
threshold=31.875000000000004 31.545000000000005 31.295000000000005 37.941524562836356 494.35833333333352 31.145000000000003
decision_type=2 2 2 2 2 2
left_child=1 2 3 5 -5 -1
right_child=-2 -3 -4 4 -6 -7
leaf_value=-0.026945852225169101 0.020842780007863413 0.0056760147331645005 0.0026657926511016966 -0.013623965885957877 0.015040493787424669 -0.010823871658672747
leaf_weight=13861 790 615 489 1111 299 185
leaf_count=11261 150 155 133 383 91 57
internal_value=-4.01656e-05 -0.000558598 -0.000709551 -0.000782538 0 -0.000860446
internal_weight=17350 16560 15945 15456 1410 14046
internal_count=12230 12080 11925 11792 474 11318
is_linear=0
shrinkage=0.0296731


Tree=5
num_leaves=8
num_cat=0
split_feature=21 21 23 30 17 52 30
split_gain=104.949 7.30785 3.02027 2.65758 14.8878 0.117466 0.0549792
threshold=31.875000000000004 31.325000000000003 30.735000000000003 69.65000000000002 37.916563925293012 0.0085000000000000023 70.550000000000011
decision_type=2 2 2 2 2 2 2
left_child=1 3 -3 4 -1 -5 -7
right_child=-2 2 -4 5 -6 6 -8
leaf_value=-0.021450953209059053 0.02022430994444932 0.0047233400442347907 -0.00029244120154859634 -0.0056137261086980578 0.014667263992247635 -0.0080693956289741801 -0.021109070560506142
leaf_weight=945 790 391 379 189 173 262 14221
leaf_count=757 150 99 99 133 57 190 10745
internal_value=-8.29164e-05 -0.00059443 0.00218549 -0.000737841 0.000594544 -0.00084756 -0.000857246
internal_weight=17350 16560 770 15790 1118 14672 14483
internal_count=12230 12080 198 11882 814 11068 10935
is_linear=0
shrinkage=0.0296731


Tree=6
num_leaves=8
num_cat=0
split_feature=21 21 58 62 30 49 2
split_gain=97.1333 8.85007 3.5482 2.71736 5.95387 0.482493 0.405697
threshold=31.875000000000004 31.295000000000005 4.5850000000000009 37.941524562836356 70.750000000000014 335.7000000000001 870.35000000000014
decision_type=2 2 2 2 2 2 2
left_child=1 3 -3 6 -5 -6 -1
right_child=-2 2 -4 4 5 -7 -8
leaf_value=-0.024335054486697358 0.019624191810057926 0.0043304568703655738 0.00022748612746824231 0.015562829717966228 -0.011213984021725062 9.0196140157835518e-06 -0.011341612914929543
leaf_weight=13937 790 431 447 293 966 292 194
leaf_count=11225 150 111 111 105 326 92 110
internal_value=-5.72659e-05 -0.00054964 0.00231375 -0.000717873 0.000409908 -0.000393839 -0.000850127
internal_weight=17350 16560 878 15682 1551 1258 14131
internal_count=12230 12080 222 11858 523 418 11335
is_linear=0
shrinkage=0.0296731


Tree=7
num_leaves=8
num_cat=0
split_feature=21 25 39 47 45 25 22
split_gain=85.0643 10.1049 2.77081 2.78013 2.93139 0.208488 0.159136
threshold=31.875000000000004 31.545000000000005 30.535 372.85000000000008 2263.5020000000004 30.195000000000004 30.615000000000006
decision_type=2 2 2 2 2 2 2
left_child=1 2 6 5 -5 -4 -1
right_child=-2 -3 3 4 -6 -7 -8
leaf_value=-0.028865328150028555 0.019041881045916077 0.0056725061439361953 -0.001509620081578135 -0.0073664646115511765 0.0040288229134240183 -0.017395350006122485 0.0048752914513528599
leaf_weight=13070 790 615 310 616 532 1266 151
leaf_count=11022 150 155 126 192 144 374 67
internal_value=-7.94963e-05 -0.000540682 -0.000690944 0.00013353 0.00127805 -0.000625436 -0.00086981
internal_weight=17350 16560 15945 2724 1148 1576 13221
internal_count=12230 12080 11925 836 336 500 11089
is_linear=0
shrinkage=0.0296731


Tree=8
num_leaves=8
num_cat=0
split_feature=25 39 47 43 20 20 22
split_gain=82.5 6.80753 6.0802 8.36312 4.64923 0.484616 0.15914
threshold=31.735000000000003 30.535 372.85000000000008 30.674166666666668 37.644151884327904 37.138463995738213 30.615000000000006
decision_type=2 2 2 2 2 2 2
left_child=1 6 5 4 -4 -3 -1
right_child=-2 2 3 -5 -6 -7 -8
leaf_value=-0.02813809889210523 0.017772932307315567 -0.0058931972648953107 0.0140677112711715 0.0055414194660746412 -0.0017653786227089792 -0.015560489530731629 0.0047306264012999056
leaf_weight=13081 912 305 388 353 781 1379 151
leaf_count=11025 192 125 132 81 205 403 67
internal_value=-7.94963e-05 -0.000568772 0.000636384 0.00201134 0.00068189 -0.000536818 -0.000869827
internal_weight=17350 16438 3206 1522 1169 1684 13232
internal_count=12230 12038 946 418 337 528 11092
is_linear=0
shrinkage=0.0296731


Tree=9
num_leaves=10
num_cat=0
split_feature=21 21 23 30 17 52 50 46 46
split_gain=85.5312 7.96574 4.25573 2.04308 13.6128 0.376603 0.299529 0.00624397 0.158015
threshold=31.875000000000004 31.295000000000005 30.705000000000002 69.15000000000002 37.864333329853665 0.0085000000000000023 731.16666666666697 30.185000000000006 30.445000000000004
decision_type=2 2 2 2 2 2 2 2 2
left_child=1 3 -3 4 -1 -5 7 -7 -9
right_child=-2 2 -4 5 -6 6 -8 8 -10
leaf_value=-0.020827296923568335 0.017952386771082868 0.0040301653059979826 -0.0005592448242047179 -0.00043429967204967857 0.025970531158134535 -0.020088274170507327 -0.0030447852689612065 -0.012216393859460373 -0.019284699537568901
leaf_weight=837 790 432 446 202 130 13356 302 243 612
leaf_count=681 150 108 114 138 46 10464 186 127 216
internal_value=-0.000105147 -0.000567556 0.00214523 -0.000727333 0.000519719 -0.000817442 -0.000836872 -0.000856616 -0.00036819
internal_weight=17350 16560 878 15682 967 14715 14513 14211 855
internal_count=12230 12080 222 11858 727 11131 10993 10807 343
is_linear=0
shrinkage=0.0296731


Tree=10
num_leaves=8
num_cat=0
split_feature=21 25 21 0 22 51 21
split_gain=82.049 7.72877 2.91269 1.78353 0.72626 1.74587 0.188784
threshold=31.875000000000004 31.545000000000005 31.055000000000003 4.5850000000000009 30.505000000000006 7545.8720000000012 30.855000000000004
decision_type=2 2 2 2 2 2 2
left_child=1 2 4 -4 6 -6 -1
right_child=-2 -3 3 -5 5 -7 -8
leaf_value=-0.026585172089082561 0.017419683658515348 0.0043087205886250561 0.0036713717618034893 -0.0047713764365782761 -0.020651946925747552 0.0031751314214037672 3.9718524970409877e-05
leaf_weight=12974 790 615 445 543 1317 548 118
leaf_count=10974 150 155 145 139 457 176 34
internal_value=-9.65966e-05 -0.00054964 -0.000681641 0.000819392 -0.000788865 -0.000157927 -0.000869609
internal_weight=17350 16560 15945 988 14957 1865 13092
internal_count=12230 12080 11925 284 11641 633 11008
is_linear=0
shrinkage=0.0296731


Tree=11
num_leaves=7
num_cat=0
split_feature=21 25 39 20 2 22
split_gain=82.049 7.72877 3.05626 3.16949 1.56076 0.159136
threshold=31.875000000000004 31.545000000000005 30.535 36.924876064418562 512.95000000000016 30.615000000000006
decision_type=2 2 2 2 2 2
left_child=1 2 5 -4 -5 -1
right_child=-2 -3 3 4 -6 -7
leaf_value=-0.025788913085372699 0.016902787502970213 0.0041808674570046299 0.0077723258536014353 -0.014854912753341809 0.00078627945134970552 0.0048585363702196962
leaf_weight=13070 790 615 475 1522 727 151
leaf_count=11022 150 155 179 462 195 67
internal_value=-9.65966e-05 -0.00054964 -0.000681641 0.000187948 -0.000230103 -0.00086981
internal_weight=17350 16560 15945 2724 2249 13221
internal_count=12230 12080 11925 836 657 11089
is_linear=0
shrinkage=0.0296731


Tree=12
num_leaves=8
num_cat=0
split_feature=21 25 39 51 26 21 22
split_gain=81.7265 7.81797 2.50056 2.06496 2.11629 0.400151 0.159136
threshold=31.875000000000004 31.545000000000005 30.535 7545.8720000000012 73.250000000000014 31.295000000000005 30.615000000000006
decision_type=2 2 2 2 2 2 2
left_child=1 2 6 -4 5 -5 -1
right_child=-2 -3 3 4 -6 -7 -8
leaf_value=-0.025023675880677613 0.016401229262903636 0.0040568081251744822 -0.016129670744105668 -0.0092713317907402205 0.0011259601131852505 0.00034921838371829882 0.0047143684954997628
leaf_weight=13070 790 615 1356 467 590 311 151
leaf_count=11022 150 155 420 159 170 87 67
internal_value=-0.000115407 -0.000567556 -0.000700248 7.91116e-05 0.000929967 0 -0.00086981
internal_weight=17350 16560 15945 2724 1368 778 13221
internal_count=12230 12080 11925 836 416 246 11089
is_linear=0
shrinkage=0.0296731


Tree=13
num_leaves=8
num_cat=0
split_feature=16 21 43 17 63 51 5
split_gain=73.4413 8.94213 4.33605 2.11127 7.1312 0.441871 0.23736
threshold=40.97403236203084 31.295000000000005 30.806875000000005 37.916563925293012 0.48057917791937405 7545.8720000000012 0.78656609248549325
decision_type=2 2 2 2 2 2 2
left_child=1 3 -3 -1 -5 -6 -7
right_child=-2 2 -4 4 5 6 -8
leaf_value=-0.022964704811770438 0.014993174412603224 0.010036673100300569 -0.00028424148830073016 0.01050273624931561 -0.023841634020148973 7.3900624929132321e-05 -0.0011727058475268564
leaf_weight=12766 568 685 465 390 1795 330 351
leaf_count=10866 92 169 121 150 627 98 107
internal_value=-0.000163288 -0.000525858 0.00196951 -0.000717322 0 -0.000577907 0
internal_weight=17350 16782 1150 15632 2866 2476 681
internal_count=12230 12138 290 11848 982 832 205
is_linear=0
shrinkage=0.0296731


Tree=14
num_leaves=8
num_cat=0
split_feature=21 21 41 17 63 21 3
split_gain=56.2505 10.5092 2.83888 2.02588 7.70901 0.374602 0.106876
threshold=32.055000000000007 31.295000000000005 31.248333333333338 38.06979963710473 0.63891252823810885 31.055000000000003 0.0085000000000000023
decision_type=2 2 2 2 2 2 2
left_child=1 3 -3 6 -5 -6 -1
right_child=-2 2 -4 4 5 -7 -8
leaf_value=-0.0045986140469359499 0.015547970913885024 -0.0022608096042687985 -0.00031036485021279149 0.010966121590247799 -0.012025522538198573 -0.00022538199868842452 -0.021826666579416669
leaf_weight=209 584 565 519 368 1879 388 12838
leaf_count=173 108 129 135 144 623 104 10814
internal_value=-0.000194068 -0.000516663 0.00227981 -0.000717873 0 -0.000614523 -0.000869538
internal_weight=17350 16766 1084 15682 2635 2267 13047
internal_count=12230 12122 264 11858 871 727 10987
is_linear=0
shrinkage=0.0296731


Tree=15
num_leaves=8
num_cat=0
split_feature=25 21 31 33 63 47 47
split_gain=61.7239 10.9778 3.94081 1.43326 3.21595 0.667856 0.259535
threshold=32.055000000000007 31.325000000000003 -0.021252265982610648 37.881364471915795 0.35321542564911118 245.85000000000005 482.25000000000006
decision_type=2 2 2 2 2 2 2
left_child=1 3 -3 -1 -5 -6 -7
right_child=-2 2 -4 4 5 6 -8
leaf_value=-0.023351015240817362 0.014012972271371655 -0.00091397145270610684 0.00942485035100178 0.010781637982693087 -0.01540849585462742 0.00012784375976730608 -0.00038240725591612491
leaf_weight=12584 604 416 607 364 1892 285 598
leaf_count=10840 108 104 155 124 636 89 174
internal_value=-0.000194068 -0.000537477 0.00241051 -0.000737192 -0.000124295 -0.000504688 5.02309e-05
internal_weight=17350 16746 1023 15723 3139 2775 883
internal_count=12230 12122 259 11863 1023 899 263
is_linear=0
shrinkage=0.0296731


Tree=16
num_leaves=8
num_cat=0
split_feature=25 21 31 33 63 47 44
split_gain=61.8397 11.0452 3.94081 1.23308 3.07156 0.650986 0.414081
threshold=32.055000000000007 31.325000000000003 -0.021252265982610648 37.881364471915795 0.24630168592547011 245.85000000000005 0.49905880575043282
decision_type=2 2 2 2 2 2 2
left_child=1 3 -3 -1 -5 -6 -7
right_child=-2 2 -4 4 5 6 -8
leaf_value=-0.022658118042299853 0.013597163830941547 -0.0008868510790275868 0.0091451857481006909 0.013639683431037051 -0.015289426729480991 -0.0094087159126865928 0.00016584493491322784
leaf_weight=12584 604 416 607 306 1923 379 531
leaf_count=10840 108 104 155 98 651 135 139
internal_value=-0.000202618 -0.000546336 0.00241051 -0.000746627 -0.000171524 -0.000512574 2.24015e-05
internal_weight=17350 16746 1023 15723 3139 2833 910
internal_count=12230 12122 259 11863 1023 925 274
is_linear=0
shrinkage=0.0296731


Tree=17
num_leaves=8
num_cat=0
split_feature=25 21 31 22 20 23 21
split_gain=61.8397 10.0072 4.00489 1.53591 3.13129 0.44809 0.407377
threshold=32.055000000000007 31.325000000000003 0.17811182584212307 30.565000000000001 36.924876064418562 30.705000000000002 30.895000000000003
decision_type=2 2 2 2 2 2 2
left_child=1 3 -3 6 -5 -6 -1
right_child=-2 2 -4 4 5 -7 -8
leaf_value=-0.021458045278830114 0.013193693719295969 -0.00046250221178308342 0.0096298538114712832 0.0092819473048818303 -0.0022413937170802779 -0.010160836221616317 -0.00040393346982794292
leaf_weight=13212 604 501 522 386 515 1411 199
leaf_count=11072 108 129 130 166 167 403 55
internal_value=-0.000202618 -0.000546336 0.00226582 -0.000737192 0 -0.000519614 -0.000859038
internal_weight=17350 16746 1023 15723 2312 1926 13411
internal_count=12230 12122 259 11863 736 570 11127
is_linear=0
shrinkage=0.0296731


Tree=18
num_leaves=9
num_cat=0
split_feature=25 21 29 62 52 50 63 25
split_gain=62.7738 5.52201 1.67032 1.17428 0.352177 0.264906 0.0837042 0.0286961
threshold=31.735000000000003 31.295000000000005 79.350000000000009 38.151809945126736 0.0085000000000000023 731.16666666666697 4.3449081473846318 30.385000000000002
decision_type=2 2 2 2 2 2 2 2
left_child=1 3 -3 4 -1 6 -6 -7
right_child=-2 2 -4 -5 5 7 -8 -9
leaf_value=-0.0035643040260981127 0.011486410259545608 0.0064248021403076087 -0.00021509463999355561 0.00037860613665928689 -0.018129313656602385 -0.015014317710012302 -0.011831971655658321 0.023204520488763453
leaf_weight=230 912 469 404 599 14165 190 230 151
leaf_count=178 192 133 88 191 11117 158 114 59
internal_value=-0.000202618 -0.000630138 0.00162022 -0.000764231 -0.000818662 -0.000837679 -0.000857045 0
internal_weight=17350 16438 873 15565 14966 14736 14395 341
internal_count=12230 12038 221 11817 11626 11448 11231 217
is_linear=0
shrinkage=0.0296731


Tree=19
num_leaves=8
num_cat=0
split_feature=21 21 23 33 30 47 28
split_gain=53.1453 8.67412 4.50377 2.80026 7.86675 1.32505 1.55603
threshold=32.055000000000007 31.325000000000003 30.655000000000005 37.881364471915795 71.550000000000011 245.85000000000005 78.350000000000009
decision_type=2 2 2 2 2 2 2
left_child=1 3 -3 -1 -5 -6 -7
right_child=-2 2 -4 4 5 6 -8
leaf_value=-0.021339046333382312 0.013675862814712642 0.0022656892473302335 0.00030113236871901649 0.010455916354053948 -0.013035734689524091 -0.00033349794155029924 -0.0082306935038359789
leaf_weight=12614 584 441 535 346 2040 314 476
leaf_count=10850 108 105 135 110 692 94 136
internal_value=-0.000194068 -0.000507815 0.0021748 -0.000681473 7.19691e-05 -0.00040741 0.000535076
internal_weight=17350 16766 976 15790 3176 2830 790
internal_count=12230 12122 240 11882 1032 922 230
is_linear=0
shrinkage=0.0296731


Tree=20
num_leaves=11
num_cat=0
split_feature=16 25 35 37 22 57 62 39 62 3
split_gain=58.2304 6.88095 3.27077 5.10729 2.3867 2.49242 6.80686 0.172433 0.0912801 0.0123661
threshold=40.97403236203084 31.255000000000006 38.273011574539645 38.819107931541105 30.615000000000006 1006.85 37.813713516306244 30.483333333333331 36.821427772335902 0.098500000000000018
decision_type=2 2 2 2 2 2 2 2 2 2
left_child=1 4 -3 -4 7 9 8 -1 -7 -6
right_child=-2 2 3 -5 5 6 -8 -9 -10 -11
leaf_value=-0.021447549781995007 0.012129504407666698 -0.001015515772627377 0.0081377382137899391 -0.00055964635418895585 -0.011972946883251021 -0.016110225846866742 0.0066494955479631688 -0.0037662171594364567 -0.0019678363513120473 -0.0054765927370928735
leaf_weight=12884 568 424 400 381 265 380 325 460 282 981
leaf_count=10956 92 112 96 105 65 152 113 168 82 289
internal_value=-0.000211169 -0.000534698 0.00159348 0.00274834 -0.000707189 0.000146001 0.00130098 -0.000858881 -0.000261215 -0.000674295
internal_weight=17350 16782 1205 781 15577 2233 987 13344 662 1246
internal_count=12230 12138 313 201 11825 701 347 11124 234 354
is_linear=0
shrinkage=0.0296731


Tree=21
num_leaves=9
num_cat=0
split_feature=16 17 5 20 43 31 37 39
split_gain=57.7129 5.2353 7.04648 10.6885 2.45676 0.357187 0.13659 0.0166237
threshold=40.97403236203084 37.503680302239992 0.37940952255126054 37.709943937331168 30.699791666666673 0.5011381512594647 38.116533345719141 31.133333333333336
decision_type=2 2 2 2 2 2 2 2
left_child=1 7 5 -4 6 -3 -5 -1
right_child=-2 2 3 4 -6 -7 -8 -9
leaf_value=-0.020712859424336063 0.011769584312681177 -0.015243962066673869 -0.0086550516552123466 -0.0064004814933936779 0.0084834603251492998 -0.0033347832512770413 -0.00035128771551607796 -0.029245386411500863
leaf_weight=11919 568 2263 422 632 659 463 311 113
leaf_count=10507 92 851 154 184 167 139 107 29
internal_value=-0.000221429 -0.000543537 0.000271537 0.0016147 0.000424065 -0.000682651 -0.000448166 -0.000875193
internal_weight=17350 16782 4750 2024 1602 2726 943 12032
internal_count=12230 12138 1602 612 458 990 291 10536
is_linear=0
shrinkage=0.0296731


Tree=22
num_leaves=9
num_cat=0
split_feature=16 33 30 27 24 62 32 39
split_gain=57.496 5.90822 10.0201 4.69273 1.20597 2.26719 0.518361 0.0620563
threshold=40.97403236203084 37.603747543459569 71.65000000000002 73.350000000000009 30.015000000000004 37.743338770550814 0.58500000000000096 31.133333333333336
decision_type=2 2 2 2 2 2 2 2
left_child=1 7 3 -3 5 -4 -6 -1
right_child=-2 2 4 -5 6 -7 -8 -9
leaf_value=-0.021814607374403834 0.011420344165566637 0.0071539118734889311 -0.0054774037626516758 0.0088339107709514073 -0.012556340509302238 0.0035069573071369294 0.00071003187450065957 -0.022354809230792878
leaf_weight=12014 568 607 607 390 2383 356 297 128
leaf_count=10610 92 163 223 114 811 112 69 36
internal_value=-0.000204328 -0.000525858 0.00035659 0.00300113 -0.000336004 0.000494824 -0.000679092 -0.000872886
internal_weight=17350 16782 4640 997 3643 963 2680 12142
internal_count=12230 12138 1492 277 1215 335 880 10646
is_linear=0
shrinkage=0.0296731


Tree=23
num_leaves=8
num_cat=0
split_feature=21 21 17 30 47 23 33
split_gain=53.7602 5.10258 2.89152 7.2266 1.35848 1.09951 0.176991
threshold=32.055000000000007 31.545000000000005 37.916563925293012 71.550000000000011 245.85000000000005 30.385000000000002 38.096148458614948
decision_type=2 2 2 2 2 2 2
left_child=1 2 6 -4 -5 -6 -1
right_child=-2 -3 3 4 5 -7 -8
leaf_value=-0.017977608061991581 0.012181967858154424 0.0072682865556980151 0.0075745032690722582 -0.013142046843064928 -0.0008142711483759839 0.00031164421912290773 0.00075757428597275525
leaf_weight=12718 584 635 422 2081 417 362 131
leaf_count=10854 108 147 134 729 117 106 35
internal_value=-0.000243659 -0.000559133 -0.000667492 8.60893e-05 -0.00041247 0.00055514 -0.00086922
internal_weight=17350 16766 16131 3282 2860 779 12849
internal_count=12230 12122 11975 1086 952 223 10889
is_linear=0
shrinkage=0.0296731


Tree=24
num_leaves=9
num_cat=0
split_feature=21 62 30 38 63 32 20 25
split_gain=44.2628 3.58585 4.27021 1.41038 2.37603 0.325794 0.213751 0.184848
threshold=31.875000000000004 37.106163575663636 68.950000000000017 0.86212140542790172 1.5677598297856046 -0.28500000000000009 36.924876064418562 31.205000000000002
decision_type=2 2 2 2 2 2 2 2
left_child=1 7 -3 6 5 -5 -4 -1
right_child=-2 2 3 4 -6 -7 -8 -9
leaf_value=-0.022086329602903548 0.011812641223940733 0.0023931314757394801 -0.0047125283573749999 0.00074504237775393177 -0.00028251097718872526 -0.0076068606371022746 -0.0061108342938767171 0.00083606521332655172
leaf_weight=12144 790 577 443 257 416 627 1974 122
leaf_count=10632 150 173 155 93 92 235 666 34
internal_value=-0.00027444 -0.000608763 0.000104764 -0.000235338 0.000500981 -0.000251364 -0.000680673 -0.000868223
internal_weight=17350 16560 4294 3717 1300 884 2417 12266
internal_count=12230 12080 1414 1241 420 328 821 10666
is_linear=0
shrinkage=0.0296731


Tree=25
num_leaves=10
num_cat=0
split_feature=21 33 5 20 29 20 2 0 39
split_gain=43.4986 4.79414 5.28481 8.24895 3.05221 0.448512 0.178652 0.0303054 0.0184182
threshold=32.055000000000007 37.603747543459569 0.12940952255126045 37.709943937331168 77.550000000000011 39.861666076137055 879.95000000000016 3.5250000000000004 31.091666666666665
decision_type=2 2 2 2 2 2 2 2 2
left_child=1 6 7 -4 -5 -6 8 -3 -1
right_child=-2 2 3 4 5 -7 -8 -9 -10
leaf_value=-0.020802713856527016 0.011469973230038465 -0.017564706946562359 0.0087968252674179015 0.0020499294843038152 -0.0045475349781619401 0.0004308439649046599 0.00063983736788283713 -0.01391458949251001 -0.035882655974770014
leaf_weight=11883 584 268 543 363 1117 394 127 1960 111
leaf_count=10523 108 84 187 99 337 94 83 680 35
internal_value=-0.000265889 -0.000550285 0.00024032 0.00122008 0.000217739 -0.000300354 -0.000863065 -0.000769351 -0.000875146
internal_weight=17350 16766 4645 2417 1874 1511 12121 2228 11994
internal_count=12230 12122 1481 717 530 431 10641 764 10558
is_linear=0
shrinkage=0.0296731


Tree=26
num_leaves=10
num_cat=0
split_feature=21 33 51 63 29 41 4 51 27
split_gain=41.0346 4.14668 4.5428 5.01116 3.73909 0.514993 0.858477 0.272344 0.0325672
threshold=32.055000000000007 37.548631066462214 1950.6745000000003 0.27869556646870214 77.65000000000002 30.812500000000004 1005.4500000000002 25832.795500000004 73.450000000000017
decision_type=2 2 2 2 2 2 2 2 2
left_child=1 7 8 -4 -5 -6 -7 -1 -3
right_child=-2 2 3 4 5 6 -8 -9 -10
leaf_value=-0.02015552691457807 0.011129623474954818 -0.0050959782979151701 0.014485679517688527 0.0017879402502019286 -0.0044866814884101068 -0.0049084302889883342 0.00023539191689009659 -0.0018426315622157826 -0.014684984809675766
leaf_weight=11881 584 266 382 416 788 393 486 153 2001
leaf_count=10493 108 78 118 128 264 105 118 101 717
internal_value=-0.00028983 -0.000566211 0.00015687 0.00105876 0.000419739 -0.000142175 0.000256495 -0.000860404 -0.000771427
internal_weight=17350 16766 4732 2465 2083 1667 879 12034 2267
internal_count=12230 12122 1528 733 615 487 223 10594 795
is_linear=0
shrinkage=0.0296731


Tree=27
num_leaves=9
num_cat=0
split_feature=21 33 47 63 63 51 59 51
split_gain=42.1862 2.90564 3.51492 3.2093 1.77518 0.269057 0.224103 0.0732704
threshold=31.875000000000004 37.603747543459569 175.20000000000002 0.63891252823810885 2.0374447388174457 25832.795500000004 4.1350000000000007 177.06200000000004
decision_type=2 2 2 2 2 2 2 2
left_child=1 5 7 -4 6 -1 -5 -3
right_child=-2 2 3 4 -6 -7 -8 -9
leaf_value=-0.01942389288574509 0.010791523169338554 -0.015212879284105399 0.0077572691215007494 -2.7214649701856277e-05 -0.00043614801183442989 -0.0018684609360633177 -0.0050779283459378094 -0.0072368687914206673
leaf_weight=11957 790 1961 384 285 611 158 695 509
leaf_count=10537 150 681 124 85 163 102 207 181
internal_value=-0.00029838 -0.000624887 0 0.000956474 0.000284158 -0.000863052 -0.000404404 -0.00072117
internal_weight=17350 16560 4445 1975 1591 12115 980 2470
internal_count=12230 12080 1441 579 455 10639 292 862
is_linear=0
shrinkage=0.0296731


Tree=28
num_leaves=10
num_cat=0
split_feature=21 39 2 23 20 3 59 43 59
split_gain=41.3145 3.81662 2.21789 2.30724 4.40515 4.26591 0.548272 0.186616 0.0724766
threshold=32.055000000000007 30.288333333333334 84.15000000000002 29.995000000000001 37.644151884327904 0.25050000000000006 3.2850000000000006 30.806875000000005 3.4650000000000003
decision_type=2 2 2 2 2 2 2 2 2
left_child=1 7 6 8 -5 -6 -3 -1 -4
right_child=-2 2 3 4 5 -7 -8 -9 -10
leaf_value=-0.019444195027042688 0.010479154921811049 -0.0039912437418126185 -0.0014115762644524748 0.009068591382976136 0.0026097356235600154 -0.0056179251136774166 -0.013927440139644531 5.8564296861510238e-05 -0.0016206736082555212
leaf_weight=12074 584 250 253 367 547 866 1720 120 569
leaf_count=10582 108 106 97 131 111 274 564 68 189
internal_value=-0.00031548 -0.000592755 0.000115652 0.000705584 0.00132498 0.000473773 -0.000603102 -0.000868094 -0.000491269
internal_weight=17350 16766 4572 2602 1780 1413 1970 12194 822
internal_count=12230 12122 1472 802 516 385 670 10650 286
is_linear=0
shrinkage=0.0296731


Tree=29
num_leaves=10
num_cat=0
split_feature=25 25 9 51 10 44 47 48 27
split_gain=40.9461 3.65069 1.35093 1.52187 2.92147 0.74432 0.331557 0.188152 0.118884
threshold=32.055000000000007 31.545000000000005 0.74409704927257569 8389.0330000000013 -0.39754281428255622 0.96328985460320771 804.25000000000011 870.35000000000014 83.350000000000009
decision_type=2 2 2 2 2 2 2 2 2
left_child=1 2 7 5 -5 8 -6 -1 -4
right_child=-2 -3 3 4 6 -7 -8 -9 -10
leaf_value=-0.018399763673571958 0.0089937535906487523 0.005147409220030227 -0.011852734426876231 -0.0058286234048459205 -0.0040340188451473248 -0.00011149149463891337 -0.00027548393604100537 0.0011923785038824854 -0.021984079462483843
leaf_weight=11505 604 587 2562 560 767 179 293 118 175
leaf_count=9745 108 147 1238 148 391 99 109 86 159
internal_value=-0.00032403 -0.000604802 -0.000693583 -0.000222749 0.000464353 -0.000645324 -0.000357194 -0.000867008 -0.000791804
internal_weight=17350 16746 16159 4536 1620 2916 1060 11623 2737
internal_count=12230 12122 11975 2144 648 1496 500 9831 1397
is_linear=0
shrinkage=0.0296731


Tree=30
num_leaves=13
num_cat=0
split_feature=21 21 2 59 54 3 22 25 24 22 34 49
split_gain=40.9415 4.47448 2.23212 1.1238 1.55844 5.94292 0.61766 0.528854 0.21166 0.146185 0.127379 0.0231434
threshold=32.055000000000007 30.365000000000006 846.95000000000016 4.3350000000000009 0.88050000000000017 0.79050000000000009 30.325000000000003 31.115000000000006 29.775000000000002 30.615000000000006 0.1149482328057183 367.9500000000001
decision_type=2 2 2 2 2 2 2 2 2 2 2 2
left_child=1 7 3 4 5 11 -5 9 -8 -1 -6 -3
right_child=-2 2 -4 6 10 -7 8 -9 -10 -11 -12 -13
leaf_value=-0.021118711499078572 0.0098879885693773512 -0.0017287527529814346 0.002755221643989491 0.00067488263958896872 -0.0002148490490367506 0.014104231167984637 -0.0017752594491989883 0.00041120925804924847 -0.0037173691165809037 0.0023921061593579138 -0.007975042110284488 -0.0047155230319418035
leaf_weight=12175 584 215 552 322 251 325 328 115 1583 165 445 290
leaf_count=10655 108 83 132 114 79 129 116 51 439 81 129 114
internal_value=-0.00028128 -0.000557363 0.000245308 0 0.000605904 0.00150037 -0.000437766 -0.000844737 -0.00067179 -0.000868355 -0.000291836 -0.00030052
internal_weight=17350 16766 4311 3759 1526 830 2233 12455 1911 12340 696 505
internal_count=12230 12122 1335 1203 534 326 669 10787 555 10736 208 197
is_linear=0
shrinkage=0.0296731


Tree=31
num_leaves=10
num_cat=0
split_feature=21 33 8 20 43 27 2 18 21
split_gain=41.847 2.61531 2.70745 2.19259 1.66996 0.280746 0.178598 0.0880949 0.012106
threshold=31.875000000000004 37.548631066462214 -0.12940952255126037 37.324693251298491 30.674166666666668 71.350000000000009 879.95000000000016 38.426664003464204 31.025000000000002
decision_type=2 2 2 2 2 2 2 2 2
left_child=1 6 3 -3 7 -4 8 -5 -1
right_child=-2 2 5 4 -6 -7 -8 -9 -10
leaf_value=-0.017705150788446544 0.0095851511792592031 0.0098827505282480521 -0.0048825477746377091 -0.0044901044361217351 0.00067984145850891111 -0.013931587164635663 0.00069927538330559784 -0.00045173496322250059 -0.015948389226590892
leaf_weight=11783 790 325 271 786 721 2109 127 320 118
leaf_count=10467 150 121 79 242 193 757 83 96 42
internal_value=-0.00030864 -0.000633845 0 0.00073589 0.000262423 -0.000714785 -0.000862856 -0.000379314 -0.000875028
internal_weight=17350 16560 4532 2152 1827 2380 12028 1106 11901
internal_count=12230 12080 1488 652 531 836 10592 338 10509
is_linear=0
shrinkage=0.0296731


Tree=32
num_leaves=10
num_cat=0
split_feature=21 21 18 25 30 3 2 54 25
split_gain=34.8395 3.76234 2.68382 1.28733 0.985337 0.673255 0.518794 0.227874 0.00837795
threshold=32.055000000000007 31.295000000000005 37.916563925293012 30.435000000000006 68.750000000000014 0.03450000000000001 864.25000000000011 0.22050000000000003 30.525000000000002
decision_type=2 2 2 2 2 2 2 2 2
left_child=1 3 -3 6 -5 -6 -1 -7 -9
right_child=-2 2 -4 4 5 7 -8 8 -10
leaf_value=-0.01867170151955308 0.0093101599893766658 0.0072858951981268922 -0.00026162129970618139 -0.0002354255832519531 0.00037450008575709798 -0.0019039222685462067 0.00067852570929410785 -0.011228605343220611 -0.0052484032390951521
leaf_weight=12798 584 408 676 347 260 491 118 277 1391
leaf_count=10766 108 100 164 163 60 131 98 121 519
internal_value=-0.000339421 -0.000594525 0.00105071 -0.000715981 -8.54126e-05 -0.000337719 -0.000841765 -0.000545834 -0.000711074
internal_weight=17350 16766 1084 15682 2766 2419 12916 2159 1668
internal_count=12230 12122 264 11858 994 831 10864 771 640
is_linear=0
shrinkage=0.0296731


Tree=33
num_leaves=12
num_cat=0
split_feature=25 39 20 33 2 2 63 25 2 59 20
split_gain=31.7434 4.61151 3.24432 8.95841 2.5655 0.719711 0.919186 0.508352 0.184746 0.120755 0.0782599
threshold=32.145000000000003 30.288333333333334 37.197287493828178 37.827721704049559 846.95000000000016 275.60000000000008 2.0374447388174457 31.025000000000002 857.25000000000011 3.8350000000000004 36.551522670713958
decision_type=2 2 2 2 2 2 2 2 2 2 2
left_child=1 7 3 10 5 -4 9 8 -1 -7 -3
right_child=-2 2 4 -5 -6 6 -8 -9 -10 -11 -12
leaf_value=-0.018924947844970671 0.0080268564961900931 -0.030722324785009903 -0.011531417519685923 0.012883799293966222 0.0011311255362776527 -0.0016141931447887236 0.00060434705549606324 0.0004193975904495089 0.00047286188047101162 -0.0037571832331401776 -0.0033177339716408054
leaf_weight=11915 529 381 1901 362 472 287 445 123 122 623 190
leaf_count=10467 89 217 593 126 104 87 109 59 114 183 82
internal_value=-0.00030522 -0.000537286 0.000236441 0.00180814 -0.000125908 -0.000452316 0 -0.000843634 -0.000867805 -0.000464701 -0.000316644
internal_weight=17350 16821 4661 933 3728 3256 1355 12160 12037 910 571
internal_count=12230 12141 1501 425 1076 972 379 10640 10581 270 299
is_linear=0
shrinkage=0.0296731


Tree=34
num_leaves=11
num_cat=0
split_feature=21 2 63 33 57 2 51 21 0 38
split_gain=32.74 2.92622 3.91629 1.35956 3.17346 0.621185 1.94907 0.0682988 0.0421923 0.0309139
threshold=32.055000000000007 846.95000000000016 2.1348356818308045 37.603747543459569 1008.35 275.60000000000008 14805.560000000001 31.025000000000002 3.4050000000000007 0.7818060401510315
decision_type=2 2 2 2 2 2 2 2 2 2
left_child=1 3 9 7 5 8 -7 -1 -5 -3
right_child=-2 2 -4 4 -6 6 -8 -9 -10 -11
leaf_value=-0.016352034300966899 0.0087717925495226952 0.00025831944367496907 0.0020204387938227097 -0.0085035773958678351 0.011665992123966235 0.00054912647310849871 -0.00047865118235907621 -0.013291498730302912 -0.010408511934157807 -0.0024215170907682256
leaf_weight=11774 584 155 259 259 498 314 778 121 2328 280
leaf_count=10434 108 63 63 79 170 94 226 45 804 144
internal_value=-0.000373621 -0.000621068 0.00120026 -0.000707286 -0.000208016 -0.00053487 0 -0.000872526 -0.000786104 -0.00027399
internal_weight=17350 16766 694 16072 4177 3679 1092 11895 2587 435
internal_count=12230 12122 270 11852 1373 1203 320 10479 883 207
is_linear=0
shrinkage=0.0296731


Tree=35
num_leaves=12
num_cat=0
split_feature=21 21 20 33 31 47 27 25 22 29 63
split_gain=32.5734 3.23191 1.9752 5.6592 2.06987 0.613044 0.203378 0.179877 0.176666 0.157269 0.108465
threshold=32.055000000000007 30.305000000000003 37.043665775317088 37.881364471915795 1.2384166790269548 864.25000000000011 80.450000000000017 31.025000000000002 30.615000000000006 80.350000000000009 0.18711254199505592
decision_type=2 2 2 2 2 2 2 2 2 2 2
left_child=1 7 3 9 5 6 10 8 -1 -3 -4
right_child=-2 2 4 -5 -6 -7 -8 -9 -10 -11 -12
leaf_value=-0.01948947799385705 0.0085115062013333773 -0.010477933603402979 -0.00072642901143377125 0.010517511996470609 0.0022565091166019432 0.0001731011963849038 -0.0016803795827960476 6.0786515523856057e-05 0.0018534518137306674 0.00069688652259695342 -0.0041929728626411275
leaf_weight=11947 584 398 359 269 471 342 318 123 131 154 2254
leaf_count=10547 108 174 127 89 111 82 98 59 63 114 658
internal_value=-0.000356521 -0.000603372 4.57299e-05 0.00138235 -0.000216297 -0.000508945 -0.000666808 -0.000855949 -0.000867881 -0.000136418 -0.000753102
internal_weight=17350 16766 4565 821 3744 3273 2931 12201 12078 552 2613
internal_count=12230 12122 1453 377 1076 965 883 10669 10610 288 785
is_linear=0
shrinkage=0.0296731


Tree=36
num_leaves=9
num_cat=0
split_feature=21 2 33 37 2 39 30 21
split_gain=27.8124 1.97739 0.777924 1.62601 0.474903 0.691719 0.0274752 0.0166145
threshold=31.875000000000004 870.35000000000014 37.603747543459569 36.913491902071563 275.60000000000008 30.669999999999998 74.350000000000009 31.055000000000003
decision_type=2 2 2 2 2 2 2 2
left_child=1 2 7 -4 6 -6 -5 -1
right_child=-2 -3 3 4 5 -7 -8 -9
leaf_value=-0.015306395139752021 0.0082466802449069482 0.0013833457431394061 0.0092902918272773187 -0.0020004883189829663 0.00025681369392008095 -0.00052256997429262636 -0.010473820282123897 -0.014605827437685161
leaf_weight=11853 790 450 302 271 431 872 2268 113
leaf_count=10501 150 170 134 91 131 232 780 41
internal_value=-0.000421502 -0.000687593 -0.000746392 -0.000345714 -0.000534498 0 -0.000772462 -0.00087511
internal_weight=17350 16560 16110 4144 3842 1303 2539 11966
internal_count=12230 12080 11910 1368 1234 363 871 10542
is_linear=0
shrinkage=0.0296731


Tree=37
num_leaves=10
num_cat=0
split_feature=51 39 31 37 38 60 37 9 28
split_gain=27.7287 2.48429 1.94284 1.69405 4.43174 1.25117 0.269264 0.184652 0.173731
threshold=27393.950000000008 30.288333333333334 1.2384166790269548 36.913491902071563 0.958205047524466 7.4150000000000009 38.306994639652039 0.99906486341235867 80.15000000000002
decision_type=2 2 2 2 2 2 2 2 2
left_child=1 6 3 4 -3 8 7 -1 -5
right_child=-2 2 -4 5 -6 -7 -8 -9 -10
leaf_value=-0.01802424930447738 0.0077122139396774919 0.012322058287554161 0.001813582973475865 -0.0043093220114405499 -0.017167689423718636 0.00012650236435477084 -0.0013505502349488686 0.00033715094333204148 -0.00027166932882918078
leaf_weight=11710 670 232 412 2761 372 351 342 122 378
leaf_count=10390 150 104 104 781 208 167 154 86 86
internal_value=-0.000378751 -0.000623238 -1.11e-06 -0.000223169 0.00116798 -0.000498648 -0.000843688 -0.000867418 -0.000709936
internal_weight=17350 16680 4506 4094 604 3490 12174 11832 3139
internal_count=12230 12080 1450 1346 312 1034 10630 10476 867
is_linear=0
shrinkage=0.0296731


Tree=38
num_leaves=10
num_cat=0
split_feature=21 2 9 33 20 5 34 25 21
split_gain=27.4975 4.02998 2.5937 1.48587 2.54385 6.23741 0.612257 0.194353 0.126124
threshold=32.145000000000003 846.95000000000016 0.86529924138975434 37.603747543459569 37.043665775317088 1.0000000180025095e-35 0.38321410517559923 31.605000000000004 31.025000000000002
decision_type=2 2 2 2 2 2 2 2 2
left_child=1 3 -3 8 5 -5 7 -6 -1
right_child=-2 2 -4 4 6 -7 -8 -9 -10
leaf_value=-0.014504045348836194 -0.018178732164069164 -0.00075782382470414354 0.0024294144311629569 -0.010485860802161391 -0.0062935635778573439 0.0097305069259926349 0.00014930415017737166 -0.00025011864019421038 -0.020274174934702231
leaf_weight=11774 485 333 394 410 2664 263 554 351 122
leaf_count=10434 89 185 90 154 880 95 166 91 46
internal_value=-0.000387302 -0.000594501 0.0015125 -0.000697004 -0.000183508 0.00144099 -0.000523926 -0.000702529 -0.000870034
internal_weight=17350 16865 727 16138 4242 673 3569 3015 11896
internal_count=12230 12141 275 11866 1386 249 1137 971 10480
is_linear=0
shrinkage=0.0296731


Tree=39
num_leaves=11
num_cat=0
split_feature=21 21 19 44 41 19 9 59 22 30
split_gain=29.5556 1.76336 1.92371 4.66455 0.295154 0.348856 0.178771 0.166312 0.127119 0.126455
threshold=31.875000000000004 30.365000000000006 36.550922416586467 0.62503419999834497 30.519166666666667 38.005975336122894 0.93535928755917841 3.2250000000000005 30.615000000000006 63.650000000000013
decision_type=2 2 2 2 2 2 2 2 2 2
left_child=1 8 3 -3 5 -4 -6 -5 9 -1
right_child=-2 2 4 7 6 -7 -8 -9 -10 -11
leaf_value=-0.00056709046173110758 0.0083925150734541175 0.0077224319439882496 -0.0029257445930851952 -0.01332809539585863 -0.00092230169610915019 0.00012784458587849489 -0.00034106232918327151 -0.0069352701036951309 -0.021818176208667734 -0.016335834739077286
leaf_weight=186 790 325 439 193 1884 425 362 477 181 12088
leaf_count=166 150 125 127 85 536 137 98 185 85 10536
internal_value=-0.000402692 -0.000676844 -0.000109366 0.000985897 -0.000498512 0 -0.000677936 -0.000268699 -0.000854265 -0.000865821
internal_weight=17350 16560 4105 995 3110 864 2246 670 12455 12274
internal_count=12230 12080 1293 395 898 264 634 270 10787 10702
is_linear=0
shrinkage=0.0296731


Tree=40
num_leaves=13
num_cat=0
split_feature=21 2 24 16 37 2 51 37 58 21 20 38
split_gain=27.6233 3.37801 3.30614 1.18271 3.00243 0.544488 0.856035 0.185178 0.135443 0.133584 0.065555 0.0297563
threshold=32.145000000000003 846.95000000000016 29.995000000000001 37.712880422008773 36.913491902071563 275.60000000000008 14564.324500000004 38.38375035701943 4.9150000000000009 31.115000000000006 37.043665775317088 0.86957519166316266
decision_type=2 2 2 2 2 2 2 2 2 2 2 2
left_child=1 3 11 7 -5 10 -7 9 -8 -1 -6 -3
right_child=-2 2 -4 4 5 6 8 -9 -10 -11 -12 -13
leaf_value=-0.015183678186485279 -0.017888344686854827 2.5909792474742613e-05 0.0068761350319621805 0.0077983276861776519 -8.2122135212287965e-05 0.00015565820184136684 -0.0008035470137555368 0.00017081553816738348 -0.00025439390988928995 -0.0037071982953074583 -0.010228980802439495 -0.0056477300239311645
leaf_weight=11848 485 145 325 314 288 367 669 117 367 113 2055 257
leaf_count=10468 89 61 77 134 100 103 177 61 103 37 683 137
internal_value=-0.000402692 -0.000610333 0.00130909 -0.000704357 -0.000224891 -0.000485807 0 -0.0008556 -0.000459178 -0.000867663 -0.000762624 -0.000223707
internal_weight=17350 16865 727 16138 4060 3746 1403 12078 1036 11961 2343 402
internal_count=12230 12141 275 11866 1300 1166 383 10566 280 10505 783 198
is_linear=0
shrinkage=0.0296731


Tree=41
num_leaves=8
num_cat=0
split_feature=21 9 51 10 58 46 63
split_gain=29.9259 3.25198 2.97452 4.5997 5.71507 0.374279 0.369923
threshold=32.145000000000003 0.73248728852523659 1950.6745000000003 -0.30081980763566762 3.9450000000000007 30.485000000000003 2.0374447388174457
decision_type=2 2 2 2 2 2 2
left_child=1 -1 5 4 -4 -3 -5
right_child=-2 2 3 6 -6 -7 -8
leaf_value=-0.014198534261925954 -0.017357541901973049 -0.0088942170403885322 -0.00056323463616386423 -0.0047746086955143463 0.0066805522216435561 -0.009775378865163914 3.5448641996191582e-06
leaf_weight=11670 485 2313 613 1025 756 174 314
leaf_count=9810 89 1261 173 533 172 46 146
internal_value=-0.000383882 -0.000599778 0 0.000697915 0.00192395 -0.000722324 -0.000468053
internal_weight=17350 16865 5195 2708 1369 2487 1339
internal_count=12230 12141 2331 1024 345 1307 679
is_linear=0
shrinkage=0.0296731


Tree=42
num_leaves=10
num_cat=0
split_feature=20 41 19 62 58 37 9 3 34
split_gain=26.3428 3.00569 2.68541 3.45597 3.68396 0.793228 0.462767 0.401285 0.0111059
threshold=40.643751006862502 30.452500000000004 38.34071805805808 37.298275618126645 4.1550000000000011 37.433519999591653 0.9993981459635205 0.0085000000000000023 0.096695465395494659
decision_type=2 2 2 2 2 2 2 2 2
left_child=1 6 3 8 5 -5 7 -1 -3
right_child=-2 2 -4 4 -6 -7 -8 -9 -10
leaf_value=-0.00016104283822246569 0.0078242244096782942 -0.00095729039746485364 -0.0060232704252479756 -0.0027610960393174774 0.0075875641467450499 -0.002786948861085433 4.9465813048708974e-05 -0.010592142353346332 -0.0053425810179268153
leaf_weight=200 682 243 1515 349 587 370 140 12668 596
leaf_count=168 138 87 427 117 151 98 68 10756 220
internal_value=-0.000375331 -0.000615926 0.000106858 0.000810282 0.0017873 0.000181758 -0.000828423 -0.000850807 -0.000569862
internal_weight=17350 16668 3660 2145 1306 719 13008 12868 839
internal_count=12230 12092 1100 673 366 215 10992 10924 307
is_linear=0
shrinkage=0.0296731


Tree=43
num_leaves=11
num_cat=0
split_feature=21 25 23 43 46 25 54 9 53 45
split_gain=29.6355 3.96794 2.43583 6.15854 1.49773 0.688651 1.07416 0.509684 0.281931 0.0659917
threshold=32.145000000000003 31.025000000000002 30.655000000000005 30.699791666666673 30.995000000000001 30.525000000000002 0.25650000000000006 0.9993981459635205 0.37350000000000005 2296.9735000000005
decision_type=2 2 2 2 2 2 2 2 2 2
left_child=1 4 3 8 5 7 -7 -1 -3 -4
right_child=-2 2 9 -5 -6 6 -8 -9 -10 -11
leaf_value=-0.015655881318977966 -0.017074658741867709 -0.0029258011896641537 -0.00083641401337301424 0.00061022891960188866 -0.0049123949644019798 0.0049813773049265696 -0.0038186534623911288 4.799800863289515e-05 0.00024648984693962148 -0.0047108245577669235
leaf_weight=13169 485 361 367 356 296 414 1019 122 304 457
leaf_count=10953 89 93 95 88 88 118 411 74 108 113
internal_value=-0.000349681 -0.000564594 0.000700932 0.0016921 -0.000728057 -0.000775172 -6.15777e-05 -0.000843131 0 -0.000384515
internal_weight=17350 16865 1845 1021 15020 14724 1433 13291 665 824
internal_count=12230 12141 497 289 11644 11556 529 11027 201 208
is_linear=0
shrinkage=0.0296731


Tree=44
num_leaves=13
num_cat=0
split_feature=51 2 43 62 20 33 25 30 3 42 2 1
split_gain=26.4296 6.98177 8.7745 3.5236 3.69481 12.5617 0.706601 0.444275 0.13672 0.106893 0.0945548 0.0241348
threshold=29360.422000000002 846.95000000000016 30.491875000000007 37.743338770550814 37.709943937331168 37.827721704049559 31.025000000000002 69.65000000000002 0.0055000000000000005 0.31199626055854318 804.25000000000011 0.94500000000000006
decision_type=2 2 2 2 2 2 2 2 2 2 2 2
left_child=1 3 11 6 5 9 8 -6 -1 -5 -10 -3
right_child=-2 2 -4 4 7 -7 -8 -9 10 -11 -12 -13
leaf_value=-0.011235600907942078 0.011576790921497809 -0.0042581327816780985 0.0094996824129124028 -0.0084242991951128613 -0.00017156866447769483 0.010795903123911675 -0.00063653407909635134 -0.0057435034036237469 -0.015139035164350121 -0.0012232746007579893 -0.0053427048953173613 2.2143726751899669e-05
leaf_weight=168 298 232 280 531 276 408 757 1435 12321 283 219 142
leaf_count=132 50 112 52 187 72 132 181 499 10449 91 183 90
internal_value=-0.00030351 -0.00046377 0.002503 -0.000589699 0.000313359 0.00158323 -0.000795266 -0.000525068 -0.000847976 -0.000414667 -0.00085924 -0.000174127
internal_weight=17350 17052 654 16398 2933 1222 13465 1711 12708 814 12540 374
internal_count=12230 12180 254 11926 981 410 10945 571 10764 278 10632 202
is_linear=0
shrinkage=0.0296731


Tree=45
num_leaves=12
num_cat=0
split_feature=51 2 31 9 62 19 2 55 50 27 52
split_gain=25.6999 2.84973 1.82463 1.44489 1.48506 3.95951 0.713918 0.857338 0.294923 0.117521 0.0502253
threshold=27393.950000000008 846.95000000000016 1.1172469678038903 0.73248728852523659 37.743338770550814 36.320932397780275 466.95000000000005 1007.2500000000001 334.50000000000011 83.65000000000002 0.37950000000000006
decision_type=2 2 2 2 2 2 2 2 2 2 2
left_child=1 3 -3 -1 6 -6 9 -8 -7 -5 -9
right_child=-2 2 -4 4 5 8 7 10 -10 -11 -12
leaf_value=-0.014664286606561727 0.007866257334507222 -0.0023390409002335614 0.0014444015786022179 -0.0084704323492513743 0.0086813193873937402 -0.0023744832414238242 0.00023479283154125832 -0.0039318196371002229 -0.0001267553954254691 -0.012081906288028557 0.00020510841821986828
leaf_weight=11464 670 234 229 2507 315 607 260 389 341 176 158
leaf_count=9664 150 110 89 1315 95 199 52 169 109 160 118
internal_value=-0.000378751 -0.000614345 0.00160026 -0.000685138 -0.000215767 0.000612008 -0.000549626 0.000101873 -0.000231939 -0.000789825 -0.000399609
internal_weight=17350 16680 463 16217 4753 1263 3490 807 948 2683 547
internal_count=12230 12080 199 11881 2217 403 1814 339 308 1475 287
is_linear=0
shrinkage=0.0296731


Tree=46
num_leaves=11
num_cat=0
split_feature=20 22 20 16 32 3 9 48 25 43
split_gain=26.2941 2.68228 3.42609 7.80086 1.53864 0.748218 0.480066 0.475915 0.177769 0.106738
threshold=40.643751006862502 30.595000000000002 37.197287493828178 37.653993294008309 0.70999999999999919 0.0085000000000000023 0.9993981459635205 857.25000000000011 31.475000000000005 30.947291666666668
decision_type=2 2 2 2 2 2 2 2 2 2
left_child=1 5 3 -3 7 -1 8 -4 9 -7
right_child=-2 2 4 -5 -6 6 -8 -9 -10 -11
leaf_value=0.0001434952577129434 0.0074864093817827299 -0.0096456571153345633 -0.0052447918604619078 0.010069074625280986 0.0056394343332693241 -0.010752154729194899 0.00019902221396226694 -2.3729625994003168e-05 0.00028335402910648907 -0.00016940357291829616
leaf_weight=205 682 316 1848 249 380 12862 130 351 122 205
leaf_count=173 138 136 532 89 88 10826 66 83 34 65
internal_value=-0.000370201 -0.000610586 0.00013834 0.00225079 -0.000280003 -0.000793486 -0.00082541 -0.000619487 -0.000847266 -0.000858218
internal_weight=17350 16668 3144 565 2579 13524 13319 2199 13189 13067
internal_count=12230 12092 928 225 703 11164 10991 615 10925 10891
is_linear=0
shrinkage=0.0296731


Tree=47
num_leaves=10
num_cat=0
split_feature=21 21 38 38 40 20 44 25 22
split_gain=29.795 3.23369 2.11037 4.79641 4.49472 0.857749 0.599815 0.179139 0.155996
threshold=32.145000000000003 30.325000000000003 0.83186452149848955 1.0379212553284207 0.16623276853144311 37.388537980557217 0.6891887015846917 31.085000000000004 30.615000000000006
decision_type=2 2 2 2 2 2 2 2 2
left_child=1 7 5 4 -4 -3 -5 8 -1
right_child=-2 2 3 6 -6 -7 -8 -9 -10
leaf_value=-0.015176576755559792 -0.013211884849847411 -0.00053066587322634251 -0.00035566128920528408 1.4430752515237725e-05 0.0051102491624027326 -0.0020409455818810539 -0.014245840371962335 0.00027494603438194318 0.00044887546579126141
leaf_weight=12051 485 365 454 310 416 2038 969 116 146
leaf_count=10595 89 145 146 110 116 586 321 52 70
internal_value=-0.000368491 -0.000583945 6.79472e-05 0.000765742 0.00247919 -0.000506749 -0.000309346 -0.000834575 -0.000846208
internal_weight=17350 16865 4552 2149 870 2403 1279 12313 12197
internal_count=12230 12141 1424 693 262 731 431 10717 10665
is_linear=0
shrinkage=0.0296731


Tree=48
num_leaves=11
num_cat=0
split_feature=20 22 20 35 2 3 48 51 25 56
split_gain=26.0839 2.5364 1.6932 4.19147 1.74781 0.731052 0.604132 0.168678 0.152419 0.0315174
threshold=40.643751006862502 30.505000000000006 37.043665775317088 37.737732754518994 870.35000000000014 0.0085000000000000023 815.70000000000016 26352.888500000005 31.325000000000003 1007.7500000000001
decision_type=2 2 2 2 2 2 2 2 2 2
left_child=1 5 3 -3 6 -1 9 8 -7 -4
right_child=-2 2 4 -5 -6 7 -8 -9 -10 -11
leaf_value=-1.2399668177285925e-05 0.0076563020340331602 -0.0059686463632564338 -0.0073730386260429008 0.0070295777398675739 0.0015235260171916579 -0.010277341462171028 -0.00020131609623933437 4.3113336839316333e-05 0.00026678753099349103 -9.3611381354263457e-05
leaf_weight=205 682 338 1655 272 352 12756 513 118 140 319
leaf_count=173 138 154 503 100 68 10744 129 78 44 99
internal_value=-0.000347971 -0.000587446 9.90327e-05 0.00153545 -0.000168747 -0.000775545 -0.000483928 -0.000807935 -0.000818685 -0.000738807
internal_weight=17350 16668 3449 610 2839 13219 2487 13014 12896 1974
internal_count=12230 12092 1053 254 799 11039 731 10866 10788 602
is_linear=0
shrinkage=0.0296731


Tree=49
num_leaves=11
num_cat=0
split_feature=21 21 2 43 43 26 63 25 22 28
split_gain=29.766 3.19999 2.51951 2.75439 1.41338 2.47895 0.268051 0.177574 0.154413 0.149404
threshold=32.145000000000003 30.325000000000003 275.60000000000008 30.674166666666668 30.006041666666672 71.450000000000017 0.58678799484983213 31.085000000000004 30.615000000000006 76.65000000000002
decision_type=2 2 2 2 2 2 2 2 2 2
left_child=1 7 6 4 5 -4 -3 8 -1 -6
right_child=-2 2 3 -5 9 -7 -8 -9 -10 -11
leaf_value=-0.014421279889771236 -0.0098877193282068641 -0.0052023342360374104 -0.008581311540924683 -0.000458793093265644 -8.9629960694570261e-05 0.0078543482448370644 -0.0053746914144017794 0.0002588711157575479 0.00022696651570890548 -0.0029972228809204034
leaf_weight=12051 485 314 225 823 377 236 1771 116 146 806
leaf_count=10595 89 122 101 187 113 96 575 52 70 230
internal_value=-0.000365071 -0.000580427 6.79472e-05 0.000732742 0 0.00141891 -0.000661565 -0.000829756 -0.000841343 -0.000512628
internal_weight=17350 16865 4552 2467 1644 461 2085 12313 12197 1183
internal_count=12230 12141 1424 727 540 197 697 10717 10665 343
is_linear=0
shrinkage=0.0296731


Tree=50
num_leaves=13
num_cat=0
split_feature=21 21 47 9 10 35 42 9 39 26 30 10
split_gain=29.5342 3.73511 1.96714 2.37444 3.40665 4.07729 0.244646 0.21976 0.16864 0.149289 0.122198 0.0394756
threshold=32.145000000000003 30.305000000000003 66.300000000000026 0.73248728852523659 -0.30081980763566762 39.072883712948205 0.12581070419200138 0.99865756837029906 30.398333333333333 72.65000000000002 63.650000000000013 -0.70862667826445969
decision_type=2 2 2 2 2 2 2 2 2 2 2 2
left_child=1 7 -3 6 5 -5 -4 8 10 -6 -1 -8
right_child=-2 2 3 4 9 -7 11 -9 -10 -11 -12 -13
leaf_value=-0.00098078021773542095 -0.0095943199641283054 -0.0080484343229927629 -0.00021497578869623908 0.0096131610954618193 -0.0044822051566532888 -3.9892048517296934e-05 -0.0044812674599340272 0.0013763376686017855 0.00022023171376252214 -0.00019540927138561332 -0.014093541559530064 -9.1970899351089669e-05
leaf_weight=186 485 1497 188 536 410 646 782 131 130 383 11754 222
leaf_count=166 89 453 72 144 110 138 306 103 58 107 10342 142
internal_value=-0.000337711 -0.00055228 0.000140334 0.00058027 0.00122658 0.00224299 -0.000391255 -0.00082677 -0.000840829 -0.00014097 -0.000852715 -0.00062238
internal_weight=17350 16865 4664 3167 1975 1182 1192 12201 12070 793 11940 1004
internal_count=12230 12141 1472 1019 499 282 520 10669 10566 217 10508 448
is_linear=0
shrinkage=0.0296731


Tree=51
num_leaves=12
num_cat=0
split_feature=21 21 62 48 20 48 9 20 20 3 24
split_gain=29.737 2.95105 1.70461 1.72063 2.29587 0.717284 0.450104 0.279882 0.157482 0.140466 0.0208014
threshold=32.145000000000003 31.805000000000003 37.298275618126645 261.45000000000005 37.043665775317088 487.95000000000005 0.99965739133362419 36.740554360791741 40.403568151287239 0.0055000000000000005 29.765000000000004
decision_type=2 2 2 2 2 2 2 2 2 2 2
left_child=1 2 6 7 -5 -6 8 -4 9 -1 -7
right_child=-2 -3 3 4 5 10 -8 -9 -10 -11 -12
leaf_value=0.00024901246343001025 -0.0093096266710842659 0.0036107122457656178 -0.001427563609957718 0.007224302984906378 0.00028735586911438332 -0.003878524494119765 0.0013354974522362625 -0.0037246643978586448 0.00068430338546359869 -0.013056728793311715 -0.00025502496621269749
leaf_weight=161 485 376 501 344 408 351 139 1682 138 12304 461
leaf_count=133 89 80 169 112 128 91 67 590 26 10608 137
internal_value=-0.000361651 -0.000576909 -0.000641738 -5.06397e-05 0.000664327 0 -0.000806179 -0.000617505 -0.000828793 -0.000840013 -0.000449935
internal_weight=17350 16865 16489 3747 1564 1220 12742 2183 12603 12465 812
internal_count=12230 12141 12061 1227 468 356 10834 759 10767 10741 228
is_linear=0
shrinkage=0.0296731


Tree=52
num_leaves=11
num_cat=0
split_feature=25 9 30 10 31 28 58 2 2 54
split_gain=24.1956 2.48729 3.02078 2.93818 1.42954 2.82452 0.472816 0.25927 0.176065 0.11962
threshold=32.145000000000003 0.73248728852523659 71.850000000000009 -0.30081980763566762 0.5011381512594647 77.450000000000017 3.4950000000000006 261.45000000000005 879.95000000000016 0.13350000000000004
decision_type=2 2 2 2 2 2 2 2 2 2
left_child=1 8 3 -3 7 -6 -7 -4 -1 -9
right_child=-2 2 4 -5 5 6 -8 9 -10 -11
leaf_value=-0.012026736660431445 0.0086195091895721557 0.0079916127166688392 -0.0062094661686108322 -0.0044304911655184765 0.001444288840178942 5.6696011013804173e-06 -0.00013549358523302023 -0.0014186189767733664 4.7943441248842557e-05 -0.0069265186787394592
leaf_weight=11511 529 496 2680 373 246 213 649 198 123 332
leaf_count=9731 89 120 1436 125 78 105 249 62 79 156
internal_value=-0.000399272 -0.000602546 -3.77311e-05 0.00152959 -0.000381379 0.000474301 -0.000200777 -0.00071392 -0.00084408 0
internal_weight=17350 16821 5187 869 4318 1108 862 3210 11634 530
internal_count=12230 12141 2331 245 2086 432 354 1654 9810 218
is_linear=0
shrinkage=0.0296731


Tree=53
num_leaves=10
num_cat=0
split_feature=51 16 19 38 47 9 24 28 37
split_gain=27.482 2.09095 3.91523 6.73469 1.14575 0.529378 0.422365 0.475416 0.180681
threshold=27393.950000000008 37.500102371530012 36.389173196257346 1.0414951854433168 732.20000000000016 0.99906486341235867 30.285000000000004 76.450000000000017 38.116533345719141
decision_type=2 2 2 2 2 2 2 2 2
left_child=1 5 3 -3 6 8 7 -4 -1
right_child=-2 2 4 -5 -6 -7 -8 -9 -10
leaf_value=-0.013677455675870226 0.0081741179929940601 0.008066707849170263 0.00014368642738762675 -0.019788961428388561 -3.264256505580912e-05 0.0012957008573380242 -0.0014254214805998185 -0.001018268359749685 3.4629673089943316e-05
leaf_weight=11514 670 279 475 308 546 145 2701 596 116
leaf_count=10330 150 95 147 132 146 97 841 220 72
internal_value=-0.000353101 -0.000596558 -5.52577e-05 0.0021839 -0.000388247 -0.000811879 -0.000590795 0 -0.000838962
internal_weight=17350 16680 4905 587 4318 11775 3772 1071 11630
internal_count=12230 12080 1581 227 1354 10499 1208 367 10402
is_linear=0
shrinkage=0.0296731


Tree=54
num_leaves=11
num_cat=0
split_feature=16 22 24 62 20 43 43 52 25 9
split_gain=25.4979 2.47075 2.41182 2.67365 2.29899 1.87306 0.469578 0.420118 0.315501 0.210645
threshold=40.97403236203084 30.595000000000002 30.405000000000005 37.151742257064406 37.759890615537962 30.491875000000007 30.642291666666669 0.25050000000000006 31.085000000000004 0.99906486341235867
decision_type=2 2 2 2 2 2 2 2 2 2
left_child=1 6 3 -3 -5 -6 8 -8 9 -1
right_child=-2 2 -4 4 5 -7 7 -9 -10 -11
leaf_value=-0.011094095697451954 0.0080355289415382936 -0.006685308926621049 -0.0064321379808024185 0.0075793645956405489 -0.0052496044465912481 0.0049852918632701517 8.9744005054727483e-05 -0.00038337412979116536 -0.00086427428730258932 0.0012572533857866824
leaf_weight=12469 568 590 1351 369 455 465 261 411 267 144
leaf_count=10761 92 234 371 125 119 113 69 167 87 92
internal_value=-0.000378751 -0.000594806 0.000110975 0.000829896 0.00161575 0.000655898 -0.000771794 0 -0.000811686 -0.000833546
internal_weight=17350 16782 3230 1879 1289 920 13552 672 12880 12613
internal_count=12230 12138 962 591 357 232 11176 236 10940 10853
is_linear=0
shrinkage=0.0296731


Tree=55
num_leaves=10
num_cat=0
split_feature=21 25 48 32 21 16 62 9 49
split_gain=30.1445 2.02262 1.32219 1.16278 0.479757 0.369551 0.212421 0.205948 0.196572
threshold=32.145000000000003 30.525000000000002 789.25000000000011 0.88000000000000089 31.205000000000002 37.242084416982067 38.090095868081626 0.99906486341235867 160.75000000000003
decision_type=2 2 2 2 2 2 2 2 2
left_child=1 4 3 5 6 8 7 -1 -3
right_child=-2 2 -4 -5 -6 -7 -8 -9 -10
leaf_value=-0.013535841147406679 -0.008291271444000041 -0.0064190390188500444 0.0031919044894631035 -0.0037513548388151707 0.009064342156754274 -0.00064143292247982185 -0.0010885682729251608 0.0012199467702132096 -3.8721862657595149e-05
leaf_weight=12904 485 204 622 524 120 1935 257 147 152
leaf_count=10848 89 108 178 124 36 575 85 99 88
internal_value=-0.000409532 -0.000626166 0 -0.000257391 -0.000790586 -0.000578593 -0.000811981 -0.000828627 2.55661e-05
internal_weight=17350 16865 3437 2815 13428 2291 13308 13051 356
internal_count=12230 12141 1073 895 11068 771 11032 10947 196
is_linear=0
shrinkage=0.0296731


Tree=56
num_leaves=11
num_cat=0
split_feature=39 33 19 38 9 50 26 9 54 20
split_gain=25.4182 1.22209 2.10005 3.83475 7.9082 0.549747 0.371127 0.203916 0.138125 0.0209154
threshold=31.85166666666667 37.150256930681472 36.850704447239146 0.97799336610821641 0.7086201161944764 334.50000000000011 76.950000000000017 0.99906486341235867 0.11350000000000002 40.643751006862502
decision_type=2 2 2 2 2 2 2 2 2 2
left_child=1 7 3 4 -3 9 8 -1 -7 -4
right_child=-2 2 5 -5 -6 6 -8 -9 -10 -11
leaf_value=-0.014122218803842011 0.0086230056696129948 -0.013366905524663467 -0.0026890093565961138 -0.00079153447404346332 0.0074597064088858774 -0.0055823155225710741 0.00023916330953080247 0.0011837471578749798 -0.00039284565585795791 -0.00017541913275858387
leaf_weight=11091 758 293 2665 632 286 267 334 150 588 286
leaf_count=10119 150 137 953 268 78 71 122 94 172 66
internal_value=-0.000399272 -0.000648645 -0.00024676 0.000798657 0.00258346 -0.000581576 0 -0.000829272 -0.00036819 -0.000798933
internal_weight=17350 16592 5351 1211 579 4140 1189 11241 855 2951
internal_count=12230 12080 1867 483 215 1384 365 10213 243 1019
is_linear=0
shrinkage=0.0296731


Tree=57
num_leaves=12
num_cat=0
split_feature=21 62 47 28 27 58 38 4 59 9 28
split_gain=30.057 1.84495 1.64076 0.919742 1.70369 2.55529 0.59279 0.38175 0.265436 0.210968 0.0919352
threshold=32.145000000000003 36.276083136970556 61.70000000000001 78.250000000000014 73.350000000000009 4.2350000000000012 0.90445171764458332 1008.85 5.3150000000000004 0.99906486341235867 65.050000000000011
decision_type=2 2 2 2 2 2 2 2 2 2 2
left_child=1 9 10 4 6 -6 -4 8 -5 -1 -3
right_child=-2 2 3 7 5 -7 -8 -9 -10 -11 -12
leaf_value=-0.014411114975551975 -0.0083011150295233226 -0.00079228882363503771 0.0031217984566938241 -0.00061883407790798211 -0.00060283064589979844 0.0023086429126825364 -0.0027849225123481804 6.1251484275653473e-05 -0.0022792053134686563 0.0011486217005453572 -0.0066714324738862026
leaf_weight=10642 485 202 615 1147 300 345 566 337 314 152 2245
leaf_count=9830 89 58 191 347 96 125 162 97 194 96 945
internal_value=-0.000399272 -0.000615611 -0.000176466 0.000198581 0.000685008 0.00190849 0 -0.000229565 -0.000482969 -0.000851486 -0.000780155
internal_weight=17350 16865 6071 3624 1826 645 1181 1798 1461 10794 2447
internal_count=12230 12141 2215 1212 574 221 353 638 541 9926 1003
is_linear=0
shrinkage=0.0296731


Tree=58
num_leaves=14
num_cat=0
split_feature=21 62 51 20 35 58 21 51 9 58 3 0 25
split_gain=30.2029 1.5595 1.38097 1.13293 4.09243 0.741015 1.16004 0.420531 0.210968 0.0854905 0.0578698 0.0362743 0.0293627
threshold=32.145000000000003 36.276083136970556 1823.3140000000001 36.740554360791741 37.082032385888645 4.3750000000000009 30.705000000000002 22090.179000000004 0.99906486341235867 2.7150000000000003 0.95050000000000001 3.2250000000000005 30.615000000000006
decision_type=2 2 2 2 2 2 2 2 2 2 2 2 2
left_child=1 8 9 4 10 11 -7 -8 12 -3 -4 -5 -1
right_child=-2 2 3 5 -6 6 7 -9 -10 -11 -12 -13 -14
leaf_value=-0.017923915949057564 -0.008054795146245677 -0.019328575943334692 -0.0026519106822184362 -0.0014955139032734076 0.0081763642441342842 -0.0001664868336986236 -0.00047839257913532375 0.0016619124444471015 0.0011145385247067034 -0.0046180838992156848 -0.0016821246069396298 -0.00012552995454080863 -0.014908433868788385
leaf_weight=10413 485 209 262 445 177 418 659 495 152 2222 212 972 229
leaf_count=9725 89 105 126 149 61 166 175 119 96 894 144 276 105
internal_value=-0.000416372 -0.000633203 -0.000225324 0.000112332 0.001247 -9.58092e-05 0.00029833 -9.26003e-05 -0.000851486 -0.000779431 0 -0.000616684 -0.000867659
internal_weight=17350 16865 6071 3640 651 2989 1572 1154 10794 2431 474 1417 10642
internal_count=12230 12141 2215 1216 331 885 460 294 9926 999 270 425 9830
is_linear=0
shrinkage=0.0296731


Tree=59
num_leaves=15
num_cat=0
split_feature=21 62 47 20 33 58 21 47 63 58 25 2 4 2
split_gain=30.1737 1.53021 1.39909 1.12612 3.64877 0.753867 1.18026 0.459927 0.153591 0.0856584 0.0586452 0.0549395 0.0396937 0.0279071
threshold=32.145000000000003 36.276083136970556 61.70000000000001 36.740554360791741 37.197947068533324 4.3750000000000009 30.705000000000002 712.1500000000002 -0.5843393659354631 2.7150000000000003 30.525000000000002 804.25000000000011 1006.6500000000002 829.25000000000011
decision_type=2 2 2 2 2 2 2 2 2 2 2 2 2 2
left_child=1 10 9 4 12 8 -7 -8 -5 -3 11 -1 -4 -13
right_child=-2 2 3 5 -6 6 7 -9 -10 -11 -12 13 -14 -15
leaf_value=-0.017268768672095199 -0.0078157843394816122 -0.0091348894388948026 -0.013676831195043194 -9.1647348892700387e-05 0.0076196054275236768 -0.00013378353366464053 -0.0004699899291337957 0.0018162332040420216 -0.00019247896806183335 -0.0044844649200720113 -0.016655333547972998 0.0010814667026276456 -0.00022602975804351938 -0.00061028401948219711
leaf_weight=10145 485 209 236 312 189 413 672 472 1104 2238 319 114 226 216
leaf_count=9481 89 105 168 120 61 165 176 116 304 898 147 106 102 192
internal_value=-0.000412952 -0.000629685 -0.000225324 0.000116756 0.001247 -9.15375e-05 0.000309763 -8.56429e-05 -0.000616491 -0.000780155 -0.000845989 -0.000861636 0 0
internal_weight=17350 16865 6071 3624 651 2973 1557 1144 1416 2447 10794 10475 462 330
internal_count=12230 12141 2215 1212 331 881 457 292 424 1003 9926 9779 270 298
is_linear=0
shrinkage=0.0296731


Tree=60
num_leaves=14
num_cat=0
split_feature=21 62 47 10 53 19 52 59 10 59 25 2 2
split_gain=30.3932 1.1451 1.07809 0.757308 1.07418 2.00982 0.340431 0.323151 0.160237 0.0820717 0.0586452 0.0549395 0.0279071
threshold=32.145000000000003 36.276083136970556 61.70000000000001 -0.67758968959607091 0.17550000000000002 36.850704447239146 0.99250000000000005 4.2950000000000008 -0.30081980763566762 2.6750000000000003 30.525000000000002 804.25000000000011 829.25000000000011
decision_type=2 2 2 2 2 2 2 2 2 2 2 2 2
left_child=1 10 9 6 8 -6 -4 -7 -5 -3 11 -1 -13
right_child=-2 2 3 4 5 7 -8 -9 -10 -11 -12 12 -14
leaf_value=-0.016756350633249775 -0.0075838657262136617 -0.00050629937564821608 -0.0005670281146823113 -0.00062848642609697751 0.0075495682301305747 -0.00041808519051780071 -0.00035566899822826628 -3.2970569391421528e-06 -0.0022831464014397298 -0.0055864144656637641 -0.016161118035852594 0.0010493762242988879 -0.00059217499582565002
leaf_weight=10145 485 213 1192 493 403 406 252 385 493 2234 319 114 216
leaf_count=9481 89 101 520 97 119 126 148 93 109 902 147 106 192
internal_value=-0.000438602 -0.000656073 -0.00029861 0 0.000375113 0.000996269 -0.000498698 0 -0.000257246 -0.000780155 -0.000845989 -0.000861636 0
internal_weight=17350 16865 6071 3624 2180 1194 1444 791 986 2447 10794 10475 330
internal_count=12230 12141 2215 1212 544 338 668 219 206 1003 9926 9779 298
is_linear=0
shrinkage=0.0296731


Tree=61
num_leaves=8
num_cat=0
split_feature=39 25 57 3 2 9 19
split_gain=27.8781 0.61158 1.0495 2.2846 0.374597 0.201396 0.0186925
threshold=31.85166666666667 30.435000000000006 1008.4500000000002 0.72350000000000014 870.35000000000014 0.99906486341235867 36.550922416586467
decision_type=2 2 2 2 2 2 2
left_child=1 5 4 -4 6 -1 -3
right_child=-2 2 3 -5 -6 -7 -8
leaf_value=-0.010585435740691812 0.0086940994246760134 -0.0069021586180784949 -0.0026711974516069998 0.0076620539532222202 -0.0002120328241151583 0.0010182379702012071 -0.00050649242401149474
leaf_weight=12822 758 322 416 282 340 147 2263
leaf_count=10782 150 138 140 130 80 99 711
internal_value=-0.000453993 -0.000714806 -0.000316577 0.000637559 -0.000585259 -0.0008168 -0.000717214
internal_weight=17350 16592 3623 698 2925 12969 2585
internal_count=12230 12080 1199 270 929 10881 849
is_linear=0
shrinkage=0.0296731


Tree=62
num_leaves=9
num_cat=0
split_feature=21 21 19 63 63 46 25 25
split_gain=30.3053 1.2162 1.29348 2.15479 0.970186 0.26551 0.0397608 0.0415743
threshold=32.145000000000003 30.595000000000002 37.813099058515405 2.0374447388174457 0.58678799484983213 30.305000000000003 29.705000000000002 29.765000000000004
decision_type=2 2 2 2 2 2 2 2
left_child=1 5 3 4 -3 6 -1 -8
right_child=-2 2 -4 -5 -6 -7 7 -9
leaf_value=-0.017714517850119505 -0.0076168098107183843 0.005426335400188686 -0.00093270145279830945 0.0024723383043892128 -0.00048761375320194978 -0.0013112874701865383 -0.014938226827173499 -0.0007121625641924894
leaf_weight=9416 485 490 1744 360 855 297 197 3506
leaf_count=8868 89 158 464 112 231 149 165 1994
internal_value=-0.000428342 -0.000645517 -0.000107112 0.000431678 -2.94825e-05 -0.000775017 -0.000795024 -0.000577212
internal_weight=17350 16865 3449 1705 1345 13416 13119 3703
internal_count=12230 12141 965 501 389 11176 11027 2159
is_linear=0
shrinkage=0.0296731


Tree=63
num_leaves=14
num_cat=0
split_feature=21 62 47 20 17 63 18 9 41 47 18 28 25
split_gain=32.7304 1.38262 1.28658 1.4263 4.83715 0.748231 1.33518 0.207709 0.145766 0.228806 0.125124 0.0919352 0.077359
threshold=32.145000000000003 36.276083136970556 61.70000000000001 37.138463995738213 37.656668910783424 1.7427061386893572 39.504165181025833 0.99906486341235867 29.670833333333338 517.1500000000002 36.252496084310032 65.050000000000011 30.525000000000002
decision_type=2 2 2 2 2 2 2 2 2 2 2 2 2
left_child=1 7 11 4 8 10 -7 12 9 -4 -5 -3 -1
right_child=-2 2 3 5 -6 6 -8 -9 -10 -11 -12 -13 -14
leaf_value=-0.016321808301802632 -0.007390795390143365 -0.00015508296678103266 5.556235591571447e-05 -0.0011687225568983964 0.0060609726554187518 0.00061331123443341968 -0.00014011370102803212 0.0010091557616046431 -0.0061076291773542579 -0.013703438338151182 -0.00044713750261579768 -0.0054223134639863231 -0.014211046986416885
leaf_weight=10338 485 202 134 329 215 530 461 152 342 162 1451 2245 304
leaf_count=9686 89 58 90 113 71 134 109 96 126 122 447 945 144
internal_value=-0.000411242 -0.000636721 -0.000249753 7.5843e-05 0.00115858 -0.000215254 0.000366175 -0.000843241 0 0.000309143 -0.000605794 -0.000780155 -0.000859296
internal_weight=17350 16865 6071 3624 853 2771 991 10794 638 296 1780 2447 10642
internal_count=12230 12141 2215 1212 409 803 243 9926 338 212 560 1003 9830
is_linear=0
shrinkage=0.0296731


Tree=64
num_leaves=8
num_cat=0
split_feature=21 9 51 10 43 59 54
split_gain=32.7 1.78733 1.93483 2.58137 5.29521 5.56715 0.340044
threshold=32.145000000000003 0.74409704927257569 177.06200000000004 -0.30081980763566762 30.806875000000005 3.5550000000000002 0.77250000000000008
decision_type=2 2 2 2 2 2 2
left_child=1 -1 -3 4 5 -4 -5
right_child=-2 2 3 6 -6 -7 -8
leaf_value=-0.008636674425433425 -0.0071714875198929003 -0.0057729387894257262 0.0015045189361976589 -0.0020507981624763188 -6.1948451217494287e-05 0.0047917676775477641 3.3854995321872804e-05
leaf_weight=11826 485 2125 422 1224 714 378 176
leaf_count=9882 89 1153 130 604 162 94 116
internal_value=-0.000407822 -0.000633203 -0.000136309 0.000331374 0.00120479 0.00288407 -0.000528733
internal_weight=17350 16865 5039 2914 1514 800 1400
internal_count=12230 12141 2259 1106 386 224 720
is_linear=0
shrinkage=0.0296731


Tree=65
num_leaves=12
num_cat=0
split_feature=21 62 48 20 16 34 21 25 9 3 45
split_gain=32.2458 2.32522 2.06856 3.30321 5.97075 0.43926 0.338972 0.335123 0.151894 0.135 0.0225645
threshold=32.145000000000003 37.363709124555903 102.25000000000001 37.441307861039455 37.393303800720197 0.36496491547217963 31.545000000000005 31.025000000000002 0.99906486341235867 0.0055000000000000005 2278.7715000000003
decision_type=2 2 2 2 2 2 2 2 2 2 2
left_child=1 7 10 4 -4 6 -5 8 9 -1 -3
right_child=-2 2 3 5 -6 -7 -8 -9 -10 -11 -12
leaf_value=5.9585383881121511e-05 -0.0069586871957745544 -0.020862945247595299 -0.0059510705645523607 -0.00027772501648784298 0.0045071869655133072 0.00012818089708587752 -0.0023704765436899367 -5.9475608921249187e-05 -0.00027814505144559029 -0.010668761438311664 -0.0029638403647676581
leaf_weight=159 485 267 310 922 301 381 334 520 197 12055 1419
leaf_count=131 89 107 114 286 85 97 82 128 109 10503 499
internal_value=-0.000356521 -0.000580427 2.238e-05 0.000640151 0.00249899 0 -0.00032231 -0.000772992 -0.000803939 -0.000817122 -0.000730559
internal_weight=17350 16865 3934 2248 611 1637 1256 12931 12411 12214 1686
internal_count=12230 12141 1270 664 199 465 368 10871 10743 10634 606
is_linear=0
shrinkage=0.0296731


Tree=66
num_leaves=13
num_cat=0
split_feature=21 62 47 9 38 38 63 27 49 4 9 25
split_gain=31.8095 3.17994 1.92827 1.249 2.37826 4.884 3.259 0.702178 0.245918 0.545458 0.204475 0.074086
threshold=32.145000000000003 36.276083136970556 47.050000000000004 0.69636977696931246 1.0130018378965031 0.85722346377463221 0.49653177166297097 69.750000000000014 84.15000000000002 1005.4500000000002 0.99906486341235867 30.525000000000002
decision_type=2 2 2 2 2 2 2 2 2 2 2 2
left_child=1 10 7 8 5 6 -5 -3 -4 -10 11 -1
right_child=-2 2 3 4 -6 -7 -8 -9 9 -11 -12 -13
leaf_value=-0.015349613172827938 -0.0067522013186685388 -9.278953049964303e-05 -0.0029377257745025857 0.00065769619638146419 -0.0016853635537167168 0.0039231473279616614 -0.0011311582486189821 -0.0052268726003318515 -0.0055981787915707288 8.3362207874083797e-05 0.00098645981887562168 -0.013301484706039469
leaf_weight=10338 485 198 656 440 710 472 784 2156 385 270 152 304
leaf_count=9686 89 62 300 132 190 104 200 900 193 134 96 144
internal_value=-0.00030693 -0.00052941 0 0.000434629 0.000847772 0.00146949 0.000369434 -0.000649886 -0.000233128 1.52926e-05 -0.000834995 -0.000850933
internal_weight=17350 16865 6071 3717 2406 1696 1224 2354 1311 655 10794 10642
internal_count=12230 12141 2215 1253 626 436 332 962 627 327 9926 9830
is_linear=0
shrinkage=0.0296731


Tree=67
num_leaves=12
num_cat=0
split_feature=21 9 60 49 2 59 50 44 19 17 25
split_gain=32.1553 1.95869 2.51111 8.68517 1.0504 2.00514 0.775733 0.618399 0.904078 0.358038 0.0864483
threshold=32.145000000000003 0.7086201161944764 2.1750000000000003 448.30000000000007 230.35000000000005 5.205000000000001 127.85000000000007 0.60946125829496189 36.769806825303142 39.861666076137055 31.295000000000005
decision_type=2 2 2 2 2 2 2 2 2 2 2
left_child=1 9 4 6 -3 7 -4 8 -6 10 -1
right_child=-2 2 3 -5 5 -7 -8 -9 -10 -11 -12
leaf_value=-0.010627317758406035 -0.0065518425193065105 -0.0055329003502521384 -0.0037256989596945317 0.0064987154108138026 0.00051023131026105588 0.0037747455726024827 -0.0019159689986626919 -0.00088173632762499554 -0.005841540967981851 -3.0581442806372106e-05 -0.0056964555617997278
leaf_weight=11021 485 2432 594 188 237 292 367 1040 275 206 213
leaf_count=9533 89 1228 354 92 141 80 135 364 67 74 73
internal_value=-0.000346261 -0.000569872 -8.05802e-05 0.00112154 -0.000431868 4.28904e-05 0 -0.000315912 0.000382383 -0.000791433 -0.00081603
internal_weight=17350 16865 5425 1149 4276 1844 961 1552 512 11440 11234
internal_count=12230 12141 2461 581 1880 652 489 572 208 9680 9606
is_linear=0
shrinkage=0.0296731


Tree=68
num_leaves=12
num_cat=0
split_feature=21 25 57 63 21 2 41 43 62 9 6
split_gain=40.0147 2.46937 2.38382 2.79938 1.34954 0.608371 0.53368 0.918006 0.482729 0.202418 0.0701667
threshold=32.145000000000003 30.525000000000002 1008.4500000000002 0.63891252823810885 31.055000000000003 870.35000000000014 30.425833333333337 30.433333333333341 38.090095868081626 0.99906486341235867 0.98296291314453421
decision_type=2 2 2 2 2 2 2 2 2 2 2
left_child=1 4 5 -4 8 6 7 -3 9 10 -1
right_child=-2 2 3 -5 -6 -7 -8 -9 -10 -11 -12
leaf_value=-0.010290214741801258 -0.0063574289882484146 -0.0027630901574899813 0.0087329598387832913 -0.0034823348534566826 -0.0006030208894820245 -5.5225527662591159e-05 -0.0011531665910755249 8.6159131331876038e-05 -0.0033463907191198837 0.00094204834127043597 -0.002514097440368547
leaf_weight=12280 485 475 286 341 198 361 1638 336 248 141 561
leaf_count=10352 89 199 110 113 66 81 462 108 80 97 473
internal_value=-0.00030351 -0.00055228 0.000128366 0.00179995 -0.000735351 -0.000203512 -0.000405003 9.69944e-05 -0.000777883 -0.000805447 -0.000818379
internal_weight=17350 16865 3437 627 13428 2810 2449 811 13230 12982 12841
internal_count=12230 12141 1073 223 11068 850 769 307 11002 10922 10825
is_linear=0
shrinkage=0.0296731


Tree=69
num_leaves=14
num_cat=0
split_feature=25 16 8 63 9 63 19 25 36 9 22 25 19
split_gain=33.689 3.47916 2.93484 4.02234 5.44432 2.25538 3.94115 0.493845 0.243328 0.192221 0.16772 0.03757 0.0231605
threshold=32.145000000000003 37.325967094266154 0.25881904510252057 0.58678799484983213 0.73248728852523659 2.0374447388174457 37.813099058515405 31.145000000000003 0.34833586317968607 0.99906486341235867 30.145000000000003 30.525000000000002 37.095816060752071
decision_type=2 2 2 2 2 2 2 2 2 2 2 2 2
left_child=1 7 3 4 -3 10 -7 9 -8 11 -5 -1 -4
right_child=-2 2 12 5 -6 6 8 -9 -10 -11 -12 -13 -14
leaf_value=-0.013742109694904411 0.010005238089993115 -7.7993212892702121e-05 -0.028380441753436455 -0.00014308581594468041 0.0043448108758396605 0.0038267320720561295 9.9602527599535091e-05 0.00019794041167235773 -1.1856413483137857e-05 0.0009140948390435722 -0.0027609937126574437 -0.0090855524175056154 -0.0056650759804813223
leaf_weight=10856 529 330 272 315 299 412 357 111 409 150 1220 393 1697
leaf_count=10024 89 130 120 107 95 144 97 43 101 98 380 217 585
internal_value=-0.000243659 -0.000482608 0.000126541 0.000680776 0.00282534 0.000137677 0.00114753 -0.000773991 0 -0.000798885 -0.000560473 -0.000813492 -0.000753474
internal_weight=17350 16821 5311 3342 629 2713 1178 11510 766 11399 1535 11249 1969
internal_count=12230 12141 1759 1054 225 829 342 10382 198 10339 487 10241 705
is_linear=0
shrinkage=0.0296731


Tree=70
num_leaves=12
num_cat=0
split_feature=21 62 9 60 37 59 43 2 62 9 42
split_gain=37.0348 3.00468 1.57678 3.60481 4.13204 1.07457 0.576864 0.908747 0.508402 0.15275 0.126521
threshold=32.145000000000003 37.298275618126645 0.73248728852523659 2.1750000000000003 36.913491902071563 4.955000000000001 30.642291666666669 47.150000000000013 38.308786374420301 0.99965739133362419 0.090055538420822354
decision_type=2 2 2 2 2 2 2 2 2 2 2
left_child=1 6 8 5 -5 -4 9 -8 10 -1 -3
right_child=-2 2 3 4 -6 -7 7 -9 -10 -11 -12
leaf_value=-0.011313579638001224 -0.0039814776564266064 -7.0745095450956724e-05 -0.0012552005951059148 0.0077178011186197744 1.1926379055221306e-05 0.0003283523140525276 -0.006793207287154269 -0.00010671337696277696 6.8357561853387992e-06 0.00088697080410887112 -0.0027479797443559378
leaf_weight=11545 485 254 910 291 444 507 732 405 307 139 1331
leaf_count=10465 89 106 222 95 184 111 224 93 103 67 471
internal_value=-0.00028983 -0.00052941 0.00015157 0.000722117 0.00241196 -7.31426e-05 -0.000753475 -2.57168e-06 -0.000434645 -0.000816347 -0.000683016
internal_weight=17350 16865 4044 2152 735 1417 12821 1137 1892 11684 1585
internal_count=12230 12141 1292 612 279 333 10849 317 680 10532 577
is_linear=0
shrinkage=0.0296731


Tree=71
num_leaves=14
num_cat=0
split_feature=39 62 54 23 40 60 9 42 23 9 16 45 3
split_gain=31.9671 2.58323 1.14648 2.37648 0.627311 1.05537 1.74771 0.574837 0.232658 0.198075 0.173928 0.0619492 5.95396e-05
threshold=31.85166666666667 36.276083136970556 0.27650000000000008 30.735000000000003 0.15011106999109611 1.5650000000000002 0.69636977696931246 0.052041647524358102 29.325000000000003 0.99906486341235867 39.986529123853963 2306.5360000000005 0.98450000000000004
decision_type=2 2 2 2 2 2 2 2 2 2 2 2 2
left_child=1 9 3 -3 7 -6 11 -4 12 10 -1 -7 -9
right_child=-2 2 4 -5 5 6 -8 8 -10 -11 -12 -13 -14
leaf_value=-0.013363740294620811 0.0097054002785243662 -0.00038039364333255284 0.00013663197997464618 -0.0056997397998615577 -0.00089366125549475363 -0.0046468813916863902 0.00011602100434600867 -0.022662896384411439 -0.0021201340010396151 0.00086065162359371436 0.00011357524404510952 -0.0030426025025592244 0.0030077515269683825
leaf_weight=10519 758 756 244 567 838 144 479 135 2193 152 122 313 130
leaf_count=9803 150 192 112 151 234 92 163 83 877 96 26 133 118
internal_value=-0.0002676 -0.000546721 -2.02476e-05 0.000723108 -0.000266813 0.000113067 0.000850884 -0.000560115 -0.000720345 -0.000818498 -0.000834202 -0.000238908 0
internal_weight=17350 16592 5799 1323 4476 1774 936 2702 2458 10793 10641 457 265
internal_count=12230 12080 2155 343 1812 622 388 1190 1078 9925 9829 225 201
is_linear=0
shrinkage=0.0296731


Tree=72
num_leaves=16
num_cat=0
split_feature=21 62 21 51 60 29 41 30 40 45 9 25 9 31 9
split_gain=31.6149 3.30511 1.5707 0.829546 0.866322 1.71873 1.98051 1.19592 0.688669 0.398316 0.378273 0.331599 0.222965 0.154439 0.0903815
threshold=32.145000000000003 36.276083136970556 31.875000000000004 177.06200000000004 1.5650000000000002 81.15000000000002 30.549166666666672 77.250000000000014 0.15502687939055984 2369.0150000000003 0.74409704927257569 30.525000000000002 0.99906486341235867 1.1419943773491783 0.54162280503947546
decision_type=2 2 2 2 2 2 2 2 2 2 2 2 2 2 2
left_child=1 11 3 9 7 6 8 13 -6 10 -3 12 -1 -5 -7
right_child=-2 2 -4 4 5 14 -8 -9 -10 -11 -12 -13 -14 -15 -16
leaf_value=-0.013529145485926356 -0.0041513242309111119 -0.019994931207877074 0.0037507348530157591 -0.00079405512863499263 -0.00012852917084517224 -0.00071248959879919649 0.0061375737570538063 0.0002088607155866774 -3.1583666643781626e-05 -0.0056415167197094423 0.00024010969939504805 -0.012006771827253121 0.00083511341496604423 -0.00013767285825052241 -0.00038763442621011878
leaf_weight=10338 485 339 305 1184 372 184 329 388 364 1494 256 319 137 369 487
leaf_count=9686 89 151 61 324 156 152 133 124 128 614 104 147 93 85 183
internal_value=-0.0002847 -0.000506541 2.86254e-05 -6.15675e-05 0.000182898 0.000681213 0.00144665 -0.000201832 0.000398193 -0.000548496 0 -0.000818505 -0.000847475 -0.000621521 -0.000357751
internal_weight=17350 16865 6071 5766 3677 1736 1065 1941 736 2089 595 10794 10475 1553 671
internal_count=12230 12141 2215 2154 1285 752 417 533 284 869 255 9926 9779 409 335
is_linear=0
shrinkage=0.0296731


Tree=73
num_leaves=12
num_cat=0
split_feature=21 9 31 10 24 48 44 44 5 61 20
split_gain=37.3422 2.03902 1.63547 2.27037 3.6849 0.948145 0.341616 0.356917 0.333022 0.187697 0.154852
threshold=32.145000000000003 0.69636977696931246 0.22347364708896936 -0.30081980763566762 30.325000000000003 804.25000000000011 0.4888492105333504 0.44996899855737166 0.98296291314453421 1.6050000000000002 36.99801120872953
decision_type=2 2 2 2 2 2 2 2 2 2 2
left_child=1 8 5 4 -4 6 7 -3 -1 -5 -10
right_child=-2 2 3 9 -6 -7 -8 -9 10 -11 -12
leaf_value=-0.0090889391386353852 -0.0040281415384211686 -0.0055055855827695135 0.004301607126882291 -0.001938346540287707 -0.00010565488248837925 0.00028901928676374643 -0.0019429686584531366 0.00031129504783757467 -0.01121048602951218 -0.00058852950310915998 -0.00040917463422028989
leaf_weight=10755 485 337 550 738 702 440 2529 157 371 172 114
leaf_count=9207 89 245 154 350 178 140 1277 77 347 112 54
internal_value=-0.00032232 -0.000562835 -7.77163e-05 0.000536442 0.00138215 -0.000495597 -0.000703025 0 -0.000794955 -0.000497223 0
internal_weight=17350 16865 5625 2162 1252 3463 3023 494 11240 910 485
internal_count=12230 12141 2533 794 332 1739 1599 322 9608 462 401
is_linear=0
shrinkage=0.0296731


Tree=74
num_leaves=16
num_cat=0
split_feature=39 25 20 17 2 43 25 56 43 37 63 58 63 25 45
split_gain=32.2687 1.52532 1.26752 9.48967 0.635937 0.599611 0.611767 0.364501 0.735413 0.305712 0.206624 0.228617 0.112636 0.0672897 0.0488963
threshold=31.85166666666667 29.685000000000006 36.740554360791741 38.06979963710473 245.85000000000005 30.61729166666667 31.605000000000004 1009.7500000000001 29.235625000000002 37.333938974279064 -0.64835569636492341 5.0550000000000006 -0.93148508529633378 30.285000000000004 2495.2000000000003
decision_type=2 2 2 2 2 2 2 2 2 2 2 2 2 2 2
left_child=1 9 3 7 12 10 -7 13 -9 -1 -6 -12 -4 -3 -14
right_child=-2 2 4 -5 5 6 -8 8 -10 -11 11 -13 14 -15 -16
leaf_value=-0.015056329139010232 0.0096601210589426969 -0.0070835059769225519 -0.0074940683327538267 0.0055465058605023744 -0.00018983404788512271 0.00019384493993613544 -9.6782256465510026e-05 -0.010800690409238853 0.0041775248393559842 -0.00034369330702004047 -0.00087341524462817384 -0.0017893492297446896 -0.0053440545586632962 -0.0064039235596222892 -0.0066907996548146512
leaf_weight=9255 758 770 223 168 253 400 448 237 114 290 1094 415 2485 187 253
leaf_count=8739 150 594 143 52 117 108 100 237 66 158 378 191 965 115 117
internal_value=-0.00029496 -0.000575331 -0.000220562 0.000516005 -0.000437205 -4.87136e-05 0.000542548 -0.000254268 0.000374383 -0.000824666 -0.000401081 -0.000554801 -0.000739162 -0.000609261 -0.00079184
internal_weight=17350 16592 7047 1476 5571 2610 848 1308 351 9545 1762 1509 2961 957 2738
internal_count=12230 12080 3183 1064 2119 894 208 1012 303 8897 686 569 1225 709 1082
is_linear=0
shrinkage=0.0296731


Tree=75
num_leaves=15
num_cat=0
split_feature=21 62 20 20 5 25 43 33 58 25 9 53 16 25
split_gain=31.7796 2.97455 2.19012 6.04767 1.14802 0.64105 1.06486 0.461127 0.454094 0.142363 0.147261 0.0407813 0.0166916 0.00236966
threshold=32.145000000000003 37.298275618126645 36.740554360791741 36.108031326834585 0.60355339059327384 31.875000000000004 30.557291666666671 39.951135854323205 4.2550000000000008 31.295000000000005 0.99906486341235867 0.010500000000000001 36.997502843518077 28.905000000000005
decision_type=2 2 2 2 2 2 2 2 2 2 2 2 2 2
left_child=1 7 3 -3 12 6 8 9 -6 10 11 13 -4 -1
right_child=-2 2 4 -5 5 -7 -8 -9 -10 -11 -12 -13 -14 -15
leaf_value=-0.039574754926347232 -0.0041952598753172456 -0.0040363334244020235 -0.0067920250355942438 0.0015704809717879008 -0.00028125027761014178 -6.8260453760778626e-05 -0.00011129991384583556 -0.00019568116672441475 -0.00053249008154127595 0.00053487126260834416 -0.00046286990178115672 -0.0088025681570370346 -0.0045777963472344836 0.00013754725396087895
leaf_weight=154 485 479 273 320 493 362 353 354 376 138 197 11872 1388 106
leaf_count=154 89 155 137 104 149 82 105 74 100 34 109 10404 460 74
internal_value=-0.00030351 -0.000525892 0.00015157 0.00155582 -0.000158432 0.000364159 0.000735015 -0.000748847 3.12875e-05 -0.000780529 -0.000791334 -0.000804401 -0.000728159 0
internal_weight=17350 16865 4044 799 3245 1584 1222 12821 869 12467 12329 12132 1661 260
internal_count=12230 12141 1292 259 1033 436 354 10849 249 10775 10741 10632 597 228
is_linear=0
shrinkage=0.0296731


Tree=76
num_leaves=17
num_cat=0
split_feature=25 62 48 61 10 63 10 25 25 22 63 53 59 43 2 2
split_gain=25.0509 4.71712 2.90505 2.93795 5.25331 1.64931 0.722407 0.708824 0.529754 0.821001 0.795484 0.119821 0.0956663 0.0594733 0.0406088 0.0284589
threshold=32.145000000000003 37.106163575663636 102.25000000000001 2.4350000000000005 -0.67758968959607091 2.0374447388174457 -0.54160775828284857 30.435000000000006 30.285000000000004 30.365000000000006 2.0827847896005527 0.95650000000000002 2.5550000000000002 30.642291666666669 804.25000000000011 829.25000000000011
decision_type=2 2 2 2 2 2 2 2 2 2 2 2 2 2 2 2
left_child=1 8 6 5 7 -4 12 -5 13 10 11 -10 -3 14 -1 -16
right_child=-2 2 3 4 -6 -7 -8 -9 9 -11 -12 -13 -14 -15 15 -17
leaf_value=-0.013105607563255505 0.0096190557597204355 -0.0025711493682715916 -0.0013487004770347082 -0.00014798824033733596 0.005920744444592901 0.0035003269247484876 1.6282770601543321e-05 -0.0040943067185149843 -0.0036709845699589155 -0.001911571344007879 0.000603975885670877 0.0043236308734704151 -0.0042319708583276596 -0.0085254464171975412 0.00071757114654109769 -0.00072026928898205925
leaf_weight=10228 529 184 919 262 431 495 446 304 266 938 174 136 1459 245 117 217
leaf_count=9640 89 84 255 94 139 99 98 120 182 274 86 100 575 85 109 201
internal_value=-0.000235109 -0.000442041 0.000362405 0.00107778 0.00231824 0.000116665 -0.000406615 0.000209279 -0.00074552 -0.000125407 0.00065199 0 -0.000726387 -0.000821336 -0.000833783 -7.73788e-07
internal_weight=17350 16821 4500 2411 997 1414 2089 566 12321 1514 576 402 1643 10807 10562 334
internal_count=12230 12141 1464 707 353 354 757 214 10677 642 368 282 659 10035 9950 310
is_linear=0
shrinkage=0.0296731


Tree=77
num_leaves=13
num_cat=0
split_feature=21 16 63 54 38 38 20 21 52 5 25 47
split_gain=31.9296 1.95098 1.48841 1.25918 1.94743 6.00547 0.869573 1.65942 1.16072 0.2853 0.222537 0.108307
threshold=32.145000000000003 36.480732951012421 -1.0774726099180343 0.25650000000000006 0.85722346377463221 1.0130018378965031 36.740554360791741 30.785000000000004 0.51450000000000007 0.91597561503675362 30.405000000000005 563.25000000000011
decision_type=2 2 2 2 2 2 2 2 2 2 2 2
left_child=1 10 -3 4 -4 -6 7 8 -5 -8 -1 -7
right_child=-2 2 3 6 5 11 9 -9 -10 -11 -12 -13
leaf_value=-0.015371825143411408 -0.0018960422152659421 0.000422977969016749 -0.0020608700634812006 0.00026517219289182571 0.0041193928037581741 -0.0073754108350737244 -0.0014859686866911463 0.0053886485355522096 -0.0030134360261862094 -0.00020904277274667711 -0.0035611420107058158 -0.0010112582766905081
leaf_weight=9561 485 235 802 176 378 395 3146 160 891 515 312 294
leaf_count=9161 89 87 230 92 110 147 1214 48 579 183 216 74
internal_value=-0.00032061 -0.000543484 -0.000143175 -0.000240122 0.00037926 0.00124805 -0.00050136 0.000100861 -0.000221945 -0.000735621 -0.000814824 -0.00024286
internal_weight=17350 16865 6992 6757 1869 1067 4888 1227 1067 3661 9873 689
internal_count=12230 12141 2764 2677 561 331 2116 719 671 1397 9377 221
is_linear=0
shrinkage=0.0296731


Tree=78
num_leaves=14
num_cat=0
split_feature=21 62 56 55 9 25 38 47 30 30 29 9 53
split_gain=32.0649 2.1748 1.11138 1.84064 2.70077 0.54098 0.438634 0.633704 0.283267 0.28746 0.241328 0.2037 0.0973818
threshold=32.145000000000003 37.298275618126645 1005.5500000000001 1006.9500000000002 0.73248728852523659 30.405000000000005 0.70618499854800743 175.20000000000002 70.350000000000009 77.65000000000002 80.350000000000009 0.99906486341235867 0.13950000000000004
decision_type=2 2 2 2 2 2 2 2 2 2 2 2 2
left_child=1 5 -3 4 10 11 7 -5 -7 -10 -4 -1 -8
right_child=-2 2 3 6 -6 8 12 -9 9 -11 -12 -13 -14
leaf_value=-0.0099150232234198211 -0.001839780749728803 -0.0043608267597809135 -0.0094527363245481243 -0.0040624669480381253 0.0049781676002592619 -0.00053613553209937344 -0.0020554343263192122 7.9245507267771263e-05 -0.00089303687335623688 -0.00029681735146752842 3.6099901643694515e-05 -0.0036426559736976219 -0.0023329292785716888
leaf_weight=11171 485 1066 324 318 470 312 257 450 796 395 311 147 848
leaf_count=10203 89 366 112 122 122 148 57 142 284 115 103 99 268
internal_value=-0.000336001 -0.000559317 1.22384e-05 0.000335011 0.00130865 -0.000748847 -0.000176873 0.000267644 -0.000119819 -0.000390837 0 -0.000821823 -0.000593215
internal_weight=17350 16865 4044 2978 1105 12821 1873 768 1503 1191 635 11318 1105
internal_count=12230 12141 1292 926 337 10849 589 264 547 399 215 10302 325
is_linear=0
shrinkage=0.0296731


Tree=79
num_leaves=14
num_cat=0
split_feature=39 62 47 30 23 23 18 0 24 25 52 39 28
split_gain=30.0894 2.30551 1.15298 1.67407 1.54668 0.719174 0.54438 1.12606 0.607773 0.328598 0.27285 0.185416 0.0828141
threshold=31.85166666666667 36.276083136970556 6.7500000000000009 77.65000000000002 30.175000000000004 29.385000000000002 38.512230663472295 5.035000000000001 30.265000000000004 30.525000000000002 0.30550000000000005 29.886666666666667 66.65000000000002
decision_type=2 2 2 2 2 2 2 2 2 2 2 2 2
left_child=1 9 10 6 5 -5 7 8 11 -1 -3 -4 -12
right_child=-2 2 3 4 -6 -7 -8 -9 -10 -11 12 -13 -14
leaf_value=-0.010130582604883821 0.0093233878400642324 -0.0056220211794174519 -0.0025900956976397586 0.00021806956883466249 -0.0031737280660726302 -0.0026136171391257664 -0.00046639101783689811 0.0043895967613963261 1.5626494304550717e-05 -0.0087825902828925981 -0.004447200374465601 -0.00024480607758211356 -0.0076041312766805692
leaf_weight=10475 758 221 307 191 297 292 798 426 359 318 204 1010 1694
leaf_count=9779 150 65 119 139 105 120 222 162 115 146 64 294 750
internal_value=-0.0002847 -0.000555661 -5.60513e-05 0.00023843 0.00146351 0.000152755 -5.10027e-05 0.000154102 -0.000128507 -0.000813001 -0.000623266 -0.000483504 -0.000748367
internal_weight=17350 16592 5799 3680 780 483 2900 2102 1676 10793 2119 1317 1898
internal_count=12230 12080 2155 1276 364 259 912 690 528 9925 879 413 814
is_linear=0
shrinkage=0.0296731


Tree=80
num_leaves=15
num_cat=0
split_feature=21 62 9 51 30 4 23 38 38 16 53 4 25 32
split_gain=31.5252 2.80064 1.18463 1.14894 1.18682 1.69352 1.41665 1.00396 3.42623 0.757929 0.568007 0.4431 0.348591 0.0607313
threshold=32.145000000000003 36.276083136970556 0.99965739133362419 177.06200000000004 77.65000000000002 1005.4500000000002 30.065000000000001 0.98449551336047081 0.83186452149848955 37.653993294008309 0.88750000000000007 1004.35 30.525000000000002 -0.68999999999999939
decision_type=2 2 2 2 2 2 2 2 2 2 2 2 2 2
left_child=1 2 12 11 7 -6 -7 8 9 10 -5 -3 -1 -13
right_child=-2 3 -4 4 5 6 -8 -9 -10 -11 -12 13 -14 -15
leaf_value=-0.011179020202907626 -0.002061842631588161 -1.8597033431916816e-05 0.0010971048938947601 -0.00023443067104328289 -0.0029490339842819747 0.00027620071435621122 -0.0024098596105376325 -0.0013820507058246575 0.0047783792975633621 -0.00023782994217768516 -0.0020145461177430526 -0.0047755164994131632 -0.0076592986949249528 -0.0090538482451512671
leaf_weight=10374 485 278 116 219 275 328 234 943 538 1190 254 227 304 1585
leaf_count=9722 89 102 60 99 131 168 78 275 154 334 106 87 144 681
internal_value=-0.00027444 -0.000495986 -0.000782775 0 0.00030958 0.00130368 0.00226749 6.30805e-06 0.000389988 -0.000211648 0.000674033 -0.00054866 -0.000823283 -0.000741644
internal_weight=17350 16865 10794 6071 3981 837 562 3144 2201 1663 473 2090 10678 1812
internal_count=12230 12141 9926 2215 1345 377 246 968 693 539 205 870 9866 768
is_linear=0
shrinkage=0.0296731


Tree=81
num_leaves=17
num_cat=0
split_feature=21 21 2 30 25 38 0 16 36 63 10 25 37 26 40 16
split_gain=31.7346 2.19367 1.04681 1.45677 1.45634 0.791163 2.57895 0.730106 1.67983 0.661689 1.26552 0.327262 0.0768048 0.0753013 0.070185 0.0389492
threshold=32.145000000000003 29.745000000000001 230.35000000000005 77.65000000000002 29.595000000000002 0.93417798190429779 5.035000000000001 37.653993294008309 0.47257123564085418 0.58678799484983213 -0.66483077113278999 30.405000000000005 34.459472789788691 72.950000000000017 0.015275252337980933 37.19766025374885
decision_type=2 2 2 2 2 2 2 2 2 2 2 2 2 2 2 2
left_child=1 11 9 5 -5 6 7 8 -4 10 -3 15 -7 -11 -15 -1
right_child=-2 2 3 4 -6 12 -8 -9 -10 13 -12 -13 -14 14 -16 -17
leaf_value=-0.014240677160863429 -0.0020006613523812235 -0.0068914871122100841 -0.0024988688317011398 -0.0076360092090782062 0.00064128111870794696 -0.0034464716436094565 0.0046080891231168901 -0.00019513755278223951 -0.001639366305862528 -0.001360514884534103 0.00027696067836873898 -0.0011098035228858235 -0.0010309931952058547 -0.0063526468147821393 -0.0057562870547685089 -0.0070207175072422466
leaf_weight=9215 485 631 320 181 354 186 350 1027 203 316 379 198 932 226 2199 148
leaf_count=8843 89 287 188 109 150 182 118 267 95 176 139 150 348 74 899 116
internal_value=-0.00029838 -0.000520614 -0.000114156 0.000228669 0.00165311 0 0.000342976 -0.000104914 0.000694604 -0.000470535 7.88084e-05 -0.00081857 -0.00064963 -0.000716234 -0.000779158 -0.000845572
internal_weight=17350 16865 7304 3553 535 3018 1900 1550 523 3751 1010 9561 1118 2741 2425 9363
internal_count=12230 12141 3032 1457 259 1198 668 550 283 1575 426 9109 530 1149 973 8959
is_linear=0
shrinkage=0.0296731


Tree=82
num_leaves=18
num_cat=0
split_feature=21 21 55 20 33 40 2 45 27 25 25 39 61 9 10 16 60
split_gain=31.5103 2.62206 1.8386 0.954728 3.78146 0.876422 0.650741 0.408736 0.407006 0.327262 0.307616 0.150621 0.0879284 0.0706108 0.0620828 0.0389492 0.00603456
threshold=32.145000000000003 29.745000000000001 1010.35 36.740554360791741 37.881364471915795 0.032145502536478146 870.35000000000014 2174.5780000000004 82.050000000000011 30.405000000000005 29.815000000000001 29.824999999999999 0.045000000000000005 0.97505550290239451 0.57727023316007786 37.19766025374885 3.5350000000000006
decision_type=2 2 2 2 2 2 2 2 2 2 2 2 2 2 2 2 2
left_child=1 9 3 4 5 -3 7 -5 10 15 -9 16 -12 -14 -13 -1 -7
right_child=-2 2 -4 6 -6 11 -8 8 -10 -11 12 14 13 -15 -16 -17 -18
leaf_value=-0.013818112008642032 -0.0019412955118833651 0.00026874239423148945 0.00019678876329104047 0.00010377000166835486 0.00050944575233660325 -0.010972863786249636 -0.00082703197474181828 -0.00074137769949929864 -0.00036284378909402288 -0.0010768722030274271 -0.005859129728157041 -0.0034770071649656508 -0.0013221266360325171 -0.00021611214432428605 -0.0033442041181078537 -0.0068123909980012205 -0.0026293363114773239
leaf_weight=9215 485 136 265 471 322 143 401 299 289 198 487 875 3068 294 148 148 106
leaf_count=8843 89 76 141 155 122 127 97 123 125 150 143 519 1080 94 148 116 82
internal_value=-0.00027273 -0.000494226 -5.32372e-05 -0.000160804 0.000412602 -0.000173123 -0.000370166 -0.000478772 -0.000575487 -0.00081857 -0.000660815 -0.000492428 -0.000735462 -0.000801262 -0.000656281 -0.000845572 0
internal_weight=17350 16865 7304 7039 1730 1408 5309 4908 4437 9561 4148 1272 3849 3362 1023 9363 249
internal_count=12230 12141 3032 2891 1074 952 1817 1720 1565 9109 1440 876 1317 1174 667 8959 209
is_linear=0
shrinkage=0.0296731


Tree=83
num_leaves=15
num_cat=0
split_feature=21 62 20 20 48 59 61 25 56 43 3 63 17 23
split_gain=31.4357 3.18377 3.26005 6.87791 1.04124 1.24184 1.59724 0.627213 1.17725 1.22323 0.327446 0.262174 0.0503121 0.00162065
threshold=32.145000000000003 37.151742257064406 36.740554360791741 35.945225271415303 126.05000000000003 4.5250000000000012 0.23500000000000001 29.855000000000004 1009.0500000000001 29.235625000000002 0.19750000000000004 -0.52200426251949128 35.355160927042725 30.735000000000003
decision_type=2 2 2 2 2 2 2 2 2 2 2 2 2 2
left_child=1 7 3 -3 -4 11 -7 -1 10 -10 -9 -6 -12 -13
right_child=-2 2 4 -5 5 6 -8 8 9 -11 12 13 -14 -15
leaf_value=-0.012892116582542183 -0.0018836912403856351 -0.0043491647048111374 -0.0040438569914391436 0.004403414689641328 -0.00054725757239572478 -0.00072867670977016922 0.0028901195770292252 -0.00053595418162133283 -0.006394616953239827 0.0010028519554533741 -0.0072320089410721211 -0.00018076793004597288 -0.0043354765556139199 -0.0034381974917643012
leaf_weight=9486 485 442 1496 454 283 318 420 663 210 214 183 648 1690 358
leaf_count=9150 89 150 560 154 103 66 136 183 210 122 167 172 870 98
internal_value=-0.000264179 -0.00048543 0.000177304 0.00178716 -0.000199302 0.000192696 0.00119626 -0.000730287 -0.000288364 0.00106256 -0.000561909 -0.000290866 -0.000762298 -0.00056406
internal_weight=17350 16865 4419 896 3523 2027 738 12446 2960 424 2536 1289 1873 1006
internal_count=12230 12141 1439 304 1135 575 202 10702 1552 332 1220 373 1037 270
is_linear=0
shrinkage=0.0296731


Tree=84
num_leaves=16
num_cat=0
split_feature=21 62 57 53 18 63 25 2 63 39 9 38 52 38 62
split_gain=31.8695 2.26637 1.38529 1.6528 2.93242 1.18753 0.600214 0.622148 0.574428 1.0329 2.66302 0.465538 0.214931 0.0779395 0.0420226
threshold=32.145000000000003 37.298275618126645 1005.5500000000001 0.97850000000000004 37.393303800720197 0.64947653999409394 29.855000000000004 66.300000000000026 1.7211919754799345 30.423333333333332 0.86529924138975434 0.76041977216328482 0.98950000000000016 0.97445156039144343 35.032164063305451
decision_type=2 2 2 2 2 2 2 2 2 2 2 2 2 2 2
left_child=1 6 13 4 11 -6 -1 -8 12 10 -10 -4 14 -3 -9
right_child=-2 2 3 -5 5 -7 7 8 9 -11 -12 -13 -14 -15 -16
leaf_value=-0.011937699945423355 -0.0018277962666606645 -0.001983847191691326 0.00011817888993884987 -0.00037166435153151382 0.0043499058225333594 0.00075714443271491041 -0.0051262911466055097 -0.0057321684912490824 -0.005512857369599165 -0.00013894346390572247 0.00011333998702688079 -0.0024780469552613924 -0.0017486148230374109 -0.00055455352893856466 -0.0024811012155270631
leaf_weight=9618 485 1126 391 796 360 508 1410 164 182 413 137 562 172 301 725
leaf_count=9210 89 342 111 300 132 136 578 164 178 129 65 158 132 113 393
internal_value=-0.00031377 -0.000536447 4.89045e-05 0.00048121 0.000998525 0.00224829 -0.000730335 -0.000315474 0 0.000688043 0.00197749 -1.79752e-05 -0.000385599 -0.000660115 -0.000621118
internal_weight=17350 16865 4044 2617 1821 868 12821 3203 1793 732 319 953 1061 1427 889
internal_count=12230 12141 1292 837 537 268 10849 1639 1061 372 243 269 689 455 557
is_linear=0
shrinkage=0.0296731


Tree=85
num_leaves=16
num_cat=0
split_feature=21 62 57 60 52 4 43 23 16 2 25 32 34 19 42
split_gain=37.0994 2.23709 1.18712 1.46137 0.582577 0.89499 2.17239 0.364573 0.638332 0.344688 0.351596 0.296891 0.359348 0.250699 0.188482
threshold=32.145000000000003 36.276083136970556 1008.4500000000002 1.6850000000000003 0.33250000000000007 1007.0500000000001 30.806875000000005 29.235000000000003 36.188200286582358 804.25000000000011 30.525000000000002 -0.45000000000000101 0.23276565667944757 35.294369577017889 0.08117881496884248
decision_type=2 2 2 2 2 2 2 2 2 2 2 2 2 2 2
left_child=1 9 4 -4 5 6 -3 8 -6 10 -1 12 -9 -11 -13
right_child=-2 2 3 -5 7 -7 -8 11 -10 13 -12 14 -14 -15 -16
leaf_value=-0.0095315813203563776 -0.0017735598705310206 0.0011086084176546108 -0.00039982052774595333 0.0086167796205330535 -0.012314417932912878 -0.00010389791277457096 -0.0015640388388493899 -0.0015353525795691156 0.00013450014704863631 -0.0097412601486029267 -0.0069529195312907129 -2.1997776898932461e-05 -0.00020577573460504728 -0.0017998209901071397 -0.0018622170381062777
leaf_weight=10145 485 398 466 348 266 684 450 396 146 240 302 428 280 107 2209
leaf_count=9481 89 118 130 156 198 176 102 144 70 232 142 180 104 71 837
internal_value=-0.00029667 -0.000536447 -5.92085e-05 0.00096568 -0.000240902 0.000193944 0.00089148 -0.000451686 0.000188236 -0.000793769 -0.000824643 -0.000567245 0 0 -0.000709379
internal_weight=17350 16865 6071 814 5257 1532 848 3725 412 10794 10447 3313 676 347 2637
internal_count=12230 12141 2215 286 1929 396 220 1533 268 9926 9623 1265 248 303 1017
is_linear=0
shrinkage=0.0296731


Tree=86
num_leaves=13
num_cat=0
split_feature=21 9 2 20 19 59 10 21 40 61 29 8
split_gain=36.9864 2.4561 2.08706 1.76816 5.89116 1.02154 0.776061 0.341942 0.238009 0.139974 0.11182 0.0802884
threshold=32.145000000000003 0.7086201161944764 245.85000000000005 37.80869258257399 35.10083847904545 4.8550000000000013 -0.65187484896379921 31.085000000000004 0.015275252337980933 6.705000000000001 78.350000000000009 -0.98296291314453399
decision_type=2 2 2 2 2 2 2 2 2 2 2 2
left_child=1 7 6 4 -4 10 -3 11 -8 -10 -5 -1
right_child=-2 2 3 5 -6 -7 8 -9 9 -11 -12 -13
leaf_value=-0.0049437848482806104 -0.0017209328368444953 -0.0012501928900288074 -0.0046407065710923883 -7.0880855677682653e-05 0.0036151964818527198 0.0020215505213306865 -0.0037462274951736117 -0.00011065803982458044 -0.0026326534372334205 3.6659567935244212e-05 -0.0022847567268357116 -0.0075078315079816953
leaf_weight=462 485 283 424 396 417 467 294 330 2347 149 648 10648
leaf_count=394 89 115 380 92 137 99 138 110 1255 89 156 9176
internal_value=-0.0002847 -0.000524133 0 0.000660775 0.00175065 0 -0.000513097 -0.000770687 -0.000687407 -0.000782313 -0.000462474 -0.000799181
internal_weight=17350 16865 5425 2352 841 1511 3073 11440 2790 2496 1044 11110
internal_count=12230 12141 2461 864 517 347 1597 9680 1482 1344 248 9570
is_linear=0
shrinkage=0.0296731


Tree=87
num_leaves=13
num_cat=0
split_feature=39 62 48 42 41 9 31 39 37 62 3 30
split_gain=30.1077 1.90355 1.20463 0.970922 0.999166 0.4474 0.439021 0.391835 0.341265 0.16075 0.125247 0.173708
threshold=31.85166666666667 37.224162106603252 804.25000000000011 0.070863710190191956 29.619166666666668 0.99906486341235867 -0.63635028626466894 31.315000000000001 40.54902166933816 36.208176604584374 0.16550000000000004 70.850000000000009
decision_type=2 2 2 2 2 2 2 2 2 2 2 2
left_child=1 5 3 -3 -5 8 -6 -8 9 -1 -11 -12
right_child=-2 2 -4 4 6 -7 7 -9 -10 10 11 -13
leaf_value=-0.009262644359546662 0.0094387091659871181 0.00020058680822953326 0.0069057911733531189 -1.4446688711411176e-05 -1.7555283785223067e-05 3.7224358386256349e-05 -0.00053859742106332508 -0.00030314539895080528 -0.00023059741073650256 -0.00027675599286929216 -0.0016350565840477364 -0.0042023036078822464
leaf_weight=10253 758 274 310 391 288 202 2353 391 204 259 213 1454
leaf_count=9625 150 118 82 151 108 110 761 95 40 71 93 826
internal_value=-0.00028641 -0.00055745 0 -0.000143566 -0.000309073 -0.000736768 -0.000517781 -0.000651598 -0.000763015 -0.000785245 -0.000396515 -0.00049767
internal_weight=17350 16592 4007 3697 3423 12585 3032 2744 12383 12179 1926 1667
internal_count=12230 12080 1315 1233 1115 10765 964 856 10655 10615 990 919
is_linear=0
shrinkage=0.0296731


Tree=88
num_leaves=16
num_cat=0
split_feature=39 62 8 44 28 54 41 31 59 9 42 23 16 32 39
split_gain=26.2319 2.06646 0.987878 1.18664 2.31666 2.45239 1.1385 2.16003 0.759773 0.596519 0.505066 0.178713 0.17271 0.0805685 0.0168119
threshold=31.85166666666667 36.224046557987911 1.0000000180025095e-35 0.61236513589394703 77.250000000000014 0.71850000000000003 29.619166666666668 0.37755714447869698 5.205000000000001 0.99906486341235867 0.054283207961765868 30.285000000000004 39.986529123853963 -0.81000000000000039 30.975000000000001
decision_type=2 2 2 2 2 2 2 2 2 2 2 2 2 2 2
left_child=1 9 3 4 5 -3 7 -6 -5 12 -4 -8 14 -12 -1
right_child=-2 2 10 8 6 -7 11 -9 -10 -11 13 -13 -14 -15 -16
leaf_value=-0.0096828481538320417 0.0091586333289715351 0.0068510547902207071 4.0300865214985795e-05 -5.7771267129097731e-05 -0.0045273127381576551 -6.1673865603382922e-06 -0.00088506171143302472 0.00020892312937748983 0.0021707083685569084 -0.0030635086297627957 -0.0072536777452295777 -0.00093801536130417912 0.0015666234046295372 -0.0088399898757633242 -0.0065747186281152952
leaf_weight=10232 758 250 253 1260 170 370 732 160 471 152 209 275 121 1829 108
leaf_count=9648 150 86 105 328 134 166 260 88 147 96 77 103 25 781 36
internal_value=-0.00029154 -0.000544933 -8.11534e-05 0.00019578 0.00071599 0.00221161 0 0.00152551 -0.00032386 -0.00079492 -0.000578593 -0.000476192 -0.000827567 -0.000758098 -0.00084118
internal_weight=17350 16592 5979 3688 1957 620 1337 330 1731 10613 2291 1007 10461 2038 10340
internal_count=12230 12080 2275 1312 837 252 585 222 475 9805 963 363 9709 858 9684
is_linear=0
shrinkage=0.0296731


Tree=89
num_leaves=14
num_cat=0
split_feature=20 9 1 40 20 20 62 58 32 4 46 40 5
split_gain=20.5488 2.67133 2.69047 3.58439 3.69128 9.15242 0.710786 0.663625 2.27945 0.540553 0.474833 0.214446 0.0791374
threshold=40.643751006862502 0.73248728852523659 1.1150000000000004 0.11532562594659963 35.945225271415303 37.324693251298491 38.308786374420301 4.8350000000000009 0.11000000000000122 1006.2500000000001 30.945000000000004 0.02886751346099074 0.98296291314453421
decision_type=2 2 2 2 2 2 2 2 2 2 2 2 2
left_child=1 6 7 9 -5 -6 10 -3 11 -4 12 -9 -1
right_child=-2 2 3 4 5 -7 -8 8 -10 -11 -12 -13 -14
leaf_value=-0.0073697417125478185 0.0086719071119312728 -0.001528728527583503 -0.03505395034401957 -0.0068753161182954431 0.0012787488127872571 -1.6949404263793675e-05 2.5634486786337217e-05 -0.00064116524386679348 0.0023234962437677768 -0.00087617966496538531 -0.00052575843865651018 -0.0015214151635461249 -0.0064548685585687146
leaf_weight=10797 682 1634 188 217 263 325 311 252 350 636 204 1088 403
leaf_count=9269 138 818 76 157 91 129 103 88 102 392 76 416 375
internal_value=-0.00027444 -0.000487767 6.82572e-05 0.0010753 0.00249318 0.00373673 -0.000732973 -0.000389903 0 -0.000169075 -0.000775513 -0.000534681 -0.00080521
internal_weight=17350 16668 4953 1629 805 588 11715 3324 1690 824 11404 1340 11200
internal_count=12230 12092 2269 845 377 220 9823 1424 606 468 9720 504 9644
is_linear=0
shrinkage=0.0296731


Tree=90
num_leaves=16
num_cat=0
split_feature=21 16 20 9 61 8 24 61 31 1 25 35 35 9 21
split_gain=29.3464 1.90482 1.50631 3.74808 6.59881 1.01683 1.12198 0.387418 0.495422 0.275734 0.264878 0.107376 0.0810268 0.0668609 0.00309754
threshold=32.145000000000003 36.706983587626041 36.924876064418562 0.74409704927257569 0.67500000000000016 -0.9159756150367534 30.175000000000004 0.045000000000000005 -0.81262701729148279 11.375000000000002 29.855000000000004 35.488333787532135 34.796728693556055 -0.30081702196488969 30.195000000000004
decision_type=2 2 2 2 2 2 2 2 2 2 2 2 2 2 2
left_child=1 10 3 9 -5 6 -4 -7 -9 -3 -1 12 13 -12 -13
right_child=-2 2 5 4 -6 7 -8 8 -10 -11 11 14 -14 -15 -16
leaf_value=-0.013366582345410065 7.3476041925873606e-05 -0.0032088683453736534 2.1250221126583988e-05 -0.0039139827551983534 -0.0012464040232250068 -0.00025900368214325101 -0.00016849613947520184 9.5676891753025721e-05 -0.0011243332263602974 2.3071572724170647e-05 0.0069435533395605844 -0.0046600397569619761 0.0023117056537501077 -0.0087788816606455319 -0.0048241405406004899
leaf_weight=9033 485 722 524 268 312 559 369 358 3305 150 131 437 242 312 143
leaf_count=8729 89 426 156 104 124 151 109 122 1185 98 131 325 162 240 79
internal_value=-0.00031548 -0.00052941 -0.000112915 0.000702428 0.00257749 -0.000367847 0.000470543 -0.000573518 -0.000687133 -0.000412274 -0.000783364 -0.000232692 0 -0.000218437 -0.000529306
internal_weight=17350 16865 6567 1452 580 5115 893 4222 3663 872 10298 1265 685 443 580
internal_count=12230 12141 2475 752 228 1723 265 1458 1307 524 9666 937 533 371 404
is_linear=0
shrinkage=0.0296731


Tree=91
num_leaves=16
num_cat=0
split_feature=21 16 23 9 20 62 5 3 39 63 25 25 26 9 9
split_gain=28.901 2.74755 2.81637 4.54822 1.27682 4.38609 0.660273 0.428899 0.702012 0.482036 0.265961 0.146516 0.0675166 0.0252337 0.013568
threshold=32.145000000000003 36.480732951012421 29.255000000000006 0.4975086818028765 36.740554360791741 37.224162106603252 0.98296291314453421 0.19750000000000004 30.506666666666671 -0.5843393659354631 30.405000000000005 29.725000000000005 74.350000000000009 0.7206604759859373 0.99817629101047833
decision_type=2 2 2 2 2 2 2 2 2 2 2 2 2 2 2
left_child=1 10 3 -3 5 -4 7 8 -6 -9 14 -11 -10 -12 -1
right_child=-2 2 4 -5 6 -7 -8 9 12 11 13 -13 -14 -15 -16
leaf_value=-0.012161687171488118 7.1295779394078696e-05 -0.008337915253633383 -0.0060204793452563101 -0.0010047521134186946 7.7269219571033144e-05 0.0031795136740611026 2.4752266288001801e-05 -0.00030299929951115457 -0.00032939206522192646 -0.00019323391678880851 0.0066006041113104335 -0.0018998600678222918 -0.0020310797728813994 -0.0068909674887045981 -0.0048646042728598864
leaf_weight=9452 485 195 740 200 409 543 289 291 400 256 144 3084 585 168 109
leaf_count=9064 89 171 516 76 137 167 89 115 84 128 136 1152 129 80 97
internal_value=-0.000262469 -0.000474875 -7.41816e-06 0.00239976 -0.000170405 0.000634804 -0.000387399 -0.000482444 0 -0.000652677 -0.000793791 -0.000765165 -0.000466968 0 -0.000821673
internal_weight=17350 16865 6992 395 6597 1283 5314 5025 1394 3631 9873 3340 985 312 9561
internal_count=12230 12141 2764 247 2517 683 1834 1745 350 1395 9377 1280 213 216 9161
is_linear=0
shrinkage=0.0296731


Tree=92
num_leaves=14
num_cat=0
split_feature=21 16 63 9 63 31 21 54 25 22 24 9 9
split_gain=28.8724 2.70473 2.14051 1.69057 4.48688 1.41382 1.95693 0.623647 0.262216 0.117918 0.0968642 0.0252337 0.0128332
threshold=32.145000000000003 36.480732951012421 -1.0774726099180343 0.73248728852523659 0.62157267634986735 0.24611688884327168 30.705000000000002 0.99850000000000005 30.405000000000005 31.295000000000005 29.915000000000003 0.7206604759859373 0.99817629101047833
decision_type=2 2 2 2 2 2 2 2 2 2 2 2 2
left_child=1 8 -3 7 -5 10 -7 9 12 -4 -6 -10 -1
right_child=-2 2 3 4 5 6 -8 -9 11 -11 -12 -13 -14
leaf_value=-0.011800812113874112 6.9180212028053235e-05 0.00035422113699290752 -0.0036200757390326892 0.0029169602289368843 -0.0037652266146284571 0.00031051646987852622 -0.00011374698602676122 4.1034462746959936e-07 0.0064047436722637682 -0.0010918828415634597 -0.0016934417897518455 -0.0066864910657842298 -0.0047202563446091502
leaf_weight=9452 485 235 2711 577 294 381 892 213 144 229 1460 168 109
leaf_count=9064 89 87 1403 193 102 141 184 109 136 77 468 80 97
internal_value=-0.000259049 -0.000471357 -7.41816e-06 -0.000121594 0.000295126 -0.000125364 0.000576964 -0.000635505 -0.000787781 -0.000768338 -0.00070295 0 -0.000815468
internal_weight=17350 16865 6992 6757 3604 3027 1273 3153 9873 2940 1754 312 9561
internal_count=12230 12141 2764 2677 1088 895 325 1589 9377 1480 570 216 9161
is_linear=0
shrinkage=0.0296731


Tree=93
num_leaves=22
num_cat=0
split_feature=39 16 23 9 48 44 57 6 30 55 22 22 39 22 30 41 48 9 9 9 9
split_gain=24.1724 1.90226 1.9794 3.41638 1.05728 0.978349 2.14514 0.66603 0.817772 0.249731 0.202355 0.816371 0.214846 0.140163 0.0796935 0.0686962 0.0248263 0.101995 0.0449685 0.0231684 0.00463406
threshold=31.85166666666667 36.480732951012421 29.205000000000002 0.4975086818028765 566.85000000000002 0.61236513589394703 1008.6500000000002 0.91597561503675351 77.250000000000014 1005.4500000000002 29.975000000000005 29.875000000000004 31.315000000000001 31.255000000000006 82.950000000000017 30.452500000000004 448.30000000000007 -0.30901413279605799 -0.20931270765420754 0.99817629101047833 0.89391031859722891
decision_type=2 2 2 2 2 2 2 2 2 2 2 2 2 2 2 2 2 2 2 2 2
left_child=1 15 3 -3 7 6 9 10 -9 -6 11 -4 14 -7 -12 16 19 -18 -19 -1 -20
right_child=-2 2 4 -5 5 13 -8 8 -10 -11 12 -13 -14 -15 -16 -17 17 18 20 -21 -22
leaf_value=-0.013883429809965077 0.0086231971539211145 -0.0077871491226498054 -0.001334663888971498 -0.00086168536374034714 -0.0033298990608510012 -0.0022665646273212852 0.0064145278404601569 -0.00068399135153241505 -0.00044432739084834501 -0.00065191112581979439 -0.00063851858947121102 0.00012833284251840199 -0.0010370059599884086 -0.0019479573085802277 -0.0027646565075131442 -0.0080028978674966077 -0.0067601732112198233 0.0059203155322636184 -0.0049482953184953032 -0.004325019842479883 -0.0070276581632134896
leaf_weight=7694 758 169 611 156 271 425 220 312 326 241 2858 202 329 321 278 101 927 87 856 102 106
leaf_count=7354 150 145 399 64 135 157 80 92 126 109 1026 102 77 81 110 57 923 71 776 90 106
internal_value=-0.00027102 -0.000514534 -0.000108419 0.00210621 -0.000240342 0.000413885 0.0012133 -0.000461342 0.000317342 0 -0.000605391 -1.37834e-05 -0.000709768 -0.000212865 -0.000785403 -0.000778767 -0.000786723 -0.000483984 -0.000125837 -0.000848021 -0.000241495
internal_weight=17350 16592 6719 325 6394 1478 732 4916 638 512 4278 813 3465 746 3136 9873 9772 1976 1049 7796 962
internal_count=12230 12080 2703 209 2494 562 324 1932 218 244 1714 501 1213 238 1136 9377 9320 1876 953 7444 882
is_linear=0
shrinkage=0.0296731


Tree=94
num_leaves=17
num_cat=0
split_feature=21 62 55 47 3 55 38 38 35 25 55 42 40 25 59 20
split_gain=28.9583 2.52156 1.51376 0.926846 1.49346 2.95503 1.05318 5.28036 0.809497 0.496536 1.26749 0.316219 0.281593 0.187879 0.102235 0.0198391
threshold=32.145000000000003 36.179563315273171 1009.7500000000001 5.5500000000000007 0.99350000000000016 1006.4500000000002 0.83186452149848955 0.93417798190429779 39.406609596300463 29.855000000000004 1010.1500000000002 0.38920003340994797 0.017320508081498608 30.595000000000002 2.7150000000000003 35.923849755177436
decision_type=2 2 2 2 2 2 2 2 2 2 2 2 2 2 2 2
left_child=1 9 3 12 6 -6 11 -8 -9 -1 13 -5 -3 15 -14 -11
right_child=-2 2 -4 4 5 -7 7 8 -10 10 -12 -13 14 -15 -16 -17
leaf_value=-0.013207904973638484 -0.00018874964083768407 -0.0024670826399411923 5.1607492660519303e-05 -0.00043648996421568877 -0.0035401436935764371 0.005814179192637374 0.0031452852123006643 -0.002036492154770623 1.4551666304806558e-05 -0.0025926390997372747 0.00041561303758173162 -0.00052249075287882397 -0.0098917275939790807 -0.0055039356356838048 -0.0057758492716859094 -0.0034984006882249215
leaf_weight=8754 485 213 274 1487 197 170 386 1095 302 204 184 447 183 181 1753 1035
leaf_count=8602 89 89 70 583 129 98 118 403 66 196 144 127 83 73 749 611
internal_value=-0.00026931 -0.000481912 -5.46377e-06 -0.000118869 0.000119588 0.00192618 -2.79122e-05 0.000457028 -0.000315916 -0.000769662 -0.000186727 -0.000536469 -0.000626988 -0.000554676 -0.000751147 -0.000696981
internal_weight=17350 16865 6507 6233 4084 367 3717 1783 1397 10358 1604 1934 2149 1420 1936 1239
internal_count=12230 12141 2515 2445 1524 227 1297 587 469 9626 1024 710 921 880 832 807
is_linear=0
shrinkage=0.0296731


Tree=95
num_leaves=16
num_cat=0
split_feature=21 21 55 19 9 55 60 21 25 38 16 26 18 62 19
split_gain=29.0013 2.33622 2.81139 0.876154 1.20976 2.17747 3.18711 0.413995 0.312844 0.256704 0.243793 0.195 0.110906 0.0709627 0.0356349
threshold=32.145000000000003 29.745000000000001 1010.35 38.426664003464204 0.74409704927257569 1007.4500000000002 0.41500000000000004 31.005000000000006 30.405000000000005 0.47626828003423571 35.670744333177907 81.15000000000002 36.074251349054364 38.061253021264967 32.562905687904696
decision_type=2 2 2 2 2 2 2 2 2 2 2 2 2 2 2
left_child=1 8 3 4 7 6 -6 9 13 -3 14 -5 -7 -1 -11
right_child=-2 2 -4 11 5 12 -8 -9 -10 10 -12 -13 -14 -15 -16
leaf_value=-0.010331805986083973 -0.00018314885234919093 -0.0002506425362564522 0.00040690388963567851 -0.00073103517966101696 -4.9014459265527513e-05 -0.0006928042883489711 0.0029473677411393845 -4.1445253716022537e-06 -0.0017494222678730745 -0.002632459258706523 -0.0071102893099178844 -0.00058265236218206756 -0.0019366011033717695 -9.6028359514788026e-05 0.0080310717437906895
leaf_weight=9256 485 293 265 2099 657 276 491 312 198 132 1738 327 612 107 102
leaf_count=8920 89 157 141 623 173 112 167 116 150 132 990 127 192 39 102
internal_value=-0.00027444 -0.00048719 -6.94822e-05 -0.000198731 1.67089e-05 0.000580956 0.00145861 -0.000383065 -0.000793748 -0.000548846 -0.000678537 -0.000657011 -0.000420862 -0.000820225 0
internal_weight=17350 16865 7304 7039 4613 2036 1148 2577 9561 2265 1972 2426 888 9363 234
internal_count=12230 12141 3032 2891 2141 644 340 1497 9109 1381 1224 750 304 8959 234
is_linear=0
shrinkage=0.0296731


Tree=96
num_leaves=20
num_cat=0
split_feature=51 39 55 58 9 37 56 57 30 30 54 42 1 25 50 50 23 50 38
split_gain=24.5686 2.27323 2.90566 0.91709 1.15585 1.8586 5.3935 0.573128 0.454806 0.422882 0.412195 0.323533 0.321396 0.110287 0.100325 0.130589 0.100168 0.0733147 0.00615292
threshold=27393.950000000008 29.646666666666665 1010.2500000000001 5.4250000000000007 0.73248728852523659 37.475609673578198 1006.6500000000002 1008.7500000000001 71.450000000000017 79.350000000000009 0.82750000000000001 0.065650590248150745 1.7250000000000003 29.935000000000006 200.91666666666671 445.23333333333352 29.475000000000005 634.1750000000003 1.44172407639288
decision_type=2 2 2 2 2 2 2 2 2 2 2 2 2 2 2 2 2 2 2
left_child=1 13 3 4 7 6 -6 11 -7 -10 18 -3 -8 17 -15 -16 -13 -1 -9
right_child=-2 2 -4 -5 5 8 12 10 9 -11 -12 16 -14 14 15 -17 -18 -19 -20
leaf_value=-0.013064781097115803 0.0083098260253578957 -0.0028691480308123559 0.00039780636237808105 -0.0020121393997205848 0.0025307861433920336 -0.0003626472226007878 -0.004890571467114301 -0.0011432482840894645 -0.00021294314816697736 0.00010075791252250759 0.0045864824001870001 -0.0038230629303914144 0.0065342952733450964 -0.0026425409855339982 0.0054662871088865658 -0.0038211143737008823 -0.0023048002647767921 -0.0040487338882477433 -0.0030309396852301823
leaf_weight=8207 670 179 235 1722 251 382 338 210 997 356 224 189 300 357 157 192 1969 300 115
leaf_count=8007 150 91 123 762 91 90 154 154 297 132 112 145 108 193 129 168 913 296 115
internal_value=-0.000255629 -0.000486278 -8.34194e-05 -0.000204873 0 0.000432363 0.00154187 -0.000427044 -6.89777e-05 -0.000384843 0.00029699 -0.00064814 0 -0.000799766 -0.00017462 0 -0.000765435 -0.000837596 -6.69573e-05
internal_weight=17350 16680 7467 7232 5510 2624 889 2886 1735 1353 549 2337 638 9213 706 349 2158 8507 325
internal_count=12230 12080 3287 3164 2402 872 353 1530 519 429 381 1149 262 8793 490 297 1058 8303 269
is_linear=0
shrinkage=0.0296731


Tree=97
num_leaves=17
num_cat=0
split_feature=51 39 62 20 20 9 48 48 26 37 62 62 47 3 5 2
split_gain=23.5063 3.94597 1.68957 1.11215 3.19671 0.926437 0.640684 0.827484 0.330631 0.278586 0.181994 0.184864 0.139273 0.0436761 0.0167881 0.0139854
threshold=29360.422000000002 31.85166666666667 37.477825278845962 36.633365959133904 35.945225271415303 0.99965739133362419 69.40000000000002 250.25000000000003 70.850000000000009 40.54902166933816 36.179563315273171 36.288453859915101 61.70000000000001 0.048500000000000008 -0.78656609248549303 257.55000000000007
decision_type=2 2 2 2 2 2 2 2 2 2 2 2 2 2 2 2
left_child=1 2 5 4 -4 9 -5 -8 -9 10 -1 12 -12 -13 -15 -14
right_child=-2 -3 3 6 -6 -7 7 8 -10 -11 11 13 15 14 -16 -17
leaf_value=-0.0072766023843625011 0.011430261878765197 0.0025213100355536413 -0.0017651712851181082 -0.0026710003307824056 -0.0023562902932508702 0.0010135849680502497 0.00013548835435437247 9.367068000463206e-05 -0.00030437145162563815 -0.00049096974968660626 -0.0036359956291464168 -7.8269330556074164e-05 -0.00032649033567068913 -0.0089458776755437733 -0.0011976085952411419 0.00027088490448154824
leaf_weight=10120 298 584 353 1097 323 139 343 332 869 249 275 191 139 236 1608 194
leaf_count=9540 50 128 113 397 103 67 119 108 269 49 147 43 103 112 744 138
internal_value=-0.00030009 -0.000451591 -0.000542333 2.21595e-05 0.0011245 -0.000693739 -0.000215737 0.000108777 -0.000173067 -0.000725841 -0.00074588 -0.000418151 0 -0.000554004 -0.000599581 0.00044225
internal_weight=17350 17052 16468 3317 676 13151 2641 1544 1201 13012 12763 2643 608 2035 1844 333
internal_count=12230 12180 12052 1109 216 10943 893 496 377 10876 10827 1287 388 899 856 241
is_linear=0
shrinkage=0.0296731


Tree=98
num_leaves=15
num_cat=0
split_feature=21 62 20 18 9 54 62 35 6 33 21 25 57 53
split_gain=28.9154 2.67379 2.70638 6.02342 0.895831 0.832766 0.408071 0.629297 0.615128 0.533723 0.366421 0.327097 0.269461 0.0746076
threshold=32.145000000000003 37.419463303641926 36.740554360791741 37.325967094266154 0.99906486341235867 0.99450000000000005 36.179563315273171 34.978286243132217 0.91597561503675351 34.631442067009381 31.605000000000004 30.595000000000002 1007.6500000000002 0.076500000000000012
decision_type=2 2 2 2 2 2 2 2 2 2 2 2 2 2
left_child=1 4 3 -3 6 10 11 9 13 -8 12 -1 -4 -9
right_child=-2 2 5 -5 -6 -7 7 8 -10 -11 -12 -13 -14 -15
leaf_value=-0.0071792074044726168 0.0028185600530951775 -0.00050587049131978852 -0.0020424245344757572 -0.0016544180420498733 4.8464560358257099e-05 -2.8341713280479481e-06 -0.010509618485014603 -0.0051841850620165239 3.0588463905996436e-06 0.0058047755658779338 0.00065215614536601044 -0.0038086286408465031 -0.00013637229791942771 -0.00044422542853810379
leaf_weight=10013 485 495 1684 304 222 439 111 252 339 98 366 193 484 1865
leaf_count=9445 89 155 552 104 114 175 107 64 111 90 86 85 168 885
internal_value=-0.000264179 -0.000476634 0.000195197 0.00174095 -0.000679274 -0.000181293 -0.000717126 -0.0003108 -0.000478805 0.00108346 -0.000421263 -0.000811469 -0.000588277 -0.000693018
internal_weight=17350 16865 3772 799 13093 2973 12871 2665 2456 209 2534 10206 2168 2117
internal_count=12230 12141 1240 259 10901 981 10787 1257 1060 197 806 9530 720 949
is_linear=0
shrinkage=0.0296731


Tree=99
num_leaves=19
num_cat=0
split_feature=21 25 20 33 9 44 2 30 43 18 25 37 0 63 48 36 57 48
split_gain=28.9154 2.26596 1.03793 6.42983 1.53372 4.93083 0.872174 2.54408 0.609093 1.52388 0.278354 0.199419 0.158052 0.0542322 0.0374313 0.017644 0.00449037 0.000774817
threshold=32.145000000000003 29.415000000000003 36.801149740029409 37.881364471915795 0.83827194252655779 0.55914255653132428 184.40000000000003 78.250000000000014 30.642291666666669 38.512230663472295 30.405000000000005 36.682893089593897 3.4050000000000007 3.6521198464242421 658.35000000000002 0.11596239899737493 1011.7500000000001 705.25000000000011
decision_type=2 2 2 2 2 2 2 2 2 2 2 2 2 2 2 2 2 2
left_child=1 14 3 4 10 -6 12 8 11 -10 15 -8 -4 -14 -1 -3 -17 -16
right_child=-2 2 6 -5 5 -7 7 -9 9 -11 -12 -13 13 -15 17 16 -18 -19
leaf_value=-0.012912186591890328 0.0027349246160701958 -0.010108735487670035 -0.003656183811635883 -0.00047446163143984889 -0.00044676500082330498 -0.0031747921379848961 -0.0025322252199146827 -0.00065804392062883909 -0.00051700945211141419 -0.00029553079081903635 0.0064797988339482769 -0.00036345005424564338 -0.0035614508482850866 -0.0015672757368098904 -0.0031102652634547416 -0.0069549962007379711 -0.0025004232621584394 -0.0054075242222915015
leaf_weight=7739 485 144 388 270 173 332 276 308 419 542 169 1361 2462 243 107 1452 108 372
leaf_count=7399 89 100 188 94 85 224 164 160 103 122 117 433 1066 51 107 1248 108 372
internal_value=-0.000264179 -0.000476634 -0.000124871 0.000342016 -0.000103822 0.00127715 -0.000350845 0 -0.000284461 0.000220495 -0.000540786 -0.000653387 -0.000697671 -0.000779681 -0.000832137 -0.000680074 -0.000717685 -0.000145393
internal_weight=17350 16865 8647 2648 2378 505 5999 2906 2598 961 1873 1637 3093 2705 8218 1704 1560 479
internal_count=12230 12141 4263 1976 1882 309 2287 982 822 225 1573 597 1305 1117 7878 1456 1356 479
is_linear=0
shrinkage=0.0296731


Tree=100
num_leaves=20
num_cat=0
split_feature=21 62 20 33 9 28 39 26 62 62 6 25 48 20 33 48 54 53 50
split_gain=28.6011 2.97151 2.95315 7.42969 0.865404 0.730465 0.720476 0.876508 0.50348 0.746937 1.34745 0.315325 0.246589 0.20836 0.046338 0.0456671 0.0236228 0.0233649 0.0222558
threshold=32.145000000000003 37.419463303641926 37.441307861039455 38.027845321883383 0.99906486341235867 79.65000000000002 29.96166666666667 70.850000000000009 36.179563315273171 36.288453859915101 0.60355339059327384 30.595000000000002 748.95000000000016 36.221556965848187 36.104944988463004 777.85000000000014 0.079500000000000015 0.96950000000000014 634.1750000000003
decision_type=2 2 2 2 2 2 2 2 2 2 2 2 2 2 2 2 2 2 2
left_child=1 4 3 5 8 -3 -4 -8 11 10 14 12 18 17 -10 -14 -15 -11 -1
right_child=-2 2 6 -5 -6 -7 7 -9 9 13 -12 -13 15 16 -16 -17 -18 -19 -20
leaf_value=-0.0080282486514196057 0.0026537709024054982 -0.0011000037619352263 3.8501495968771914e-05 -0.0021899406341292452 6.0283372367976364e-05 0.00048043588345250975 0.0011519656365930942 -0.0016496525432251954 0.00088446445325377995 0.0016086968856052696 -0.0023041167620325279 -0.00364910884933576 -0.0011510208336372367 -0.0012376222277953705 -0.0020621840106750367 -0.0039222882954574436 -0.00017999801135580072 -0.024720660243693845 -0.0025673009188558306
leaf_weight=9305 485 647 306 322 222 292 436 1769 142 170 176 193 138 314 294 402 1378 191 168
leaf_count=8749 89 215 158 110 114 100 124 533 134 102 88 85 134 82 166 398 526 159 164
internal_value=-0.000226559 -0.000437932 0.000273814 0.00145991 -0.000652082 0 -0.0002753 -0.00049924 -0.000689466 -0.000255179 0.000561627 -0.000791122 -0.000815877 -0.000556948 -7.234e-05 0 -0.000696099 0 -0.000852353
internal_weight=17350 16865 3772 1261 13093 939 2511 2205 12871 2665 612 10206 10013 2053 436 540 1692 361 9473
internal_count=12230 12141 1240 425 10901 315 815 657 10787 1257 388 9530 9445 869 300 532 608 261 8913
is_linear=0
shrinkage=0.0296731


Tree=101
num_leaves=19
num_cat=0
split_feature=25 62 20 16 56 9 4 47 52 47 36 38 25 48 26 24 60 48
split_gain=22.7503 2.93134 1.4224 4.99204 1.5199 1.39774 1.08328 0.851381 1.4977 1.16804 0.528027 1.07936 0.361554 0.243116 0.159537 0.0717058 0.0466038 0.0456671
threshold=32.145000000000003 36.111703107983331 36.740554360791741 38.06979963710473 1008.5500000000001 0.99906486341235867 1004.6500000000002 6.7500000000000009 0.99050000000000005 96.100000000000009 0.61481988200712778 0.93646427134304411 30.595000000000002 748.95000000000016 67.750000000000014 28.835000000000004 0.19500000000000003 777.85000000000014
decision_type=2 2 2 2 2 2 2 2 2 2 2 2 2 2 2 2 2 2
left_child=1 5 3 4 6 12 -3 16 9 -9 14 -12 13 -1 -11 -8 -4 -15
right_child=-2 2 7 -5 -6 -7 15 8 -10 10 11 -13 -14 17 -16 -17 -18 -19
leaf_value=-0.0078926726864425711 0.0076118036242519673 0.0009205345710571113 -0.0035623326712885218 0.00048500230979506341 0.0069627706766475827 -0.00092972113059240624 -0.004430807501983886 0.00016235559199921862 -0.00026753053084873556 -0.052753049439963499 0.00058067731464388575 -0.00014277380431001747 -0.0017351550574838737 -0.0011168664680630124 -0.00033124020684039204 -0.0013124555934048824 -0.0072026591395581794 -0.00380590181102954
leaf_weight=9268 529 177 240 239 170 148 190 320 346 300 338 424 142 138 1640 895 1444 402
leaf_count=8812 89 125 64 79 58 92 158 120 154 80 86 120 70 134 524 475 592 398
internal_value=-0.000216299 -0.00041382 4.98522e-05 0.00081318 6.26567e-05 -0.000734244 -0.000207664 -0.000179343 6.11782e-05 -0.000114288 -0.000351644 0.000199095 -0.000785592 -0.0008113 -0.000629221 -0.00064233 -0.000730369 0
internal_weight=17350 16821 6723 1671 1432 10098 1262 5052 3368 3022 2702 762 9950 9808 1940 1085 1684 540
internal_count=12230 12141 2635 895 816 9506 758 1740 1084 930 810 206 9414 9344 604 633 656 532
is_linear=0
shrinkage=0.0296731


Tree=102
num_leaves=21
num_cat=0
split_feature=21 39 4 26 3 1 9 51 30 6 57 61 36 21 37 34 35 50 21 50
split_gain=28.1611 3.53517 2.76054 1.41617 1.7623 1.11651 1.98501 0.990919 1.95179 0.789029 0.737059 1.3008 0.360275 0.257937 0.106736 0.0790476 0.0642883 0.0630256 0.0506544 0.000147015
threshold=32.145000000000003 29.565000000000001 1010.2500000000001 68.350000000000009 0.60150000000000003 5.745000000000001 0.73248728852523659 6706.0845000000018 75.950000000000017 0.91597561503675351 1008.7500000000001 2.9150000000000005 0.098791177614738254 31.655000000000005 37.577565774427967 0.23959902337882275 40.571075493802716 625.30833333333351 29.685000000000006 656.34166666666692
decision_type=2 2 2 2 2 2 2 2 2 2 2 2 2 2 2 2 2 2 2 2
left_child=1 14 3 4 -3 9 7 -7 -9 10 12 15 -5 16 17 -12 -14 18 -1 -19
right_child=-2 2 -4 5 -6 6 -8 8 -10 -11 11 -13 13 -15 -16 -17 -18 19 -20 -21
leaf_value=-0.011806868435939578 0.0062263886285871548 -0.0010868831307774102 0.00025707123436115569 -0.0011893450550201617 0.0017810809074227179 -0.0052060489988594175 0.00029561153639117609 -0.011892008041861872 0.00017969590099148743 -0.00015772881999565074 -0.0033110825405389876 0.0080485952403983388 -0.0014470334914462282 -0.0020810857751422771 -0.00036336067333800841 -0.0052855933027435064 -0.0018502204717155998 -0.001635435095145732 -0.00176951964880277 -0.0047367377592260375
leaf_weight=8244 485 365 226 404 313 742 325 264 246 500 378 153 3364 302 122 184 242 120 131 240
leaf_count=7956 89 177 126 156 133 466 129 152 154 160 210 97 1428 58 106 120 58 116 99 240
internal_value=-0.000173548 -0.000383397 5.46352e-05 -2.4581e-05 0.00124941 -0.0001633 0.000501231 0 0.000966453 -0.000374569 -0.000500306 0.000270459 -0.000655779 -0.000745384 -0.000792783 -0.000202348 -0.000815498 -0.000805007 -0.000826141 0
internal_weight=17350 16865 8008 7782 678 7104 1577 1252 510 5527 5027 715 4312 3908 8857 562 3606 8735 8375 360
internal_count=12230 12141 3624 3498 310 3188 901 772 306 2287 2127 427 1700 1544 8517 330 1486 8411 8055 356
is_linear=0
shrinkage=0.0296731


Tree=103
num_leaves=20
num_cat=0
split_feature=21 62 47 53 20 17 55 9 43 38 22 53 42 25 48 57 48 47 48
split_gain=27.9916 3.84504 1.74124 2.07629 2.74626 4.80552 3.24728 1.39428 1.10191 2.11895 0.850203 0.649055 0.541348 0.359823 0.240627 0.172106 0.138549 0.0735484 0.0456671
threshold=32.145000000000003 36.111703107983331 40.050000000000004 0.65250000000000019 38.207296067222565 38.06979963710473 1008.2500000000001 0.99906486341235867 30.642291666666669 0.86212140542790172 31.355000000000004 0.99450000000000005 0.052041647524358102 30.595000000000002 748.95000000000016 1008.2500000000001 288.10000000000008 6.1500000000000012 777.85000000000014
decision_type=2 2 2 2 2 2 2 2 2 2 2 2 2 2 2 2 2 2 2
left_child=1 7 10 8 5 6 11 13 -4 -10 12 15 -3 14 -1 -5 -6 -14 -16
right_child=-2 2 3 4 16 -7 -8 -9 9 -11 -12 -13 17 -15 18 -17 -18 -19 -20
leaf_value=-0.0074897038071400114 0.0060416323259963878 -4.653625826975018e-05 -0.00022598435352485016 -0.0025980651261237461 -0.00012897731791117352 0.0020308445679793775 0.0011187859538713345 -0.00090976151753596811 -0.0010911200701161055 0.0011129992001918942 -0.00010054592795612816 0.0013545163547069045 -0.0057229583331935919 -0.0016157084392136791 -0.0010276568580746784 3.4800498335919234e-05 -0.0039468882963779612 -0.0016875842918652446 -0.0035873488396166281
leaf_weight=9268 485 240 1230 463 247 189 241 148 443 515 231 224 1958 142 138 174 393 219 402
leaf_count=8812 89 100 394 287 111 69 93 92 111 107 59 136 854 70 134 70 133 111 398
internal_value=-0.000153028 -0.000362286 0.000170861 0.000564598 0.00127476 0.00207072 0.00118029 -0.000731306 -8.51717e-06 0.000687414 -0.00039665 0.000177297 -0.000594821 -0.00078261 -0.000808275 -0.000143807 -0.000147293 -0.000766523 0
internal_weight=17350 16865 6767 4119 1931 1291 1102 10098 2188 958 2648 861 2417 9950 9808 637 640 2177 540
internal_count=12230 12141 2635 1511 899 655 586 9506 612 218 1124 493 1065 9414 9344 357 244 965 532
is_linear=0
shrinkage=0.0296731


Tree=104
num_leaves=21
num_cat=0
split_feature=39 62 51 3 4 38 50 9 9 25 24 19 25 52 50 25 48 48 48 61
split_gain=23.2132 3.02197 1.48818 2.39017 3.0854 3.05258 1.5184 1.39428 0.626996 0.741845 0.621201 1.48844 0.359823 0.282306 0.243646 0.142542 0.0320894 0.0211628 0.00826302 0.0064686
threshold=31.85166666666667 36.111703107983331 1257.0820000000001 0.77550000000000019 1007.2500000000001 0.63842433665095322 671.35000000000025 0.99906486341235867 0.74409704927257569 29.855000000000004 30.085000000000004 38.282706916798965 30.595000000000002 0.99350000000000016 615.39166666666699 29.855000000000004 777.85000000000014 721.75000000000011 748.95000000000016 0.19500000000000003
decision_type=2 2 2 2 2 2 2 2 2 2 2 2 2 2 2 2 2 2 2 2
left_child=1 7 8 10 6 -6 13 12 -3 -10 -4 -12 14 15 17 -5 18 -1 -16 -11
right_child=-2 2 3 4 5 -7 -8 -9 9 19 11 -13 -14 -15 16 -17 -18 -19 -20 -21
leaf_value=-0.0075043350109053599 0.0071276193435218889 -0.007083495668473468 -0.0003269502028912786 0.00019913952820447867 6.2845244269726937e-06 3.4393223256096093e-05 0.0073665656933680282 -0.00088276606571856904 0.00021226102683884901 -0.0032233969109345634 0.001041751505634257 -0.00033665805154576385 -0.0015677653481057485 0.0035331323513438724 -0.0017595869676652297 -0.0012027903421799244 -0.0034550425894139701 -0.0046887624257411437 -0.00091375071994137503 -0.0091289975544677337
leaf_weight=8969 758 1622 1114 233 225 324 183 148 372 227 399 627 142 214 236 550 396 105 102 404
leaf_count=8517 150 754 350 173 81 132 79 92 140 55 99 163 70 146 232 230 392 105 98 172
internal_value=-0.000170128 -0.000409034 7.38538e-05 0.00045926 0.0012874 0.00314915 0.000315925 -0.000731306 -0.000448798 2.65274e-05 -0.000154968 0.000294562 -0.00078261 -2.66849e-05 -0.000808275 -0.000395898 -8.09429e-05 -0.000853959 0 -0.000464669
internal_weight=17350 16592 6494 3869 1729 549 1180 10098 2625 1003 2140 1026 9950 997 9808 783 734 9074 338 631
internal_count=12230 12080 2574 1453 841 213 628 9506 1121 367 612 262 9414 549 9344 403 722 8622 330 227
is_linear=0
shrinkage=0.0296731


Tree=105
num_leaves=21
num_cat=0
split_feature=21 21 57 44 40 25 44 25 44 44 3 6 22 47 16 45 50 58 50 48
split_gain=28.331 2.96112 1.72558 3.70744 3.01595 1.72738 2.10332 0.961058 0.914564 0.984721 0.735927 0.27984 0.255135 0.1712 0.167341 0.160389 0.136899 0.132362 0.00878154 0.0176895
threshold=32.145000000000003 29.915000000000003 1008.4500000000002 0.61236513589394703 0.090184995060141909 29.855000000000004 0.54672062520882825 29.935000000000006 0.69701062769443656 0.75409978319265203 0.99550000000000016 0.91597561503675351 31.205000000000002 495.45000000000005 35.842887945963817 2080.7145000000005 579.04166666666708 3.5250000000000004 600.50833333333355 689.9000000000002
decision_type=2 2 2 2 2 2 2 2 2 2 2 2 2 2 2 2 2 2 2 2
left_child=1 7 5 4 -4 6 -3 16 11 -10 13 -7 -11 -9 -15 -5 -1 -8 -18 -20
right_child=-2 2 3 15 -6 8 17 10 9 12 -12 -13 -14 14 -16 -17 18 -19 19 -21
leaf_value=-0.010168865652746446 0.0056508596981564192 0.00023502503958014497 -0.00020059416586092689 0.0026532958811865755 0.0003453260470494954 -0.0011189108288798357 0.0013099919707777923 -0.0028577095602976524 0.00010542508204635605 -0.00053167862261892501 0.00020320721590219793 -8.6175730935476852e-05 -0.0016388536667459584 -0.0055629109669638631 -0.0005000898044250834 -0.0016544615004611678 -0.010856080301573038 -0.0026626830422341609 -0.0019327200450090312 -0.0065241951384397683
leaf_weight=8721 485 377 170 215 271 2492 141 553 611 710 168 276 368 179 116 552 110 339 107 389
leaf_count=8365 89 153 82 155 127 944 77 341 175 202 96 92 80 163 80 252 106 159 103 389
internal_value=-0.000194068 -0.000404507 7.42646e-05 0.00109702 0.00326304 -0.000136235 0.00104546 -0.000717859 -0.000390584 9.33112e-05 4.39623e-05 -0.00072864 -0.000366074 -0.000189427 0.000113624 0 -0.000813593 -2.39138e-05 -0.000105776 -0.000170798
internal_weight=17350 16865 6522 1208 441 5314 857 10343 4457 1689 1016 2768 1078 848 295 767 9327 480 606 496
internal_count=12230 12141 2498 616 209 1882 389 9643 1493 457 680 1036 282 584 243 407 8963 236 598 492
is_linear=0
shrinkage=0.0296731


Tree=106
num_leaves=22
num_cat=0
split_feature=21 25 4 44 57 0 45 53 17 20 61 47 21 48 59 63 48 21 38 34 45
split_gain=27.9352 3.64799 1.94986 5.46418 1.4113 2.20173 2.01824 2.66928 0.803999 1.70809 1.69054 0.935437 3.31289 2.78427 0.530617 0.262318 0.120391 0.12282 0.107139 0.0486347 0.0206991
threshold=32.145000000000003 29.425000000000004 1010.35 0.58088099880063515 1008.35 5.035000000000001 2114.9475000000007 0.37950000000000006 36.964428634276466 36.740554360791741 0.67500000000000016 6.7500000000000009 30.615000000000006 187.30000000000004 4.955000000000001 3.415698348266043 735.70000000000016 30.145000000000003 0.4385552982297492 0.27131102513471156 2442.4840000000008
decision_type=2 2 2 2 2 2 2 2 2 2 2 2 2 2 2 2 2 2 2 2 2
left_child=1 16 4 -4 8 6 7 -6 18 10 -10 15 13 -13 -14 -11 17 -1 -3 -8 -20
right_child=-2 2 3 -5 5 -7 19 -9 9 11 -12 12 14 -15 -16 -17 -18 -19 20 -21 -22
leaf_value=-0.012649870319661739 0.0054831811277092253 0.00025693390351950117 -0.00010250702914293427 -0.0038181267387763056 -0.0011513832043718703 0.0076004901161573456 -0.0015811060076051551 0.0074113733269090265 -0.00057542446796104226 -0.0035278768809679194 0.00099357537754097679 0.0010628418342962941 -0.0003818932782581618 0.00018497019268280451 -0.00039244925597768144 -0.0014308591996511201 -0.003672473220829866 -0.0036424739799619668 -0.0025631237597200682 -0.00039605565071716605 -0.0056516056140224575
leaf_weight=7752 485 157 128 208 191 308 678 155 159 1670 309 163 1120 342 568 273 294 239 1806 192 153
leaf_count=7532 89 113 64 180 155 172 390 79 59 638 149 67 288 174 148 57 294 107 1250 120 105
internal_value=-0.000146187 -0.00035525 6.0813e-05 0.00227187 -1.55035e-05 0.000782824 0.000109809 0.00209594 -0.000214473 0 0.00169995 -0.000186917 0.000191912 0.00232981 -0.000379669 -0.000675382 -0.000800382 -0.000823064 -0.000692925 -0.000547231 -0.000752777
internal_weight=17350 16865 8580 336 8244 1524 1216 346 6720 4604 468 4136 2193 505 1688 1943 8285 7991 2116 870 1959
internal_count=12230 12141 4208 244 3964 916 744 234 3048 1580 208 1372 677 241 436 695 7933 7639 1468 510 1355
is_linear=0
shrinkage=0.0296731


Tree=107
num_leaves=23
num_cat=0
split_feature=21 21 55 44 26 38 42 28 52 61 9 5 58 42 23 62 5 59 50 61 52 43
split_gain=28.1328 3.24373 4.301 5.85255 1.13369 1.92604 1.1957 1.76301 3.7734 0.591806 2.15084 0.462796 1.13182 0.408683 0.224485 0.170476 0.286823 0.14184 0.0856171 0.0640512 0.0620505 0.0233503
threshold=32.145000000000003 29.505000000000006 1010.35 0.59458417731628588 68.350000000000009 0.91155417021835727 0.11931051739560032 79.950000000000017 0.87550000000000006 2.9150000000000005 0.73248728852523659 -0.37940952255126059 4.5050000000000008 0.62704586767761805 29.245000000000001 36.179563315273171 0.37940952255126054 6.5850000000000009 571.6500000000002 5.8250000000000011 0.024500000000000004 29.834791666666671
decision_type=2 2 2 2 2 2 2 2 2 2 2 2 2 2 2 2 2 2 2 2 2 2
left_child=1 15 4 -4 5 -3 7 11 -9 13 14 -6 -13 20 19 18 -17 -18 -1 -11 -8 -7
right_child=-2 2 3 -5 6 21 9 8 -10 10 -12 12 -14 -15 -16 16 17 -19 -20 -21 -22 -23
leaf_value=-0.016836439752065974 0.0053204781016020697 0.002273895255566209 -0.00014435379853469353 -0.0029023386765465293 -0.003464117164304812 0.00026522318802104755 -0.00015144006680683258 0.00031888242206471455 -0.004284808557163235 0.0010053036542085783 -0.0020742454747176482 -0.0027448186995435689 0.0020284188987160267 -0.00017102050906876216 -0.0012450346142781434 -0.0046677384420382188 -0.0041352648902798139 0.0074173836424521198 -0.0045800361775040323 -0.0028558177538800665 -0.0013660948322887655 -0.0071675972649381811
leaf_weight=7266 485 290 165 173 644 181 233 204 286 141 501 318 223 371 1227 504 132 109 486 181 3020 210
leaf_count=7226 89 98 69 141 236 161 69 80 182 117 185 166 111 119 663 332 100 109 482 161 1280 54
internal_value=-0.000170128 -0.000379878 2.10894e-05 0.00329935 -0.000103025 0.00102292 -0.000223852 0.000437629 0.0019458 -0.000440197 0 -8.84334e-05 0.000423682 -0.000668584 -0.000582575 -0.000788657 -0.000132555 0.000458241 -0.000836302 0 -0.000780054 -5.42153e-05
internal_weight=17350 16865 8368 338 8030 681 7349 1675 490 5674 2050 1185 541 3624 1549 8497 745 241 7752 322 3253 391
internal_count=12230 12141 3892 210 3682 313 3369 775 262 2594 1126 513 277 1468 941 8249 541 209 7708 278 1349 215
is_linear=0
shrinkage=0.0296731


Tree=108
num_leaves=25
num_cat=0
split_feature=39 62 51 20 48 10 63 57 51 10 20 43 38 56 61 16 11 29 56 44 22 18 22 2
split_gain=23.1166 2.89304 1.48818 2.01725 2.91959 3.75156 1.88681 5.32834 0.658435 0.626996 0.675127 0.551829 0.304368 0.593481 0.277753 0.176875 0.10245 0.0779947 0.0701797 0.0502232 0.0181568 0.0157596 0.00011812 6.87667e-05
threshold=31.85166666666667 36.111703107983331 1257.0820000000001 38.426664003464204 203.05000000000004 -0.67758968959607091 -0.080921478273797462 1008.4500000000002 18823.969500000003 -0.66483077113278999 37.324693251298491 29.391041666666673 0.82352384089345276 1006.9500000000002 2.8750000000000004 39.986529123853963 6.5000000000000009 87.850000000000009 1003.2500000000001 0.40397302209061031 30.635000000000002 32.752139427317815 29.135000000000002 589.90000000000009
decision_type=2 2 2 2 2 2 2 2 2 2 2 2 2 2 2 2 2 2 2 2 2 2 2 2
left_child=1 8 9 4 5 -4 7 19 15 -3 -11 16 -5 -14 -8 17 21 18 22 -6 -20 -10 -1 -18
right_child=-2 2 3 12 6 -7 14 -9 11 10 -12 -13 13 -15 -16 -17 23 -19 20 -21 -22 -23 -24 -25
leaf_value=-0.021457808992376464 0.0064278640063548916 -0.0065076979328372456 -1.0029644662269969e-05 -0.00082350261091097441 -0.00056639188718459214 0.00022253137447343649 -0.0021897044196181373 0.007841466041476907 -0.0062473412106010739 0.00023031860150530997 -0.0030366180832679984 -0.0017060384560911462 0.00058105008009111533 -0.0020042882077625016 -0.00028462114547468773 0.002138283937135946 -0.0042839371930126283 -0.0035827896860112225 -0.0077335897646200599 -0.0040916192061147888 -0.0039090828333417441 -0.001179759207563422 4.0593321583411737e-05 -0.007489540427183596
leaf_weight=138 758 1622 269 757 190 253 716 228 201 387 616 172 359 477 297 106 98 222 8325 323 107 120 98 511
leaf_count=138 150 754 141 213 134 73 252 88 201 147 220 124 115 113 161 22 98 214 7937 163 55 120 86 511
internal_value=-0.000159868 -0.000398305 7.38538e-05 0.00045926 0.0010381 0.00301762 0.000377906 0.00154708 -0.000713679 -0.000448798 2.65274e-05 0 -0.000293472 0 -0.000361746 -0.000797585 -0.000314705 -0.000813166 -0.000828306 0 -0.000844164 0 0 -0.000546424
internal_weight=17350 16592 6494 3869 2276 522 1754 741 10098 2625 1003 1102 1593 836 1013 8996 930 8890 8668 513 8432 321 236 609
internal_count=12230 12080 2574 1453 1012 214 798 385 9506 1121 367 1054 441 228 413 8452 930 8430 8216 297 7992 321 224 609
is_linear=0
shrinkage=0.0296731


Tree=109
num_leaves=23
num_cat=0
split_feature=39 25 4 38 30 53 58 16 42 2 20 22 31 32 1 30 48 32 56 50 50 47
split_gain=22.7963 3.41452 2.8219 6.58235 0.987194 2.41341 3.07681 3.40812 1.26513 1.8963 1.16969 0.540058 0.387823 0.323242 0.301828 0.262545 0.165739 0.16504 0.124999 0.00956903 0.00878157 5.95396e-05
threshold=31.85166666666667 29.425000000000004 1010.35 0.81236977714251879 71.850000000000009 0.65250000000000019 3.3150000000000004 37.444073831565362 0.11931051739560032 230.35000000000005 36.595402877463798 31.605000000000004 1.4224587280541636 0.88000000000000089 0.15500000000000003 82.350000000000009 658.35000000000002 1.1649999999999994 1009.5500000000001 579.04166666666708 656.34166666666692 708.40000000000009
decision_type=2 2 2 2 2 2 2 2 2 2 2 2 2 2 2 2 2 2 2 2 2 2
left_child=1 16 4 -4 5 13 -7 -8 9 10 -6 12 15 -3 -12 18 17 19 -10 -1 21 -18
right_child=-2 2 3 -5 8 6 7 -9 11 -11 14 -13 -14 -15 -16 -17 20 -19 -20 -21 -22 -23
leaf_value=-0.010771617617436476 0.0062371293031085826 -0.00090127354344119771 -0.00017788513335528059 -0.012810758865867803 2.1850438026301698e-05 -0.001766624801299735 0.0059107351050083573 0.0018110115814133668 -0.00092935937104423195 -0.0023682945667246693 0.0020748344068094353 0.00024869909227167089 -2.2535485500239878e-05 -0.00034331221599307675 -0.0037826800446291533 -0.003111257275558576 0.00063582503544690357 -0.0043510684131688347 -0.0015599450028328998 -0.011745065390964383 -0.005116767967367656 -0.0042408387367083274
leaf_weight=7490 758 742 135 201 221 294 222 175 3557 298 137 191 401 283 941 245 130 193 264 117 250 105
leaf_count=7146 150 310 59 185 113 126 154 67 1825 162 53 51 185 123 445 141 130 185 148 117 250 105
internal_value=-0.000125667 -0.000362542 4.92053e-05 0.0027103 -4.88208e-05 0.000561359 0.00193679 0.00364629 -0.00023539 0.000446727 0 -0.000494904 -0.000577599 -0.000252391 -0.000448469 -0.000670779 -0.00078964 -0.000825224 -0.000734329 -0.000846973 0 0
internal_weight=17350 16592 8307 336 7971 1716 691 397 6255 1597 1299 4658 4467 1025 1078 4066 8285 7800 3821 7607 485 235
internal_count=12230 12080 4147 244 3903 780 347 221 3123 773 611 2350 2299 433 498 2114 7933 7448 1973 7263 485 235
is_linear=0
shrinkage=0.0296731


Tree=110
num_leaves=24
num_cat=0
split_feature=51 62 9 20 20 9 33 51 17 8 38 48 9 20 20 37 63 44 33 26 46 17 20
split_gain=21.728 3.09829 2.79898 1.62117 3.64325 6.97906 1.03743 1.92133 3.99741 0.414989 0.78425 0.409712 0.357057 0.382273 0.349878 0.184661 0.166788 0.115639 0.0892801 0.349965 0.0718441 0.0538913 0.00901888
threshold=27393.950000000008 36.111703107983331 0.99906486341235867 36.740554360791741 36.135167293522485 0.73248728852523659 37.881364471915795 1257.0820000000001 36.964428634276466 -0.5 0.98844293797256866 626.40000000000009 0.86529924138975434 38.887200992920782 37.584339300126814 40.221231243165178 0.36938212879426408 0.48626422698142757 36.201269585816256 75.850000000000009 29.395000000000003 36.487842622175435 34.864002593818704
decision_type=2 2 2 2 2 2 2 2 2 2 2 2 2 2 2 2 2 2 2 2 2 2 2
left_child=1 2 11 4 9 17 7 -5 21 10 -3 15 14 -14 -8 -1 -13 -6 19 22 -11 -9 -18
right_child=-2 3 -4 6 5 -7 12 8 -10 20 -12 16 13 -15 -16 -17 18 -19 -20 -21 -22 -23 -24
leaf_value=-0.0068020815071951016 0.006018376122927451 0.0069746748414273307 -0.0004946167600142254 -0.0074026527390407687 -0.0052361465015867033 -0.00024885450150277763 -6.0126383575751904e-05 -0.0032126350170390422 0.00055433272035252355 -0.0014826109325384604 -0.0028898453328019655 -0.0064490870788472907 -0.0025858579728213708 0.00043913176669728953 -0.0031307052648903151 0.0020132676212525728 -0.0037269487619491426 -4.9474155452714301e-05 -0.0043961861996427458 0.0033292719096223332 0.00021371627917816225 -0.00070095311937288238 0.0004551935502365292
leaf_weight=8700 670 183 127 662 204 235 290 317 485 550 167 470 479 605 1902 110 211 143 196 121 158 243 122
leaf_count=8260 150 139 87 338 128 75 106 141 177 314 87 470 123 117 626 22 211 75 192 117 66 87 122
internal_value=-0.000147897 -0.000365326 -0.000695261 0.000117785 0.000935666 0.0028195 -0.000127841 0.000430131 0.00126463 0 0.000714785 -0.000761481 -0.000454987 0 -0.000672713 -0.00083267 -9.48767e-05 0 6.77153e-05 0.000414073 -0.000510792 -0.000252664 0
internal_weight=17350 16680 10057 6623 1640 582 4983 1707 1045 1058 350 9930 3276 1084 2192 8810 1120 347 650 454 708 560 333
internal_count=12230 12080 9481 2599 884 278 1715 743 405 606 226 9394 972 240 732 8282 1112 203 642 450 380 228 333
is_linear=0
shrinkage=0.0296731


Tree=111
num_leaves=23
num_cat=0
split_feature=21 21 9 1 20 24 30 23 10 36 2 42 37 37 1 46 59 50 0 16 2 19
split_gain=27.612 3.89376 1.99797 4.41296 5.80377 4.29357 1.85069 1.14568 3.08318 0.965817 0.705038 1.96212 0.363903 0.42828 0.212851 0.20892 0.146479 0.124999 0.0987003 0.0786451 0.0590465 1.09445e-05
threshold=32.145000000000003 29.505000000000006 0.69636977696931246 1.135 37.441307861039455 30.685000000000006 73.750000000000014 30.655000000000005 -0.30081980763566762 0.46893395022268097 84.15000000000002 0.10568032824966374 34.767369506578056 33.714313499223131 8.7550000000000008 29.115000000000006 5.9650000000000007 571.6500000000002 5.7650000000000006 36.769233622724734 243.25000000000003 31.200833013634092
decision_type=2 2 2 2 2 2 2 2 2 2 2 2 2 2 2 2 2 2 2 2 2 2
left_child=1 15 10 7 5 6 -5 8 -4 -6 -3 -12 13 -13 -14 17 -17 19 -9 -1 -10 -19
right_child=-2 2 3 4 9 -7 -8 18 20 -11 11 12 14 -15 -16 16 -18 21 -20 -21 -22 -23
leaf_value=-0.011829658109135903 0.004608209339904734 -0.0058806350745012432 0.00019634693761091233 0.0035043245641769908 -0.0016447546866609599 -2.9697027661932803e-05 0.0018382915051801346 -0.0021098043685865045 -0.0014832933095383016 0.00015582286183696731 0.00019839771537515343 -0.001689272132308551 -0.00085101417209741811 0.0060858691670569419 -0.00033716873794201429 -0.0062032651514064251 0.00021559051273151302 -0.0091563072094642695 -0.001715898342516166 -0.0031795789697651017 -0.0015812083083432478 -0.00041622749533948896
leaf_weight=7504 485 1760 579 211 492 221 256 1253 182 302 242 225 1138 208 277 373 105 135 418 101 604 279
leaf_count=7324 89 988 151 99 200 113 104 309 110 98 134 225 678 188 161 337 89 135 102 85 232 279
internal_value=-0.000106857 -0.000314788 0.00012744 0.00056091 0.00188963 0.00388317 0.00549839 -4.9501e-05 0.000543353 6.28957e-06 -0.000350377 0 -0.00031156 0.000272525 -0.000574428 -0.000764219 0 -0.000801103 -0.000605002 -0.00083136 -0.000548328 0
internal_weight=17350 16865 8368 4518 1482 688 467 3036 1365 794 3850 2090 1848 433 1415 8497 478 8019 1671 7605 786 414
internal_count=12230 12141 3892 1518 614 316 203 904 493 298 2374 1386 1252 413 839 8249 426 7823 411 7409 342 414
is_linear=0
shrinkage=0.0296731


Tree=112
num_leaves=22
num_cat=0
split_feature=21 20 55 5 42 31 9 3 36 58 20 20 45 48 54 5 45 29 21 22 50
split_gain=25.3055 4.10857 3.40528 1.6855 2.54765 4.46993 1.7647 3.61901 0.950511 0.606914 1.02555 0.602111 0.812488 0.389233 0.302188 0.142801 0.0654387 0.0399184 0.040387 0.0108963 0.000296581
threshold=32.145000000000003 35.877224020363819 1010.35 -0.37940952255126059 0.11931051739560032 0.22347364708896936 0.69636977696931246 0.79050000000000009 0.5939429281446994 4.0950000000000006 37.584339300126814 36.488216354227511 2382.8410000000003 626.40000000000009 0.99850000000000005 0.78656609248549325 2148.1970000000006 84.950000000000017 29.815000000000001 29.095000000000002 680.71666666666681
decision_type=2 2 2 2 2 2 2 2 2 2 2 2 2 2 2 2 2 2 2 2 2
left_child=1 13 3 11 5 9 14 8 15 -5 -11 12 -3 -1 16 -8 -6 18 -15 -19 -20
right_child=-2 2 -4 4 6 -7 7 -9 -10 10 -12 -13 -14 17 -16 -17 -18 19 20 -21 -22
leaf_value=-0.010091937716857426 0.0044714694462052148 0.0015025244484844576 -0.00125274848297397 -0.0079306368352605617 -0.0032194624949411833 -0.00050249083657406617 -0.001457510471849675 0.0018446204830339093 4.7455882744576362e-05 -0.030166473876799885 -0.0098505941572771798 -0.0031901924103516044 -0.0021485250838415115 -0.0037950030599691324 -8.3377093880950477e-06 -0.00093508314000045499 -0.0011761833537684598 -0.0094760667124297437 -0.00012211994028705326 0.0031389250096191985 -0.0092294001080173715
leaf_weight=7802 485 160 231 289 157 254 844 526 708 173 180 1997 272 477 220 419 1681 98 159 98 120
leaf_count=7442 89 96 119 157 85 114 224 190 184 113 92 865 176 473 156 99 1109 98 147 98 104
internal_value=-0.000113697 -0.000313029 0.000156017 3.60976e-05 0.000339853 0.00178716 2.82506e-05 0.000582669 0 0.000263799 0.00120219 -0.000596278 0.000206893 -0.000761139 -0.00058656 -0.000489599 -0.00072762 -4.81522e-05 -0.000221796 1.62707e-05 0
internal_weight=17350 16865 8111 7880 5451 896 4555 2497 1971 642 353 2429 432 8754 2058 1263 1838 952 756 196 279
internal_count=12230 12141 3779 3660 2523 476 2047 697 507 362 205 1137 272 8362 1350 323 1194 920 724 196 251
is_linear=0
shrinkage=0.0296731


Tree=113
num_leaves=26
num_cat=0
split_feature=21 25 5 42 58 36 9 1 63 37 59 18 25 57 58 51 28 48 32 59 45 10 51 29 21
split_gain=25.1177 4.21451 1.95153 2.57282 3.5457 4.3758 2.14304 4.2264 2.61225 3.12993 0.68908 1.29801 0.570908 0.346921 0.288592 0.504562 0.216432 0.17798 0.153156 0.0828557 0.0652293 0.0584274 0.0250761 0.0258659 0.00259239
threshold=32.145000000000003 29.365000000000006 -0.37940952255126059 0.11931051739560032 4.0950000000000006 0.19945098024078037 0.69636977696931246 1.2050000000000003 -1.4060602631166075 37.381205104430499 4.6650000000000009 38.512230663472295 29.505000000000006 1007.5500000000001 4.1950000000000012 13677.864000000003 84.850000000000009 732.20000000000016 1.1649999999999994 3.1650000000000005 2364.2540000000004 0.94968266440323645 22090.179000000004 87.750000000000014 30.085000000000004
decision_type=2 2 2 2 2 2 2 2 2 2 2 2 2 2 2 2 2 2 2 2 2 2 2 2 2
left_child=1 17 12 4 20 -6 13 10 -9 -10 -8 -12 -3 16 21 -16 -5 18 22 -14 -4 -15 23 -1 -17
right_child=-2 2 3 6 5 -7 7 8 9 -11 11 -13 19 14 15 24 -18 -19 -20 -21 -22 -23 -24 -25 -26
leaf_value=-0.011421312814761731 0.0043387870501473058 -7.4004763729717412e-05 -0.0075146297583416283 -0.0015160893592387735 0.00018732682971057065 -0.00016144498811537257 -0.00088926548416153072 -0.0061895119040892886 0.0017784351933597402 -8.2030349400723807e-05 7.476158301855181e-05 -0.0001295801460972979 -0.01439433039555589 -0.0047931044927223528 0.0011566519112109663 0.0011848325796891387 -5.1335174151175091e-05 -0.0032039290361789638 -0.00066670681819256457 -0.0029010867237643559 0.00027126603547012943 -0.0012887001551309841 -0.0089227200652634339 -0.0052565413986263836 -0.00012403190031416472
leaf_weight=7233 485 222 262 1564 303 226 973 185 416 337 384 655 207 425 140 149 150 284 201 1865 159 110 98 162 155
leaf_count=6953 89 138 146 1024 175 122 305 61 192 133 116 155 115 389 100 149 126 284 193 757 79 110 98 162 59
internal_value=-8.97565e-05 -0.0002884 0.000144801 0.000414809 0.00185345 0.0034687 0.000150846 0.0007185 0.00236176 0.00315818 0 0.000479227 -0.000579 -0.000426907 0 0.000576235 -0.000681299 -0.000785772 -0.000812763 -0.000760263 0 -0.000443871 -0.000834439 -0.000841723 0
internal_weight=17350 16865 8887 6593 950 529 5643 2950 938 753 2012 1039 2294 2693 979 444 1714 7978 7694 2072 421 535 7493 7395 304
internal_count=12230 12141 4451 3441 522 297 2919 962 386 325 576 271 1010 1957 807 308 1150 7690 7406 872 225 499 7213 7115 208
is_linear=0
shrinkage=0.0296731


Tree=114
num_leaves=25
num_cat=0
split_feature=51 20 55 5 42 31 29 9 58 20 63 33 20 45 50 51 32 17 29 50 29 5 39 29
split_gain=21.3776 3.482 2.34714 1.55168 3.23257 4.03684 1.33261 1.66207 0.974237 1.65034 0.662756 1.55797 0.60164 0.812488 0.374701 0.355784 0.138124 0.0409447 0.0407584 0.0250431 0.0219307 0.0183749 0.000708156 0.000404944
threshold=27393.950000000008 35.877224020363819 1010.2500000000001 -0.37940952255126059 0.11931051739560032 0.22347364708896936 76.950000000000017 0.73248728852523659 4.0950000000000006 37.584339300126814 0.62157267634986735 36.886282835564124 36.488216354227511 2382.8410000000003 571.6500000000002 24336.397000000001 1.1649999999999994 36.389173196257346 84.950000000000017 680.71666666666681 88.350000000000009 0.98296291314453421 29.710000000000004 79.750000000000014
decision_type=2 2 2 2 2 2 2 2 2 2 2 2 2 2 2 2 2 2 2 2 2 2 2 2
left_child=1 14 3 12 5 8 7 -6 -5 -10 11 17 13 -3 16 -12 20 -8 19 22 21 -1 -16 -18
right_child=-2 2 -4 4 6 -7 10 -9 9 -11 15 -13 -14 -15 18 -17 23 -19 -20 -21 -22 -23 -24 -25
leaf_value=-0.010226692537700061 0.0054416246111553936 0.0016243497492278837 -0.0012825412378351798 -0.0074236789670781575 -0.002220897534201544 -0.00048278979710408805 -0.0028709415690736837 0.00026468117828946632 -0.029223187401671472 -0.0095638549816674887 -0.00073499500333612717 -0.005717437904030777 -0.0032103559711344118 -0.0019456701266180533 -0.0029761829916403804 -0.00061418131188138443 -0.0082019077354547176 -0.002006865358716311 0.00162240999283782 -0.0065601922202144268 -0.0071316057372778395 -0.0034157205610807727 0.00076210390497724492 0.00030511149115652859
leaf_weight=7326 670 160 232 299 335 254 586 491 173 180 1901 536 1992 272 282 384 176 155 165 267 100 168 148 98
leaf_count=6982 150 96 120 159 167 114 462 131 113 92 853 192 864 176 278 112 176 83 165 251 100 160 144 90
internal_value=-0.000106857 -0.000322637 0.000113765 9.4127e-06 0.000309084 0.00192101 0 0.00104626 0.000472885 0.00161966 -0.000273461 0.000201288 -0.000595673 0.000206893 -0.0007336 -0.000590748 -0.000799394 -0.000567549 0 -0.000207838 -0.000823462 -0.000830489 0 0
internal_weight=17350 16680 7950 7718 5294 906 4388 826 652 353 3562 1277 2424 432 8730 2285 7868 741 862 697 7594 7494 430 274
internal_count=12230 12080 3734 3614 2478 478 2000 298 364 205 1702 737 1136 272 8346 965 7508 545 838 673 7242 7142 422 266
is_linear=0
shrinkage=0.0296731


Tree=115
num_leaves=26
num_cat=0
split_feature=39 20 8 42 58 55 55 62 37 58 20 62 48 29 38 48 32 46 55 25 29 62 62 20 29
split_gain=20.149 4.84585 3.5649 5.50426 6.27266 6.41307 3.59512 1.22901 1.49464 2.67942 0.925408 2.99667 0.402729 0.304088 0.231198 0.215824 0.172587 0.150789 0.1476 0.107542 0.026995 0.0417492 0.0334918 0.0484526 0.0179344
threshold=31.85166666666667 35.877224020363819 0.1294095225512602 0.11931051739560032 4.0950000000000006 1005.1500000000002 1010.0500000000001 37.477825278845962 38.629086393851743 4.1350000000000007 36.488216354227511 37.224162106603252 626.40000000000009 76.050000000000011 0.75665010050752846 121.2 1.1649999999999994 30.745000000000001 1009.2500000000001 29.935000000000006 84.950000000000017 34.898689766405163 35.760004060465981 34.789681354035416 88.250000000000014
decision_type=2 2 2 2 2 2 2 2 2 2 2 2 2 2 2 2 2 2 2 2 2 2 2 2 2
left_child=1 12 3 4 -3 -6 7 13 9 14 11 -4 16 -5 -9 -12 19 18 -15 24 22 -22 23 -14 -1
right_child=-2 2 10 6 5 -7 -8 8 -10 -11 15 -13 20 17 -16 -17 -18 -19 -20 -21 21 -23 -24 -25 -26
leaf_value=-0.0098438677637914668 0.0053138328644491044 -0.0037621531307693826 -0.0036250653066861242 -2.1152003251863144e-05 0.00011135251928374595 0.0047200505209854977 0.00029742451282907518 -0.00010861599109312227 -0.00099553278726253048 0.0018673919654262985 -0.0029599299476674307 0.0015761502435941337 -0.0049260846928923137 -0.00093990385505223037 -0.0022299851540406204 -0.0042073201188116112 -0.001424382488290182 -0.01532943168918501 -0.0025222464405464172 -0.0086443720645147885 0.0035657517650565947 -0.0057943493670012895 0.0012505955247538577 -0.0010984129616724832 -0.0054737479045121173
leaf_weight=7322 758 346 399 182 210 270 269 382 441 449 2236 151 429 1530 302 350 237 171 160 131 98 98 109 213 107
leaf_count=7006 150 174 323 78 134 126 121 122 129 145 972 51 429 966 102 158 229 51 68 99 98 98 81 213 107
internal_value=-2.30653e-05 -0.000246313 0.000278002 0.000803315 0.00301635 0.0052032 0.000300737 2.03228e-05 0.00067329 0.00128056 -0.000473392 0.000509709 -0.000730458 -0.000424754 0 -0.000728745 -0.000802372 -0.000570384 -0.000660803 -0.000827086 -1.2463e-05 1.62707e-05 -0.000177975 -0.000287742 -0.000841945
internal_weight=17350 16592 7848 4712 826 480 3886 3617 1574 1133 3136 550 8744 2043 684 2586 7797 1861 1690 7560 947 196 751 642 7429
internal_count=12230 12080 3720 2216 434 260 1782 1661 498 369 1504 374 8360 1163 224 1130 7441 1085 1034 7212 919 196 723 642 7113
is_linear=0
shrinkage=0.0296731


Tree=116
num_leaves=24
num_cat=0
split_feature=21 21 4 38 5 38 47 38 58 63 39 20 43 20 25 50 46 23 33 57 29 29 35
split_gain=19.4313 4.47865 4.97309 1.79882 2.25494 2.7877 3.93712 2.89004 3.32683 1.98232 1.57449 1.42893 4.15071 0.925456 0.389153 0.263268 0.166413 0.144954 0.127481 0.05101 0.0232006 0.0193836 0.0180799
threshold=32.145000000000003 29.505000000000006 1010.35 1.0844909365711615 -0.37940952255126059 0.82002942038288817 107.50000000000001 0.93941293257428493 4.4350000000000014 -0.29741740838176151 29.903333333333332 37.584339300126814 30.166458333333338 36.523632242797859 30.285000000000004 557.25833333333355 30.815000000000001 28.555000000000003 36.923256651840191 1008.4500000000002 84.950000000000017 88.450000000000017 33.882065838752659
decision_type=2 2 2 2 2 2 2 2 2 2 2 2 2 2 2 2 2 2 2 2 2 2 2
left_child=1 14 3 4 13 9 -7 8 -8 10 -6 12 19 -3 15 18 17 -5 21 -11 22 -1 -17
right_child=-2 2 -4 16 5 6 7 -9 -10 11 -12 -13 -14 -15 -16 20 -18 -19 -20 -21 -22 -23 -24
leaf_value=-0.010666684885010861 0.0038908939012722026 0.00047103874208070609 -0.0017359056369690067 -0.00041047853086711587 -0.004751877948194148 0.0013638671246744122 -0.00049722425395284161 -5.7629479301365192e-05 0.0050607479971783668 -0.0034544757765840486 -0.00082803660660541009 -0.0010257609593148683 0.0012640717171845258 -0.0028374476489035449 -0.00021687311306818982 -0.0051441157469859474 -0.00046742921915486797 -0.0026062807354239707 -0.0034429556506588408 -0.00092242825790449657 0.0014512605709971272 -0.010806652924799535 -0.0093032231265090526
leaf_weight=7588 485 255 266 181 214 314 260 543 274 420 348 1420 217 1521 152 162 178 1837 106 120 149 104 236
leaf_count=7396 89 123 162 173 98 134 120 271 110 328 136 440 89 585 124 162 54 965 86 104 149 104 228
internal_value=-8.12063e-05 -0.000256734 0.00021961 7.29673e-05 0.000355616 0.000747421 0.00183693 0.000843374 0.00243232 0.000149576 0.00174174 -0.000208296 0.00075331 -0.000488358 -0.00073978 -0.000772589 -0.000632615 -0.00071273 -0.000817599 -0.000447985 0 -0.000832025 -0.000217048
internal_weight=17350 16865 8368 8102 5906 4130 1391 1077 534 2739 562 2177 757 1776 8497 8345 2196 2018 7798 540 547 7692 398
internal_count=12230 12141 3892 3730 2538 1830 635 501 230 1195 234 961 521 708 8249 8125 1192 1138 7586 432 539 7500 390
is_linear=0
shrinkage=0.0296731


Tree=117
num_leaves=28
num_cat=0
split_feature=39 20 4 63 9 7 38 51 3 48 60 9 44 38 8 10 56 52 57 28 48 42 29 10 48 10 27
split_gain=14.9654 3.91972 6.81579 2.02812 13.3171 0.887969 1.4823 0.822797 2.08459 0.7806 1.3238 2.69859 0.705673 0.783128 0.371812 0.38514 1.0638 0.247156 0.180228 0.105868 0.097427 0.0786589 0.052466 0.0301019 0.0170286 0.0140089 0.00487264
threshold=31.85166666666667 35.730780608091436 1010.35 -0.080921478273797462 0.83827194252655779 0.91597561503675362 0.71377305839819805 1257.0820000000001 0.99250000000000005 47.050000000000004 6.4650000000000007 0.58429276287313725 0.71150063396796737 1.1059526066232599 -0.5 -0.94128245028753155 1008.2500000000001 0.8025000000000001 1009.2500000000001 69.15000000000002 721.75000000000011 0.1351418984804191 83.950000000000017 0.94968266440323645 626.40000000000009 0.76663042157996963 77.250000000000014
decision_type=2 2 2 2 2 2 2 2 2 2 2 2 2 2 2 2 2 2 2 2 2 2 2 2 2 2 2
left_child=1 14 3 4 7 9 -7 -3 17 19 12 22 18 -14 15 16 26 -9 -11 -5 21 -17 -12 -23 -16 -22 -1
right_child=-2 2 -4 5 -6 6 -8 8 -10 10 11 -13 13 -15 24 20 -18 -19 -20 -21 25 23 -24 -25 -26 -27 -28
leaf_value=-0.0016857559619439392 0.0050407000124802507 -0.0098545998033134647 -0.0013342777972644062 -0.0031830123397466525 0.00071478961228679317 -6.5036516996008482e-05 0.0017617911950070003 0.0002279653368678426 0.0042972054230651794 -0.00084182449777510946 -0.0043466107706323807 -0.0025720101498334243 0.0007774742105342528 -0.0047984315664678628 -0.012553283159122257 -0.0032379881323218915 0.0039999769071391309 -0.00094458696538194948 -0.0094922701406516367 -0.0017730223729269454 -0.004602441571050421 -0.0069803325889782946 -0.0020422803455912701 -0.0094634376130340366 -0.013766017682078462 0.00074785399740925191 -0.0077277270670994174
leaf_weight=103 758 719 208 184 199 242 271 271 231 1618 254 196 423 393 5893 172 104 500 240 2069 302 1224 118 192 110 160 196
leaf_count=103 150 439 116 52 55 118 115 111 155 762 214 72 127 161 5653 172 68 288 108 961 286 1184 106 192 106 160 196
internal_value=-7.09462e-05 -0.000264195 0.000189264 3.42328e-05 0.000885824 -0.000218355 0.000898073 0 0.000588761 -0.000344579 -1.14204e-05 0.00124586 -0.000323836 0.000308509 -0.000714494 -0.0003212 0.000358567 -4.55646e-06 -0.000665568 -0.00077069 -0.000513088 -0.000627434 0 -0.000700171 -0.000855194 0 -0.000192844
internal_weight=17350 16592 8136 7928 1920 6008 513 1721 1002 5495 3242 568 2674 816 8456 2453 403 771 1858 2253 2050 1588 372 1416 6003 462 299
internal_count=12230 12080 3960 3844 1048 2796 233 993 554 2563 1550 392 1158 288 8120 2361 367 399 870 1013 1994 1548 320 1376 5759 446 299
is_linear=0
shrinkage=0.0296731


Tree=118
num_leaves=23
num_cat=0
split_feature=21 62 2 61 9 3 9 28 43 23 9 24 48 27 33 57 27 21 27 30 57 11
split_gain=19.0896 5.21176 3.71502 4.24768 4.84429 3.4002 2.53837 2.05049 1.28118 3.79929 0.635968 1.43084 0.588009 0.551947 0.751202 0.187211 0.177837 0.351887 0.154615 0.0933378 0.0769802 0.0699618
threshold=32.145000000000003 35.774984651791584 1.0000000180025095e-35 2.1750000000000003 0.83827194252655779 0.99650000000000005 0.99906486341235867 76.950000000000017 30.491875000000007 30.635000000000002 0.74409704927257569 30.805000000000003 582.30000000000007 80.250000000000014 36.807874461444584 1008.35 75.850000000000009 28.895000000000003 78.250000000000014 78.050000000000011 1007.2500000000001 10.500000000000002
decision_type=2 2 2 2 2 2 2 2 2 2 2 2 2 2 2 2 2 2 2 2 2 2
left_child=1 6 10 8 5 7 12 -5 19 -10 -3 -12 -1 20 -15 -14 21 -18 -19 -4 -9 -17
right_child=-2 2 3 4 -6 -7 -8 13 9 -11 11 -13 15 14 -16 16 17 18 -20 -21 -22 -23
leaf_value=-0.008743116214136603 0.0036258657499342846 -0.0053084314257042286 -0.0015955645245681049 0.0013829115513815456 -0.0016469027811108247 0.0039196796658501698 -0.00077423954825895204 -0.0016467477908326965 0.0016237786517068072 -0.00023775240639714574 0.00064506642199805403 -0.0016138348692614234 -0.0065038948797217959 -0.0041571665666765498 -0.0032621992246768738 -0.0083262972581725249 -0.0078523155803138199 0.0034802942772005473 0.00070605009546474966 -0.0019493101625649158 -0.011943746970710392 0.00069247905002834764
leaf_weight=8050 485 1629 880 361 269 192 138 487 624 776 362 850 438 189 196 381 116 109 140 265 229 184
leaf_count=7794 89 765 304 153 73 132 82 227 156 172 170 274 438 149 84 381 116 101 140 137 109 184
internal_value=-3.16155e-05 -0.000205718 0.000380356 0.0009223 0.00197727 0.00127852 -0.000666417 0.000691553 7.73321e-05 0.000719164 -0.00043015 0 -0.000735586 0 0.000952761 -6.55811e-05 6.64753e-05 0.000649258 0.00135959 -0.000603568 -0.000432408 -0.000101391
internal_weight=17350 16865 7309 4468 1923 1654 9556 1462 2545 1400 2841 1212 9418 1101 385 1368 930 365 249 1145 716 565
internal_count=12230 12141 2905 1696 927 854 9236 722 769 328 1209 444 9154 569 233 1360 922 357 241 441 336 565
is_linear=0
shrinkage=0.0296731


Tree=119
num_leaves=26
num_cat=0
split_feature=21 21 4 20 43 29 61 9 18 26 26 48 8 48 16 24 44 11 44 25 25 39 29 29 33
split_gain=19.384 4.22286 6.48311 1.57028 3.06045 5.89021 4.5698 7.88189 0.852663 0.433386 0.363808 0.354439 0.350824 0.270274 0.233791 0.175352 0.16882 0.15376 0.0956822 0.0776235 0.0628377 0.0597697 0.0566905 0.0439189 0.0419002
threshold=32.145000000000003 29.505000000000006 1010.35 37.644151884327904 29.88770833333334 74.65000000000002 0.77500000000000013 0.73248728852523659 36.585600566782638 81.15000000000002 70.850000000000009 491.4500000000001 0.78656609248549303 566.85000000000002 36.15977341496319 30.855000000000004 0.38945323201733079 10.500000000000002 0.52614462867719858 30.265000000000004 29.405000000000005 28.838333333333335 85.250000000000014 87.950000000000017 34.291137749924395
decision_type=2 2 2 2 2 2 2 2 2 2 2 2 2 2 2 2 2 2 2 2 2 2 2 2 2
left_child=1 13 3 4 11 15 -7 -8 -5 10 -10 -3 -11 14 19 -6 -13 18 -18 23 -16 -15 24 -1 -23
right_child=-2 2 -4 8 5 6 7 -9 9 12 -12 16 -14 21 20 -17 17 -19 -20 -21 -22 22 -24 -25 -26
leaf_value=-0.012321663559748289 0.0035182750437307213 -0.0040832596478582771 -0.0016218296583865807 0.00015978636378332354 -0.00037088417229282571 -0.0053030508504951371 0.00025334573762824042 0.00014273802340699108 -0.00091872110467884399 0.00030412026431634459 -0.00022345412194168767 0.00080564360565088002 -0.0047771527064635047 -0.0060471619502307193 -0.0025053209426857629 -0.0018288890933400082 -4.5096120780352309e-05 0.0026150128550002727 -0.0021812030190551434 -0.0047433800554330082 0.00011688239322880799 0.00062001761330671059 0.0017221366615720564 -0.0085161589723381677 -0.0086220566891184788
leaf_weight=7017 485 860 266 521 244 347 446 304 511 234 2763 118 212 268 251 607 215 167 553 99 209 120 114 139 280
leaf_count=6877 89 664 162 189 96 131 170 116 131 110 831 102 100 268 235 255 195 167 473 75 149 120 114 139 272
internal_value=-7.43662e-05 -0.000249698 0.00021252 4.73378e-05 0.000492777 0.00133196 0.00278213 0.0040814 -0.000330189 -0.000506897 -0.000635854 -0.000300213 0.000172639 -0.000718833 -0.000774524 -0.000400513 0 -6.45363e-05 -0.000347757 -0.000816256 0 -1.69762e-05 0 -0.000827669 0
internal_weight=17350 16865 8368 8102 3861 1948 1097 750 4241 3720 3274 1913 446 8497 7715 851 1053 935 768 7255 460 782 514 7156 400
internal_count=12230 12141 3892 3730 2369 768 417 286 1361 1172 962 1601 210 8249 7475 351 937 835 668 7091 384 774 506 7016 392
is_linear=0
shrinkage=0.0296731


Tree=120
num_leaves=30
num_cat=0
split_feature=25 62 2 61 9 9 52 61 34 2 42 42 48 49 59 49 16 46 25 59 11 25 11 29 63 29 26 25 29
split_gain=14.6812 4.69509 3.10229 5.07858 6.31097 2.49191 2.23321 4.32765 1.3787 1.29778 1.92838 0.754802 0.660376 0.497366 0.313725 0.503561 0.323434 0.0892402 0.334904 0.0844545 0.0831667 0.0824655 0.0706146 0.041387 0.0261919 0.0259169 0.0165183 0.0162114 0.0126353
threshold=32.145000000000003 35.774984651791584 1.0000000180025095e-35 2.1750000000000003 0.83827194252655779 0.99906486341235867 0.99250000000000005 11.115 0.062572381975000035 517.1500000000002 0.17896461469124061 0.055856960173829191 539.25000000000011 636.6500000000002 5.205000000000001 156.75000000000003 37.813099058515405 29.135000000000002 29.855000000000004 2.9650000000000003 11.500000000000002 30.175000000000004 6.5000000000000009 85.450000000000017 -0.69032440686306618 87.950000000000017 75.15000000000002 30.385000000000002 83.850000000000009
decision_type=2 2 2 2 2 2 2 2 2 2 2 2 2 2 2 2 2 2 2 2 2 2 2 2 2 2 2 2 2
left_child=1 5 11 8 6 12 9 -8 -4 10 21 -3 25 19 16 -16 -10 20 28 -13 22 -5 26 -24 -11 27 -14 -1 -19
right_child=-2 2 3 4 -6 -7 7 -9 14 24 -12 13 17 -15 15 -17 -18 18 -20 -21 -22 -23 23 -25 -26 -27 -28 -29 -30
leaf_value=-0.0095245988202988293 0.0045734260123802091 0.00014877260426257263 0.0016985258205959939 -0.0036679826832087333 -0.001602269537717564 -0.00070314072777433157 0.0044507915177124779 -0.0049948072955762046 -5.9713491694063688e-05 -0.0025942511026310318 0.0013379009251263678 -0.010239541614736997 -0.004586228597201346 -0.00040966620218373519 -0.00068947036866060874 -0.0018828352540283017 -0.00013369551304360657 -0.012538817147316592 0.0014580151972862726 -0.0025394701835788646 0.00066472136867682264 -0.0015016714990018051 -0.0034307832964687542 -0.00026411828785765539 -0.0001188034207803359 -0.0043090050349010494 0.0030678356627315555 -0.003824625317179059 0.0005548053131889958
leaf_weight=7573 529 246 350 214 269 138 189 164 396 149 294 206 239 470 305 358 1154 185 100 1916 118 208 543 198 377 157 98 107 100
leaf_count=7377 89 110 126 118 73 82 105 108 164 69 166 94 239 178 113 106 270 181 92 828 118 100 539 198 177 153 98 59 100
internal_value=-3.84556e-05 -0.000198636 0.000359467 0.000858687 0.00203611 -0.000635373 0.00122859 0.003373 0 0.000518131 0.00138407 -0.00037743 -0.000704088 -0.000557557 -0.000272953 0.00013819 -0.00052543 -6.40676e-05 0.000186802 -0.000763321 -0.000244357 0 -0.000366074 -0.000527634 -0.000436269 -0.00081796 0 -0.000828072 0
internal_weight=17350 16821 7265 4427 1864 9556 1595 353 2563 1242 716 2838 9418 2592 2213 663 1550 1581 385 2122 1196 422 1078 741 526 7837 337 7680 285
internal_count=12230 12141 2905 1695 916 9236 843 213 779 630 384 1210 9154 1100 653 219 434 1565 373 922 1192 218 1074 737 246 7589 337 7436 281
is_linear=0
shrinkage=0.0296731


Tree=121
num_leaves=27
num_cat=0
split_feature=21 21 4 10 63 33 10 59 2 34 26 46 7 45 62 57 23 61 25 50 54 62 25 63 29 29
split_gain=16.213 4.63937 6.75627 7.89596 1.98088 3.43959 5.87951 5.68169 1.74014 1.66845 0.685259 0.648545 0.283553 0.379266 0.281037 0.242007 0.246245 0.214779 0.192643 0.155089 0.126299 0.0738099 0.347754 0.0447992 0.0412947 0.0290458
threshold=32.250000000000007 29.355000000000004 1010.35 0.064506059999340642 0.63891252823810885 36.734048486053652 -0.67758968959607091 3.4350000000000005 250.25000000000003 0.038698067840751325 78.850000000000009 30.845000000000002 0.91597561503675362 2270.7195000000006 35.883438310392371 1006.0500000000001 29.225000000000005 9.3850000000000033 29.025000000000002 557.25833333333355 0.26950000000000007 36.430207188428874 29.145000000000003 1.5024057927399446 87.950000000000017 84.950000000000017
decision_type=2 2 2 2 2 2 2 2 2 2 2 2 2 2 2 2 2 2 2 2 2 2 2 2 2 2
left_child=1 14 4 -4 5 10 8 -8 -7 -6 18 12 13 15 19 -11 20 -15 -3 24 -17 22 -16 -19 -1 -21
right_child=-2 2 3 -5 9 6 7 -9 -10 11 -12 -13 -14 17 21 16 -18 23 -20 25 -22 -23 -24 -25 -26 -27
leaf_value=-0.016820181505559462 0.0076734703253246361 -0.0021180790128014593 -0.00088099230516433178 -0.00027479052367277416 6.1804924651070846e-05 -0.0080108284324308596 0.0011921221996452997 -0.0029255791766389125 -5.0728422717566964e-05 0.0016487163020695273 7.6037874133803838e-05 0.00014345300794403772 -5.1433086658319965e-05 -0.00057245774927475819 -0.017217660964719654 -0.0012396928931763887 -0.0013379994646316507 -5.782343518363335e-05 -0.0039910607863799302 -0.0054100009048060373 -0.0011109971741001855 -0.0098111495954067811 0.0032991622204477248 -0.0025102960962495625 -0.0088922569871369098 0.00049303600525849229
leaf_weight=6580 385 150 152 167 401 634 272 310 379 192 253 514 355 2927 188 132 724 146 1111 299 149 276 155 215 143 141
leaf_count=6556 69 122 48 167 189 270 100 102 127 88 157 146 151 1227 188 132 364 94 743 299 137 192 131 147 143 141
internal_value=-6.0686e-05 -0.000204505 0.000237436 0.00447027 7.05116e-05 0.000683976 0.00165583 0.00403812 0.000163615 -0.000240371 -0.000262384 -0.000396694 -0.000515889 -0.000585466 -0.000741213 -2.2235e-05 -0.000298639 -0.000754171 -0.000606398 -0.000794601 0.000163213 0 0.000145943 0 -0.000832468 0
internal_weight=17350 16965 9183 319 8864 3109 1595 582 1013 5755 1514 5354 4840 4485 7782 1197 1005 3288 1261 7163 281 619 343 361 6723 440
internal_count=12230 12161 4511 215 4296 1621 599 202 397 2675 1022 2486 2340 2189 7650 721 633 1468 865 7139 269 511 319 241 6699 440
is_linear=0
shrinkage=0.0296731


Tree=122
num_leaves=29
num_cat=0
split_feature=21 21 4 44 63 9 50 18 60 57 34 31 49 44 52 62 50 59 59 50 19 63 62 38 49 51 52 47
split_gain=16.0872 4.69701 6.66651 10.1027 2.25807 4.89513 1.69302 3.18371 2.48718 4.30313 1.65792 0.447537 0.840414 0.554774 1.62272 0.316778 0.156719 0.131908 0.128534 0.115846 0.0908282 0.0858954 0.074966 0.0740601 0.116008 0.042624 0.0237342 2.37053e-05
threshold=32.250000000000007 29.355000000000004 1010.35 0.5984220643635495 0.63891252823810885 0.83827194252655779 179.70833333333351 36.35682309614495 1.4450000000000001 1007.0500000000001 0.038698067840751325 0.22347364708896936 615.35000000000002 0.71459316141689311 0.17550000000000002 35.746610623408962 485.46666666666692 6.3350000000000009 2.3550000000000004 12.008333333333374 34.352068013276103 -0.69032440686306618 36.430207188428874 0.98449551336047081 288.10000000000008 18139.055000000004 0.99350000000000016 753.1500000000002
decision_type=2 2 2 2 2 2 2 2 2 2 2 2 2 2 2 2 2 2 2 2 2 2 2 2 2 2 2 2
left_child=1 15 4 -4 5 6 18 21 -9 -10 -6 17 13 19 -15 16 -1 20 -3 -13 -12 -8 23 24 -17 -18 -23 -27
right_child=-2 2 3 -5 10 -7 7 8 9 -11 11 12 -14 14 -16 22 25 -19 -20 -21 -22 26 -24 -25 -26 27 -28 -29
leaf_value=-0.017091311295139116 0.0074457746111771788 0.00037970055711336208 0.00023057668494074176 -0.0031171771605296586 5.9970980443323462e-05 0.00091244246832082414 -1.1632942601976144e-05 -0.0020576053308851948 -0.00017210851109711014 0.001339829021070077 -0.0070162191047943466 0.00076410547905156703 -0.00087696544703252401 -0.00015833010528305 0.001617043181591315 0.00431787500318607 -0.0044096416410404253 -0.00070940102166430579 -0.0032202887049575164 -0.00061111023507274263 -0.0011307599838762329 -0.006651439163005533 -0.0095200222932835463 -0.01182322968985031 -0.00529591910210134 0.00059201780412490167 -0.0001769243873858867 -0.0050372410911272694
leaf_weight=6485 385 125 145 174 401 474 312 228 237 252 190 139 287 565 337 192 414 234 952 1397 2205 416 276 102 107 98 113 108
leaf_count=6465 69 69 65 150 189 174 180 68 105 108 182 67 195 169 161 180 410 102 452 681 929 368 192 102 95 98 97 108
internal_value=-3.84556e-05 -0.00018177 0.00026328 0.00447027 9.72852e-05 0.000750735 0.000201828 0.000860469 0.00232959 0.00352159 -0.000235217 -0.000391154 -7.33146e-05 -0.000293384 0.000194523 -0.000722153 -0.000781296 -0.000675 -0.000640493 -0.000657129 -0.000740637 -0.000253976 0 0.000144085 0.000494108 -7.57451e-05 -0.000494671 0
internal_weight=17350 16965 9183 319 8864 3109 2635 1558 717 489 5755 5354 2725 2438 902 7782 7105 2629 1077 1536 2395 841 677 401 299 620 529 206
internal_count=12230 12161 4511 215 4296 1621 1447 926 281 213 2675 2486 1273 1078 330 7650 7081 1213 521 748 1111 645 569 377 275 616 465 206
is_linear=0
shrinkage=0.0296731


Tree=123
num_leaves=33
num_cat=0
split_feature=21 21 55 44 5 42 45 63 33 37 40 29 38 42 45 63 44 48 48 62 57 43 39 62 60 45 29 29 29 53 43 38
split_gain=18.6711 5.52894 3.95434 9.37264 2.29308 2.89096 3.33154 2.43146 4.70994 4.32885 0.817141 0.607482 0.712292 0.393665 0.383934 0.409729 0.342368 0.320288 0.193456 0.181724 0.166287 0.0792938 0.0708989 0.0633542 0.0626643 0.0767305 0.0518478 0.0498061 0.0349329 0.0313789 0.000534514 0.000333783
threshold=32.145000000000003 29.355000000000004 1010.35 0.55914255653132428 -0.37940952255126059 0.11931051739560032 2379.1880000000006 0.63891252823810885 36.734048486053652 37.381205104430499 0.095043849530088098 76.250000000000014 1.0844909365711615 0.052041647524358102 2250.9130000000005 2.2438457583967648 0.36995054499635199 570.85000000000002 764.05000000000007 35.883438310392371 1009.35 28.971041666666668 28.838333333333335 36.430207188428874 0.03500000000000001 2270.7195000000006 87.950000000000017 81.15000000000002 84.950000000000017 0.95050000000000001 28.792500000000008 1.1205220337135884
decision_type=2 2 2 2 2 2 2 2 2 2 2 2 2 2 2 2 2 2 2 2 2 2 2 2 2 2 2 2 2 2 2 2
left_child=1 17 4 -4 13 6 10 8 16 -10 29 12 -9 -3 15 20 -7 19 -16 26 -13 30 -19 27 -15 -26 -1 -21 -24 -6 -18 -5
right_child=-2 2 3 31 5 7 -8 11 9 -11 -12 14 -14 24 18 -17 21 22 -20 23 -22 -23 28 -25 25 -27 -28 -29 -30 -31 -32 -33
leaf_value=-0.016668185229606128 0.0028295341351505785 -0.00051077459473506997 0.00049575042221377641 -0.00018653393419575123 -0.001402249736391083 0.0001181850395357927 0.0016140130726714575 -0.00080616400172507088 0.00014429691867801059 8.1875309713841594e-05 0.0023299970201869475 -0.001241028317148787 -0.0072024313292593676 -0.0014703778889651007 -0.0011624256617669901 0.0010622411536455928 -0.0051433557428873788 -0.0060442123915746002 -0.00045282740850652949 -0.0018510882113318538 -0.0006467871003414744 -0.003823334883075544 -0.0019434510324233575 -0.0092028845110581244 -0.0098640479343463962 -0.0021016896258735911 -0.0017862868776164916 -0.010627675434252758 0.0015351831833277923 -0.0080690034043181622 -0.0014613786096866646 0.00032457215348832938
leaf_weight=6444 485 299 150 141 223 128 327 362 362 527 172 463 253 209 1649 188 143 262 279 118 258 612 238 274 212 1751 131 197 118 158 108 109
leaf_count=6420 89 119 66 97 119 120 143 146 126 183 92 203 113 93 789 112 119 262 119 110 166 372 238 190 108 763 131 181 118 106 108 109
internal_value=1.7937e-05 -0.000140627 0.000347828 0.00324377 0.000199858 0.000513917 0.00210472 0.000228227 0.00109696 0.00267368 0.000448721 -0.000210872 0.000554573 -0.000541285 -0.000419051 0 -0.000200691 -0.000725965 -0.000658342 -0.000782193 -0.000230476 -0.000510169 0 -3.30532e-05 -0.000698005 -0.000753057 -0.000831169 0 0.000191154 -3.24108e-05 0 0
internal_weight=17350 16865 9083 400 8683 6212 880 5332 1880 889 553 3452 615 2471 2837 909 991 7782 1928 7164 721 863 618 589 2172 1963 6575 315 356 381 251 250
internal_count=12230 12141 4491 272 4219 3136 460 2676 1028 309 317 1648 259 1083 1389 481 719 7650 908 7032 369 599 618 481 964 871 6551 291 356 225 227 206
is_linear=0
shrinkage=0.0296731


Tree=124
num_leaves=32
num_cat=0
split_feature=21 62 20 2 61 53 19 54 56 25 38 38 42 49 17 17 38 38 57 48 45 29 57 40 1 25 25 29 42 57 32
split_gain=15.8018 5.40863 4.07869 3.79011 3.11035 4.09007 4.50381 3.67181 4.88897 1.30026 1.67838 3.14347 1.16813 1.12094 0.984662 1.58098 1.08376 1.19109 0.533463 0.326708 0.193106 0.164947 0.102354 0.090751 0.0647507 0.0383364 0.0408653 0.0383754 0.0360434 0.069453 0.0202052
threshold=32.250000000000007 35.774984651791584 37.644151884327904 5.5500000000000007 16.610000000000003 0.41750000000000004 35.401937526577555 0.81950000000000001 1007.35 29.855000000000004 0.82352384089345276 0.71377305839819805 0.052041647524358102 615.35000000000002 37.656668910783424 36.964428634276466 0.86212140542790172 1.0844909365711615 1008.1500000000002 582.30000000000007 2132.0950000000007 85.250000000000014 1009.0500000000001 0.15879755638140414 3.0850000000000004 29.565000000000001 29.645000000000003 87.950000000000017 0.70182139116369646 1012.35 1.4500000000000013
decision_type=2 2 2 2 2 2 2 2 2 2 2 2 2 2 2 2 2 2 2 2 2 2 2 2 2 2 2 2 2 2 2
left_child=1 9 3 12 5 -5 18 -8 -9 19 11 -11 -3 23 15 24 -16 -18 -7 25 -12 28 -23 -14 -4 27 -27 30 29 -21 -1
right_child=-2 2 14 4 -6 6 7 8 -10 10 20 -13 13 -15 16 -17 17 -19 -20 21 -22 22 -24 -25 -26 26 -28 -29 -30 -31 -32
leaf_value=-0.012612540196482318 0.0071408742644122458 0.0013770809753143084 -0.0018416575423646434 -0.0011049645995655848 -0.0042434505743371535 -0.0040789883866962466 0.0021604852803955199 0.00028009835534873541 -0.00099001100128907264 -0.008482602776522033 0.0051088911498277578 0.00088563671112204339 -0.0016802332504789136 0.00021147467553625979 -0.00067408561174463753 0.0002790852716204529 -0.00018466976417333631 -0.0019905899246299968 0.010434341057498214 -0.0068626551570310336 -0.0017777456367731495 -0.0044610211972806804 0.0014276737260603097 0.0021013485641946552 -0.0016113837766556192 -0.0043822794252084294 -0.010764086877046376 -0.0043931009473774964 -0.00055064234864663202 2.0876732221443205e-05 -0.0091813999909331079
leaf_weight=6799 385 126 314 297 248 209 240 313 216 193 161 145 864 258 2061 464 657 592 133 536 578 101 122 165 252 164 290 145 119 99 104
leaf_count=6739 69 54 126 117 136 185 92 161 84 161 153 73 432 114 625 176 193 160 65 536 458 101 122 85 120 152 278 141 119 99 104
internal_value=0 -0.000129306 0.000463306 0.0012938 0.00226 0.00281392 0.00364209 0.00492061 0.00313366 -0.000601225 0.000293565 0.00207894 7.54476e-05 -0.000105832 -9.6956e-05 0.000663617 -0.000369872 0.000249422 0.00040743 -0.000728965 -0.000366563 -6.9646e-05 0.000434278 -0.000628872 -0.000207189 -0.000798919 -0.000104596 -0.000826712 -0.000376947 -0.00046734 -0.00083827
internal_weight=17350 16965 7409 3069 1656 1408 1111 769 529 9556 1077 338 1413 1287 4340 1030 3310 1249 342 8479 739 977 223 1029 566 7502 454 7048 754 635 6903
internal_count=12230 12161 2925 1525 840 704 587 337 245 9236 845 234 685 631 1400 422 978 353 250 8391 611 977 223 517 246 7414 430 6984 754 635 6843
is_linear=0
shrinkage=0.0296731


Tree=125
num_leaves=31
num_cat=0
split_feature=21 21 55 44 63 9 5 45 57 60 44 38 24 61 62 46 48 57 9 9 26 48 29 57 3 61 29 41 38 29
split_gain=15.7585 5.44381 4.33296 10.1719 2.82672 5.63284 2.02027 4.53146 1.64317 1.9442 0.867326 1.94619 2.2565 1.14938 0.446856 0.302877 0.20759 0.20099 0.127685 0.702976 0.124858 0.103326 0.0549906 0.0541213 0.0472561 0.0147341 0.00333058 0.00133859 0.000333783 3.02131e-05
threshold=32.250000000000007 29.355000000000004 1010.35 0.55914255653132428 0.63891252823810885 0.83827194252655779 1.0000000180025095e-35 2341.4785000000006 1008.35 1.4450000000000001 0.71150063396796737 1.1059526066232599 30.975000000000005 0.055000000000000007 35.503735583401841 30.845000000000002 589.90000000000009 1010.2500000000001 0.32533907195844747 0.43664718845046319 69.250000000000014 607.05000000000007 87.950000000000017 1008.6500000000002 0.99450000000000005 13.635000000000003 83.050000000000011 29.282500000000002 1.1205220337135884 80.950000000000017
decision_type=2 2 2 2 2 2 2 2 2 2 2 2 2 2 2 2 2 2 2 2 2 2 2 2 2 2 2 2 2 2
left_child=1 14 4 -4 5 6 -3 8 20 -10 13 12 -12 -6 16 23 22 -13 21 -20 -8 27 -1 25 -22 -15 -18 -16 -5 -25
right_child=-2 2 3 28 10 -7 7 -9 9 -11 11 17 -14 15 18 -17 26 -19 19 -21 24 -23 -24 29 -26 -27 -28 -29 -30 -31
leaf_value=-0.016388985582399672 0.006928982330731648 -0.009704929946875716 0.00076693357670682663 -0.00020727848643955929 0.00060040619863900395 0.00093639944945231529 5.591044380054659e-05 0.00069849299686588118 -0.0019719385888994473 0.0067929360139894644 0.0011263413461455093 -0.0025724944161903364 -8.246157342822062e-05 -0.00097461324738057722 -0.0093832759140469353 -4.0498209217324174e-05 -0.0074699512918974219 0.00011868253506604702 0.003269806886465115 -0.0088692340507947557 -0.0032302755373709406 0.0001841480016455839 -0.0015700950470772647 -0.0042449627056163324 -0.0016877583054186595 -0.0054998846772974039 0.00030181027993389736 -0.01753707007111964 0.00044073264650694232 -0.0019673448041412772
leaf_weight=6169 385 859 150 141 361 461 187 322 217 206 584 887 497 2465 448 202 194 179 152 226 686 116 129 203 146 170 250 98 109 151
leaf_count=6149 69 399 66 97 105 165 79 162 109 130 192 375 141 1217 448 66 194 171 120 146 442 116 129 123 122 126 250 98 109 115
internal_value=7.67683e-06 -0.000120561 0.000360194 0.00339125 0.000207716 0.000937081 0.00035375 0.00095868 0.000158778 0.00176469 -0.00016633 0.000270292 0.00119303 -0.000463736 -0.000703094 -0.000666411 -0.000793034 -0.000554601 -5.37305e-06 0.000284626 -0.000393902 -0.000350539 -0.000837994 -0.000750495 -0.000567175 -0.000810501 0 -0.000561041 0 0
internal_weight=17350 16965 9183 400 8783 3084 2623 1764 1442 423 5699 2147 1081 3552 7782 3191 6742 1066 1040 378 1019 662 6298 2989 832 2635 444 546 250 354
internal_count=12230 12161 4511 272 4239 1608 1443 1044 882 239 2631 879 333 1752 7650 1647 6722 546 928 266 643 662 6278 1581 564 1343 444 546 206 238
is_linear=0
shrinkage=0.0296731


Tree=126
num_leaves=29
num_cat=0
split_feature=21 21 55 54 9 1 53 63 7 47 53 42 32 47 48 57 46 25 31 9 25 17 17 29 38 33 52 27
split_gain=15.9233 4.80921 4.53002 5.70416 2.26825 4.67134 4.00858 2.22696 1.63458 1.18671 1.65246 2.15118 1.33196 0.992068 0.396394 0.337445 0.211387 0.134344 0.271645 0.0643308 0.0623682 0.0787399 0.168485 0.0481021 0.0318628 0.0140589 0.0131689 0.00153519
threshold=32.250000000000007 29.355000000000004 1010.35 0.58250000000000013 0.73248728852523659 4.245000000000001 0.96050000000000002 -0.080921478273797462 0.91597561503675362 171.45000000000002 0.99450000000000005 0.24804569143891134 -0.16499999999999912 712.1500000000002 570.85000000000002 1007.9500000000002 30.995000000000001 29.625000000000004 0.73611698878804444 -0.22611359161738934 30.235000000000003 35.823402830075771 35.965445427122305 87.950000000000017 0.73368697391097937 33.767848996695271 0.99050000000000005 80.250000000000014
decision_type=2 2 2 2 2 2 2 2 2 2 2 2 2 2 2 2 2 2 2 2 2 2 2 2 2 2 2 2
left_child=1 14 4 -4 9 7 -7 -6 13 -3 12 -12 -11 16 20 26 27 18 -17 -19 21 23 -23 -1 -16 -26 -14 -9
right_child=-2 2 3 -5 5 6 -8 8 -10 10 11 -13 15 -15 24 17 -18 19 -20 -21 -22 22 -24 -25 25 -27 -28 -29
leaf_value=-0.013919466746126727 0.0067233778892959008 -0.0047970656061321589 -0.00081900012508641872 0.000685631666080228 0.0052056296090616204 0.00094298308246782163 -0.00020477892723482597 -0.00065140378477895867 0.0013446166766788792 -0.0030854470772860593 -0.00022223743674073209 -0.00095391117869521552 -0.00094591679990522939 1.6258460529566446e-05 0.00054744624400514155 -0.0022934652977369854 -0.0033615758453596073 0.00080828584239774786 0.0011873502398969985 -0.00018476989617797674 -0.0028324275675224433 0.00012739538706267679 -0.01243210637694785 -0.0015727507288916002 -0.0056065372210328127 -0.00070657701795074344 -0.0033205800216465535 -0.0015060830247621204
leaf_weight=6271 385 2220 240 160 451 237 287 1505 320 149 163 146 1012 763 135 139 340 150 111 341 105 144 512 132 198 285 156 293
leaf_count=6211 69 1236 180 92 163 105 107 525 104 81 103 98 680 183 135 115 88 150 99 177 77 124 488 132 198 285 116 109
internal_value=-9.3851e-06 -0.00015204 0.000298815 0.00339125 0.000143543 0.000651 0.00328462 0.000240887 0 -0.000294822 0.00012497 0.00216487 -0.000125708 -0.000255694 -0.000699282 -0.000392124 -0.000611772 0 0.000645288 -0.000163508 -0.00076149 -0.000772183 -0.000165346 -0.000815687 0 -9.03993e-05 -0.000710613 -0.000740489
internal_weight=17350 16965 9183 400 8783 4196 524 3672 3221 4587 2367 309 2058 2901 7782 1909 2138 741 250 491 7164 7059 656 6403 618 483 1168 1798
internal_count=12230 12161 4511 272 4239 1384 212 1172 1009 2855 1619 201 1418 905 7650 1337 722 541 214 327 7032 6955 612 6343 618 483 796 634
is_linear=0
shrinkage=0.0296731


Tree=127
num_leaves=32
num_cat=0
split_feature=21 21 4 44 2 34 24 61 54 20 41 20 59 57 45 20 48 34 44 57 36 43 47 25 44 44 44 23 22 16 25
split_gain=13.8941 5.11809 8.62132 12.9833 2.10993 2.27137 2.56426 1.91667 3.01402 5.61306 1.57075 1.17843 2.31606 0.667961 0.427445 0.454285 0.396394 0.325937 0.298877 0.106573 0.0846766 0.082551 0.080161 0.0623682 0.0486793 0.220234 0.0465307 0.0239744 0.0233277 0.0206452 0.0154623
threshold=32.250000000000007 29.355000000000004 1010.35 0.5984220643635495 1.0000000180025095e-35 0.038698067840751325 29.565000000000001 3.0350000000000006 0.79350000000000021 36.924876064418562 31.534166666666671 36.99801120872953 4.0750000000000011 1004.7500000000001 2033.0430000000003 39.861666076137055 570.85000000000002 0.031642403711174459 0.43260313332007649 1006.85 0.083970729400322977 28.931250000000002 4.8500000000000005 30.235000000000003 0.28741696884152884 0.26501213378065963 0.27484316669795578 28.885000000000002 28.985000000000003 34.073043933854414 29.205000000000002
decision_type=2 2 2 2 2 2 2 2 2 2 2 2 2 2 2 2 2 2 2 2 2 2 2 2 2 2 2 2 2 2 2
left_child=1 16 4 -4 10 6 -6 13 9 -9 17 21 -13 -7 -15 18 23 -3 19 -16 -19 -10 -22 24 25 -1 -27 -20 29 -18 -30
right_child=-2 2 3 -5 5 7 -8 8 11 -11 -12 12 -14 14 15 -17 28 20 27 -21 22 -23 -24 -25 -26 26 -28 -29 30 -31 -32
leaf_value=-0.0075103879372589505 0.00652387437066833 -0.0010647881081109159 0.00055795487661515063 -0.0023853949171619569 0.00041924141276111396 1.6166589763372142e-05 0.0088234715777703778 0.0013515977167313765 -0.0027085763532656766 -0.0054064769631236567 0.00057174239705220261 -0.00058559391143269432 -0.0033169210311965128 0.0012474725968819446 -0.010273745240011805 -0.00041504085171943298 -0.0052418692756937106 -0.0010313940578606522 -0.0021078295346875389 -0.00067072548542429684 -0.0023987046778739191 -0.0011144422245168957 -0.0045654812959817917 -0.0027483806382433001 -0.012747460754758069 0.0001236151699761522 -0.017435600728263369 -0.00077669588535452493 0.00047563605181883767 -0.00045873884815846939 -0.0023670961274935439
leaf_weight=537 385 220 145 174 206 530 163 249 128 204 232 431 294 204 147 382 216 196 206 138 2402 553 217 105 6266 116 140 1762 158 138 106
leaf_count=529 69 92 65 150 142 146 55 173 108 116 56 151 150 160 99 78 216 92 206 106 1122 389 137 77 6186 104 136 718 158 138 106
internal_value=-8.34953e-07 -0.000134552 0.00033112 0.00511655 0.000144139 0.000503856 0.00278986 0.000318544 0.0010875 0.00321876 -0.000435637 0.000312003 0.00119275 -7.09279e-05 -0.000283622 -0.000416719 -0.000699282 -0.000645149 -0.000599656 0 -0.000741867 -0.000452382 -0.000787375 -0.00076149 -0.000772183 -0.000252888 0.000150295 -0.000738346 0 -0.000133944 0.000230435
internal_weight=17350 16965 9183 319 8864 5597 369 5228 1859 453 3267 1406 725 3369 2839 2635 7782 3035 2253 285 2815 681 2619 7164 7059 793 256 1968 618 354 264
internal_count=12230 12161 4511 215 4296 2797 197 2600 1087 289 1499 798 301 1513 1367 1207 7650 1443 1129 205 1351 497 1259 7032 6955 769 240 924 618 354 264
is_linear=0
shrinkage=0.0296731


Tree=128
num_leaves=28
num_cat=0
split_feature=21 51 43 4 26 63 60 41 57 56 9 24 22 34 7 62 28 10 58 63 58 42 44 9 21 25 20
split_gain=12.3668 4.04588 2.87103 5.21074 2.47203 3.28304 2.10739 1.69917 1.24318 2.10733 1.06316 0.599443 0.484584 0.446895 0.491679 0.277427 0.178925 0.152759 0.372179 0.142797 0.116481 0.107501 0.166853 0.083972 0.0980664 0.08345 0.0544539
threshold=32.250000000000007 1257.0820000000001 29.235625000000002 1009.9500000000002 77.65000000000002 0.7527362266894323 12.115 31.745000000000001 1008.4500000000002 1008.4500000000002 0.90149333598846393 30.385000000000002 28.985000000000003 0.037095834736206951 0.60355339059327384 36.140719025605762 77.250000000000014 -0.29258949745833546 4.0250000000000012 4.3449081473846318 2.4350000000000005 0.064005208122034085 0.29314804942022415 -0.97873101657557326 29.385000000000002 29.855000000000004 35.165516214199819
decision_type=2 2 2 2 2 2 2 2 2 2 2 2 2 2 2 2 2 2 2 2 2 2 2 2 2 2 2
left_child=1 7 12 4 8 6 -6 13 10 -10 20 25 23 14 -1 16 -14 26 -19 21 -4 22 -15 -3 -25 -7 -18
right_child=-2 2 3 -5 5 11 -8 -9 9 -11 -12 -13 15 19 -16 -17 17 18 -20 -21 -22 -23 -24 24 -26 -27 -28
leaf_value=-0.0019265228050318495 0.006330290741506912 -0.00080605931630720973 -0.0046552214382974098 0.00010426573631796144 0.0013832874824928193 -0.0067175603197667001 -0.00019706890338805116 0.0019606263598726573 0.003955149814759599 -5.8797217679360187e-05 9.7953201818585947e-05 3.1828860038041286e-05 -0.0075115667539850488 0.0001199471236797851 0.0011755929235853463 0.0014086397353280616 1.9314305758320886e-05 -0.0026293197579131729 0.0030256515563281228 0.0016640628487873241 -0.00018848706728531519 -0.0041501929101175452 -0.004454559091792056 -0.0073138368255772019 -3.2959697136008711e-05 -0.0010210163144289859 -0.0084064160651723466
leaf_weight=454 385 224 205 253 306 173 171 146 391 491 704 182 493 157 237 215 190 172 160 137 1557 6795 713 1728 116 325 270
leaf_count=318 69 224 101 121 170 157 107 34 171 175 156 50 481 133 161 191 186 172 160 61 661 5391 529 1720 112 149 270
internal_value=-6.58161e-05 -0.000192263 0.000264398 0.000749551 0.000486096 0.00167072 0.00357012 -0.000646105 4.02876e-05 0.0010243 -0.00026409 0.000156054 -0.000349295 -0.000711767 0 0 -0.000104613 4.58995e-05 0.000623706 -0.000775813 -0.000686982 -0.00079312 -0.000241112 -0.000645355 -0.000712077 -0.000173673 -0.000114789
internal_weight=17350 16965 8326 4758 4505 1157 477 8639 3348 882 2466 680 3568 8493 691 1500 1285 792 332 7802 1762 7665 870 2068 1844 498 460
internal_count=12230 12161 5534 2018 1897 633 277 6627 1264 346 918 356 3516 6593 479 1460 1269 788 332 6114 762 6053 662 2056 1832 306 456
is_linear=0
shrinkage=0.0296731


Tree=129
num_leaves=32
num_cat=0
split_feature=21 25 4 19 38 38 16 31 17 52 55 52 60 51 40 61 37 37 29 42 53 22 56 48 42 25 62 62 19 62 62
split_gain=12.4095 4.04042 4.26215 9.98919 1.39978 1.94517 2.33053 3.48808 2.1733 2.83017 4.37163 0.603793 0.57568 0.430262 0.357564 0.310038 0.263744 0.262019 0.186151 0.18085 0.120013 0.0895251 0.212147 0.0747957 0.0517044 0.0219488 0.0148097 0.0876937 0.000534514 1.16162e-06 0.00721728
threshold=32.250000000000007 29.345000000000002 1010.35 35.332610185989175 1.0844909365711615 0.85722346377463221 37.393303800720197 0.1094053875575476 37.712880422008773 0.91150000000000009 1006.7500000000001 0.99950000000000017 7.705000000000001 15982.768000000002 0.060277137735109149 3.7450000000000006 36.995057224184855 34.40337335795499 87.750000000000014 0.0592733512730566 0.99650000000000005 28.795000000000005 1008.7500000000001 658.35000000000002 0.55937465055256175 30.235000000000003 35.503735583401841 36.191396108593288 33.504962361759922 35.883438310392371 35.619458251564964
decision_type=2 2 2 2 2 2 2 2 2 2 2 2 2 2 2 2 2 2 2 2 2 2 2 2 2 2 2 2 2 2 2
left_child=1 13 4 28 5 8 14 -8 9 10 -3 20 -10 18 -7 16 -12 24 23 -19 -11 -15 -23 26 -6 -16 -1 29 -4 30 -28
right_child=-2 2 3 -5 17 6 7 -9 12 11 15 -13 -14 21 25 -17 -18 19 -20 -21 -22 22 -24 -25 -26 -27 27 -29 -30 -31 -32
leaf_value=-0.016786833129507805 0.0061424513402919927 0.001189760835950175 -0.010359026381779886 0.00043097276585983476 -0.0053728277099450049 0.004468075143273173 6.419265033156506e-05 -0.0016753788264491801 -0.00043810806683022965 -0.0013088902124533926 0.00078741055295896681 -2.3610989024335634e-05 -0.0014299988748127982 -0.0065853466742181819 -0.0062812674189692093 -0.0019165131890202507 0.00012201948612560581 0.00026860318392519172 -0.00023248642966765075 -0.0017714062346637601 -0.0015297350055792954 -0.0028177168912950925 0.00052869221880039109 -0.0042847435506572088 0.001229960764475005 -0.001734606081356941 0.00011638791971755042 -0.0021012997327210076 -0.0004769500280307565 -5.0850805469230684e-05 -0.011863488207570853
leaf_weight=5849 385 301 143 130 206 244 587 532 2151 813 170 155 366 380 450 218 161 77 146 1800 242 175 197 158 142 119 130 538 98 116 171
leaf_count=5821 69 145 143 42 198 180 187 160 627 561 126 95 186 380 370 118 73 41 146 892 134 175 177 158 138 71 122 334 94 96 171
internal_value=-7.43662e-05 -0.000201008 0.000214512 0.00332643 6.78247e-05 0.000299488 0.00108956 0.00196918 -8.41483e-06 0.000678938 0.00200126 -0.000153915 -0.000618322 -0.000697402 0 0.000189362 0.000895253 -0.000556038 -0.000768823 -0.000699416 -0.000494985 0 0.000303453 -0.000791842 0 -0.000522359 -0.000806998 -0.000360726 0 0 -1.83607e-06
internal_weight=17350 16965 9105 371 8734 6509 1932 1119 4577 2060 850 1210 2517 7860 813 549 331 2225 7108 1877 1055 752 372 6962 348 569 6804 955 241 417 301
internal_count=12230 12161 4581 279 4302 3033 968 347 2065 1252 462 790 813 7580 621 317 199 1269 6848 933 695 732 352 6702 336 441 6544 723 237 389 293
is_linear=0
shrinkage=0.0296731


Tree=130
num_leaves=32
num_cat=0
split_feature=21 21 55 44 8 26 48 61 23 20 52 41 63 23 29 20 56 48 35 35 45 35 38 44 44 62 44 8 52 32 62
split_gain=12.1123 5.05298 3.83323 5.89233 2.41591 3.28158 2.44609 2.44056 3.68533 9.57091 1.72942 2.91726 0.841227 1.59161 3.65245 0.59612 0.815663 0.573397 0.373113 0.254943 0.24892 0.189009 0.137779 0.123407 0.117765 0.11499 0.214471 0.121458 0.0891281 0.0534984 0.00181842
threshold=32.250000000000007 29.505000000000006 1010.35 0.59458417731628588 0.25881904510252057 80.050000000000011 252.85000000000005 2.3350000000000004 30.325000000000003 37.759890615537962 0.8025000000000001 29.765833333333337 1.614895824981158 30.465000000000003 78.850000000000009 36.488216354227511 1006.2500000000001 279.85000000000008 36.012637226698381 35.704291122536318 2101.7815000000005 35.070696134091158 0.57650252165737603 0.65813850022487663 0.80431507087955789 35.503735583401841 0.27484316669795578 -0.37940952255126015 0.17550000000000002 -0.72999999999999854 36.208176604584374
decision_type=2 2 2 2 2 2 2 2 2 2 2 2 2 2 2 2 2 2 2 2 2 2 2 2 2 2 2 2 2 2 2
left_child=1 17 4 -4 5 7 -7 12 10 -10 11 -9 20 14 -14 16 -6 25 22 21 -3 -12 -19 30 -25 -1 -27 -28 -16 -17 -24
right_child=-2 2 3 -5 15 6 -8 8 9 -11 19 -13 13 -15 28 29 -18 18 -20 -21 -22 -23 23 24 -26 26 27 -29 -30 -31 -32
leaf_value=-0.016867537525699389 0.0059601857179269468 4.6286962435722037e-05 0.00060357609444080282 -0.0021277422731415256 0.00051558511017592182 0.00084253800198731807 -0.00079795815825977039 -0.0039464005185811182 0.0015249706183122417 -0.0055696742456549254 -0.0040427962630936436 -0.00085898611550367873 0.0004089207145932528 -0.00017323238705047839 -0.008699854683367635 -0.0026404013613680511 -0.0078429981490973875 0.0005616497224305853 0.0038301136911451828 -0.00042814287060172771 -0.0013748367060433754 0.00074232361471532305 -0.0048537329727979311 0.0038080797199409118 -0.0047802175446384982 0.00011293432839904968 0.00075112205168664412 -0.0023519474998199329 0.0015848774520734511 -0.0020764095057231664 -0.0047520623306900765
leaf_weight=5735 385 306 165 173 248 259 159 199 223 238 133 275 292 801 309 239 331 167 98 692 1365 127 902 181 377 129 154 655 150 1784 99
leaf_count=5715 69 158 69 141 112 119 103 135 91 118 93 119 128 189 125 75 191 167 90 396 621 111 894 181 369 93 142 519 110 708 79
internal_value=-1.45152e-05 -0.000139799 0.000364149 0.00347369 0.00021925 0.000580268 0.00313735 0.000346443 0.00119953 0.00353203 0.000357491 0.00185419 -0.000116642 0.000332712 0.00135718 -0.000501867 0.000184695 -0.000655992 -0.000108995 -0.000265789 -0.000605002 0.000247518 -0.000270717 -0.000394503 0 -0.000787584 -0.000256493 -0.000521448 -4.87974e-05 -0.00075712 -0.000592007
internal_weight=17350 16965 8468 338 8130 5528 418 5110 1887 461 1426 474 3223 1552 751 2602 579 8497 1824 952 1671 260 1726 1559 558 6673 938 809 459 2023 1001
internal_count=12230 12161 3912 210 3702 2616 222 2394 1063 209 854 254 1331 552 363 1086 303 8249 1780 600 779 204 1690 1523 550 6469 754 661 235 783 973
is_linear=0
shrinkage=0.0296731


Tree=131
num_leaves=28
num_cat=0
split_feature=21 21 4 5 27 1 62 48 43 38 38 38 62 56 6 29 42 38 1 48 62 5 8 37 50 16 29
split_gain=12.0199 5.01412 7.92881 2.04701 2.48846 4.76175 3.19033 0.75847 0.801159 0.723921 1.26806 1.66616 1.38974 0.779571 0.807906 0.612398 0.302004 0.180549 0.156693 0.344666 0.110567 0.179279 0.145649 0.10292 0.0847469 0.0699281 0.0409879
threshold=32.250000000000007 29.505000000000006 1010.35 -0.60355339059327362 79.050000000000011 0.12500000000000003 37.363709124555903 279.85000000000008 29.14104166666667 1.2535399899847353 0.82002942038288817 0.88493644719261633 37.813713516306244 1006.85 -0.5 77.15000000000002 0.052041647524358102 0.57650252165737603 1.405 517.1500000000002 35.503735583401841 -0.91597561503675329 -0.60355339059327384 33.850536159889792 634.1750000000003 36.739621092358867 81.250000000000014
decision_type=2 2 2 2 2 2 2 2 2 2 2 2 2 2 2 2 2 2 2 2 2 2 2 2 2 2 2
left_child=1 7 3 16 9 -6 25 20 17 10 13 -12 15 -5 -15 -13 -3 -9 -16 -20 -1 -22 -23 -11 -19 -7 -17
right_child=-2 2 -4 4 5 6 -8 8 -10 23 11 12 -14 14 18 26 -18 24 19 -21 21 22 -24 -25 -26 -27 -28
leaf_value=-0.016367025262017495 0.0057833284830698739 -0.0002621372363172273 -5.634422316805086e-06 -0.0012436577754360405 8.9678294053288532e-05 0.0010167168343850931 0.00027327561352634872 0.00051198364688426125 0.0040309777102422659 -0.00076768497973334331 0.0045538263954007481 -3.1038393487115507e-05 0.0011428934694142671 0.00074958237051686377 -0.00091934503449550271 -0.00184768122862837 -0.0014625095749414825 -0.0059446718929379453 -0.00051310081075361448 0.0019359325891430443 0.00010958321586893892 -0.0013362659977099768 -0.0024435676183702341 -0.0033847274525500045 -0.00054124633201492402 -0.00019806567260146059 -0.0027611361173499982
leaf_weight=5735 385 220 266 1156 185 152 542 148 195 182 283 398 363 227 330 560 1571 1228 256 240 150 123 665 792 253 497 248
leaf_count=5715 69 88 162 476 49 140 178 148 159 182 123 178 95 103 118 252 639 1220 124 124 114 115 525 416 253 265 200
internal_value=0 -0.000120561 0.000381665 0.00020228 0.000461096 0.00158675 0.000777231 -0.000635044 -2.77614e-05 0.000129233 0.000322472 0.000902945 0.000432782 -0.000110818 0.000404831 0 -0.000657176 -0.00030664 0 0.000304162 -0.000783139 -0.000256493 -0.000511651 -0.000553371 -0.000448453 -0.000476428 -0.000520993
internal_weight=17350 16965 8468 8202 6411 1376 1191 8497 1824 5035 4061 1852 1569 2209 1053 1206 1791 1629 826 496 6673 938 788 974 1481 649 808
internal_count=12230 12161 3912 3750 3023 632 583 8249 1780 2391 1793 848 725 945 469 630 727 1621 366 248 6469 754 640 598 1473 405 452
is_linear=0
shrinkage=0.0296731


Tree=132
num_leaves=35
num_cat=0
split_feature=20 62 24 20 63 34 55 2 39 4 29 29 45 18 62 33 53 32 30 20 56 19 34 19 29 38 29 52 37 60 60 29 33 62
split_gain=13.3909 5.10344 3.80561 2.57242 6.70114 1.61826 1.79726 1.53413 1.49874 4.058 4.71548 0.795411 1.57758 0.690323 0.521303 0.460704 0.332271 0.461493 1.4049 0.204586 0.186191 0.151427 0.146582 0.0872365 0.0618147 0.0588872 0.0563206 0.047429 0.105681 0.0240188 0.251711 0.0156202 0.0258136 0.00156763
threshold=40.643751006862502 37.224162106603252 30.565000000000001 36.740554360791741 -0.52200426251949128 0.27927980861485141 1007.7500000000001 37.650000000000013 28.870000000000001 1010.2500000000001 82.550000000000011 76.65000000000002 2290.0615000000003 38.512230663472295 38.151809945126736 40.359648035176953 0.84250000000000014 0.18000000000000152 77.050000000000011 37.281868690705998 1008.35 34.120226217842117 0.01700288399009332 33.480832547908427 69.450000000000017 0.62393813696825473 87.450000000000017 0.33950000000000008 34.824879585018529 0.025000000000000005 0.015000000000000001 88.050000000000011 34.631442067009381 35.264567967991148
decision_type=2 2 2 2 2 2 2 2 2 2 2 2 2 2 2 2 2 2 2 2 2 2 2 2 2 2 2 2 2 2 2 2 2 2
left_child=1 7 3 4 -3 13 -7 15 24 11 -11 12 33 14 -5 22 20 18 -18 -4 -13 23 -1 -19 -9 -20 29 -22 -29 30 -24 32 -26 -10
right_child=-2 2 19 5 -6 6 -8 8 9 10 -12 16 -14 -15 -16 -17 17 21 25 -21 27 -23 26 -25 31 -27 -28 28 -30 -31 -32 -33 -34 -35
leaf_value=2.0376369305013927e-05 0.0019465738403270595 -0.0010734486380756592 -0.00011144578938291915 -0.0012939892709831519 -0.0016159256164396273 0.0016999763873158072 -6.7698023124153906e-05 -0.0091081637943729119 0.00039967771961586936 0.00069763460280016464 -9.4415488158291184e-05 -0.0010116637971375908 -0.00061941683734116854 -0.002619575556802446 -0.0002452518724205254 0.00076868370983327694 0.0036112916252637574 -0.0030552347537317146 0.0008098212726755789 -0.0046932312751699684 -0.0070517279437714922 -0.0022716887658271044 -0.0030283671013348482 -0.0011247263792543997 -0.010394686352853937 -0.0055954752504738577 -0.0020822628459825211 0.00088661138349188347 -0.0034613312061532791 -0.0048102689910789935 -0.00040695427489501594 -0.0028403598461335181 -0.0055474384071390551 -0.012068307506874605
leaf_weight=132 682 352 277 775 282 365 354 99 148 164 120 1047 149 362 305 115 198 189 122 930 258 525 746 100 1686 265 118 153 106 5649 176 99 152 150
leaf_count=104 138 132 105 275 78 105 94 99 148 132 88 591 69 110 105 23 166 169 110 306 218 457 646 100 1686 253 106 153 74 4965 120 99 152 54
internal_value=2.47771e-05 -0.000135329 0.000777537 0.00139104 0.00312253 0.000825137 0.0019916 -0.00043325 -5.11873e-05 0.000282321 0.00367485 0 0.0011607 0.000158778 -0.000120314 -0.000731601 -0.000178902 8.50943e-05 0.000779909 -0.000544656 -0.000490803 -0.000269282 -0.000772415 0 -0.000714297 0 -0.000792264 0 0.00025187 -0.000804049 -0.000341824 -0.000751219 -0.000775989 0
internal_weight=17350 16668 4002 2795 634 2161 719 12666 5730 3694 284 3410 447 1442 1080 6936 2963 1399 585 1207 1564 814 6821 289 2036 387 6689 517 259 6571 922 1937 1838 298
internal_count=12230 12092 1310 899 210 689 199 10782 4818 2782 220 2562 271 490 380 5964 2291 1255 529 411 1036 726 5941 269 2036 363 5837 445 227 5731 766 1937 1838 202
is_linear=0
shrinkage=0.0296731


Tree=133
num_leaves=28
num_cat=0
split_feature=21 21 55 44 24 62 20 35 59 61 62 57 59 6 57 24 60 9 46 20 43 10 29 32 33 29 29
split_gain=11.9136 5.35689 3.66862 5.89233 2.63426 5.00932 4.96357 7.25049 1.60754 0.713798 0.628092 1.56421 3.88124 0.591603 0.453255 0.417549 0.382643 0.348489 0.293064 0.262467 0.164846 0.152041 0.0501343 0.0501041 0.0472546 0.0109559 0.00331124
threshold=32.250000000000007 29.505000000000006 1010.35 0.59458417731628588 30.565000000000001 37.224162106603252 37.388537980557217 37.483387223361007 4.3350000000000009 0.055000000000000007 35.503735583401841 1007.2500000000001 6.0450000000000008 0.78656609248549303 1008.2500000000001 30.145000000000003 3.0850000000000004 -0.59817537509284324 29.205000000000002 36.45670502031701 28.931250000000002 0.88999460902669758 87.850000000000009 1.6750000000000009 36.557178181498784 82.950000000000017 82.15000000000002
decision_type=2 2 2 2 2 2 2 2 2 2 2 2 2 2 2 2 2 2 2 2 2 2 2 2 2 2 2
left_child=1 10 4 -4 5 13 7 -7 15 -6 18 24 26 14 20 -8 21 -18 22 -11 -3 -16 23 -1 -12 -20 -13
right_child=-2 2 3 -5 9 6 8 -9 -10 19 11 12 -14 -15 16 -17 17 -19 25 -21 -22 -23 -24 -25 -26 -27 -28
leaf_value=-0.011360073288479364 0.0055539582561455652 0.00016373990737793544 0.00051930238410843573 -0.0022642598678150857 -8.1830076129889604e-05 0.00029377480412085753 -0.0028955968670090911 -0.00011447522105810259 -0.00030549737355934817 -0.00013086950955623923 -0.0061391938363079233 -0.00038808807597153991 0.0057287428956202101 -0.00029388956145660943 -0.0013249748285151138 4.9907009576912568e-05 -0.00047575359469970483 0.0033601583170165166 -0.012534062530754056 -0.0011492274270787899 -0.002508449566618211 0.0018030710848296761 -0.0073328671376261777 -0.0031763675806555981 -0.0023210982579244133 -0.00027376426225375156 -6.1268089222794473e-05
leaf_weight=6574 385 141 165 173 461 486 626 308 647 285 867 158 111 457 576 402 126 120 150 1924 1399 172 182 125 112 98 120
leaf_count=6554 69 129 69 141 153 162 202 92 195 129 759 98 95 193 332 122 126 76 146 628 991 172 182 125 80 90 120
internal_value=1.45169e-05 -9.60778e-05 0.000423703 0.00347369 0.000281279 0.000663761 0.00165594 0.00362043 0.000649909 -0.000456231 -0.000628062 0 0.00154043 -0.000116166 -0.000327672 0 6.4588e-05 0.00114785 -0.000740054 -0.000701221 -0.000657733 -0.000135584 -0.000777753 -0.00079241 -0.000676029 0 0
internal_weight=17350 16965 8468 338 8130 5460 2469 794 1675 2670 8497 1368 389 2991 2534 1028 994 246 7129 2209 1540 748 6881 6699 979 248 278
internal_count=12230 12161 3912 210 3702 2792 773 254 519 910 8249 1152 313 2019 1826 324 706 202 7097 757 1120 504 6861 6679 839 236 218
is_linear=0
shrinkage=0.0296731


Tree=134
num_leaves=29
num_cat=0
split_feature=21 25 5 38 4 26 9 63 19 21 34 10 40 30 58 5 4 19 21 11 29 42 43 31 26 29 25 29
split_gain=11.7428 7.13035 3.90601 3.94468 5.27258 4.1023 9.02031 1.92946 1.51556 2.15584 1.45621 1.75032 1.45155 1.29059 1.44409 0.690947 0.546963 0.509999 0.247288 0.195036 0.136291 0.132054 0.123107 0.120657 0.100544 0.050969 0.0388089 0.0367162
threshold=32.250000000000007 29.365000000000006 -0.37940952255126059 1.0844909365711615 1010.35 78.750000000000014 0.73248728852523659 -0.95626904792113965 39.074724070475135 31.605000000000004 0.28276059052153996 -0.39754281428255622 0.05507570547959182 71.550000000000011 3.3150000000000004 0.60355339059327384 1004.35 34.884796330943892 29.685000000000006 10.500000000000002 87.750000000000014 0.13678450204531856 29.407708333333336 0.72164063824730829 74.450000000000017 85.250000000000014 29.065000000000001 74.350000000000009
decision_type=2 2 2 2 2 2 2 2 2 2 2 2 2 2 2 2 2 2 2 2 2 2 2 2 2 2 2 2
left_child=1 15 16 4 5 8 7 -7 9 10 13 -12 -5 14 -4 20 -3 -9 23 -14 -1 -19 -15 25 -18 26 -17 -25
right_child=-2 2 3 12 -6 6 -8 17 -10 -11 11 -13 19 22 -16 18 24 21 -20 -21 -22 -23 -24 27 -26 -27 -28 -29
leaf_value=-0.011231417116453648 0.0053891550526582715 1.9849365240122125e-05 -0.0013054594464924007 0.00011286548242995781 -0.00012144973793959532 0.0049690223443327785 0.00093885969888868976 0.00087754714493116115 -0.00024600351669888659 -0.0041670056166708174 0.00022411683781378784 -0.00046505100746186009 -0.0036578604673892364 -0.0010917827711992908 0.0063599965582369737 -0.0071694622034540988 -0.0083122914949363726 -0.0031799966040170001 0.00036388556459688762 0.000446420690514635 -0.0016750939863473039 -0.0030113669341126784 -0.0013289432930480773 -0.0058840375242140957 -0.0018935865275428935 0.001703233704531854 -3.3499841361461222e-06 -0.0059736277420617649
leaf_weight=6422 385 405 203 241 227 122 381 152 642 287 409 339 1440 201 292 247 184 151 212 191 103 429 986 102 1705 174 144 574
leaf_count=6178 69 133 115 169 135 86 125 136 182 67 165 127 792 197 128 247 80 99 172 191 103 309 438 102 797 174 144 570
internal_value=5.38476e-05 -5.58546e-05 0.00050959 0.000878391 0.00133102 0.0010792 0.00256442 0.000705754 0.000496278 0.000823599 0.00047685 0.00156388 -0.000223985 0 0.00126107 -0.000707689 -0.000514392 0 -3.21879e-05 -0.000598018 -0.000839809 -0.000274557 -0.000538846 -0.00026773 -0.000747692 0 -0.000129643 -0.000536635
internal_weight=17350 16965 8987 6693 4821 4594 1235 854 3359 2717 2430 748 1872 1682 495 7978 2294 732 1453 1631 6525 580 1187 1241 1889 565 391 676
internal_count=12230 12161 4471 3461 2309 2174 755 630 1419 1237 1170 292 1152 878 243 7690 1010 544 1409 983 6281 408 635 1237 877 565 391 672
is_linear=0
shrinkage=0.0296731


Tree=135
num_leaves=30
num_cat=0
split_feature=62 63 24 55 10 20 24 57 18 5 43 56 37 24 28 34 20 17 37 37 34 30 31 56 28 19 52 63 20
split_gain=8.0235 8.35071 4.54582 2.95312 2.3151 5.39541 1.6043 1.47923 1.54893 1.38106 1.29642 2.10919 0.972223 0.780271 0.556394 0.522677 0.261496 0.238946 0.177377 0.27009 0.173235 0.114254 0.106506 0.0996833 0.0491056 0.0305315 0.0129329 0.00557328 0.0109559
threshold=35.774984651791584 3.5106816576432718 30.565000000000001 1009.7500000000001 -0.69637622559687229 37.138463995738213 30.265000000000004 1008.85 38.588978266054255 0.37940952255126054 29.235625000000002 1010.6500000000002 38.028232561453493 28.685000000000006 81.15000000000002 0.2903124272135123 36.45670502031701 34.692361161996864 34.896235139771221 34.459472789788691 0.01700288399009332 64.050000000000011 -0.2138425467153304 1008.4500000000002 84.050000000000011 34.352068013276103 0.98150000000000015 0.42004332042379039 34.693017626694704
decision_type=2 2 2 2 2 2 2 2 2 2 2 2 2 2 2 2 2 2 2 2 2 2 2 2 2 2 2 2 2
left_child=9 2 3 4 7 -6 12 8 14 20 17 13 23 -12 25 24 -4 21 19 27 -1 -11 -23 -7 -16 -2 -15 -19 -29
right_child=1 -3 16 -5 5 6 -8 -9 -10 10 11 -13 -14 26 15 -17 -18 18 -20 -21 -22 22 -24 -25 -26 -27 -28 28 -30
leaf_value=2.1610899428497157e-05 -0.0051996262647705724 0.0016539044960339941 -0.00010585659755381265 0.00028127159511730606 0.0020358412036324556 -0.0022395351814702025 0.00042952692996515437 0.0058160609109962052 0.0001926248838270004 -8.3441331740860723e-05 0.00067061483463743906 -0.00024540016962493189 0.001476779620995287 -0.0018491537384990727 -0.0013271592641019197 -0.00039923220750575863 -0.0021538874571147594 -0.00285970841989764 -0.0055483202559760986 0.00090600571725449916 -0.0070089167717491642 -0.0020057214297066078 -0.0051621375668905603 -0.0018474127509090041 0.00054597049252276466 -0.0032633597555871423 -0.0021197369380896703 -0.0044260804485450663 -0.0014683534787974686
leaf_weight=112 194 650 282 251 492 600 388 195 266 146 117 111 374 291 272 227 1830 166 305 189 6133 131 1524 312 141 1320 98 135 98
leaf_count=100 150 102 118 59 172 200 116 67 98 146 109 59 94 283 184 131 634 162 305 185 5905 131 1524 80 117 672 98 131 98
internal_value=2.99072e-05 0.000742814 0.000430452 0.00092554 0.00072926 0.00145066 0.000562325 8.54671e-05 -6.84588e-05 -0.000539137 -1.18095e-05 0.00117269 0 0.000105572 -0.00037991 0.0002212 -0.000692552 -0.000328036 0 0.000369347 -0.000799554 -0.000526836 -0.000602249 -0.000465631 -0.000169923 -0.000712452 -0.000277383 0 0
internal_weight=17350 7794 7144 5032 4781 2166 1674 2615 2420 9556 3311 617 1286 506 2154 640 2112 2694 893 588 6245 1801 1655 912 413 1514 389 399 233
internal_count=12230 2994 2892 2140 2081 662 490 1419 1352 9236 3231 549 374 490 1254 432 752 2682 881 576 6005 1801 1655 280 301 822 381 391 229
is_linear=0
shrinkage=0.0296731


Tree=136
num_leaves=35
num_cat=0
split_feature=21 21 55 54 24 38 38 34 0 1 21 61 48 20 32 16 20 45 35 57 37 48 19 17 29 30 5 53 10 38 38 32 29 24
split_gain=10.4297 4.518 5.0948 6.25153 1.91496 2.33978 6.45293 1.73299 4.94772 1.324 3.7293 0.713798 0.712626 0.590992 1.60379 1.62716 0.262467 0.209025 0.182215 0.493425 0.391059 0.15995 0.107474 0.0853283 0.289936 0.405113 0.0727569 0.0666856 0.0439924 0.0657892 0.0255532 0.02033 0.00907937 0.00858086
threshold=32.250000000000007 29.505000000000006 1010.35 0.58250000000000013 30.565000000000001 0.93417798190429779 0.85722346377463221 0.27927980861485141 3.8950000000000005 5.5650000000000004 30.235000000000003 0.055000000000000007 395.25000000000006 37.584339300126814 -0.054999999999999709 37.19766025374885 36.45670502031701 2052.6110000000003 34.573150645730159 1007.9500000000002 34.459472789788691 857.25000000000011 36.13195577288058 35.823402830075771 80.65000000000002 81.15000000000002 0.91597561503675362 0.23850000000000002 0.82873938879806197 0.73368697391097937 0.58864486434696228 1.2900000000000011 84.850000000000009 27.285000000000004
decision_type=2 2 2 2 2 2 2 2 2 2 2 2 2 2 2 2 2 2 2 2 2 2 2 2 2 2 2 2 2 2 2 2 2 2
left_child=1 12 4 -4 5 6 7 13 -9 17 -11 -6 23 14 15 -3 -13 -7 28 32 -21 -19 30 26 -25 -26 31 -15 29 -14 -16 -1 -20 -30
right_child=-2 2 3 -5 11 9 -8 8 -10 10 -12 16 18 27 22 -17 -18 21 19 20 -22 -23 -24 24 25 -27 -28 -29 33 -31 -32 -33 -34 -35
leaf_value=-0.01246514988100542 0.0051801655856070303 -0.021916708162240818 -0.0011708093108951793 0.0006722075510296701 1.3952357339305838e-05 0.00030547269455444227 0.006343667838154184 0.00029119821350195548 -0.0009884157830457646 -0.0029635568186086765 0.0021405381236386288 -0.00010507252304528951 -0.001852783762467702 -0.0010375554198175008 -0.012646165844507026 0.00027147040484642006 -0.0010668016639597412 -0.0015294357026323642 -0.0058563328024188533 -0.00136664634070816 0.0014377114160800898 -0.0061123922358747975 -0.00088578728793443917 -0.00083924719918364299 0.00048833816703666786 -0.0080194649230449465 -0.0017780292093062134 -0.00022181786085694852 -0.0077591527299550296 -0.003634447665732567 0.0010009006157861487 -0.01000055409695493 -0.0031365226960861884 0.0012258947678514666
leaf_weight=5991 385 181 197 141 461 202 443 292 419 319 137 285 138 230 153 155 1924 1467 178 110 125 212 370 605 123 189 102 688 146 482 192 101 104 103
leaf_count=5895 69 153 137 73 153 154 187 96 159 259 65 129 138 62 125 55 628 787 162 110 121 76 170 517 91 181 102 288 146 478 156 101 104 103
internal_value=-2.30653e-05 -0.000139799 0.000336124 0.00390955 0.000171816 0.000500793 0.0010377 0.000437938 0.00169116 -0.000166145 0.00118517 -0.000456231 -0.000628062 0 0.000463627 0.00218418 -0.000701221 -0.000558025 0 0.000427262 0.00149227 -0.00067695 -0.000183597 -0.000748017 -0.000242019 0.000248107 -0.000803596 -0.000565117 -0.000274419 -0.000409473 0 -0.000816754 -4.68235e-05 0
internal_weight=17350 16965 8468 338 8130 5460 3123 2680 711 2337 456 2670 8497 1969 1051 336 2209 1881 1386 517 235 1679 715 7111 917 312 6194 918 869 620 345 6092 282 249
internal_count=12230 12161 3912 210 3702 2792 1451 1264 255 1341 324 910 8249 1009 659 208 757 1017 1362 497 231 863 451 6887 789 272 6098 350 865 616 281 5996 266 249
is_linear=0
shrinkage=0.0296731


Tree=137
num_leaves=27
num_cat=0
split_feature=2 9 9 2 61 9 23 41 40 48 29 35 29 56 45 4 34 57 19 19 2 51 45 51 48 27
split_gain=9.01957 3.3853 4.13424 2.46147 2.89658 3.32929 1.65033 1.58328 0.95716 0.869707 0.701292 1.85519 0.614303 0.752928 1.47445 0.582588 0.274413 0.254018 0.444004 0.259979 0.268584 0.115368 0.111006 0.212389 0.0982443 0.055665
threshold=897.00000000000011 0.30081702196488996 0.33346569090932193 1.0000000180025095e-35 2.1750000000000003 0.83827194252655779 30.325000000000003 31.534166666666671 0.045092497533821559 315.75000000000006 81.450000000000017 36.59764845321255 74.550000000000011 1010.6500000000002 2203.9910000000004 1004.35 0.10636470428418111 1008.2500000000001 31.828834868086766 34.53258458644023 702.35000000000002 144.06000000000003 2348.3980000000006 10124.485500000003 357.00000000000006 73.550000000000011
decision_type=2 2 2 2 2 2 2 2 2 2 2 2 2 2 2 2 2 2 2 2 2 2 2 2 2 2
left_child=1 9 -3 7 8 6 10 15 -5 -1 -6 -12 -10 16 -15 -4 -14 24 -19 20 22 -17 23 -20 -11 -26
right_child=-2 2 3 4 5 -7 -8 -9 12 17 11 -13 13 14 -16 21 -18 18 19 -21 -22 -23 -24 -25 25 -27
leaf_value=-0.01359692318121861 0.0024185732971619368 0.0029000769978709631 2.9690802807402493e-06 0.0017623939749543893 -0.00036430375445983804 -0.017997294342334987 0.0006301747153318189 0.0005036984204981437 7.7854296065110616e-06 0.00095378061978742526 -0.0027509966983699256 5.7741886945996203e-05 -7.5120551632786446e-05 -0.001507412918783525 9.8199473807288637e-05 -0.0019168961559988889 -0.00042628797659436545 -0.0038736258358280456 0.0001416251510353634 -0.0037619195671047727 -0.0038307830894240996 -0.00084714417852031201 -0.00011834286242705196 0.0049332787938451391 -0.0033087945820920168 -0.002534780167083472
leaf_weight=5458 518 248 463 397 640 380 404 234 235 132 236 179 486 187 119 2926 1763 406 109 126 110 182 112 232 124 944
leaf_count=5394 134 144 167 181 268 188 184 58 155 124 152 79 158 147 99 1746 639 406 105 114 110 94 112 228 124 920
internal_value=-4.87158e-05 -0.000174411 0.000204605 8.41782e-05 0.000526431 0.0014635 0.000715104 -0.000468693 0 -0.000633524 0 0.00103357 -0.00020922 -0.000378702 0.000847555 -0.000648689 -0.00059914 -8.83286e-05 0.000165991 0.000700363 0.00100234 -0.000803539 0.00132916 0.00162095 -0.000419253 -0.000527507
internal_weight=17350 16832 9079 8831 5026 1839 1459 3805 3187 7753 1055 415 2790 2555 306 3571 2249 2295 1095 689 563 3108 453 341 1200 1068
internal_count=12230 12096 4459 4315 2250 871 683 2065 1379 7637 499 231 1198 1043 246 2007 797 2243 1075 669 555 1840 445 333 1168 1044
is_linear=0
shrinkage=0.0296731


Tree=138
num_leaves=31
num_cat=0
split_feature=2 39 4 44 2 42 44 45 52 63 16 39 60 3 57 44 6 29 40 23 19 25 32 29 47 30 58 49 62 60
split_gain=7.65483 3.85976 3.7902 9.25941 1.9353 3.03593 3.02459 3.58423 1.23401 1.65406 2.30564 1.20306 0.880257 2.09819 0.609747 0.430995 0.873421 0.339339 0.226882 0.142875 0.19969 0.101682 0.11295 0.109203 0.0901457 0.0567005 0.0469787 0.0356349 0.0151468 0.0102538
threshold=897.00000000000011 28.948333333333334 1010.35 0.5321258125555931 1.0000000180025095e-35 0.11931051739560032 0.46162833985263907 2328.0300000000002 0.076500000000000012 0.62157267634986735 37.242084416982067 31.265000000000004 0.055000000000000007 0.48050000000000004 1009.9500000000002 0.50121139116302726 -0.37940952255126015 83.950000000000017 0.017320508081498608 29.235000000000003 31.828834868086766 29.935000000000006 1.1649999999999994 87.950000000000017 6.7500000000000009 78.450000000000017 3.7550000000000003 40.050000000000004 35.973586474532318 9.2750000000000004
decision_type=2 2 2 2 2 2 2 2 2 2 2 2 2 2 2 2 2 2 2 2 2 2 2 2 2 2 2 2 2 2
left_child=1 21 4 -4 11 6 17 -8 -7 10 15 12 13 -3 -11 16 -10 -6 -14 20 -16 22 23 28 -20 -18 -5 -27 -1 -17
right_child=-2 2 3 26 5 8 7 -9 9 14 -12 -13 18 -15 19 29 25 -19 24 -21 -22 -23 -24 -25 -26 27 -28 -29 -30 -31
leaf_value=-0.015635126715334798 0.002346806710367663 -0.0021913449628672122 0.0011218519244794666 -0.0056861361984944514 -0.0031070552263821466 -0.0088217237362972715 -0.001325591932432541 0.0012725093741714091 0.00060349669193472579 -0.00030064518555088221 0.00077711694893705101 0.00064027541632031366 -0.0007288583786076592 -0.00039921090003452921 -0.00031213994482820912 -0.0037828535457006306 -0.0011567585509354907 -0.00038835125980405885 -0.0026459606941686442 -0.0021904862755432217 0.0063624675654962255 -0.00037403727101633928 -0.0026366111864208086 -0.009879108079372775 -0.0045835396796335102 -0.0018455211908187188 0.0011496303643346514 0.0017198527827594773 -0.0074246659808239789 -0.0033989029656732962
leaf_weight=5073 518 341 130 190 341 501 243 318 239 2326 546 173 326 156 106 596 265 167 3059 171 111 124 240 129 272 127 147 102 175 138
leaf_count=5073 134 181 78 174 237 189 135 126 191 1062 178 45 162 72 106 408 209 143 1823 119 111 116 240 129 200 119 123 94 167 86
internal_value=-3.16155e-05 -0.000147971 0.000166533 0.00278013 3.9845e-05 0.00038192 0.00182567 0.00332646 6.32502e-05 -6.14785e-05 0.000553575 -0.000430413 -0.000554059 0.000480024 -0.000561573 0 0.000443799 0 -0.000727343 0.00033054 0.000876243 -0.0007761 -0.000794705 -0.000823541 -0.000800435 -4.83456e-05 0 0 -0.00084451 -0.000564482
internal_weight=17350 16832 11091 467 10624 6297 1069 561 5228 4727 2013 4327 4154 497 2714 1467 733 508 3657 388 217 5741 5617 5377 3331 494 337 229 5248 734
internal_count=12230 12096 6371 375 5996 3513 641 261 2872 2683 1285 2483 2438 253 1398 1107 613 380 2185 336 217 5725 5609 5369 2023 422 297 213 5240 494
is_linear=0
shrinkage=0.0296731


Tree=139
num_leaves=34
num_cat=0
split_feature=51 9 61 40 19 54 44 7 47 9 25 54 40 36 7 7 44 31 1 44 38 3 52 41 11 57 7 45 36 52 38 56 62
split_gain=8.53462 3.50876 6.7559 4.98392 3.50109 1.92865 3.78648 6.49074 1.78367 0.84108 2.48084 3.55915 0.910865 0.776081 0.684368 0.508173 0.448166 0.438936 0.365249 1.26318 0.281048 0.540391 0.14301 0.235068 0.0816945 0.0733013 0.0651978 0.0583833 0.0418591 0.0624262 0.0359121 0.0282981 0.012217
threshold=27393.950000000008 0.73248728852523659 2.1750000000000003 0.10692676621689852 36.850704447239146 0.55850000000000011 0.56387400625033979 1.0000000180025095e-35 61.70000000000001 0.30081702196488996 30.545000000000005 0.99350000000000016 0.061101009267249873 0.8455442691383801 -0.25881904510252113 0.91597561503675362 0.77569825810670523 0.026725320507036802 0.055000000000000007 0.64151956965882495 0.92536630117023744 0.84550000000000003 0.98650000000000004 29.140833333333337 11.500000000000002 1008.85 -0.98296291314453399 2015.9560000000004 0.86638863313334447 0.99250000000000005 1.2001291963495511 1007.0500000000001 36.308860620594295
decision_type=2 2 2 2 2 2 2 2 2 2 2 2 2 2 2 2 2 2 2 2 2 2 2 2 2 2 2 2 2 2 2 2 2
left_child=1 8 5 17 -5 13 7 -7 18 14 11 12 -11 15 20 -3 -8 -4 19 -1 21 -10 31 -24 32 -14 -20 -22 29 -29 -27 -23 -16
right_child=-2 2 3 4 -6 6 16 -9 9 10 -12 -13 25 -15 24 -17 -18 -19 26 -21 27 22 23 -25 -26 30 -28 28 -30 -31 -32 -33 -34
leaf_value=9.677333097623179e-05 0.0017841495645413098 -0.00090648808441172305 -0.0074732065663168619 0.0016538005109863593 -2.0011134455772486e-05 -0.00046595021937933406 -0.00022789503968102438 0.00097907077578350999 0.0011870674510794672 0.0043023092937102946 -0.0003238599772400678 -0.0010300583365023413 -0.0051506613026793008 0.00026519378520343877 -0.0076255205537681288 -0.0001273689901690804 -0.00020887279214714936 -0.023272595336577405 -0.0015697541008505903 -0.02569311346576281 0.00017076291027943717 -0.0074479872446383344 -0.0026779696254951935 0.0023646596409000096 -0.00078098051659907756 0.00096988376491794251 -0.006404458653548141 -0.0037620577496506407 -0.00013804301308446157 -9.5418910436122231e-05 -0.0099710079422559127 -0.0037573594399177876 -0.0058949047825802075
leaf_weight=114 670 2343 287 356 264 152 499 160 140 141 789 272 291 269 1617 287 278 169 120 575 129 240 99 98 185 208 5603 484 99 100 110 99 103
leaf_count=86 150 951 195 164 104 108 231 100 128 85 305 148 147 117 1605 147 98 81 120 575 129 236 99 98 185 176 4699 476 95 92 106 99 95
internal_value=-9.3851e-06 -0.000148323 0.000492379 0.00257848 0.00430933 -4.18555e-05 0.000987442 0.0037402 -0.000437926 -6.31848e-06 0.000485315 0.00148681 0.000255906 -0.000470028 -0.000303938 -0.000652537 0 0 -0.000769531 0 0.000106493 0.000599623 0 0.000755792 -0.00068666 -6.10919e-05 -0.0008483 -0.00015845 -0.00032378 -0.000430563 0 -0.000187633 -0.000750938
internal_weight=17350 16680 5064 1076 620 3988 1089 312 11616 5204 1811 1022 750 2899 3393 2630 777 456 6412 689 1488 676 536 197 1905 609 5723 812 683 584 318 339 1720
internal_count=12230 12080 2296 544 268 1752 537 208 9784 4304 967 662 514 1215 3337 1098 329 276 5480 661 1452 660 532 197 1885 429 4819 792 663 568 282 335 1700
is_linear=0
shrinkage=0.0296731


Tree=140
num_leaves=33
num_cat=0
split_feature=51 9 61 31 59 47 44 7 10 50 57 10 0 63 44 1 44 19 1 37 52 31 38 1 38 38 3 7 40 6 3 9
split_gain=8.36631 4.44936 9.89459 5.8526 3.68215 1.70397 1.60382 2.64687 2.68717 1.60342 1.08086 2.54612 3.89799 0.793603 0.761598 0.359959 1.26318 0.354799 0.31954 0.831136 0.230886 0.185237 0.141842 0.108983 0.0979635 0.0933611 0.09218 0.0641915 0.059345 0.0450888 0.0386443 0.0212695
threshold=27393.950000000008 0.73248728852523659 2.4350000000000005 0.026725320507036802 3.0350000000000006 61.70000000000001 0.60946125829496189 1.0000000180025095e-35 0.047319635496388741 242.3333333333334 1007.5500000000001 -0.93533330245768853 4.6650000000000009 4.3449081473846318 0.32375276189726859 0.055000000000000007 0.64151956965882495 38.426664003464204 0.87500000000000011 33.148484773140424 0.99750000000000016 1.3149375008450479 0.37912570816058355 5.5650000000000004 1.2001291963495511 1.0379212553284207 0.74550000000000016 -0.98296291314453399 0.020816660010228565 0.25881904510252057 0.99750000000000016 -0.81403855522663837
decision_type=2 2 2 2 2 2 2 2 2 2 2 2 2 2 2 2 2 2 2 2 2 2 2 2 2 2 2 2 2 2 2 2
left_child=1 5 6 9 -5 15 7 26 -9 -4 17 12 -12 21 -13 16 -1 20 19 24 22 28 -7 -20 25 -16 -3 -17 -8 -22 -24 -25
right_child=-2 2 3 4 -6 10 13 8 -10 -11 11 14 -14 -15 18 27 -18 -19 23 -21 29 -23 30 31 -26 -27 -28 -29 -30 -31 -32 -33
leaf_value=9.3901765468960456e-05 0.0017312083017199961 -0.0010063979754494615 -0.0034694106477110094 0.00016860072586191268 0.0015019076865836747 0.0024380495184941932 -0.0021879934079533652 0.00055632466935831852 -0.011384087848220183 0.0014125774690079784 -0.0022635844801051123 0.0017071127662400681 0.0039013057924319945 -0.00025440747922357375 -0.019175919844090162 -0.0015231746177907196 -0.024930718933532315 0.0001135807703949752 -0.0010863193188121315 0.0042893057252780184 0.00081215269122979032 -0.0001256981681306575 -0.0031016261046536019 0.00039968876253733252 -0.0059095851637256834 0.00079673311809276874 -0.0018101872693720388 -0.0062144184598647957 -0.0012892777342859755 -2.8537956917468961e-05 -0.0012351559749636926 -0.0041019495735789731
leaf_weight=114 670 465 282 228 279 122 222 468 191 213 169 164 129 256 145 120 575 350 747 282 121 320 1845 165 413 98 156 5603 1984 128 136 190
leaf_count=86 150 237 190 88 127 70 98 160 191 101 149 156 73 40 145 120 575 146 603 186 113 112 1585 165 413 98 104 4699 848 120 124 158
internal_value=9.38686e-06 -0.000114528 0.000609516 0.00324765 0.00552099 -0.00044048 -1.34966e-05 0.000823482 0.0021633 0.000664504 -1.77172e-05 0.000402003 0.0029682 -0.000441716 0 -0.000764905 0 -0.000450393 -0.000104442 0.000216106 -0.000599269 -0.000631026 -0.000705801 -0.000484936 -0.000210415 0 -0.000410244 -0.000843117 -0.000727837 0 -0.000769262 0
internal_weight=17350 16680 5064 1002 507 11616 4062 1280 659 495 5204 2502 298 2782 2204 6412 689 2702 2040 938 2352 2526 2103 1102 656 243 621 5723 2206 249 1981 355
internal_count=12230 12080 2296 506 215 9784 1790 692 351 291 4304 2146 222 1098 1924 5480 661 2158 1768 842 2012 1058 1779 926 656 243 341 4819 946 233 1709 323
is_linear=0
shrinkage=0.0296731


Tree=141
num_leaves=32
num_cat=0
split_feature=21 21 4 38 20 62 63 38 11 62 57 30 30 25 25 21 48 57 53 38 51 57 0 32 51 46 11 46 32 38 35
split_gain=11.8615 4.50468 7.89257 1.83642 2.81617 5.15605 7.88274 2.37972 3.84447 0.743568 1.50219 1.41013 0.544149 0.481426 0.478702 1.08365 0.329061 0.254709 0.202113 0.144029 0.134294 0.121448 0.0882292 0.103846 0.0495801 0.0406756 0.0288857 0.0175195 0.0118051 0.00895019 0.00477877
threshold=32.250000000000007 29.505000000000006 1010.35 1.0844909365711615 37.54062554485315 37.224162106603252 -0.48337251425688516 0.86212140542790172 4.5000000000000009 35.503735583401841 1006.9500000000002 79.65000000000002 82.950000000000017 31.605000000000004 29.995000000000001 30.055000000000003 721.75000000000011 1008.5500000000001 0.99350000000000016 1.207589025391778 20992.781000000003 1008.85 3.9250000000000003 0.070000000000002074 16649.829000000002 28.895000000000003 10.500000000000002 29.045000000000005 1.3950000000000016 1.1870016579528559 35.536097896479667
decision_type=2 2 2 2 2 2 2 2 2 2 2 2 2 2 2 2 2 2 2 2 2 2 2 2 2 2 2 2 2 2 2
left_child=1 9 3 4 5 12 -7 13 -9 16 24 -12 14 22 21 -16 20 18 -5 -19 25 -3 23 -6 -11 28 -21 -27 -1 -18 -13
right_child=-2 2 -4 17 7 6 -8 8 -10 10 11 30 -14 -15 15 -17 29 19 -20 26 -22 -23 -24 -25 -26 27 -28 -29 -30 -31 -32
leaf_value=-0.012017964928551998 0.0047807387426902779 -0.0037269493459562131 -0.00034538017872844009 -0.0018063074194005699 -0.0033633122871653295 -0.00082894156693340141 0.00050942377012180818 0.00054855874755326526 -0.0033246577149794476 -0.0044979250120042256 0.0048305405238220625 -0.011504430293090395 -0.0001107724886879631 -3.3651433524215048e-05 0.00082567805706782371 -0.00092713435713030192 0.0010157130412722633 0.0017748493885449913 -0.0079315110171925135 -0.0093970690845359799 -0.0017704730634584948 0.00082989965079122662 -0.0003995673883349744 -0.001943239540044329 -0.005124065564631795 -0.00021644526484432272 -5.7826735893410531e-05 -0.0023012431128704284 -0.010145575129793966 -0.0010854606486234751 -0.00020461410476666885
leaf_weight=6108 385 650 266 1495 338 425 510 488 409 784 207 155 122 402 211 269 130 129 217 243 191 200 1660 297 106 126 137 365 107 102 116
leaf_count=6096 69 542 162 671 106 149 158 100 177 680 159 143 86 94 139 149 130 85 153 151 191 184 556 113 90 126 137 345 107 102 80
internal_value=2.64871e-05 -8.38359e-05 0.000392175 0.000213131 0.000493737 0.00128383 0.00300527 0 0.0012893 -0.000572203 0 0.00139897 9.03584e-05 -0.000471564 0 0.000651335 -0.000694284 -0.000488707 -0.000663747 0 -0.000735005 -0.000504373 -0.000656631 -9.49116e-05 -0.000654671 -0.000757126 -0.000185363 -0.000103367 -0.000789571 3.64445e-06 0
internal_weight=17350 16965 8468 8202 5981 2387 935 3594 897 8497 1368 478 1452 2697 1330 480 7129 2221 1712 509 6897 850 2295 635 890 6706 380 491 6215 232 271
internal_count=12230 12161 3912 3750 2553 1407 307 1146 277 8249 1152 382 1100 869 1014 288 7097 1197 824 373 6865 726 775 219 770 6674 288 471 6203 232 223
is_linear=0
shrinkage=0.0296731


Tree=142
num_leaves=34
num_cat=0
split_feature=21 21 55 44 20 62 63 9 53 31 48 34 54 43 62 22 63 9 49 22 17 63 34 40 9 44 44 51 62 57 10 48 50
split_gain=10.131 4.86558 4.81018 7.30888 2.14665 6.35644 6.71593 1.09931 1.71252 1.95925 0.846636 0.78418 0.706392 0.460697 0.703241 0.396982 0.357196 0.320468 0.440039 0.271198 0.258617 0.218276 0.214592 0.169422 0.253916 0.11166 0.293975 0.111272 0.0784232 0.0609186 0.0317371 0.00541749 0.00126863
threshold=32.250000000000007 29.505000000000006 1010.35 0.59458417731628588 37.644151884327904 37.579651225117516 -0.48337251425688516 0.86529924138975434 0.14450000000000002 0.20728267128466274 175.20000000000002 0.038698067840751325 0.99850000000000005 29.14104166666667 35.517746725540967 29.955000000000002 -0.44404854129139076 -0.95747632178960107 268.75000000000006 29.725000000000005 36.279493862649304 1.1225229907550018 0.012137581173812523 0.10016652801135568 -0.33346569090932177 0.27484316669795578 0.26162777795083608 24336.397000000001 35.633945720708773 1009.9500000000002 0.76663042157996963 721.75000000000011 521.7750000000002
decision_type=2 2 2 2 2 2 2 2 2 2 2 2 2 2 2 2 2 2 2 2 2 2 2 2 2 2 2 2 2 2 2 2 2
left_child=1 10 4 -4 5 11 -7 15 -9 -10 22 -3 16 17 -15 19 -13 18 -12 -6 23 28 -1 24 -18 26 -24 -17 31 -25 -23 -19 -30
right_child=-2 2 3 -5 7 6 -8 8 9 -11 13 12 -14 14 -16 27 20 21 -20 -21 -22 30 25 29 -26 -27 -28 -29 32 -31 -32 -33 -34
leaf_value=0.00096584007437677723 0.0046388793653787258 0.00084371619973048627 0.0005187875882990006 -0.0016529825551294345 -0.00010340607241517759 -0.00046269691934704464 0.0013772695464466668 -0.00014654082710346307 -0.00072419220780763397 0.00078138248656411458 -0.0035063212021843966 0.00013116144080029823 -0.00014893541691939893 -0.0046883626105625751 0.0041199696404384326 -0.0032792665499978813 -0.0038959749975714941 -0.0065533731163837997 0.00068142305077297861 -0.00078369485754310872 -0.0014976905745627124 -0.0071763684307406444 -0.0082591517660104263 -0.0039627853679336592 0.0016450917613131798 -0.0096324906900849862 7.5579531529071614e-05 -0.00031828380119797628 -0.0082470176991055258 -0.00029423181238942618 0.0013956915029607144 -0.0020531511699075108 0.00016544606939260446
leaf_weight=50 385 256 165 173 184 528 642 795 499 404 124 139 133 133 121 1991 124 971 141 173 1311 114 433 375 118 5626 113 280 218 178 185 164 104
leaf_count=46 69 164 69 141 96 188 194 159 139 88 124 111 97 121 93 703 120 967 141 105 819 114 405 343 114 5478 101 88 206 174 185 164 104
internal_value=3.33273e-05 -6.80965e-05 0.000427206 0.00390955 0.000266684 0.000786332 0.00260409 -0.000162945 0.000384767 0.00130763 -0.000575694 0 -0.000191082 -2.91691e-05 0.00108426 -0.00056211 -0.000360962 -0.000229048 0.000559154 0.000105581 -0.000494957 -0.000416287 -0.000756314 0 0.000574137 -0.000779259 -7.40622e-05 -0.000719427 -0.000583515 -0.000351482 1.84997e-06 -0.000705403 0
internal_weight=17350 16965 8468 338 8130 3804 1170 4326 1698 903 8497 2634 2378 2275 254 2628 2245 2021 265 357 2106 1756 6222 795 242 6172 546 2271 1457 553 299 1135 322
internal_count=12230 12161 3912 210 3702 2324 382 1378 386 227 8249 1942 1778 2219 214 992 1681 2005 265 201 1570 1740 6030 751 234 5984 506 791 1441 517 299 1131 310
is_linear=0
shrinkage=0.0296731


Tree=143
num_leaves=37
num_cat=0
split_feature=21 21 55 44 38 9 60 44 23 55 8 38 2 34 58 0 5 17 30 50 30 44 44 36 24 49 46 21 16 9 30 10 34 32 38 38
split_gain=10.1105 4.94762 4.22051 10.1719 2.27774 2.63599 6.58185 8.9621 2.1348 5.39071 1.35829 1.07144 1.05777 1.66791 1.27154 0.654176 0.471692 0.401137 0.255925 0.244026 0.247977 0.205511 0.235484 0.169673 0.159463 0.153774 0.133023 0.132808 0.069672 0.0647552 0.0627675 0.0442354 0.0196614 0.0109559 0.000333783 0.00011812
threshold=32.250000000000007 29.355000000000004 1010.35 0.55914255653132428 1.0844909365711615 0.73248728852523659 2.4750000000000005 0.54886270345077803 30.285000000000004 1007.2500000000001 -0.12940952255126037 0.92887908702430011 520.95000000000016 0.27927980861485141 4.4350000000000014 5.3150000000000004 0.37940952255126054 34.692361161996864 79.65000000000002 546.04166666666686 75.950000000000017 0.27484316669795578 0.26162777795083608 0.27437583348103328 29.305000000000003 512.95000000000016 29.215000000000003 29.205000000000002 36.15977341496319 0.30081702196488996 78.15000000000002 0.21771516573566849 0.071067528843201291 -0.015000000000000567 1.1205220337135884 0.69867815753153284
decision_type=2 2 2 2 2 2 2 2 2 2 2 2 2 2 2 2 2 2 2 2 2 2 2 2 2 2 2 2 2 2 2 2 2 2 2 2
left_child=1 16 4 -4 5 10 8 -8 9 -7 12 32 13 14 28 -16 21 25 27 -6 31 22 -1 -14 -12 29 -23 -19 -3 -18 -25 -21 -10 -27 -5 -20
right_child=-2 2 3 34 19 6 7 -9 11 -11 24 -13 23 -15 15 -17 17 18 35 20 -22 26 -24 30 -26 33 -28 -29 -30 -31 -32 -33 -34 -35 -36 -37
leaf_value=-0.0082137163192489201 0.0045012293966991586 -0.00044522548079344823 0.00097797126880082817 -0.00028938973703644937 -0.0021185291459887498 0.00095457168470222719 -0.00030524032914841899 0.0058256770690704824 -0.00010947323542541625 -0.0013293368659746208 -0.0053459052844850889 0.000402257851998017 -0.0017176512864873056 -0.0014588079890835667 0.00053914005619374412 9.6188347426953832e-05 -0.0047570918841931924 0.0035995818451523341 -9.9809776263475001e-05 -0.003504804466742784 0.00011548830239361581 -0.013962262650186677 9.3784560832470385e-05 -0.00090562996929968438 -0.0041542910872874412 0.0043852289734120885 -0.0015406274202133298 -0.0034092246713101908 -0.0019798779477509755 -0.0043035356575223593 -0.00031237362961429496 -0.00019755048216491531 -0.00028562824062828483 -0.0031534475256328304 0.00012154054209631707 -0.0070610527640459575
leaf_weight=382 385 150 150 141 1555 381 363 328 358 390 162 385 163 189 138 141 1084 161 100 404 244 5125 108 485 1352 98 102 103 349 276 160 171 915 105 109 138
leaf_count=374 69 130 66 97 839 113 175 112 94 170 134 109 103 113 94 113 1084 161 100 156 176 5041 96 281 608 98 90 95 193 268 116 171 239 105 109 138
internal_value=3.84574e-05 -6.285e-05 0.000395729 0.00339125 0.000244869 0.000544825 0.0011631 0.00373413 0.000379779 0.00168274 -5.93828e-06 -0.000155992 0.000513175 0.00119313 0.0004049 0.00206878 -0.000619233 -0.000157002 0.000466441 -0.000514556 0 -0.000765245 0 -0.000154838 -0.000692884 -0.000433681 -0.000821629 0.00112153 -0.000293464 -0.00056168 -0.000473871 -0.000423399 -0.000632334 0 0 0
internal_weight=17350 16965 9183 400 8783 6409 3120 691 2429 771 3289 1658 1775 967 778 279 7782 2065 502 2374 819 5717 490 808 1514 1563 5227 264 499 1360 645 575 1273 203 250 238
internal_count=12230 12161 4511 272 4239 2897 1012 287 725 283 1885 442 1143 643 530 207 7650 2049 494 1342 503 5601 470 500 742 1555 5131 256 323 1352 397 327 333 203 206 238
is_linear=0
shrinkage=0.0296731


Tree=144
num_leaves=33
num_cat=0
split_feature=21 21 4 19 38 9 61 20 23 56 8 3 31 48 38 63 57 33 32 57 31 61 38 4 17 57 30 37 51 7 21 60
split_gain=6.43911 4.3534 8.55841 9.65915 1.71235 2.36883 5.4288 4.00117 2.42237 6.48205 1.01517 1.04 1.03963 0.644217 0.574823 0.332339 0.307727 0.737742 0.662907 0.298492 0.233421 0.193412 0.123251 0.122057 0.0782752 0.0715762 0.0405281 0.0246391 0.0159813 0.0142173 0.00461731 2.37053e-05
threshold=32.250000000000007 29.355000000000004 1010.35 35.183124452880477 1.0844909365711615 0.73248728852523659 2.1750000000000003 37.644151884327904 30.285000000000004 1006.9500000000002 -0.12940952255126037 0.99450000000000005 -0.43236652619303578 175.20000000000002 0.88066406627979166 -0.33325926105717935 1007.2500000000001 34.731580790827898 -0.015000000000000567 1008.5500000000001 -0.0058777949162447376 11.395000000000001 1.2001291963495511 1008.5500000000001 33.124907002094311 1010.7500000000001 77.250000000000014 33.850536159889792 14372.875000000002 -0.91597561503675329 28.795000000000005 0.39500000000000007
decision_type=2 2 2 2 2 2 2 2 2 2 2 2 2 2 2 2 2 2 2 2 2 2 2 2 2 2 2 2 2 2 2 2
left_child=1 13 4 -4 5 10 8 -8 9 -7 11 12 -3 28 -10 -14 -15 24 -19 21 -17 -6 -21 -12 30 26 -26 31 29 -1 -18 -24
right_child=-2 2 3 -5 19 6 7 -9 14 -11 23 -13 15 16 -16 20 17 18 -20 22 -22 -23 27 -25 25 -27 -28 -29 -30 -31 -32 -33
leaf_value=-0.0050534406411992389 0.0043676639304144459 0.0024473193071525138 0.00041164886023553165 -0.00021890769164396851 -0.0018125911034294396 0.00093454496111167597 -0.017164668014969527 8.1913012939543832e-05 -0.00026509307836523313 -0.0013170395477804925 -0.0041666793104682678 0.00082284975740249604 9.1414811815606772e-06 -0.0045721811832986703 -1.7930398777191993e-07 -0.0027561735723138636 -0.008505249999527004 -0.00086934797562229684 0.0016095117258108211 0.00041950469396823744 -0.00095754191128489207 -0.00089875871085032689 -0.0056863751388202275 -0.0020562439286305437 0.00058357325090097458 0.0042542132972786589 -0.0042700216580004481 -0.0051226255989183199 -0.0060069601223609907 -0.012578231783218126 -0.0033689655262770409 -4.2624259134279793e-05
leaf_weight=102 385 154 172 147 1663 351 443 327 1079 438 1310 229 295 666 520 213 346 172 149 134 903 173 106 204 99 133 246 224 99 5638 132 98
leaf_count=102 69 66 168 47 823 95 183 135 279 198 662 165 167 642 144 137 346 164 145 90 619 117 106 80 99 133 246 132 95 5546 132 98
internal_value=0 -8.20871e-05 0.000347272 0.00511655 0.000160872 0.000422082 0.00100696 0.00318433 0.0002526 0.00162422 -0.00010065 0.000333151 0 -0.000603985 -0.000351296 -0.000195639 -6.52633e-05 0.000131709 0.00140923 -0.000493589 -0.000490009 -0.000679021 0 -0.000692884 -0.000175511 0 -0.000114352 -0.000126082 -0.000762775 -0.000770913 -0.000452682 0
internal_weight=17350 16965 9183 319 8864 6466 3158 770 2388 789 3308 1794 1565 7782 1599 1411 1943 1277 321 2398 1116 1836 562 1514 956 478 345 428 5839 5740 478 204
internal_count=12230 12161 4511 215 4296 2930 1034 318 716 293 1896 1154 989 7650 423 923 1907 1265 309 1366 756 940 426 742 956 478 345 336 5743 5648 478 204
is_linear=0
shrinkage=0.0296731


Tree=145
num_leaves=33
num_cat=0
split_feature=9 61 31 21 59 5 54 28 50 9 54 42 32 31 55 60 29 9 53 6 52 59 9 11 53 57 37 52 31 59 57 59
split_gain=7.25935 10.1532 7.7801 7.10273 4.65144 2.20993 1.9196 3.95248 1.60342 1.1683 2.12724 0.937867 0.729541 0.507899 1.13665 0.347059 0.332103 1.75372 1.68138 0.323244 0.299291 0.270003 0.150354 0.131851 0.120543 0.109289 0.436654 0.13165 0.0779435 0.0365882 0.00828322 0.000333783
threshold=0.73248728852523659 2.4350000000000005 0.026725320507036802 32.250000000000007 3.0350000000000006 0.37940952255126054 0.55850000000000011 79.750000000000014 242.3333333333334 0.30081702196488996 0.99350000000000016 0.15330253227158089 -0.21499999999999983 0.20728267128466274 1007.2500000000001 0.085000000000000006 80.250000000000014 0.30901413279605805 0.99350000000000016 1.0000000180025095e-35 0.39350000000000007 4.1150000000000011 0.99466160899732492 11.500000000000002 0.70750000000000013 1009.0500000000001 33.731356006587312 0.99450000000000005 -0.48018262601138056 3.1350000000000002 1011.2500000000001 2.4350000000000005
decision_type=2 2 2 2 2 2 2 2 2 2 2 2 2 2 2 2 2 2 2 2 2 2 2 2 2 2 2 2 2 2 2 2
left_child=5 3 8 6 -4 16 13 15 -3 12 11 -11 -7 22 -15 -8 -1 24 -19 25 21 -13 -2 29 -18 27 30 -14 -17 31 -27 -21
right_child=1 2 4 -5 -6 9 7 -9 -10 10 -12 20 19 14 -16 28 17 18 -20 23 -22 -23 -24 -25 -26 26 -28 -29 -30 -31 -32 -33
leaf_value=-0.0072125120296833893 -0.00078401251529148076 -0.0032081212849202024 -2.3542044418432041e-06 0.004238061766643709 0.0015951516002357892 0.00090082921036699327 4.3893740595184809e-05 0.00093823783878859595 0.001626997296661471 0.0023090238090962768 0.00069712310886091953 0.001488351439164059 -0.0018924607234281424 7.9793946877774064e-05 -0.0014518042562383592 0.00095968826884282213 -0.00052072106965612877 -0.0011520393867667335 0.00067822478443762971 -0.0080704022645368221 -0.00086127744728967213 -0.0085198813230452867 -0.0034876040590055371 0.00026675008157885251 -0.013574310078798276 -0.00022748507494602674 -0.0015165090195531858 0.00056925186779172444 -0.0012942480995765393 -0.0056595390237955323 -0.005519396446218067 0.00013665727680283249
leaf_weight=4683 1601 282 243 337 286 163 171 352 213 275 356 165 534 563 713 138 151 213 243 141 610 140 237 153 1958 117 195 137 484 1224 174 98
leaf_count=3751 693 190 91 53 130 155 71 184 101 135 172 137 526 127 285 90 151 137 151 141 286 80 165 153 1950 117 191 129 220 1196 174 98
internal_value=5.89777e-05 0.000941476 0.00362151 0.000316896 0.006149 -0.0003538 0 0.00102511 0.000664504 0.000142456 0.000816545 0.000106728 -0.000172366 -0.000394277 0 0 -0.000677036 -0.000322906 0.0012499 -0.000322655 -0.000240606 0.000274028 -0.000711496 -0.00059531 -0.000720378 0 0.000389373 -0.000181492 -0.000458536 -0.000686017 0 0
internal_weight=17350 5620 1024 4596 529 11730 4259 1145 495 4482 1546 1190 2936 3114 1276 793 7248 2565 456 2773 915 305 1838 1616 2109 1157 486 671 622 1463 291 239
internal_count=12230 2400 512 1888 221 9830 1835 565 291 3690 810 638 2880 1270 412 381 6140 2389 288 2725 503 217 858 1588 2101 1137 482 655 310 1435 291 239
is_linear=0
shrinkage=0.0296731


Tree=146
num_leaves=37
num_cat=0
split_feature=9 61 31 47 59 54 28 47 50 9 53 30 27 45 44 59 6 48 31 41 57 37 53 10 52 59 2 59 26 10 62 60 40 45 7 60
split_gain=7.27567 10.2798 7.7801 5.06362 4.65144 2.16265 3.0863 1.99485 1.60342 1.32396 3.33508 0.795163 1.04249 0.763385 0.604814 0.919313 0.559523 0.550562 0.353665 0.238637 0.175483 0.443758 0.285414 0.301771 0.213909 0.13663 0.131845 0.249766 0.10609 0.0411633 0.03675 0.0145 0.0109559 0.00987335 0.00944794 0.00654039
threshold=0.73248728852523659 2.4350000000000005 0.026725320507036802 870.35000000000014 3.0350000000000006 0.64350000000000007 79.950000000000017 51.000000000000007 242.3333333333334 0.30081702196488996 0.99450000000000005 77.750000000000014 77.950000000000017 2464.1130000000007 0.27484316669795578 6.495000000000001 1.0000000180025095e-35 47.050000000000004 1.3149375008450479 29.780833333333337 1009.0500000000001 32.869146360974035 0.43850000000000006 0.1159303052754759 0.99350000000000016 6.1550000000000011 448.30000000000007 4.1150000000000011 68.350000000000009 0.88999460902669758 36.308860620594295 26.195000000000004 0.085440037453267545 2144.2705000000001 -0.98296291314453399 0.15500000000000003
decision_type=2 2 2 2 2 2 2 2 2 2 2 2 2 2 2 2 2 2 2 2 2 2 2 2 2 2 2 2 2 2 2 2 2 2 2 2
left_child=7 3 8 5 -4 13 17 14 -3 16 11 19 -13 18 15 -1 20 -7 28 26 24 -22 -23 -24 25 -9 -11 -28 -2 30 31 -18 -27 -21 -16 -31
right_child=1 2 4 -5 -6 6 -8 9 -10 10 -12 12 -14 -15 34 -17 29 -19 -20 33 21 22 23 -25 -26 32 27 -29 -30 35 -32 -33 -34 -35 -36 -37
leaf_value=-0.0068922470571383416 -0.0035745228260828988 -0.0031129263553677793 -2.2843478790948224e-06 -0.0013091507091473745 0.0015478184944322396 -0.0011020805578625642 0.00091957547121912964 -0.0032028970859247852 0.0015787192300666562 -0.011054756516043844 0.002255525755830632 -0.00046299559978954025 -0.0023711992843251642 -0.00023384239849233641 -0.0038657339332231204 0.00088578238744201055 -0.0069040966849459448 1.4997284893794207e-05 -0.00034593146894291017 -0.00017414519659028578 -0.0056787104043545828 -0.00062184723217878317 -8.638622422714901e-05 0.0045443036237956761 0.00053952872693295052 -0.0025775641937793247 0.0010439307792800528 -0.0038067209436583129 -0.00057135650534515642 -0.0065006168808151845 -0.0063791102978328646 -0.0051430056899922265 0.0011016076763506403 -0.0010153472523683543 -0.0070666602071944818 0.0003420184185733255
leaf_weight=400 215 282 243 516 286 389 263 543 213 134 277 226 187 250 114 157 1475 219 346 242 195 105 104 136 199 142 145 139 2398 169 125 99 98 568 5650 101
leaf_count=348 55 190 91 104 130 169 143 531 101 114 149 90 127 66 114 125 1463 135 130 82 195 101 104 136 187 138 117 107 1086 169 105 99 94 224 4810 101
internal_value=4.18774e-05 0.000925643 0.00362151 0.000297537 0.006149 -2.46306e-05 0.00125225 -0.000371504 0.000664504 2.58761e-05 0.000671352 8.59252e-05 0.00125713 -0.000408947 -0.000730254 1.47888e-05 -0.000294902 0 -0.00056872 -0.00021292 6.47971e-05 0.000535518 0.00125038 0.00181037 -7.38138e-05 -0.000395898 0.000172844 0.000670218 -0.000696375 -0.00063306 -0.000696897 -0.00073804 0 -0.000558427 -0.000822868 0
internal_weight=17350 5620 1024 4596 529 4080 871 11730 495 5409 1918 1641 413 3209 6321 557 3491 608 2959 1228 1522 540 345 240 982 783 418 284 2613 1969 1699 1574 240 810 5764 270
internal_count=12230 2400 512 1888 221 1784 447 9830 291 4433 1010 861 217 1337 5397 473 3423 304 1271 644 1486 536 341 240 950 763 338 224 1141 1937 1667 1562 232 306 4924 270
is_linear=0
shrinkage=0.0296731


Tree=147
num_leaves=30
num_cat=0
split_feature=62 10 54 39 56 63 1 10 38 36 63 29 57 58 29 10 58 7 40 39 10 18 58 29 22 25 2 63 45
split_gain=8.17754 8.58442 6.94352 2.03633 2.73215 3.72549 1.85439 3.46222 1.58016 3.02083 1.02321 1.07484 1.17537 1.79201 0.845623 0.56847 0.673088 0.560036 0.680392 0.444049 0.179196 0.168967 0.104193 0.0953275 0.0609837 0.0473705 0.0475681 0.0471569 0.0465152
threshold=37.106163575663636 -0.54160775828284857 0.19150000000000003 28.838333333333335 1009.2500000000001 -0.3142460067051473 4.3350000000000009 -0.67758968959607091 0.7818060401510315 0.36273725097987047 4.3449081473846318 83.950000000000017 1007.2500000000001 4.955000000000001 80.350000000000009 0.76663042157996963 2.7850000000000006 0.78656609248549325 0.050332229570140344 31.501666666666669 0.93225468035816128 35.14022220985273 2.9250000000000003 87.950000000000017 30.035000000000004 29.705000000000002 774.75000000000011 -1.2184875444346053 2318.5065000000004
decision_type=2 2 2 2 2 2 2 2 2 2 2 2 2 2 2 2 2 2 2 2 2 2 2 2 2 2 2 2 2
left_child=3 6 -3 23 10 -6 19 14 9 -7 11 17 28 21 -8 -10 -17 20 -19 22 27 -14 -2 25 -20 26 -1 -5 -13
right_child=1 2 -4 4 5 8 7 -9 15 -11 -12 12 13 -15 -16 16 -18 18 24 -21 -22 -23 -24 -25 -26 -27 -28 -29 -30
leaf_value=-0.0147373103094926 -0.00077967561899321613 0.00039410628016355742 0.0014063817599110913 -0.0028703649047095454 0.0044746597453631503 -0.0020858081128754639 -0.0057945788433559726 0.0012770099939283441 -0.0016928455565996723 0.0014611040468981516 5.7106912835487475e-05 -0.00023489710816478347 0.00056159676691225715 0.00088401895450853989 0.00020671261226820254 -0.0070134751065410129 0.004733104400978759 -0.00032882222570438432 -0.0014628497289504803 -0.00020704483817006781 0.0014082206162404417 -0.0034821175292690421 -0.0023088628029482462 -0.0076741850541595961 0.0001931815350326935 -0.00034689984869186886 -0.0029442800453101776 -0.0015875978579836991 -0.004100102236728769
leaf_weight=4757 275 852 906 118 116 147 581 411 538 139 169 184 140 145 406 117 180 278 416 371 127 173 1222 131 148 129 132 3717 325
leaf_count=4757 123 156 186 118 96 107 241 175 446 103 37 184 140 129 174 117 180 150 292 107 127 165 390 131 72 129 132 2757 309
internal_value=7.94981e-05 0.00109373 0.00276856 -0.000324373 0 0.001266 0.00015442 0.00099692 0.000616993 0.00251141 -0.000265595 -0.000350104 0.000489109 0.00162731 0 0 0.000998902 -0.000543954 2.56111e-05 -0.000412935 -0.000694963 0 -0.000670857 -0.000774509 -0.000414334 -0.000795133 -0.000810825 -0.000734897 -0.000305132
internal_weight=17350 5024 1758 12326 7177 1237 3266 1398 1121 286 5940 5771 967 458 987 835 297 4804 842 1868 3962 313 1497 5149 564 5018 4889 3835 509
internal_count=12230 1552 342 10678 5529 1049 1210 590 953 210 4480 4443 927 434 415 743 297 3516 514 620 3002 305 513 5149 364 5018 4889 2875 493
is_linear=0
shrinkage=0.0296731


Tree=148
num_leaves=35
num_cat=0
split_feature=21 2 4 37 20 36 61 9 51 19 22 21 57 59 40 21 19 29 11 55 30 61 53 10 19 29 20 50 59 61 9 32 47 55
split_gain=5.9118 4.75883 4.14093 2.53243 6.09217 6.74985 5.49077 6.84615 4.92909 0.987477 0.885898 0.790097 1.16762 4.22881 0.646696 0.510438 0.477173 0.468292 0.334464 0.260765 0.209097 0.193761 0.190388 0.16494 0.142658 0.113831 0.0910649 0.0730238 0.0434455 0.0393449 0.0380523 0.0211123 0.0119908 0.00156691
threshold=29.355000000000004 5.5500000000000007 1010.1500000000002 36.114705164772907 37.644151884327904 0.41555841742680716 1.405 0.67125374152323958 28333.629000000004 36.850704447239146 31.545000000000005 28.835000000000004 1007.2500000000001 6.495000000000001 0.017320508081498608 30.615000000000006 37.968630402971883 84.950000000000017 10.500000000000002 1003.7500000000001 81.850000000000009 9.0650000000000031 0.32550000000000007 0.82873938879806197 37.813099058515405 87.950000000000017 33.763335721336951 603.93333333333362 4.7650000000000006 14.925000000000002 0.92263100495486405 1.5350000000000004 648.95000000000016 1011.0500000000001
decision_type=2 2 2 2 2 2 2 2 2 2 2 2 2 2 2 2 2 2 2 2 2 2 2 2 2 2 2 2 2 2 2 2 2 2
left_child=11 10 3 18 5 6 -5 -8 9 -6 14 25 32 17 -2 16 -11 23 20 -16 26 -21 -20 33 -17 27 -3 31 -23 30 -28 -1 -13 -14
right_child=1 2 -4 4 8 -7 7 -9 -10 15 -12 12 13 -15 19 24 -18 -19 22 21 -22 28 -24 -25 -26 -27 29 -29 -30 -31 -32 -33 -34 -35
leaf_value=-0.015762800868513324 -0.00043772828807798602 -0.00094280294428279526 0.00020932613263867714 -0.00080358142687920531 0.0001694197185004178 -0.00045137627826094079 0.00072065529144957384 0.0038698757182307783 -0.00048200673865554086 -0.00014912442489138934 0.00051544259885518491 -0.0053610466238176021 -0.0026643500918695075 0.0038348785062453775 -5.9283694946154986e-05 -0.00034929370690564793 0.00015987623476478025 0.00093828618457086248 -0.0012970873552469989 -0.0015320076083668894 0.00074764524246086466 -0.0074995773169518887 0.0050097580784711432 0.00083621994341789364 -8.7966126515620575e-05 -0.005391879310569659 -0.0058477446059002243 -0.001373686900366846 0.0012477881662853773 -0.0020157063182642482 -0.0015771938200046917 -0.0055205173702647927 -0.0076460033775115933 -0.0053971679078575049
leaf_weight=4827 312 125 309 217 557 403 315 242 437 235 204 1348 654 125 232 433 225 153 105 2325 113 219 99 158 1168 115 916 104 151 107 119 102 98 98
leaf_count=4823 120 113 189 105 173 195 163 86 77 95 52 1268 626 109 88 109 109 153 105 1145 109 115 99 158 280 115 776 104 99 79 99 102 94 98
internal_value=2.64872e-05 0.000526929 0.00102781 0.000823676 0.00120552 0.00303622 0.00465388 0.00622102 0.00045944 0 -0.000329671 -0.00057349 -0.000101395 0.000532163 -0.000477482 -0.000328149 0.000397149 0 -0.000121744 -0.000636115 -0.000351784 -0.000724268 0.000843735 -0.000334612 -0.000611058 -0.000791771 -0.000514237 -0.000813095 0 -0.000602817 -0.000658987 -0.00082952 -0.000704107 -0.000572254
internal_weight=17350 9568 6125 5816 4232 1177 774 557 3055 2618 3443 7782 2634 1188 3239 2061 460 1063 1584 2927 1380 2695 204 910 1601 5148 1267 5033 370 1142 1035 4929 1446 752
internal_count=12230 4580 2961 2772 1392 549 354 249 843 766 1619 7650 2506 1144 1567 593 204 1035 1380 1447 1176 1359 204 882 389 5144 1067 5029 214 954 875 4925 1362 724
is_linear=0
shrinkage=0.0296731


Tree=149
num_leaves=35
num_cat=0
split_feature=9 60 31 25 47 51 48 54 27 56 42 52 31 25 41 44 56 30 53 56 36 24 17 10 28 0 32 6 63 31 40 56 51 48
split_gain=7.5855 8.74854 8.30894 4.73591 4.6704 1.70673 1.37146 1.32725 3.18979 2.59965 0.939842 1.38927 1.30334 0.641348 0.826719 0.604862 1.73284 0.462483 0.242896 0.242364 0.309798 0.48194 0.270742 0.586596 0.197532 0.192582 0.0809247 0.077099 0.0728291 0.0532406 0.0467689 0.0268227 0.00146079 0.000489051
threshold=0.73248728852523659 2.5550000000000002 0.026725320507036802 30.265000000000004 870.35000000000014 1470.6375000000003 178.90000000000001 0.64350000000000007 78.15000000000002 1007.2500000000001 0.14096098751112654 0.99450000000000005 -0.48018262601138056 30.525000000000002 30.848333333333336 0.27484316669795578 1008.35 84.350000000000009 0.99350000000000016 1008.9500000000002 0.3597125631967607 30.145000000000003 33.365717466314244 0.76663042157996963 73.15000000000002 5.3350000000000009 1.6750000000000009 0.91597561503675351 0.061401049591459873 -0.3739136476355433 0.040414518847789016 1007.85 20489.567000000006 315.75000000000006
decision_type=2 2 2 2 2 2 2 2 2 2 2 2 2 2 2 2 2 2 2 2 2 2 2 2 2 2 2 2 2 2 2 2 2 2
left_child=5 4 6 -4 7 15 -3 13 29 -10 11 12 -7 27 -15 16 -1 19 31 20 21 25 26 28 -16 -12 32 -2 -24 -9 -22 -14 -21 -17
right_child=1 2 3 -5 -6 10 -8 8 9 -11 17 -13 18 14 24 33 -18 -19 -20 22 30 -23 23 -25 -26 -27 -28 -29 -30 -31 -32 -33 -34 -35
leaf_value=-0.0063246052873314057 -0.0012136044600694709 -0.0028472687252841067 0.0018787637054101917 0.00044642002087638097 -0.0014028001955402303 -0.0010073472015091887 0.0011978518996079361 0.00077420336079004346 0.00056438135440815167 -4.1048098961380503e-05 -0.0017322593559667286 0.0044013011493129698 -0.00094286464334925307 9.0081858014726739e-05 -7.4152832989231863e-05 -0.0061904692510947636 0.0001385417977863332 5.2405979408900875e-05 0.00089352647173580207 -0.010697867692901207 -0.0061159912836647188 0.00058101937719773615 0.0045635606604721296 0.0047529186046779449 -0.00017670767144526301 0.00074209311491692492 -4.7472459480944248e-05 -0.00029011183698120723 -0.0018280943207221174 -0.0021651194070746015 -0.0014808082872389478 -0.0026230219300765966 -0.0035000372773963187 -0.002955763690484847
leaf_weight=441 1419 300 231 265 526 157 176 142 183 215 592 206 537 534 461 5642 116 222 176 451 115 127 152 148 623 176 155 192 310 353 1665 120 98 124
leaf_count=385 867 204 119 89 106 105 76 94 63 159 452 178 409 118 105 4814 88 190 140 451 95 51 104 148 127 172 155 124 230 149 1337 116 98 112
internal_value=2.30671e-05 0.000925643 0.00349685 0.00619832 0.000360826 -0.000399325 0.00041612 0 0.00103392 0.00304209 0 0.000720753 0.000128237 -0.000255819 9.97803e-05 -0.000730305 1.47888e-05 -0.000220564 -0.000212364 -0.000317136 -0.000479207 0 0 0.000469461 -0.000287029 -0.000309241 -0.000382625 -0.000686354 0 -0.000348322 -0.000705682 -0.000571448 -0.000562831 -0.000822892
internal_weight=17350 5620 972 496 4648 11730 476 4122 893 398 5407 1196 990 3229 1618 6323 557 4211 833 3989 2675 895 1314 610 1084 768 704 1611 462 495 1780 657 549 5766
internal_count=12230 2400 488 208 1912 9830 280 1806 465 222 4431 948 770 1341 350 5399 473 3483 665 3293 2107 675 1186 482 232 624 704 991 334 243 1432 525 549 4926
is_linear=0
shrinkage=0.0296731


Tree=150
num_leaves=32
num_cat=0
split_feature=51 43 4 51 61 57 45 63 33 41 40 3 44 5 38 57 29 29 59 53 57 35 61 49 49 45 51 34 10 54 35
split_gain=5.06529 4.47732 4.21619 2.65556 4.09503 3.0824 5.16752 5.80616 1.73044 1.59782 0.620667 1.27315 0.588212 1.11568 0.585481 0.676455 0.819864 0.486886 0.501401 0.414623 0.253473 0.232545 0.18266 0.175527 0.18381 0.136728 0.119411 0.0454187 0.0363198 0.00441469 6.16546e-06
threshold=967.9575000000001 29.365208333333339 1009.7500000000001 28333.629000000004 2.1750000000000003 1005.5500000000001 2328.0300000000002 1.3377690730003311 37.014454106360041 31.534166666666671 0.020000000006725954 0.43150000000000005 0.27484316669795578 -0.91597561503675329 0.62829325763358768 1007.1500000000002 84.350000000000009 76.050000000000011 5.245000000000001 0.27650000000000008 1009.2500000000001 34.412218842521142 3.0350000000000006 612.05000000000007 680.95000000000016 2132.0950000000007 19968.774000000005 0.053228374175321884 0.82873938879806197 0.99750000000000016 35.143221381755417
decision_type=2 2 2 2 2 2 2 2 2 2 2 2 2 2 2 2 2 2 2 2 2 2 2 2 2 2 2 2 2 2 2
left_child=9 14 3 4 17 -6 8 -8 -7 10 11 -1 13 -12 15 29 -17 -3 -19 -20 25 26 30 -14 -25 -16 -22 -27 -28 -2 -23
right_child=1 2 -4 -5 5 6 7 -9 -10 -11 12 -13 23 -15 20 16 -18 18 19 -21 21 22 -24 24 -26 27 28 -29 -30 -31 -32
leaf_value=0.00077313593912366316 -0.0055617552917648734 8.150594505027038e-05 -0.0012685533205936872 -0.00089888005513831179 -7.6609096166955365e-05 -0.00070766261900401728 0.0016375873001049832 9.6398438829422298e-05 0.0056823093233274707 0.00041925784707525849 0.0006088176787500104 -0.00094990118275227757 -0.0034057845923470618 -0.0094713274485584264 0.00070438221021660555 0.00032614817525636255 0.0031184871038970625 -0.00016152983632306559 -0.00015605714053528255 -0.0017958811074376549 -0.0075025791676010091 0.0051537482867157047 0.0050602300474287733 -0.0010328633531756254 -0.0030643890384785101 -0.0010145717708065498 -0.0026355595180968176 -0.003875120367146853 0.00072738381690474595 -0.0029011265273769732 -0.0016363824487273906
leaf_weight=293 181 321 295 482 385 429 375 166 374 234 137 539 6138 381 155 187 109 1437 257 402 644 132 126 222 569 172 150 1686 155 98 119
leaf_count=149 181 105 111 90 221 241 179 98 146 58 109 415 4874 325 147 187 109 425 65 170 644 132 126 178 417 172 150 1642 155 98 111
internal_value=-4.25501e-06 0.000486347 0.00108621 0.000834037 0.000555129 0.00166445 0.00235086 0.00462839 0.000659442 -0.0005275 -0.000606829 3.65868e-05 -0.00069468 8.26105e-05 -0.000237972 0.000551879 0.00160188 -0.000190087 -0.000394087 0.000144409 -0.00040991 0 0.000522355 -0.000769969 -0.000139082 -0.00062395 -0.000326198 -0.000697468 0 -0.000143281 0
internal_weight=17350 8837 4923 4628 4146 1729 1344 541 803 8513 8279 832 7447 518 3914 575 296 2417 2096 659 3339 1326 377 6929 791 2013 949 1858 305 279 251
internal_count=12230 5705 1851 1740 1650 885 664 277 387 6525 6467 564 5903 434 3854 575 296 765 660 235 3279 1318 369 5469 595 1961 949 1814 305 279 243
is_linear=0
shrinkage=0.0296731


Tree=151
num_leaves=34
num_cat=0
split_feature=25 4 38 51 20 38 10 33 27 59 56 38 56 44 10 38 38 63 48 39 52 20 22 39 37 41 51 43 45 45 52 25 25
split_gain=6.7562 3.60262 12.9455 3.49981 2.87855 4.20716 5.86381 9.59075 3.07564 1.33098 1.23068 0.761772 1.30921 2.39879 0.708926 0.685755 1.64619 0.542527 0.378283 0.32559 0.263739 0.317708 0.248389 0.236174 0.172285 0.129234 0.0965634 0.0948023 0.0450985 0.0478391 0.00257298 2.8828e-05 1.4339e-05
threshold=29.365000000000006 1010.1500000000002 0.7818060401510315 28333.629000000004 37.644151884327904 0.99584219870618129 -0.67758968959607091 37.197947068533324 80.350000000000009 5.8850000000000007 1006.6500000000002 0.6492149039472711 1008.85 0.31279001032199555 -0.51235243343851777 0.86212140542790172 1.0844909365711615 -0.79483332648841898 658.35000000000002 31.005000000000003 0.91150000000000009 36.8917648296446 29.985000000000003 29.199999999999999 34.508679665459525 29.422500000000007 19868.934000000005 29.348125000000003 2235.0210000000006 2140.4970000000008 0.49750000000000005 29.645000000000003 30.035000000000004
decision_type=2 2 2 2 2 2 2 2 2 2 2 2 2 2 2 2 2 2 2 2 2 2 2 2 2 2 2 2 2 2 2 2 2
left_child=11 3 -3 4 5 6 9 8 27 20 -11 12 23 -14 17 -16 -17 -6 26 24 21 -2 -19 -1 31 -25 -13 -8 29 -20 -4 -7 -33
right_child=1 2 30 -5 14 19 7 -9 -10 10 -12 18 13 -15 15 16 -18 22 28 -21 -22 -23 -24 25 -26 -27 -28 -29 -30 -31 -32 32 -34
leaf_value=-0.010064079702025224 -0.00059049348544151076 0.00089422909948269928 -0.002288540442852054 -0.00097727446708843627 -0.00015748633263151308 -0.00022449738088064044 0.0018568529985581014 0.0015964896361202977 -9.2651529139094863e-05 -0.00046957823821860273 0.0046026546764150137 -0.0074419235743976089 0.0002510700643476425 -0.0060207347280665235 -0.00025411565080281584 0.00012005196653822898 -0.00069758065523378297 -0.0032978519380293322 -0.0021502683441728273 0.0021482397443873011 -0.0013017103873821307 0.0022408663975110195 -0.0023196850527094949 0.00022683276731003607 -0.002473803385230297 -0.0031162423413139285 -0.0040521164349816311 -0.0012004769772454558 -0.0098717125725618828 0.0091573827531011287 -0.0046179118310389579 -0.0057756837370304239 -0.001052738735685185
leaf_weight=870 158 154 177 492 330 165 171 472 199 183 139 5824 119 203 780 457 485 251 130 148 724 139 2067 132 963 249 195 379 157 99 103 136 100
leaf_count=866 142 66 157 96 162 153 171 180 147 135 87 5660 107 195 180 93 121 179 130 52 388 67 719 116 687 165 195 235 157 99 87 136 100
internal_value=3.84574e-05 0.000585046 0.00326166 0.000440925 0.000283121 0.000856412 0.00159637 0.00308905 0.000810299 0.000147744 0.0018595 -0.000588705 0 0.00167656 -0.000224555 0.000194944 0.000776983 -0.000542194 -0.000732351 -0.000320337 -0.000278893 0.000206027 -0.000722886 -0.000438415 -0.000519209 0 -0.000791224 -0.000133689 0 0.000399935 -0.000145926 0 -8.56038e-06
internal_weight=17350 9372 434 8938 8446 4076 2564 1221 749 1343 322 7978 1573 322 4370 1722 942 2648 6405 1512 1021 297 2318 1251 1364 381 6019 550 386 229 280 401 236
internal_count=12230 4540 310 4230 4134 2680 1552 733 553 819 222 7690 1449 302 1454 394 214 1060 6241 1128 597 209 898 1147 1076 281 5855 406 386 229 244 389 236
is_linear=0
shrinkage=0.0296731


Tree=152
num_leaves=32
num_cat=0
split_feature=9 1 31 47 5 44 35 55 2 31 44 52 20 44 56 30 21 16 1 57 10 26 63 59 0 1 29 56 59 40 30
split_gain=6.59351 6.64322 6.16164 4.12751 2.07559 1.71408 2.13311 8.23777 4.22456 1.38695 1.72066 0.607589 0.993969 0.57306 2.05998 0.554385 1.24593 0.579332 0.47558 0.415625 0.3279 0.201527 0.189348 0.234951 0.40843 0.457026 0.118862 0.0981766 0.0584672 0.0577034 0.0374223
threshold=0.73248728852523659 4.245000000000001 0.026725320507036802 870.35000000000014 0.37940952255126054 0.61236513589394703 38.20283050962928 1006.0500000000001 622.00000000000011 -0.48018262601138056 0.4264726191572471 0.19150000000000003 39.366388837341837 0.27484316669795578 1008.4500000000002 82.950000000000017 29.455000000000002 39.632896994992919 0.90500000000000014 1008.2500000000001 -0.93533330245768853 82.950000000000017 0.9318153582641352 2.8550000000000004 4.7650000000000006 0.87500000000000011 86.550000000000011 1008.9500000000002 5.035000000000001 0.060000000002106542 81.450000000000017
decision_type=2 2 2 2 2 2 2 2 2 2 2 2 2 2 2 2 2 2 2 2 2 2 2 2 2 2 2 2 2 2 2
left_child=4 3 -3 5 13 6 7 -2 -9 10 -6 -7 18 14 -1 17 28 19 -13 21 -21 27 29 -24 25 -25 -15 30 -17 -22 -11
right_child=1 2 -4 -5 9 11 -8 8 -10 15 -12 12 -14 26 -16 16 -18 -19 -20 20 22 -23 23 24 -26 -27 -28 -29 -30 -31 -32
leaf_value=-0.0074797004739779469 0.0085223094141790214 4.7545636328574278e-05 0.00090925912731841551 -0.0014105703948386259 0.00038546905711909997 -8.833738545044869e-05 -0.00083518266081201574 -0.0014268504332764309 0.0035446659121023071 -0.0014955137244847953 -0.002191803714481984 -0.0013214148256276753 -8.3023299840829663e-05 -0.0046995641825179398 0.00025341256309437528 -0.0018289792134332321 0.00082546241288928971 0.00061945006230660303 -4.1100546448259978e-06 0.0073785066690507956 -1.476625803540822e-05 0.0028187499937930211 -0.0043502412772459774 0.0050712924459051329 -0.0038231424999975372 -0.0044173715284022618 -0.001625630000110472 -0.0022161589525069641 -0.003898261818980188 -0.00028442530730988049 -0.00021399875304538846
leaf_weight=547 147 336 308 536 146 1197 542 620 250 1677 142 919 429 6419 114 98 98 124 336 157 144 189 236 182 117 110 168 148 194 597 123
leaf_count=471 39 192 124 108 106 461 154 548 102 1329 102 391 97 5415 86 98 70 36 184 101 124 189 220 170 105 102 168 116 194 513 115
internal_value=4.25677e-06 0.000846478 0.00370313 0.000451253 -0.000389208 0.000125501 0.000935364 0.00176045 0.000506417 8.95204e-05 0.00207926 -0.000271875 2.58449e-05 -0.000701592 0 -1.98603e-05 0.0010049 -0.000156759 -0.000321858 -0.000252933 5.182e-05 -0.000528423 -1.21553e-05 0.000258451 0.00077312 0.00143416 -0.000786245 -0.000630291 0 -0.000407887 -0.000691266
internal_weight=17350 5620 644 4976 11730 4440 1559 1017 870 4482 288 2881 1684 7248 661 4194 390 3804 1255 3680 1543 2137 1386 645 409 292 6587 1948 292 741 1800
internal_count=12230 2400 316 2084 9830 1976 843 689 650 3690 208 1133 672 6140 557 3482 362 3120 575 3084 1335 1749 1234 597 377 272 5583 1560 292 637 1444
is_linear=0
shrinkage=0.0296731


Tree=153
num_leaves=34
num_cat=0
split_feature=25 51 61 9 20 35 57 58 10 40 28 22 34 57 5 47 9 24 61 34 44 44 26 21 25 48 44 30 26 41 56 23 57
split_gain=6.0666 4.04029 3.08217 8.96977 8.95503 3.09288 1.82691 4.19542 0.915543 0.839498 1.48113 1.67406 1.98539 0.70331 0.690251 0.471812 0.835373 0.4316 0.208066 0.255708 0.162677 0.268075 0.157879 0.12166 0.179566 0.0903813 0.0662692 0.0349935 0.0284945 0.020704 0.0765582 0.017451 0.00673131
threshold=29.385000000000002 28333.629000000004 2.1750000000000003 0.73248728852523659 37.644151884327904 37.593062607332257 1007.6500000000002 4.8550000000000013 -0.54160775828284857 0.33850159213723202 79.350000000000009 30.365000000000006 0.21527973601892444 1003.85 0.60355339059327384 66.300000000000026 0.57023701209772126 29.935000000000006 0.51500000000000012 0.17698972099357235 0.27847914455724843 0.26501213378065963 82.15000000000002 28.975000000000005 28.845000000000002 573.25000000000011 0.4062418335883034 83.450000000000017 76.450000000000017 29.270833333333336 1008.2500000000001 28.825000000000003 1008.7500000000001
decision_type=2 2 2 2 2 2 2 2 2 2 2 2 2 2 2 2 2 2 2 2 2 2 2 2 2 2 2 2 2 2 2 2 2
left_child=14 2 8 6 5 -5 15 31 26 10 13 12 -12 -10 20 -4 22 18 19 -15 21 -1 -17 27 -25 -22 -2 28 -16 30 -26 -8 -33
right_child=1 -3 3 4 -6 -7 7 -9 9 -11 11 -13 -14 17 23 16 -18 -19 -20 -21 25 -23 -24 24 29 -27 -28 -29 -30 -31 -32 32 -34
leaf_value=-0.0071096977833457753 -0.0024046826885433525 -0.0010219933631271025 -0.0021142433847379212 0.00022328199542100493 -0.00017011755137266124 0.0015690219226781182 0.00022520267582633308 0.0042740038408455965 2.2477221063648739e-05 -8.5657218200824823e-05 -0.0016437460966152149 -0.00014980228132272511 -8.5383231401806319e-05 0.0013228921398623634 -0.0033961812015652557 -0.0040150874933364148 -8.2040129468269209e-06 -0.00022637220246771899 -0.0037813430684835226 -0.0020525075710371736 -0.0095753847365168451 0.00016001264730647335 0.0038555253873786355 -0.00031754820250143876 -0.0015916439554218903 -0.0062006264533018152 -0.001458778217800466 -0.0028295336163564034 -0.0033204556236173066 -0.0010698267675232792 0.0016026243939047695 -0.0041356152474467302 -0.00091832962169286685
leaf_weight=445 273 503 1098 300 427 215 138 212 284 706 185 322 174 186 191 670 442 885 187 183 5867 135 109 186 194 142 1428 110 385 234 199 199 136
leaf_count=437 185 99 578 152 179 87 138 168 64 278 105 54 118 118 191 570 146 269 123 115 5627 115 109 186 186 142 564 110 385 190 199 139 104
internal_value=-1.45152e-05 0.000496866 0.000332648 0.000951495 0.00347911 0.00611007 0.000117146 0.00148663 -0.000150224 0.000120324 0.000416548 0.00158738 0.0029738 0 -0.00061481 -0.000237225 8.1467e-05 -0.000312864 0.000175829 0.000712574 -0.000745761 -1.98075e-05 -0.000393368 0 0.000203746 -0.000795995 -0.000714544 -0.000326248 -0.000424206 0 8.99649e-05 0 -0.000179304
internal_weight=17350 9262 8759 3946 942 515 3004 685 4813 3112 2406 681 359 1725 8088 2319 1221 1441 556 369 6589 580 779 1499 813 6009 1701 686 576 627 393 473 335
internal_count=12230 4462 4363 2370 418 239 1952 549 1993 1244 966 277 223 689 7768 1403 825 625 356 233 6321 552 679 1447 761 5769 749 686 576 575 385 381 243
is_linear=0
shrinkage=0.0296731


Tree=154
num_leaves=39
num_cat=0
split_feature=9 1 31 47 5 63 37 6 53 47 43 6 52 47 45 55 59 59 53 60 29 2 59 2 59 37 47 19 31 1 1 47 20 28 63 24 9 60
split_gain=6.67333 7.69082 6.99333 6.58652 1.98003 1.34543 4.1578 1.22229 0.988422 0.898677 0.859357 0.732998 1.09414 0.713745 0.487788 0.453522 0.515176 0.933139 1.16744 0.446824 0.375113 0.194378 0.182356 0.153458 0.151375 0.146036 0.145497 0.144223 0.121324 0.0755385 0.343899 0.0602568 0.0599295 0.0214605 0.0254907 0.0126637 0.00709401 0.00414238
threshold=0.73248728852523659 3.6450000000000005 0.026725320507036802 870.35000000000014 0.37940952255126054 -0.080921478273797462 36.114705164772907 0.25881904510252057 0.99450000000000005 6.7500000000000009 29.203958333333336 0.60355339059327384 0.33950000000000008 195.05000000000004 2450.9170000000008 1006.1500000000002 4.1150000000000011 2.9950000000000006 0.72350000000000014 0.085000000000000006 86.550000000000011 543.1500000000002 3.6150000000000007 338.15000000000003 2.6750000000000003 34.256719948116377 203.05000000000004 39.861666076137055 -0.41776128128814344 0.055000000000000007 0.025000000000000005 796.25000000000011 35.165516214199819 80.65000000000002 0.9318153582641352 28.255000000000006 -0.55601228778889811 0.015000000000000001
decision_type=2 2 2 2 2 2 2 2 2 2 2 2 2 2 2 2 2 2 2 2 2 2 2 2 2 2 2 2 2 2 2 2 2 2 2 2 2 2
left_child=4 3 9 5 20 6 -2 8 13 -3 32 14 19 -6 21 28 17 -17 -19 -13 26 -7 24 -24 -9 -22 27 29 -15 30 37 -23 -10 34 -18 -30 -35 -1
right_child=1 2 -4 -5 7 11 -8 22 10 -11 -12 12 -14 15 -16 16 33 18 -20 -21 25 31 23 -25 -26 -27 -28 -29 35 -31 -32 -33 -34 36 -36 -37 -38 -39
leaf_value=-0.021044454782203483 -0.010222371436785359 -0.002678918112317929 0.0012232033866838299 -0.0012858551791102499 0.00097503234682708021 -0.001538822198120345 0.005141183437735666 -0.005751511318178428 0.0010560555013880294 0.0012618337576201248 0.003799999157249179 5.1040140577269734e-05 0.00051712112348335478 0.00072776658551784918 3.9549278455926567e-05 -0.0012577153646018298 -0.0031987242814714048 0.0017787133936888332 -0.00067081765868043852 -7.8670072832074224e-05 -0.011160362558799226 -4.1089939407439003e-05 6.9946700927760953e-05 -0.00026094664403943335 0.0001790348542725918 0.00054079660026824035 0.00011977762739113874 0.00030345165076723165 -0.00093309444775651208 -0.0062554869660060072 0.00010891630453422999 -0.00058270898140798226 -0.0015657007212719438 -0.0013773239463237587 -0.00055084004751434731 -0.0010967479579137524 0.00050502315814303497 -0.00028730466568791912
leaf_weight=546 314 219 365 531 139 1753 231 255 127 143 139 264 274 111 218 283 248 145 114 697 142 303 136 1365 212 102 124 132 191 5990 113 308 104 110 112 587 104 99
leaf_count=546 154 143 145 107 131 877 91 219 115 67 91 92 170 71 78 247 196 129 78 253 142 131 120 1125 176 86 84 40 187 5062 97 92 104 110 84 403 104 83
internal_value=0 0.000846478 0.0037093 0.000395199 -0.000396796 0 0.00138982 6.96695e-05 0.000525551 0.00041764 0.00198317 -0.000182562 0.000358237 0.000216616 -0.00048738 1.23996e-05 0.00046454 0.00112985 0.00240869 0 -0.000701592 -0.000638363 -0.000452216 -0.000612228 0 8.05407e-05 -0.000745845 -0.000764802 -0.000421388 -0.000784329 -0.000223554 0 0.000261745 0 -0.000228344 -0.000582846 0 -0.000611375
internal_weight=17350 5620 727 4893 11730 4362 545 4482 2514 362 370 3817 1235 2144 2582 2005 1116 542 259 961 7248 2364 1968 1501 467 244 7004 6880 889 6748 758 611 231 574 360 778 214 645
internal_count=12230 2400 355 2045 9830 1938 245 3690 2050 210 310 1693 515 1740 1178 1609 948 454 207 345 6140 1100 1640 1245 395 228 5912 5828 661 5788 726 223 219 494 280 590 214 629
is_linear=0
shrinkage=0.0296731


Tree=155
num_leaves=35
num_cat=0
split_feature=47 63 21 28 28 9 20 63 50 10 10 19 57 20 25 4 19 61 61 9 57 28 50 47 26 10 38 19 61 59 25 61 30 9
split_gain=8.47182 11.8189 3.34165 2.99139 4.45914 7.94942 14.0764 1.96815 1.40091 1.28854 3.14481 1.15445 1.09354 0.617382 3.01475 0.565753 0.563753 0.521988 1.04274 1.01696 0.36457 0.265405 0.182006 0.176369 0.137242 0.223646 0.246096 0.084732 0.0790786 0.0474834 0.0401996 0.0287322 0.0243282 3.25752e-07
threshold=870.35000000000014 2.0374447388174457 28.835000000000004 79.950000000000017 81.250000000000014 0.67125374152323958 37.759890615537962 -0.88102199796555059 135.48333333333355 -0.69637622559687229 -0.62538740722492581 34.53258458644023 1003.85 36.633365959133904 30.175000000000004 1007.4500000000002 33.646330085851922 3.0350000000000006 9.2750000000000004 0.14153898451656996 1008.85 79.350000000000009 449.05000000000024 757.10000000000014 79.550000000000011 0.76663042157996963 1.3489167348945001 35.141233787642186 20.315000000000001 6.6750000000000007 29.485000000000003 1.2650000000000003 66.850000000000009 -0.89391031859722869
decision_type=2 2 2 2 2 2 2 2 2 2 2 2 2 2 2 2 2 2 2 2 2 2 2 2 2 2 2 2 2 2 2 2 2 2
left_child=2 -2 22 8 5 11 -7 -6 21 20 -11 16 -12 14 24 28 -5 31 19 27 29 -4 30 -15 25 -14 -27 -19 -9 -10 32 -17 -1 -24
right_child=1 -3 3 4 7 6 -8 15 9 10 12 -13 13 23 -16 17 -18 18 -20 -21 -22 -23 33 -25 -26 26 -28 -29 -30 -31 -32 -33 -34 -35
leaf_value=-0.006437293036494077 -0.00088469250889837013 0.0005279320511567139 -0.0012828433210407139 -7.0038367300282263e-06 -0.00019545226928592471 0.00077138559818705054 -0.00023883784723760767 -0.00045175753076246003 -0.00014398167577147914 0.0013425777748177091 4.3213644734073971e-05 -0.0017002061300494351 -0.003859324725200747 -0.0028834698481574818 0.0055532101904634595 -6.3774132897260135e-05 -0.0008246997359856803 0.00048551385208791051 -0.0028929809992272819 0.00035384389916564554 0.00049725933367549306 -0.00071596527733481499 0.00012131125869019637 -0.0006962286439312986 0.00045140401644876333 0.0021219490561984996 -0.0094218794483790086 -0.011379947741367639 -0.0019368274991344258 -0.0016926779808809453 -0.0085776764825083694 -0.0023782302970112115 -0.015505401873199487 -0.0069672717625652277
leaf_weight=98 342 362 2472 112 262 309 345 1147 1345 366 200 538 622 1018 107 301 98 120 201 117 194 292 98 292 144 175 156 99 126 175 140 168 4575 234
leaf_count=98 138 66 1272 112 174 133 81 867 737 150 64 410 554 362 87 193 90 120 149 57 78 152 98 68 124 175 156 99 110 163 136 148 4575 234
internal_value=0 0.00318696 -0.000130767 0.000141768 0.000809997 0.00215362 0.00453727 2.05201e-05 -0.00019125 9.38432e-05 0.000477374 0 8.268e-05 -4.01951e-05 0.000390317 -0.00021277 0.0019124 0.000229782 0.000928529 0.0020088 -0.000525707 -0.000728407 -0.00076289 -0.000526555 0 -0.000204325 0.000183237 0.000190155 -0.0006556 -0.000713152 -0.000809572 -0.000318435 -0.000826198 0
internal_weight=17350 704 16646 11501 3943 1402 654 2541 7558 4794 3080 748 2714 2514 1204 2279 210 1006 537 336 1714 2764 5145 1310 1097 953 331 219 1273 1520 4813 469 4673 332
internal_count=12230 204 12026 6885 2743 826 214 1917 4142 2718 1740 612 1590 1526 1096 1743 202 766 425 276 978 1424 5141 430 1009 885 331 219 977 900 4809 341 4673 332
is_linear=0
shrinkage=0.0296731


Tree=156
num_leaves=36
num_cat=0
split_feature=51 21 8 61 4 19 61 63 26 57 41 44 10 57 63 45 63 17 25 47 3 63 10 44 50 24 40 61 6 57 29 57 31 60 50
split_gain=9.48885 3.46839 2.04868 2.20587 3.36107 4.24457 3.01687 4.40986 1.84668 1.55395 1.22701 1.08976 0.916838 1.18646 0.596071 0.811702 0.495941 1.17248 2.00328 0.303436 0.72375 1.33633 0.266012 0.2313 0.230592 0.229946 0.207739 0.108538 0.106254 0.0828242 0.0790283 0.0505856 0.0256565 0.0245269 0.00364718
threshold=27393.950000000008 28.835000000000004 0.37940952255126048 2.1750000000000003 1007.2500000000001 38.34071805805808 6.1250000000000009 -0.23277119792674125 80.65000000000002 1008.9500000000002 31.422500000000003 0.27484316669795578 -0.42889193791248376 1004.6500000000002 0.50713213931129009 2312.6355000000003 0.62157267634986735 36.163928181167655 30.445000000000004 586.00000000000011 0.17550000000000002 1.8108836028714494 0.76663042157996963 0.4062418335883034 449.05000000000024 27.285000000000004 0.017320508081498608 19.135000000000002 0.60355339059327384 1007.5500000000001 86.550000000000011 1007.5500000000001 2.0752382172984665 13.860000000000001 557.25833333333355
decision_type=2 2 2 2 2 2 2 2 2 2 2 2 2 2 2 2 2 2 2 2 2 2 2 2 2 2 2 2 2 2 2 2 2 2 2
left_child=1 24 3 8 9 6 7 -6 12 16 11 -4 23 -14 -9 -16 17 27 -19 22 34 -22 -15 -3 30 -24 -13 33 -28 -8 32 -18 -1 -5 -21
right_child=-2 2 10 4 5 -7 29 14 -10 -11 -12 26 13 19 15 -17 31 18 -20 20 21 -23 25 -25 -26 -27 28 -29 -30 -31 -32 -33 -34 -35 -36
leaf_value=-0.015107700039135301 0.001249679964532895 -0.00042086051135211837 -8.2985351597834715e-05 -0.0012456482545766916 0.00018072432651354553 0.0011845527727891217 -0.00042597483487084875 -0.0089167201065483599 0.00050288573881319563 0.0077682058530668535 9.464141680302046e-05 -0.00038258624459682676 1.8844621435261951e-05 -0.001375938558018376 0.00052663504245499613 -0.0024563495301403041 -0.00045136768808528926 -0.0010704948719964696 -0.00093400546008499594 -0.0014194459423672913 -7.2862808442249866e-05 0.0010357957375047159 -0.010030383589208831 -0.00039457223069815306 -0.00070022721946505126 0.0043690093210727371 -0.0014894222685917665 0.00046436853652232759 -0.0031543444839153647 0.0010252521350960131 -0.0056865629025780219 -0.00090487544967071264 -0.0040304862228269754 -0.0018191725176095951 -0.0001456411343511596
leaf_weight=4429 670 252 213 535 230 153 304 172 220 221 167 332 184 762 174 157 674 295 199 242 268 165 121 1600 335 101 2776 182 184 234 285 150 99 107 158
leaf_count=4425 150 176 141 487 122 65 220 120 144 145 43 172 52 398 154 129 462 171 83 122 180 101 121 628 335 101 1640 142 120 166 285 118 99 95 118
internal_value=1.9647e-05 -0.000112749 0.00016472 0.000442278 0.000958295 0.00210668 0.00141815 0.00266303 -8.58188e-06 0.000214499 -0.000396907 -0.000542623 -0.00018917 0.00020675 0.000816031 0.00160727 0 0.000324706 0.00150451 0 0.000390675 0.0012948 -0.000376292 -0.000680843 -0.000757203 0.000175711 -0.000700293 -0.000240888 -0.000779177 -6.19803e-05 -0.000809572 -0.000599954 -0.000843799 -0.000471933 -0.000294135
internal_weight=17350 16680 11532 7860 3787 1424 1271 733 4073 2363 3672 3505 3853 2001 503 331 2142 1318 494 1817 833 433 984 1852 5148 222 3292 824 2960 538 4813 824 4528 642 400
internal_count=12230 12080 6936 4820 2679 976 911 525 2141 1703 2116 2073 1997 1193 403 283 1558 978 254 1141 521 281 620 804 5144 222 1932 724 1760 386 4809 580 4524 582 240
is_linear=0
shrinkage=0.0296731


Tree=157
num_leaves=32
num_cat=0
split_feature=9 61 38 25 49 48 16 54 26 32 10 52 9 44 9 44 32 29 10 37 19 40 30 61 48 40 18 29 37 29 40
split_gain=5.58666 6.09388 4.76095 3.7503 3.26285 1.81643 0.970527 1.61549 2.2781 1.01315 1.48495 0.896005 1.60409 0.495436 1.12363 0.422486 0.851757 0.532741 0.405002 0.916378 0.37944 0.270221 0.26017 0.181464 0.155174 0.145141 0.103496 0.0685603 0.0539667 0.0127196 0.00313393
threshold=0.73248728852523659 2.4350000000000005 0.56510739878805394 32.250000000000007 429.35000000000008 121.2 36.188200286582358 0.5395000000000002 77.65000000000002 0.21499999999999989 -0.30081980763566762 0.99450000000000005 0.32533907195844747 0.27484316669795578 0.30901413279605805 0.40801703096425918 -0.22000000000000061 85.450000000000017 0.76663042157996963 33.148484773140424 38.588978266054255 0.05507570547959182 74.850000000000009 6.705000000000001 811.10000000000014 0.030550504638959038 34.16531705386457 84.350000000000009 30.339003467085323 86.450000000000017 0.091651513902199278
decision_type=2 2 2 2 2 2 2 2 2 2 2 2 2 2 2 2 2 2 2 2 2 2 2 2 2 2 2 2 2 2 2
left_child=5 3 -3 6 22 13 -2 9 -9 25 -11 15 27 14 -1 16 -7 26 21 28 -15 23 -4 -17 29 -8 -18 30 -20 -23 -13
right_child=1 2 4 -5 -6 11 7 8 -10 10 -12 12 -14 20 -16 18 17 -19 19 -21 -22 24 -24 -25 -26 -27 -28 -29 -30 -31 -32
leaf_value=-0.011653626923741091 -0.0049481350841549983 0.00070432051909816704 0.0003505973065988306 0.0042786093436071298 0.0056440933273577817 -0.00042337980970000007 -0.00053648930304794819 -0.0010821558444177341 0.00038822813804496349 -0.0008786591842881576 -0.0011220052738883546 -0.00064573871286214874 0.00090065897072076986 -0.0064146120913012522 -0.00013960506160512327 -0.0007104175207829816 -2.0462616807130851e-05 0.0013841294667065053 -0.00036218926271226271 0.0048409372318500392 -0.0001397549298002517 -0.0016581506686090773 -0.0029234632203480678 0.0001425861191389857 -0.001919433894745008 -0.00077885622536605934 -0.0092866543115176781 -3.5578260468711402e-05 -0.0036845960518046075 -0.00088343217587589704 -0.0022975241244512956
leaf_weight=462 1008 330 209 338 153 224 346 416 372 517 482 128 206 5724 175 293 194 202 164 172 460 1565 332 137 198 1117 507 183 374 159 203
leaf_count=458 904 122 89 50 81 164 90 132 128 97 130 120 110 5124 87 213 190 190 164 172 188 1121 220 113 122 357 407 183 374 135 195
internal_value=1.28069e-05 0.000788424 0.00286986 0.000297537 0.00124287 -0.000348742 2.95931e-05 0.000305534 0.00147723 -2.22598e-05 0.000652455 6.47603e-05 0.00104287 -0.000663697 0 -7.54583e-05 0.000372526 0 -0.000279347 0.000236952 -0.000745898 -0.00048584 0 0 -0.000642199 -0.000564522 -0.000422645 0 -0.0001718 -0.000734072 -8.17727e-05
internal_weight=17350 5620 1024 4596 694 11730 4258 3250 788 2462 999 4909 720 6821 637 4189 1127 903 3062 710 6184 2352 541 430 1922 1463 701 514 538 1724 331
internal_count=12230 2400 512 1888 390 9830 1838 934 260 674 227 3973 608 5857 545 3365 951 787 2414 710 5312 1704 309 326 1378 447 597 498 538 1256 315
is_linear=0
shrinkage=0.0296731


Tree=158
num_leaves=35
num_cat=0
split_feature=25 4 38 47 63 45 47 61 28 16 10 63 19 43 28 21 63 55 29 11 60 45 38 10 31 48 22 45 43 52 32 39 30 32
split_gain=6.73186 3.82141 13.3388 3.10327 2.93542 4.65735 6.73668 7.07253 6.11721 1.92044 0.898719 0.771026 0.67842 1.34867 2.29082 0.666276 0.947351 2.03194 0.513563 0.48818 0.463886 0.324348 0.22465 0.190877 0.188467 0.151145 0.148424 0.122862 0.0483374 0.0376472 0.0314604 0.108843 0.0225799 1.16397e-05
threshold=29.385000000000002 1010.35 0.80509305228072137 864.25000000000011 0.60520176919004609 2328.0300000000002 6.7500000000000009 13.860000000000001 81.250000000000014 37.552506956338355 -0.63872576220844923 4.3449081473846318 38.69963449484694 30.491875000000007 75.750000000000014 28.835000000000004 -0.5843393659354631 1008.2500000000001 83.050000000000011 10.500000000000002 9.6450000000000014 2171.2970000000005 0.62829325763358768 0.68389408864483059 -0.57196541990845506 435.50000000000006 28.845000000000002 2450.9170000000008 29.150625000000005 0.99450000000000005 -0.040000000000000917 29.199999999999999 67.250000000000014 -0.085000000000000839
decision_type=2 2 2 2 2 2 2 2 2 2 2 2 2 2 2 2 2 2 2 2 2 2 2 2 2 2 2 2 2 2 2 2 2 2
left_child=15 3 -3 4 5 9 10 8 -8 24 -7 12 13 19 -15 25 17 30 26 20 28 -21 -20 -24 -2 32 -18 -14 -6 -26 -17 -32 -1 -27
right_child=1 2 -4 -5 11 6 7 -9 -10 -11 -12 -13 27 14 -16 16 18 -19 22 21 -22 -23 23 -25 29 33 -28 -29 -30 -31 31 -33 -34 -35
leaf_value=-0.012031497947698463 -0.00085172478128131026 0.00071596822083060954 -0.0047088738603606626 0.0011662386505728144 -0.0038307097279036196 -0.0039685786628206711 0.00059892550113160577 -0.0034844109317103485 -0.00093880208803584898 0.005450310446873669 -0.0009717153967254452 -0.00026623578087342519 -0.00048016730554955342 -0.00029336085570782415 0.0004471585357222996 -0.0072096714238738726 -0.0019011454526977143 0.00065009239872218527 0.00045763713088723052 0.0045115517420202238 -7.1666892081350563e-05 -0.0013455092026840238 -0.0053828310576474955 0.00091949289626753051 -0.0037898190584285487 2.0913427773038979e-06 -0.0030359384411719238 -0.0019641683375601119 -0.00097567678223639607 -0.0014185623053702286 -0.0012368284923554478 0.00094177380408498319 -0.014981403492428654 -0.0035382074179071952
leaf_weight=98 188 126 228 712 167 419 250 187 194 380 209 272 1390 483 361 211 179 129 161 113 274 110 462 99 990 107 1686 422 1618 169 176 112 4466 202
leaf_count=98 128 58 204 188 167 215 122 123 146 124 109 52 418 143 101 163 179 105 161 113 178 110 462 99 590 107 1486 146 886 141 168 72 4466 202
internal_value=7.6078e-05 0.000628185 0.00369407 0.000492029 0.000311661 0.00105658 0.00242812 0.00459381 0.00662522 0 5.40746e-05 -9.27278e-05 -0.000198978 3.04364e-05 0.00107519 -0.000541456 -0.000160832 0.000807202 -0.00044232 -0.000304586 -0.000485945 0.000829221 9.53934e-05 0 -0.000470556 -0.00076796 -0.00071408 -0.000659873 -0.000689596 -0.000632573 0 0.000137821 -0.000811674 0
internal_weight=17350 9262 354 8908 8196 2986 1259 631 444 1727 628 5210 4938 3126 844 8088 3215 628 2587 2282 2059 223 722 561 1347 4873 1865 1812 1785 1159 499 288 4564 309
internal_count=12230 4462 262 4200 4012 1698 715 391 268 983 324 2314 2262 1698 244 7768 2895 508 2387 1454 1231 223 722 561 859 4873 1665 564 1053 731 403 240 4564 309
is_linear=0
shrinkage=0.0296731


Tree=159
num_leaves=34
num_cat=0
split_feature=51 63 25 38 4 63 9 16 1 29 42 55 9 51 9 63 60 9 35 9 30 38 29 41 63 44 63 42 40 1 31 32 38
split_gain=7.33685 8.0043 3.99615 2.91337 4.62614 2.4084 2.74057 7.68255 2.26931 1.84663 1.57549 1.7 2.12235 0.835533 0.576483 0.492163 1.17457 0.476714 0.517145 0.524436 0.452575 0.340275 0.381812 0.274838 0.261851 0.254708 0.432647 0.199925 0.173856 0.153251 0.0902206 0.0121938 0.000651265
threshold=26653.524500000003 2.0374447388174457 29.385000000000002 1.1479459038281934 1010.35 0.60520176919004609 0.73248728852523659 37.19766025374885 0.075000000000000025 80.950000000000017 0.2891769873486853 1005.1500000000002 0.32533907195844747 5849.518500000001 -0.183996647784403 1.3377690730003311 5.745000000000001 0.090250774277322809 32.879526561552375 0.64534213713577271 71.450000000000017 0.6127131700217846 84.250000000000014 29.810833333333338 -0.74226581103927802 0.28741696884152884 -1.0051188447307806 0.70182139116369646 0.011547005390242658 0.17500000000000002 0.75242280825687058 1.2900000000000011 1.0799950919117893
decision_type=2 2 2 2 2 2 2 2 2 2 2 2 2 2 2 2 2 2 2 2 2 2 2 2 2 2 2 2 2 2 2 2 2
left_child=2 -2 13 4 5 6 9 -8 -7 24 11 -11 14 25 -13 16 23 21 32 -20 -17 22 -15 -10 -4 26 -1 -5 -27 -22 -30 -23 -19
right_child=1 -3 3 27 -6 8 7 -9 15 10 -12 12 -14 17 -16 20 -18 18 19 -21 29 31 -24 -25 -26 28 -28 -29 30 -31 -32 -33 -34
leaf_value=0.00051522818844172268 -0.00079451319224352281 -0.00052691660082848754 -8.7362408440103443e-05 -0.0012694514928625507 0.00027181073715706845 -1.8409431903554438e-05 -1.7980094671977472e-05 0.0052266485458111077 -0.001045482721859474 -0.0014104573692614677 -0.0096245773259040924 0.00026956633494796102 0.0037260539596524382 -0.0060745198069139944 -0.0083482245669693964 -2.0305311148904076e-05 0.00048975636448367842 -0.012792560193472326 0.0041599498131890313 -0.0017102286858148297 -0.00067151299325848358 -0.0028805713160650675 0.00075732216399327084 -0.0013278170198190446 -0.0014915257476121498 -0.0013673909298596281 -0.0087946611986087202 4.9299985500659774e-05 -0.0092983140837270932 -0.0008522087410218497 -0.0088769205701708896 -0.0021524905744900605 -0.0013029875463258104
leaf_weight=178 370 442 271 1619 230 597 406 392 216 148 182 117 179 134 106 297 306 144 233 120 235 992 104 643 672 160 436 198 5083 1641 266 135 98
leaf_count=166 122 78 135 947 150 189 186 128 152 124 138 101 83 134 106 109 178 144 177 120 71 984 104 223 340 144 424 170 4887 737 250 135 94
internal_value=7.6078e-05 0.00282846 -5.22555e-05 0.000390637 0.000687486 0.000517275 0.00124426 0.00270813 2.96844e-05 0.000473009 0.00161735 0.00244352 0.00344345 -0.000530231 0.000829221 -0.000240987 0.000178914 0 0.000702283 0.00145267 -0.00052077 -0.000302477 0.000475069 -0.000267271 -0.000291231 -0.000700863 0 -0.000627887 -0.000765914 -0.000715111 -0.000795468 -0.000572727 0
internal_weight=17350 812 16538 8455 6638 6408 2473 798 3935 1675 732 550 402 8083 223 3338 1165 1960 595 353 2173 1365 238 859 943 6123 614 1817 5509 1876 5349 1127 242
internal_count=12230 200 12030 4267 3150 3000 1341 314 1659 1027 552 414 290 7763 207 1470 553 1892 535 297 917 1357 238 375 475 5871 590 1117 5281 808 5137 1119 238
is_linear=0
shrinkage=0.0296731


Tree=160
num_leaves=42
num_cat=0
split_feature=21 25 4 44 5 26 42 36 42 55 9 26 18 5 29 44 9 61 9 28 20 18 45 36 59 42 45 21 43 9 24 32 63 61 10 9 29 56 59 44 40
split_gain=6.37486 3.95459 4.4795 9.82458 1.97325 2.06594 2.53316 2.49336 1.11556 1.94803 2.08646 0.906014 1.49238 0.590608 0.543577 0.527446 1.11844 0.450179 1.62333 0.287634 0.276694 0.271491 0.249426 0.206187 0.197886 0.19013 0.226924 0.16189 0.139939 0.188327 0.478033 0.0949173 0.0881462 0.0753802 0.0369582 0.0240253 0.0145321 0.0100943 0.0089881 0.00276541 0.00200446
threshold=32.250000000000007 29.365000000000006 1010.35 0.59458417731628588 -0.5 78.450000000000017 0.11931051739560032 0.17489991766897919 0.24226706869872963 1006.5500000000001 0.59817537509284302 67.950000000000017 37.393303800720197 0.37940952255126054 72.850000000000009 0.27484316669795578 0.19244979981841034 3.0350000000000006 0.80900950266415306 79.950000000000017 39.750311088942034 37.500102371530012 2336.8100000000004 0.051119824877508054 5.1850000000000014 0.12581070419200138 2174.5780000000004 28.795000000000005 28.931250000000002 -0.45206801762443477 28.295000000000005 -0.085000000000000839 -0.39693676889429591 5.9650000000000007 0.76663042157996963 -0.95747632178960107 86.950000000000017 1008.4500000000002 4.8750000000000009 0.52281966106482947 0.56503687118354973
decision_type=2 2 2 2 2 2 2 2 2 2 2 2 2 2 2 2 2 2 2 2 2 2 2 2 2 2 2 2 2 2 2 2 2 2 2 2 2 2 2 2 2
left_child=1 13 4 -4 19 11 7 -7 32 10 -10 12 37 15 -13 16 -1 20 22 -3 25 -21 24 -17 -19 -16 -27 31 29 35 34 -15 -8 -11 -31 -29 -25 -6 -37 -30 -33
right_child=-2 2 3 -5 5 6 8 -9 9 33 -12 14 -14 27 17 23 -18 18 -20 21 -22 -23 -24 36 -26 26 -28 28 39 30 -32 40 -34 -35 -36 38 -38 -39 -40 -41 -42
leaf_value=-0.014338648028641723 0.0041326790339474284 -0.0010380782665341394 0.00049731694867529309 -0.0039799601990574869 -0.0092746218598974382 0.00050445151301424203 -0.00020369215563779446 0.0013666287037742877 -0.0094891572184768735 -0.0013026656581984217 0.00015879948524933005 2.238509820821164e-05 0.00050208453810229598 -0.0035849344355000845 -0.00061080141077422855 0.00020117911924178984 0.00023209717599063733 -0.0029661199903717895 0.0030269230172675094 1.4240997551634896e-05 -2.0977553377942312e-05 -0.002008632764112327 2.1932012339142992e-05 -0.0099162652588437126 -1.1821365778407706e-05 -0.00048932355479504579 -0.00091138108102449913 0.00098612937931452519 -0.0013319324929002511 -0.0024498315065229724 0.0018459034759824332 -0.0065023693426566973 -0.00010074195740984544 -0.0028271520822939558 0.00092316064061019945 -8.9330886267069987e-05 -0.0035870048061006519 0.0026872173052970637 -0.0028552464614222434 -0.0022000232214970778 -0.0022165377882763498
leaf_weight=374 385 1457 152 209 172 221 186 252 172 236 168 203 208 100 211 71 110 661 177 176 697 309 251 5276 196 295 1531 126 220 185 128 567 476 154 128 129 107 217 244 115 98
leaf_count=374 69 577 84 185 80 145 118 152 140 152 60 87 60 100 107 63 90 393 65 104 141 165 91 5080 176 187 651 126 204 177 124 567 312 94 128 129 107 145 240 83 98
internal_value=1.7937e-05 -6.11011e-05 0.000357748 0.00360577 0.000207059 0.000459178 0.0013036 0.00323315 0.000558155 0.00138111 0.00301489 0.000107204 0.00119202 -0.000547804 -1.86048e-05 -0.000699962 2.85993e-05 -0.000122183 0.000286701 -0.000598968 -0.000357942 0 -3.28358e-05 -0.000786414 -0.000369404 -0.000539784 -0.000645408 -4.63276e-05 8.68503e-05 0.000339705 0.000786923 -0.000422971 -0.000171892 0 0 0 -0.000812595 0 -0.00017222 -0.000267251 -0.000575269
internal_weight=17350 16965 8987 361 8626 6684 1865 473 1392 730 340 4819 597 7978 4222 5938 484 4019 1285 1942 2734 485 1108 5454 857 2037 1826 2040 1275 940 441 765 662 390 313 499 5383 389 373 335 665
internal_count=12230 12161 4471 269 4202 3356 1173 297 876 446 200 2183 285 7690 1898 5714 464 1811 725 846 1086 269 660 5250 569 945 838 1976 1211 924 429 765 430 246 305 495 5187 225 369 287 665
is_linear=0
shrinkage=0.0296731


Tree=161
num_leaves=37
num_cat=0
split_feature=47 63 21 38 4 44 1 27 63 37 19 39 55 52 1 10 38 57 59 2 50 20 36 44 29 50 23 40 36 30 50 61 25 10 50 50
split_gain=5.81787 7.84024 3.42645 2.53383 3.25162 7.42778 2.06064 5.58073 2.37785 2.33375 4.37647 1.35987 2.53947 4.89441 0.86275 0.686837 0.965007 0.454836 0.913099 0.384733 0.362997 0.279118 0.268172 0.37236 0.258358 0.221506 0.0503734 0.03878 0.0369804 0.0284328 0.0423157 0.0243542 0.0186777 0.0143201 0.00524061 0.00456436
threshold=864.25000000000011 2.0374447388174457 28.835000000000004 1.0844909365711615 1010.35 0.49479592442332276 0.075000000000000025 75.750000000000014 1.277701580630062 36.162219970477345 36.21900524753999 29.97666666666667 1006.7500000000001 0.97150000000000014 6.2150000000000007 0.76663042157996963 1.4218283955761521 1006.6500000000002 6.5850000000000009 551.10000000000014 477.21666666666687 39.228536274871942 0.26577388727159706 0.36995054499635199 85.750000000000014 268.25833333333355 31.970000000000002 0.036055512754475369 0.3597125631967607 83.550000000000011 516.85000000000014 18.255000000000006 29.475000000000005 -0.51235243343851777 592.60000000000025 526.1166666666669
decision_type=2 2 2 2 2 2 2 2 2 2 2 2 2 2 2 2 2 2 2 2 2 2 2 2 2 2 2 2 2 2 2 2 2 2 2 2
left_child=2 -2 25 4 6 -6 7 -4 9 17 -11 12 13 -12 20 24 -17 -8 22 26 -13 -21 33 -24 31 32 -10 -27 -14 30 -29 -5 -1 -19 -18 -25
right_child=1 -3 3 15 5 -7 8 -9 19 10 11 14 28 -15 -16 16 34 18 -20 21 -22 -23 23 35 -26 27 -28 29 -30 -31 -32 -33 -34 -35 -36 -37
leaf_value=-0.015171823234947103 -0.00079322807120954649 4.9024571086831718e-05 -0.0075872235845179815 -0.0011586596875603624 0.00024081745540916228 -0.0011556378759829536 -0.0044476247541785068 0.00054485234232559145 -0.0010056619116877482 0.0052830233377443815 0.00043609265433485991 -0.00035710638241033001 -0.0022214543113134931 -0.00010356157675220679 0.00079958402442068639 0.0030452194437561291 -0.0068548551852832904 -0.00084393806299213616 0.0049690101479935413 -0.00092353862802330405 2.8509108189723711e-05 6.9728860127093106e-05 0.0011242246450089458 -0.004769744005714064 -6.3441167062655416e-06 0.00026003053844538319 -0.0019244514930505871 -0.0049173897250022374 -0.0011884319907007877 -0.0030823673736633762 -0.0013967640312258054 -0.0035057180862179634 -0.0073932711991976071 -0.0074256840441920954 -0.002488059703425298 0.0054003248681091945
leaf_weight=4298 386 377 408 2372 122 242 903 314 1752 336 217 779 232 297 323 134 189 437 114 290 304 280 151 199 162 106 237 387 142 100 151 154 102 128 99 126
leaf_count=4298 158 69 192 1460 82 190 831 86 948 156 85 267 148 169 135 134 189 325 110 182 88 60 131 167 138 106 53 387 82 100 151 126 98 124 99 106
internal_value=2.81972e-05 0.00256253 -8.15607e-05 0.000196256 0.000473462 0.00324501 0.000330996 0.00185678 0.000162004 0.000571579 0.00116205 0.00063534 0.00154461 0.00290577 0 -0.000508046 0.000442497 -0.000125708 0.000188151 -0.000541687 -0.00034115 0 0 0.00041612 -0.000701778 -0.000722505 -0.000739947 -5.20299e-05 -1.64583e-05 -0.000237643 -0.000336529 -0.000783593 -0.000808749 -0.000519766 -0.00016643 0
internal_weight=17350 763 16587 11443 8333 364 7969 722 7247 4688 2630 2294 888 514 1406 3110 422 2058 1155 2559 1083 570 1041 476 2688 5144 1989 744 374 638 538 2526 4400 565 288 325
internal_count=12230 227 12003 6863 4717 272 4445 278 4167 2924 1130 974 484 254 490 2146 422 1794 963 1243 355 242 853 404 1724 5140 1001 744 230 638 538 1586 4396 449 288 273
is_linear=0
shrinkage=0.0296731


Tree=162
num_leaves=36
num_cat=0
split_feature=47 33 62 24 38 10 10 57 25 48 61 17 27 25 1 33 38 27 20 10 59 10 37 44 62 2 29 25 47 47 26 26 7 25 40
split_gain=5.88467 5.45155 3.22808 2.54454 3.10524 3.55171 10.3537 3.97468 4.56148 1.11659 0.955646 0.771772 0.564976 1.55948 0.558246 0.702336 0.461634 0.708146 1.09484 0.557757 0.269495 0.262773 0.645918 0.238528 0.330993 0.216906 0.213577 0.107356 0.0897259 0.0498281 0.0381937 0.0342074 0.0213826 0.0125594 0.0118257
threshold=864.25000000000011 39.161615150369741 35.774984651791584 30.565000000000001 0.98449551336047081 -0.54160775828284857 -0.30081980763566762 1007.2500000000001 29.975000000000005 175.20000000000002 0.095000000000000015 37.656668910783424 80.250000000000014 30.215000000000003 5.8950000000000005 35.916844040452013 0.82352384089345276 77.65000000000002 35.923849755177436 0.1159303052754759 3.2550000000000003 0.76663042157996963 33.148484773140424 0.27484316669795578 35.123112925563966 626.40000000000009 85.65000000000002 30.125000000000004 203.05000000000004 689.9000000000002 83.15000000000002 79.550000000000011 -0.91597561503675329 29.605000000000004 0.090737717261519649
decision_type=2 2 2 2 2 2 2 2 2 2 2 2 2 2 2 2 2 2 2 2 2 2 2 2 2 2 2 2 2 2 2 2 2 2 2
left_child=2 -2 9 4 5 7 -7 12 -9 23 -5 -10 -4 28 -6 -16 17 33 19 34 -12 26 29 24 -1 27 30 32 -14 -23 -18 -28 -25 -11 -19
right_child=1 -3 3 10 14 6 -8 8 11 16 20 -13 13 -15 15 -17 21 18 -20 -21 -22 22 -24 25 -26 -27 31 -29 -30 -31 -32 -33 -34 -35 -36
leaf_value=-0.0092844514125524288 -0.00068363890049108933 -9.952390804959735e-05 -0.0038973141080082588 -0.00014454189577899692 -0.0028364920727367154 -0.00079170009785003374 -0.00018628234384098513 0.0044291555022520582 0.0034571561990000789 -0.0071193709226767413 -0.00051562731248303278 -0.00033626628334692036 -0.00040984854807257982 0.00025921650804788528 -0.0049424796019248958 -0.00053398475076584385 -0.0034771409459746555 -0.0014061405991647646 0.00071112697148473952 0.0016514967631666522 -0.00067020379856185376 -0.0065028493959198939 0.0046358271583248831 -0.015551388918105735 0.00010953035561489585 -0.0091796273021684631 0.00046167596679251073 -0.00069934035091724948 0.0019107149061703909 -5.0050293514949398e-06 -0.00091863425910999636 -0.0027275132667689854 -0.0089060368690813616 -0.00086459138827606153 0.00013691405767928344
leaf_weight=406 372 391 917 483 1046 483 477 200 236 266 268 286 390 158 173 156 1152 223 136 104 1735 324 144 98 101 162 103 179 129 177 117 160 5342 129 127
leaf_count=406 164 63 425 139 398 111 141 128 108 266 100 106 246 74 97 104 1120 223 116 104 575 324 144 98 85 154 103 79 101 177 117 160 5234 113 127
internal_value=1.28069e-05 0.00256253 -9.76588e-05 0.000369403 0.000787255 0.00129167 0.00284241 0.000595265 0.00243025 -0.000462998 -0.000364519 0.000697626 -0.000163733 0.000379052 -0.000328286 0.000547872 0 0.000524068 0.00121662 0.000219025 -0.000681809 -0.000249142 0.000120948 -0.000691677 0 -0.000746105 -0.000482474 -0.000778903 -0.000202532 -0.000177943 -0.000654862 0 -0.000802504 -0.000211967 -4.11563e-05
internal_weight=17350 763 16587 7137 4651 3276 960 2316 722 9450 2486 522 1594 677 1375 329 3162 985 590 454 2003 2177 645 6288 507 5781 1532 5619 519 501 1269 263 5440 395 350
internal_count=12230 227 12003 2853 2039 1440 252 1188 342 9150 814 214 846 421 599 201 3094 949 570 454 675 2145 645 6056 491 5565 1500 5411 347 501 1237 263 5332 379 350
is_linear=0
shrinkage=0.0296731


Tree=163
num_leaves=39
num_cat=0
split_feature=9 9 19 16 60 63 5 60 18 28 49 49 44 58 38 6 27 9 9 56 11 44 45 57 44 41 42 60 33 44 29 29 42 61 51 53 40 37
split_gain=9.92535 8.77748 9.98327 12.6249 2.06142 3.20419 1.91046 1.52366 3.60444 1.09351 0.644494 0.981446 0.397789 0.857029 0.370278 0.478616 0.708702 0.263426 0.591747 0.720554 0.23936 0.508471 0.165686 0.214012 0.202746 0.162976 0.124885 0.129607 0.120805 0.101876 0.1016 0.0942482 0.0345573 0.0310804 0.0303852 0.172256 0.00457022 0.00218638
threshold=0.83827194252655779 0.91585580712236381 40.173096358254703 36.188200286582358 0.41500000000000004 2.2037118282523527 -1.0000000180025095e-35 3.6450000000000005 37.916563925293012 79.950000000000017 721.75000000000011 764.05000000000007 0.27484316669795578 6.6350000000000007 0.6672102063879769 1.0000000180025095e-35 79.750000000000014 0.090250774277322809 0.50495637864894027 1006.2500000000001 11.500000000000002 0.88543723269902197 2015.9560000000004 1011.7500000000001 0.30977010525905985 31.248333333333338 0.23482261627136103 6.955000000000001 40.119636059230089 0.80431507087955789 81.050000000000011 85.15000000000002 0.081975606127297165 4.6650000000000009 14483.371000000003 0.25050000000000006 0.036055512764276938 34.844619900391763
decision_type=2 2 2 2 2 2 2 2 2 2 2 2 2 2 2 2 2 2 2 2 2 2 2 2 2 2 2 2 2 2 2 2 2 2 2 2 2 2
left_child=6 2 3 -2 30 9 12 20 10 -6 14 -12 13 -1 15 16 -9 29 19 -19 22 -22 34 24 37 31 -17 -28 33 32 -3 -14 -16 -26 -8 -36 -34 -24
right_child=1 4 -4 -5 5 -7 7 8 -10 -11 11 -13 25 -15 17 26 -18 18 -20 -21 21 -23 23 -25 28 -27 27 -29 -30 -31 -32 -33 36 -35 35 -37 -38 -39
leaf_value=-0.001959078677939376 -0.0031482147578304432 -0.0024676316100576234 -0.00024557495809806457 0.0012680621214156294 -0.0031519616972303555 0.00056136092702042831 -0.010949519690732228 -9.5676398626688282e-05 0.00051783422309766708 0.00044198847229176243 0.0014190282864887103 -0.00030002305509805666 -0.0058470957902604899 8.5832540627540661e-05 -0.0040299661512365669 -0.0017098350632834072 0.0041557074200572058 -0.0031935202850525658 -0.0039192132232885755 0.0056895652906422548 0.0049290262964070183 -0.003735160806264235 0.00015586127276370637 -0.00031977502499962 -0.0010771366139977073 0.0017501626385381223 -0.00020705945662717652 -0.00012674671155304013 0.00056597338360032631 -0.00016168131309725835 -0.0040513155946884294 -0.0036494740343155775 -0.0013386047003055297 -0.003438598002542682 -0.0044235269610895878 0.0022720069394373877 -0.0057124336712190207 -0.002200378065613553
leaf_weight=378 296 1035 610 862 494 241 230 151 413 315 112 189 5146 106 123 302 115 120 321 98 98 270 116 142 2361 125 137 148 149 130 267 147 109 144 154 112 952 132
leaf_count=318 248 447 114 166 326 109 214 115 189 195 92 173 4238 90 123 222 107 120 125 94 98 270 112 142 1645 37 85 120 37 130 75 147 109 124 126 88 944 116
internal_value=5.72677e-05 0.00133443 0.0029155 0.00453252 9.36278e-05 0.00111342 -0.000331634 0 0.000445555 6.28573e-05 4.71204e-05 0.00136521 -0.000728955 0 -5.66281e-05 0.000395416 0.00143821 -0.000329113 4.48769e-05 0.00140676 -0.000411501 7.60091e-05 -0.000495798 -0.00057769 -0.000644144 -0.000802148 0 0.000355046 -0.000721707 -0.000572742 -0.000638067 -0.000828087 -0.000663013 -0.000770866 0 0.000222085 -0.000720448 0
internal_weight=17350 4120 1768 1158 2352 1050 13230 7328 3420 809 3007 301 5902 484 2706 853 266 1853 539 218 3908 368 3540 3044 2902 5418 587 285 2654 1314 1302 5293 1184 2505 496 266 1061 248
internal_count=12230 1680 528 414 1152 630 10550 5720 2748 521 2559 265 4830 408 2294 649 222 1645 339 214 2972 368 2604 2176 2034 4422 427 205 1806 1306 522 4385 1176 1769 428 214 1053 228
is_linear=0
shrinkage=0.0296731


Tree=164
num_leaves=36
num_cat=0
split_feature=9 63 47 5 61 37 20 44 28 6 55 44 20 20 1 21 40 10 37 21 40 4 44 10 56 61 28 46 44 47 40 29 29 10 59
split_gain=5.33086 7.18641 7.01223 1.69342 1.58612 3.34748 5.2392 1.13498 1.63125 0.807045 0.712987 0.769267 0.565824 0.690411 0.557868 2.49603 0.404421 0.277054 0.689471 0.369183 0.252672 0.249982 0.228008 0.190074 0.214402 0.177916 0.166989 0.16107 0.124759 0.0936497 0.0889791 0.0840429 0.0369333 0.0172762 0.00718951
threshold=0.83827194252655779 -0.080921478273797462 870.35000000000014 -1.0000000180025095e-35 3.8050000000000002 37.539401833165101 37.861861874737919 0.56387400625033979 78.850000000000009 1.0000000180025095e-35 1005.1500000000002 0.38945323201733079 38.887200992920782 39.986529123853963 0.055000000000000007 28.715000000000003 0.06658328118570532 0.76663042157996963 33.148484773140424 31.605000000000004 0.095043849530088098 1006.6500000000002 0.83932082861981594 -0.94128245028753155 1007.2500000000001 4.7750000000000012 63.650000000000013 30.075000000000003 0.30977010525905985 517.1500000000002 0.045825756949653122 86.15000000000002 86.250000000000014 0.95748518835503915 4.1950000000000012
decision_type=2 2 2 2 2 2 2 2 2 2 2 2 2 2 2 2 2 2 2 2 2 2 2 2 2 2 2 2 2 2 2 2 2 2 2
left_child=3 -2 7 14 17 9 -7 8 -3 10 30 16 22 -14 15 -1 -12 19 29 28 21 -13 -9 24 -11 -25 -16 32 -5 -19 -6 -30 -28 -31 -22
right_child=1 2 -4 4 5 6 -8 12 -10 23 11 20 13 -15 26 -17 -18 18 -20 -21 34 -23 -24 25 -26 -27 27 -29 31 33 -32 -33 -34 -35 -36
leaf_value=-0.035344942928697762 0.00026076225631187092 -0.00072363624272756835 -0.00080662672125643474 -5.0111205942200415e-05 0.00010486579681368345 0.00042498557418187214 2.5659741927895564e-05 -0.00016819963346530371 0.00060546971342365281 -0.006622251530274864 0.0011357210290529527 -0.00036990453938296164 1.2131230196158996e-05 -0.00016752748436762869 0.0016982298734447624 0.00025232014602944819 0.0039776999239598057 -0.010814609086301892 0.0041872783948103892 -0.0015758660381876074 -0.0068739967141774536 0.0026038674120469896 -0.00016160418789459391 -0.00038918668003595802 0.0043122637748738753 -0.0024241333351902724 -0.0050877457448998418 0.00013616015939953345 -0.0010978874662724417 0.00048436718757163664 -7.691175746542515e-05 -0.00089083829772880875 -0.00077913863723230107 -0.0053179539238091076 -4.6814068428535668e-05
leaf_weight=500 400 300 455 243 134 217 352 1336 290 228 129 120 503 544 112 98 124 461 186 316 171 109 292 162 109 1042 4916 128 2275 155 391 138 148 167 99
leaf_count=500 184 156 87 215 126 77 184 732 174 228 117 96 115 96 40 74 108 461 186 88 139 101 136 134 109 854 4044 48 1603 155 339 138 124 167 95
internal_value=-7.67507e-06 0.000916948 0.000473419 -0.000304724 0 0.000467315 0.00254039 0 0.00116653 4.72245e-06 0.00059557 0.00119687 -0.000268633 0.000186025 -0.0006787 2.41182e-06 0.00260238 -0.000407982 0 -0.000550173 0.000237835 0.00104111 -0.00063388 -0.000407948 0 -0.00059299 -0.000777888 -0.00080403 -0.000677186 -0.000358117 -4.15654e-05 -0.000741751 -0.000831137 0 -9.67045e-06
internal_weight=17350 4120 3720 13230 7328 3387 569 3265 590 2818 1277 752 2675 1047 5902 598 253 3941 969 2972 499 229 1628 1541 337 1204 5304 5192 2656 783 525 2413 5064 322 270
internal_count=12230 1680 1496 10550 5720 2707 261 1409 330 2446 1121 656 1079 211 4830 574 225 3013 969 2044 431 197 868 1325 337 988 4256 4216 1956 783 465 1741 4168 322 234
is_linear=0
shrinkage=0.0296731


Tree=165
num_leaves=40
num_cat=0
split_feature=47 16 25 4 19 42 28 57 56 9 19 48 29 27 60 41 53 35 5 29 40 31 59 31 30 29 62 31 23 31 36 57 50 11 31 9 50 42 62
split_gain=5.86979 5.84656 3.45886 1.9303 4.30013 1.45554 2.37632 3.24889 3.71158 6.07672 2.15387 0.649016 0.603086 1.32563 0.661819 0.758542 0.656594 0.688583 0.498582 0.497526 0.411725 0.293021 0.237567 0.402792 0.220343 0.190844 0.164381 0.226326 0.143917 0.121067 0.0837371 0.0568001 0.0565605 0.053131 0.0353323 0.0353184 0.0218044 0.0172246 0.0166841
threshold=864.25000000000011 39.366388837341837 29.135000000000002 1010.35 35.375043106127585 0.1336288392027756 78.750000000000014 1005.4500000000002 1006.35 0.59817537509284302 35.762188570998354 5.5500000000000007 77.450000000000017 75.750000000000014 0.41500000000000004 30.667500000000004 0.99550000000000016 36.202427373320511 0.78656609248549325 80.250000000000014 0.090184995060141909 0.66211568525809394 5.1150000000000011 0.15623820379446587 70.750000000000014 87.65000000000002 35.073976275969365 -0.64625746939930184 28.375000000000004 1.335966476664961 0.33791986198435958 1007.6500000000002 1.2666666666667237 9.5000000000000018 0.86092042166148108 -0.6254047815183511 516.85000000000014 0.092565281330054136 34.375164191058396
decision_type=2 2 2 2 2 2 2 2 2 2 2 2 2 2 2 2 2 2 2 2 2 2 2 2 2 2 2 2 2 2 2 2 2 2 2 2 2 2 2
left_child=2 -2 18 5 28 6 20 37 9 -9 -10 19 13 21 -14 16 22 -18 25 -7 -4 24 29 -24 -13 26 36 -28 -5 33 -20 -25 -12 -16 -29 -32 -1 -8 -37
right_child=1 -3 3 4 -6 11 7 8 10 -11 32 12 14 -15 15 -17 17 -19 30 -21 -22 -23 23 31 -26 -27 27 34 -30 -31 35 -33 -34 -35 -36 38 -38 -39 -40
leaf_value=-0.013068930653996152 -0.00062685706500214969 -5.195969904762355e-06 -0.00043984923108952357 -0.006767758111187564 -0.00021414972767769291 -0.0012215127699672416 -0.0015246537763851454 8.4479033549866433e-05 0.0013350541117926463 0.00058661147558014277 -0.0016825574597364331 -0.00013028728254235603 -0.0017703145937251945 -6.7898477740244924e-06 -8.5256354370199483e-05 -0.0041805745524980805 -0.0010017574632083777 -0.0022853513905330041 0.00078220326611477624 -8.0766570389349375e-06 -2.940652197736688e-05 0.00013858750146915293 7.4352916217305525e-05 -0.0032913278150886603 -0.0027473950605451185 0.00058057092969671694 0.00050928992829713589 -0.0040016184976197139 0.00060617273294966676 -0.00076643949479614335 -0.0033591675484094092 2.4484787168959557e-05 -0.00039728051904447566 -0.00069660063118334454 -0.00031679441799793712 -0.0020618661753617124 -0.0037153754023688855 -2.9827414088031762e-05 0.0016085225328044727
leaf_weight=4872 382 381 832 192 125 1468 259 173 165 184 263 213 1113 384 972 455 195 126 148 265 290 242 167 348 520 113 135 694 125 149 229 103 145 156 137 148 160 175 147
leaf_count=4860 166 61 364 192 45 684 131 149 125 72 163 105 417 160 620 159 183 70 148 181 150 130 131 300 184 113 119 622 125 89 229 95 73 156 117 148 160 103 131
internal_value=1.6227e-05 0.00256253 -9.40815e-05 0.000253779 0.00218535 0.000149339 0.000768049 0.0016085 0.00261244 0.00505938 0.000866309 -5.72401e-05 9.05345e-05 0.000636855 -7.45172e-05 0.000142726 -3.30214e-05 0.00113397 -0.000614325 -0.000563895 -0.000149072 0 -0.000294616 2.14657e-05 -0.000241241 -0.000700491 -0.00072659 -0.000182891 0 -0.000540368 0 -0.00023029 -1.65408e-05 -0.000651758 -0.000459972 0 -0.000807185 -0.000272578 0
internal_weight=17350 763 16587 9804 442 9362 2486 1364 930 357 573 6876 5143 1359 3784 2671 2216 321 6783 1733 1122 975 1895 618 733 6111 5998 966 317 1277 672 451 408 1128 831 524 5032 434 295
internal_count=12230 227 12003 5356 362 4994 1330 816 582 221 361 3664 2799 579 2220 1803 1644 253 6647 865 514 419 1391 526 289 5991 5878 858 317 865 656 395 236 776 739 508 5020 234 279
is_linear=0
shrinkage=0.0296731


Tree=166
num_leaves=40
num_cat=0
split_feature=25 4 38 47 20 38 37 53 53 28 59 36 26 26 38 57 17 19 43 33 27 57 50 42 53 47 28 27 32 48 3 36 26 26 57 2 42 2 3
split_gain=6.42139 4.15457 13.5956 3.13918 2.18292 3.14288 3.21735 2.23564 3.69571 1.43492 1.16699 0.816451 0.958537 1.42327 0.6683 0.687949 1.56152 0.578188 0.836166 0.437052 0.413807 0.31889 0.285249 0.280459 0.153124 0.0995732 0.168718 0.0956186 0.0778828 0.0690658 0.0498424 0.025445 0.00944252 0.112231 0.00849723 0.00583269 0.00310389 0.00139022 2.39193e-07
threshold=29.365000000000006 1010.35 0.80509305228072137 864.25000000000011 37.644151884327904 0.95025641860194499 37.790445898783894 0.89350000000000007 0.74550000000000016 79.950000000000017 5.8850000000000007 0.2377311190663052 78.15000000000002 79.65000000000002 0.6492149039472711 1007.2500000000001 35.331600317980467 37.813099058515405 30.433333333333341 38.642592109216658 82.15000000000002 1008.85 498.30833333333339 0.095638207148322593 0.77250000000000008 11.850000000000003 80.450000000000017 81.15000000000002 1.2900000000000011 148.25000000000003 0.71850000000000003 0.05649490506623988 76.550000000000011 73.850000000000009 1008.5500000000001 118.90000000000002 0.66611434721504514 378.45000000000005 0.35150000000000003
decision_type=2 2 2 2 2 2 2 2 2 2 2 2 2 2 2 2 2 2 2 2 2 2 2 2 2 2 2 2 2 2 2 2 2 2 2 2 2 2 2
left_child=14 3 -3 4 5 6 7 8 9 30 23 -6 17 -14 15 29 25 18 -13 21 -15 27 28 -9 36 -17 -27 -7 31 -1 -2 -16 33 37 -25 -34 -23 -24 -4
right_child=1 2 38 -5 11 19 -8 10 -10 -11 -12 12 13 20 22 16 -18 -19 -20 -21 -22 24 32 34 -26 26 -28 -29 -30 -31 -32 -33 35 -35 -36 -37 -38 -39 -40
leaf_value=-0.0067742479333083349 -0.0012521348478497195 0.00053872351685067853 -0.00090139864095900319 0.0013114636463878154 -0.0010024014211920443 -0.0017564102040327179 0.00058875605712142604 -0.0035241134537332399 0.00049899634956388297 -0.00032628153384772318 0.00029307245196527886 -0.00014184375591968557 -3.4884012195656031e-06 -0.0016078485211971495 -0.0081546575155930293 -0.015830823357758178 0.00027762073249290673 -0.00030373666068399084 0.00020957927609855222 0.0016437257929951632 0.00079692887165566315 -0.0024070084493156233 -0.00289236264654316 -0.0014536515310219981 0.0053933482393585816 -0.0090310557940460143 0.0040858738875254276 -0.0050241499995885008 -0.0020485317418812094 -0.00097906377914982871 -0.016167056067105737 -0.0057174278888248312 -0.013294840384433623 0.0055389123558792367 -0.0018368601167671693 -0.0054613446112410794 5.729945012601286e-05 -0.0002346722521727558 -0.0027058060394359491
leaf_weight=659 259 127 134 716 1327 942 329 182 243 227 205 519 282 349 87 302 202 1211 313 155 247 193 149 641 98 102 133 164 140 175 152 5521 98 113 149 191 108 106 100
leaf_count=599 139 59 118 192 499 646 137 110 143 147 153 191 94 129 79 302 138 311 73 47 127 173 141 417 94 102 133 164 140 175 84 5381 98 109 93 191 108 102 92
internal_value=7.7788e-05 0.000610369 0.00376908 0.000469649 0.000290169 0.000788315 0.00148252 0.000968494 0.00210133 0.000688026 1.70787e-05 -0.00015658 8.48443e-05 0.000931881 -0.000532931 0 0.000673142 -0.000221652 0.000285523 -0.000139026 0 -0.000357061 -0.000667516 -0.000309058 0.000149238 0 0.000242335 -0.000647026 -0.000734958 -0.000567947 -9.46594e-05 -0.00075224 0 0 -0.000624948 -0.000168913 0 0 -1.1015e-06
internal_weight=17350 9372 361 9011 8295 4047 2387 2058 881 638 1177 4248 2921 878 7978 1573 739 2043 832 1660 596 1505 6405 972 399 537 235 1106 5748 834 411 5608 657 368 790 289 301 255 234
internal_count=12230 4540 269 4271 4079 2655 1423 1286 513 370 773 1424 925 350 7690 1449 675 575 264 1232 256 1185 6241 620 375 537 235 810 5600 774 223 5460 641 352 510 289 281 243 210
is_linear=0
shrinkage=0.0296731


Tree=167
num_leaves=37
num_cat=0
split_feature=9 10 19 61 63 2 50 61 18 22 44 56 29 38 54 56 59 25 0 33 2 9 17 19 57 18 10 40 17 54 19 30 63 59 16 50
split_gain=9.22718 11.0295 14.4182 2.31464 3.62292 4.03877 2.00414 1.09067 1.41526 0.947765 0.663405 2.2053 0.619669 1.05243 1.25251 0.445253 0.37466 0.351587 0.878572 0.322112 0.579685 0.569206 0.571895 0.234997 0.234089 0.221412 0.179577 0.175993 0.145668 0.126854 0.113741 0.0620915 0.0582137 0.0445736 0.005611 0.000356424
threshold=0.83827194252655779 -0.39754281428255622 39.986529123853963 0.25500000000000006 2.0374447388174457 230.35000000000005 91.966666666666796 4.1150000000000011 37.813099058515405 31.355000000000004 0.27484316669795578 1008.4500000000002 82.350000000000009 0.62829325763358768 0.98550000000000015 1008.6500000000002 4.8750000000000009 29.545000000000005 4.2350000000000012 33.740212031132238 725.80000000000007 -0.45206801762443477 34.959360307194473 38.588978266054255 1007.5500000000001 38.887200992920782 -0.27608674622158907 0.010000000010667044 35.799670810063624 0.60750000000000004 32.476552710270546 64.050000000000011 0.87766633087667512 7.1150000000000011 34.53258458644023 603.93333333333362
decision_type=2 2 2 2 2 2 2 2 2 2 2 2 2 2 2 2 2 2 2 2 2 2 2 2 2 2 2 2 2 2 2 2 2 2 2 2
left_child=6 2 -2 -3 16 -6 10 9 12 15 11 -1 24 14 -14 26 29 30 -19 31 21 -21 -23 27 33 -25 -8 -12 -26 -5 -15 -17 -31 -9 -28 -33
right_child=1 3 -4 4 5 -7 7 8 -10 -11 23 -13 13 17 -16 19 -18 18 -20 20 -22 22 -24 25 28 -27 34 -29 -30 32 -32 35 -34 -35 -36 -37
leaf_value=-0.006160697952830578 0.00079294306456651397 -0.0040899922325402785 -5.471524478190716e-05 -0.0012888385495932412 -0.0032683734043540127 0.00038022783741475469 -0.00085220895701681846 -0.0042981813651208119 0.00039615835528430309 0.00015492433066433741 6.1430603228223449e-05 0.00015605026949061873 -0.00040941516941204634 2.6730045594119266e-05 0.0012299117224312318 -0.00010376844831580774 7.6887843963995868e-05 -0.002309204913800452 0.0025832271863206907 -0.0036979916032963338 -0.00017642529319521693 0.0044232142295757525 -0.0022551599542587355 -4.4481985506776354e-05 0.0036035804616533365 -0.0027129364301693628 0.0002359668399779296 -0.00658740388554076 -0.0027892981471734427 -9.400026433444297e-06 -0.0031387890138166417 -0.0047718260642634295 5.2042622939948859e-05 -0.0027476553790762178 -0.0031292899165164161 -0.0043661250542257847
leaf_weight=433 875 1208 653 482 187 252 1784 657 401 456 111 114 134 157 183 141 190 218 190 130 284 134 153 228 160 385 191 5013 126 158 518 519 115 147 165 98
leaf_count=389 167 560 121 278 115 84 1216 497 169 136 99 86 122 149 147 141 146 166 166 130 176 126 89 104 152 157 191 4433 70 110 510 519 99 147 165 98
internal_value=0.000125669 0.00135603 0.00335721 0.000128429 0.000994573 0.00321463 -0.000248663 8.37401e-05 0.000535938 -0.000209444 -0.000634909 0.000193292 0.000217737 0.000655687 0.00218126 -0.000395147 0 9.56522e-05 0.000849476 0 0.000462301 0.00123665 0.00198698 -0.00073466 -0.000236015 0 -0.000667434 -0.000802887 0.000247839 -0.000338447 -0.000185677 -0.00041867 0 -0.000555959 0 -0.000550864
internal_weight=17350 4120 1528 2592 1384 439 13230 6946 2891 4055 6284 547 2490 1400 317 3599 945 1083 408 1459 701 417 287 5737 1090 613 2140 5124 286 755 675 758 273 804 356 617
internal_count=12230 1680 288 1392 832 199 10550 5282 2295 2987 5268 475 2126 1260 269 2851 633 991 332 1279 521 345 215 4793 866 261 1572 4532 222 487 659 758 209 644 356 617
is_linear=0
shrinkage=0.0296731


Tree=168
num_leaves=38
num_cat=0
split_feature=9 10 19 2 61 63 50 62 25 57 61 59 38 29 62 29 1 56 31 6 10 25 26 2 29 0 0 37 53 28 31 50 59 61 63 40 48
split_gain=6.28246 6.69114 13.9411 2.61058 3.52225 3.14803 1.85065 1.04185 2.34197 0.549278 0.721508 0.659745 1.19497 0.691186 0.472766 1.80389 2.72646 0.457357 0.485339 0.311673 0.262777 0.192556 0.291089 0.177671 0.125411 0.0953403 0.106839 0.0874577 0.0849253 0.0531881 0.0190483 0.0120456 0.00621124 0.00438908 0.00349529 0.00235255 0.0016233
threshold=0.83827194252655779 -0.41327860778290426 38.787900871040954 543.1500000000002 0.25500000000000006 1.6593697042050872 91.966666666666796 37.813713516306244 30.385000000000002 1006.85 4.4650000000000007 6.1550000000000011 0.98844293797256866 86.450000000000017 35.098606755505038 80.250000000000014 4.6650000000000009 1006.5500000000001 0.33872539418254283 0.60355339059327384 -0.26781430516217447 30.085000000000004 71.15000000000002 105.55000000000001 84.750000000000014 3.0350000000000006 2.5550000000000002 34.545889738319708 0.99450000000000005 85.15000000000002 -0.045965437658935564 566.98333333333358 6.245000000000001 23.735000000000003 2.2438457583967648 0.13051181300407402 792.6500000000002
decision_type=2 2 2 2 2 2 2 2 2 2 2 2 2 2 2 2 2 2 2 2 2 2 2 2 2 2 2 2 2 2 2 2 2 2 2 2 2
left_child=6 2 -2 19 -5 -6 14 9 -9 28 21 13 -13 27 -1 23 -17 -10 -19 -3 -21 24 -23 -16 25 26 -11 30 29 33 -12 -26 -30 -8 36 -18 -27
right_child=1 3 -4 4 5 -7 7 8 17 10 11 12 -14 -15 15 16 35 18 -20 20 -22 22 -24 -25 31 34 -28 -29 32 -31 -32 -33 -34 -35 -36 -37 -38
leaf_value=-0.014978773954566043 -2.895984884751882e-05 -0.0029052947728260923 -0.00010529595016429716 -0.00082768458376077808 -0.00099349377366393502 0.00086279204859917333 -0.0058036587969207852 0.00051957169315550405 -0.0071766847379271196 -0.0060979322824663337 -0.00077593360479191124 0.0044966606419852726 -0.0025380219075441857 0.0039432402300792245 -0.0023649730054882412 -0.00032841992609758858 -0.0019392465400891368 0.00039278553497260635 -0.0001690997385993117 0.00049057587022641094 -0.0063142575659802525 -0.0024157996807253057 -0.00038676309835389814 -0.003345853860342305 -0.00082699342232309125 -0.0011164656413214171 0.0021347121072632582 -8.2588602067136085e-05 -0.0015926632591896908 -0.0020525115905808884 0.0038866138604238946 0.0011073398198180925 0.00023796997239443926 -0.014776873818245658 -0.0032240037832161252 -0.00039065868579500092 -0.0029633206239775426
leaf_weight=3971 544 1215 880 454 279 254 1256 548 548 354 103 130 98 121 1567 198 183 297 399 165 329 200 222 259 196 845 145 399 168 154 142 125 180 108 101 106 107
leaf_count=3971 112 759 152 114 123 98 1124 192 188 350 103 122 98 121 811 126 139 113 115 45 277 116 122 127 196 757 145 355 152 150 142 125 180 108 101 94 107
internal_value=4.35874e-05 0.00106091 0.00270996 0.000144152 0.00139095 0.00304817 -0.00026436 5.38466e-05 0.000681782 -0.000141613 5.72547e-05 0.000751184 0.0022086 0.000156169 -0.000634909 -0.000222718 0.00129624 0 0.000471984 -0.000507303 0 -0.000191656 0.000232743 -0.000694095 -0.000350918 -0.00046863 0 -6.00792e-05 -0.000555359 -0.000654369 7.66169e-05 0 0 -0.000714656 -0.000634814 -0.000168913 -0.000669971
internal_weight=17350 4120 1424 2696 987 533 13230 6946 1792 5154 3288 993 228 765 6284 2313 487 1244 696 1709 494 2295 422 1826 1873 1552 499 644 1866 1518 245 321 348 1364 1053 289 952
internal_count=12230 1680 264 1416 335 221 10550 5282 608 4674 2960 941 220 721 5268 1297 359 416 228 1081 322 2019 238 938 1781 1460 495 600 1714 1382 245 321 332 1232 965 233 864
is_linear=0
shrinkage=0.0296731


Tree=169
num_leaves=36
num_cat=0
split_feature=25 51 20 38 11 52 27 52 3 36 62 38 43 35 19 29 36 60 21 0 41 63 0 51 25 32 30 32 45 11 52 48 18 25 26
split_gain=5.72988 3.82832 2.98619 5.3332 3.32139 4.63277 6.53613 2.70739 0.979348 0.907225 0.819809 0.851991 0.889457 1.84983 0.767509 0.636974 1.19931 0.598456 0.581964 0.452361 0.433771 0.23939 0.232415 0.193204 0.179414 0.178424 0.1612 0.139952 0.0888243 0.0689489 0.0663271 0.0566344 0.0549024 0.0288304 0.0240921
threshold=29.335000000000004 28333.629000000004 37.644151884327904 0.93417798190429779 5.5000000000000009 0.98050000000000004 79.450000000000017 0.79050000000000009 0.99450000000000005 0.2377311190663052 34.681224962317962 0.65433069848726866 28.908541666666668 34.811802810133393 34.53258458644023 80.850000000000009 0.42750891987131817 0.12500000000000003 30.975000000000005 5.205000000000001 30.012500000000006 -0.66825214298336977 3.4050000000000007 19214.360000000004 30.285000000000004 0.91499999999999926 80.550000000000011 0.32499999999999934 2274.5360000000005 8.5000000000000018 0.99450000000000005 658.35000000000002 33.760936550808395 29.415000000000003 78.250000000000014
decision_type=2 2 2 2 2 2 2 2 2 2 2 2 2 2 2 2 2 2 2 2 2 2 2 2 2 2 2 2 2 2 2 2 2 2 2
left_child=10 2 3 4 5 6 7 20 14 -4 23 12 13 32 -6 17 -17 -11 24 -10 -2 27 -19 31 25 30 -14 29 -24 34 33 -1 -12 -5 -13
right_child=1 -3 9 18 8 -7 -8 -9 19 15 11 21 26 -15 -16 16 -18 22 -20 -21 -22 -23 28 -25 -26 -27 -28 -29 -30 -31 -32 -33 -34 -35 -36
leaf_value=-0.012964895232111305 -0.00067017935252608658 -0.0013484438672245207 -0.00090632985912876269 -0.0038719833386888234 0.0020559664750356846 -0.00016653963619121435 0.00050096061817068722 0.0059270155187617756 -0.001937793665115534 -6.4363203491229957e-06 0.0038997025283015073 -0.003003873668929874 4.0883978743256927e-05 0.00019993988262046814 -0.00043849919724319673 5.7344152301987806e-05 -3.95453680812382e-05 -0.0010798677273772251 0.0015749369465211103 0.00027563142017829274 -0.00078897882729277321 -0.0015369054895105014 -0.00021693842349429642 -1.4316755437617511e-05 -0.00042648303692277562 9.6027191679734253e-05 -0.002720325661722331 0.0018033828849311814 -0.0015181182825279413 0.0004483516391155046 -0.00449410255606958 -0.00028980184064415234 -0.0054383448862462425 -0.0025523312751571281 -0.011882287400873381
leaf_weight=4660 202 503 1349 132 169 378 395 292 148 744 115 108 131 100 575 332 462 269 166 124 250 1188 281 196 238 194 358 193 1014 131 180 119 135 1139 380
leaf_count=4660 122 99 505 124 165 146 167 120 116 160 115 100 95 88 499 128 150 101 58 96 114 1048 93 196 178 190 286 189 342 131 164 119 135 851 380
internal_value=6.23978e-05 0.00055657 0.000400657 0.000935482 0.00184914 0.00274348 0.00368689 0.00181557 0.000393607 -0.00012339 -0.000525435 -7.47593e-05 0.000663672 0.00180943 -1.22748e-05 0.000123579 0.00086325 -7.99972e-05 -0.000136819 0.00192799 9.33033e-05 -0.000444397 -0.000452916 -0.000758542 -0.00033804 -0.000474416 0 0 -0.000636707 -0.000265443 -0.000602666 -0.000796587 0 -0.000678534 -0.000461603
internal_weight=17350 9536 9033 4582 2533 1517 1139 744 1016 4451 7814 2839 839 350 744 3102 794 2308 2049 272 452 2000 1564 4975 1883 1645 489 812 1295 619 1451 4779 250 1271 488
internal_count=12230 4688 4589 3110 1545 669 523 356 876 1479 7542 2567 719 338 664 974 278 696 1565 212 236 1848 536 4975 1507 1329 381 800 435 611 1139 4779 250 975 480
is_linear=0
shrinkage=0.0296731


Tree=170
num_leaves=36
num_cat=0
split_feature=25 10 10 24 55 61 1 24 17 54 32 36 33 49 38 59 41 55 39 61 21 10 48 32 16 53 11 43 10 49 32 26 39 30 10
split_gain=5.52117 4.62117 6.44808 11.7908 6.27255 2.39958 2.25024 1.76446 1.92096 1.27896 1.40612 2.59639 1.94033 0.750724 0.734341 0.822765 1.94554 0.730017 1.65444 0.530247 0.323027 0.288021 0.265539 0.237861 0.269558 0.132785 0.126462 0.112627 0.235133 0.0696019 0.0554166 0.0275802 0.0443286 0.129779 0.0147201
threshold=29.335000000000004 -0.54160775828284857 -0.40541071103273035 30.615000000000006 1005.9500000000002 0.25500000000000006 1.5650000000000002 28.825000000000003 37.813099058515405 0.99450000000000005 -0.044999999999999922 0.43718355715664808 36.593498698675717 105.55000000000001 0.65433069848726866 6.6050000000000013 28.835000000000004 1006.1500000000002 30.975000000000001 5.6350000000000007 29.565000000000001 0.73246693938583607 491.4500000000001 -0.0099999999999997851 35.20397151879893 0.098500000000000018 9.5000000000000018 29.100000000000001 0.51972456038539816 774.75000000000011 1.2900000000000011 77.350000000000009 29.841666666666665 76.950000000000017 0.1159303052754759
decision_type=2 2 2 2 2 2 2 2 2 2 2 2 2 2 2 2 2 2 2 2 2 2 2 2 2 2 2 2 2 2 2 2 2 2 2
left_child=14 9 3 4 -3 21 7 -7 -9 13 -11 12 -12 -2 15 23 -17 20 19 -19 -15 -4 29 26 34 -23 -1 28 -8 30 -16 32 33 -24 -25
right_child=1 2 5 -5 -6 6 27 8 -10 10 11 -13 -14 17 22 16 -18 18 -20 -21 -22 25 31 24 -26 -27 -28 -29 -30 -31 -32 -33 -34 -35 -36
leaf_value=-0.0059167366352493329 -0.0018495059509214063 -0.00064147057822609059 -0.0030372391272938297 1.6012999779666436e-05 0.0031164297055545345 -0.00091043079650169213 0.0027132392353409929 0.00039730169315218866 0.00046337021338783453 -0.00024887253057857069 -0.00041738112511147368 -0.00015577506772330006 0.00040524916662898312 0.00011390833497842417 -0.0075948212663396186 -0.011729395039801339 0.00048323986520331546 -0.0045745873080532389 -0.00023917622008583466 0.00069079880785085778 -0.00052197563102551953 -0.0048368697642124465 -0.00013141608424945209 -0.0064938830194407205 0.000146176616964538 0.0036167276034311663 -0.00051291259589948245 -0.00018281384505019804 -0.0039897412004710926 -0.009407789639199542 -0.0040972434868485254 -0.002634167617600667 -0.0045197451233715347 0.0028624203001918476 -0.0027650210925495252
leaf_weight=702 1657 319 1061 892 363 200 150 285 396 379 184 326 252 195 5241 123 103 494 255 312 1048 111 201 201 211 106 106 416 135 145 108 296 132 136 109
leaf_count=638 853 107 413 164 115 200 150 141 92 231 148 186 96 143 5117 123 91 218 79 160 528 111 197 201 167 106 106 312 135 145 108 296 108 136 109
internal_value=7.7788e-05 0.000562792 0.00126393 0.00280033 0.00574599 0.000375153 0.00117106 0.00216851 0.00288998 -2.35357e-05 0.000824195 0.00159658 0.00310735 -0.000298114 -0.000498862 6.45569e-06 0.00171607 0 0.000618321 0 -0.000435513 -0.000517467 -0.000643367 -0.000197436 0.000133728 6.47551e-05 -0.000557608 0 0.000355046 -0.000716987 -0.000734473 0 0 0.000339118 -0.000122414
internal_weight=17350 9536 4434 1574 682 2860 1582 881 681 5102 1141 762 436 3961 7814 1555 226 2304 1061 806 1243 1278 6259 1329 521 217 808 701 285 5494 5349 765 469 337 310
internal_count=12230 4688 2046 386 222 1660 1030 433 233 2642 661 430 244 1981 7542 1435 214 1128 457 378 671 630 6107 1221 477 217 744 597 285 5370 5225 737 441 333 310
is_linear=0
shrinkage=0.0296731


Tree=171
num_leaves=40
num_cat=0
split_feature=51 39 4 10 42 38 59 57 2 42 16 17 53 53 3 2 3 49 38 24 46 34 63 3 53 60 42 37 10 32 2 44 10 4 62 45 44 30 51
split_gain=5.44627 3.44768 3.20494 8.0106 3.33808 1.35406 1.51947 3.55449 1.98317 2.47873 1.66255 1.9641 0.729255 1.22043 1.82471 0.695564 1.71298 0.96965 0.590953 0.403461 0.374143 0.338845 0.286896 0.220345 0.708236 0.185514 0.172879 0.145254 0.279572 0.144655 0.127275 0.108472 0.086254 0.08011 0.0592434 0.0299451 0.0264254 0.0673986 0.0196036
threshold=28333.629000000004 28.818333333333335 1010.4500000000002 0.047319635496388741 0.026614513952746006 1.1792596776721351 6.495000000000001 1006.85 23.200000000000006 0.12918332823082523 35.492769440152692 37.712880422008773 0.95250000000000001 0.75750000000000017 0.90350000000000008 512.95000000000016 0.98050000000000004 424.60000000000008 1.0379212553284207 28.375000000000004 27.985000000000003 0.20602522653939434 -0.080921478273797462 0.17550000000000002 0.29250000000000004 4.9150000000000009 0.1351418984804191 33.219128352969328 0.42887605137607676 1.6750000000000009 633.85000000000002 0.52946992850466368 0.047319635496388741 1006.2500000000001 35.704312095518212 2126.1815000000006 0.81627356700801623 77.250000000000014 20593.110000000004
decision_type=2 2 2 2 2 2 2 2 2 2 2 2 2 2 2 2 2 2 2 2 2 2 2 2 2 2 2 2 2 2 2 2 2 2 2 2 2 2 2
left_child=1 20 4 -4 -3 6 8 18 12 10 -10 -12 13 31 -15 22 17 23 33 27 29 -16 25 -17 -25 -11 -22 -7 -29 34 -26 -6 -24 -8 38 -21 37 -5 -1
right_child=-2 2 3 36 5 19 7 -9 9 15 11 -13 -14 14 21 16 -18 -19 -20 35 26 -23 32 24 30 -27 -28 28 -30 -31 -32 -33 -34 -35 -36 -37 -38 -39 -40
leaf_value=-0.011492895312727623 -0.0014114121997472258 0.00021810215097273875 -0.00034165549561592076 0.00054340974173420001 -0.00037572839886705097 -0.0064537260548233454 -0.0021903950113875861 0.0036411515958844148 -0.002031718263058487 -1.525509842930086e-05 -0.0020407043977773436 0.00065107446561252951 -0.0034498350467993917 -0.00084161802485372089 -0.0010583673118417286 -0.00023020481274808836 0.00025191825206805074 9.7978523737727967e-05 -0.001707261451008483 -0.0018715078216847167 0.001291008034552359 0.0015353007741451476 -0.00015609843014864681 6.0917400672577981e-05 -0.0036048318957075036 -0.00043799556934156619 -0.0072307568649781677 -0.00087455205556692802 0.00058135976237169013 0.00064010556235886214 -0.00018690532961791376 -0.0015343746298882306 -0.00069695048892028371 0.00026462085149331859 -0.0076808426889702552 -0.0011938316217459432 -0.0071240404081460628 -0.0016243206689994637 -0.00058806799330863853
leaf_weight=4270 504 182 133 120 242 238 327 222 203 215 330 356 1801 188 318 545 268 247 136 147 140 158 882 244 186 179 259 223 112 128 536 837 162 148 173 1654 138 99 100
leaf_count=4270 100 82 53 120 134 238 243 182 171 111 190 128 1145 92 198 165 144 91 108 83 140 78 446 112 122 103 259 195 112 128 320 373 162 120 169 1006 138 99 100
internal_value=6.41078e-05 -2.00216e-05 0.000251195 0.00260869 0.000137765 6.10997e-05 0.000241564 0.00145627 9.79626e-05 0.000534128 0.00194133 0.002647 -0.000404204 0 0.0010272 0.000137553 0.000515065 0.00010533 8.02444e-05 -0.000552016 -0.000673259 0 -0.000311662 -0.000104284 6.15529e-05 0.000162349 0 0 0.000522298 -0.000749978 -0.00027235 -0.000586075 -0.00060426 -0.000201309 -0.000778671 -0.000773646 0 0.000324181 -0.000801404
internal_weight=17350 16846 11776 490 11286 11104 8730 833 7897 4353 889 686 3544 1743 664 3464 2026 1758 611 2374 5070 476 1438 1511 966 394 399 573 335 4671 722 1079 1044 475 4543 1801 357 219 4370
internal_count=12230 12130 7064 410 6654 6572 4938 653 4285 2265 489 318 2020 875 368 1776 954 810 471 1634 5066 276 822 719 554 214 399 545 307 4667 442 507 608 363 4539 1089 357 219 4370
is_linear=0
shrinkage=0.0296731


Tree=172
num_leaves=40
num_cat=0
split_feature=2 43 43 11 42 44 51 61 54 54 23 22 42 48 48 32 10 44 38 59 1 44 54 18 56 24 59 10 29 3 49 63 45 2 57 19 1 10 45
split_gain=5.6533 5.16396 3.42067 5.46356 3.06989 4.91503 3.38799 1.16356 1.50783 1.14536 1.11256 0.573876 0.564943 0.56367 0.560424 0.414549 0.36491 0.680059 0.545207 0.726245 0.355535 1.48905 0.339217 0.257717 0.33592 0.262599 0.246649 0.679703 0.14697 0.128214 0.11718 0.116984 0.103827 0.0538299 0.0290363 0.0289227 0.0152361 0.00410285 0.0034561
threshold=37.650000000000013 29.39854166666667 29.53166666666667 6.5000000000000009 0.12918332823082523 0.54886270345077803 28333.629000000004 1.1150000000000004 0.60150000000000003 0.99350000000000016 31.970000000000002 28.575000000000003 0.026614513952746006 58.95000000000001 21.650000000000002 1.1150000000000004 -0.63872576220844923 0.58088099880063515 0.95025641860194499 4.785000000000001 0.055000000000000007 0.55914255653132428 0.18050000000000002 33.241425156418174 1008.9500000000002 28.465000000000003 6.6050000000000013 -0.94128245028753155 84.350000000000009 0.99850000000000005 221.60000000000002 -0.48337251425688516 2171.2970000000005 774.75000000000011 1004.2500000000001 35.618072524748406 6.2950000000000008 -0.8140159405215136 2216.2705000000005
decision_type=2 2 2 2 2 2 2 2 2 2 2 2 2 2 2 2 2 2 2 2 2 2 2 2 2 2 2 2 2 2 2 2 2 2 2 2 2 2 2
left_child=10 11 3 -3 5 -4 7 22 -9 32 12 30 -1 -11 20 23 29 18 19 -18 21 -14 -6 -13 26 38 31 -28 -19 -16 33 36 -10 34 -2 -5 -25 -29 -26
right_child=1 2 4 35 6 -7 -8 8 9 13 -12 15 14 -15 16 -17 17 28 -20 -21 -22 -23 -24 24 25 -27 27 37 -30 -31 -32 -33 -34 -35 -36 -37 -38 -39 -40
leaf_value=7.9624316490804384e-05 -0.0086554967056137137 0.0034753434918860958 -5.3585533799380907e-05 1.1246706055920068e-05 -4.6044440104459142e-06 0.00069697105805355925 -0.0012119307475921208 7.062006689322235e-05 -0.00028221661885322968 8.3992360272043614e-06 5.7945412264911799e-05 -0.00225925437722756 -0.00022615578116240724 0.00013507918221112498 -0.0015978531117805876 5.3702970791269321e-05 0.0019175207209333716 -0.0078357372957651959 -0.0089932594129546219 0.00045429447685975508 -0.002512479132701645 -0.0032969528086967191 -9.5393129749562263e-05 0.00071946290086158295 -0.0039362597458884622 0.0044846567150052382 0.000915236220071765 -0.0013997553080436376 0.00050951852055735073 -0.00057593983848541893 -0.00064735080918746051 -0.0038977042947483578 -0.00010347170602584068 -0.0011408586404839604 -0.0067992060471776996 -0.0067685402049270076 -0.0040527284039194623 5.5430023595877757e-05 0.00086377961334582526
leaf_weight=188 135 200 375 107 767 342 489 366 184 154 419 506 144 255 733 102 201 528 114 108 5291 679 812 149 99 186 138 161 108 156 156 606 555 150 1274 98 102 101 112
leaf_count=112 135 104 175 99 171 114 89 130 56 82 103 494 80 115 485 94 193 440 90 88 4195 575 232 149 99 174 138 153 108 112 156 598 263 150 1270 98 98 101 112
internal_value=8.29181e-05 0.000623845 0.00129167 0.00399422 0.00100731 0.00282456 0.000608702 0.000203217 0.000813425 0.000168919 -0.000445054 -0.000136447 -0.000530324 0.0014944 -0.000577127 0.00013273 -6.73781e-05 0.00022977 0.00120666 0.001879 -0.00071999 0 -0.000306953 0 0.000221578 0.000971684 0 0.000589099 -0.000235599 -0.000554541 -0.000560475 -0.000300349 -0.000406586 -0.000641558 -0.000699229 0 0 0 0
internal_weight=17350 8681 4704 405 4299 717 3582 3093 1514 1148 8669 3977 8250 409 8062 2262 1948 1059 423 309 6114 823 1579 2160 1654 397 1257 400 636 889 1715 857 739 1559 1409 205 251 262 211
internal_count=12230 5649 1728 301 1427 289 1138 1049 646 516 6581 3921 6478 197 6366 2210 1516 919 371 281 4850 655 403 2116 1622 385 1237 392 548 597 1711 845 319 1555 1405 197 247 254 211
is_linear=0
shrinkage=0.0296731


Tree=173
num_leaves=38
num_cat=0
split_feature=9 10 19 5 61 55 55 2 20 45 44 61 19 58 43 1 1 10 20 59 21 39 20 49 9 44 34 29 29 2 45 47 4 34 9 17 47
split_gain=5.56127 5.50783 8.72245 2.75348 1.73854 3.30584 2.68655 4.25209 1.34867 1.44185 2.19365 1.74864 2.81527 1.06835 1.66894 1.61361 1.45254 0.884005 0.694691 0.924955 0.430939 0.288386 0.221533 0.200478 0.227139 0.186253 0.247559 0.141984 0.137702 0.0951007 0.0819208 0.0760173 0.0649077 0.0565942 0.0683802 0.0135911 0.00380434
threshold=0.83827194252655779 -0.44437817810461328 39.986529123853963 -1.0000000180025095e-35 0.25500000000000006 1006.85 1010.4500000000002 626.40000000000009 34.728861478261535 2174.5780000000004 0.5445909001483008 3.8050000000000002 38.34071805805808 3.9450000000000007 29.191041666666671 14.445000000000002 9.6450000000000014 -0.39754281428255622 37.80869258257399 4.9150000000000009 30.945000000000004 29.608333333333331 35.102110844861066 268.75000000000006 -0.96683886033945943 0.26882055853076592 0.28276059052153996 85.15000000000002 84.750000000000014 838.05000000000007 2311.3860000000009 669.6500000000002 1004.4500000000002 0.40836883987951517 0.17552986495352002 34.551490390135989 760.80000000000007
decision_type=2 2 2 2 2 2 2 2 2 2 2 2 2 2 2 2 2 2 2 2 2 2 2 2 2 2 2 2 2 2 2 2 2 2 2 2 2
left_child=3 2 -2 20 17 -6 -7 -8 23 10 -10 22 13 28 30 16 21 -3 19 -12 25 -16 -11 31 -25 26 -1 -27 -13 -24 -15 35 -32 34 -26 -5 -33
right_child=1 4 -4 8 5 6 7 -9 9 11 18 12 -14 14 15 -17 -18 -19 -20 -21 -22 -23 29 24 33 27 -28 -29 -30 -31 32 36 -34 -35 -36 -37 -38
leaf_value=-0.0038556579768339442 -3.4239509286569191e-05 7.2477587776093426e-05 3.4052269509473981e-05 -0.0075833349173227748 -0.0041049098513638834 -0.00083026155852824058 -0.0016631662990796634 0.00013720359509298625 0.00040395918346348265 -0.00064453702842694627 0.0052425761011376231 -0.0031379562717539678 0.0001512340887052726 0.00040653128368842032 0.0028284569103477091 -0.00015141213791096861 0.0016471662096256936 -0.0036789803899725808 -0.0067839487627824923 -0.0023531713861486485 0.0014880242078919219 -0.00049312479789380284 -0.0014053714471945384 0.0012337458403128558 -0.0024482410766385877 -0.0043461887795565989 -5.9952906735912724e-05 -0.00264266886621013 8.6818233769481997e-05 0.00066587912267959519 -1.1788820348306463e-05 7.5914535825422354e-05 -0.0028335359240615364 -0.00047841041653309536 -0.00027991052036715298 -0.0016767365175196275 -0.0022269604541576833
leaf_weight=338 547 368 613 1111 339 766 159 120 210 165 204 627 289 187 125 144 162 1208 269 122 122 117 1333 136 474 5187 105 150 173 161 111 135 394 126 259 98 196
leaf_count=294 103 72 113 1103 103 514 147 68 130 165 148 387 137 179 105 108 82 560 69 90 38 93 845 136 458 4267 81 150 157 69 111 135 382 126 235 86 184
internal_value=6.06877e-05 0.00101772 0.00276179 -0.000228481 0.000292373 0.00108019 0.000131419 0.00270147 0.000142281 0.000446755 0.00161114 0.000181062 0.000726986 0.000272975 0.000854771 0.00207825 0.00305705 -0.000324644 0.00045393 0.00146458 -0.000708853 0.000938376 -0.00051364 -0.000386365 0 -0.000756343 0 -0.000806369 -0.000480331 -0.000650587 0 -0.000600018 -0.00030052 -0.000232823 -0.000362291 -0.000716691 0
internal_weight=17350 4120 1160 13230 2960 1384 1045 279 7328 4793 805 3988 2329 2040 1240 548 404 1576 595 326 5902 242 1659 2535 995 5780 443 5337 800 1494 692 1540 505 859 733 1209 331
internal_count=12230 1680 216 10550 1464 832 729 215 5720 3257 437 2820 1741 1604 1060 388 280 632 307 238 4830 198 1079 2463 955 4792 375 4417 544 914 672 1508 493 819 693 1189 319
is_linear=0
shrinkage=0.0296731


Tree=174
num_leaves=40
num_cat=0
split_feature=9 10 19 38 32 56 29 50 53 4 20 2 38 20 9 23 17 44 56 50 21 19 58 40 29 21 40 29 49 1 49 53 40 58 36 47 63 40 44
split_gain=5.73813 5.50783 8.72245 2.42734 2.17949 3.02017 2.55736 1.75905 1.07636 0.969182 0.777532 1.59826 1.34665 1.01552 2.45196 0.693187 0.998714 0.622939 2.18124 0.441927 0.476241 0.423089 0.701414 0.188485 0.178644 0.226655 0.166869 0.115465 0.136325 0.111766 0.102143 0.101358 0.100376 0.0977478 0.238312 0.0860858 0.0225702 0.0199959 0.00156763
threshold=0.83827194252655779 -0.44437817810461328 39.986529123853963 0.93185371700017905 -0.18000000000000146 1006.9500000000002 81.750000000000014 94.050000000000111 0.99450000000000005 1006.6500000000002 34.728861478261535 644.45000000000016 1.0951273425296542 37.584339300126814 -0.33346569090932177 29.935000000000006 35.671164060375766 0.27484316669795578 1008.4500000000002 272.40833333333347 29.205000000000002 38.512230663472295 3.8150000000000004 0.051316014398222011 83.950000000000017 31.735000000000003 0.01000000003011375 82.850000000000009 367.9500000000001 1.6050000000000002 680.95000000000016 0.9195000000000001 0.2909180869825318 5.3350000000000009 0.33496390866767906 669.6500000000002 1.6593697042050872 0.081853527719772265 0.39445935489406891
decision_type=2 2 2 2 2 2 2 2 2 2 2 2 2 2 2 2 2 2 2 2 2 2 2 2 2 2 2 2 2 2 2 2 2 2 2 2 2 2 2
left_child=7 2 -2 4 -3 -6 29 17 9 24 27 12 13 14 31 16 19 18 -1 38 -21 26 -23 -5 25 -9 -19 35 -29 -7 -30 -12 -13 -26 -35 37 -14 -11 -10
right_child=1 3 -4 23 5 6 -8 8 15 10 11 32 36 -15 -16 -17 -18 21 -20 20 -22 22 -24 -25 33 -27 -28 28 30 -31 -32 -33 -34 34 -36 -37 -38 -39 -40
leaf_value=-0.0052937463777536966 -3.3223516627533522e-05 -0.0025423297885404537 3.3041832836693176e-05 -0.00065211882882987575 0.00035037797362119768 -0.0015217500822483389 -0.00022142450403611134 -0.0009169976221909998 -0.0018248690853980907 -0.00067510019732590441 0.0012965036056597104 -0.00037696667129197221 -0.0063832551696740326 -5.3921684770184567e-05 0.0031219879212933395 -0.0001777597591906502 0.0014001657325322975 0.00010119055003693267 3.7248853924801326e-05 0.0017274079993148835 -0.0031533441954844045 0.00021824250328036901 -0.0024483073165186219 -0.0012767902212024002 -0.0014527692335396375 -0.0026925365039041182 -0.0058787117008817667 -0.0033949440007100488 0.002898072812144205 0.0012294543996595338 -0.0013711156284255763 -0.0073249157178304188 -0.00054363127181520298 0.00034695507459558885 -0.0024245720932066389 -8.1113820862897302e-05 0.00017077895792278261 -0.0046479763359452029 -0.0058443863248698715
leaf_weight=434 547 389 613 289 407 423 195 1787 110 120 117 532 206 278 310 179 209 119 115 122 103 201 468 1109 347 228 4984 240 121 148 99 121 157 149 107 273 140 704 150
leaf_count=390 103 241 113 173 107 219 103 1191 110 120 117 352 142 94 186 95 157 115 87 114 83 73 208 529 307 68 4428 236 121 92 99 121 89 145 99 261 124 680 138
internal_value=4.52975e-05 0.00101772 0.00276179 0.000292373 0.00112154 0.00178733 0.000502359 -0.000248663 6.31939e-05 -5.9306e-05 0.000246804 0.000671345 0.00136007 0.00201339 0.0027791 0.00104398 0.00149852 -0.000608247 0.000189362 0.000452879 0.00146655 -0.000704771 0 -0.000549406 -0.000504238 -0.000638923 -0.000796715 -0.000184553 1.21154e-05 -0.000316644 0.000718991 0 -0.000328695 0 0.000379965 -0.000375132 0 -0.000528141 0
internal_weight=17350 4120 1160 2960 1562 1173 766 13230 6909 6036 3418 1861 1172 826 548 873 694 6321 549 485 225 5772 669 1398 2618 2015 5103 1557 460 571 220 238 689 603 256 1097 346 824 260
internal_count=12230 1680 216 1464 762 521 414 10550 5249 4552 2742 1225 784 518 424 697 602 5301 477 445 197 4824 281 702 1810 1259 4543 1517 456 311 220 238 441 551 244 1061 266 800 248
is_linear=0
shrinkage=0.0296731


Tree=175
num_leaves=41
num_cat=0
split_feature=9 10 19 60 10 55 5 57 38 52 55 28 28 33 21 1 17 21 49 50 7 58 32 21 28 16 9 52 11 9 26 10 24 38 24 2 21 10 1 5
split_gain=6.42228 5.91145 10.9352 1.94945 3.81008 2.52038 1.4549 0.685825 1.15786 1.15496 1.15893 2.74927 0.537675 1.32053 1.80123 0.499245 2.49603 0.44464 0.347117 0.341607 0.237263 0.202811 0.200369 0.190283 0.267115 0.468016 0.830602 1.25084 0.0755412 0.043887 0.0798306 0.0425768 0.0368326 0.0270574 0.0233264 0.0167044 0.0121771 0.00957147 0.00484327 0.00387823
threshold=0.83827194252655779 -0.41327860778290426 39.750311088942034 0.27500000000000008 -0.21772323039653199 1011.0500000000001 -1.0000000180025095e-35 1007.5500000000001 0.89695524147694894 0.58950000000000002 1007.0500000000001 78.850000000000009 79.550000000000011 36.704937937201699 30.215000000000003 0.055000000000000007 33.365717466314244 30.945000000000004 217.65000000000001 739.39166666666699 1.0000000180025095e-35 4.5250000000000012 0.25499999999999906 28.555000000000003 76.250000000000014 35.250795530982437 -0.52707282776374165 0.27650000000000008 10.500000000000002 -0.21772121422198129 83.450000000000017 -0.99463397642532658 28.135000000000002 1.2888113727608368 28.375000000000004 689.9000000000002 29.085000000000004 -0.69637622559687229 26.195000000000004 0.91597561503675362
decision_type=2 2 2 2 2 2 2 2 2 2 2 2 2 2 2 2 2 2 2 2 2 2 2 2 2 2 2 2 2 2 2 2 2 2 2 2 2 2 2 2
left_child=6 2 -2 19 -5 39 15 12 9 -9 21 -12 36 20 -15 16 -1 22 -13 -3 29 37 32 35 28 26 -26 -28 -25 30 34 -22 -17 -27 -14 -10 -8 -11 -33 -6
right_child=1 3 -4 4 5 -7 7 8 23 10 11 18 13 14 -16 17 -18 -19 -20 -21 31 -23 -24 24 25 33 27 -29 -30 -31 -32 38 -34 -35 -36 -37 -38 -39 -40 -41
leaf_value=-0.032319617195275076 -0.0014506418605610982 -0.0023085395956706713 -3.8095407856090799e-05 0.00045513993974293621 -0.0011382505426433803 0.00010119761752730028 -0.0087544651669417099 -0.006216917789808216 -0.011402473038470577 -0.0068298784041679337 0.0015743140813579866 -0.0014462148946230711 0.00098547413443251337 -0.0025311343560806285 -6.7172887411641498e-05 -0.0076948781859257779 0.00010566577494946975 0.0013512308198313538 0.003450071548045558 -0.0021154001228084968 -0.0025031763734259574 -3.7304523255059432e-06 -0.0011242954590962408 -0.0019163548878971483 -0.0013390649777474531 -0.0020657366395645149 0.00057520631161263617 0.0063001856734081207 0.00019329750826442828 -0.00013712248661658101 -0.0023052066070710781 -0.0027554279003384899 -0.0033808231451248226 7.7490973211195326e-05 0.00012069030587424364 -0.001281989639754066 -0.00042240669361927395 -0.000103272445046649 -0.0048055416670053988 -0.00082435845125190018
leaf_weight=500 682 1136 742 370 649 154 154 309 531 179 268 223 103 225 364 207 98 122 100 232 107 128 137 529 182 216 149 102 136 156 112 1036 4838 136 98 125 1420 136 104 155
leaf_count=500 130 532 134 86 521 134 150 233 531 131 144 187 103 133 140 207 74 38 96 64 107 88 85 361 182 164 149 102 136 136 112 976 3926 116 98 125 828 92 100 79
internal_value=2.47771e-05 0.00105371 0.00260595 0.000188139 0.0010293 0 -0.000286784 0 0.000296773 0.000985844 0.00148792 0.0023632 -0.00027796 0 0.00122018 -0.000633469 2.41182e-06 -0.000727561 0.000118437 -0.000541945 -0.000405256 4.65548e-05 -0.000780969 -8.68172e-05 3.04173e-05 0.000468757 0.0011585 0.00227864 -0.000308504 0 0.00033858 -0.000626968 -0.000813278 -4.59477e-05 0.000723423 -0.000525895 -0.000700394 -4.10203e-05 -0.000680237 -0.000629553
internal_weight=17350 4120 1424 2696 1328 958 13230 7328 3449 1343 1034 591 3879 2305 589 5902 598 5304 323 1368 1716 443 5182 2106 1450 785 433 251 665 469 313 1247 5045 352 201 656 1574 315 1140 804
internal_count=12230 1680 264 1416 820 734 10550 5720 2837 971 738 427 2883 1905 273 4830 574 4256 283 596 1632 311 4218 1866 1210 713 433 251 497 449 313 1183 4133 280 201 656 978 223 1076 600
is_linear=0
shrinkage=0.0296731


Tree=176
num_leaves=42
num_cat=0
split_feature=9 9 19 43 38 6 55 24 50 44 55 56 45 62 19 34 19 58 57 43 59 4 59 43 59 33 0 17 59 45 38 24 20 3 42 26 4 48 61 58 31
split_gain=8.37529 5.9889 13.1938 22.5365 3.14272 2.79001 4.40037 3.61727 1.56297 0.926585 2.90834 0.735995 0.912724 1.21232 0.617998 0.454558 0.416745 0.70059 0.380209 0.926886 1.18528 1.41765 0.277589 1.37313 0.200298 0.268172 0.167366 0.152695 0.148793 0.13639 0.122776 0.107636 0.106822 0.104016 0.0861695 0.0839648 0.0648669 0.0575825 0.028691 0.0105741 0.00297874
threshold=0.83827194252655779 0.89391031859722891 39.632896994992919 29.862291666666668 0.93185371700017905 -0.5 1006.85 29.115000000000006 91.966666666666796 0.27484316669795578 1008.5500000000001 1005.0500000000001 2326.6005000000005 37.813713516306244 32.785017791039721 0.16719449560303776 38.512230663472295 3.8150000000000004 1008.35 28.826458333333338 2.9950000000000006 1007.1500000000002 6.1550000000000011 29.11729166666667 6.6050000000000013 38.642592109216658 3.2850000000000006 34.352068013276103 5.3550000000000013 2220.9905000000003 1.1720234402554912 29.705000000000002 35.670971676619232 0.99650000000000005 0.04400757510198005 63.150000000000013 1004.6500000000002 27.750000000000004 15.930000000000001 1.9350000000000003 2.2834622347101683
decision_type=2 2 2 2 2 2 2 2 2 2 2 2 2 2 2 2 2 2 2 2 2 2 2 2 2 2 2 2 2 2 2 2 2 2 2 2 2 2 2 2 2
left_child=8 2 3 15 5 -3 -7 -8 9 10 -1 27 18 14 -14 -2 34 -18 24 29 39 -22 26 -24 25 36 -16 -10 -6 35 -31 -9 -26 -28 -11 -20 -13 -36 -29 -21 -37
right_child=1 4 -4 -5 28 6 7 31 11 16 -12 12 13 -15 22 -17 17 -19 19 20 21 -23 23 -25 32 -27 33 38 -30 30 -32 -33 -34 -35 37 40 -38 -39 -40 -41 -42
leaf_value=-0.0058990425111987684 -0.0031135290542791518 -0.0037180526442675385 -2.2840701029426784e-05 0.0019897836003229465 -0.0012461201296097568 0.00057589181328400289 0.00071475417151654127 -0.00010564080430370979 0.00034041509821652389 -0.0074336484203564703 -0.00014011593273770411 -0.00017054270027404443 0.0036068633206972258 -0.00066670966258380523 6.3436853889288616e-05 -0.00023270589933594766 0.00028687319315625574 -0.0022705639543506339 -0.00016798741536362151 0.0011313852361614853 -0.00017093669543366305 0.0035561045818454677 -0.0038626721695771147 0.0047312853556343475 0.00024938153027147849 0.0013111356017024125 -0.0016294396649303372 -0.0061376055941956388 -0.00028366439382840884 -0.0011952126291098252 0.0022683943517271235 -0.001910972674036271 -0.0019398102632173047 0.00021694902391455729 -0.0061638156502812702 -0.001664839993620089 -0.001813849198585567 -0.0011556494411445676 -0.005009088641129698 -0.00041537492597310086 -0.0016938314904175477
leaf_weight=423 186 369 705 302 880 359 157 225 127 207 124 143 153 465 200 135 201 467 119 166 187 266 222 103 113 164 614 973 438 186 131 364 116 124 4740 608 1301 122 137 180 148
leaf_count=387 118 205 125 46 444 103 125 85 127 187 88 99 149 157 192 95 73 207 119 122 123 130 218 79 109 48 530 641 178 182 131 156 108 108 4224 608 921 102 137 96 148
internal_value=0.000118829 0.00129125 0.00294744 0.00608736 0.000459038 0.00142233 0.0021929 0.000698169 -0.00023745 -0.000578266 0.000463343 5.38466e-05 0.000211552 0.000749294 0.000219846 0.000216429 -0.00069847 0 -2.1913e-05 0.000227138 0.00103744 0.0020459 0 0.000746708 -0.000356496 -0.000501715 -0.000256493 -0.000576961 -0.000528758 -0.00021735 4.44813e-05 -0.000183577 0.000143467 -0.000526165 -0.000790238 -0.000447727 -0.00066282 -0.000816484 -0.00070125 0 -0.000573931
internal_weight=17350 4120 1328 623 2792 1474 1105 746 13230 6284 547 6946 5709 1881 1416 321 5737 668 3828 1991 799 453 1263 325 1837 1608 938 1237 1318 1192 317 589 229 738 5069 875 1444 4862 1110 346 756
internal_count=12230 1680 384 259 1296 674 469 366 10550 5268 475 5282 4377 1433 1276 213 4793 280 2944 1659 471 253 1127 297 1285 1068 830 905 622 1188 313 241 217 638 4513 875 1020 4326 778 218 756
is_linear=0
shrinkage=0.0296731


Tree=177
num_leaves=41
num_cat=0
split_feature=9 9 24 62 61 4 29 9 53 61 28 28 50 1 50 9 36 42 1 62 9 58 41 41 6 50 9 54 36 6 48 28 48 37 61 53 34 59 56 33
split_gain=6.45406 4.24084 6.70162 12.0386 2.45631 2.44722 1.55828 2.81816 3.95894 3.87957 1.28269 2.29453 0.598126 0.558898 0.550269 0.382676 0.778558 0.323017 0.696326 1.02752 0.25974 0.200742 0.161094 0.322882 0.125353 0.106019 0.104284 0.103892 0.0993633 0.0987657 0.0968044 0.0946141 0.0815883 0.0730209 0.0663584 0.0548132 0.0380787 0.0220585 0.0108691 0.0103963
threshold=0.83827194252655779 0.91585580712236381 30.615000000000006 36.934118729188775 0.25500000000000006 1006.7500000000001 79.550000000000011 0.30901413279605805 0.98950000000000016 9.2750000000000004 79.750000000000014 81.250000000000014 179.70833333333351 9.6450000000000014 135.48333333333355 -0.95747632178960107 0.33997300396264923 0.31483593360661294 2.3350000000000004 37.813713516306244 0.30901413279605805 5.0950000000000006 29.398333333333337 29.532500000000002 0.98296291314453421 625.30833333333351 0.68391308835034159 0.78650000000000009 0.3597125631967607 0.37940952255126048 113.35000000000001 73.050000000000011 27.750000000000004 34.305760019111922 23.015000000000004 0.98650000000000004 0.045540862785219058 3.0950000000000002 1007.7500000000001 34.824356897707553
decision_type=2 2 2 2 2 2 2 2 2 2 2 2 2 2 2 2 2 2 2 2 2 2 2 2 2 2 2 2 2 2 2 2 2 2 2 2 2 2 2 2
left_child=6 2 3 29 -3 -6 14 12 13 -10 -7 -12 27 26 24 16 -14 39 20 -20 21 31 25 -24 32 34 28 -8 -9 -2 -29 -19 -1 -25 36 -35 -17 -38 -30 -16
right_child=1 4 -4 -5 5 10 7 8 9 -11 11 -13 15 -15 17 22 -18 18 19 -21 -22 -23 23 33 -26 -27 -28 30 38 -31 -32 -33 -34 35 -36 -37 37 -39 -40 -41
leaf_value=-0.0038302448458738571 -0.0067155605137245089 -0.0027131449046735464 4.1893441270274559e-05 0.00054013938823298528 -0.0034569491811143483 -0.0018431051361921585 -0.00037399304533708563 0.00042488440786074165 0.00019819565226206125 -0.00055586996718405036 0.00049714622383924018 -9.7075246938583502e-05 0.0036577954320704369 -0.00015974917203479439 -0.0033905352693424204 -0.0063554253348107907 -0.00039540609263389968 -0.00028046356499999194 -0.0042067193100665048 0.0011926315167128849 -0.0018340765752975039 -0.0061820665893045825 -0.0011812039910466506 0.00079663969651498948 -0.0051794591293856064 5.9946152684715448e-05 -0.0055960654221814832 -0.0094703948162603024 -0.0056298164839778241 -0.0017977296388498717 -0.001507522628400746 0.0040634594916901662 -0.00025586588395312942 -0.001507607758956728 -0.00016355750120801887 -0.0002101216693155111 -0.0067669061784256992 -0.0028756210536947783 -3.930063705792103e-05 -0.00013888289062771476
leaf_weight=3965 230 1098 912 491 324 495 101 255 357 277 177 258 158 233 190 102 213 103 187 168 571 153 159 119 222 192 437 1958 232 135 122 107 159 364 101 101 131 863 178 752
leaf_count=3121 166 450 168 95 88 355 101 163 185 169 85 174 158 93 174 102 213 103 151 60 291 133 147 115 170 192 257 1958 96 99 122 103 107 344 101 97 131 859 134 400
internal_value=5.89777e-05 0.0010897 0.00219479 0.0040897 0.000207057 0.00114236 -0.000253148 5.08224e-05 0.00100725 0.00293602 0.000225598 0.00148833 -0.00032614 0 -0.000578627 0 0.000862924 -0.000131781 9.92357e-05 0.00127351 -0.000222097 0.000170438 -0.000166115 6.76267e-05 -0.000780442 -0.000376592 -0.000189387 -0.000685207 0 0 -0.000732263 0.000934459 -0.000817684 -7.63471e-05 -0.000492295 -0.000377027 -0.000563767 -0.000619693 -0.000236636 -0.000573378
internal_weight=17350 4120 1768 856 2352 1254 13230 6653 1969 634 930 435 4684 1335 6577 2503 371 2231 1289 355 934 363 2132 743 4346 1389 1102 2181 665 365 2080 210 4124 584 1197 465 1096 994 410 942
internal_count=12230 1680 528 360 1152 702 10550 5737 1097 354 614 259 4640 743 4813 2459 371 1415 841 211 630 339 2088 703 3398 1385 650 2181 393 265 2080 206 3228 556 1193 441 1092 990 230 574
is_linear=0
shrinkage=0.0296731


Tree=178
num_leaves=37
num_cat=0
split_feature=9 10 24 61 2 63 21 54 9 10 20 37 60 56 63 7 49 49 9 36 60 28 16 56 59 59 28 37 59 4 11 36 10 2 63 60
split_gain=7.9517 6.84648 15.1902 3.19777 3.86405 4.21916 1.66672 1.64064 2.74169 1.62833 0.728699 1.71049 3.12522 0.822556 2.0333 0.659525 1.28297 0.422118 0.632235 0.196558 0.531863 0.190781 0.194637 0.167859 0.0936989 0.299563 0.32403 0.274764 0.059386 0.0520316 0.0407662 0.0401548 0.037181 0.0203481 0.0126183 0.00242558
threshold=0.83827194252655779 -0.39754281428255622 30.615000000000006 0.25500000000000006 543.1500000000002 1.6593697042050872 28.815000000000001 0.99850000000000005 0.30901413279605805 -0.26781430516217447 37.644151884327904 37.539401833165101 4.1750000000000007 1008.4500000000002 -0.46507230582093223 -0.60355339059327362 357.70000000000005 332.55000000000007 -0.97109105924028405 0.33496390866767906 5.5650000000000004 82.250000000000014 39.986529123853963 1007.35 2.6750000000000003 4.3550000000000013 79.950000000000017 33.499003664972413 6.6050000000000013 1004.4500000000002 9.5000000000000018 0.60483455713379053 -0.37370587188196386 777.85000000000014 -0.76000824710158799 3.7050000000000005
decision_type=2 2 2 2 2 2 2 2 2 2 2 2 2 2 2 2 2 2 2 2 2 2 2 2 2 2 2 2 2 2 2 2 2 2 2 2
left_child=6 2 -2 -3 9 -6 17 10 28 -5 11 13 -13 15 -15 16 -8 33 -19 23 -21 22 34 32 -16 26 27 -26 -9 -17 -27 -20 -18 -1 -12 -11
right_child=1 3 -4 4 5 -7 7 8 -10 35 21 12 -14 14 24 29 19 18 31 20 -22 -23 -24 -25 25 30 -28 -29 -30 -31 -32 -33 -34 -35 -36 -37
leaf_value=-0.01174104555580616 -0.00078922543817527932 -0.0033413325540945921 4.0650332660504007e-05 0.00029311321151074567 -0.0011671716425702182 0.00058347992012013007 0.00079703611277561154 -0.0020284914706817391 0.00015256978113461028 -0.0067255658479089169 -0.0052708772956237514 -0.011446178700199048 0.00031583314051728 0.0030878758319447309 -0.0035900137294335639 -0.012327261361491027 -0.00021324907423372189 0.003520205053845365 -0.0087034375851526725 -0.00075215970550645498 -0.00041779912021324057 -7.5344094713945131e-05 -0.00013861288235653461 0.00054335947229631045 0.0011030888769232845 -0.0012549029452852657 -4.0271861482323542e-06 0.0035751139138007902 8.7190255339109377e-05 -0.0022908053892782437 1.8489859584074369e-06 -0.0040718967162259277 -0.0055749628483694426 -0.0015103622178687017 -0.0020839064557421402 -0.0051885911506921239
leaf_weight=3847 616 1208 912 180 279 254 160 269 345 569 224 227 267 221 357 169 771 128 455 253 176 257 319 196 124 262 188 104 122 1717 119 172 114 98 1569 102
leaf_count=3843 120 560 168 36 123 98 128 261 165 485 100 111 107 165 357 161 627 128 455 213 148 125 107 152 124 194 188 76 118 1381 119 172 114 98 613 90
internal_value=0.000127379 0.00126965 0.00285309 0.000288552 0.00129422 0.00326986 -0.000219511 1.42204e-05 0.00136265 0 -9.82274e-05 7.2381e-05 0.00174362 -7.16875e-05 0.000511402 -0.000330793 3.35132e-05 -0.00066881 0 -0.000162624 0.000214522 -0.00053879 -0.000636416 -0.000422303 0 0.000188522 0.000816213 0.00156465 -5.42153e-05 -0.000716039 -0.000187201 -0.00041482 -0.000619905 -0.000791845 -0.0007566 -0.00062214
internal_weight=17350 4120 1528 2592 1384 533 13230 8530 736 851 7794 5425 494 4931 1375 3556 1670 4700 755 1510 429 2369 2112 1081 1154 797 416 228 391 1886 381 627 885 3945 1793 671
internal_count=12230 1680 288 1392 832 221 10550 5854 544 611 5310 4365 218 4147 1223 2924 1382 4696 755 1254 361 945 820 893 1058 701 388 200 379 1542 313 627 741 3941 713 575
is_linear=0
shrinkage=0.0296731


Tree=179
num_leaves=38
num_cat=0
split_feature=9 10 37 60 10 9 29 9 54 38 41 62 49 48 9 29 31 44 44 10 9 6 50 59 60 44 45 52 9 10 26 34 44 45 51 62 52
split_gain=8.58264 7.39038 10.2299 2.69616 4.31895 3.11488 1.66777 3.30298 5.35183 3.74944 3.44602 0.708455 0.609243 0.481844 0.383267 1.06812 0.230795 0.351332 0.379078 0.152579 0.33968 0.144174 0.143591 0.130987 0.12041 0.117582 0.101735 0.0775109 0.0574863 0.0500596 0.140446 0.0475991 0.047478 0.0362844 0.00545016 0.00375466 0.00362026
threshold=0.83827194252655779 -0.39754281428255622 39.393873757161565 0.27500000000000008 -0.21772323039653199 0.99699193743116299 79.350000000000009 0.30901413279605805 0.99150000000000016 0.8274846932000125 29.885833333333341 38.308786374420301 148.25000000000003 5.5500000000000007 -0.85206963063867713 86.250000000000014 -0.72275258237697126 0.74155633393915532 0.81627356700801623 -0.94128245028753155 -0.2008886948310977 0.98296291314453421 739.39166666666699 3.4650000000000003 2.9150000000000005 0.67948603207676783 2101.7815000000005 0.81050000000000011 0.17552986495352002 -0.2093068927635835 82.050000000000011 0.040175671817742162 0.81627356700801623 2171.2970000000005 16189.089500000004 37.941524562836356 0.57150000000000001
decision_type=2 2 2 2 2 2 2 2 2 2 2 2 2 2 2 2 2 2 2 2 2 2 2 2 2 2 2 2 2 2 2 2 2 2 2 2 2
left_child=6 2 -2 22 -5 24 13 12 11 10 -10 25 31 21 15 29 -15 26 -19 20 -16 -1 -3 -20 -6 35 -18 36 -22 30 -14 -8 -27 -33 -29 -9 -21
right_child=1 3 -4 4 5 -7 7 8 9 -11 -12 -13 14 16 19 -17 17 18 23 27 28 -23 -24 -25 -26 32 -28 34 -30 -31 -32 33 -34 -35 -36 -37 -38
leaf_value=-0.0040952772009785017 -0.0021526907623107701 -0.0021683418759721336 7.281069961839756e-05 0.00037717967181829501 -0.0015150779839985314 -0.00029161213105408285 -0.012932822989959274 -0.00067980732739336789 0.00025483279000896051 -9.0714410698510139e-05 -3.5740551547054293e-06 -1.4353913862833865e-05 -0.00094851300099306544 -0.00040980618634814126 0.00024774521631175476 0.0025478264882980144 -0.0024932821178651528 0.0036798111535598617 0.001140136010075919 -0.00066281241423672319 -0.0063523595836888916 -0.0048872621384116657 -0.016780431738095174 -0.0029194866516537429 -0.00019607033289107436 0.0026931869081768334 -0.00042526703327765543 -0.0047342119091619214 0.0052325073233227574 -0.0016891282631150124 0.0025993750201135932 -0.0023868721814149247 -0.0033236517014304922 -0.0056449786439775242 -2.9319511690148696e-05 -0.00066271497076120516 0.00043570382123586443
leaf_weight=3774 748 1047 780 370 626 135 104 548 285 215 234 208 160 170 122 152 192 148 250 231 290 210 217 407 197 149 1244 616 98 263 99 122 166 2326 100 248 99
leaf_count=2982 156 511 132 86 478 103 104 384 157 143 82 68 156 122 102 152 124 96 150 231 290 162 61 319 153 109 720 604 94 263 99 122 98 2322 100 96 99
internal_value=0.000118829 0.00130564 0.00295004 0.000288552 0.00125234 6.94808e-05 -0.000241935 6.48326e-05 0.00107407 0.00310145 0.00446287 0 -0.000343896 -0.000588317 0 0.000604028 -0.000188346 -0.000307111 6.75789e-05 -0.000241223 0 -0.00080025 -0.000630502 -7.64449e-05 -0.000491752 -0.000354957 -0.000599667 -0.00046329 -0.000199806 0 0.00025187 -0.000656897 0 -0.000683324 -0.00063893 -0.00055261 0
internal_weight=17350 4120 1528 2592 1328 958 13230 6835 2053 734 519 1319 4782 6395 2230 674 2411 2241 805 1556 510 3984 1264 657 823 1111 1436 1046 388 522 259 2552 315 2448 716 796 330
internal_count=12230 1680 288 1392 820 734 10550 5875 1137 382 239 755 4738 4675 2190 670 1531 1409 565 1520 486 3144 572 469 631 687 844 1034 384 518 255 2548 207 2444 704 480 330
is_linear=0
shrinkage=0.0296731


Tree=180
num_leaves=42
num_cat=0
split_feature=9 9 24 62 61 2 21 29 9 27 54 1 56 57 57 46 37 50 1 9 3 38 45 0 1 54 7 44 37 2 1 60 52 2 41 37 33 31 29 28 28
split_gain=9.46303 5.69571 9.49638 13.4785 3.48543 3.77197 1.68376 1.91828 2.44608 4.75403 3.73762 1.48545 1.27173 0.443278 0.347184 0.344011 0.294061 0.284124 0.643476 0.268757 0.228425 0.215444 0.153029 0.140658 0.114129 0.64146 0.0726868 0.0876275 0.107814 0.0670193 0.0586569 0.0494317 0.0462284 0.25652 0.0695215 0.10058 0.0750078 0.0436563 0.0178343 0.0135504 0.00555902
threshold=0.83827194252655779 0.91585580712236381 30.615000000000006 36.660835973076935 0.25500000000000006 543.1500000000002 28.815000000000001 79.15000000000002 0.30901413279605805 80.250000000000014 0.99150000000000016 9.0650000000000031 1006.2500000000001 1007.4500000000002 1008.35 27.985000000000003 34.965775348689206 17.06666666666688 4.1150000000000011 -0.97109105924028405 0.99850000000000005 0.6127131700217846 2325.3195000000001 7.1550000000000011 0.19500000000000003 0.35750000000000004 0.91597561503675362 0.92800145347504481 34.56320463346173 777.85000000000014 0.48500000000000004 1.655 0.99250000000000005 31.350000000000005 29.350000000000005 34.112489140063893 33.792912216385183 1.9291493354927083 87.750000000000014 85.15000000000002 76.450000000000017
decision_type=2 2 2 2 2 2 2 2 2 2 2 2 2 2 2 2 2 2 2 2 2 2 2 2 2 2 2 2 2 2 2 2 2 2 2 2 2 2 2 2 2
left_child=6 2 3 22 -3 12 15 13 16 11 -11 14 -6 26 30 29 21 -15 24 -17 23 -9 -2 39 25 -19 27 28 -8 37 -10 -26 34 -34 36 -36 -23 38 -1 -18 -21
right_child=1 4 -4 -5 5 -7 7 8 9 10 -12 -13 -14 17 -16 19 20 18 -20 40 -22 32 -24 -25 31 -27 -28 -29 -30 -31 -32 -33 33 -35 35 -37 -38 -39 -40 -41 -42
leaf_value=-0.011373259890109538 -0.0091111250169305033 -0.0029692470578230753 6.8155665425485683e-05 0.00013860617480458866 0.00025739415116740019 0.0012972326352550341 -0.0012415231594512346 0.00057743004769729759 -0.001836464013698243 -0.0018156792938486986 0.00023457874539049685 1.3384743949624634e-05 -0.0064875921153493736 -0.0033232423315448503 2.6731344567604753e-05 0.0024281795281646023 -0.00440890910274581 -0.0066831172566593974 0.00078763218859779561 -0.0071604538891440282 -0.0001580289498687483 8.5301806814361389e-05 -0.0011678304393856942 -0.00019553775092191704 -0.0016239018030409619 0.003252149632991203 -0.0018794776545163101 -0.00020822681489647931 -0.0019045010538375083 -0.0012980410152792915 -0.0012072361160610444 -0.00046325874649162055 -0.006722125853974097 0.00028210033566731033 0.0021932853050312365 -0.0034370858494544346 -0.0026439399785443815 -0.0022510188904060913 -0.010493223202687269 -0.0025202845018014539 -0.0089198844784385833
leaf_weight=3891 212 1098 912 536 204 498 177 155 181 164 317 328 552 450 308 101 973 167 134 151 129 104 108 99 370 122 185 182 2059 98 591 171 122 165 140 151 487 128 100 99 231
leaf_count=3887 172 450 168 104 56 186 165 155 61 116 169 124 460 326 192 101 949 163 94 151 125 104 84 99 170 90 101 78 1063 98 259 103 118 157 140 147 487 128 100 99 231
internal_value=0.00016842 0.00141361 0.00269762 0.0049539 0.000396106 0.00149662 -0.000210541 2.46535e-05 0.000457372 0.00127577 0.00384014 0.000310298 1.20823e-05 -0.000431865 -0.000120314 -0.0006625 -8.70932e-05 0 0.000278457 0 -0.000432629 0.000162612 0 -0.000609919 0 0.000439783 -0.000661464 -0.000705279 -0.000756526 -0.000748957 -0.000542147 -0.000284979 0 0.000346441 -8.21601e-05 2.6173e-05 -0.000335975 -0.000767198 -0.000785547 -0.000722186 -0.000266224
internal_weight=17350 4120 1768 856 2352 1254 13230 8530 4513 1889 481 1408 756 4017 1080 4700 2624 1414 964 483 1300 1324 320 1171 830 289 2603 2418 2236 4217 772 541 1169 287 882 291 591 4119 3991 1072 382
internal_count=12230 1680 528 360 1152 702 10550 5854 3501 921 285 636 516 2353 512 4696 2580 946 620 483 1272 1308 256 1147 526 253 1407 1306 1228 4213 320 273 1153 275 878 287 591 4115 3987 1048 382
is_linear=0
shrinkage=0.0296731


Tree=181
num_leaves=38
num_cat=0
split_feature=9 10 24 48 61 18 61 55 55 28 57 59 43 9 29 57 17 55 29 21 48 61 3 10 10 36 1 48 6 61 37 63 5 38 30 32 32
split_gain=7.02325 10.7191 18.0937 2.29239 2.0421 2.14777 1.97646 3.94122 1.24164 2.24819 1.19845 1.96148 5.35462 1.01058 2.47317 2.01836 2.9311 0.4752 0.484799 0.939365 0.730955 0.421586 0.674194 0.298161 0.275137 0.163877 0.364133 0.155962 0.145522 0.134826 0.144521 0.123476 0.117309 0.0964839 0.0614881 0.0466317 0.0450888
threshold=0.83827194252655779 -0.39754281428255622 30.615000000000006 58.95000000000001 5.5650000000000004 37.916563925293012 0.25500000000000006 1006.85 1010.4500000000002 80.450000000000017 1006.35 4.3750000000000009 29.191041666666671 0.30901413279605805 80.250000000000014 1005.5500000000001 35.823402830075771 1006.1500000000002 77.950000000000017 31.145000000000003 99.050000000000026 3.6450000000000005 0.97150000000000014 0.1159303052754759 0.94968266440323645 0.23516177607022815 2.7250000000000005 406.95000000000005 -0.9159756150367534 3.2350000000000008 34.784805276529987 -0.69032440686306618 0.78656609248549325 0.92536630117023744 81.65000000000002 1.1150000000000004 0.20000000000000109
decision_type=2 2 2 2 2 2 2 2 2 2 2 2 2 2 2 2 2 2 2 2 2 2 2 2 2 2 2 2 2 2 2 2 2 2 2 2 2
left_child=3 2 -2 13 17 10 -3 -8 -9 -10 32 23 27 28 21 -16 -17 31 24 20 -20 -15 -23 -12 -19 26 -22 -13 -1 34 -31 -5 -6 -24 35 -27 -34
right_child=1 6 -4 4 5 -7 7 8 9 -11 11 12 -14 14 15 16 -18 18 19 -21 25 22 33 -25 -26 29 -28 -29 -30 30 -32 -33 36 -35 -36 -37 -38
leaf_value=-0.00031482882548638684 -0.00070604251686173466 -0.0030897366005644025 6.6133275000547669e-05 6.702215279089106e-05 -0.0033570625779194892 0.00012303087288552899 -0.0038327657147921809 -0.00075513119130317624 -4.7346811426562228e-06 0.0030388762713344391 -0.002484648162158026 0.00050624003125483176 0.0045610395901922313 -0.0051115956905212921 -0.00072271545750464698 -8.3986673738171446e-05 0.00029942617322637014 -0.0020485867105964868 -0.00010608160423316048 -0.00041747286204726626 0.00097286091698041486 -0.0031041859315792892 -0.0018990482134682159 0.0012530487161266399 0.0033337853004809567 -0.00073357711422378691 -0.0027936598400635174 -0.0027416214646783445 -0.010561762697504607 0.0011337036943404155 -4.823397477457712e-05 -0.001496666844419015 0.00072619864298470438 -0.0053883607916376131 -0.00036863579360409539 -0.00025149622928150132 -0.0031394578593540072
leaf_weight=138 616 1208 912 163 449 291 339 766 151 128 434 172 158 1350 153 149 143 776 115 121 201 228 489 125 180 697 121 229 4213 165 151 1099 121 156 130 130 183
leaf_count=138 120 560 168 147 389 111 103 514 115 100 298 172 110 786 105 133 67 464 79 41 165 116 245 125 180 621 113 213 4169 165 99 687 97 92 130 126 167
internal_value=0.00019749 0.00126965 0.00324087 -0.00012757 0.00027536 0.00101628 5.98044e-05 0.000866155 0 0.00164698 0.000567975 0.00120369 0.00244293 -0.00050104 -3.18937e-07 0.00196576 0.00345001 -9.12493e-05 8.91328e-05 0.000405571 0.000150564 -0.000449067 0 0 -0.000392239 0 0.000578903 0.000291201 -0.000780568 -0.000167019 0.000140612 -0.000583155 -0.000219142 -0.000428037 -0.000392758 -0.000493674 0
internal_weight=17350 4120 1528 13230 6211 2162 2592 1384 1045 279 1871 1118 559 7019 2668 445 292 4049 2787 1831 1710 2223 873 559 956 1595 322 401 4351 1273 316 1262 753 645 957 827 304
internal_count=12230 1680 288 10550 4699 1682 1392 832 729 215 1571 918 495 5851 1544 305 200 3017 2183 1539 1498 1239 453 423 644 1419 278 385 4307 1141 264 834 653 337 877 747 264
is_linear=0
shrinkage=0.0296731


Tree=182
num_leaves=39
num_cat=0
split_feature=9 10 24 61 55 21 54 9 27 26 5 42 50 37 56 4 36 30 43 49 9 35 43 32 3 55 39 21 61 49 22 25 2 31 49 38 38 63
split_gain=8.02025 10.9774 19.4433 2.10031 4.49201 2.02056 1.72743 2.34699 4.99578 3.16058 1.08577 1.14316 1.32808 1.7052 1.00972 0.579577 0.557724 1.09745 0.40762 0.397606 0.632235 0.372269 0.350303 0.286847 0.266237 0.26526 0.232986 0.161321 0.160595 0.157738 0.101996 0.189003 0.101432 0.0575966 0.0509881 0.0430782 0.015578 0.000868985
threshold=0.83827194252655779 -0.39754281428255622 30.615000000000006 0.23500000000000001 1006.85 28.815000000000001 0.99450000000000005 0.30901413279605805 80.15000000000002 82.250000000000014 0.60355339059327384 0.20037049013237365 705.0500000000003 37.475609673578198 1011.1500000000002 1006.7500000000001 0.34572637403831236 80.350000000000009 28.819166666666671 332.55000000000007 -0.97109105924028405 35.557743461006417 28.699791666666673 0.32499999999999934 0.82750000000000001 1010.4500000000002 30.895000000000003 30.055000000000003 3.6450000000000005 379.00000000000006 29.385000000000002 29.685000000000006 669.6500000000002 -1.1109555734914272 148.25000000000003 1.1205220337135884 0.72128879843203864 1.1784066555366091
decision_type=2 2 2 2 2 2 2 2 2 2 2 2 2 2 2 2 2 2 2 2 2 2 2 2 2 2 2 2 2 2 2 2 2 2 2 2 2 2
left_child=5 2 -2 -3 -5 19 10 18 23 -10 15 12 13 21 25 -7 24 28 22 32 -21 -12 -8 -9 29 -6 27 30 -18 -17 35 -32 -1 -22 -20 36 -13 -37
right_child=1 3 -4 4 14 6 7 8 9 -11 11 26 -14 -15 -16 16 17 -19 34 20 33 -23 -24 -25 -26 -27 -28 -29 -30 -31 31 -33 -34 -35 -36 37 -38 -39
leaf_value=-0.0112874935981982 -0.00068509204096499842 -0.0031285114115094733 6.4170895185145389e-05 -0.0045309667577106555 -0.00072707937082485362 -0.0028803900661933872 -0.00044807921686847467 -0.00026314935897713535 -0.00048577500059510809 -0.0004266190337205829 0.0040421677599375185 -0.00021925745478035616 -0.00039828708800947952 -0.00073047585307763378 -0.00022582388817613317 -0.0029108784923662116 -0.0037476929213445436 0.00014118446731822769 -0.0073120568949888972 0.0037730386308381303 -0.003584070546467426 -0.0014301300533882488 0.0010249798615914203 -6.9692616983557638e-05 -0.0025648067018348426 -6.312478207689486e-06 -2.48438222313064e-05 -0.0015222521251706802 0.0013814752176646067 0.0010203844800227076 0.00033845394744471676 -0.0013028544552673845 -0.0010887922687998557 -0.00756211536919586 -0.0019869198976516936 -0.00084582925742038783 -0.0029920924955833296 0.00092846878266252876
leaf_weight=3700 616 1167 912 361 746 1937 128 313 236 178 193 107 183 125 155 167 365 265 520 128 101 174 107 238 934 163 501 545 159 143 113 135 245 526 182 166 294 122
leaf_count=3696 120 543 168 109 494 1217 128 157 112 98 173 107 123 49 127 91 249 181 508 128 101 154 91 94 630 119 157 345 103 119 113 127 245 526 174 146 286 122
internal_value=0.00019578 0.00134163 0.00333782 0.000116991 0.000919648 -0.000152237 0.000108118 0.00090261 0.0019336 0.00438748 -0.000102165 0.000337385 0.0013903 0.00223442 0 -0.000426442 -1.42683e-05 0.000536877 -3.47068e-05 -0.00064988 0 0.00080158 0.000867301 0 -0.000459685 -0.000431676 0 -0.00020887 -3.99533e-05 0 0 0.000539049 -0.000769293 -0.00041482 -0.00050756 -0.000157025 -0.00036917 0
internal_weight=17350 4120 1528 2592 1425 13230 8530 1902 965 414 6628 2658 675 492 1064 3970 2033 789 937 4700 755 367 235 551 1244 909 1983 1482 524 310 937 248 3945 627 702 689 401 288
internal_count=12230 1680 288 1392 849 10550 5854 1362 461 210 4492 1902 499 376 740 2590 1373 533 901 4696 755 327 219 251 840 613 1403 1246 352 210 901 240 3941 627 682 661 393 268
is_linear=0
shrinkage=0.0296731


Tree=183
num_leaves=43
num_cat=0
split_feature=16 10 63 47 22 38 61 8 36 54 3 21 59 10 56 45 57 3 24 50 4 54 43 46 49 22 10 1 4 29 59 45 56 24 36 56 32 50 31 47 1 53
split_gain=8.40979 5.11665 9.02399 5.2036 2.66206 6.30066 2.57688 3.23707 3.27768 3.19735 1.729 1.34243 1.26135 3.1884 4.24858 1.09134 0.941143 0.804898 0.625356 0.480635 0.326612 0.553285 1.2761 0.316392 0.31253 0.263427 0.253013 0.225789 0.210311 0.146154 0.182847 0.13369 0.305037 0.0936111 0.0826861 0.0732443 0.0629316 0.0572586 0.0193239 0.0198579 0.0190135 0.000711916
threshold=36.188200286582358 -0.54160775828284857 0.53503074179008092 870.35000000000014 30.125000000000004 0.93417798190429779 3.6450000000000005 -0.12940952255126037 0.42301083140336504 0.99350000000000016 0.96550000000000014 28.815000000000001 6.5850000000000009 -0.94128245028753155 1005.7500000000001 2136.8905000000009 1003.85 0.95250000000000001 29.225000000000005 720.00833333333355 1006.85 0.82750000000000001 29.191041666666671 29.035000000000004 332.55000000000007 31.355000000000004 -0.76107606668641947 0.39500000000000007 1007.4500000000002 81.450000000000017 4.5650000000000004 2218.4350000000004 1010.1500000000002 28.345000000000002 0.35361091333097988 1008.85 1.1150000000000004 323.14166666666677 1.9291493354927083 661.40000000000009 2.7250000000000005 0.96850000000000003
decision_type=2 2 2 2 2 2 2 2 2 2 2 2 2 2 2 2 2 2 2 2 2 2 2 2 2 2 2 2 2 2 2 2 2 2 2 2 2 2 2 2 2 2
left_child=11 6 -3 4 5 -4 15 8 9 10 -8 24 18 14 -14 -2 -6 -9 20 27 33 31 23 35 38 -17 -10 -18 -19 -26 -31 36 -33 41 -15 -23 -22 -37 39 -1 -7 -13
right_child=1 2 3 -5 16 40 7 17 26 -11 -12 12 13 34 -16 25 19 28 -20 -21 21 22 -24 -25 29 -27 -28 -29 -30 30 -32 32 -34 -35 -36 37 -38 -39 -40 -41 -42 -43
leaf_value=-0.010990543030043914 1.4547001242675183e-05 -0.0047442410068782876 0.00053177083635618525 -0.00065075597053846279 0.00012973463381767941 -0.0012118889776972684 -0.0020134182578871473 0.00012878252069555465 1.8521688646266111e-05 0.00077856745688270103 -0.00099899490919235314 -0.0025539144617130168 0.00036579313535981559 0.00049295069778835404 0.0044275417985452066 -0.0021050800035331066 -0.00014886236870181434 -0.0023546889051188086 -0.0030486835861688075 0.00011254981288737427 -0.0031249321585620602 -0.0053878614098276925 0.003627082046209461 -0.0001140272817181523 -0.0087396222315372276 -0.00029173995914099889 -0.0050181585333294683 -0.00012003157180865436 -0.00034099307523906107 0.002389113411028721 -0.0010724424131144041 -0.0011482534918825023 0.0026141127856947727 -0.0001841928493860019 -0.002605756058680356 -0.00013986161220633182 -8.9548466901936876e-05 0.00046996212402201741 -0.0020974474263130388 -0.0010567732853927079 -0.00018902461363188756 0.00014129695419698776
leaf_weight=3981 325 315 317 448 376 204 186 179 207 233 168 165 142 150 102 1821 996 680 1132 412 507 293 107 100 432 248 226 328 258 165 213 195 102 482 299 119 131 102 156 98 127 123
leaf_count=3977 101 83 141 84 80 112 122 91 123 117 88 161 142 150 86 809 248 432 932 104 507 285 99 84 432 80 82 164 102 165 213 195 98 422 291 107 131 102 156 98 123 111
internal_value=0.000260761 0.000966351 0.00182058 0.00130092 0.000764696 0.00244306 0.000275294 0.00103856 0.00224606 0.00369424 0.0014461 -0.000337848 2.41305e-05 0.00120326 0.00393422 -0.00035672 0.000191265 0 -0.000172757 -3.53116e-05 5.14289e-05 0.000327593 0.000958156 0.00021994 -0.000666306 -0.000645473 0 -0.000373795 -0.000414262 0 0.000284626 -3.28816e-05 0.000305137 -0.000387579 -3.01577e-05 0 -0.00037665 0.000313309 -0.000770565 -0.000787803 -8.17727e-05 0
internal_weight=17350 8054 3523 3208 2760 648 4531 2137 1020 587 354 9296 4251 693 244 2394 2112 1117 3558 1736 2426 1656 721 614 5045 2069 433 1324 938 810 378 935 297 770 449 514 638 221 4235 4079 331 288
internal_count=12230 3286 1139 1056 972 376 2147 1157 532 327 210 8944 3903 669 228 990 596 625 3234 516 2302 1608 677 578 5041 889 205 412 534 810 378 931 293 694 441 494 638 209 4231 4075 235 272
is_linear=0
shrinkage=0.0296731


Tree=184
num_leaves=43
num_cat=0
split_feature=9 10 19 5 19 60 25 63 45 6 49 53 54 60 10 17 56 54 9 21 55 19 40 47 32 55 39 59 43 38 46 19 10 10 34 38 38 18 59 42 9 18
split_gain=9.40845 10.418 20.064 2.35067 2.51351 4.52148 4.19346 2.11519 5.95258 0.565164 0.831922 0.648981 0.540346 0.428649 0.736072 0.399919 0.399235 0.379262 0.929638 0.350131 0.326078 0.895837 0.594213 0.743832 0.30103 0.855315 0.273723 0.302841 0.211865 0.135432 0.132029 0.142171 0.0847204 0.0610889 0.0597764 0.0408016 0.0378411 0.0227781 0.0209799 0.0188089 0.0117951 0.00191993
threshold=0.83827194252655779 -0.39754281428255622 38.787900871040954 -1.0000000180025095e-35 37.500102371530012 3.8050000000000002 30.545000000000005 2.0374447388174457 2252.6175000000007 1.0000000180025095e-35 357.70000000000005 0.98750000000000016 0.12350000000000001 0.64500000000000013 -0.20089055513063514 35.619002840676437 1007.0500000000001 0.99850000000000005 0.055916472294523401 30.945000000000004 1007.2500000000001 31.27238611025215 0.12220201853314482 453.15000000000003 0.069999999999998522 1008.85 29.221666666666668 2.0450000000000004 28.826458333333338 0.77824230027892172 28.865000000000006 39.986529123853963 0.88999460902669758 0.95493138204271821 0.14696838131286144 0.44713658590877498 2.0062381989775671 36.480732951012421 6.7650000000000006 0.65408061642162862 -0.93535928755917819 34.16531705386457
decision_type=2 2 2 2 2 2 2 2 2 2 2 2 2 2 2 2 2 2 2 2 2 2 2 2 2 2 2 2 2 2 2 2 2 2 2 2 2 2 2 2 2 2
left_child=3 2 -2 19 9 16 -7 13 -9 10 11 41 -10 -3 -15 -13 -6 32 34 24 26 39 23 -23 30 -26 28 -28 40 -16 31 -1 35 -34 -19 -11 -37 -32 -29 -22 -12 -5
right_child=1 7 -4 4 5 6 -8 8 12 17 20 15 -14 14 29 -17 -18 18 -20 -21 21 22 -24 -25 25 -27 27 38 -30 -31 37 -33 33 -35 -36 36 -38 -39 -40 -41 -42 -43
leaf_value=-0.0048832286274455546 -0.00087660062787723496 -0.0021495326498007987 0.00015705239963286508 0.00034066361556339789 -0.0061534894838378438 0.00059519874220703532 4.5541554172602985e-05 0.0010317102533501609 0.0005066071721213396 -0.0030161674632479276 -0.00063159347247905724 0.00051219688813061411 -0.01055353366696068 0.00076017159557891574 0.0012742245288199987 0.0022983865434966591 2.0634853060789026e-05 1.4422423239863771e-06 0.0036064931017703267 0.0013506008786194181 -0.0072894964435864856 0.0038744368739387137 -0.00046115619871323191 -2.9631914120941497e-05 -0.0076806053523540731 9.4866221883106895e-05 3.2367282381717493e-05 -0.0010222276786893685 0.00035858388345889723 -0.0011161463359455276 -0.0018382328917175253 0.00012863271783347788 0.00063868137220682124 -0.0079463710887233002 -0.0071088044633426817 -0.0020604575171502813 -0.0010757092622476763 -0.0043366906703059798 -0.0011100847772688614 -0.00048605901985787284 -0.0051173455064421215 -9.5491205802800662e-05
leaf_weight=4712 638 966 890 117 485 270 321 234 228 152 100 135 423 164 184 115 295 100 101 122 279 132 222 103 451 142 138 1004 117 393 147 126 139 233 321 1812 111 202 142 98 183 103
leaf_count=4104 134 534 154 113 177 118 157 66 80 124 100 131 199 48 144 87 115 100 73 38 279 116 186 83 323 86 82 688 109 321 135 38 139 233 321 1592 99 106 134 98 183 83
internal_value=0.000245371 0.00148559 0.00343476 -0.000132055 0.000211097 0.0013581 0.0033133 0.000288552 0.00148596 -3.33538e-05 0.000231686 0.00137492 0 -0.000263832 0.000150035 0.00240876 0 -0.000340118 0.000244945 -0.000578188 0 0.000495575 0.00143902 0.00249221 -0.000622921 0 -0.000220098 -0.000473072 0.000294136 -0.000168942 -0.000695304 -0.000736425 -0.000513637 0 -0.000113449 -0.000589045 -0.000626917 0 -0.000681334 -0.000336211 0 0
internal_weight=17350 4120 1528 13230 7328 1371 591 2592 885 5957 2988 470 651 1707 741 250 780 2969 522 5902 2518 834 457 235 5780 593 1684 1284 400 577 5187 4838 2447 372 421 2075 1923 349 1146 377 283 220
internal_count=12230 1680 288 10550 5720 567 275 1392 345 5153 2472 414 279 1047 513 218 292 2681 494 4830 2058 762 385 199 4792 409 1296 904 392 465 4383 4142 2187 372 421 1815 1691 241 822 377 283 196
is_linear=0
shrinkage=0.0296731


Tree=185
num_leaves=40
num_cat=0
split_feature=9 9 19 16 61 55 50 53 50 55 19 60 62 56 54 19 57 35 54 59 37 37 1 3 16 59 19 61 29 38 35 21 38 36 36 2 39 59 34
split_gain=9.17003 7.84317 11.6864 13.1638 2.58788 5.35571 2.14387 1.44179 1.51987 1.20579 1.02521 2.07884 0.949022 2.56218 0.812177 1.74557 0.356119 0.336556 0.438099 0.279175 0.275847 0.701533 0.71114 0.77605 0.355836 0.215558 0.185446 0.153617 0.0846704 0.0755508 0.0713508 0.0689018 0.0456548 0.022541 0.0202064 0.0176026 0.0117126 0.0109559 0.00330769
threshold=0.83827194252655779 0.91585580712236381 39.750311088942034 36.188200286582358 0.23500000000000001 1006.85 91.966666666666796 0.99450000000000005 473.61666666666684 1010.4500000000002 37.552506956338355 6.5550000000000006 35.098606755505038 1008.6500000000002 0.99450000000000005 38.207296067222565 1007.2500000000001 35.442611405895043 0.99150000000000016 4.2750000000000012 33.148484773140424 34.767369506578056 0.87500000000000011 0.33950000000000008 35.250795530982437 2.2550000000000003 36.707782905506477 7.8050000000000006 84.250000000000014 1.2295487514236023 35.215261219413996 28.615000000000006 1.0692703436422819 0.33997300396264923 0.34833586317968607 93.100000000000009 28.621666666666666 5.6150000000000011 0.81622372477802885
decision_type=2 2 2 2 2 2 2 2 2 2 2 2 2 2 2 2 2 2 2 2 2 2 2 2 2 2 2 2 2 2 2 2 2 2 2 2 2 2 2
left_child=6 2 3 35 -3 -6 12 10 17 -7 16 19 -1 14 -14 30 26 33 -19 -12 29 22 23 -22 31 -23 28 -27 36 32 -16 -24 -18 -9 37 -2 -8 -30 -31
right_child=1 4 -4 -5 5 9 7 8 -10 -11 11 -13 13 -15 15 -17 20 18 -20 -21 21 25 24 -25 -26 27 -28 -29 34 38 -32 -33 -34 -35 -36 -37 -38 -39 -40
leaf_value=-0.011532267376801082 -0.0039738722903900825 -0.0029255399340022913 -4.3292461902637237e-05 -0.0018172053507352758 -0.0039172248724985556 -0.00065650889670784652 -0.0067790510556014908 0.0008334872527789133 0.00098859197616912474 0.00026917883195217698 8.7785915677994573e-06 -2.8856210015877701e-05 -0.0013967516409425056 0.00013632541048238129 0.0010370237339183195 0.00082072451428273185 -0.0085550567794098181 -0.00016564945852093175 0.00050267433058929882 -0.0065357745566650425 0.00098983004362002396 -1.6565970987872878e-05 0.00040593635985971979 0.0035280805253472534 0.0012595976166468966 -9.55806243443125e-05 -0.0036167727000352974 -0.00083779826445316776 -0.0093922797830492052 -0.0063162922290550833 -0.00096680193782380862 -0.0013043015539505169 0.00015071037489845462 -0.0023494745731521046 -0.0014342008338089124 -0.003996427131068481 -0.0041436495950507241 0.00049737576286674296 -0.00062505954745829719
leaf_weight=3971 196 1060 742 730 352 683 103 187 160 257 436 325 1482 210 138 148 273 150 165 372 129 203 114 107 203 648 317 155 103 453 335 365 134 223 280 100 1099 98 144
leaf_count=3971 156 436 134 146 100 427 103 171 116 189 132 137 794 90 134 76 273 102 113 156 129 115 114 99 183 364 149 127 103 453 203 365 134 203 256 92 943 98 144
internal_value=0.000224851 0.0014496 0.00294903 0.00499772 0.000270074 0.00119731 -0.000147752 0.000199044 0.00131877 0 1.54593e-05 0.000836275 -0.000549945 -1.7669e-05 -0.000381643 0.00039787 -0.000149429 0.000540057 0.00126572 0 2.17593e-05 0.000265999 0.000884934 0.00235355 0.000196353 -0.000181522 -0.000459215 -0.000481858 -0.000589426 -0.000327536 -0.000260828 -2.21143e-05 0 0 0 0 -0.00074032 0 -0.000539542
internal_weight=17350 4120 1768 1026 2352 1292 13230 6946 885 940 6061 1133 6284 2313 2103 621 4928 725 315 808 2928 1924 918 236 682 1006 2000 803 1683 1004 473 479 407 410 481 296 1202 201 597
internal_count=12230 1680 528 394 1152 716 10550 5282 705 616 4577 425 5268 1297 1207 413 4152 589 215 288 2500 1496 890 228 662 606 1652 491 1503 1004 337 479 407 374 457 248 1046 201 597
is_linear=0
shrinkage=0.0296731


Tree=186
num_leaves=42
num_cat=0
split_feature=16 10 10 24 60 60 60 62 57 56 4 21 59 56 56 4 24 46 22 4 43 54 59 20 18 3 43 10 8 24 2 29 46 62 36 47 43 22 48 50 52
split_gain=8.30538 7.47464 11.6567 16.7899 2.77096 2.31243 1.863 2.45557 2.0149 5.12498 1.71912 1.20308 0.973145 3.4842 0.618044 0.590823 0.484989 0.346471 0.250262 0.237191 0.752997 0.187229 0.131778 0.263552 0.419157 0.336669 0.122349 0.121453 0.44022 0.0891314 0.0868476 0.0830428 0.0534482 0.159928 0.0415885 0.0261622 0.0123736 0.00776298 0.00471438 0.00383115 0.0011908
threshold=36.075769168063282 -0.54160775828284857 -0.40541071103273035 30.615000000000006 0.17500000000000002 1.3350000000000002 3.6450000000000005 37.579651225117516 1005.35 1007.2500000000001 1006.7500000000001 28.815000000000001 6.5850000000000009 1008.1500000000002 1009.0500000000001 1008.7500000000001 29.225000000000005 27.985000000000003 31.355000000000004 1006.85 29.245208333333341 0.99550000000000016 2.8150000000000004 34.985563108985943 33.27253631382964 0.54550000000000021 29.245208333333341 -0.94128245028753155 -0.5 28.345000000000002 669.6500000000002 85.950000000000017 28.615000000000006 34.648804101517079 0.30069275459545225 644.45000000000016 28.155208333333338 29.015000000000004 252.85000000000005 39.183333333333501 0.93950000000000011
decision_type=2 2 2 2 2 2 2 2 2 2 2 2 2 2 2 2 2 2 2 2 2 2 2 2 2 2 2 2 2 2 2 2 2 2 2 2 2 2 2 2 2
left_child=11 6 3 -3 -4 10 14 15 -9 -10 -6 17 16 27 18 21 19 30 -2 29 22 -8 37 24 36 -26 -7 28 -14 40 31 -1 33 -19 -29 -25 -24 -21 -18 -33 -13
right_child=1 2 4 -5 5 26 7 8 9 -11 -12 12 13 -15 -16 -17 38 32 -20 20 -22 -23 23 35 25 -27 -28 34 -30 -31 -32 39 -34 -35 -36 -37 -38 -39 -40 -41 -42
leaf_value=-0.010472843691003797 -0.0018964933470890356 -0.0035232350471351304 -0.0028463076776203038 0.00015891575156962574 0.0005269227549471446 0.00015456609556708511 -0.0028154338000726466 -0.00014775792687301116 5.0355994099725682e-05 -0.00037653515560419348 0.00014527585736652396 -0.0024294142208040803 0.0012016768808913063 0.0037482792465940201 8.5301972876610559e-06 0.00017138910584407933 -0.005369216068394223 -0.0079434682458254715 -7.4678671155908578e-05 -0.000437042589925328 0.0031832269491302947 -0.00076288605114320344 5.0849922021193612e-06 -0.00061280535121837124 -0.00072595108992890207 0.0029235724799719083 -3.9401101149997874e-05 -5.5926257960780876e-05 -0.007215049711006249 -0.00074102426842002228 -0.00092373790675570838 -0.013784997723968122 -0.0083825921611266219 0.0011310802242436846 -0.0026422756183604942 -0.00025104263484079103 -0.00041765157231504378 -0.0071637848932442089 -0.0031539507625903936 -0.00019214313968058251 0.00020996519670235165
leaf_weight=3953 1710 632 911 912 325 134 795 332 447 406 381 129 107 99 244 134 904 149 410 119 148 209 110 279 131 189 316 106 98 444 246 160 198 172 253 98 248 288 108 164 152
leaf_count=3949 802 164 311 168 89 134 603 148 159 146 165 121 107 83 76 46 780 149 122 119 140 169 110 259 131 185 176 106 98 396 246 160 198 172 245 98 236 288 68 164 144
internal_value=0.000269311 0.000951099 0.00196807 0.00392729 0.000444206 0.00144239 0.000141607 0.00075668 0.00171029 0.00247677 0.00250525 -0.000342627 1.249e-05 0.00107467 -0.000412654 -0.00013345 -0.000162998 -0.000648525 -0.000609411 2.46136e-05 0.00027032 -0.000474958 0 0.000234007 0.000638855 0.00141637 0 0 0.000692301 -0.000356485 -0.000732279 -0.000764805 0 0.000308183 -0.000144407 -0.000179789 0 -0.000376806 -0.000712248 0 0
internal_weight=17350 8298 3611 1544 2067 1156 4687 2323 1185 853 706 9052 4010 663 2364 1138 3347 5042 2120 2335 1610 1004 1462 1055 678 320 450 564 205 725 4523 4277 519 321 359 377 358 407 1012 324 281
internal_count=12230 3478 1207 332 875 564 2271 1271 453 305 254 8752 3714 639 1000 818 3075 5038 924 2227 1566 772 1426 1019 662 316 310 556 205 661 4519 4273 519 321 351 357 346 407 848 324 265
is_linear=0
shrinkage=0.0296731


Tree=187
num_leaves=39
num_cat=0
split_feature=9 10 19 50 63 19 55 9 45 9 28 30 4 19 54 30 39 44 9 22 29 34 34 23 9 11 9 58 49 58 40 23 50 0 31 44 0 51
split_gain=11.894 15.6879 25.7075 2.52568 1.7302 3.17562 3.57966 1.39404 2.65772 1.04137 0.894867 1.09917 0.705934 0.675106 1.73839 0.662522 0.996824 0.503277 0.833661 0.477935 0.396997 0.542196 1.0431 2.10276 0.409944 0.321843 0.410729 0.310205 0.325832 0.192936 0.112198 0.105707 0.0918835 0.0883144 0.115242 0.0656206 0.0576453 0.000147015
threshold=0.83827194252655779 -0.39754281428255622 39.750311088942034 91.966666666666796 2.0374447388174457 38.512230663472295 1007.1500000000002 0.54883787585413535 2396.1450000000009 0.75548631800528565 79.950000000000017 76.450000000000017 1009.35 38.426664003464204 0.98950000000000016 67.750000000000014 30.895000000000003 0.26882055853076592 0.30901413279605805 29.815000000000001 80.550000000000011 0.26925256402963943 0.17217103134639702 29.565000000000001 -0.95747632178960107 11.500000000000002 -0.2595093939220976 6.2150000000000007 384.20000000000005 3.3450000000000002 0.037859388975028836 30.805000000000003 566.98333333333358 3.0650000000000004 -0.22914782382382623 0.36995054499635199 2.6350000000000002 16446.368000000006
decision_type=2 2 2 2 2 2 2 2 2 2 2 2 2 2 2 2 2 2 2 2 2 2 2 2 2 2 2 2 2 2 2 2 2 2 2 2 2 2
left_child=3 2 -2 13 10 6 -6 20 9 15 -3 -12 -8 17 -15 -9 19 18 -1 -17 25 22 24 29 -22 33 -27 30 -29 -24 -26 -19 35 36 -35 -23 -5 -31
right_child=1 4 -4 7 5 -7 12 8 -10 -11 11 -13 -14 14 -16 16 -18 31 -20 -21 21 32 23 -25 27 26 -28 28 -30 37 -32 -33 -34 34 -36 -37 -38 -39
leaf_value=-0.0082981949806568683 0.0013263827906779125 -0.0023877056561367096 -4.6723364270988481e-05 -0.0064517307895034064 0.0014607915708685362 -0.0049288082045260903 -0.0033609256416806221 -0.0035971413265532366 0.0001017414246960569 -0.0010606602257664489 0.00060389527798411806 -0.0066797876329698618 0.00033442216078959758 -0.002070293282534311 0.00023197831762443222 0.00027865471045677851 -0.0011355079960197545 -0.0052362197804427801 0.00010340846964175018 -0.0024153731072978266 0.00073612504989934737 -0.0005101367079880573 0.0010204374798692063 2.9226156789680195e-05 -4.215538320209935e-05 0.0033788931403459193 -0.0061138148876231663 0.0025631517507318574 -0.0081300595936907513 -0.0016052844998461963 -0.00094797880912413329 -0.00031837040292402997 5.2758523373438259e-06 -0.0041528690513268169 -0.0019650288038919259 -0.0023422438252176979 0.00030824893491814855 0.00062992060706617561
leaf_weight=364 786 1220 742 267 193 361 175 277 366 607 253 234 156 507 235 200 296 4864 133 271 185 166 120 140 250 101 114 197 125 240 701 181 167 189 1190 547 111 119
leaf_count=360 154 724 134 259 53 93 95 121 114 259 121 202 104 191 123 160 92 4464 69 119 185 154 120 104 246 101 114 193 125 236 673 61 155 185 830 523 95 119
internal_value=0.000293252 0.00168714 0.00407461 -0.000132055 0.000231365 0.00131877 0.00283366 0.000246019 0.000903372 0.000313329 -0.000263832 0.000689918 0.000539245 -0.000568826 0.000148637 0.000926402 0.00138758 -0.000686375 4.68194e-06 0.000241874 0 0.000193304 0.000480599 0.00150032 0 -0.000347901 0.000483017 -0.000143753 0.000487432 0.0002847 -0.000482998 -0.000778005 -0.000349351 -0.000517749 -0.00063064 -0.000513443 0 0
internal_weight=17350 4120 1528 13230 2592 885 524 6946 2017 1651 1707 487 331 6284 742 1044 767 5542 497 471 4929 2957 2077 619 1458 1972 215 1273 322 479 951 5045 880 1757 1379 713 378 359
internal_count=12230 1680 288 10550 1392 345 252 5282 865 751 1047 323 199 5268 314 492 371 4954 429 279 4417 2833 2001 579 1422 1584 215 1237 318 475 919 4525 832 1369 1015 677 354 355
is_linear=0
shrinkage=0.0296731


Tree=188
num_leaves=42
num_cat=0
split_feature=16 9 22 10 47 61 54 33 2 27 50 1 17 4 49 57 50 45 44 9 2 9 9 31 59 20 63 54 34 22 5 29 10 9 38 38 10 34 38 57 5
split_gain=9.90941 5.74553 11.1551 22.2606 5.42626 3.04251 2.40806 2.65656 4.25369 2.14943 1.35602 2.07892 3.61997 1.25629 1.72181 0.90487 0.878364 0.830948 0.63948 1.20851 0.400879 0.367099 0.636917 1.44382 0.301452 0.255757 0.255195 0.436823 0.921338 0.228468 0.18201 0.178669 0.1617 0.376034 0.132302 0.224357 0.336351 0.0891068 0.0636009 0.0588686 0.0429627
threshold=35.729242734033178 0.83827194252655779 30.125000000000004 -0.39754281428255622 870.35000000000014 0.23500000000000001 0.99350000000000016 36.672279963706579 1.0000000180025095e-35 78.750000000000014 135.48333333333355 6.5550000000000006 38.282706916798965 1005.4500000000002 124.25000000000001 1007.9500000000002 94.050000000000111 2136.8905000000009 0.27847914455724843 -0.012910176522261644 712.1500000000002 -0.95747632178960107 -0.99273952934267318 0.59338339384598637 6.5850000000000009 35.492769440152692 0.31927860846356998 0.82750000000000001 0.21155554966473741 31.145000000000003 0.60355339059327384 84.750000000000014 -0.94128245028753155 0.090250774277322809 1.0692703436422819 1.3489167348945001 0.76663042157996963 0.069634301887649158 2.1046567692885163 1006.7500000000001 0.37940952255126054
decision_type=2 2 2 2 2 2 2 2 2 2 2 2 2 2 2 2 2 2 2 2 2 2 2 2 2 2 2 2 2 2 2 2 2 2 2 2 2 2 2 2 2
left_child=16 6 3 -3 13 -5 10 24 -9 -10 25 17 15 14 -4 -13 18 -12 19 -1 -15 22 -18 -24 -8 39 30 34 -29 31 -23 -19 33 -32 -28 36 -36 -34 -39 -2 -20
right_child=1 2 4 5 -6 -7 7 8 9 -11 11 12 -14 20 -16 -17 21 29 40 -21 -22 26 23 -25 -26 -27 27 28 -30 -31 32 -33 37 -35 35 -37 -38 38 -40 -41 -42
leaf_value=-0.007482859384920589 -0.0060191885798781992 0.00052316922936254727 -0.0015030271665554249 -0.0014239026120491181 -0.00041277810414780484 0.00010100723616003158 -0.0011624793662293994 -0.0023487640941285272 2.9535004482451578e-05 0.00075761531394124041 -2.9366632478659283e-05 -0.0032888636532804219 0.00066257176257470383 -0.00029762471971210683 0.00049708626701799776 0.00013851154677197916 -0.015778643951645178 -0.0060201202748577289 -0.0096223740015127512 -0.00086124810176994924 0.00022530920070838435 -0.0053991587765255594 0.0037172097566913636 -0.0013322446825696347 -0.00015535078450746781 -0.0013334151727240778 -0.0041534829335824692 0.0030006420491367901 -0.0004405631113922389 -4.4782915786491188e-05 -0.00023690707543406932 5.1008870757643714e-05 0.00014441187589692489 0.0056112364843819065 -0.0010433576101228444 -0.0045097587921468047 0.0029963585941189075 -0.0029842270402798692 -0.00059496361241527247 0.00017575049775486959 -0.0024704558581791591
leaf_weight=319 147 241 385 253 441 324 401 339 207 252 424 356 209 759 627 147 160 992 3938 99 401 867 145 127 114 1386 379 138 170 343 182 156 153 104 102 296 158 611 106 138 254
leaf_count=319 119 53 97 133 77 180 289 183 79 124 144 276 77 235 139 103 160 580 3902 83 81 839 145 127 102 682 375 122 166 115 182 156 129 100 102 296 158 567 106 78 250
internal_value=0.000339423 0.00102273 0.00198828 0.00504375 0.000982511 0.00162239 0.000410515 0.00152491 0.00259692 0.00445155 4.1738e-05 0.000487279 0.00185369 0.000311536 0.00110072 0.000228908 -0.000390011 0 -0.000664491 0.000243428 -0.00027541 -1.54659e-05 0.000753361 0.00171171 0 -0.00058727 -0.000154055 0.000111955 0.00112315 -0.000352063 -0.000376206 -0.000578522 -1.71304e-05 0.000453618 -9.61911e-05 1.64094e-05 0.00081294 -0.000309138 -0.000474291 0 -0.000783487
internal_weight=17350 9042 3431 818 2613 577 5611 1313 798 459 4298 2627 712 2172 1012 503 8308 1915 4610 418 1160 3698 432 272 515 1671 3266 1243 308 1491 2023 1148 1156 286 935 556 260 870 717 285 4192
internal_count=12230 4102 995 366 629 313 3107 777 386 203 2330 1451 456 552 236 379 8128 995 4554 402 316 3574 432 272 391 879 3142 1219 288 851 1923 736 1084 282 931 556 260 802 673 197 4152
is_linear=0
shrinkage=0.0296731


Tree=189
num_leaves=43
num_cat=0
split_feature=37 58 9 10 19 61 55 20 37 50 34 54 21 59 57 28 57 29 38 31 19 20 3 55 53 9 10 11 0 9 9 43 50 59 28 31 53 28 44 25 0 44
split_gain=9.65146 4.86615 5.98115 10.6763 22.4227 2.85899 4.09352 2.1366 5.13415 3.95227 2.54287 1.5088 1.1241 1.17386 2.51947 0.905954 0.739703 0.538335 0.497221 0.789193 1.21273 0.374989 0.33783 0.376239 0.335374 0.305731 0.299456 0.175838 0.662614 0.158642 0.127584 0.103126 0.0971901 0.0922923 0.0498915 0.0341316 0.0327471 0.0149942 0.00849312 0.00721844 0.00578029 0.00468695
threshold=35.758713607420418 5.4850000000000012 0.83827194252655779 -0.39754281428255622 38.787900871040954 0.23500000000000001 1006.85 37.644151884327904 37.790445898783894 338.63333333333344 0.16240880955824449 0.99550000000000016 28.815000000000001 6.5850000000000009 1006.85 69.450000000000017 1007.7500000000001 83.750000000000014 0.89695524147694894 0.12474847747345487 33.566202023106179 36.852619671669586 0.86550000000000005 1006.1500000000002 0.95250000000000001 -0.96230016621822456 0.1159303052754759 10.500000000000002 3.8150000000000004 -0.95747632178960107 -0.97873101657557326 28.313958333333339 516.85000000000014 7.1850000000000014 83.65000000000002 1.9291493354927083 0.98150000000000015 88.250000000000014 0.40801703096425918 29.185000000000006 7.4850000000000012 0.80431507087955789
decision_type=2 2 2 2 2 2 2 2 2 2 2 2 2 2 2 2 2 2 2 2 2 2 2 2 2 2 2 2 2 2 2 2 2 2 2 2 2 2 2 2 2 2
left_child=12 2 7 4 -4 -5 -7 8 9 24 21 22 25 16 34 -3 29 33 19 39 -21 -11 23 -9 -2 26 30 31 41 -14 -1 -20 35 -17 40 37 -33 -27 -24 -18 -15 -29
right_child=1 15 3 5 -6 6 -8 11 -10 10 -12 -13 13 14 -16 17 18 -19 27 20 -22 -23 38 -25 -26 32 -28 28 -30 -31 -32 36 -34 -35 -36 -37 -38 -39 -40 -41 -42 -43
leaf_value=-0.011402028386065554 -0.00039500582485806312 9.2218584119243321e-05 0.00020535820892792441 -0.0046410934405764397 -0.0020083555615943273 -0.0019206843027060648 -8.8628921616001992e-06 -0.0086703263727821271 0.00010657141650237233 -0.0034258189361651291 -0.00032956090081876844 2.8431558424395493e-05 -0.00023930432102339246 -0.00018296993652512872 0.0034136274699420144 -0.0013186431536914155 -0.0042850331937887521 -0.00020978932837288522 1.6864326923633454e-06 -0.00035429635967549575 0.0029264431895091128 0.00014285287173869157 -0.0091005725491360035 4.7470007369212172e-05 -0.0014199245407592173 -0.0095186328711265311 0.00368101644294952 -0.00019921732525752449 0.0027199078563685361 -0.00276719680238228 0.0002112980930175977 -0.0026959860787123982 -0.0034452365474734307 -0.001022993279345573 0.00083890935532706518 -0.0023426683650655889 -0.005627979610740956 -0.0022502413465453602 -0.0024319399637327465 0.00072416514564792864 -0.01287302285100831 -0.0019817608436672545
leaf_weight=438 290 190 550 595 559 300 497 317 282 134 194 348 152 177 202 1322 171 178 169 123 192 134 210 407 727 3815 101 99 123 1475 126 610 175 184 102 137 110 102 834 113 201 185
leaf_count=438 150 54 114 223 91 80 189 113 102 114 98 160 152 173 178 598 171 122 169 123 168 86 150 119 467 3811 101 99 123 1303 126 534 175 156 102 137 98 102 270 109 197 185
internal_value=0.000327452 0.00106561 0.00145868 0.0026072 0.0047983 0.000770958 0.00197025 0.000685945 0.00144981 0.000653371 0.00294744 0 -0.000329091 0 0.0011502 -0.000208881 -0.000190687 -0.000484031 0.00015856 0.000889052 0.00192014 0.000543074 -0.000302174 5.18302e-05 -0.000276494 -0.00063516 0 -8.84149e-05 0.000273886 -0.000670145 -0.000309555 -0.0003881 -0.000728319 -0.000711509 0 -0.000757912 -0.00055817 -0.000776 -0.000660975 0 -0.000181657 -0.000156321
internal_weight=17350 8252 6378 2501 1109 1392 797 3877 1761 1479 462 2116 9098 4204 682 1874 3522 1684 1895 599 315 268 1768 724 1017 4894 665 1296 407 1627 564 889 4229 1506 480 4054 720 3917 1044 284 378 284
internal_count=12230 3456 2526 697 205 492 269 1829 1017 915 298 812 8774 3884 650 930 3234 876 1779 571 291 200 652 232 617 4890 665 1208 407 1455 564 801 4225 754 472 4050 632 3913 420 280 370 284
is_linear=0
shrinkage=0.0296731


Tree=190
num_leaves=46
num_cat=0
split_feature=62 63 20 40 61 22 55 25 26 45 25 31 2 43 43 48 62 24 19 29 55 29 18 48 16 38 25 59 28 26 19 63 62 34 50 45 26 34 61 32 63 62 38 38 28
split_gain=13.1436 7.61496 4.81148 4.89781 5.88433 8.85346 6.59615 1.91639 1.99797 3.25363 1.75588 2.64108 1.5683 2.21846 3.87164 0.930776 0.606483 1.99334 0.462602 0.450643 0.770291 0.308306 0.284501 0.26923 0.329891 0.61425 0.263614 0.505423 0.151475 0.143979 0.104142 0.0926187 0.0852112 0.0957729 0.0796271 0.0794866 0.0374151 0.0347522 0.0309127 0.0247665 0.024831 0.00695597 0.00669784 0.0286716 0.00621124
threshold=35.774984651791584 3.5106816576432718 37.644151884327904 0.025166114783946699 2.1750000000000003 30.785000000000004 1008.4500000000002 29.605000000000004 78.750000000000014 2419.2175000000007 29.855000000000004 -0.39412256970375731 230.35000000000005 30.491875000000007 30.891666666666669 11.850000000000003 34.693719903973793 28.355000000000004 37.500102371530012 77.350000000000009 1006.4500000000002 82.850000000000009 33.124907002094311 500.00000000000006 35.492769440152692 0.81592288006960645 30.975000000000005 4.3150000000000004 80.850000000000009 82.050000000000011 33.184247237366137 0.80688429788804872 35.060102759427586 0.40438772204369383 449.05000000000024 2305.6025000000004 74.050000000000011 0.18009671410624448 0.12500000000000003 0.44500000000000034 1.9313978030735852 35.446378179651006 1.1720234402554912 0.66236315041081062 84.550000000000011
decision_type=2 2 2 2 2 2 2 2 2 2 2 2 2 2 2 2 2 2 2 2 2 2 2 2 2 2 2 2 2 2 2 2 2 2 2 2 2 2 2 2 2 2 2 2 2
left_child=10 2 3 -2 18 6 7 35 -9 -10 15 -12 19 26 -15 32 17 -13 -5 38 36 29 34 24 30 -26 27 -14 -18 31 -24 -17 -1 41 -23 -6 -21 -31 -4 -33 -41 -34 43 -25 -32
right_child=1 -3 12 4 5 -7 -8 8 9 -11 11 16 13 14 -16 21 28 -19 -20 20 -22 22 23 42 25 -27 -28 -29 -30 37 44 39 33 -35 -36 -37 -38 -39 -40 40 -42 -43 -44 -45 -46
leaf_value=-0.010960931952136432 0.00081191090853498856 0.00090563034798628339 -0.001353453610822414 -0.00058917540596077492 0.0005775936855315412 -0.0085929934327186892 0.00038995332375130296 -1.5715386418476272e-05 0.0011255789991719521 -0.00051680874123602417 0.00073082507329597774 -0.0034451969903133302 -0.0022738932553231332 0.00049993859599659345 -0.00043542847932679355 -0.0021369777841383068 -6.9800576811506994e-05 0.0027518312817046702 -0.00021919224760256654 -0.011891025884613897 -0.00019638085019072312 -0.002667780609820993 0.0020493709196094372 -0.00031415123827014708 0.0012621233567260614 -0.00024926416484027643 -0.0008457148444390866 -0.0035497635082224303 0.00014272856776283822 -4.9966917667111058e-05 -0.0013194235617455786 -0.0062113490921885508 -0.0052245159911735381 -4.862166758036693e-05 0.00021942573633081813 -0.0022475052146416988 -0.0020336970118528591 -0.0049913821338039028 -0.0038952855213867095 0.00064538109214922151 -0.00094464120765302517 -0.0028973702026373702 0.00071301927338140027 -0.0025670135579940853 0.00032512991639059818
leaf_weight=4361 271 650 241 703 123 193 238 279 194 220 149 167 296 707 414 975 478 99 432 189 227 355 138 99 106 118 466 287 184 155 168 368 126 105 133 431 297 138 936 165 126 326 111 304 102
leaf_count=4361 143 102 65 323 83 69 94 127 110 92 113 167 100 179 110 955 294 87 172 49 123 355 138 99 98 118 118 115 184 151 168 364 122 89 133 319 161 138 340 165 126 294 111 304 102
internal_value=0.000402694 0.00130991 0.0010076 0.0018985 0.00147131 0.00258958 0.00170448 0.000726245 0.00180065 0.00310477 -0.000324933 0.000760902 0.000300857 0.000859008 0.0017792 -0.000477065 3.66389e-05 0.00132765 -7.92767e-05 -0.000277362 0.000190748 -7.34349e-05 0.000180767 0.000480828 0.000890047 0.00187016 -1.29471e-05 0.000278727 -0.000305877 -0.000350632 5.41402e-05 -0.000471621 -0.000744956 -9.01106e-05 -0.000280079 -0.000405781 -0.00027758 0 -0.000661664 0 0 -0.000427648 0 -7.89606e-05 0
internal_weight=17350 7794 7144 3084 2813 1678 1485 1247 693 414 9556 1077 4060 2170 1121 8479 928 266 1135 1890 713 3561 1634 1146 632 224 1049 583 662 1927 408 1634 4918 557 488 554 486 293 1177 659 291 452 514 403 270
internal_count=12230 2994 2892 1532 1389 894 825 731 329 202 9236 845 1360 622 289 8391 732 254 495 738 333 3525 1626 1138 624 216 333 215 478 1899 408 1610 4866 505 488 402 210 289 405 655 291 416 514 403 270
is_linear=0
shrinkage=0.0296731


Tree=191
num_leaves=42
num_cat=0
split_feature=37 9 10 23 61 55 57 21 37 61 37 61 59 6 43 48 55 48 36 9 63 46 46 53 10 38 57 62 36 40 22 48 63 62 62 10 61 63 10 29 38
split_gain=12.8559 6.71115 11.4309 21.8599 5.13016 3.38391 2.3407 2.97599 4.52152 2.32044 2.00394 2.92185 1.66581 3.40815 1.12082 1.08611 0.379927 0.360172 0.272583 0.463198 0.3484 0.42377 0.396151 0.263216 0.245106 0.143357 0.134967 0.248248 0.120946 0.0969792 0.0855896 0.0666734 0.0887384 0.0610028 0.0405583 0.0926426 0.0122126 0.0100282 0.0254052 0.0117662 0.0068649
threshold=35.758713607420418 0.83827194252655779 -0.39754281428255622 30.785000000000004 0.25500000000000006 1006.85 1005.4500000000002 30.945000000000004 37.821075508258872 4.1150000000000011 37.790445898783894 9.7750000000000004 4.2750000000000012 -0.12940952255126037 30.148541666666667 11.850000000000003 1006.35 8.9500000000000011 0.26864761396028075 -0.2595093939220976 0.39662044456852114 28.615000000000006 29.445000000000004 0.99450000000000005 -0.27608674622158907 0.7818060401510315 1006.7500000000001 34.430699348256404 0.43089272915114041 0.060000000002106542 29.095000000000002 784.30000000000007 1.1043098125372242 35.973586474532318 35.123112925563966 -0.94128245028753155 11.915000000000001 1.4472199269895045 0.94968266440323645 84.550000000000011 1.1870016579528559
decision_type=2 2 2 2 2 2 2 2 2 2 2 2 2 2 2 2 2 2 2 2 2 2 2 2 2 2 2 2 2 2 2 2 2 2 2 2 2 2 2 2 2
left_child=15 6 3 -3 -4 -6 16 9 -9 23 12 -12 -11 -14 -7 34 -2 -18 19 20 21 24 -22 -8 -17 26 -20 -28 -29 40 -21 32 33 -31 -1 -36 -15 -34 39 -39 -27
right_child=1 2 4 -5 5 14 7 8 -10 10 11 -13 13 36 -16 18 17 -19 25 30 22 -23 -24 -25 -26 29 27 28 -30 31 -32 -33 37 -35 35 -37 -38 38 -40 -41 -42
leaf_value=-0.011320456357749168 -0.0027030554566766594 -0.00062433342459836778 -0.0020147332104626216 -0.00012741212617715445 -0.0020973051854342463 3.6033787379524914e-05 -0.0040375897224815748 -0.004517120825842184 -8.1246673674703093e-06 -0.0035990405283392629 0.00018845539072379359 -2.9317335790253612e-05 -0.0014471632202308455 -0.0013424461973606688 -0.00093177647536014333 5.0547007415255647e-05 -0.0035832376730084879 -0.00024961587983129524 -0.0047394008722569407 -0.00096533370294115902 0.0032061957915527784 -0.0045874835727094413 2.1648484671974599e-05 -0.00017190086432476462 0.0032233905438278933 -0.0010945953108123976 -0.0079755305436358653 -3.5916755063180619e-06 0.0029259499731726576 -0.0027271684846244381 -0.004020051961785738 -7.0663558631308581e-05 0.00030013503251677821 -0.00017874368547904877 -0.00012159283292753486 -0.0047420230408962124 -0.0003533404791115504 -0.0015496005581519296 -0.00019563120122867685 -6.7390689250368914e-05 -0.0026720281844533054
leaf_weight=4017 1036 656 1006 862 322 259 933 328 354 530 261 246 168 184 262 147 251 221 276 130 106 282 103 269 113 164 119 127 183 1106 434 204 150 191 211 325 104 333 150 98 129
leaf_count=4017 568 124 358 158 86 123 497 112 110 294 125 94 104 164 82 147 131 105 276 130 98 282 103 133 113 152 119 127 167 1094 366 184 146 119 183 249 88 325 150 98 129
internal_value=0.000365073 0.00121659 0.00224551 0.00416581 0.00060133 0.0023411 0.000482302 0.000927923 0.00271103 0.000430553 0.00123421 0.00278318 0.000312487 0.00170303 0.000587274 -0.000394304 -0.000436703 5.18404e-05 -4.13616e-05 0.000282425 0.000805784 0.000148737 0.00192565 -0.00046931 0.00115219 -0.000210116 3.51851e-05 0.000489656 0.00101527 -0.000325668 -0.000204777 -0.000397723 -0.000450544 -0.000614261 -0.000720291 -0.000114017 0 0 -0.000123025 -0.000268303 0
internal_weight=17350 8252 3367 1518 1849 843 4885 3377 682 2695 1493 507 986 456 521 9098 1508 472 4545 1315 751 542 209 1202 260 3230 705 429 310 2525 564 2232 2028 1297 4553 536 288 731 581 431 293
internal_count=12230 3456 931 282 649 291 2525 1721 222 1499 869 219 650 356 205 8774 804 236 4325 1239 743 542 201 630 260 3086 689 413 294 2397 496 2116 1932 1213 4449 432 252 719 573 423 281
is_linear=0
shrinkage=0.0296731


Tree=192
num_leaves=44
num_cat=0
split_feature=37 58 9 10 19 61 63 10 51 25 1 3 3 33 48 37 27 24 28 25 11 57 9 29 19 18 43 38 2 3 59 63 49 59 48 10 43 31 36 18 59 36 3
split_gain=15.0641 6.62721 8.60934 14.4248 15.2183 4.19159 3.28326 2.74315 3.67055 5.30994 5.44926 2.85118 1.45161 1.54903 1.16392 1.00018 2.56344 0.838401 1.13123 0.6333 1.03211 0.229254 0.269797 0.480274 0.209203 0.197111 0.633122 0.489031 0.558177 0.171174 0.158216 0.138764 0.110559 0.0690878 0.147457 0.0657997 0.317605 0.0439623 0.0388751 0.0176026 0.0135892 0.0054403 0.000333783
threshold=35.758713607420418 5.4850000000000012 0.83827194252655779 -0.39754281428255622 38.787900871040954 0.23500000000000001 2.0374447388174457 -0.62538740722492581 177.06200000000004 29.975000000000005 9.0650000000000031 0.99150000000000016 0.98850000000000005 38.027845321883383 11.850000000000003 37.577565774427967 71.350000000000009 29.295000000000005 69.450000000000017 30.235000000000003 5.5000000000000009 1006.85 -0.84293373149377071 86.350000000000009 38.588978266054255 34.983883514243438 28.811875000000004 0.98449551336047081 636.6500000000002 0.028500000000000004 6.5550000000000006 0.73502620042944511 367.9500000000001 3.3150000000000004 410.40000000000003 0.95748518835503915 28.323541666666671 -1.8012148851395755 1.3983530338569319 35.726475304612379 7.1550000000000011 0.33791986198435958 0.46450000000000008
decision_type=2 2 2 2 2 2 2 2 2 2 2 2 2 2 2 2 2 2 2 2 2 2 2 2 2 2 2 2 2 2 2 2 2 2 2 2 2 2 2 2 2 2 2
left_child=14 2 7 4 -4 -5 -7 8 12 10 -10 15 13 -2 32 16 -11 -3 -19 21 -21 30 23 33 -17 26 31 28 -28 -20 -16 38 37 -23 -35 36 -33 39 -24 -1 -32 -42 -38
right_child=1 17 3 5 -6 6 -8 -9 9 11 -12 -13 -14 -15 19 24 -18 18 29 20 -22 22 25 -25 -26 -27 27 -29 -30 -31 40 35 -34 34 -36 -37 42 -39 -40 -41 41 -43 -44
leaf_value=-0.031392883622502879 -0.0065584096456159924 -0.00021733440612654048 0.00021008635139436899 -0.004577694864902622 -0.0017817317517008534 7.2124699539308874e-05 0.00097042496342382694 -0.0061392642992740458 0.00049058863846199066 0.00042526379659014134 0.001368723826297499 0.00019517374122577874 -0.0014463473895119207 0.00032080505881467266 -0.0023648988537625427 -0.0021485810300908605 -0.00078675143571854602 0.00038979528866146492 2.7553149819750398e-05 -0.0036099958410527387 0.0022072299677341474 -0.0076130763471251306 -0.0026455853094799276 0.001089494744317362 -0.00037908343879944253 -0.0035817268891867875 0.0047076738981733498 -0.00082385056854299165 -1.7524306164843576e-05 -0.001163632963465605 0.00096384358380951574 0.0026877423635620489 -0.0058230516507343979 0.0020743865535691468 -0.0012357438182729347 -0.0063239056655939891 -0.0047608233314683519 -0.0059409209736752998 -0.0019929704640039183 -0.011406161848427446 -0.00032458079104208745 -0.0032998340541757951 -0.00010102778283452302
leaf_weight=196 302 165 550 595 559 493 304 663 272 173 162 248 767 291 861 445 275 188 89 118 161 194 609 135 279 587 138 189 104 1432 163 134 207 109 137 215 141 4051 102 99 129 221 98
leaf_count=196 162 121 114 223 91 177 92 355 180 57 74 104 371 95 801 165 163 52 29 86 149 194 593 135 103 535 130 165 92 728 163 134 199 109 137 215 141 3959 98 95 129 221 98
internal_value=0.000457415 0.00137836 0.00183538 0.00321171 0.00575946 0.00109016 0.00252704 0.000915411 0.0012876 0.00214778 0.00509754 0.00115548 2.58926e-05 0.00120601 -0.000364958 0.000425208 0.00155144 -0.000113998 -0.000368595 -2.2098e-06 0.00133064 -0.000117963 0 0.00060327 -0.000110652 -0.000108728 0 0.00103102 0.00190968 -0.00069379 -0.000435671 -0.000272671 -0.00070075 0 0.000431099 0 0.000300273 -0.000732675 -0.000553981 0 0 -0.00012536 0
internal_weight=17350 8252 6378 2501 1109 1392 797 3877 3214 1854 434 1420 1360 593 9098 1172 448 1874 1709 4545 279 4266 2892 575 724 2317 1730 431 242 1521 1374 1299 4553 440 246 588 373 4346 711 295 513 350 239
internal_count=12230 3456 2526 697 205 492 269 1829 1474 846 254 592 628 257 8774 488 220 930 809 4325 235 4090 2776 575 268 2201 1666 387 222 757 1314 1279 4449 440 246 588 373 4250 691 291 513 350 239
is_linear=0
shrinkage=0.0296731


Tree=193
num_leaves=43
num_cat=0
split_feature=16 9 10 23 57 60 9 63 20 60 55 27 26 38 21 10 10 20 24 10 38 25 49 9 55 29 36 10 21 53 2 3 31 24 16 42 38 60 49 1 0 18
split_gain=14.8157 7.06827 16.3106 25.8479 3.47093 3.76256 3.88798 4.09583 5.41476 2.85246 3.75726 2.21466 1.72018 2.0527 1.33385 1.38476 6.36288 1.27682 0.619711 0.449723 0.542242 2.03309 0.297531 0.383661 0.283502 0.175933 0.313599 0.155996 0.131479 0.0927006 0.0857541 0.0725703 0.065343 0.0501024 0.0448667 0.0440282 0.0388252 0.017509 0.0155504 0.00737961 0.00306334 0.00298148
threshold=36.188200286582358 0.83827194252655779 -0.39754281428255622 30.785000000000004 1005.35 3.6450000000000005 0.30901413279605805 0.075473578249063436 37.644151884327904 0.17500000000000002 1006.85 80.050000000000011 72.050000000000011 0.7818060401510315 28.815000000000001 -0.94128245028753155 -0.9523422988233432 36.488216354227511 29.625000000000004 -0.52705818521824699 0.78958150199847077 29.355000000000004 315.75000000000006 -0.97109105924028405 1006.4500000000002 83.850000000000009 0.40870691307839296 0.94415253529446119 29.585000000000004 0.25650000000000006 669.6500000000002 0.99150000000000016 -1.091884852848114 29.565000000000001 36.547528537260654 0.64113701007977875 0.47626828003423571 4.7750000000000012 431.95000000000005 9.3850000000000033 4.6150000000000011 33.840826998808645
decision_type=2 2 2 2 2 2 2 2 2 2 2 2 2 2 2 2 2 2 2 2 2 2 2 2 2 2 2 2 2 2 2 2 2 2 2 2 2 2 2 2 2 2
left_child=14 4 3 -3 24 12 34 11 -9 33 -11 -8 13 -6 22 16 17 28 -12 36 21 37 30 -24 -2 27 -27 35 41 -29 -1 -14 -25 -4 -7 39 -17 -21 -34 -22 -28 -16
right_child=1 2 9 -5 5 6 7 8 -10 10 18 -13 31 -15 15 19 -18 -19 -20 20 25 -23 23 32 -26 26 40 29 -30 -31 -32 -33 38 -35 -36 -37 -38 -39 -40 -41 -42 -43
leaf_value=-0.0091398040264310271 -0.0022373415934039843 -0.00010667431731287278 -0.0015470252616076557 -0.00012359555163424937 -0.00040537047904134327 0.00011105396787354059 -0.0018853440927935937 0.0004380661504552898 3.5391175066391783e-05 0.0016234584150896867 3.7343792023399696e-05 0.00025104367817056327 -0.0048536136813433035 -0.0031748871030003469 -0.0021609142125687849 -0.0013376747359973397 0.0027456300062391401 9.0471230503536741e-06 -0.00075273187602202377 -0.0012440837849849791 -0.0039677203299289853 0.0028403168337883455 0.0029523663435773542 0.00060881861854748505 -0.00010993498818336399 0.0024759408209157584 -0.0046158316436682723 -0.0056533876253841578 0.0025038895478960636 0.0026976285950212633 -0.0007047671743652202 -0.0021962239245476899 -0.0063662165507478849 -0.0025604733843426421 -0.0082501300932866818 -0.00010544614877512447 -0.00097676807070788945 0.00038164668046273306 -0.0068264820447207402 -0.0048653226451405279 2.986090162688755e-05 -0.0063077279586250395
leaf_weight=3970 1026 600 290 852 322 174 343 329 386 359 216 244 739 320 98 167 132 100 343 235 760 128 132 126 378 120 157 138 124 98 246 277 127 610 246 98 1111 99 444 98 98 490
leaf_count=3966 530 104 78 156 102 174 143 125 170 99 100 104 391 116 98 147 84 80 131 199 748 120 132 126 186 120 157 138 120 98 246 129 127 222 226 98 915 95 444 98 98 490
internal_value=0.000500165 0.00143411 0.00251074 0.0048645 0.000672449 0.00119827 0.00217384 0.00297844 0.00453076 0.000561528 0.0017554 0.000874932 0.000111673 0.00136895 -0.000296363 6.59885e-05 0.001087 0 1.15648e-05 -0.000190074 3.09504e-05 0.000966668 -0.000625153 0 -0.000508662 -0.000170142 0.000215339 -0.000391255 -0.000346773 0 -0.000727821 -0.000567262 -0.000377545 -0.00052575 -4.13606e-05 -0.000578006 -0.000633341 0 -0.000523642 -0.000645911 0 -0.000584456
internal_weight=17350 8054 3270 1452 4784 3380 1722 1302 715 1818 918 587 1658 642 9296 4251 944 812 559 3307 2029 462 5045 829 1404 1567 375 1192 712 236 4216 1016 697 900 420 956 1278 334 571 858 255 588
internal_count=12230 3286 890 260 2396 1680 942 542 295 630 330 247 738 218 8944 3903 872 788 231 3031 1969 414 5041 829 716 1555 375 1180 708 236 4212 520 697 300 400 944 1062 294 571 846 255 588
is_linear=0
shrinkage=0.0296731


Tree=194
num_leaves=40
num_cat=0
split_feature=16 9 10 23 61 55 57 61 21 30 2 53 21 25 10 56 9 24 37 18 55 63 59 53 24 9 10 5 37 4 9 9 2 59 3 25 50 31 41
split_gain=14.3394 7.32117 16.1531 24.9909 4.2544 3.6741 3.16072 3.37458 5.16843 2.68953 2.28973 4.10618 1.20296 1.16819 1.10631 4.25508 1.34921 1.08223 0.410697 0.405448 0.386178 0.302304 0.632413 1.07184 0.483306 0.278733 0.279652 0.264385 0.179487 0.154133 0.140695 0.127584 0.104351 0.0985727 0.0726992 0.0659877 0.0587822 0.0208708 0.0145764
threshold=36.126691704743742 0.83827194252655779 -0.39754281428255622 30.785000000000004 0.23500000000000001 1006.85 1005.4500000000002 2.3350000000000004 30.945000000000004 83.050000000000011 23.200000000000006 0.98950000000000016 28.815000000000001 31.055000000000003 -0.94128245028753155 1008.4500000000002 -0.2008886948310977 29.625000000000004 34.844619900391763 37.138463995738213 1006.35 0.63891252823810885 3.1650000000000005 0.33250000000000007 28.235000000000003 -0.96230016621822456 0.1159303052754759 -0.5 34.349024035967908 1008.2500000000001 -0.59817537509284324 -0.97873101657557326 669.6500000000002 6.495000000000001 0.99850000000000005 28.315000000000001 516.85000000000014 0.75242280825687058 29.237500000000004
decision_type=2 2 2 2 2 2 2 2 2 2 2 2 2 2 2 2 2 2 2 2 2 2 2 2 2 2 2 2 2 2 2 2 2 2 2 2 2 2 2
left_child=12 6 3 -3 -4 -6 20 13 9 10 29 19 25 -8 15 16 -14 -7 21 -12 -2 28 37 -24 -25 26 31 -22 35 -9 -30 -1 36 -18 -20 -16 38 -23 -27
right_child=1 2 4 -5 5 17 7 8 -10 -11 11 -13 14 -15 18 -17 33 -19 34 -21 27 22 23 24 -26 32 -28 -29 30 -31 -32 -33 -34 -35 -36 -37 -38 -39 -40
leaf_value=-0.010565479103355101 -0.0024692648708420934 -0.00016276603900381893 -0.0024429126590667779 -0.00011992808747502667 -0.0025889357388923845 4.4109946660390743e-05 -0.0023224064554795481 -0.0020158962291867495 -0.0025266994596499343 0.00015028274855480333 -0.0027642966846068979 -0.0016643577096672199 7.4308474271730701e-05 0.0001647092794724698 -0.00071617399719105213 0.004699447647161137 -0.0043923592506810829 -0.0009279357614793729 -0.0024612102002112297 -2.2281426803077705e-05 -0.0049321606311528649 -0.0041801085013893572 -7.3154912435943056e-05 -0.00018457641199477219 0.0034257842812514647 -0.0088385924885714829 0.0033300499372857654 -0.00034926964034190058 0.00057610850675927981 0.00015473007840030784 -0.010717542998122583 0.00037682819205863435 -0.00045546256741593836 -0.00078864561254240334 -0.00060664857710026774 -0.0020307083242164913 -0.0037363511513680897 -3.7182523854712055e-05 -0.0080493885653065943
leaf_weight=438 1043 610 948 852 337 222 891 572 281 269 357 308 175 339 122 113 535 319 1198 193 221 269 262 120 122 3898 105 245 168 179 133 126 214 100 118 579 162 107 100
leaf_count=438 551 106 332 156 85 102 431 304 101 165 261 160 159 91 122 85 515 119 994 105 113 269 262 120 114 3894 105 117 168 83 125 126 214 96 118 555 162 107 100
internal_value=0.000491615 0.00139664 0.00249214 0.00482521 0.000555176 0.00207782 0.000636097 0.00114898 0.00185637 0.00120954 0.000657745 0.00173296 -0.000303997 0 4.57604e-05 0.000971539 6.16842e-05 0.000314468 -0.000184773 0 -0.000437003 3.98209e-05 0.00049059 0.00122284 0.00263816 -0.000613286 0 6.39075e-05 -0.000237786 -0.000414289 9.37722e-05 -0.000309555 -0.000699781 -0.000420786 -0.000595731 -0.000549201 -0.000732765 -0.000177912 -0.00075606
internal_weight=17350 8186 3288 1462 1826 878 4898 3389 2159 1878 1609 858 9164 1230 4121 923 810 541 3198 550 1509 1882 880 504 242 5043 669 466 1002 751 301 564 4374 635 1316 701 4160 376 3998
internal_count=12230 3382 900 262 638 306 2482 1701 1179 1078 913 526 8848 522 3809 855 770 221 2954 366 781 1842 872 496 234 5039 669 230 970 387 293 564 4370 611 1112 677 4156 376 3994
is_linear=0
shrinkage=0.0296731


Tree=195
num_leaves=45
num_cat=0
split_feature=37 2 63 38 37 9 9 9 54 44 39 52 44 9 40 48 29 3 1 57 37 18 59 43 49 55 43 36 59 62 44 49 9 9 43 31 59 62 3 43 9 51 60 39
split_gain=18.2116 8.34086 7.40203 4.75325 5.2882 5.54073 6.33576 12.1919 6.24495 2.86342 2.36291 6.5284 8.22262 1.62174 1.15501 1.14312 0.563204 0.742798 0.341544 0.311411 0.566815 0.773076 0.719737 0.812249 0.276499 0.328092 0.779316 0.211077 0.207012 0.188258 0.13585 0.126058 0.0936846 0.091776 0.0822286 0.0725331 0.0498061 0.0470238 0.0149312 0.0109747 0.00436572 0.00298493 0.00235655 2.37053e-05
threshold=35.758713607420418 31.350000000000005 3.5106816576432718 1.0499874087189152 39.393873757161565 0.45206801762443477 0.95747632178960107 0.83827194252655779 0.99350000000000016 0.93969920773418392 30.309999999999999 0.88750000000000007 0.58088099880063515 0.69636977696931246 0.092915732435231504 11.850000000000003 82.550000000000011 0.96950000000000014 0.58500000000000008 1007.35 32.832423392918066 35.013319651042686 2.9950000000000006 29.090625000000006 43.850000000000001 1008.4500000000002 28.551666666666669 0.21147161590068833 6.5550000000000006 37.916532412416849 0.26882055853076592 367.9500000000001 -0.95747632178960107 -0.72660079619119988 28.786458333333336 1.9291493354927083 6.9650000000000007 34.588489625800996 0.81950000000000001 28.841250000000006 -0.81403855522663837 18139.055000000004 2.8750000000000004 29.136666666666667
decision_type=2 2 2 2 2 2 2 2 2 2 2 2 2 2 2 2 2 2 2 2 2 2 2 2 2 2 2 2 2 2 2 2 2 2 2 2 2 2 2 2 2 2 2 2
left_child=15 9 3 4 5 27 7 8 13 10 11 12 -2 -7 -5 30 17 -13 -14 28 35 22 38 24 -24 34 -27 -3 32 -12 37 -32 -17 -23 40 41 -30 -1 -22 -38 -26 -21 -29 -41
right_child=1 2 -4 14 -6 6 -8 -9 -10 -11 29 16 18 -15 -16 19 -18 -19 -20 20 21 33 23 -25 25 26 -28 42 36 -31 31 -33 -34 -35 -36 -37 39 -39 -40 43 -42 -43 -44 -45
leaf_value=-0.0078467650353967536 0.00042630519320004708 -0.00046918443484237162 0.0012657521313574687 0.00012686547986805739 -0.0024861632336070521 -0.0025987800574428991 5.9275246980664047e-05 0.00040840548311744343 0.00034672845241167841 0.00058079268976026725 -0.0011729099739834995 0.00057983964788951587 -0.0037299442444429579 -0.0014659945763806363 -0.00098311980669020353 -0.0002502488569435979 -0.00069583464813224578 -0.0023701550562320113 0.00079788133427743306 -0.0071162276786227597 -0.00071802077440112167 -2.0192858344362047e-05 -0.00015833171150690821 0.0039717898709818455 0.00014194925813741557 0.0031256007312276783 -4.8881296169928306e-05 -0.0011521760588135913 0.0011073624400462266 -0.00054871652245366495 -0.0064477222158053349 -0.0056015018987017259 -0.0025045338853718893 -0.0031935513777671676 -0.00010579419841330148 -0.00010577472979279592 -0.002921174613505721 7.9834255688752446e-05 0.00035338446454037133 0.00044615060184463346 -0.00087601603709627502 -9.0475787606608191e-05 -0.0053259191401047231 -0.0091251241964855727
leaf_weight=222 242 135 528 265 444 424 582 440 402 232 1189 148 185 377 635 197 151 1059 138 488 229 143 229 142 115 99 111 118 118 328 4008 203 938 471 113 215 219 120 141 98 187 147 230 145
leaf_count=222 98 115 76 113 144 172 154 100 146 92 365 92 133 129 215 197 103 715 70 488 213 143 221 122 115 99 111 110 118 96 3924 195 854 403 113 215 219 108 133 98 171 147 218 145
internal_value=0.000549756 0.0015617 0.00241268 0.00193529 0.00247805 0.00297507 0.00360009 0.00455717 0.00285306 0.000467005 0.000213678 0.000929291 0.00361051 0.00114345 0 -0.000355177 -0.000103144 -0.000397443 0.000118437 0 0.000168552 0.000472831 0.000889258 0.00131095 0.000775051 0.00109909 0.00219181 0 -0.000335861 -0.000615155 -0.000687722 -0.00073467 -0.00057496 -0.000260375 0.000251575 -0.000399939 0 0 0 0 0 -0.000560447 -0.000290362 0
internal_weight=17350 8252 4580 4052 3152 2708 2225 1643 1203 3672 3440 1923 565 801 900 9098 1358 1207 323 4545 2830 1980 1366 996 854 625 210 483 1715 1517 4553 4211 1135 614 415 850 580 342 370 462 302 635 348 243
internal_count=12230 3456 1692 1616 1288 1144 701 547 447 1764 1672 1211 301 301 328 8774 910 807 203 4325 2694 1844 1298 952 830 609 210 443 1631 461 4449 4119 1051 546 399 850 580 330 346 462 286 635 328 243
is_linear=0
shrinkage=0.0296731


Tree=196
num_leaves=45
num_cat=0
split_feature=16 58 52 39 63 63 43 55 61 22 8 52 32 44 25 59 26 57 44 17 22 5 20 44 44 53 49 18 44 63 36 59 21 36 56 31 34 49 51 20 17 31 58 50
split_gain=14.7605 6.60374 7.41389 4.87803 7.36149 6.74535 7.75298 7.2255 2.77284 8.03449 2.15469 2.00117 1.57047 1.40293 1.09709 0.899266 1.51116 0.639307 1.42741 2.73664 0.487637 0.408561 0.380758 0.214484 0.697646 0.635947 0.258847 0.436871 0.189682 0.205453 0.147481 0.132418 0.121774 0.100283 0.0496973 0.0462415 0.0552639 0.0354837 0.0249469 0.0242647 0.0119942 0.00496326 0.00441469 0.00138509
threshold=36.075769168063282 5.4450000000000012 0.98250000000000004 30.309999999999999 3.5106816576432718 -0.23277119792674125 30.433333333333341 1009.0500000000001 2.3350000000000004 30.785000000000004 0.1294095225512602 0.99250000000000005 0.46000000000000268 0.67948603207676783 28.995000000000001 6.495000000000001 79.550000000000011 1006.6500000000002 0.38945323201733079 35.730780608091436 31.970000000000002 0.60355339059327384 38.69963449484694 0.81627356700801623 0.71150063396796737 0.49750000000000005 307.15000000000003 34.626094694190769 0.27847914455724843 -1.0051188447307806 0.47257123564085418 6.7350000000000012 29.245000000000001 0.45097036857180001 1009.9500000000002 0.092589957553677507 0.73691825408161227 206.45000000000002 22357.307500000003 35.421377822757655 36.192062118584126 -0.069943879720938171 7.2150000000000007 407.76666666666694
decision_type=2 2 2 2 2 2 2 2 2 2 2 2 2 2 2 2 2 2 2 2 2 2 2 2 2 2 2 2 2 2 2 2 2 2 2 2 2 2 2 2 2 2 2 2
left_child=14 2 3 5 8 -2 7 30 12 -10 11 -4 22 -14 21 20 -17 31 19 39 -3 28 -5 24 26 -26 34 -28 29 -1 -7 43 35 -12 -20 -23 -37 42 -25 -19 -30 -29 -33 -16
right_child=1 15 10 4 -6 6 -8 -9 9 -11 33 -13 13 -15 17 16 -18 18 23 -21 -22 32 -24 38 25 -27 27 41 40 -31 -32 37 -34 -35 -36 36 -38 -39 -40 -41 -42 -43 -44 -45
leaf_value=0.0020790869585079652 0.00056103530610763315 -0.00082350253042458494 -2.4273401003610939e-05 -0.0013870454721941498 0.0013672195582946265 -0.0023080427669994455 0.00065006326315257415 0.00015221804372287832 -6.8183806639799559e-05 0.0059918944604813061 -0.0025352800609400069 0.00044950926978024459 0.00022467630225019624 -0.00078868467487682435 -0.0023135393659752465 -0.0016350892374703933 0.00052445097597076773 0.00043207239683365565 -0.00094500207039859311 0.00015250217372646328 0.00029174560800054861 0.00022209452608002152 6.9263164232019901e-05 -0.0042091752674303529 -5.074879417092858e-05 0.0047412389928596964 0.0017364740466796018 -0.0072415929873413743 -0.0084814313469372491 -0.0049427375425903693 -4.6727929104362465e-05 -0.0025633694828307019 0.0014837569441654461 0.00045348105553750102 -6.4689392336371199e-05 -0.0019619383977875181 -0.00027835865575628053 0.0005166764303723172 -0.00018640095282678804 -4.3103260707945516e-06 -0.0065099799663366356 0.00053516424424012539 -0.0043502196683936328 -0.0030175722074719307
leaf_weight=133 344 1245 289 673 467 451 314 158 411 328 903 331 365 481 717 261 208 111 416 110 233 136 449 408 105 98 169 164 4412 307 231 98 135 156 209 385 126 107 100 114 100 107 181 104
leaf_count=125 112 585 125 233 79 327 130 86 159 124 459 163 97 109 629 153 152 107 372 86 45 136 113 388 105 98 157 152 4396 303 155 98 127 72 205 385 126 107 96 106 100 75 181 92
internal_value=0.000495035 0.00140154 0.00186565 0.00247464 0.00174475 0.00393655 0.0026781 0.00101407 0.00109277 0.0026743 9.91605e-05 0.00154415 0.000435954 0.00142031 -0.000322964 -5.17343e-05 0.00100204 7.55043e-05 0.000416424 0.00219329 -0.000467601 -0.000574223 -0.000201852 1.18271e-05 0.000279093 0.00186344 0 0.000522421 -0.000674081 0 -0.000149526 -0.000421979 0 -0.000636258 -0.000413304 -0.000109607 -0.000307411 0 -0.00042026 0 -0.000731894 0 -0.000143281 -0.000634934
internal_weight=17350 8298 6351 4672 3174 1498 1154 840 2707 739 1679 620 1968 846 9052 1947 469 3318 2111 335 1478 5734 1122 1776 1268 203 1065 440 4952 440 682 1207 782 1059 625 647 511 386 508 225 4512 271 279 821
internal_count=12230 3478 2543 1724 914 810 698 568 835 283 819 288 552 206 8752 935 305 3054 1947 299 630 5698 346 1648 1164 203 961 384 4924 428 482 1107 774 531 577 647 511 386 484 213 4496 227 279 721
is_linear=0
shrinkage=0.0296731


Tree=197
num_leaves=45
num_cat=0
split_feature=16 9 9 23 60 56 60 9 25 5 55 57 29 58 29 49 17 0 38 9 5 9 11 16 62 5 43 3 17 57 28 35 57 62 29 36 58 29 51 9 9 31 1 38
split_gain=13.0294 5.95148 10.2604 21.2172 3.71031 3.207 3.54841 3.70148 4.16112 6.62573 2.60654 2.39686 2.12575 1.85282 1.61296 1.2139 0.958055 1.72662 2.05306 0.380282 0.366462 0.507094 0.322341 0.2038 0.200621 0.208398 0.18957 0.353507 0.340941 0.174372 0.0640438 0.061183 0.049568 0.0401107 0.0767341 0.221978 0.119963 0.0281249 0.0184285 0.0156932 0.00955855 0.0387801 0.00908319 0.000916436
threshold=36.075769168063282 0.83827194252655779 0.91585580712236381 30.785000000000004 0.17500000000000002 1004.9500000000002 3.5950000000000002 0.30901413279605805 30.015000000000004 -0.37940952255126059 1006.85 1008.4500000000002 77.65000000000002 3.8350000000000004 80.750000000000014 6.1500000000000012 35.730780608091436 4.8350000000000009 0.87291815411011564 -0.85206963063867713 0.37940952255126054 -0.97109105924028405 11.500000000000002 39.750311088942034 35.098606755505038 0.60355339059327384 28.754791666666669 0.90050000000000019 35.013319651042686 1007.5500000000001 84.350000000000009 36.485312565685334 1007.4500000000002 35.16637095758599 82.950000000000017 0.45390866798672141 4.5650000000000004 84.050000000000011 20489.567000000006 0.98521098335796142 0.30081702196488996 1.0285738829429791 5.8950000000000005 1.0130018378965031
decision_type=2 2 2 2 2 2 2 2 2 2 2 2 2 2 2 2 2 2 2 2 2 2 2 2 2 2 2 2 2 2 2 2 2 2 2 2 2 2 2 2 2 2 2 2
left_child=15 5 3 -3 32 -2 11 19 9 -9 -6 23 -10 -14 -12 24 20 42 -19 -8 21 -17 -23 31 25 39 33 43 -29 30 -26 -7 -4 34 38 36 -36 -21 -22 -1 41 -27 -18 -28
right_child=1 2 4 -5 10 6 7 8 12 -11 14 -13 13 -15 -16 16 17 18 -20 37 26 22 -24 -25 29 40 27 28 -30 -31 -32 -33 -34 -35 35 -37 -38 -39 -40 -41 -42 -43 -44 -45
leaf_value=-0.010565993440045029 -0.004897998198086514 -0.00041976166693179478 -0.0024845756072320508 -0.00010536743805946618 0.0016651325227856062 -0.001719753578302297 0.00058413577483767346 0.00015666990663664528 -0.0012481022196863068 0.0007533195938412724 -0.0011820104288212674 0.00018604000963826987 -4.0020082559074573e-05 -3.8259728987728575e-05 5.1586068454501084e-05 -0.0002185045459048667 -0.0040406744072448465 0.00012927577136163064 -0.0071151709054121494 -0.0071103990425466527 -0.0028446798113023241 -0.0047276164665698223 0.0006688858668174733 -7.5743569882500385e-05 -0.0029854638762150626 0.00051707373469435326 -0.00029645691532713685 0.0024837183195466125 -5.0413263471156242e-05 0.0022706511921946507 -0.0050010643362978675 -0.003978859638643628 -0.0013485760029620264 -0.0015247070883619587 0.0038576231851163386 -0.00047698353767293964 9.9724604053259339e-05 -0.0021447967910799299 -3.4982443120113327e-05 -0.004964391673480519 0.00056431916489441906 -0.0040159859146102614 0.00046913601973180673 -0.00044286337305779293
leaf_weight=3453 1025 641 605 852 360 259 114 374 319 269 324 438 236 279 245 162 177 131 139 379 250 1614 159 223 390 106 161 203 186 146 178 964 290 237 108 212 98 102 135 103 165 293 100 146
leaf_count=3453 561 129 217 156 100 183 114 154 139 93 148 182 92 123 89 162 145 99 131 339 250 1558 159 59 338 106 161 179 186 98 174 420 78 221 108 212 98 102 135 99 165 293 96 126
internal_value=0.000471095 0.00132289 0.00231062 0.00415112 0.000735473 0.000640448 0.0010368 0.00188574 0.00268127 0.00453782 0.0020746 3.88349e-05 0.00109869 0.00232493 0.000567021 -0.000296746 4.53415e-05 0.00121949 0.00292908 0 -9.78927e-05 -0.000398808 -0.00058796 -0.000478752 -0.000619726 -0.000702445 0.000169136 0.000556959 0.00116137 0 -0.000365649 -0.000646028 -0.00052372 0 0 0.000384594 0.00111187 -0.000455397 -0.000117864 -0.000789432 0 -0.000144801 -3.17309e-05 0
internal_weight=17350 8298 3317 1493 1824 4981 3956 2072 1477 643 929 1884 834 515 569 9052 4218 547 270 595 3671 1935 1773 1446 4834 4120 1736 696 389 714 568 1223 895 1040 803 418 206 481 385 3556 564 399 277 307
internal_count=12230 3478 917 285 632 2561 2000 1156 601 247 337 844 354 215 237 8752 4026 471 230 555 3555 1879 1717 662 4726 4116 1676 652 365 610 512 603 295 1024 803 418 206 441 385 3552 564 399 241 287
is_linear=0
shrinkage=0.0296731


Tree=198
num_leaves=48
num_cat=0
split_feature=37 58 9 10 19 61 63 10 9 29 56 30 26 1 61 20 24 63 57 58 52 49 4 3 3 57 63 19 50 24 52 49 26 2 46 23 23 49 49 39 29 29 42 56 28 7 31
split_gain=12.8886 6.17316 7.27246 11.9616 11.8241 4.19159 3.28326 3.17422 10.3586 3.43789 3.25749 2.40335 4.08713 3.73568 1.65882 0.986254 0.838401 0.917415 0.805248 1.36975 1.85525 0.387698 0.623999 0.720676 1.01552 0.876147 0.896921 0.254171 0.235705 0.204407 0.173109 0.163924 0.100555 0.0905688 0.0885242 0.0848056 0.0527772 0.0280057 0.0814141 0.0179694 0.0170483 0.0161756 0.0230105 0.00978752 0.00845298 0.00638307 0.00156769
threshold=35.758713607420418 5.4850000000000012 0.83827194252655779 -0.39754281428255622 38.787900871040954 0.23500000000000001 2.0374447388174457 -0.65187484896379921 0.73248728852523659 77.350000000000009 1004.9500000000002 75.950000000000017 82.250000000000014 3.2850000000000006 2.4750000000000005 33.819078299855981 29.295000000000005 3.7559798047152211 1006.85 6.6750000000000007 0.99250000000000005 37.650000000000013 1007.7500000000001 0.47350000000000003 0.99250000000000005 1008.7500000000001 1.2369165309682055 36.850704447239146 377.75833333333355 28.395000000000003 0.98850000000000005 578.65000000000009 78.250000000000014 633.85000000000002 31.025000000000002 28.345000000000002 28.885000000000002 292.90000000000003 563.25000000000011 29.425000000000001 86.750000000000014 80.750000000000014 0.78899064144871633 1011.0500000000001 84.350000000000009 -0.91597561503675329 1.1419943773491783
decision_type=2 2 2 2 2 2 2 2 2 2 2 2 2 2 2 2 2 2 2 2 2 2 2 2 2 2 2 2 2 2 2 2 2 2 2 2 2 2 2 2 2 2 2 2 2 2 2
left_child=15 2 7 4 -4 -5 -7 8 9 27 -11 14 13 -13 -12 28 -3 34 29 21 -21 32 30 43 25 -25 -27 -2 33 37 36 -9 46 39 -18 44 -23 -17 -39 40 -1 42 -30 -24 -31 -43 -20
right_child=1 16 3 5 -6 6 -8 31 -10 10 11 12 -14 -15 -16 18 17 -19 19 20 -22 22 23 24 -26 26 -28 -29 41 35 -32 -33 -34 -35 -36 -37 -38 38 -40 -41 -42 45 -44 -45 -46 -47 -48
leaf_value=-0.011326185324372975 -0.00099828972742370056 -0.00029867143303064842 0.00015930222577545654 -0.0040362935080736507 -0.0015106493960656293 0.00011181329772450267 0.00090095523651257542 -0.00386879689992254 -0.00034600893366128394 -0.0018877304289005717 0.00018410379615320382 0.00045039267211530464 -0.00086617860074460554 -7.3931074678125804e-06 -0.0020672570268188708 -0.0024344530843013971 -0.0014701035212462364 -9.2501065656676359e-05 0.0022833537421767074 -0.0029045207671151065 0.0041109260199832355 -9.2107204000035239e-05 -0.0054756693908401457 0.002686093567355434 -0.0016973526370503724 -0.00069241415994000539 0.0023928129752569301 -0.0021070590527837922 -0.00078738804127463776 -0.0022658708884632029 0.00021902847339453922 -0.00048180348825230414 -0.0043879304867277145 -0.0034132635967303953 -0.0021535715935780569 -0.0044767383142250003 -0.0060442059167570093 7.4421581083391512e-05 -0.0087288819535874095 -0.0066687262539400546 -0.0041020922864490909 -0.0044262236489453904 -0.00091737823812088005 0.00019409897924257575 0.0009174750525730213 0.0023151226369808008 -0.0003336402304339425
leaf_weight=3014 265 165 550 595 559 493 304 747 239 366 224 214 193 366 332 194 1304 224 150 113 108 197 178 131 150 155 105 772 233 174 188 159 626 185 181 1551 463 114 103 98 101 114 109 102 128 132 182
leaf_count=3014 121 121 114 223 91 177 92 399 83 218 100 110 133 162 144 190 724 40 138 113 92 189 174 115 138 139 101 280 225 170 184 79 622 185 45 1455 391 102 99 90 101 114 109 102 128 132 162
internal_value=0.000472805 0.00132444 0.00176562 0.00303391 0.00535897 0.00109016 0.00252704 0.000915411 0.00139573 0.000825049 0.00166317 0.00236509 0.00347471 0.00471739 0.000600946 -0.000286703 -0.000113998 -0.000368595 0 0.000318019 0.00257136 8.10144e-05 0.000389135 0.00098594 0.00162503 0.00243321 0.00081294 -0.000431045 -0.000636619 -0.000430862 -4.98539e-05 -0.000528158 -0.000331483 -0.000732392 -0.000689037 -0.000569005 -0.000393706 0 0.000335251 -0.000769455 -0.000784697 0 -0.000193753 0 0 7.27247e-05 0
internal_weight=17350 8252 6378 2501 1109 1392 797 3877 2971 2732 1695 1329 773 580 556 9098 1874 1709 5112 2848 221 2627 1669 821 541 391 260 1037 3986 2264 848 906 958 3398 1485 1853 660 411 217 3213 3115 588 342 280 302 246 332
internal_count=12230 3456 2526 697 205 492 269 1829 1351 1268 867 649 405 272 244 8774 930 809 4804 2660 205 2455 1533 769 493 355 240 401 3970 2144 764 478 922 3390 769 1753 580 391 201 3205 3115 580 334 276 298 246 300
is_linear=0
shrinkage=0.0296731


Tree=199
num_leaves=41
num_cat=0
split_feature=62 10 10 23 57 60 35 56 3 60 59 57 25 31 53 0 62 43 57 48 43 54 38 26 38 38 49 42 21 49 59 52 55 26 38 22 23 17 30 19
split_gain=14.4427 5.74804 14.1967 18.055 3.63939 4.00117 4.19151 3.60652 6.59926 3.00782 3.54251 2.21461 1.6799 2.15691 4.75552 1.19169 1.03423 2.06771 0.932521 0.771961 0.610346 0.309489 0.18157 0.213349 0.197428 0.252826 0.368822 0.185394 0.127689 0.123429 0.0874716 0.0762255 0.070157 0.0386264 0.0244148 0.0217137 0.0285379 0.0209271 0.0141585 0.0114294
threshold=35.774984651791584 -0.54160775828284857 -0.39754281428255622 30.785000000000004 1005.35 3.5950000000000002 36.957276670080041 1007.2500000000001 0.99150000000000016 0.17500000000000002 4.5050000000000008 1008.4500000000002 29.485000000000003 -0.39412256970375731 0.94850000000000001 4.3150000000000004 34.693719903973793 29.223541666666669 1007.5500000000001 69.40000000000002 29.80895833333334 0.99650000000000005 0.62829325763358768 77.950000000000017 1.0844909365711615 1.2989282556622659 431.95000000000005 0.10835896886983611 29.205000000000002 171.45000000000002 3.5250000000000004 0.41050000000000003 1009.5500000000001 81.750000000000014 2.1493833645328269 29.585000000000004 28.905000000000005 34.788202531244188 83.950000000000017 32.065205026643568
decision_type=2 2 2 2 2 2 2 2 2 2 2 2 2 2 2 2 2 2 2 2 2 2 2 2 2 2 2 2 2 2 2 2 2 2 2 2 2 2 2 2
left_child=12 4 3 -3 21 11 18 8 -8 -4 -11 20 19 14 -14 -9 17 39 -7 29 -6 30 23 -21 27 26 -26 33 -18 -1 -2 -22 -30 -24 -27 36 -31 -25 -29 -15
right_child=1 2 9 -5 5 6 7 15 -10 10 -12 -13 13 16 -16 -17 28 -19 -20 22 31 -23 24 37 25 34 -28 38 32 35 -32 -33 -34 -35 -36 -37 -38 -39 -40 -41
leaf_value=-0.006913353864670747 -0.00062909988447880209 -5.1499048893242776e-05 -0.0022766595675685931 1.6757726516003345e-06 -4.270165023771293e-06 -0.0014694433509689915 0.00099436357780862891 -7.7691760923260991e-05 3.2337765860760049e-05 -0.00038221061727419526 0.001572028891657911 0.00020233379544958444 2.6170098987506521e-05 -0.0049405227244935747 -0.0089395492767953433 0.00022981105521832461 0.00018749882585582679 0.0021940874199763249 0.0046157700815264774 -0.00044090855079691941 -0.0012414286231611546 -0.00058073358803509278 -0.0043795976184431203 0.0025677879449818746 0.00057745310803033946 -0.00061647763542138504 -0.00018519362327707841 -0.0036946916398825072 -0.0011226418908811065 -0.00060648950677247683 -0.0041152293954284831 -0.0029847482375445688 -0.00065808709653077872 0.00058566554658657588 -0.00010728642735269101 0.0003676976061890363 -0.0051911937847533875 0.00087260373923740697 -0.0052547573779257893 0.00011915165212417176
leaf_weight=4380 170 602 824 792 225 414 366 254 237 317 379 402 142 217 166 276 156 157 168 130 235 226 126 98 164 445 216 793 866 172 1030 877 122 100 165 99 432 115 143 152
leaf_count=4364 58 114 248 144 173 290 158 90 105 105 103 138 98 217 166 116 156 141 96 130 87 138 126 98 160 441 204 789 682 172 502 329 86 100 165 99 432 115 143 152
internal_value=0.000496745 0.00144692 0.00250873 0.00467853 0.000787586 0.00131667 0.00234183 0.00339746 0.00504351 0.000436381 0.00191656 0.00023547 -0.000265949 0.000474207 0.0027483 0.00128685 0 0.00113486 7.76256e-05 -0.000474935 -0.000268036 -0.00041067 0 0.000575493 -0.00014529 6.84364e-05 0.000744066 -0.000429368 -0.000448016 -0.000685483 -0.000641358 -0.000621708 -0.000588093 0 -0.000159354 -8.74447e-05 -0.000201056 0.00118456 -0.000634595 0
internal_weight=17350 7794 2914 1394 4880 3454 1715 1133 603 1520 696 1739 9556 1978 308 530 1670 526 582 7578 1337 1426 2495 343 2152 990 380 1162 1144 5083 1200 1112 988 226 610 703 604 213 936 369
internal_count=12230 2994 714 258 2280 1582 855 469 263 456 208 727 9236 1698 264 206 1434 510 386 7538 589 698 2471 343 2128 970 364 1158 924 5067 560 416 768 226 606 703 604 213 932 369
is_linear=0
shrinkage=0.0296731


Tree=200
num_leaves=51
num_cat=0
split_feature=33 2 58 9 25 10 9 20 40 31 28 26 30 50 4 59 57 7 61 53 34 28 43 62 51 31 30 2 62 27 50 30 29 58 19 19 19 10 45 20 2 7 51 58 9 1 4 1 2 23
split_gain=14.6556 6.42856 5.76307 4.70754 6.37481 5.14991 10.3804 3.81021 2.10959 1.46689 1.31569 1.01097 2.7818 0.907263 0.844123 1.96411 0.59842 0.403268 0.611957 0.397374 0.255261 0.41832 0.29681 0.534653 0.273504 0.552332 0.502663 0.240617 0.210247 0.209832 0.185058 0.168214 0.141519 0.0863595 0.175037 0.257545 0.0794823 0.0788973 0.0594985 0.108163 0.200098 0.0503465 0.0522362 0.045547 0.0457338 0.0347745 0.032558 0.0266243 0.0233274 0.00459834
threshold=35.688709648620353 37.650000000000013 5.4050000000000011 0.45206801762443477 30.015000000000004 -0.30081980763566762 0.86529924138975434 37.644151884327904 0.020000000006725954 0.64825370329959153 79.950000000000017 79.550000000000011 77.550000000000011 63.608333333333412 1005.9500000000002 5.245000000000001 1007.4500000000002 -0.5 0.095000000000000015 0.14450000000000002 0.31566848502923733 80.550000000000011 29.191041666666671 35.293956624873552 10004.604000000001 -0.24953803915213155 83.950000000000017 217.65000000000001 35.123112925563966 77.950000000000017 516.85000000000014 83.050000000000011 81.550000000000011 4.4350000000000014 33.333856699708967 31.892381067539713 35.797838238238263 -0.94128245028753155 2347.1445000000008 34.728861478261535 680.95000000000016 -0.37940952255126059 5260.920000000001 3.1950000000000007 0.83827194252655779 4.0550000000000006 1008.4500000000002 1.6050000000000002 448.30000000000007 29.745000000000001
decision_type=2 2 2 2 2 2 2 2 2 2 2 2 2 2 2 2 2 2 2 2 2 2 2 2 2 2 2 2 2 2 2 2 2 2 2 2 2 2 2 2 2 2 2 2 2 2 2 2 2 2
left_child=13 8 3 27 -5 6 7 -6 -2 11 16 29 -13 28 -14 31 -9 18 -4 -7 21 22 32 -24 25 -23 -27 -3 41 36 43 -16 48 34 35 -34 -10 -30 39 -26 -41 -1 49 -22 -45 -19 -32 -29 -15 -43
right_child=1 2 17 4 5 19 -8 10 9 -11 -12 12 14 20 15 -17 -18 45 -20 -21 30 24 23 -25 38 26 -28 47 37 -31 46 -33 33 -35 -36 -37 -38 -39 -40 40 -42 42 -44 44 -46 -47 -48 -49 -50 -51
leaf_value=-0.0023403186861981665 0.00040996032154247956 -0.00018929852026982921 -0.0024317571518447643 0.00058432690613073395 -0.0028415172705368343 -0.00078382164445087285 0.0023342973375570161 -0.0021208768156168564 -0.0035848955998606857 -0.00011269531003806704 0.00020504332580807997 0.00028734526125691676 -0.0021533451702088267 -0.0046319696381383882 -0.00093220284309942787 0.00013568332511836869 8.6624129661196631e-05 -0.0010036271241578233 0.0004513634791978455 -0.00028226755340657463 -0.00045910413598862021 -0.00094862028593337383 0.0023086067728349622 -0.0020570713359724523 -0.00015162526916170186 0.0019396853384880226 -0.00013172621989647189 -0.00073290064142670047 -0.00053224782696836587 -7.7003981474526591e-05 0.0013140298361580024 -0.00025518697215972264 -0.00014455217264486229 -0.0049733470040961326 -0.0064822034981088994 0.0039361498193093772 -0.0019287483601281566 -0.0013899506853712025 -0.0021352236293646003 0.00052837789660553115 -0.0003759549688474715 -0.011733060050049903 -0.0025036293679505054 -0.0015302536100805623 -4.0654476074688793e-05 -0.0023552104688954823 -0.00077625007616876165 -0.0044644071882694817 -0.00075609055136885428 -0.0052134805936424064
leaf_weight=230 408 144 159 426 402 329 673 475 246 356 341 246 706 673 410 224 306 410 277 386 283 128 140 124 151 187 102 143 177 238 103 177 107 240 102 100 1128 235 195 115 113 3311 118 886 103 142 142 292 126 115
leaf_count=230 184 120 35 182 130 85 113 155 170 156 113 110 442 661 210 168 94 194 173 122 255 128 136 64 151 179 102 99 165 122 103 145 107 236 102 100 404 195 195 111 109 3311 118 858 103 126 142 276 126 115
internal_value=0.000534366 0.00136344 0.0020972 0.00260799 0.00303668 0.00247034 0.00318505 0.00171594 0.000464427 0.000207117 0.000694823 0 0.000505906 -0.000354176 0 0.000680681 0 0 0.000738365 0.00010501 -1.14352e-05 0.000135517 -9.83113e-05 0.000675981 0.000635007 0.00123665 0.00196724 0 -0.000662896 -0.000521058 -0.000341742 -3.01447e-05 -0.000339025 0 0.000354364 0.0009606 -0.000672814 0 0 0.000359346 0.000791907 -0.000732389 -0.00076399 -0.000515712 -0.000618328 -0.000457557 7.66169e-05 -0.00020615 -0.0005909 -0.000785612
internal_weight=17350 9044 4905 3917 3338 2912 2197 1524 4139 3731 1122 3375 1763 8306 1517 811 781 988 436 715 4120 2603 1612 264 991 417 289 579 4186 1612 1517 587 1348 549 309 207 1374 412 574 379 228 3774 3544 1272 989 552 245 435 799 3426
internal_count=12230 4128 2017 1489 994 812 605 492 2111 1927 362 1771 1075 8102 965 523 249 528 208 207 3968 2507 1532 200 975 409 281 495 4134 696 1461 355 1332 545 309 207 574 360 566 371 220 3774 3544 1216 961 320 245 375 787 3426
is_linear=0
shrinkage=0.0296731


Tree=201
num_leaves=43
num_cat=0
split_feature=33 2 58 9 25 63 44 59 9 20 53 54 30 33 5 47 59 9 4 10 33 7 61 2 9 49 44 31 44 55 11 22 43 43 31 60 50 25 60 63 10 2
split_gain=13.5668 5.28501 4.9984 4.06637 6.62245 4.28255 3.4253 4.06025 3.89699 2.35817 4.90419 6.78878 1.81382 1.04261 0.996408 0.750821 0.761246 0.722122 0.669843 1.01291 0.459022 0.403268 0.611957 0.240617 0.233033 0.380829 0.221552 0.329468 0.178576 0.207595 0.136919 0.143495 0.114367 0.237598 0.057976 0.0379861 0.0370067 0.0301996 0.0296585 0.0163747 0.112172 0.0145167
threshold=35.688709648620353 37.650000000000013 5.4050000000000011 0.45206801762443477 29.995000000000001 3.5106816576432718 0.78813064352132101 4.6350000000000007 0.74409704927257569 37.043665775317088 0.90550000000000008 0.64350000000000007 82.850000000000009 38.377373155624646 0.60355339059327384 357.00000000000006 6.5850000000000009 0.90880922144842613 1006.9500000000002 -0.65187484896379921 39.951135854323205 -0.5 0.095000000000000015 217.65000000000001 -0.95747632178960107 178.90000000000001 0.67948603207676783 0.4340459645500197 0.26882055853076592 1007.9500000000002 11.500000000000002 29.295000000000005 28.719791666666669 28.849375000000002 -0.91317807256439909 3.8550000000000004 585.85833333333358 28.605000000000004 1.6050000000000002 0.96859034826734824 0.95493138204271821 596.4000000000002
decision_type=2 2 2 2 2 2 2 2 2 2 2 2 2 2 2 2 2 2 2 2 2 2 2 2 2 2 2 2 2 2 2 2 2 2 2 2 2 2 2 2 2 2
left_child=14 9 3 23 -5 6 7 8 -6 10 11 17 20 -10 24 16 -16 -2 -12 -20 34 22 -4 -3 25 37 32 -28 29 -26 -30 -32 -17 -34 -11 -23 -35 -1 -25 41 -41 -29
right_child=1 2 21 4 5 -7 -8 -9 13 12 18 -13 -14 -15 15 26 -18 -19 19 -21 -22 35 -24 38 28 -27 27 39 30 -31 31 -33 33 36 -36 -37 -38 -39 -40 40 -42 -43
leaf_value=-0.013987113566699542 0.00023412411002497036 -0.00018368144482256956 -0.0023595993591058384 0.0005368704315453852 0.00031306690221246666 0.0040556859587576469 -0.0011977359790515619 -0.00092465823567405717 0.0001484843546420778 -0.001715909330965631 -0.0020266301477532213 0.00053892262812464122 5.2585036896261239e-05 -0.00052466506502631778 -0.00010051374238095625 -0.0017382532107435545 0.0014951988444678842 -0.0024280292303814205 0.00037797966771281307 -0.0022840591903840637 -3.3509717295157658e-05 -0.00097512691290492417 0.00043797012190594615 -0.00062183490602152065 -0.0075932454112257533 0.0017529706227597133 0.0021098849549918411 -6.829106590792628e-05 -0.0046199590239989945 0.00016900725521524818 -0.012085928033503316 0.0019500401652582182 0.00056030101585245924 -0.00063993513137041021 -0.0019856393022844973 -0.0020734769760079952 -0.00099454169213196789 -0.01142850735174958 -0.0029603785722078614 0.00061283540873773154 -0.0036948312029954273 -0.0024029349546212638
leaf_weight=386 205 144 159 405 544 403 518 455 552 225 619 291 266 461 169 566 104 213 273 239 439 414 277 138 262 173 142 112 4552 101 388 111 137 376 1369 138 116 100 297 177 131 203
leaf_count=386 117 120 35 173 172 55 138 163 168 89 479 131 150 125 165 566 100 137 169 183 119 202 173 94 258 173 142 112 4452 89 388 111 137 312 537 118 112 100 281 177 131 191
internal_value=0.000493325 0.00129127 0.00195813 0.00243386 0.00283237 0.00227445 0.00174693 0.00230722 0.00147051 0.000471592 0.00126895 0.00320002 -0.000115509 0.000251284 -0.000361319 0.000132727 0.00159452 0.000455178 0 0.000843864 -0.000466203 0 0.000738365 0 -0.000562549 0 -1.19262e-05 0.000310838 -0.000626774 0 -0.000672443 0 -0.000318161 0 -0.000721359 -0.000457557 -0.000345033 -0.000459848 -0.00020615 0 0.000167179 -0.000134509
internal_weight=17350 9044 4905 3917 3338 2933 2530 2012 1557 4139 1840 709 2299 1013 8306 2233 273 418 1131 512 2033 988 436 579 6073 659 1960 765 5414 363 5051 499 1195 629 1594 552 492 486 435 623 308 315
internal_count=12230 4128 2017 1489 994 821 766 628 465 2111 1216 385 895 293 8102 2145 265 254 831 352 745 528 208 495 5957 659 1880 753 5298 347 4951 499 1127 561 626 320 424 486 375 611 308 303
is_linear=0
shrinkage=0.0296731


Tree=202
num_leaves=43
num_cat=0
split_feature=16 24 11 10 10 56 60 20 36 41 25 22 57 33 48 10 43 23 40 36 11 53 10 60 16 63 29 49 10 10 63 34 63 10 32 29 50 30 48 38 0 54
split_gain=11.601 5.02438 6.14746 7.18708 13.378 3.02097 3.76009 4.13822 2.53902 1.99943 3.35787 1.62656 1.50064 1.771 1.28657 0.991893 2.90118 0.492925 0.369227 0.353587 0.453884 0.330036 0.272979 0.25378 0.229362 0.172414 0.142925 0.107458 0.086634 0.489357 0.0797556 0.0789545 0.0543391 0.0456414 0.133326 0.263725 0.0410365 0.0455076 0.0296167 0.0259137 0.0134887 0.00156763
threshold=36.075769168063282 30.685000000000006 5.5000000000000009 -0.30081980763566762 -0.54160775828284857 1004.9500000000002 1.4450000000000001 37.644151884327904 0.36273725097987047 30.425833333333337 30.065000000000001 30.125000000000004 1006.85 37.457488652009395 35.750000000000007 -0.94128245028753155 29.235625000000002 31.970000000000002 0.03511884584323724 0.26066176141230474 8.5000000000000018 0.81050000000000011 -0.52705818521824699 7.4150000000000009 35.375043106127585 0.80688429788804872 84.450000000000017 367.9500000000001 -0.94128245028753155 -0.9523422988233432 0.39662044456852114 0.069634301887649158 0.70365673207558832 0.95493138204271821 0.64499999999999968 82.250000000000014 671.35000000000025 84.450000000000017 547.45000000000016 1.0085087505821078 6.9650000000000007 0.37950000000000006
decision_type=2 2 2 2 2 2 2 2 2 2 2 2 2 2 2 2 2 2 2 2 2 2 2 2 2 2 2 2 2 2 2 2 2 2 2 2 2 2 2 2 2 2
left_child=14 2 3 4 5 -2 -7 -8 -9 10 18 -5 26 22 27 16 24 -11 -3 20 30 -22 32 -23 38 31 -4 28 29 -1 -17 -21 -14 34 41 -36 37 -33 40 -13 -16 -27
right_child=1 9 12 11 -6 6 7 8 -10 17 -12 39 13 -15 15 19 -18 -19 -20 25 21 23 -24 -25 -26 33 -28 -29 -30 -31 -32 36 -34 -35 35 -37 -38 -39 -40 -41 -42 -43
leaf_value=-0.0062113569892701687 -0.0027466027098053819 0.00069594672550166744 -0.007331942943973907 0.00015554264547410491 -0.00021585871572930409 -0.00069921283421669437 0.00094836340632571182 -0.00047836338856456674 0.00018722057098332216 -0.0002169582086661238 0.00040515691221527526 -0.0011304796291651835 -0.0010619414268479917 -0.00021041567163338133 -0.0004583093652864794 -0.0062102671546588554 0.0027321614320825849 1.6549393526560846e-05 -0.0004807933398033985 -3.1320967323550618e-05 -0.000165924863020594 0.0015632715348857717 0.00052516877735534341 0.0027521571636712448 0.00028665657162804518 9.2787532468935552e-05 0.00017792493500301199 -0.00366358121060533 -0.0048269261021396306 0.002792099743427126 0.00018014703620475458 -0.0020158172822496972 -0.00035068055650673975 -0.004980771432949717 0.0025209707568702106 -0.0012625240266402478 -0.00010370674064751936 -9.3281085762666097e-05 -0.00062000263789019567 -0.00090877179498286638 -0.00037720607942358917 -0.0025950431680341023
leaf_weight=735 356 160 849 342 917 418 533 293 321 1420 279 452 143 225 242 372 101 386 368 140 110 102 151 107 160 156 123 286 4076 118 130 1186 265 218 142 116 102 105 100 297 98 150
leaf_count=731 148 68 713 154 173 130 193 145 101 396 111 136 103 105 234 332 85 90 184 124 110 102 151 107 144 156 107 282 3988 94 126 1106 177 218 142 116 102 105 100 93 98 150
internal_value=0.000407824 0.00121207 0.00170836 0.00236334 0.00315336 0.00165627 0.00223465 0.00311289 0.00118273 8.62132e-05 0.00134834 0.000196993 0.000173962 0.00118741 -0.000316409 6.86213e-05 0.00109508 -0.000412981 0 -0.000123563 0.000337267 0.00123889 6.44205e-05 0.00192565 9.79649e-05 -0.000338534 -0.000522227 -0.000622415 -0.000655022 -0.000158834 -2.86893e-06 -0.000521391 -8.88441e-05 0 0.000160772 0.000712068 -0.000590714 -0.000635923 -1.26614e-05 -0.000452513 -0.000276347 0
internal_weight=17350 8298 5685 3929 2838 1921 1565 1147 614 2613 807 1091 1756 784 9052 3837 701 1806 528 3136 821 319 559 209 600 2315 972 5215 4929 853 502 1533 408 782 564 258 1393 1291 440 749 340 306
internal_count=12230 3478 2629 1273 890 717 569 439 246 849 363 383 1356 536 8752 3657 661 486 252 2996 777 319 431 209 576 2219 820 5095 4813 825 458 1437 280 782 564 258 1313 1211 432 229 332 306
is_linear=0
shrinkage=0.0296731


Tree=203
num_leaves=47
num_cat=0
split_feature=16 58 9 22 10 0 56 60 62 18 3 26 38 50 18 24 10 59 0 32 41 52 63 59 59 9 10 42 44 44 10 10 44 23 26 26 44 48 63 29 42 30 50 62 25 9
split_gain=11.5197 5.74605 5.90361 10.4768 19.758 9.78182 3.0495 2.57672 4.54075 4.45141 2.43851 1.62775 2.48744 1.11035 0.6849 0.539359 0.644035 1.04899 1.60873 0.529685 0.415908 0.726016 0.379215 0.270857 0.371457 0.47 0.306038 0.236548 0.197116 0.191922 0.368521 0.126684 0.121484 0.111204 0.101385 0.0964628 0.0954035 0.0941866 0.0768809 0.0599943 0.0507799 0.0534166 0.012005 0.00966924 0.00633053 0.00679291
threshold=36.075769168063282 5.4850000000000012 0.83827194252655779 30.125000000000004 -0.26781430516217447 4.9750000000000005 1004.9500000000002 3.5950000000000002 37.579651225117516 37.552506956338355 0.88450000000000017 72.050000000000011 0.78594637916232812 6.0916666666667334 33.155199900871132 28.805000000000003 -0.91583036384466876 5.5250000000000012 7.3550000000000013 0.65499999999999947 29.580833333333338 0.99250000000000005 3.6521198464242421 4.5650000000000004 3.0650000000000004 0.64534213713577271 -0.29258949745833546 0.38920003340994797 0.26882055853076592 0.4021625193889094 -0.52705818521824699 0.5488226286565131 0.75134583329572002 28.735000000000003 72.350000000000009 80.15000000000002 0.37945589378668471 760.80000000000007 0.42004332042379039 81.950000000000017 0.1336288392027756 64.550000000000011 290.91666666666691 33.958890142852169 29.895000000000003 0.7775899462189082
decision_type=2 2 2 2 2 2 2 2 2 2 2 2 2 2 2 2 2 2 2 2 2 2 2 2 2 2 2 2 2 2 2 2 2 2 2 2 2 2 2 2 2 2 2 2 2 2
left_child=13 2 6 4 -4 19 -2 11 10 -10 -9 12 -8 28 37 16 17 -16 -19 -5 21 -3 34 24 35 26 -26 -13 43 30 39 32 -31 36 -22 -18 -25 40 -28 -17 -15 -42 -12 -1 45 -43
right_child=1 20 3 5 -6 -7 7 8 9 -11 42 27 -14 14 15 29 23 18 -20 -21 22 -23 -24 33 25 -27 38 -29 -30 31 -32 -33 -34 -35 -36 -37 -38 -39 -40 -41 41 44 -44 -45 -46 -47
leaf_value=-0.015656045304877211 -0.0037060761551727245 -0.0025659071521133966 0.00072004730146951734 -0.00011657710715323104 3.8303884458553958e-05 -0.0026963657495617448 0.00013384188593497116 0.00021353291129306204 -0.00024962770699104545 0.00058515935696486416 -0.0011870827017681298 -0.0034632056617473457 -0.0016751033785827858 -0.00052113926844098255 -0.0012469018012595788 -0.0018981290577568157 -0.0051958743349353647 0.0026068002252430211 -0.0011913212834807579 0.00016956703091563097 -0.00042781382946959889 0.00051385011113129931 -0.00013664596537835683 -0.0042737723215600688 -0.00013618633994514728 -0.010153872229030666 -3.5478342095533103e-05 -0.00037250142947076566 -0.0089401871844686214 -0.001975689228080447 0.0006609280787120863 0.0003331886767624307 0.0018016102069453499 -0.0078161344800041169 -0.0020743504885509974 0.001602314591751944 0.00042521181753360699 1.5775336862477136e-05 0.0036051388620560476 -0.00010606343316185247 -0.00047441034371689645 -0.0013248190108244356 -0.0065886355355542301 -0.00024006152725748129 -0.0021284087858649955 -0.0010158536298232484
leaf_weight=145 738 149 291 669 355 720 282 170 382 555 447 732 317 132 204 267 267 179 116 425 211 118 255 152 98 130 110 222 3048 880 112 143 107 416 1128 101 167 156 118 188 139 1378 132 101 98 100
leaf_count=145 374 141 63 201 191 164 90 126 134 191 283 372 113 132 204 255 251 143 116 73 59 98 47 152 98 130 110 86 3016 752 108 143 91 416 552 101 167 156 118 176 139 1354 120 89 90 100
internal_value=0.000421504 0.00122279 0.00164452 0.00281004 0.00611444 0.00156124 0.000892408 0.00129827 0.00211615 0.00350237 0.000217941 0.000331926 0.00157981 -0.000300023 -2.95094e-05 0.000184313 0.000522043 0.00148063 0.00260802 -0.000103081 -0.00017228 0.000768686 -0.000405371 0.000137188 0.00054825 0.00112044 0.00173565 -0.000329146 -0.000736415 -0.00015538 0.000155235 -0.000416345 -0.000557797 -0.000162521 -0.000645022 0 0 -0.000489453 0.0023374 0 -0.000551919 -0.000595031 -0.000528686 0 -0.000644235 -0.000668042
internal_weight=17350 8298 6437 2460 646 1814 3977 3239 1686 937 749 1553 599 9052 5758 3755 2058 499 295 1094 1861 267 1594 1559 824 456 326 954 3294 1697 567 1130 987 735 1339 368 319 2003 228 455 1847 1715 579 246 1576 1478
internal_count=12230 3478 2581 692 254 438 1889 1515 854 325 529 661 203 8752 5502 3531 2006 463 259 274 897 239 658 1543 808 456 326 458 3250 1525 539 986 843 735 611 352 319 1971 228 431 1815 1683 403 234 1544 1454
is_linear=0
shrinkage=0.0296731


Tree=204
num_leaves=44
num_cat=0
split_feature=16 24 43 31 63 10 55 44 20 25 45 54 23 21 17 6 24 50 57 34 59 4 43 20 60 39 29 29 10 10 24 49 37 49 44 32 59 55 62 32 23 43 16
split_gain=11.0176 4.66541 7.26732 6.97609 5.91985 8.92255 5.06449 2.99629 1.64376 2.37604 1.52786 1.31041 1.15547 0.790194 0.495633 0.406939 0.397056 0.836381 0.384305 0.582102 0.28721 0.400363 1.12106 0.280022 0.361146 0.456548 0.213404 0.194967 0.145491 0.235217 0.118269 0.105073 0.0917763 0.0757574 0.0625233 0.0522192 0.0453228 0.0428105 0.038357 0.0351354 0.0217364 0.00846477 0.00507871
threshold=36.075769168063282 30.615000000000006 30.491875000000007 -0.12581065607049877 -0.080921478273797462 -0.60505606964884906 1009.7500000000001 0.71459316141689311 37.138463995738213 29.745000000000001 2452.6535000000003 0.99350000000000016 30.925000000000004 28.815000000000001 39.228536274871942 -0.60355339059327384 29.225000000000005 9.9583333333333925 1008.7500000000001 0.17217103134639702 2.8150000000000004 1006.6500000000002 29.191041666666671 35.057010119254087 0.6150000000000001 29.088333333333335 84.750000000000014 81.450000000000017 -0.24284072672761489 0.34963450400049079 28.375000000000004 184.40000000000003 33.940869366915393 539.25000000000011 0.38348457007486009 1.6050000000000006 6.7350000000000012 1009.6500000000002 35.425267305039533 0.43000000000000155 28.745000000000001 28.116250000000001 34.707608059151006
decision_type=2 2 2 2 2 2 2 2 2 2 2 2 2 2 2 2 2 2 2 2 2 2 2 2 2 2 2 2 2 2 2 2 2 2 2 2 2 2 2 2 2 2 2
left_child=13 2 4 -4 5 11 12 -5 9 -3 -10 -2 14 15 18 27 17 -15 26 -20 -19 30 23 24 41 42 36 34 -29 -30 32 40 -22 -34 -1 38 -6 -25 -17 -32 -18 -23 -26
right_child=1 8 3 7 6 -7 -8 -9 10 -11 -12 -13 -14 16 -16 35 31 20 19 -21 21 22 -24 37 25 -27 -28 28 29 -31 39 -33 33 -35 -36 -37 -38 -39 -40 -41 -42 -43 -44
leaf_value=-6.0094647346851292e-05 -0.0022467478224543909 -0.00032810431990178048 0.00011305110777799592 0.00028315225708324402 -0.00080810317433734026 -0.0024669285704578292 -8.9461531548572793e-05 0.00088523938889767265 -0.00021315312122867862 0.00038053432908080061 3.0793527085823279e-05 0.0002743904778430568 0.00026149398600066313 -9.2175020957907289e-06 0.0018577042003108393 -0.0071735129699046609 -0.0019913376342521973 -0.0036898496540712848 -0.003156824791547171 0.00016076189240627145 -6.1499195645305405e-05 0.0001355760163799779 0.0025428941806552958 -0.0016124418771960795 7.8568581618862403e-05 0.0027825386362486312 0.00023911494336893396 -0.0039417377769627787 0.0022473645131183139 -0.0018489263846439244 -0.00024922833502240228 -0.0018179500958511936 0.00039944630902610426 -0.0031828910042080902 -0.010741799796876401 -0.0022992769146806397 -0.0032839731811128503 -0.00020777363291438493 -0.0034486951874564838 -0.0011119438532999576 -0.0024445818677854402 -0.0011951812473422569 -0.002012544657509662
leaf_weight=129 390 366 497 536 1574 256 245 441 1591 270 548 289 389 102 159 3712 129 502 246 151 158 106 137 298 108 201 172 176 132 110 423 239 139 105 497 105 178 99 181 98 808 249 109
leaf_count=129 178 186 145 152 1018 64 101 85 451 110 164 125 133 86 39 3712 105 486 122 95 146 106 133 278 108 193 156 176 132 110 395 191 127 105 497 105 154 95 177 98 716 241 105
internal_value=0.000392433 0.00117632 0.00167714 0.00349246 0.000985239 0.00306858 0.00031963 0.00495903 0.000136099 0.00148314 -0.000210053 0.00107208 0 -0.000313132 -0.000267621 -0.000560289 0 0.000187982 -0.000416588 0.000228738 4.37203e-05 0.000227146 0.00058419 0.000174354 0.000566324 0.00116101 -0.00061165 0 0.000455178 0.000938376 -0.000150025 -0.000460023 0 0.000562251 -0.000366843 -0.00069672 -0.00071965 -0.000289658 -0.000714357 -0.000488626 -0.000603279 0 0
internal_weight=17350 8298 5523 1474 4049 935 3114 977 2775 636 2139 679 2869 9052 2480 5042 4010 2834 2321 397 2732 2230 1307 1170 773 418 1924 1044 418 242 923 1176 402 244 626 3998 1752 397 3893 521 937 355 217
internal_count=12230 3478 2567 382 2185 367 1818 237 911 296 615 303 1717 8752 1584 5038 3714 2702 1545 217 2616 2130 1259 1126 753 406 1328 1044 418 242 871 1012 378 232 626 3994 1172 373 3889 493 821 347 213
is_linear=0
shrinkage=0.0296731


Tree=205
num_leaves=48
num_cat=0
split_feature=16 55 58 52 19 19 55 60 62 2 54 63 50 63 3 35 7 42 57 53 25 62 63 5 24 2 1 52 63 54 18 17 58 16 33 26 26 27 3 63 27 51 25 58 23 1 29
split_gain=10.5009 5.43824 4.55914 3.58468 6.8232 10.4253 7.01508 3.14922 3.50336 2.42244 3.92783 1.45057 0.957786 0.734775 0.672527 0.945547 0.581497 0.426436 0.820263 1.11873 0.858041 0.399133 0.386456 0.245844 0.208796 0.207342 0.18855 0.187113 0.143789 0.180467 0.134418 0.327479 0.209152 0.532528 0.0971215 0.0961283 0.17073 0.070455 0.0623392 0.0534427 0.0449215 0.0416457 0.0806287 0.026326 0.00634509 0.00259239 6.99948e-05
threshold=36.075769168063282 1010.0500000000001 5.4850000000000012 0.95250000000000001 38.787900871040954 37.587856353794002 1006.85 2.1750000000000003 36.208176604584374 58.95000000000001 0.99350000000000016 1.7211919754799345 6.0916666666667334 3.7559798047152211 0.98850000000000005 37.841896455066347 0.25881904510252091 0.1463841975789906 1007.4500000000002 0.90350000000000008 29.105000000000004 34.761936899368713 0.24630168592547011 0.60355339059327384 29.085000000000004 735.70000000000016 1.8050000000000004 0.42450000000000004 1.860292966878909 0.99750000000000016 33.184247237366137 34.959360307194473 3.9450000000000007 34.862919344770376 33.947228456816809 82.550000000000011 85.350000000000009 70.750000000000014 0.97050000000000003 1.3377690730003311 85.550000000000011 20489.567000000006 28.685000000000006 5.9650000000000007 29.745000000000001 3.6450000000000005 83.65000000000002
decision_type=2 2 2 2 2 2 2 2 2 2 2 2 2 2 2 2 2 2 2 2 2 2 2 2 2 2 2 2 2 2 2 2 2 2 2 2 2 2 2 2 2 2 2 2 2 2 2
left_child=12 2 3 4 5 7 -7 11 -9 14 22 27 21 24 15 -5 -6 18 35 46 -21 44 -11 28 38 30 -23 -2 29 40 41 32 -32 -34 -30 -14 -37 -26 -4 -27 -19 42 -25 -31 -1 -33 -20
right_child=1 -3 13 9 16 6 -8 8 -10 10 -12 -13 17 -15 -16 -17 -18 23 19 20 -22 26 -24 25 37 39 -28 -29 34 43 31 45 33 -35 -36 36 -38 -39 -40 -41 -42 -43 -44 -45 -46 -47 -48
leaf_value=-0.014089366313859578 -0.00067972402035328149 0.00026602686410776526 -0.00017080656779500135 -0.0074539618086751306 0.00012323739510035773 0.00068116452627018493 0.0022707912907147959 -0.00010396695228220323 0.0040291624141226877 0.00071009091561291559 0.00020123125673995204 0.00028292015118666088 -0.0042734709339645122 -7.437319756192125e-05 -0.0016396461052805027 2.6534422076664394e-05 -0.00012008293949470297 -0.0034216654690459119 -0.0059323891976601614 0.00023869397815703486 0.0023794455773616199 0.00012056238143470308 -0.00040994682163827159 1.7882937294880401e-05 -0.0014651259250581959 -0.0011298274998284021 -0.004547960775659104 9.3749278784597133e-05 -0.011519289022727397 -0.0097439359111762425 2.2761316119012956e-05 -5.9674323367406181e-05 0.0021406925079275204 -0.00054891383900173272 0.0016210810910297197 0.0013517729201632904 -0.0050412824649472736 -0.0014305402893059743 0.00071338653805498966 -0.00042029987683877347 -0.0011986304592583731 0.00017573697857636652 -0.001008911632102644 9.7876262339414931e-05 -0.0080243205583423894 0.00058968313343388376 0.00016019579472997949
leaf_weight=2776 452 272 116 230 603 466 363 214 476 177 284 290 414 224 984 206 646 1678 137 195 122 136 351 187 191 401 266 449 186 156 150 155 105 103 172 205 172 1193 111 156 99 134 407 136 116 190 98
leaf_count=2776 140 100 100 146 163 142 147 194 156 69 120 122 382 40 496 70 170 1586 129 195 106 104 179 187 47 381 254 173 186 152 118 151 105 103 168 189 172 597 107 156 99 134 395 128 116 186 94
internal_value=0.000411244 0.00117632 0.00101718 0.00140503 0.00194919 0.00278625 0.00560767 0.00147403 0.00309798 0.000385507 0.00169895 0.00042913 -0.000277083 -0.000226719 -0.000283479 0.000535309 3.60142e-05 -2.43582e-05 0.000412407 0.00130751 0.00245997 -0.000682405 0 -0.000184314 -0.000502438 5.20054e-06 0 -3.34622e-05 -0.000388395 -0.000487897 0.000249633 0.000542598 0.00117316 0.001798 0 -6.42817e-05 5.30891e-05 -0.000652979 0 -0.000408379 -0.000605315 0 -0.000139747 0 -0.000807325 0 0
internal_weight=17350 8298 8026 6191 3959 2710 829 1881 690 2232 812 1191 9052 1835 1420 436 1249 5758 1343 552 317 3294 528 4415 1611 1988 402 901 2427 2069 1431 703 358 208 358 791 377 1384 227 557 1777 728 594 292 2892 345 235
internal_count=12230 3478 3378 2487 1407 1074 289 785 350 1080 368 435 8752 891 712 216 333 5502 1267 524 301 3250 248 4235 851 1916 358 313 2319 1965 1379 663 326 208 354 743 361 644 207 537 1685 716 582 280 2892 337 223
is_linear=0
shrinkage=0.0296731


Tree=206
num_leaves=44
num_cat=0
split_feature=16 9 53 24 10 57 61 44 29 35 34 25 48 61 44 55 26 31 34 9 9 9 9 50 29 54 52 31 6 58 10 44 38 57 39 38 57 35 29 63 63 48 63
split_gain=9.1258 4.43886 8.81268 4.24678 9.56733 2.53306 2.48576 3.80261 2.57486 3.62911 5.2199 1.16685 0.957124 0.84502 0.763159 1.90758 0.736323 0.422423 0.33938 0.782187 1.20972 0.667385 1.45446 0.298349 0.262896 0.155403 0.228296 0.237411 0.146751 0.13364 0.130294 0.115707 0.0823383 0.0744499 0.0666683 0.0551552 0.0386264 0.0251261 0.0199585 0.0169152 0.0102361 0.00949289 0.00473809
threshold=36.075769168063282 0.83827194252655779 0.63750000000000007 30.615000000000006 -0.30081980763566762 1005.35 2.3350000000000004 0.72799282246619446 79.850000000000009 36.903598397574228 0.15018765623372651 31.055000000000003 8.2500000000000018 0.27500000000000008 0.27484316669795578 1008.35 78.850000000000009 -0.27826329146735057 0.21527973601892444 -0.20931270765420754 -0.30901413279605799 -0.95747632178960107 -0.99273952934267318 186.75833333333341 82.750000000000014 0.52350000000000019 0.11050000000000001 1.4657953032796363 -0.78656609248549325 3.4050000000000007 -0.96227343267549392 0.67649344950649848 1.2001291963495511 1008.5500000000001 29.710000000000004 0.75390947249890594 1009.4500000000002 36.297092409365909 85.750000000000014 1.1043098125372242 -0.81231588351836581 268.75000000000006 1.9117833324332667
decision_type=2 2 2 2 2 2 2 2 2 2 2 2 2 2 2 2 2 2 2 2 2 2 2 2 2 2 2 2 2 2 2 2 2 2 2 2 2 2 2 2 2 2 2
left_child=12 5 3 4 -3 24 11 8 17 37 -11 -7 14 -6 15 -1 -5 -8 19 20 21 22 -14 -23 29 26 -20 39 -16 -2 40 34 -33 -25 -21 -32 -35 -10 -30 -28 -27 -19 -37
right_child=1 2 -4 16 13 6 7 -9 9 10 -12 -13 18 -15 28 -17 -18 41 25 31 -22 23 -24 33 -26 30 27 -29 38 -31 35 32 -34 36 -36 42 -38 -39 -40 -41 -42 -43 -44
leaf_value=-0.0042894170637639943 0.00012383865995258529 0.0020491202515463308 0.00075856565748717365 -0.0001868652914004403 -0.0024462105146244102 -0.0021099963065516177 -1.761690043910677e-05 0.00053530513878577337 0.00076009471781685858 -0.00023210624875035562 0.00061012864587905232 0.00013830895508892309 -0.011932407772557557 3.7157875814017714e-05 -0.0015429597694961693 1.0365758688837379e-05 0.00023570686704313233 -0.002823080797933023 -0.0037542253244853413 -0.0010812430992255891 0.0023405057422365219 0.00054255562747567896 0.0029768341436351262 -0.002398495930445188 -0.00016853114610256925 0.0012311041412141927 -0.0037626513043180617 0.0021617825136435601 -0.0051063079894612742 -0.0034109826673181434 -0.00048212771006229201 0.0036921779602373085 -0.003844866125404617 0.00035992502987236129 -0.00028456127448323753 -0.00044677800545994488 -0.00079653200129007284 -0.00018106476522686756 -0.0034172344127769874 0.0030810662307578958 -0.0039817305578837741 -0.003099019950947936 -0.00036980018621737967
leaf_weight=285 129 714 470 700 471 925 317 380 182 198 322 345 107 504 267 107 458 522 283 549 108 114 135 470 171 99 141 123 4019 1141 270 125 125 100 105 891 158 208 146 119 108 141 98
leaf_count=281 45 130 170 160 147 453 181 164 182 102 130 93 107 168 255 91 142 238 279 493 92 110 135 458 131 99 141 123 3935 577 250 121 125 100 85 843 158 168 146 119 108 97 98
internal_value=0.000377043 0.00109052 0.00194411 0.0012661 0.00221608 0.000497543 0.000936406 0.00152634 0.000898298 0.00203877 0.0036574 -2.53902e-05 -0.000263974 0.000174226 -0.000551536 0.000543869 -1.86352e-05 -4.1947e-05 3.61157e-05 0.000326778 0.000850366 0.000422504 0.00178827 0 -0.000497884 -0.00019392 4.47851e-05 0.000654351 -0.000675506 -0.000678368 -0.000383317 -0.000232722 0 -0.000196173 -0.00047958 -0.000511852 0 0 -0.000718713 0 0 -0.000574322 -0.000618328
internal_weight=17350 8298 3317 2847 1689 4981 3540 2270 1890 910 520 1270 9052 975 4824 392 1158 980 4228 2096 1192 1084 242 842 1441 2132 666 383 4432 1270 1466 904 250 728 654 1259 258 390 4165 260 207 663 989
internal_count=12230 3478 917 747 445 2561 1808 1262 1098 582 232 546 8752 315 4708 372 302 516 4044 1984 1160 1068 242 826 753 2060 662 383 4336 622 1398 824 246 716 578 1191 258 350 4081 260 207 335 941
is_linear=0
shrinkage=0.0296731


Tree=207
num_leaves=48
num_cat=0
split_feature=62 24 9 9 37 54 57 39 60 27 9 61 34 25 54 54 49 40 11 34 37 4 56 4 44 45 49 62 58 51 33 31 29 62 32 43 9 38 58 3 48 28 42 31 40 18 31
split_gain=8.58598 4.62155 6.0998 22.1015 3.47687 2.23344 2.58733 2.48387 3.51277 2.12031 2.03727 1.29416 1.72485 0.794648 1.01293 1.35092 0.617235 0.521092 0.416502 0.523541 0.663197 1.75294 0.372115 0.334408 0.309185 0.302431 0.228643 0.207725 0.174148 0.262504 0.200768 0.161369 0.146993 0.136319 0.0731116 0.0610721 0.0429565 0.035766 0.0315985 0.0253209 0.019433 0.0117848 0.00889059 0.00720082 0.0124177 0.00175446 0.000795884
threshold=35.774984651791584 30.615000000000006 0.83827194252655779 0.90880922144842613 38.072518973883355 0.99450000000000005 1006.1500000000002 30.895000000000003 1.4450000000000001 77.950000000000017 0.99965739133362419 3.8050000000000002 0.096695465395494659 30.055000000000003 0.6715000000000001 0.94850000000000001 110.15000000000002 0.026457513110470055 8.5000000000000018 0.15885522153801493 32.832423392918066 1008.9500000000002 1008.5500000000001 1006.4500000000002 0.29314804942022415 2423.3270000000002 3.7500000000000004 35.098606755505038 6.2150000000000007 18139.055000000004 35.688709648620353 -0.59286872203896468 85.850000000000009 38.090095868081626 0.72000000000000075 28.941875000000003 -0.95747632178960107 0.6492149039472711 4.2750000000000012 0.42450000000000004 547.45000000000016 81.550000000000011 0.13678450204531856 1.5060986643541769 0.56503687118354973 29.493618489265014 0.37755714447869698
decision_type=2 2 2 2 2 2 2 2 2 2 2 2 2 2 2 2 2 2 2 2 2 2 2 2 2 2 2 2 2 2 2 2 2 2 2 2 2 2 2 2 2 2 2 2 2 2 2
left_child=10 2 5 -4 26 7 23 22 -9 -8 13 17 -13 16 39 -16 24 -3 28 36 45 35 31 -7 27 -19 -5 37 29 41 -30 -2 34 -33 -26 40 42 -1 -31 -15 -22 -18 -20 -36 -45 -21 -34
right_child=1 11 3 4 -6 6 9 8 -10 -11 -12 12 -14 14 15 -17 18 25 19 20 21 -23 -24 -25 32 -27 -28 -29 30 38 -32 33 46 -35 43 -37 -38 -39 -40 -41 -42 -43 -44 44 -46 -47 -48
leaf_value=-0.0040913586282367168 -5.2438017787225972e-05 -0.00017440865581710744 -6.5133430218931865e-05 -0.00021229377698867854 0.00140786835123752 -0.00020911706649309701 0.00013463931222853327 -0.00055614017937780384 -0.001249274643430233 -0.00022381364926275527 3.7128475342731587e-05 0.00056337508743996062 -0.00021257377399294569 -0.0014717882266283636 0.0021142980431162811 -2.5523529926688484e-05 -0.0046618887543467347 -0.0004376517026329503 0.0028914233590645049 2.6499532554565122e-05 -0.0015109238444824074 0.0026845293173011014 -0.00017818027543986677 -0.00026712532962596932 -0.005088827993204894 -8.2777539125996867e-05 -0.0017336563632287785 0.00046991694550232662 -0.00033144839361735987 4.6733966361272925e-05 0.0012696899731503956 -0.0031774313504978262 -0.00026536278866657795 -0.00042625995825552106 -2.2834069527596922e-05 -0.0073098335026449811 -0.0038931536237201674 -7.6584115501488809e-05 -0.002223458266192844 -1.9751576052894826e-05 0.00034506774786160794 -0.0024962579516320279 -0.00048134861977670033 -0.0045969167741626345 -0.0016416147089665213 -0.0050647282561538656 -0.0033271015897363273
leaf_weight=321 187 310 541 315 455 256 212 401 320 242 109 159 301 221 114 157 1291 1266 101 98 109 119 191 176 4160 442 537 135 188 129 129 1246 98 237 139 98 348 137 111 125 102 145 108 284 115 151 214
leaf_count=321 115 94 105 87 111 168 96 113 116 126 53 63 153 141 98 153 1263 350 101 98 109 119 75 108 4068 122 153 119 184 129 125 762 98 77 139 98 344 137 111 109 102 145 108 284 115 151 214
internal_value=0.000332582 0.00106632 0.00155947 0.00295944 0.000765484 0.000777645 0.0020845 0.000281631 0.00177854 0.00366487 -0.000253532 0 0.0014239 -0.000312132 0.00064572 0.00204683 -0.000392696 -0.000316187 -2.57156e-05 0.000359246 0.000946835 0.0016649 -0.000235976 0.000138584 -0.00058272 -0.000559125 -0.000227437 0 -0.000323866 -0.000464416 4.44813e-05 -0.000427403 -0.000658822 -0.00054893 -0.000700281 6.84936e-05 -0.000143155 -0.000240323 9.65595e-05 -0.000116579 0.000508757 -0.000640926 0 -6.19803e-05 -0.000144801 0 0
internal_weight=17350 7794 5316 1848 1307 3468 886 2582 721 454 9556 2478 460 9447 617 271 8830 2018 3227 1234 677 428 1861 432 5603 1708 852 593 1993 1676 317 1670 5010 1483 4698 309 557 458 240 346 211 1436 209 538 399 249 312
internal_count=12230 2994 2212 456 351 1756 498 1258 229 222 9236 782 216 9183 501 251 8682 566 3187 1230 677 428 1029 276 5495 472 240 577 1957 1648 309 954 4918 839 4606 309 553 458 240 250 211 1408 209 538 399 249 312
is_linear=0
shrinkage=0.0296731


Tree=208
num_leaves=44
num_cat=0
split_feature=16 9 19 9 37 0 57 61 21 19 45 7 59 48 45 38 61 5 31 0 44 44 55 62 57 8 44 31 19 11 20 29 29 3 33 32 16 47 31 59 43 0 31
split_gain=8.77056 3.70159 9.71436 21.3001 4.92317 3.01175 3.00528 2.34287 4.07635 3.38788 2.30574 2.2105 2.27858 1.8434 1.39921 1.15928 0.710162 0.616518 0.604428 0.363567 0.338772 0.310388 0.525663 0.845827 0.246507 0.243071 0.23293 0.634614 0.570745 0.15882 0.507264 0.120772 0.11347 0.0994304 0.0754954 0.0574795 0.0558772 0.0466327 0.0295235 0.017724 0.162681 0.0169018 0.00288412
threshold=35.332610185989175 0.83827194252655779 38.512230663472295 0.89391031859722891 38.306994639652039 4.4350000000000014 1005.35 2.1150000000000007 30.945000000000004 38.34071805805808 2235.0210000000006 1.0000000180025095e-35 4.1550000000000011 600.10000000000014 2393.3570000000004 0.67222532130556545 0.10500000000000002 0.60355339059327384 0.092589957553677507 3.4650000000000003 0.6891887015846917 0.34258594076742371 1008.2500000000001 34.186517090116048 1008.5500000000001 -0.9159756150367534 0.65813850022487663 0.76864931658615288 31.892381067539713 11.500000000000002 33.567484679885801 86.15000000000002 85.850000000000009 0.5655 34.83991164151891 0.12500000000000003 35.670744333177907 429.15000000000003 0.86092042166148108 6.1350000000000007 28.116250000000001 3.7550000000000003 1.214926963391495
decision_type=2 2 2 2 2 2 2 2 2 2 2 2 2 2 2 2 2 2 2 2 2 2 2 2 2 2 2 2 2 2 2 2 2 2 2 2 2 2 2 2 2 2 2
left_child=17 6 3 -3 5 10 19 15 9 11 -5 12 24 14 -14 -8 -4 21 -16 -2 -7 22 35 -24 41 -21 31 28 -28 32 -31 34 38 -17 37 -1 -13 -19 -23 40 -29 -9 -40
right_child=1 2 16 4 -6 20 7 8 -10 -11 -12 36 13 -15 18 33 -18 26 -20 25 -22 29 23 -25 -26 -27 27 39 -30 30 -32 -33 -34 -35 -36 -37 -38 -39 42 -41 -42 -43 -44
leaf_value=-0.0063598053572801547 -3.5579715422206028e-05 0.001754732037004303 0.00051558535904442401 6.840895262565364e-05 0.00074589761727116683 -3.2863302645329967e-05 0.000172800953331791 -0.0049066135336261656 -0.0021977664559750822 0.00015590055888313714 0.00045425006982650022 -0.0016249358171436217 0.00070708895396204752 -0.00095486289037795659 0.0012670451348889855 -0.0024011774486922305 -0.00017957053968795992 -0.00018816116414432983 -0.00049433978948186475 -0.00052608313027078407 -0.0009385589688134105 -0.0075197880924890862 -0.0050029329987001936 0.0028565432130335361 0.00091859488110586005 -0.0035542105820401517 -9.9455608386490779e-05 0.0020828506335005765 0.0039276186479841957 -0.013290966531666393 0.0015187836403681132 0.0001862765332022498 -0.00033000747913438804 -0.001053411572062886 -0.00036756318222399745 -0.0018128287561905985 -0.0011453792065646475 -0.0020951828888578368 5.9635342630108548e-06 -0.0017564518304026226 -0.00019099527553913779 -0.0022918334532095923 -0.0050789182688234825
leaf_weight=629 177 370 692 162 264 427 425 321 303 461 274 148 260 224 161 240 756 142 124 174 575 3642 126 123 160 1408 109 98 123 398 100 188 200 836 202 106 740 530 117 195 253 195 192
leaf_count=625 73 86 192 54 56 191 193 217 107 181 146 140 172 196 125 128 164 138 92 118 195 3618 126 111 156 860 109 98 123 398 100 188 200 420 190 106 504 490 117 191 253 107 176
internal_value=0.000385593 0.000969178 0.00175549 0.0030587 0.00156564 0.00077971 0.000514564 0.000922682 0.00138896 0.000978021 0.00283661 0.000457394 0.00120215 0.00230488 0.00323287 0 -2.923e-05 -0.000369866 0.00118103 -0.000484479 -1.4403e-06 -0.000526436 0 0.00112353 0 -0.000663895 4.49161e-05 0.000480946 0.00177594 -0.000628107 0 -0.000163051 -0.000689558 -0.000557713 -0.000379506 -0.000444203 -0.000620816 -0.000534538 -0.000724442 0 3.85225e-05 -0.000370272 0
internal_weight=17350 9877 3520 2072 1702 1438 6357 4598 3097 2794 436 2333 1445 769 545 1501 1448 7473 285 1759 1002 5633 984 249 676 1582 1840 778 232 4649 498 1062 4151 1076 874 735 888 672 3951 546 351 516 309
internal_count=12230 4873 1084 728 642 586 3789 2738 1997 1890 200 1709 1065 585 389 741 356 7357 217 1051 386 5577 968 237 480 978 1780 774 232 4609 498 1006 4111 548 818 731 644 628 3911 542 351 324 293
is_linear=0
shrinkage=0.0296731


Tree=209
num_leaves=46
num_cat=0
split_feature=33 24 33 4 34 10 62 20 35 0 55 20 32 59 10 55 50 43 19 45 3 25 8 45 28 11 44 43 29 38 55 29 11 31 48 30 30 33 44 44 44 10 10 32 29
split_gain=9.33237 4.55978 6.38882 4.09385 3.70616 6.92692 2.3456 2.78525 5.71468 1.96014 1.42477 1.27355 2.33947 1.16738 1.73441 1.94875 0.896788 0.836188 0.868061 0.810405 0.569264 0.542213 0.488191 0.375244 0.288314 0.405316 1.08316 0.314101 0.162853 0.156526 0.300445 0.1339 0.111901 0.216399 0.433132 0.0987441 0.0766677 0.06525 0.0579083 0.0452722 0.0413435 0.0402841 0.0308922 0.0216335 0.0152503
threshold=35.47512719603646 30.615000000000006 40.603231638393567 1009.9500000000002 0.041673238074580052 -0.54160775828284857 37.151742257064406 37.644151884327904 37.694541444109078 3.9950000000000006 1009.2500000000001 37.138463995738213 -0.17500000000000068 3.9250000000000003 -0.30081980763566762 1006.35 18.450000000000156 30.642291666666669 32.785017791039721 2452.6535000000003 0.99850000000000005 29.255000000000006 -0.12940952255126037 2214.3245000000006 80.350000000000009 11.500000000000002 0.90480070103007082 29.356875000000006 83.750000000000014 0.62393813696825473 1007.5500000000001 81.750000000000014 8.5000000000000018 0.59338339384598637 264.95000000000005 64.050000000000011 75.950000000000017 34.045280844590764 0.26162777795083608 0.38636521049316791 0.64775070267026413 0.84750952922804634 -0.97870382656940669 -0.6750000000000006 87.15000000000002
decision_type=2 2 2 2 2 2 2 2 2 2 2 2 2 2 2 2 2 2 2 2 2 2 2 2 2 2 2 2 2 2 2 2 2 2 2 2 2 2 2 2 2 2 2 2 2
left_child=16 2 3 4 5 22 10 8 9 -8 17 12 -3 -9 15 -15 38 18 -6 43 23 -22 -2 -20 25 31 -27 29 -25 30 -26 35 36 34 -34 -18 -31 -33 -1 -30 -39 44 -38 -13 -35
right_child=1 11 -4 -5 6 -7 7 13 -10 -11 -12 19 -14 14 -16 -17 24 -19 20 -21 21 -23 -24 28 27 26 -28 -29 39 32 -32 37 33 41 -36 -37 42 40 -40 -41 -42 -43 -44 -45 -46
leaf_value=-0.00030336924907242317 -0.00013714902137810993 -5.5847143801955995e-05 0.0038643364209789009 0.00014389648725283082 0.00020165026437533114 0.0040862032891565191 0.00023305326161637328 -0.001335480483414746 0.00038471194048340929 -0.00048908331873611613 0.00010127915595365954 -0.0011165620426539025 0.0002162156946742092 -0.00027950773762365158 -0.00018700993184961451 0.00069830420209834204 -0.00023121268172178916 0.0001890127595419511 3.6411992657801593e-05 5.3246599253497859e-06 -0.0042694024398451267 0.00062161790651380064 -0.0020300168300365264 -0.0027147202149798424 -0.0051480347318821279 0.0024944637031203737 -0.0071524776338338395 0.0033420028688638764 -2.8931187496153404e-05 -2.7303413532319532e-05 0.0022703510910595044 -1.8599613387620348e-05 0.0011549266821747487 -0.0025972197171634987 -0.00015042145539053759 -0.0037563841434390096 -0.0013912881379394457 -0.00047308546731960699 -0.0087661323568805575 -0.001239028930625635 -0.0028118068361424929 0.00034817522406019931 -0.0031264063590746901 -0.00019516635087879879 -0.0011262074623770314
leaf_weight=229 154 372 237 308 139 175 384 580 304 313 202 266 305 260 360 309 148 238 264 550 128 114 152 1662 134 100 182 98 145 187 171 195 175 273 169 1426 105 347 3053 255 98 124 521 1336 103
leaf_count=221 118 164 33 164 119 75 112 188 100 121 110 66 157 108 76 101 148 58 148 166 124 98 96 1290 134 100 182 74 137 175 171 195 175 273 169 1358 105 319 3029 235 98 124 517 396 103
internal_value=0.000371913 0.000999965 0.00142253 0.00122223 0.00102858 0.0035946 0.000787936 0.00147266 0.00271946 0.00102158 0.000203313 0 0.00112154 0.000563834 0.00124627 0.00228074 -0.000375166 0 -0.000111695 -0.000351889 -0.000277391 0.000938376 0.000462687 -0.000455837 -7.59576e-05 -0.000307239 0.000576855 0.000146594 -0.000615896 1.94616e-06 0.000660148 -0.000474051 -4.82584e-05 9.35633e-05 0.000742585 -0.0006251 -0.000341302 0 -0.000753923 0 -0.000287763 -0.000117463 -0.000508504 -0.000722201 -0.000334747
internal_weight=17350 9512 6683 6446 6138 481 5657 2510 1001 697 3147 2829 677 1509 929 569 7838 2945 2707 2152 2568 242 306 2326 4556 2496 282 2060 2062 1962 305 2214 1657 844 344 1574 813 640 3282 400 445 500 626 1602 376
internal_count=12230 4560 3611 3578 3414 289 3125 806 333 233 2319 949 321 473 285 209 7670 2209 2151 628 2032 222 214 1810 4420 2400 282 2020 1662 1946 305 2118 1641 844 344 1506 797 612 3250 372 417 500 622 462 376
is_linear=0
shrinkage=0.0296731


Tree=210
num_leaves=52
num_cat=0
split_feature=16 2 37 17 38 4 42 44 3 20 40 31 63 61 43 19 29 59 63 61 25 44 44 23 62 55 18 28 61 63 21 44 25 63 47 59 36 38 61 10 62 47 49 32 47 30 46 3 38 54 58
split_gain=8.64692 4.5564 3.61867 8.03842 4.23675 2.86772 2.98225 7.80161 2.45482 1.95123 4.54276 1.97065 1.60561 3.14025 2.19465 0.796643 0.79082 0.740821 1.8995 0.680549 0.677728 0.415398 0.368059 0.32869 0.314457 0.280493 0.611203 0.605969 0.253775 0.614198 0.431902 0.252025 0.491315 0.200961 0.134746 0.127235 0.258657 0.323967 0.317668 0.0856554 0.074226 0.0631038 0.0486596 0.0400066 0.0218799 0.0166509 0.0174496 0.00882563 0.0257207 0.00661731 0.00283052
threshold=35.492769440152692 37.650000000000013 39.393873757161565 39.750311088942034 1.0692703436422819 1009.9500000000002 0.11931051739560032 0.5445909001483008 0.99150000000000016 36.99801120872953 0.020000000006725954 0.5011381512594647 -0.080921478273797462 4.5950000000000006 30.699791666666673 40.403568151287239 82.250000000000014 5.1850000000000014 0.82545463083848614 3.1350000000000002 28.965000000000003 0.6551708345616204 0.28741696884152884 30.895000000000003 34.554275963003484 1008.9500000000002 33.333856699708967 77.15000000000002 1.3650000000000004 1.2014794685346948 30.325000000000003 0.34974939265697752 28.545000000000005 1.9864955231619563 443.85000000000008 4.3350000000000009 0.3656617858101619 0.79721530697576826 11.395000000000001 -0.24284072672761489 35.973586474532318 630.35000000000002 774.75000000000011 0.12500000000000003 338.15000000000003 87.15000000000002 28.545000000000005 0.20150000000000004 1.0455789795296033 0.079500000000000015 4.785000000000001
decision_type=2 2 2 2 2 2 2 2 2 2 2 2 2 2 2 2 2 2 2 2 2 2 2 2 2 2 2 2 2 2 2 2 2 2 2 2 2 2 2 2 2 2 2 2 2 2 2 2 2 2 2
left_child=20 9 3 4 5 6 7 16 12 10 -2 17 13 -8 28 22 -3 33 -19 49 24 -21 -11 -4 34 35 47 -28 -14 50 -31 32 -26 -12 42 41 37 -37 -39 44 -38 -22 45 -34 -33 46 -1 -27 -49 -6 -30
right_child=1 2 23 -5 19 -7 8 -9 -10 15 11 -13 14 -15 -16 -17 -18 18 -20 21 25 -23 -24 -25 31 26 27 -29 29 30 -32 39 43 -35 -36 36 40 38 -40 -41 -42 -43 -44 -45 -46 -47 -48 48 -50 -51 -52
leaf_value=-0.012186242996587868 0.00030187033008206193 -0.0034285346166404314 0.00066001063852701332 0.00039021486534822602 -0.0044247191147261345 8.3235096349824818e-05 0.0053231599318018909 0.0071788401803249647 0.00072728785754298244 -0.00077596128135498969 -0.00060239281994887994 0.0002587076347593177 -0.00067748946345523088 -0.00019147716569499005 -8.4278686748730889e-05 1.2582908349887228e-05 0.00023649881972394895 0.0004321293631624095 -0.0011494568128821805 3.7052492283904522e-05 -0.0019121197165312838 -0.00035012765620915759 -0.00064457668020300395 -0.00046726105363305585 0.0022549911679774185 -0.0026147667118493001 -0.00022127080368489866 0.0028327508730002257 -0.0050088616289245269 -0.00030182450366848991 0.00018591825473410377 -0.0061652266871529528 -0.0017272156628074754 -0.00028718457423826469 -0.0011356501894832461 -0.00077709153862519896 -0.0033917548998369492 0.0016491673373550076 -0.01311775346803795 6.7672757790208105e-05 0.00018490509375005787 -4.1112039838452994e-05 -0.0038933088341356979 -0.00019910717017631736 -0.003262488688591247 -0.0029187618042335901 -0.0076314703708514221 -0.0001034204492622193 0.00024908943988609025 -0.0018431375157191489 -0.00065393892261400468
leaf_weight=3175 173 175 422 316 144 230 223 164 263 202 814 231 557 291 245 520 147 241 269 141 599 120 1621 493 188 213 147 171 324 147 142 562 237 148 284 156 483 154 99 163 104 105 115 103 128 273 100 113 164 619 132
leaf_count=3175 105 87 102 56 60 94 99 60 175 110 530 139 221 107 69 132 115 181 185 121 523 80 677 113 184 213 139 167 184 147 54 562 233 120 284 152 483 142 99 163 96 89 115 103 128 273 100 109 164 303 108
internal_value=0.000370203 0.000974623 0.00155798 0.0019134 0.00151831 0.00207537 0.00174815 0.00397398 0.00122791 0.000213821 0.000943222 0.000398429 0.000807604 0.00227369 0.000240902 -0.000319817 0.000853317 0 0.000908543 -2.049e-05 -0.000348536 0.00114444 -0.000645005 -1.41915e-05 -0.000539023 8.85152e-06 0.000503419 0.00152338 -0.000160348 6.50636e-05 0.00125443 -5.18807e-05 0.000343994 -0.000487643 -0.000679195 -0.000156675 0 0.000628865 0.00132436 -0.000436348 -0.000332213 -0.000466637 -0.00072761 -1.63595e-05 -0.00058664 -0.000747417 -0.000780793 0 0 -0.000576823 -0.000431684
internal_weight=17350 9514 5295 4380 4064 3040 2810 486 2324 4219 1876 1703 2061 514 1547 2343 322 1472 510 1024 7836 261 1823 915 5328 2508 808 318 1302 745 289 1381 528 962 3947 1700 996 409 253 853 587 704 3663 340 690 3548 3275 490 277 763 456
internal_count=12230 4534 2355 2140 2084 1520 1426 262 1164 2179 1260 1155 989 206 783 919 202 1016 366 564 7696 201 787 215 5320 2376 792 306 714 493 201 1373 520 650 3947 1584 972 393 241 853 579 612 3663 336 690 3548 3275 486 273 363 292
is_linear=0
shrinkage=0.0296731


Tree=211
num_leaves=48
num_cat=0
split_feature=16 9 19 10 38 10 55 61 39 47 3 32 4 40 19 63 50 61 55 47 44 44 60 29 52 37 10 23 59 44 18 9 59 63 23 51 38 9 9 34 20 44 59 34 10 50 10
split_gain=8.55211 3.79402 9.71436 18.9405 4.60498 7.09702 4.18711 1.91727 5.90607 1.95412 2.97746 1.09227 0.948869 0.791197 1.20423 0.756775 0.716857 0.710162 0.61473 1.19567 0.380937 0.319999 0.30193 0.585287 0.24307 0.236273 0.811032 0.566353 0.543888 0.512836 0.24644 0.243811 0.174462 0.226783 0.16738 0.124355 0.120796 0.118907 0.0773278 0.0680474 0.0524348 0.104386 0.0719247 0.0245898 0.0242751 0.0073138 0.00200246
threshold=35.332610185989175 0.83827194252655779 38.512230663472295 -0.44437817810461328 0.94282892465253798 -0.26781430516217447 1009.6500000000002 2.1150000000000007 30.975000000000001 6.7500000000000009 0.99850000000000005 -0.32499999999999923 1009.0500000000001 0.050332229570140344 36.484610301652474 -0.46507230582093223 18.450000000000156 0.10500000000000002 1007.85 479.35000000000008 0.73204739408609332 0.26882055853076592 4.5950000000000006 77.65000000000002 0.99250000000000005 33.148484773140424 0.76663042157996963 28.965000000000003 3.1950000000000007 0.77569825810670523 33.184247237366137 -0.96230016621822456 3.7350000000000008 1.4472199269895045 28.755000000000006 19868.934000000005 0.47626828003423571 -0.94697898371965705 -0.72660079619119988 0.69895611853695827 34.961935432463569 0.46535468257482449 4.785000000000001 0.20762731062338965 -0.94128245028753155 625.30833333333351 0.82873938879806197
decision_type=2 2 2 2 2 2 2 2 2 2 2 2 2 2 2 2 2 2 2 2 2 2 2 2 2 2 2 2 2 2 2 2 2 2 2 2 2 2 2 2 2 2 2 2 2 2 2
left_child=16 7 3 -3 5 -5 -7 15 9 12 11 -11 22 14 -13 -2 21 -4 24 -20 -6 34 23 -9 -15 35 27 29 -28 30 43 -32 33 -17 -1 37 -34 -18 -24 -39 41 42 -33 -27 -42 -29 -37
right_child=1 2 17 4 20 6 -8 8 -10 10 -12 13 -14 18 -16 32 25 -19 19 -21 -22 -23 38 -25 -26 26 28 45 -30 -31 31 40 36 -35 -36 46 -38 39 -40 -41 44 -43 -44 -45 -46 -47 -48
leaf_value=-0.010437268599265992 6.2789826168141398e-05 0.0016508362235459482 0.00049975496576365257 0.00034520569220886229 9.3735237709249809e-05 -0.00083689509654840939 -3.1539286260208406e-05 -0.0034624176850268588 -0.0026543691191436938 -0.00020356880478241955 0.0006507046826855241 -7.2424961284792675e-05 2.4670202825022778e-05 -0.00017845524696845615 0.00062177145732880852 -0.0043795360892035047 0.0026073800558902406 -0.00011770869413203685 4.3025924119450914e-05 -0.0047932278758495567 -0.0026138514231508602 -0.008706393956537448 -0.003401775827276242 3.7571876674827462e-05 4.8525140564549557e-05 -0.0012467176595486469 -0.00011768696960937578 -0.003177779513301152 0.0033636768269318502 0.0022229818644673074 0.0012311512267530376 0.0011124559033547264 0.00010516524263396769 -0.00085379559957770093 -7.7888471012574247e-06 -0.0015561857829878619 -0.0067439043864202866 -0.0055964761262179549 -0.0013958042619470854 -0.0095553142888982739 -0.00024309878155928866 -0.0050770172666780664 -0.00030999694846244784 -0.0019544392444098536 -0.0017397218591027081 -0.0042907336572074115 9.8238268602982281e-05
leaf_weight=161 325 363 692 313 271 407 256 308 291 182 216 183 168 759 117 286 98 756 208 260 462 3054 182 199 151 102 105 834 114 131 185 123 131 164 98 120 1201 929 1026 136 120 104 134 418 259 100 148
leaf_count=161 113 79 192 65 123 195 116 156 115 106 164 171 108 543 61 146 98 164 124 156 150 3034 182 127 107 102 105 774 114 123 185 123 55 96 86 120 589 929 670 136 120 104 134 414 247 100 148
internal_value=0.000383883 0.000960167 0.00175549 0.0030587 0.00165962 0.00299367 0.00103008 0.000500566 0.00086868 0.00053347 0.00116655 0.000704049 -0.000101965 0.000382283 0.00176517 -0.000185668 -0.000361927 -2.923e-05 0 0.000942983 0 -0.000692546 -0.000370417 4.5366e-05 -0.000367134 -6.97819e-05 5.56098e-05 -5.06526e-05 0.00179847 0.00023892 0 0.000359598 -0.00047308 0 0 -0.000391641 -0.000643735 -0.00053161 -0.000643002 -0.000637685 0 0.000339585 0.000718245 -0.000431055 -0.000105714 -0.000665737 0
internal_weight=17350 9877 3520 2072 1709 976 663 6357 4250 3959 2076 1860 1883 1678 300 2107 7473 1448 1378 468 733 3313 1715 507 910 4160 2729 2510 219 1576 1445 925 1782 450 259 1431 1332 1163 1208 1065 740 361 257 520 379 934 268
internal_count=12230 4873 1084 728 649 376 311 3789 2790 2675 1432 1268 1243 1162 232 999 7357 356 930 280 273 3281 1135 283 650 4076 2645 2426 219 1552 1429 913 886 242 247 1431 644 1163 852 1065 728 361 257 516 367 874 268
is_linear=0
shrinkage=0.0296731


Tree=212
num_leaves=49
num_cat=0
split_feature=16 24 33 55 29 34 9 62 18 20 54 36 19 41 16 62 5 23 10 10 43 2 16 31 48 5 20 55 10 9 9 1 24 18 18 49 2 10 51 10 18 58 29 16 58 10 29 49
split_gain=8.1202 4.59342 6.51971 4.41316 5.57023 4.01208 7.8399 2.22276 2.84046 6.2737 1.78557 1.67373 1.15882 1.03178 1.31047 0.763971 0.721023 0.468067 0.425477 1.55518 0.574913 0.399706 0.796577 0.328542 0.411753 0.297246 0.296037 0.639621 1.52709 0.184081 0.183855 0.129555 0.107826 0.116871 0.127531 0.106796 0.0849555 0.103212 0.0840247 0.0826198 0.0799845 0.0635187 0.059224 0.0679349 0.0243247 0.0211811 0.0189041 0.0165668
threshold=35.492769440152692 30.615000000000006 40.603231638393567 1009.6500000000002 79.850000000000009 0.041673238074580052 0.73248728852523659 37.151742257064406 37.552506956338355 37.644151884327904 0.99950000000000017 0.30318168424843223 32.785017791039721 30.425833333333337 38.129181918959816 35.732694936293122 0.60355339059327384 31.970000000000002 -0.97502841500522164 -0.98518361333263327 30.699791666666673 141.35000000000005 37.864333329853665 0.42333994880914366 487.95000000000005 0.37940952255126054 33.763335721336951 1008.1500000000002 -0.8520459593969173 -0.96230016621822456 -0.66484924122790601 1.9350000000000003 28.895000000000003 33.27253631382964 34.626094694190769 520.95000000000016 399.45000000000005 0.82873938879806197 6706.0845000000018 0.95493138204271821 35.818616877914813 3.1650000000000005 84.350000000000009 35.874789001277342 5.6150000000000011 -0.99463397642532658 86.350000000000009 774.75000000000011
decision_type=2 2 2 2 2 2 2 2 2 2 2 2 2 2 2 2 2 2 2 2 2 2 2 2 2 2 2 2 2 2 2 2 2 2 2 2 2 2 2 2 2 2 2 2 2 2 2 2
left_child=16 2 3 5 -5 6 25 10 21 -10 12 -11 -7 14 15 -3 26 -15 19 -14 30 -9 -23 24 -18 -2 38 29 -29 -28 42 35 33 -30 -35 -26 -25 41 40 -39 46 -38 43 -20 -33 -31 47 -1
right_child=1 13 -4 4 -6 7 -8 8 9 11 -12 -13 18 17 -16 -17 23 -19 20 -21 -22 22 -24 36 31 -27 27 28 32 45 -32 44 -34 34 -36 -37 37 39 -40 -41 -42 -43 -44 -45 -46 -47 -48 -49
leaf_value=-0.010786777379482774 -0.0019053368876338604 3.3903243752003808e-05 0.003689105219270641 -0.00043273897940219845 0.00025734546134356109 0.00036736918116254589 -0.0048549424469960349 -0.0017036549025338289 0.00081777531722621976 -0.00082221167400361485 2.793050019630129e-06 -8.3212826225181698e-05 -0.011962612182400282 -0.00015972623571657694 0.0002985820278427409 -0.00090682586508969583 0.00093608050505558464 2.7890258367066801e-05 0.00043391254522943273 0.0012136652189803654 9.3196616375598561e-06 0.00017812856860871751 -0.00062431134422108166 0.00011647825467789796 0.00032595869218287525 0.00022871135155849638 -5.7522347340876394e-05 0.0019785813946563814 -0.0032643177089673333 -0.0042940382091157638 -0.00057660087679972324 -0.0017309020251532684 -0.0032980012297200885 0.0023093566283349694 -0.0035158069110626453 -0.0010328933258189083 -9.9303194858425044e-05 0.0014159477406506787 -0.0045497386968220413 -0.0037825405462228699 -0.0033656577943488209 -0.00200634891557163 0.0005011452907823595 -0.0054885398833433661 -0.00034171761446471203 -0.0033645616769265993 -0.012648933332271966 -0.0043222644025086489
leaf_weight=2626 155 188 237 199 342 153 178 346 343 353 186 490 224 1495 270 453 210 416 136 110 171 404 458 184 103 143 177 121 132 193 1571 225 396 133 107 98 158 153 184 174 201 568 114 379 98 1392 99 104
leaf_count=2626 107 116 33 83 170 133 54 134 123 133 154 142 224 423 106 201 194 96 136 90 43 140 106 184 103 127 177 105 132 193 967 189 372 133 107 98 154 153 184 174 201 560 114 379 98 1356 99 104
internal_value=0.000370203 0.000955914 0.00137953 0.00117793 0.00380929 0.000915657 0.00357945 0.000659136 0.00133939 0.00238226 8.44382e-05 0.000831818 -5.94282e-05 -6.81521e-06 0.000768592 0 -0.000325822 -0.000439169 -0.00024264 0.000614706 -0.000414063 0.000214479 0.000622327 0.00011817 0.000643462 0.000202378 -0.000495304 -0.000195913 0.000376784 -0.00055244 -0.000579191 0 0 0.000224197 0.000708634 0.000723423 -9.81304e-05 -0.000269312 -0.000704914 0 -0.000742598 -0.00047943 0 -0.000254566 -0.000153088 -0.000664323 -0.000784521 -0.000802411
internal_weight=17350 9514 6692 6455 541 5914 476 5438 2394 1186 3044 843 2858 2822 911 641 7836 1911 2705 334 2371 1208 862 1971 734 298 5865 2651 889 1762 2200 524 768 372 240 201 1237 1053 3214 327 3030 726 629 515 323 1585 2829 2730
internal_count=12230 4534 3592 3559 253 3306 288 3018 778 398 2240 275 2086 942 423 317 7696 519 1953 314 1639 380 246 1907 682 234 5789 2575 849 1726 1596 488 744 372 240 201 1225 1041 3214 327 3030 714 629 515 287 1549 2829 2730
is_linear=0
shrinkage=0.0296731


Tree=213
num_leaves=44
num_cat=0
split_feature=16 24 25 55 23 43 38 63 10 53 48 3 48 2 17 39 41 63 40 8 23 55 43 44 55 24 25 49 49 11 38 44 10 61 38 47 0 44 62 44 55 32 58
split_gain=7.39884 4.4038 6.52102 3.1865 5.5685 3.00008 2.46841 2.14017 7.44229 2.06731 2.29834 1.50766 1.20578 0.877946 1.45068 0.84601 0.78723 1.34139 2.77308 0.736473 0.468067 0.463395 0.385741 0.30207 0.560468 0.226026 0.140272 0.126083 0.114577 0.103923 0.086063 0.181372 0.133551 0.309916 0.562382 0.104449 0.0686164 0.0605796 0.0470254 0.0285955 0.0262183 0.023015 0.0175805
threshold=35.332610185989175 30.615000000000006 32.250000000000007 1009.4500000000002 29.285000000000004 30.491875000000007 0.76041977216328482 -0.080921478273797462 -0.54160775828284857 0.99850000000000005 113.35000000000001 0.99850000000000005 175.20000000000002 58.95000000000001 36.802845031770332 30.845000000000002 30.425833333333337 0.80688429788804872 0.050332229570140344 -0.5 31.970000000000002 1009.0500000000001 29.263125000000006 0.30977010525905985 1008.2500000000001 28.135000000000002 29.215000000000003 843.20000000000016 774.75000000000011 9.5000000000000018 1.0455789795296033 0.42418923090846961 0.95493138204271821 1.5250000000000001 1.2802788039812854 341.2000000000001 5.4850000000000012 0.27202341644555289 35.555165571981725 0.75906406615691557 1006.9500000000002 0.22499999999999967 3.9950000000000006
decision_type=2 2 2 2 2 2 2 2 2 2 2 2 2 2 2 2 2 2 2 2 2 2 2 2 2 2 2 2 2 2 2 2 2 2 2 2 2 2 2 2 2 2 2
left_child=19 2 3 5 -5 7 -7 8 13 11 -11 15 -13 36 -15 21 17 42 -19 22 -18 25 30 24 40 -9 28 37 41 -28 31 35 33 34 -32 -1 -2 -27 -37 -35 -21 -25 -3
right_child=1 16 -4 4 -6 6 -8 9 -10 10 -12 12 -14 14 -16 -17 20 18 -20 23 -22 -23 -24 26 -26 27 29 -29 -30 -31 32 -33 -34 39 -36 38 -38 -39 -40 -41 -42 -43 -44
leaf_value=0.00085233818125164933 -0.0014930021076763555 -1.2051491486737339e-05 0.0035796380014597512 6.0029182102455027e-05 9.8221737901061584e-06 0.00029384043326886644 0.00014608044277313577 7.5434295126557995e-05 -0.00043246636136118154 0.0001534692497736153 0.0002025287663104917 -0.00029722995706981748 0.00067321634379326049 -0.0001098638134806491 0.0034727495305197594 -4.5068663356854489e-05 -0.00015498666186441421 0.0002926329346434757 -4.3285090618117004e-05 -0.0069409961400256782 2.7062667716793802e-05 1.5108756483145495e-06 0.0016977020635667364 -0.009836218357738789 0.0020295072597509645 -0.0017778667822274225 -0.0029745998830150544 5.6635363180306638e-05 -0.0003822671031672904 0.0018064541325950416 0.00090919994815658078 -0.0025508724386160446 -0.0040461511673138932 -0.0033922934767817762 -0.00012101725890331217 -0.002555801739805786 -0.0017277714917694987 -0.00059969547784777743 0.00010194978765223033 0.00029409312087148577 -0.001928501633544757 -0.0028338478619353655 -0.00046716002079908841
leaf_weight=139 335 182 179 316 363 612 641 141 195 135 105 129 108 304 228 615 1495 200 250 351 416 129 181 3686 151 162 360 129 193 150 165 503 190 258 224 293 144 2084 98 133 144 254 280
leaf_count=139 171 66 27 188 151 188 153 137 59 115 81 117 84 216 88 175 423 100 118 351 96 77 121 3686 143 142 324 93 193 150 165 503 190 258 224 293 100 1568 94 129 140 254 140
internal_value=0.000354813 0.000891086 0.00128832 0.00112067 0.00311881 0.000881371 0.00220761 0.000520206 0.00161598 0.000133938 0.00278969 -1.60998e-05 0.00221606 0.000458503 0.00133423 -0.00021637 -5.96392e-05 0.000604523 0.00180301 -0.000338111 -0.000439169 -0.000474549 7.42214e-05 -0.000530827 0 -0.000594649 -0.000614993 -0.000676972 -0.000674334 0 0 -0.00022866 0.000149184 0.000401589 0.00100974 0 -0.000268672 -0.000730726 -5.42153e-05 0 -0.000407978 -0.000708927 -0.000309816
internal_weight=17350 9877 7054 6875 679 6196 1253 4943 1206 3737 240 3497 237 1011 532 3260 2823 912 450 7473 1911 2645 2184 5289 646 2516 4643 2375 4133 510 2003 1033 970 780 389 530 479 2246 391 391 495 3940 462
internal_count=12230 4873 3930 3903 339 3564 341 3223 634 2589 196 2393 201 575 304 2192 943 424 218 7357 519 2017 2116 5241 634 1940 4607 1803 4133 474 1995 1029 966 776 389 526 271 1710 387 387 491 3940 206
is_linear=0
shrinkage=0.0296731


Tree=214
num_leaves=55
num_cat=0
split_feature=16 4 23 51 34 28 48 61 18 20 16 10 58 43 21 32 23 48 23 43 59 20 31 32 45 19 18 46 18 18 59 57 43 33 20 55 43 10 32 32 30 59 10 49 23 30 57 34 55 30 31 21 23 26
split_gain=7.2654 3.30909 5.10024 3.66874 2.23565 2.94339 1.69228 2.96959 2.58348 6.92338 1.1407 2.75973 0.757067 0.718285 1.06983 2.47119 0.72451 0.63141 0.599921 1.54803 0.565383 0.473096 0.428229 0.329245 0.442264 0.31242 0.24032 0.194884 0.184501 0.350344 0.316532 0.365255 0.927001 0.241675 0.370655 0.199837 0.16781 0.131838 0.114884 0.108746 0.0872789 0.0762967 0.130256 0.0531005 0.0428598 0.0406184 0.033653 0.0263482 0.0248502 0.0181811 0.0182965 0.0101755 0.00688094 0.00310577
threshold=35.332610185989175 1009.35 29.285000000000004 28333.629000000004 0.041673238074580052 79.350000000000009 61.70000000000001 2.1150000000000007 37.552506956338355 37.759890615537962 35.729242734033178 -0.91583036384466876 4.5250000000000012 30.459166666666668 30.325000000000003 -0.17500000000000068 31.175000000000004 8.2500000000000018 30.705000000000002 30.699791666666673 4.0250000000000012 37.324693251298491 -0.31425924643344766 -0.2349999999999994 2429.0610000000006 36.769806825303142 35.818616877914813 30.945000000000004 34.959360307194473 33.155199900871132 3.0350000000000006 1007.5500000000001 28.826458333333338 34.47349525646441 34.301256514971676 1008.7500000000001 28.977083333333336 -0.52705818521824699 0.95000000000000118 0.12500000000000003 83.65000000000002 5.9650000000000007 0.84750952922804634 268.75000000000006 28.235000000000003 79.15000000000002 1009.85 0.14543598071809458 1012.1500000000002 88.750000000000014 0.29421880896775227 28.925000000000004 28.545000000000005 78.950000000000017
decision_type=2 2 2 2 2 2 2 2 2 2 2 2 2 2 2 2 2 2 2 2 2 2 2 2 2 2 2 2 2 2 2 2 2 2 2 2 2 2 2 2 2 2 2 2 2 2 2 2 2 2 2 2 2 2
left_child=17 3 -3 4 5 12 13 18 10 -10 11 -9 -2 22 15 -15 -16 26 19 25 -4 37 23 -6 -25 46 39 -20 29 38 53 33 35 34 -32 -33 -28 47 40 43 48 42 -40 49 -41 -39 -8 -12 -19 50 -1 -38 -46 -31
right_child=1 2 20 -5 6 -7 7 8 9 -11 21 -13 -14 14 16 -17 -18 28 27 -21 -22 -23 -24 24 -26 -27 36 -29 -30 30 31 32 -34 -35 -36 -37 51 45 41 44 -42 -43 -44 -45 52 -47 -48 -49 -50 -51 -52 -53 -54 -55
leaf_value=-0.0098290122982309085 -0.011690269435992256 2.663454902725452e-05 -9.5455906238099781e-05 -0.0016827060517003662 -0.0024491861525049166 0.00035144119499721474 -0.0053885680760852811 0.00067023266632119504 0.00077894131422277541 2.4852146743195728e-05 -0.0011999916224655536 -0.0010551939066940992 0.00028921926290980304 -0.00049953382494637925 -0.00019596285584476874 0.0002050350226787423 0.00014166933741985828 -0.0021070444188306548 -0.0013459133824043042 0.00027064306961498965 -6.0475987695461253e-05 0.00057658627257996633 -0.00015177562168713376 -5.5371459676780798e-06 -0.0067890424683344419 -0.00047475613085298069 0.0024355159647360815 -0.00017573528928474592 -0.0025061310913514251 -0.0088372731349389329 -0.0047319225619837611 -0.00036347955106804227 0.0030453756193495902 -0.00183464878535635 0.0009373366005837303 0.0032607134519937039 -0.0082932003944054308 -0.00036486141959043842 -0.0012061363881064782 -0.004888472036543752 6.954958283405956e-05 -0.0015848719395431508 0.0017104934427147722 -0.0047806730724511198 0.0020488102111137262 0.00060615703845879286 -0.00026181379152788643 -0.0010036944807299975 -0.0021804242518292474 -0.0059224256990522989 -0.007288626785362985 -0.0019551817920076815 -0.0028996321609918193 -0.00029232061646004988
leaf_weight=2803 256 295 213 485 315 272 426 136 233 357 227 148 232 231 726 283 354 769 760 203 275 339 1331 136 120 326 102 495 467 177 99 219 133 318 136 127 220 126 134 326 98 202 149 228 134 101 133 343 112 98 100 98 123 101
leaf_count=2783 120 175 113 93 259 164 310 104 89 161 195 136 112 99 198 115 90 769 200 43 103 163 843 100 96 118 98 127 447 149 99 219 133 302 136 127 220 114 130 318 98 198 149 228 130 85 105 243 112 98 100 98 115 101
internal_value=0.000344553 0.000876068 0.00277686 0.000698635 0.000540022 0.00210907 0.000372337 0.000765768 0.00160263 0.00332039 0.000800842 0.00253516 0.000444663 -8.37053e-05 0.000337714 0.00146923 -9.29e-05 -0.00034208 0 0.000553754 0.000626187 0.00025828 -0.000499363 0 0.000954139 0 -0.000581274 -0.000392655 0 6.16554e-05 0.000445161 0.000717985 0.00133257 0 0.000867301 0.000137021 0 0 -0.000200507 -0.000656168 -0.000403909 0 0.000467744 -0.000733322 -2.4268e-05 0.000411183 -0.000410095 -0.000367482 -0.000517912 -0.000770813 -0.000787212 -0.000234198 0 -0.000140618
internal_weight=17350 9877 783 9094 8609 760 7849 4353 2010 590 1420 284 488 3496 1594 514 1080 7473 2343 1088 488 1136 1902 571 256 885 4232 1255 3241 2774 1310 1032 479 553 235 346 420 797 1464 3812 979 485 283 3229 583 227 559 570 881 3001 2903 318 257 278
internal_count=12230 4873 391 4482 4389 396 3993 2193 1290 250 1040 240 232 1800 502 214 288 7357 903 576 216 800 1298 455 196 533 4188 327 3169 2722 1266 1016 479 537 235 346 416 637 1456 3772 979 477 279 3209 563 199 415 438 881 2981 2883 318 245 250
is_linear=0
shrinkage=0.0296731


Tree=215
num_leaves=50
num_cat=0
split_feature=33 47 57 20 9 32 38 53 63 61 34 25 28 60 50 9 26 57 33 57 24 5 21 63 28 63 40 48 37 4 24 37 27 9 44 30 60 32 56 44 9 9 50 28 44 50 21 62 62
split_gain=7.05685 4.10382 3.99207 3.06089 4.50565 6.77821 5.2343 2.924 3.65754 1.3143 1.24012 1.0064 0.854419 1.47494 0.697254 0.64263 1.95247 0.7783 0.757172 0.380029 0.291479 0.261916 0.257762 0.414273 0.188735 0.33333 0.256084 0.491855 0.183134 0.316769 0.176635 0.167377 0.151346 0.132112 0.115487 0.125247 0.0772786 0.051313 0.0497389 0.242367 0.0630283 0.104555 0.0414495 0.0262302 0.0195419 0.0101028 0.0136937 0.00938305 0.00696425
threshold=35.272529585827932 864.25000000000011 1006.2500000000001 37.644151884327904 0.30901413279605805 -0.20000000000000104 0.47626828003423571 0.26200000000000007 0.80688429788804872 2.1750000000000003 0.3123737364450222 30.525000000000002 80.050000000000011 8.4350000000000005 17.06666666666688 0.83827194252655779 78.850000000000009 1005.5500000000001 38.642592109216658 1007.0500000000001 30.705000000000002 0.78656609248549325 29.685000000000006 0.64947653999409394 80.450000000000017 0.9318153582641352 0.047258156266067657 288.10000000000008 33.148484773140424 1009.35 28.345000000000002 34.896235139771221 74.250000000000014 -0.96230016621822456 0.26162777795083608 87.15000000000002 0.21500000000000002 0.73499999999999954 1008.9500000000002 0.43978986624233474 0.090250774277322809 -0.96230016621822456 651.17500000000018 85.250000000000014 0.47521114673307124 485.46666666666692 28.975000000000005 36.208176604584374 35.425267305039533
decision_type=2 2 2 2 2 2 2 2 2 2 2 2 2 2 2 2 2 2 2 2 2 2 2 2 2 2 2 2 2 2 2 2 2 2 2 2 2 2 2 2 2 2 2 2 2 2 2 2 2
left_child=11 2 15 4 12 9 -7 -8 -9 -6 19 14 13 30 34 17 20 21 22 -5 -17 32 23 -19 25 33 27 -26 37 -30 -4 -14 -2 -16 -1 48 -21 -27 40 -40 41 -28 47 -43 -32 46 -41 -35 -36
right_child=1 -3 3 10 5 6 7 8 -10 -11 -12 -13 31 -15 24 16 -18 18 -20 36 -22 -23 -24 -25 26 28 38 -29 29 -31 44 -33 -34 42 35 -37 -38 -39 39 45 -42 43 -44 -45 -46 -47 -48 -49 -50
leaf_value=-0.0021745115860387085 -0.0021254719994347727 0.0017487707943300013 0.00011127082607487552 3.6874046883726781e-06 -0.0028655635805383125 -0.0013719841929935421 -0.0007381732920137031 0.00047723460612275826 0.00023593144607848184 0.00025398195501826534 -7.5886329862819388e-06 0.00061245100356253825 -0.00017019854634948845 0.0027065855315316504 8.2883811612845316e-05 4.2545200374971918e-05 0.0003983787842652091 0.00030735160618696253 0.0001100128741001754 -0.00060944179445014365 -0.00033583120341568222 -0.00048880124818914488 -0.00030888578745062121 -0.007366300330270463 0.0018062792945952443 -0.0096341702959992503 3.1586909118149867e-05 -0.00012466633746702796 -0.00027149592542446098 0.0032617431096698415 0.0004462252388930629 -0.0040551697774374529 -0.0010365107827422235 -0.0032892251743050671 -0.011222912208928197 -0.0019968835728485161 -0.001723249882632141 0.00052960390210955656 0.0029794057418362418 -0.0018516582545250102 0.0024803426122611593 -0.0034011593770034688 -0.00011054169063802273 -0.00080842940000286627 -0.0039072618859233629 6.2203339083584933e-06 -0.001056919285392087 -0.001691680718293365 -0.0015828301175650173
leaf_weight=207 171 719 152 467 392 158 186 473 293 279 408 123 130 139 129 419 594 174 215 239 564 246 365 121 145 298 194 174 104 178 127 494 1546 1144 2564 216 713 108 98 288 132 490 161 117 200 112 113 155 116
leaf_count=207 79 183 136 167 192 66 114 189 169 151 132 83 130 119 129 95 174 150 63 51 132 158 193 121 145 298 194 166 104 178 127 490 954 1132 2560 216 273 108 98 288 124 490 161 117 184 112 113 107 108
internal_value=0.000378753 0.000895771 0.000710943 0.0012994 0.00188607 0.00285449 0.00428636 0.00324679 0.00405511 0.000302231 0.000262423 -0.000305931 0.000398905 0.00121719 -0.000365635 3.72067e-05 0.000538807 -0.000199834 0.000464639 -7.42923e-05 -0.000164981 -0.000556786 0 0.000612503 -8.01474e-05 -0.000277266 9.70149e-05 0.000869591 0.000143931 0.000785528 0.000161421 -0.000223059 -0.000698921 -0.000534369 -0.000707847 -0.00075625 -0.000483425 -1.22624e-05 0 0.000128619 -0.000189661 -0.000333103 -0.000624726 -0.000545296 0 0 -0.000148497 -0.000683088 -0.000811837
internal_weight=17350 9984 9265 4850 3023 1781 1110 952 766 671 1827 7366 1242 618 7243 4415 1577 2838 875 1419 983 1963 660 295 4140 2277 1863 319 688 282 479 624 1717 1589 3103 2896 952 406 1544 611 933 801 1460 607 327 513 401 1299 2680
internal_count=12230 4992 4809 2690 2067 881 538 472 358 343 623 7238 1186 566 7155 2119 401 1718 527 491 227 1191 464 271 4064 2217 1847 311 688 282 447 620 1033 1529 3091 2884 324 406 1536 611 925 801 1400 607 311 513 401 1239 2668
is_linear=0
shrinkage=0.0296731


Tree=216
num_leaves=53
num_cat=0
split_feature=21 24 20 4 30 62 20 43 10 20 25 62 60 42 50 26 61 50 46 63 23 56 50 63 25 23 27 44 44 20 24 19 44 26 61 10 31 10 3 49 44 43 30 32 30 19 3 25 58 59 47 49
split_gain=6.42229 5.00732 6.07958 4.89617 7.67295 3.68629 3.09387 2.2028 1.90166 1.21171 2.16196 1.10082 3.00654 0.936858 1.35091 0.889984 1.33465 0.596515 0.429778 1.06169 0.41892 0.486027 0.354675 0.335735 0.312137 0.268204 0.201377 0.200535 0.19371 0.190736 0.181827 0.160242 0.151415 0.13315 0.209039 0.132331 0.216992 0.122757 0.387968 0.095952 0.0797371 0.0714166 0.0577765 0.0412676 0.0425133 0.0327962 0.0241013 0.0229038 0.022176 0.0157743 0.0153381 1.09445e-05
threshold=29.385000000000002 30.615000000000006 40.403568151287239 1009.35 76.250000000000014 36.934118729188775 36.740554360791741 30.699791666666673 -0.78295110140207591 37.138463995738213 29.745000000000001 34.567635771313967 0.13500000000000004 0.38586914831602165 334.50000000000011 71.450000000000017 0.9850000000000001 3.2083333333333717 27.985000000000003 0.39662044456852114 28.995000000000001 1006.4500000000002 17.06666666666688 -0.46507230582093223 28.905000000000005 31.970000000000002 80.850000000000009 0.76601784118322647 0.40090104504234253 33.306443442219695 29.625000000000004 32.562905687904696 0.30492916140712178 83.350000000000009 4.9150000000000009 0.50494235051780223 -0.060661683413368188 -0.32533003375364639 0.40150000000000008 10.850000000000003 0.41495274248427833 28.832708333333336 88.550000000000011 0.73499999999999954 82.65000000000002 33.184247237366137 0.99650000000000005 29.185000000000006 4.8550000000000013 6.8750000000000009 658.35000000000002 40.050000000000004
decision_type=2 2 2 2 2 2 2 2 2 2 2 2 2 2 2 2 2 2 2 2 2 2 2 2 2 2 2 2 2 2 2 2 2 2 2 2 2 2 2 2 2 2 2 2 2 2 2 2 2 2 2 2
left_child=11 2 3 5 13 15 -7 8 -8 10 48 22 -13 -5 -15 16 37 -17 27 20 21 -20 39 -10 -19 26 -11 28 33 43 -25 -26 -33 34 41 40 -37 -2 -39 42 -31 -14 -1 44 -24 -30 -34 -35 -3 -36 -38 -41
right_child=1 9 -4 4 -6 6 7 -9 23 25 -12 12 18 14 -16 17 -18 24 19 -21 -22 -23 29 30 31 -27 -28 -29 45 35 -32 32 46 47 49 36 50 38 -40 51 -42 -43 -44 -45 -46 -47 -48 -49 -50 -51 -52 -53
leaf_value=-0.012953876034304361 -0.0039047948086184951 -0.0021816324695595186 0.0034714586699850472 -0.0014614832592787542 0.00024446782468947562 0.00046611852078961544 7.9483345566745735e-05 -0.00037553890070230481 -0.00041595568451598835 -0.00037333610037422178 0.00020145795811846303 0.00011993898511526256 0.00056817412154205427 0.00019413993662847695 -0.00049800104029980481 0.00061797026465667843 0.00015787214458206909 0.0011727147714308439 -0.00021114484777672967 0.0012512678245339061 -0.0032986110161229891 0.0027396925530825617 -0.0073587217784409501 -0.00064753953842888983 -3.4678858694326937e-05 -0.00014803114757353891 -3.3828862659297351e-05 0.003261131990243317 -0.001152922391858888 0.0013299313394306408 -0.00026362641334907002 -3.8116883324426759e-05 -0.00031150551347479427 -0.0042737195776726081 -0.0011441649082939908 0.0026775781366642696 -0.0040436213398305715 -0.001543052748256003 0.00062826765120869033 0.00024528100203508567 -0.0032060112678231473 0.0007485601052423836 -0.003492326379390336 -0.00071900781210745769 -0.0022664604023387895 -0.0023562775331464622 -0.0014131114693739077 -0.0013057005282703172 6.0414732867733711e-05 0.00012546967596780152 0.00014744061591697967 -0.0094207288267930331
leaf_weight=2615 198 239 215 179 270 560 355 486 306 1432 273 93 121 168 161 131 167 128 184 125 420 99 563 332 125 391 331 107 166 118 700 177 1540 336 231 152 162 145 114 107 341 117 118 269 102 935 136 103 153 121 98 135
leaf_count=2615 86 103 35 99 146 176 123 114 134 416 113 65 121 88 117 107 119 124 184 105 404 91 563 88 113 87 123 95 166 118 240 145 1140 336 231 152 162 129 78 107 341 113 118 269 102 887 116 79 93 121 98 135
internal_value=0.000370203 0.000897118 0.00134611 0.00115638 0.00340872 0.000820899 0.0016 0.00101502 0.000423532 -0.000111048 0.000935404 -0.000239647 0.00016195 0.000973728 0.0019805 3.2735e-05 0.0010549 -0.000200065 0 0.000577055 0 0.000987599 -0.000529807 -2.85004e-06 -0.000368293 -0.000489994 -0.00065348 -0.000213316 -0.000318505 -0.000117201 -0.000342766 -0.000499378 -0.000584998 0 0.000264915 9.71261e-05 0.000546262 0 0.000592421 -0.000739872 -4.87974e-05 0.000968802 -0.00079166 -0.000443917 -0.000575269 -0.000592139 -0.000676569 -0.000414025 -0.000206808 0 0 0
internal_weight=17350 9412 6593 6378 778 5600 2739 2179 1693 2819 665 7938 3158 508 329 2861 624 2237 3065 828 703 283 4780 1338 2106 2154 1763 2237 2130 1805 1032 1978 1853 1029 590 871 412 457 259 2975 459 238 2733 934 665 1101 1676 439 392 352 260 242
internal_count=12230 4452 3517 3482 450 3032 875 699 585 935 309 7778 2998 304 205 2157 412 1745 2933 784 679 275 4780 462 1638 626 539 2149 2054 1805 328 1514 1401 1001 586 871 412 293 207 2975 459 234 2733 934 665 1053 1256 415 196 352 260 242
is_linear=0
shrinkage=0.0296731


Tree=217
num_leaves=48
num_cat=0
split_feature=9 10 2 58 37 18 36 44 34 9 41 40 7 2 9 57 9 37 37 9 45 9 45 33 26 34 23 28 27 47 40 9 10 1 55 2 2 36 18 40 3 3 23 32 32 46 40
split_gain=6.69208 7.34087 5.85487 4.08219 3.41919 9.15601 5.32301 3.05374 4.53037 2.9316 1.548 1.41073 1.33839 0.73354 0.68425 0.61214 0.651322 1.16113 1.61304 0.67513 0.791611 0.682105 0.58708 0.896344 1.92564 0.557562 0.299989 0.481295 0.882885 0.236106 0.193228 0.164079 0.160631 0.13605 0.134848 0.0743255 0.0674484 0.0560577 0.0474492 0.0467216 0.0268945 0.00952303 0.00642173 0.00381009 0.0288064 0.00107458 2.37053e-05
threshold=0.30081702196488996 -0.94128245028753155 31.350000000000005 5.4050000000000011 39.393873757161565 37.864333329853665 0.30318168424843223 0.61612826458651371 0.29838228615949336 0.83827194252655779 31.422500000000003 0.015275252333849168 -1.0000000180025095e-35 524.15000000000009 -0.15855791680139872 1005.4500000000002 -0.45206801762443477 33.769195623291758 34.986659032208117 -0.81403855522663837 2356.8025000000002 -0.9852109833579612 2382.8410000000003 37.781410111464652 81.450000000000017 0.088912500200537731 29.295000000000005 82.350000000000009 75.550000000000011 353.30000000000001 0.036055512764276938 0.94697898371965716 0.41326329957804331 2.5950000000000002 1011.4500000000002 239.05000000000004 53.750000000000007 0.35703986196515836 36.669953730900353 0.13203534880230575 0.96350000000000013 0.17550000000000002 26.675000000000004 0.40000000000000396 0.5749999999999994 29.085000000000004 0.16623276853144311
decision_type=2 2 2 2 2 2 2 2 2 2 2 2 2 2 2 2 2 2 2 2 2 2 2 2 2 2 2 2 2 2 2 2 2 2 2 2 2 2 2 2 2 2 2 2 2 2 2
left_child=12 -2 10 4 5 7 -7 8 13 -10 11 -3 14 38 15 36 19 46 -19 20 32 -22 -13 24 -24 -9 27 28 -27 -21 -25 45 39 -31 43 -16 -1 -26 -4 -17 -37 -28 -36 -14 -45 -5 -18
right_child=1 2 3 31 -6 6 -8 25 9 -11 -12 22 34 -15 35 16 17 18 -20 29 21 -23 23 30 37 26 41 -29 -30 33 -32 -33 -34 -35 42 40 -38 -39 -40 -41 -42 -43 -44 44 -46 -47 -48
leaf_value=-0.0052259867775911809 0.0031736615242801088 0.00025179394552177372 -4.6964893365818272e-05 -0.0013397838518928503 -0.0015258757624715194 0.0002832533488381641 -0.0075195506704215714 -0.00061567574043396749 0.00046252201573232065 2.647920635983067e-06 0.00047281858418977572 -0.0024698796673033362 -0.0071415850725957521 0.00063997759296120739 -0.0088039204369094685 -0.00098933194412793293 -2.4289712012496353e-05 0.0014213666856751016 7.6354048393570802e-05 -0.0043544734194661434 -0.0025452153686848279 0.0025988578740852668 0.00026979666367365964 -7.6600032471497393e-05 -0.0030749638114602675 -0.0010948014780661909 -0.00022612421798956514 -0.0024701441794950942 0.002526321022667971 0.00025318837845570493 -0.00059033439375389492 -0.00083363631354115236 0.00044601456773994994 -0.0019567451737924737 -0.011033504775637522 -0.0059894733308237212 7.1867396075305808e-05 -0.00022359293460821354 -0.00024238773036694541 0.00014338874162336601 0.0038508404472203869 -0.0026137272692656451 5.6140214823694133e-05 -0.000850971135195833 -0.0024486592626797353 -0.0040655262824180541 0.00051343878829567555
leaf_weight=495 200 300 200 496 744 431 388 275 234 244 410 1865 2921 364 646 323 109 131 110 511 99 170 230 273 269 157 374 180 105 121 818 219 98 169 157 194 98 109 216 138 99 305 143 356 608 150 98
leaf_count=495 96 156 124 308 180 139 112 139 98 104 106 1301 2913 144 610 319 105 115 90 511 99 170 94 85 201 137 106 140 89 121 298 71 98 169 157 182 98 85 88 138 99 105 143 352 588 54 98
internal_value=0.000394143 0.000922967 0.000787325 0.00146795 0.00185293 0.00224379 0.00503652 0.0013334 0.00240721 0.00473443 0 -0.000206514 -0.00023905 0.000818774 0.000153804 0.000420701 0.000680379 0.00174909 0.0031403 0.00031137 0.000934391 0.00228714 -0.000398609 0 0.00091143 0.000278161 0 0.000582835 0.00147343 -0.000185365 -0.000507998 -0.00027158 6.44205e-05 0.000232271 -0.000606152 -0.000477808 -0.000287999 -0.000103651 0 0 0 -0.00040755 0 -0.00065293 -0.000273542 -0.000566041 0
internal_weight=17350 9556 9356 5082 4217 3473 819 2654 1258 478 4274 3864 7794 780 3609 2670 2077 448 241 1629 828 269 3564 1699 608 1396 1121 442 262 801 1091 865 559 290 4185 939 593 378 416 461 293 679 300 3885 964 646 207
internal_count=12230 4560 4464 2138 1705 1525 251 1274 558 202 2326 2220 7670 356 3517 2626 2033 408 205 1625 824 269 2064 763 380 716 577 366 226 801 383 433 555 290 4153 891 593 286 212 457 281 211 300 3853 940 362 203
is_linear=0
shrinkage=0.0296731


end of trees

feature_importances:
doy_sin=273
temp_c_lag1h=227
temp_c_lag24h=184
doy_cos=179
heat_index_c_roll24h_std=159
hi_residual_lag1h=156
heat_index_c_lag24h=152
temp_c_roll24h_std=152
_hi_clim=147
rh_lag12h=145
wind_ms_lag3h=123
pressure_hpa_lag6h=122
solar_wm2=117
precip_mm_lag3h=114
solar_wm2_lag3h=111
heat_index_c_lag12h=99
solar_wm2_roll6h_mean=99
temp_c_roll24h_mean=96
pressure_hpa_lag1h=93
hi_change_3h=89
solar_wm2_lag1h=86
heat_index_c_roll24h_mean=84
rh_lag24h=83
heat_index_c_lag1h=80
temp_c_lag12h=77
temp_x_solar=76
cloud_cover=75
pressure_hpa=72
temp_change_3h=71
temp_x_rh=71
precip_mm_lag1h=70
wind_ms_lag1h=69
temp_c_roll3h_mean=68
heat_index_c_roll3h_mean=67
temp_c_lag6h=66
rh_lag6h=66
pressure_hpa_lag3h=66
rh_lag1h=65
cloud_cover_lag6h=65
solar_wm2_lag6h=64
temp_c_roll3h_std=63
temp_c_roll6h_std=63
cloud_cover_lag3h=63
precip_mm=62
cloud_cover_lag1h=61
heat_index_c_roll3h_std=59
hour_sin=56
temp_c_lag3h=56
heat_index_c_roll6h_std=52
heat_index_c_lag6h=51
heat_index_c_lag3h=49
rh_lag3h=39
wind_ms=37
temp_c_roll6h_mean=37
heat_index_c_roll6h_mean=33
month=32
temp_x_evening=32
hour_cos=28
local_hour_sin=24
local_hour_cos=21

parameters:
[boosting: gbdt]
[objective: quantile]
[metric: quantile]
[tree_learner: serial]
[device_type: cpu]
[data_sample_strategy: bagging]
[data: ]
[valid: ]
[num_iterations: 2000]
[learning_rate: 0.0296731]
[num_leaves: 188]
[num_threads: -1]
[seed: 123]
[deterministic: 0]
[force_col_wise: 0]
[force_row_wise: 0]
[histogram_pool_size: -1]
[max_depth: -1]
[min_data_in_leaf: 98]
[min_sum_hessian_in_leaf: 0.001]
[bagging_fraction: 0.757422]
[pos_bagging_fraction: 1]
[neg_bagging_fraction: 1]
[bagging_freq: 0]
[bagging_seed: 19053]
[bagging_by_query: 0]
[feature_fraction: 0.716527]
[feature_fraction_bynode: 1]
[feature_fraction_seed: 13104]
[extra_trees: 0]
[extra_seed: 3265]
[early_stopping_round: 0]
[early_stopping_min_delta: 0]
[first_metric_only: 0]
[max_delta_step: 0]
[lambda_l1: 4.01122]
[lambda_l2: 2.3979]
[linear_lambda: 0]
[min_gain_to_split: 0]
[drop_rate: 0.1]
[max_drop: 50]
[skip_drop: 0.5]
[xgboost_dart_mode: 0]
[uniform_drop: 0]
[drop_seed: 23075]
[top_rate: 0.2]
[other_rate: 0.1]
[min_data_per_group: 100]
[max_cat_threshold: 32]
[cat_l2: 10]
[cat_smooth: 10]
[max_cat_to_onehot: 4]
[top_k: 20]
[monotone_constraints: ]
[monotone_constraints_method: basic]
[monotone_penalty: 0]
[feature_contri: ]
[forcedsplits_filename: ]
[refit_decay_rate: 0.9]
[cegb_tradeoff: 1]
[cegb_penalty_split: 0]
[cegb_penalty_feature_lazy: ]
[cegb_penalty_feature_coupled: ]
[path_smooth: 0]
[interaction_constraints: ]
[verbosity: -1]
[saved_feature_importance_type: 0]
[use_quantized_grad: 0]
[num_grad_quant_bins: 4]
[quant_train_renew_leaf: 0]
[stochastic_rounding: 1]
[linear_tree: 0]
[max_bin: 255]
[max_bin_by_feature: ]
[min_data_in_bin: 3]
[bin_construct_sample_cnt: 200000]
[data_random_seed: 440]
[is_enable_sparse: 1]
[enable_bundle: 1]
[use_missing: 1]
[zero_as_missing: 0]
[feature_pre_filter: 1]
[pre_partition: 0]
[two_round: 0]
[header: 0]
[label_column: ]
[weight_column: ]
[group_column: ]
[ignore_column: ]
[categorical_feature: ]
[forcedbins_filename: ]
[precise_float_parser: 0]
[parser_config_file: ]
[objective_seed: 32363]
[num_class: 1]
[is_unbalance: 0]
[scale_pos_weight: 1]
[sigmoid: 1]
[boost_from_average: 1]
[reg_sqrt: 0]
[alpha: 0.97]
[fair_c: 1]
[poisson_max_delta_step: 0.7]
[tweedie_variance_power: 1.5]
[lambdarank_truncation_level: 30]
[lambdarank_norm: 1]
[label_gain: ]
[lambdarank_position_bias_regularization: 0]
[eval_at: ]
[multi_error_top_k: 1]
[auc_mu_weights: ]
[num_machines: 1]
[local_listen_port: 12400]
[time_out: 120]
[machine_list_filename: ]
[machines: ]
[gpu_platform_id: -1]
[gpu_device_id: -1]
[gpu_use_dp: 0]
[num_gpu: 1]

end of parameters

pandas_categorical:[]
