tree
version=v4
num_class=1
num_tree_per_iteration=1
label_index=0
max_feature_idx=70
objective=quantile
feature_names=wind_ms precip_mm solar_wm2 cloud_cover pressure_hpa blh_m hour_sin hour_cos local_hour_sin local_hour_cos doy_sin doy_cos month station_enc lat lon elevation_m heat_index_c_lag1h heat_index_c_lag3h heat_index_c_lag6h heat_index_c_lag12h heat_index_c_lag24h heat_index_c_lag48h heat_index_c_lag72h temp_c_lag1h temp_c_lag3h temp_c_lag6h temp_c_lag12h temp_c_lag24h temp_c_lag48h temp_c_lag72h rh_lag1h rh_lag3h rh_lag6h rh_lag12h rh_lag24h rh_lag48h rh_lag72h hi_change_3h temp_change_3h heat_index_c_roll3h_mean heat_index_c_roll3h_std heat_index_c_roll6h_mean heat_index_c_roll6h_std heat_index_c_roll24h_mean heat_index_c_roll24h_std temp_c_roll3h_mean temp_c_roll3h_std temp_c_roll6h_mean temp_c_roll6h_std temp_c_roll24h_mean temp_c_roll24h_std temp_x_rh temp_x_evening solar_wm2_lag1h solar_wm2_lag3h solar_wm2_lag6h solar_wm2_roll6h_mean temp_x_solar cloud_cover_lag1h cloud_cover_lag3h cloud_cover_lag6h pressure_hpa_lag1h pressure_hpa_lag3h pressure_hpa_lag6h wind_ms_lag1h wind_ms_lag3h precip_mm_lag1h precip_mm_lag3h _hi_clim hi_residual_lag1h
feature_infos=[0.02:12.460000000000001] [0:317.81] [0:1002.6] [0:1] [999.89999999999998:1017.8] none [-1:1] [-1:1] [-1:1] [-1:1] [-0.99999073973619013:0.99999073973619013] [-0.99996295911626554:1] [1:12] none none none none [20.193010041414773:41.478742012848556] [20.193010041414773:41.478742012848556] [20.193010041414773:41.478742012848556] [20.193010041414773:41.478742012848556] [20.193010041414773:41.478742012848556] [20.193010041414773:41.478742012848556] [20.193010041414773:41.478742012848556] [19.760000000000002:33.990000000000002] [19.760000000000002:33.990000000000002] [19.760000000000002:33.990000000000002] [19.760000000000002:33.990000000000002] [19.760000000000002:33.990000000000002] [19.760000000000002:33.990000000000002] [19.760000000000002:33.990000000000002] [45.399999999999999:95.900000000000006] [45.399999999999999:95.900000000000006] [45.399999999999999:95.900000000000006] [45.399999999999999:95.900000000000006] [45.399999999999999:95.900000000000006] [45.399999999999999:95.900000000000006] [45.399999999999999:95.900000000000006] [-8.2146513491539537:10.654833628507472] [-3.7799999999999976:6.9400000000000013] [20.337041452610382:41.3613806450143] [0.00082539979127001597:5.7317798557214683] [20.53870511976768:41.077662116218626] [0.01094466395076415:5.5044191916652867] [23.601816821639577:40.084478575803203] [0.13788157448049526:5.2925208432499176] [19.856666666666669:33.75333333333333] [0:3.4302380869749531] [20.080000000000002:33.363333333333337] [0.0075277264768823125:3.7881627032990655] [22.664583333333336:31.47583333333333] [0.071743302473312412:3.6001605992759678] [1297.7639999999999:2627.6799999999998] [0:33.409999999999997] [0:1002.6] [0:1002.6] [0:1002.6] [0:881.66666666666697] [0:31524.726999999999] [0:1] [0:1] [0:1] [999.89999999999998:1017.8] [999.89999999999998:1017.8] [999.89999999999998:1017.8] [0.02:12.460000000000001] [0.02:12.460000000000001] [0:317.81] [0:317.81] [22.151447454483893:38.639121594221415] [-10.365145180573514:8.4554381394728395]
tree_sizes=3374 3572 3585 3589 3585 3567 3544 3592 3558 3592 3594 3604 3569 3566 3584 3590 3563 3588 3577 3595 3568 3589 3582 3579 3581 3606 3599 3585 3570 3593 3585 3587 3597 3605 3578 3580 3565 3610 3609 3606 3605 3597 3592 3594 3568 3585 3581 3604 3587 3575 3548 3578 3571 3577 3573 3606 3603 3586 3615 3594 3593 3599 3607 3605 3559 3596 3599 3574 3603 3599 3585 3594 3608 3584 3606 3603 3587 3601 3610 3599 3580 3608 3566 3597 3609 3585 3590 3577 3608 3591 3591 3606 3565 3592 3606 3609 3583 3592 3580 3596 3585 3564 3633 3591 3560 3608 3555 3563 3589 3613 3586 3611 3614 3612 3633 3573 3605 3603 3589 3567 3621 3608 3610 3602 3609 3613 3570 3575 3624 3602 3580 3580 3615 3600 3628 3592 3608 3573 3604 3608 3605 3602 3626 3589 3611 3603 3600 3606 3615 3612 3590 3605 3598 3595 3600

Tree=0
num_leaves=32
num_cat=0
split_feature=35 6 69 37 69 33 69 51 27 24 51 31 64 60 6 64 63 31 44 6 37 49 45 62 2 1 35 45 64 48 37
split_gain=411.12 127.818 82.3156 57.7837 49.0301 33.2804 24.1239 18.7794 18.2508 23.3761 17.3988 16.7325 15.5678 12.275 9.60329 9.59642 9.51353 8.61599 11.451 8.61123 8.57387 8.26746 7.31674 7.30143 6.89827 6.84149 6.46214 5.40412 4.68156 4.49482 4.36324
threshold=76.750000000000014 0.12940952255126045 30.328770554340302 78.65000000000002 26.352333879290406 74.750000000000014 25.880592859264244 1.3972713432762642 26.255000000000006 29.505000000000006 1.1315536557231933 78.450000000000017 1011.5500000000001 0.15150000000000002 1.0000000180025095e-35 1007.1500000000002 1005.7500000000001 77.550000000000011 27.218983144045342 -0.25881904510252113 80.850000000000009 0.10515068552516869 2.7186290031196632 1008.7500000000001 179.20000000000002 4.8850000000000007 72.550000000000011 0.87941933681909545 1007.0500000000001 30.125833333333336 79.950000000000017
decision_type=2 2 2 2 2 2 2 2 2 2 2 2 2 2 2 2 2 2 2 2 2 2 2 2 2 2 2 2 2 2 2
left_child=3 2 4 6 12 -6 -1 14 -3 15 19 24 13 -2 -5 -10 -11 -7 -19 -4 29 -20 -23 -15 28 -13 -16 -18 -8 -21 -17
right_child=1 8 10 7 5 17 11 -9 9 16 -12 25 -14 23 26 30 27 18 21 20 -22 22 -24 -25 -26 -27 -28 -29 -30 -31 -32
leaf_value=79.216096419863376 79.238635704698865 79.132379216564914 79.256345098916327 79.227366123695731 79.140428952375501 79.142854154535982 79.161358314614731 79.125939403350586 79.219316387885144 79.195167180453367 79.1919472124316 79.156528423996676 79.245245461037527 79.225279350945129 79.154918501400402 79.172627895617865 79.148478688186088 79.184815138445146 79.1919472124316 79.232195891484551 79.249905408531234 79.25312525372378 79.1919472124316 79.177457786235905 79.071201175272719 79.214486497267103 79.201606993667681 79.175847740810411 79.092130537511949 79.1919472124316 79.204826838860228
leaf_weight=71.894275724887848 171.70787745714188 198.42941123247147 2410.3917291164398 340.34479692578316 482.17063221335411 87.705540478229523 72.592949479818344 211.9461841583252 720.43287873268127 189.68171799182892 159.24801850318909 282.41182082891464 452.39991897344589 187.52982202172279 141.26451331377029 428.52977454662323 292.84188178181648 133.08168652653694 140.77378952503204 232.76975220441818 428.74804347753525 502.63648802042007 83.020105957984924 221.65342274308205 1657.1061060428619 124.50140461325645 297.76257193088531 106.28148153424263 822.92380177974701 82.255591154098511 480.821408867836
leaf_count=34 73 274 6460 641 609 82 129 203 2477 308 346 573 227 105 372 1241 367 58 252 660 1199 727 42 144 2636 343 830 255 1459 71 1146
internal_value=79.1999 79.202 79.2033 79.1957 79.201 79.1991 79.1946 79.1992 79.1989 79.1994 79.2049 79.1944 79.2037 79.2017 79.2002 79.2003 79.1966 79.2008 79.2014 79.2052 79.2034 79.2022 79.2031 79.2 79.1939 79.1977 79.1988 79.1952 79.1953 79.201 79.1993
internal_weight=12215.9 8193.11 5776.09 4022.75 2462.68 1429.39 3031.43 991.318 2417.02 2218.59 3313.41 2959.54 1033.29 580.891 779.372 1629.78 588.805 947.218 859.512 3154.17 743.773 726.43 585.657 409.183 2552.62 406.913 439.027 399.123 895.517 315.025 909.351
internal_count=24343 17123 11055 7220 2319 1770 5174 2046 6068 5794 8736 5140 549 322 1843 4864 930 1161 1079 8390 1930 1021 769 249 4224 916 1202 622 1588 731 2387
is_linear=0
shrinkage=1


Tree=1
num_leaves=32
num_cat=0
split_feature=35 6 11 6 31 11 69 11 63 64 11 69 69 42 11 35 11 11 69 21 6 30 30 30 11 11 44 44 0 31 63
split_gain=413 130.723 81.8926 47.2225 42.1993 34.5496 34.6036 23.1313 17.485 14.9448 27.9755 18.5237 14.1024 11.4195 12.4567 10.8671 10.7304 10.0153 13.5684 9.88857 9.11201 9.01531 8.52579 7.58739 7.27328 11.6844 6.23124 6.19809 5.94056 5.26443 4.64998
threshold=76.750000000000014 0.12940952255126045 0.45207220393230413 0.25881904510252091 77.050000000000011 0.45207220393230413 25.880592859264244 -0.82389248692129191 1006.7500000000001 1010.6500000000002 0.85651926849515192 26.352333879290406 26.352333879290406 35.963810490465285 0.85651926849515192 74.950000000000017 0.64532420896511999 0.88201535311751322 26.352333879290406 35.895811250117625 -0.25881904510252113 27.335000000000004 29.795000000000005 29.505000000000006 0.88201535311751322 0.68389408864483059 30.432725313129751 27.833240580098053 3.6850000000000005 83.450000000000017 1010.9500000000002
decision_type=2 2 2 2 2 2 2 2 2 2 2 2 2 2 2 2 2 2 2 2 2 2 2 2 2 2 2 2 2 2 2
left_child=3 2 20 5 12 22 -7 -5 19 10 16 -12 -4 14 21 -9 28 27 -19 -3 -2 -10 -1 -22 25 -8 -13 -11 -6 -16 -29
right_child=1 8 4 7 9 6 24 15 13 17 11 26 -14 -15 29 -17 -18 18 -20 -21 23 -23 -24 -25 -26 -27 -28 30 -30 -31 -32
leaf_value=0.04183280359781591 0.055440975221456135 0.021758779004972126 0.013867485461856791 -0.0011463013006980229 0.073202330074436064 0.020787666754919103 -0.070711030076893264 -0.12560172582833171 0.038560997769744844 -0.024833089575009119 0.019551925790250137 -0.060567710915079259 -0.068268641014568102 -0.073668755411875828 -0.059645754553627459 -0.041158781376726399 0.073539281747855997 0.052355681633228089 -8.7729208188872269e-05 -0.011580613773408752 0.041340338505489946 -0.016410504391451957 -0.014362879402752675 0.00078225124662217546 -0.091640269486898754 0.049882539408407423 -0.0022608319335618429 0.071592284648941171 -0.016575045037652579 -0.013908536180203762 -0.0040751828389307566
leaf_weight=236.38876616954803 2255.6972503662109 586.21718865633011 101.31364578008652 189.53448057174683 78.83832785487175 123.80755957961082 172.48478010296822 1903.7758090496063 99.40064612030983 80.042074203491211 369.3189403116703 260.61028856039047 375.21359026432037 182.55864810943604 284.32341048121452 381.82838225364685 455.44635704159737 494.23894131183624 249.2708557844162 310.18972563743591 514.98647624254227 841.12205091118813 128.104516685009 148.50281810760498 801.62752211093903 85.196596592664719 101.26768055558205 111.40005540847778 114.85679545998573 113.20685425400734 65.088363319635391
leaf_count=650 6041 2050 65 587 229 60 311 3473 246 33 207 230 521 203 281 796 972 244 139 522 1517 2678 114 199 969 260 210 142 173 88 133
internal_value=0 0.00206991 0.00338811 -0.00422671 0.00140936 -0.00193482 -0.00329597 -0.00562277 -0.00104752 0.00230366 0.00112957 -0.00094331 -0.00287555 -0.00211028 -0.00150514 -0.00607063 0.00357983 0.00383502 0.00480261 0.000667485 0.00529331 -0.000394564 0.00225526 0.00330444 -0.00427714 -0.00143331 -0.00358155 0.000696185 0 -0.00390705 0.00260227
internal_weight=12215.9 8193.11 5776.09 4022.75 2856.91 1547.61 1183.12 2475.14 2417.02 2380.38 1380.34 731.197 476.527 1520.61 1338.05 2285.6 649.141 1000.04 743.51 896.407 2919.19 940.523 364.493 663.489 1059.31 257.681 361.878 256.53 193.695 397.53 176.488
internal_count=24343 17123 11055 7220 3298 2364 1600 4856 6068 2712 2021 647 586 3496 3293 4269 1374 691 383 2572 7757 2924 764 1716 1540 571 440 308 402 369 275
is_linear=0
shrinkage=0.0160995


Tree=2
num_leaves=32
num_cat=0
split_feature=35 6 12 37 10 27 6 64 11 10 11 23 11 11 64 33 11 64 64 52 21 6 53 64 21 36 10 64 23 33 50
split_gain=407.661 127.122 117.192 56.9337 33.8445 28.1367 20.0688 16.8952 16.0177 17.0308 14.9454 14.1939 26.3696 14.1516 19.5672 13.1849 13.4902 10.3344 10.0382 8.43298 11.053 7.99742 7.75879 7.46088 6.14707 6.24413 6.04731 8.87806 7.3919 4.6739 4.61359
threshold=76.750000000000014 0.12940952255126045 2.5000000000000004 78.65000000000002 -0.5123666674339783 25.845000000000002 1.0000000180025095e-35 1006.85 -0.86955717898714324 -0.59817537509284324 0.46735921715800216 24.219079353969956 0.84750952922804634 0.85651926849515192 1010.6500000000002 71.250000000000014 0.64532420896511999 1012.9500000000002 1009.7500000000001 2159.2620000000002 29.754499813578963 -1.0000000180025095e-35 29.375000000000004 1011.7500000000001 35.661507461657983 80.65000000000002 0.44437406304545285 1010.4500000000002 29.626311727954391 87.750000000000014 25.733125000000005
decision_type=2 2 2 2 2 2 2 2 2 2 2 2 2 2 2 2 2 2 2 2 2 2 2 2 2 2 2 2 2 2 2
left_child=3 2 15 6 18 -4 10 24 -8 -10 -1 -5 21 22 19 -2 -17 -12 -3 -15 -21 -13 23 -7 -6 -26 27 -18 -28 -9 -16
right_child=1 4 5 11 7 13 8 29 9 -11 17 12 -14 14 30 16 26 -19 -20 20 -22 -23 -24 -25 25 -27 28 -29 -30 -31 -32
leaf_value=0.028432281637616418 -0.069107578017204283 0.028854507042349611 -0.018923165315041176 0.031237834808391075 0.015438134005812001 0.054548404814227555 0.013361702569470684 -0.047594312960406136 -0.0085334024785525125 -0.11826029444275171 -0.083725096354619444 0.029474905348224875 -0.07068564192796245 -0.01561473047001009 0.019357986280915042 -0.031802497281921922 -0.062668070562582306 0.012285762991162016 -0.032012501479565025 0.037899125659515101 -0.012112311085144146 -0.0064471564204733366 0.014915528041641243 -0.004009574548464242 -0.033544667366386394 0.010848549530106026 0.083287967498034104 -0.001960353080307804 -0.0010543470863012114 -0.00043539317609873272 0.045502789337287415
leaf_weight=87.104820907115936 212.93231767416 701.09962713718414 177.995461165905 70.697679132223129 299.56121677160263 3229.9193951189518 86.034451842308044 866.65413993597031 143.24143344163895 2063.935691177845 551.83497154712677 202.41602754592896 320.91822004318237 295.97505754232407 308.49494731426239 111.99658963084221 145.2927453815937 99.278979063034058 137.89242160320282 156.78897222876549 115.0165773332119 397.28613865375519 181.85302168130875 61.04527547955513 259.55832383036613 91.709463149309158 101.16217893362045 182.69546437263489 143.99531918764114 60.54331648349762 350.92915254831314
leaf_count=184 265 2442 185 41 937 8565 335 1600 496 3264 797 472 366 162 131 74 182 98 439 98 182 1167 212 102 429 155 225 156 354 66 162
internal_value=-1.13915e-05 0.00204271 0.00334266 -0.00421302 -0.00103113 0.00433133 -0.00531206 -0.00243814 -0.00608794 -0.0063548 -0.00277685 -0.000764963 -0.00137689 0.00457405 0.00291575 -0.00193464 -0.000700472 -0.00367168 0.00151936 0.000555964 0.00267968 0.000500288 0.00513355 0.00532276 -0.000310016 -0.00184186 0.00017578 -0.00109314 0.00218716 -0.00383923 0.00481338
internal_weight=12215.9 8193.11 5776.09 4022.75 2417.02 4878.02 3031.43 1578.03 2293.21 2207.18 738.219 991.318 920.62 4700.02 1227.2 898.075 685.142 651.114 838.992 567.781 271.806 599.702 3472.82 3290.96 650.829 351.268 573.146 327.988 245.157 927.197 659.424
internal_count=24343 17123 11055 7220 6068 9799 5174 3187 4095 3760 1079 2046 2005 9614 735 1256 991 895 2881 442 280 1639 8879 8667 1521 584 917 338 579 1666 293
is_linear=0
shrinkage=0.0160995


Tree=3
num_leaves=32
num_cat=0
split_feature=35 6 12 37 51 12 27 69 51 31 56 6 51 6 69 31 29 35 35 58 50 37 50 28 28 67 58 29 69 58 42
split_gain=402.488 126.913 116.145 57.2479 29.1732 23.7882 27.649 23.4643 19.2503 17.0839 16.3593 16.4475 14.004 10.2492 10.1377 9.7685 9.99555 9.54445 8.88702 8.28488 11.4568 7.52935 7.45431 7.27582 9.07395 7.11433 6.98183 6.88911 9.30136 6.94621 6.36279
threshold=76.750000000000014 0.12940952255126045 2.5000000000000004 78.65000000000002 0.97625022015478036 6.5000000000000009 26.255000000000006 25.880592859264244 1.3972713432762642 78.450000000000017 11.750000000000002 -0.91597561503675329 1.8136658621800261 -0.25881904510252113 32.746079936228554 74.750000000000014 26.905000000000005 72.15000000000002 86.750000000000014 5974.0240000000003 28.677916666666672 79.15000000000002 29.666875000000005 29.955000000000002 29.445000000000004 5.0150000000000006 8433.3080000000009 24.745000000000001 30.486737295916392 5731.1645000000008 24.516894693028778
decision_type=2 2 2 2 2 2 2 2 2 2 2 2 2 2 2 2 2 2 2 2 2 2 2 2 2 2 2 2 2 2 2
left_child=3 2 12 7 13 23 -7 -1 17 19 11 -6 15 -4 -12 -2 -17 -5 21 20 -9 -13 -15 24 -3 -11 -8 -19 -29 -30 -23
right_child=1 5 4 8 10 6 26 9 -10 25 14 18 -14 22 -16 16 -18 27 -20 -21 -22 30 -24 -25 -26 -27 -28 28 29 -31 -32
leaf_value=0.018130834190294584 -0.069276924496609604 -0.024444585552614358 0.053670204318940103 -0.035786977219432685 -0.0079584608310008988 -0.063395035370986272 0.024389492850266481 -0.11247079522455912 -0.071861818741348754 -0.040358763472953856 -0.071748053673906242 0.0098106873767764384 -0.068111205108272233 0.043369380103919705 0.071379721365618029 0.013343861539495287 -0.023830156815439218 0.023949935473751537 0.014552476485708173 -0.12762594719159776 0.0022861743137365608 0.006166706501507583 -0.0045339572503456469 0.0090801775736809726 -0.046846164629764438 0.019792247212691284 0.0018598605063211333 -0.068664844729131883 0.029905095749734718 -0.001207549919135622 0.05088414428543471
leaf_weight=71.894295036792755 110.52210530638695 584.96530947089195 2467.5126762390137 178.13515350222588 306.20594787597656 158.17052459716797 541.81471481919289 736.19699317216873 211.9461841583252 285.28908884525299 164.73002508282661 183.70194402337074 128.34740781784058 570.11761572957039 63.505795329809189 359.82457092404366 299.38062220811844 69.783702731132507 249.4134815633297 1693.3402761220932 123.0855772793293 165.8135113120079 149.21432399749756 131.69063678383827 307.0049159526825 121.62413659691811 693.37226995825768 99.73880735039711 211.57277816534042 220.14143946766853 557.80256643891335
leaf_count=34 148 1538 6525 457 338 181 1505 1146 203 572 296 100 76 1712 111 478 554 40 153 2820 258 51 148 189 363 344 2292 181 521 644 365
internal_value=-6.19166e-06 0.0020348 0.0033337 -0.00418114 0.00431795 -0.00103653 0.000281172 -0.00528293 -0.00072478 -0.0055145 0.00250837 0.00314951 -0.00191962 0.00524941 -0.00124133 -0.000962223 -8.44446e-05 0.000356019 0.00402641 -0.00602234 -0.00440691 0.00479123 0.00325865 -0.00290301 -0.00343105 -0.00210991 0.00115203 0.00141556 0.000603679 0.00175596 0.00557155
internal_weight=12215.9 8193.11 5776.09 4022.75 4878.02 2417.02 1393.36 3031.43 991.318 2959.54 1691.17 1462.94 898.075 3186.84 228.236 769.727 659.205 779.372 1156.73 2552.62 859.283 907.318 719.332 1023.66 891.97 406.913 1235.19 601.237 531.453 431.714 723.616
internal_count=24343 17123 11055 7220 9799 6068 3978 5174 2046 5140 1414 1007 1256 8385 407 1180 1032 1843 669 4224 1404 516 1860 2090 1901 916 3797 1386 1346 1165 416
is_linear=0
shrinkage=0.0160995


Tree=4
num_leaves=32
num_cat=0
split_feature=35 58 52 58 51 29 36 52 63 36 70 23 23 63 59 32 60 20 58 51 65 70 58 63 48 63 8 23 26 67 62
split_gain=386.376 117.382 67.0984 47.5116 45.7173 20.7624 19.7262 17.8754 13.2889 11.0141 9.85322 13.8188 9.68558 15.0504 9.58901 9.05867 8.42668 8.27394 8.06387 7.99954 7.75663 9.74261 6.00394 5.92603 7.35459 8.17406 5.40412 7.97162 5.25835 6.18011 6.49448
threshold=76.750000000000014 1154.7630000000001 2128.3320000000008 5527.0075000000006 1.1065427519399718 23.835000000000004 78.65000000000002 2013.3760000000002 1009.0500000000001 71.850000000000009 -0.44985889047758215 25.939834469038647 24.903646285825467 1008.9500000000002 0.94650000000000001 80.750000000000014 0.99150000000000016 29.339239866264013 9547.0350000000017 1.0517314054304372 4.9450000000000012 3.1503851548803845 154.31550000000001 1005.7500000000001 29.192500000000003 1008.7500000000001 0.37940952255126054 29.481354055386717 30.365000000000006 0.115 1010.6500000000002
decision_type=2 2 2 2 2 2 2 2 2 2 2 2 2 2 2 2 2 2 2 2 2 2 2 2 2 2 2 2 2 2 2
left_child=3 2 5 4 12 -2 23 -8 14 -4 11 -7 -1 22 -5 19 -6 -11 -9 -12 21 28 -14 -3 25 -25 -13 -28 29 -19 -31
right_child=1 6 9 8 16 10 7 18 -10 17 15 26 13 -15 -16 -17 -18 20 -20 -21 -22 -23 -24 24 -26 -27 27 -29 -30 30 -32
leaf_value=0.025744280343129256 0.033645658862545717 -0.0033473942171119617 -0.019394444347567315 -0.049643444589030507 -0.082208185279051868 -0.019377629254738633 -0.051638705549178404 0.019410824358585779 -0.14650059911588617 0.004063012793695633 -0.00063431790747993746 -0.013203872323227735 0.028518918705682395 -0.053197393541625129 -0.014838296893773004 0.060151596999390461 -0.013455877140806934 0.028656934955829799 -0.0061851198725964137 -0.068260772443126769 0.057636033005647541 0.012738818545715191 -0.003019540037464533 0.0052839905102339607 -0.059272061045785189 -0.05032799073268119 0.027572279569866024 0.0013034465023817202 0.0028471589832867977 0.052806142387604338 0.017101405524280678
leaf_weight=68.115986794233322 400.78389483690262 185.72380390763283 70.202203720808029 817.70405274629593 842.63244342803955 283.49029129743576 134.94287773966789 711.86303389072418 1261.9814054369926 116.42095384001732 105.27812933921814 147.59516048431396 243.05834007263184 277.43772730231285 229.51198410987854 103.76264590024948 111.65350914001465 212.42695245146751 649.28334364295006 252.80797851085663 1605.4537219703197 290.70329079031944 170.65299460291862 224.1716480255127 273.13725870847702 270.27431985735893 177.1638375222683 157.20828238129616 141.57080790400505 1599.1950660943985 79.651451408863068
leaf_count=32 181 478 137 1398 1087 116 111 1806 2345 228 188 224 587 548 644 61 141 473 1841 258 4105 492 438 795 406 614 94 159 138 4018 200
internal_value=-1.33945e-05 0.00198618 0.00324718 -0.00410403 -0.00199391 0.000424373 -0.000938546 0.00016561 -0.00562994 0.00434312 -0.000560385 0.000474619 0.000865842 0.000161342 -0.00406568 -0.0024387 -0.00434778 0.00445795 0.000775772 -0.00370711 0.00458334 0.00385587 0.00220641 -0.00274943 -0.0033723 -0.00192167 0.00221253 0.00334373 0.0042605 0.00449498 0.0048463
internal_weight=12215.9 8193.11 5743.71 4022.75 1713.55 1628.09 2449.4 1496.09 2309.2 4115.62 1227.31 765.458 759.265 691.149 1047.22 461.849 954.286 4045.42 1361.15 358.086 3929 2323.55 413.711 953.307 767.583 494.446 481.967 334.372 2032.84 1891.27 1678.85
internal_count=24343 17123 11072 7220 2833 1281 6051 3758 4387 9791 1100 593 1605 1573 2042 507 1228 9654 3647 446 9426 5321 1025 2293 1815 1409 477 253 4829 4691 4218
is_linear=0
shrinkage=0.0160995


Tree=5
num_leaves=32
num_cat=0
split_feature=35 54 12 54 11 27 10 10 11 45 64 70 64 22 45 11 64 25 7 26 21 60 10 10 20 22 66 24 36 21 55
split_gain=377.586 114.291 121.695 47.2424 44.1973 31.7935 30.9451 23.3413 27.0657 17.0624 16.7415 16.6028 12.862 16.4192 11.4752 13.7895 10.0547 9.93322 8.98563 8.6264 10.521 8.39556 8.26737 7.8331 7.57947 11.6622 10.0421 7.27137 6.13701 4.95298 4.1312
threshold=76.750000000000014 37.95000000000001 2.5000000000000004 203.05000000000004 0.45207220393230413 25.845000000000002 -0.5123666674339783 -0.59125596962661853 -0.8520459593969173 1.466568754141603 1007.35 3.4636056955044272 1012.9500000000002 26.845588761884141 2.4572751124189574 0.64532420896511999 1009.7500000000001 29.675000000000004 0.37940952255126048 30.365000000000006 37.235234500426962 0.56050000000000011 -0.40542197401079733 0.44437406304545285 35.273466884939829 37.100104907398929 4.6950000000000012 25.725000000000005 86.950000000000017 25.688891371253934 556.75000000000011
decision_type=2 2 2 2 2 2 2 2 2 2 2 2 2 2 2 2 2 2 2 2 2 2 2 2 2 2 2 2 2 2 2
left_child=3 2 14 4 17 29 16 -5 -9 19 24 18 22 -14 15 -2 30 -1 21 -7 -21 -11 -6 27 -8 26 -26 -17 -20 -4 -3
right_child=1 6 5 7 12 9 10 8 -10 11 -12 -13 13 -15 -16 23 -18 -19 28 20 -22 -23 -24 -25 25 -27 -28 -29 -30 -31 -32
leaf_value=0.045805706084428778 -0.048728558381318586 0.035160559203017833 -0.00057871820981167279 -0.006490552103669063 0.0082066661701478 0.050346068800536714 0.011993691519715804 0.0025605588441938898 -0.11194307363556766 -0.028564213384409929 -0.044600921774851081 -0.018675576837969551 0.026594447339113765 -0.10983607435573843 -0.058370619551376748 0.026890061162005176 -0.032202279084374265 -0.0084159122459385172 0.043193149081803509 -0.0065357017149514857 0.0228992574892753 0.052297271005156014 -0.081320041663798595 0.052249423225521875 -0.038719977219067787 0.020295049999720722 -0.0007002859189879808 -0.058289246012829657 0.02976065571125816 -0.076719109761133386 0.0017353186172799208
leaf_weight=243.40518781542778 99.989949345588684 528.65842545032501 83.647953182458878 225.32622358202934 94.126019835472107 2737.207352489233 436.22324866056442 154.19646966457367 1911.4299277365208 144.9914548099041 760.13704800605774 121.88269710540771 91.113614529371262 94.467245012521744 235.76743459701538 128.55527472496033 130.90748369693756 176.40117484331131 873.44863069057465 137.09133756160736 162.6298713684082 292.04670187830925 1032.2825500965118 262.0336312353611 216.5051209628582 110.86675047874451 128.60907110571861 173.51366165280342 167.8384758234024 108.09225279092789 152.46715712547302
leaf_count=689 80 1803 43 798 273 7616 1333 510 3041 138 1323 204 61 152 150 112 413 263 560 145 134 613 1433 635 229 168 275 283 140 168 558
internal_value=-2.33548e-05 0.00195326 0.00320299 -0.00406723 -0.00198244 0.00422121 -0.000919852 -0.00560295 -0.00614218 0.00449229 -0.00220366 0.00301341 -0.00346093 6.06191e-05 -0.00216769 -0.00092413 0.00159255 0.00243957 0.00350685 0.00524091 0.002142 0.00128274 -0.00411041 0 -0.000596114 -0.00209129 -0.00362966 -0.00169048 0.00435639 -0.00188816 0.00243456
internal_weight=12215.9 8193.11 5728.74 4022.75 1731.8 4828.88 2464.37 2290.95 2065.63 4637.14 1652.34 1600.21 1311.99 185.581 899.86 664.093 812.033 419.806 1478.33 3036.93 299.721 437.038 1126.41 564.103 892.204 455.981 345.114 302.069 1041.29 191.74 681.126
internal_count=24343 17123 11021 7220 2871 9761 6102 4349 3551 9550 3328 1655 1919 213 1260 1110 2774 952 1451 7895 279 751 1706 1030 2005 672 504 395 700 211 2361
is_linear=0
shrinkage=0.0160995


Tree=6
num_leaves=32
num_cat=0
split_feature=6 69 69 31 32 63 51 64 61 70 63 28 44 63 61 44 64 26 58 64 29 61 69 45 28 64 51 4 31 64 58
split_gain=342.423 140.327 95.7309 75.1048 72.8116 25.1959 24.7067 21.8269 21.5851 21.7088 18.3733 15.6851 15.0368 19.4116 9.87672 13.2164 10.5926 9.86614 11.1545 6.62848 6.50975 6.50484 5.89992 5.42559 5.37414 4.81896 5.96316 4.78581 4.62401 4.1598 6.03181
threshold=0.12940952255126045 30.486737295916392 26.352333879290406 75.15000000000002 77.250000000000014 1006.6500000000002 1.1699002023988869 1011.5500000000001 0.34850000000000003 0.4489868194583338 1008.35 29.405000000000005 35.775790177034999 1009.9500000000002 0.96850000000000003 27.581033367149875 1010.5500000000001 30.365000000000006 1154.7630000000001 1004.35 29.735000000000003 0.68450000000000022 28.353510505578079 0.84253215208340404 26.865000000000006 1011.2500000000001 1.1586132624311269 1010.0500000000001 82.350000000000009 1008.1500000000002 9103.974000000002
decision_type=2 2 2 2 2 2 2 2 2 2 2 2 2 2 2 2 2 2 2 2 2 2 2 2 2 2 2 2 2 2 2
left_child=1 2 7 10 25 11 17 8 -1 -10 29 -5 13 21 16 -16 22 18 27 -19 -21 -7 -6 -13 -24 26 -4 -3 -15 30 -2
right_child=3 6 4 5 14 12 -8 -9 9 -11 -12 23 -14 28 15 -17 -18 19 -20 20 -22 -23 24 -25 -26 -27 -28 -29 -30 -31 -32
leaf_value=0.029032137154663955 0.0090471192846232409 0.052755491716413402 -0.061893230472873352 0.024541265118626057 -0.036662941426168952 -0.038526705887692039 -0.027610551857317995 0.04108643937084603 -0.027013879335645155 0.049497296570728731 -0.15199945094761547 -0.025239311155848293 -0.057586896298703512 -0.060723388182433856 -0.0046714641258318434 0.07894226066866894 0.017128390710807562 0.040239985760637795 0.0027550875707329676 -0.0086934511392359973 0.013511253955168688 0.0030639886084741176 0.07237996068063586 0.0061950693134202482 -0.0085889710073667833 -0.022424912822030109 -0.07659348644003959 0.028209849072742245 -0.022764056374309762 -0.09721064928408836 -0.03908599892853664
leaf_weight=300.97127130627632 106.38907563686371 2741.0220667123795 230.8716082572937 553.21403986215591 200.87136542797089 329.10306835174561 189.45112991333008 550.81254094839096 166.53520780801773 165.20340937376022 1340.9888145923615 255.69697049260139 324.00470161437988 492.88054671883583 119.49493426084518 225.74806505441666 240.88511779904366 108.54259938001633 109.49024713039398 138.5286260843277 146.22064381837845 818.90957546234131 117.90407982468605 154.76917216181755 182.89974746108055 292.38518577814102 699.13732197880745 183.94328105449677 171.22178730368614 285.94852992892265 271.81466636061668
leaf_count=160 227 7841 503 1960 234 742 466 263 61 154 2459 375 313 860 65 421 268 113 204 149 139 2370 193 356 306 405 682 556 274 650 574
internal_value=-1.25298e-05 0.0022643 -1.46776e-05 -0.00319909 -0.00194432 -0.00158944 0.00448551 0.00367918 0.00145637 -0.00118509 -0.00564066 0.000501775 -0.00256957 -0.00192456 0.00102462 0.00325999 0 0.00480209 0.00513367 0.00201963 0.000395928 -0.000571326 -0.00135586 -0.0017658 0 -0.00464715 -0.00529776 0.00532234 -0.00412891 -0.00318805 -0.00170301
internal_weight=12215.9 7110.92 3493.72 5104.94 2310.2 3099.8 3617.2 1183.52 632.71 331.739 2005.14 963.68 2136.12 1812.11 1087.8 345.243 742.56 3427.75 3034.46 393.292 284.749 1148.01 501.675 410.466 300.804 1222.39 930.009 2924.97 664.102 664.152 378.204
internal_count=24343 13183 3715 11160 3077 7250 9468 638 375 215 3910 2691 4559 4246 1487 486 1001 9002 8601 401 288 3112 733 731 499 1590 1185 8397 1134 1451 801
is_linear=0
shrinkage=0.0160995


Tree=7
num_leaves=32
num_cat=0
split_feature=35 54 11 10 54 11 7 10 10 11 52 62 45 29 10 25 11 35 18 26 21 49 57 57 11 21 52 11 10 35 20
split_gain=366.795 110.871 80.4615 55.7219 44.8001 43.1614 37.8275 30.5737 23.392 26.381 15.4201 13.5471 11.4164 21.2127 10.1807 9.67368 9.25381 9.09072 11.5288 8.35199 9.97673 7.5092 6.52483 6.13678 8.35568 5.82741 5.65829 4.91398 4.76226 4.64672 4.46737
threshold=76.750000000000014 37.95000000000001 0.45207220393230413 0.047320950113892181 203.05000000000004 0.45207220393230413 0.37940952255126048 -0.5123666674339783 -0.59125596962661853 -0.8520459593969173 2156.5610000000006 1005.9500000000002 1.6756799406071894 26.035000000000004 0.34964421742355262 29.675000000000004 0.85651926849515192 86.750000000000014 24.219079353969956 30.365000000000006 37.235234500426962 0.45978618196243176 638.28333333333353 107.09166666666674 0.24284972209593572 26.61703327910973 2338.3470000000002 0.92589048012183106 0.96460524310950191 87.850000000000009 36.809153949733833
decision_type=2 2 2 2 2 2 2 2 2 2 2 2 2 2 2 2 2 2 2 2 2 2 2 2 2 2 2 2 2 2 2
left_child=4 2 19 6 5 15 16 23 -6 -10 14 22 13 -7 -5 -1 -4 18 -8 -2 -21 -18 -9 -3 -25 -23 27 -12 30 -19 -13
right_child=1 7 3 10 8 12 17 11 9 -11 26 28 -14 -15 -16 -17 21 29 -20 20 -22 25 -24 24 -26 -27 -28 -29 -30 -31 -32
leaf_value=0.044252698679883753 0.051828397487724921 0.040276481480913916 0.036371106334478036 -0.0057744722818925173 -0.0057314581076916213 0.01660650747858964 0.0042666698101857265 0.013301041917381382 0.0031383024078515172 -0.10872194597891342 0.063456257378343511 -0.034958793241065135 -0.087768410958864035 -0.073910855258213531 -0.058999698329070357 -0.0096283842292110757 -0.055091176257746087 -0.0066607494237047012 0.048539071710142927 -0.0054693218358080314 0.022313067493562714 0.0084309212897519543 -0.038456734998000994 0.026961684681197591 -0.030923413498834464 -0.031894775955410126 -0.017954583570439841 -0.05996733469526868 0.011362229861957096 0.015435279885241224 0.0021359686083556925
leaf_weight=243.40521475672722 2533.0429818034172 221.47697794437408 243.41088020801544 216.33812636137009 225.32622310519218 227.33089992403984 254.65990534424782 330.84535273909569 154.19646966457367 1911.4299239218235 224.4339234828949 1054.5854915380478 672.47083377838135 412.18768861889839 283.64646801352501 176.40117484331131 183.30022829771042 131.72810363769531 802.19771417975426 138.59133207798004 168.05598258972168 96.089917629957199 119.66821420192719 400.78714835643768 189.76893901824951 113.74410304427147 88.563530951738358 72.633927881717682 79.230534106492996 178.29953825473785 68.011647582054138
leaf_count=689 7336 639 705 213 798 192 81 929 510 3041 556 1829 867 860 268 263 235 88 603 151 145 77 244 1497 638 151 127 136 199 149 127
internal_value=-1.3715e-05 0.00193437 0.00316526 0.00123458 -0.00399951 -0.00196683 0.00273712 -0.000894973 -0.00549593 -0.00603499 -0.00207184 -0.00217144 -0.0034281 -0.00167818 -0.00393719 0.00240154 -0.00039014 0.00424922 0.00499606 0.00509747 0.00209441 -0.00201287 3.93891e-05 0.00160242 0.000573753 0 0.000154279 0.00141151 -0.00306436 0.00142098 -0.00333875
internal_weight=12215.9 8193.11 5728.74 2889.05 4022.75 1731.8 2003.43 2464.37 2290.95 2065.63 885.616 1652.34 1311.99 639.519 499.985 419.806 636.545 1366.89 1056.86 2839.69 306.647 393.134 450.514 812.033 590.556 209.834 385.631 297.068 1201.83 310.028 1122.6
internal_count=24343 17123 11021 3389 7220 2871 2089 6102 4349 3551 1300 3328 1919 1052 481 952 1168 921 684 7632 296 463 1173 2774 2135 228 819 692 2155 237 1956
is_linear=0
shrinkage=0.0160995


Tree=8
num_leaves=32
num_cat=0
split_feature=35 12 57 37 64 10 10 45 8 11 30 45 8 31 35 18 64 45 10 61 44 20 10 45 12 20 46 11 61 64 63
split_gain=363.503 91.5858 87.3238 56.0053 43.433 26.8188 22.0672 20.8969 19.3893 17.9213 16.9537 14.9461 14.1109 11.5869 11.2216 10.3832 8.97386 8.21826 9.44676 8.18772 13.0513 9.95081 11.4858 8.13625 7.55686 7.51012 8.79922 7.08823 5.99557 5.9871 5.87271
threshold=76.750000000000014 2.5000000000000004 20.358333333333384 78.65000000000002 1006.85 -0.5123666674339783 -0.59125596962661853 1.466568754141603 -0.25881904510252113 -0.7721279831368929 24.130000000000006 1.8597756971928372 0.60355339059327384 76.65000000000002 72.15000000000002 35.171306166726801 1009.85 2.7186290031196632 0.76665171983724034 0.30150000000000005 27.581033367149875 32.916627163576912 -0.35769492645306972 0.68431758036227752 2.5000000000000004 27.804400015254071 29.698333333333341 0.85651926849515192 0.30150000000000005 1010.6500000000002 1007.35
decision_type=2 2 2 2 2 2 2 2 2 2 2 2 2 2 2 2 2 2 2 2 2 2 2 2 2 2 2 2 2 2 2
left_child=3 13 7 6 8 16 -1 -3 28 -8 -11 14 27 -2 -5 -10 -6 18 30 -14 -21 -22 -23 -17 -16 -7 -27 -9 -4 -29 -15
right_child=1 2 4 11 5 25 9 12 15 10 -12 -13 19 17 24 23 -18 -19 -20 20 21 22 -24 -25 -26 26 -28 29 -30 -31 -32
leaf_value=0.0018986997685911677 -0.078867036679902816 0.047851778338369413 -0.0048876148342801825 -0.042645579168515864 0.029502460799676476 -0.070351805622027239 -0.0023491100747511386 0.057742265780546913 0.017878016799292205 -0.013885644961732033 -0.10433344997125578 -0.071319068814075418 0.026837372898288792 0.069166319957392003 -0.058099197604503432 -0.030603997322059345 -0.034356084970017575 -0.069989818573281751 -0.030545150690412054 -0.00051732939002255263 0.08431533848169348 0.060866747253815627 -0.022065921371994687 0.023835202142713324 0.017010741690889879 -0.0089622968181144406 -0.064130356276122527 -0.046601244260763827 0.034894516052016877 -0.001439911566434401 -0.0047199768778716199
leaf_weight=173.85848736763 259.9824823141098 2142.0538327693939 104.7171311378479 192.91334435343742 496.74825423955917 182.8435106575489 164.66966569423676 134.27313551306725 427.60819235444069 190.26654052734375 2502.6356722712517 218.92910087108612 381.66280651092529 82.179196923971176 85.539692014455795 176.06474450230598 139.37738007307053 127.74008470773697 95.827303439378738 338.55279004573822 275.49806961417198 138.16402730345726 61.832746207714081 78.172804921865463 493.93592908978462 479.70352566242218 197.78498488664627 133.93166297674179 1067.073569893837 119.14589902758598 552.17282998561859
leaf_count=596 393 5575 208 429 1695 175 524 346 1494 136 3918 306 146 199 146 216 446 73 85 137 198 279 81 149 1165 1143 253 125 2669 82 956
internal_value=-2.41455e-06 0.00193689 0.00261878 -0.00397036 0.000702867 -0.00130144 -0.00505918 0.00431809 0.00236349 -0.00539903 -0.00571424 -0.0005543 0.00279746 -0.00230214 0.000409225 8.11151e-05 0.00110986 -0.00126481 -0.00047311 0.00366111 0.00254664 0.00425829 0.000996978 -0.00234917 0.0016173 -0.00317437 -0.00218494 0 0.00361932 -0.00145758 0.000127174
internal_weight=12215.9 8193.11 7075.21 4022.75 3350.09 1496.46 3031.43 3725.11 1853.64 2857.57 2692.9 991.318 1583.06 1117.9 772.389 681.846 636.126 857.919 730.179 1195.71 814.048 475.495 199.997 254.238 579.476 860.332 677.489 387.351 1171.79 253.078 634.352
internal_count=24343 17123 15417 7220 8448 3712 5174 6969 4736 4578 4054 2046 1394 1706 1740 1859 2141 1313 1240 841 695 558 360 365 1311 1571 1396 553 2877 207 1155
is_linear=0
shrinkage=0.0160995


Tree=9
num_leaves=32
num_cat=0
split_feature=37 55 2 11 10 7 52 11 10 10 64 22 52 23 52 65 38 55 64 47 64 18 68 22 10 3 52 11 10 57 26
split_gain=324.952 73.2527 71.2196 70.6629 53.3178 46.6367 45.982 30.7897 33.3641 27.7174 20.9497 16.1127 13.3164 11.8946 10.7285 10.5897 9.95111 9.80694 8.66465 8.27246 8.22383 8.20981 7.55442 13.5287 7.11657 6.6357 5.88361 5.52509 6.03267 5.48165 4.89298
threshold=78.65000000000002 28.050000000000004 248.65000000000001 0.45207220393230413 0.047320950113892181 0.37940952255126048 2113.1205000000004 0.86527520261780289 0.63874350706337069 -0.49750868180287638 1010.7500000000001 27.026848572766806 2153.3145000000004 38.172945122173402 2138.7825000000007 3.6450000000000005 -1.1976046303585635 515.55000000000007 1008.35 0.27574142476836888 1006.2500000000001 24.219079353969956 1.0550000000000004 36.897002435627115 0.34964421742355262 0.63250000000000017 2324.9990000000003 0.87377473702374975 0.7775899462189082 27.441666666666716 28.705000000000002
decision_type=2 2 2 2 2 2 2 2 2 2 2 2 2 2 2 2 2 2 2 2 2 2 2 2 2 2 2 2 2 2 2
left_child=1 6 3 13 5 14 10 8 18 -4 27 16 24 17 -5 25 -12 -2 -3 -17 -11 -7 23 -10 -6 -8 -14 28 -1 -22 -16
right_child=2 7 9 4 12 21 15 -9 22 20 11 -13 26 -15 30 19 -18 -19 -20 -21 29 -23 -24 -25 -26 -27 -28 -29 -30 -31 -32
leaf_value=0.01627958618610259 0.04963589438847818 0.0020361066825093366 0.021409898561667015 -0.044244743891634665 -0.010564795971149041 0.004108529212925963 -0.022196715736413953 -0.16362200825238954 -0.064172208002895401 -0.0014029245656185831 0.015967973909308517 -0.066130032375178213 0.053820857954785459 0.00026528378688865396 0.038718176746677435 0.022830684832074497 -0.020148840773444417 0.0048866118921046678 -0.050901239187281087 -0.0059166981487881213 -0.018407578186459918 0.041829268080593972 -0.06548439875621298 0.012539594330291406 -0.056780116741288057 0.019731518486447698 -0.03005338990370696 -0.087670858758915782 -0.062898343014825275 -0.055430884656278781 -0.017719386172061292
leaf_weight=65.536219567060471 2727.6546503007412 549.30602812767029 511.3056697845459 273.06529846787453 226.431511759758 259.88417786359787 203.67509245872498 994.40602779388428 303.31471690535545 262.55972677469254 139.81252992153168 202.75842916965485 216.55439835786819 136.64483237266541 162.31116768717766 460.96281406283379 145.40371638536453 140.11241340637207 328.98986327648163 121.26414293050766 166.83241418004036 983.78108865022659 731.70385673642159 117.69665241241455 303.96300879120827 212.29153814911842 101.7002857029438 472.32058942317963 71.097621321678162 476.46612158417702 146.05279353260994
leaf_count=132 7736 1847 1702 311 226 81 418 1789 806 588 80 270 483 151 372 977 125 408 1113 197 117 787 822 86 320 528 140 431 82 826 392
internal_value=-6.3853e-07 -0.00309694 0.00222303 0.00303193 0.00108689 0.00265564 -0.000735549 -0.00470309 -0.00347784 -0.000961104 -0.00303291 -0.000361309 -0.00218999 0.00473305 -0.000993388 0.00171086 0.00191407 0.00495396 -0.000994113 0.00311273 -0.00268663 0.00442385 -0.00529244 -0.00312878 -0.00375512 -6.98477e-05 0.000181773 -0.00502895 -0.00130227 -0.00366663 0.000861725
internal_weight=12215.9 5120.54 7095.32 5678.16 2673.74 1825.09 2095.12 3025.42 2031.01 1417.16 1096.93 487.975 848.649 3004.41 581.429 998.194 285.216 2867.77 878.296 582.227 905.858 1243.67 1152.72 421.011 530.395 415.967 318.255 608.954 136.634 643.299 308.364
internal_count=24343 9703 14640 11407 3112 1943 3240 6463 4674 3233 1120 475 1169 8295 1075 2120 205 8144 2960 1174 1531 868 1714 892 546 946 623 645 214 943 764
is_linear=0
shrinkage=0.0160995


Tree=10
num_leaves=32
num_cat=0
split_feature=54 11 32 69 37 54 11 69 69 11 11 11 44 11 65 51 11 20 65 23 22 4 32 67 11 26 21 23 39 62 37
split_gain=325.501 161.628 87.5223 69.8495 59.8435 27.8023 19.9917 20.2849 17.8366 24.124 18.4378 15.9992 15.4996 13.7657 11.7254 11.3866 12.6612 10.9683 9.37627 8.98065 8.25195 7.09908 6.74684 6.6336 6.57219 6.165 5.74801 5.38764 5.37628 4.13213 4.12195
threshold=207.25000000000003 0.45207220393230413 77.250000000000014 26.352333879290406 75.250000000000014 3.0500000000000003 0.86527520261780289 35.510985088607107 25.26819755464934 0.85651926849515192 0.97308229207007257 0.78827585631460517 35.729155300130195 -0.8520459593969173 3.5150000000000001 1.1586132624311269 0.91925191855388755 30.230138571452549 6.7550000000000008 29.626311727954391 37.472986655778918 1010.0500000000001 87.450000000000017 10.755000000000001 -0.78295110140207591 30.365000000000006 37.235234500426962 29.685010421525593 1.1449999999999998 1006.1500000000002 83.350000000000009
decision_type=2 2 2 2 2 2 2 2 2 2 2 2 2 2 2 2 2 2 2 2 2 2 2 2 2 2 2 2 2 2 2
left_child=1 5 3 -3 13 25 7 28 18 11 19 14 -7 -2 21 16 -5 -12 -4 -11 -9 -10 27 -15 -14 -1 -27 -16 -6 -26 -18
right_child=4 2 8 15 6 12 -8 20 9 10 17 -13 24 23 22 -17 30 -19 -20 -21 -22 -23 -24 -25 29 26 -28 -29 -30 -31 -32
leaf_value=0.049502246339657489 7.0343972754484602e-05 0.024798770383851431 0.058457619750315645 0.022244444125886408 0.0037426170796873064 0.032895993159124094 -0.073177763203490565 -0.051200105300432862 0.077415325689804332 -0.026888593086972522 -0.0040432963891527743 0.070042612929780493 0.01542653476723343 -0.10645919906093983 0.056284397388250876 -0.072448029247243112 -0.10158437164642341 0.0068791409940451489 0.011158442414824603 0.0059579040989927896 -0.00094993013544422418 -0.018615732947619722 0.018658259090015502 -0.059865791820136564 -0.0038365963504784716 0.00064593384866732024 0.020367348008687402 -0.025637816053457739 -0.09552519080164959 -0.034094327704230029 -0.014101436108433235
leaf_weight=2441.8420905768871 95.018688678741455 342.32902187108994 353.42185282707214 182.83275189995766 1204.9097103178501 673.25703310966492 294.80586767196655 343.68096771836281 207.46535494923592 362.04644578695297 272.87206688523293 279.1928539276123 77.223428010940552 1698.2385407984257 79.499632596969604 1133.1592890918255 226.11664292216301 249.92338427901268 302.65765339136124 106.28247743844986 109.42191553115845 70.78690630197525 84.240826427936554 80.435705155134201 131.75582349300385 160.55485033988953 168.10839033126831 237.33281144499779 82.183408319950104 109.55447852611542 54.708527237176895
leaf_count=6944 344 189 188 575 3963 2286 315 403 555 264 195 479 155 3003 178 1391 474 203 108 209 134 199 117 217 163 220 125 352 252 95 48
internal_value=-2.22822e-05 0.00177371 -0.000253214 -0.00285551 -0.00385798 0.0042415 -0.00188358 -0.00116292 0.0016539 0.000825701 -0.000874186 0.00266349 0.00179252 -0.00595232 0.00116823 -0.00429241 -0.00186499 0.00108922 0.0039765 -0.00322763 -0.00408283 0.00372051 -0.000421099 -0.00627067 -0.000937457 0.00508601 0.00247753 -0.00167143 -6.48206e-05 -0.00242176 -0.00405987
internal_weight=12215.9 8307.16 4544.87 1939.15 3908.69 3762.3 2035 1740.2 2605.72 1949.64 991.124 958.518 991.791 1873.69 679.326 1596.82 463.658 522.795 656.08 468.329 453.103 278.252 401.073 1778.67 318.534 2770.51 328.663 316.832 1287.09 241.31 280.825
internal_count=24343 15712 5724 2677 8631 9988 5067 4752 3047 2751 871 1880 2699 3564 1401 2488 1097 398 296 473 537 754 647 3220 413 7289 345 530 4215 258 522
is_linear=0
shrinkage=0.0160995


Tree=11
num_leaves=32
num_cat=0
split_feature=58 11 10 7 10 11 58 51 10 10 62 10 64 11 61 70 10 64 0 64 21 21 48 24 37 21 10 37 11 10 11
split_gain=317.337 157.591 83.1361 92.1986 68.8826 36.5499 28.6802 25.7401 24.6534 20.2765 19.7319 19.5028 18.5408 22.3411 19.3134 17.8636 17.6138 15.1514 14.4015 10.2851 8.15526 7.38448 5.79158 8.08126 5.24953 9.07067 5.04548 4.6895 4.16454 3.85924 3.65841
threshold=6201.3320000000012 0.45207220393230413 0.064507852084056461 0.1294095225512602 -0.49750868180287638 -0.86955717898714324 1.0000000180025095e-35 1.1205626498592018 -0.52707282776374165 0.6254047815183511 1013.9500000000002 0.39753913293121995 1010.6500000000002 0.85651926849515192 0.34850000000000003 0.69863100329078531 0.34964421742355262 1007.5500000000001 3.6650000000000005 1009.7500000000001 34.555599414828158 35.504906136915942 30.017500000000005 29.935000000000006 74.350000000000009 37.235234500426962 -0.80392051724781066 85.850000000000009 0.34157076916785584 0.76665171983724034 0.99370977118463066
decision_type=2 2 2 2 2 2 2 2 2 2 2 2 2 2 2 2 2 2 2 2 2 2 2 2 2 2 2 2 2 2 2
left_child=1 6 3 8 19 -6 22 11 -3 -8 12 27 13 26 -15 -16 30 20 -13 -2 -7 -11 -1 -24 -22 -26 -5 -4 -21 -20 -9
right_child=4 2 7 10 5 17 9 16 -10 21 -12 18 -14 14 15 -17 -18 -19 29 28 24 -23 23 -25 25 -27 -28 -29 -30 -31 -32
leaf_value=0.048705286329527378 0.014383199763230336 0.020388710647028404 -0.094275423298545102 0.027817867314863444 -0.0052007844424294212 -1.8164146274365525e-05 0.035631052833397438 0.053208486710565495 -0.062413979154694835 0.015487885341978804 -0.0099886898882416263 0.056264833016237137 0.030749231647692405 0.015259946831966683 -0.025160729541980734 0.032410340290507066 -0.084588450305577295 -0.1264007304368672 -0.0042357329262241268 0.012640197028350467 -0.048170725796173541 -0.019496958556578757 -0.0024362959911601824 0.020476946741715234 -0.036867319072955936 0.0011609097729991459 0.076347469070456309 0.00043113340544919369 -0.062936944355218544 -0.030570620791504719 -0.027248112883570756
leaf_weight=2343.6480943858624 649.05735215544701 264.85246467590332 271.7134692966938 57.791125297546387 430.77694416046143 159.04748776555061 617.32580578327179 110.20707735419273 639.32911646366119 176.52742844820023 153.63336277008057 266.72141745686531 915.50971895456314 274.3651162981987 192.42818096280098 175.96848550438881 661.70161357522011 1699.8232024610043 125.55631905794144 51.744434982538223 302.672353297472 230.61812454462051 106.43449908494949 311.93371719121933 278.2250414788723 156.03542804718018 238.67020863294601 57.365266680717468 129.53874278068542 65.35784912109375 101.27994918823242
leaf_count=6855 2304 841 510 137 1545 326 2111 189 939 437 51 713 475 128 61 172 662 2955 269 176 315 271 139 265 311 149 401 66 413 48 109
internal_value=-2.568e-06 0.0017534 -0.000242018 0.0013775 -0.00382712 -0.00495411 0.00418217 -0.00312881 -0.00283697 0.00175141 0.00331629 -0.000884937 0.00379052 0.00205 0.000224508 -0.00204189 -0.00504773 -0.00567701 0.00113002 0.000188208 -0.00374223 -0.000878806 0.00505153 0.00282276 -0.00445732 -0.00291372 0.00569294 -0.00391056 -0.00304695 -0.00196242 -0.000559033
internal_weight=12215.9 8358.94 4572.45 2912.55 3856.92 3026.58 3786.49 1659.9 904.182 1024.47 2008.37 786.714 1854.73 939.223 642.762 368.397 873.189 2595.8 457.636 830.341 895.98 407.146 2762.02 418.368 736.933 434.26 296.461 329.079 181.283 190.914 211.487
internal_count=24343 15849 5771 3205 8494 5601 10078 2566 1780 2819 1425 1606 1374 899 361 233 960 4056 1030 2893 1101 708 7259 404 775 460 538 576 589 317 298
is_linear=0
shrinkage=0.0160995


Tree=12
num_leaves=32
num_cat=0
split_feature=35 6 12 58 51 10 10 11 51 7 69 51 12 62 23 31 61 10 62 69 11 39 11 6 10 11 6 29 55 46 29
split_gain=342.743 103.949 94.9739 42.8458 43.9962 28.7027 23.1752 25.7878 21.8868 27.5299 14.799 14.3042 13.1053 11.2626 10.2624 8.83643 8.44359 10.8726 21.9754 7.88426 7.35978 10.9232 7.35331 6.75315 8.94689 6.62171 6.29325 6.25557 5.74325 5.73734 5.05808
threshold=76.750000000000014 0.12940952255126045 2.5000000000000004 5527.0075000000006 1.1205626498592018 -0.5123666674339783 -0.59125596962661853 -0.8520459593969173 0.97625022015478036 0.37940952255126048 26.352333879290406 1.8136658621800261 1.5000000000000002 1006.1500000000002 38.370360409035619 76.050000000000011 0.34150000000000008 -0.5123666674339783 1010.2500000000001 36.415659737382462 0.85651926849515192 -0.88999999999999868 0.95989713290459411 -0.25881904510252113 0.83827194252655779 0.56312986467441573 0.60355339059327384 26.905000000000005 733.50000000000011 29.738333333333337 29.045000000000005
decision_type=2 2 2 2 2 2 2 2 2 2 2 2 2 2 2 2 2 2 2 2 2 2 2 2 2 2 2 2 2 2 2
left_child=3 2 11 4 12 26 -5 -8 14 20 -6 15 22 28 23 -2 -11 -18 -19 -9 -10 -22 -1 -4 -25 -12 -3 -17 -7 -14 -26
right_child=1 5 8 6 10 13 7 19 9 16 25 -13 29 -15 -16 27 17 18 -20 -21 21 -23 -24 24 30 -27 -28 -29 -30 -31 -32
leaf_value=0.01330288462284328 -0.054643866171839348 0.033774413498655585 0.047921156954463646 -0.004871871756326601 -0.0039485002247068839 0.0080701733885714857 0.004181964200174566 -0.10584958990394715 0.031441018249326581 0.028461456968330641 -0.023468620132119474 -0.058862213687286058 0.023702266022442863 -0.033093017012546834 -0.0034522198875393201 0.015232557479856591 0.071780979449070054 -0.014481625493710248 0.023055545132640094 -0.00095332679613173324 0.00063463253863974001 -0.051303940793345534 -0.1255444418642114 0.041141201854185724 0.026530992579401263 -0.083731199910270893 0.0036935780450737185 -0.014325381539280573 -0.033560407711190676 -0.0030150056116920402 -0.013648556977858262
leaf_weight=91.762094885110855 146.89856773614883 372.9029393196106 2415.0820498764515 228.45831105113029 124.69965109229088 358.24502971768379 157.14624971151352 1858.8402021825314 196.06259605288506 424.65963563323021 90.28575536608696 128.34740781784058 419.60390540957451 1105.9874431192875 81.204346179962158 339.86262956261635 192.08778408169746 216.53088694810867 322.20089560747147 64.752681732177734 163.27288889884949 176.35858464241028 105.04645466804504 534.90838128328323 70.839869558811188 728.47192138433456 466.08910751342773 282.9659466445446 113.79400449991226 153.68121257424355 84.80996310710907
leaf_count=223 194 1189 6470 810 60 996 518 2978 418 161 242 76 980 1962 78 453 229 148 129 81 162 167 196 1553 184 907 1692 533 229 225 100
internal_value=0 0.00188386 0.00305955 -0.00385225 -0.00184553 -0.000893048 -0.00530176 -0.00583708 0.00394992 0.00236549 -0.00418587 -0.00168444 0.000924028 -0.00219115 0.00476219 -0.000723861 0.00377003 0.00249778 0.00112121 -0.00634968 -0.000520287 -0.00205889 -0.00244477 0.00491185 0.00316898 -0.00498179 0.00145242 0 0 0.00222705 0
internal_weight=12215.9 8193.11 5776.09 4022.75 1713.55 2417.02 2309.2 2080.74 4878.02 1691.17 943.457 898.075 770.094 1578.03 3186.84 769.727 1155.48 730.82 538.732 1923.59 535.694 339.631 196.809 3105.64 690.558 818.758 838.992 622.829 472.039 573.285 155.65
internal_count=24343 17123 11055 7220 2833 6068 4387 3577 9799 1414 1209 1256 1624 3187 8385 1180 667 506 277 3059 747 329 419 8307 1837 1149 2881 986 1225 1205 284
is_linear=0
shrinkage=0.0160995


Tree=13
num_leaves=32
num_cat=0
split_feature=36 12 58 58 12 20 45 63 12 61 58 60 33 45 70 53 8 44 30 20 20 18 19 70 58 30 65 33 58 45 63
split_gain=312.345 89.779 96.9502 60.044 33.1868 25.132 21.882 19.1293 18.0344 14.8335 14.3032 12.4314 11.4363 11.0488 20.4156 14.1951 13.2868 10.704 8.53748 7.39221 6.88969 6.32299 5.80623 5.891 5.77958 5.73284 5.18748 5.0125 4.7641 4.70473 4.18093
threshold=77.750000000000014 2.5000000000000004 1092.1590000000003 5527.0075000000006 1.5000000000000002 27.185866168971572 1.3855043496661208 1008.2500000000001 5.5000000000000009 0.89250000000000018 139.62800000000001 0.82150000000000001 69.750000000000014 1.466568754141603 3.4636056955044272 29.245000000000001 0.78656609248549325 27.581033367149875 27.055000000000003 27.926984037124431 35.273466884939829 37.472986655778918 24.219079353969956 2.8941561397931452 9779.6780000000017 29.895000000000003 3.8650000000000007 74.050000000000011 6201.3320000000012 1.6397124257250608 1011.0500000000001
decision_type=2 2 2 2 2 2 2 2 2 2 2 2 2 2 2 2 2 2 2 2 2 2 2 2 2 2 2 2 2 2 2
left_child=3 12 5 4 -1 -3 10 8 26 20 21 29 -2 15 16 -7 -15 -11 -14 -13 22 -6 -4 24 -24 28 -5 -17 -19 -8 -31
right_child=1 2 9 7 6 13 11 -9 -10 17 -12 19 18 14 -16 27 -18 25 -20 -21 -22 -23 23 -25 -26 -27 -28 -29 -30 30 -32
leaf_value=-0.10175779486991302 -0.059990818703410539 -0.019838121729754396 -0.065752566448646396 -0.046624267645280285 0.035928336417578505 0.044283474649866594 -0.00080459461865783324 -0.12296432532307983 0.00076548940309009727 -0.036861498597615422 -0.0081612625213812948 -0.087813815560213948 -0.0010002176931197856 0.013397607533803882 -0.020867164595142401 -0.017897087260084737 0.041850059207457005 0.030865483812727506 -0.039663800327895619 0.01898997380454958 -0.022198447387039719 -0.0075145947800390007 0.020434881750372849 -0.055838755709988454 -0.02102827473633527 -0.041201315199451409 -0.020683163113237989 0.017638393113083579 0.011748501200392756 -0.072925898629906824 -0.018725958998125632
leaf_weight=569.82795172929764 204.00550889968872 196.35478836297989 66.066944271326065 403.19891464710236 385.40695109963417 2726.1265812516212 91.158323585987091 1570.8980619311333 321.29112333059311 60.703872621059418 265.26424425840378 72.726161509752274 508.62849429249763 549.49772214889526 133.83582592010498 76.28864797949791 839.44721984863281 354.17137536406517 360.38044881820679 171.94561523199081 266.28194332122803 51.714454114437103 225.23755621910095 65.844116389751434 235.53429114818573 95.690960586071014 194.07092308998108 104.16079789400101 645.38930180668831 258.07605728507042 146.6342189013958
leaf_count=845 234 189 28 453 929 7305 158 3033 1102 35 607 141 625 847 218 110 546 1036 674 236 232 50 491 98 743 216 352 150 2117 351 192
internal_value=0 0.00197192 0.00267566 -0.00336274 -0.00123877 0.00395976 8.07709e-06 -0.0050438 -0.00300448 -0.000234357 0.0020929 -0.00186224 -0.00230356 0.00421436 0.00294955 0.00484523 0.00355413 0.000909499 -0.00136398 0.00084727 -0.00186404 0.00390043 -0.000719703 0 0.00051271 0.0013388 -0.0046515 6.458e-06 0.00174508 -0.00335616 -0.00409478
internal_weight=12215.9 7713.65 6640.63 4502.21 2012.75 4625.71 1442.93 2489.46 918.561 2014.92 702.386 740.54 1073.01 4429.36 1522.78 2906.58 1388.94 1155.96 869.009 244.672 858.965 437.121 592.683 526.616 460.772 1095.25 597.27 180.449 999.561 495.869 404.71
internal_count=24343 15894 14361 8449 3509 9365 2664 4940 1907 4996 1586 1078 1533 9176 1611 7565 1393 3404 1299 377 1592 979 1360 1332 1234 3369 805 260 3153 701 543
is_linear=0
shrinkage=0.0160995


Tree=14
num_leaves=32
num_cat=0
split_feature=35 54 12 54 51 52 10 10 45 69 51 62 7 12 62 26 56 10 10 51 10 29 23 29 57 55 26 36 52 69 69
split_gain=323.758 91.3968 89.4534 40.7527 40.5293 27.9029 25.0703 21.9464 18.1498 16.7265 14.3839 12.0777 11.4 11.2417 11.1716 10.9604 10.0799 8.82146 7.3057 7.17977 6.90729 10.3855 6.89482 6.75562 6.22112 6.05071 5.27756 4.70301 6.42628 4.59479 4.21522
threshold=76.750000000000014 37.95000000000001 2.5000000000000004 203.05000000000004 1.1205626498592018 2116.9880000000007 -0.5123666674339783 -0.59125596962661853 2.2003045144459947 25.880592859264244 1.8136658621800261 1005.7500000000001 0.60355339059327384 1.5000000000000002 1006.1500000000002 26.175000000000004 361.05000000000007 0.76665171983724034 0.2843565540399125 1.0654847654957555 0.44437406304545285 26.445000000000004 29.685010421525593 29.225000000000005 638.28333333333353 556.75000000000011 30.365000000000006 78.450000000000017 2009.2140000000002 26.352333879290406 35.607027748386407
decision_type=2 2 2 2 2 2 2 2 2 2 2 2 2 2 2 2 2 2 2 2 2 2 2 2 2 2 2 2 2 2 2
left_child=3 2 10 4 13 8 25 -5 15 -6 17 30 -10 18 24 -4 -7 20 -1 26 21 -2 -22 -15 -8 -3 -18 -16 -29 -30 -9
right_child=1 6 5 7 9 16 14 11 12 -11 -12 -13 -14 23 27 -17 19 -19 -20 -21 22 -23 -24 -25 -26 -27 -28 28 29 -31 -32
leaf_value=-0.12187836164852481 2.8331994856329187e-05 0.029032046585443054 0.038202312494807517 -0.0053126622242146053 0.0068277198096933119 0.044748906992174604 0.010757773352362008 0.0037915645965136344 -0.030569256631940458 -0.076561138905388501 -0.057898460172102137 -0.099449869670940647 0.0045043151119659279 0.024079501697092914 -0.041202262461788916 0.00031604495955087216 0.03457872486772736 -0.027795422770653579 0.013104818185743265 -0.092277745545613243 0.075532183492702257 -0.075408492662804832 -0.0057379877868471221 -0.0053571012285113205 -0.032934065084274704 -0.018225487125295543 0.0003441071369968278 -0.045904599951510153 0.041551850777152621 -0.013185401276965297 -0.034024527722106096
leaf_weight=105.29658141732216 276.81474584341049 582.59379810094833 312.54849085211754 225.32622358202934 72.474673122167587 3080.7919446229935 379.39998719096184 92.870582699775696 217.66448307037354 872.79823699593544 128.34740877151489 1819.2862536013126 337.75838470458984 400.04832288622856 491.63912197947502 214.48258110880852 471.1192375421524 116.14939296245575 91.761951208114624 46.501873195171356 114.89608243107796 114.76258763670921 148.88971316814423 189.41604343056679 131.72850894927979 229.43926626443863 148.00974357128143 124.86882969737053 55.412578850984573 469.29222017526627 153.46954822540283
leaf_count=197 264 1944 148 798 35 7300 1037 255 182 1181 76 3116 132 895 941 314 1449 84 223 104 256 198 382 340 268 830 132 79 43 960 180
internal_value=-2.52242e-05 0.00180459 0.00292226 -0.00377025 -0.00182898 0.00379547 -0.000761575 -0.00519787 0.00140287 -0.0040838 -0.00167156 -0.00571918 -0.000504093 0.00078557 -0.00192013 0.00355375 0.00446349 -0.000711063 -0.00233734 0.00239654 0 -0.00132972 0.00202138 0.00197211 0 0.00149585 0.00292482 -0.00280409 -0.00167015 -0.000693966 -0.00184661
internal_weight=12215.9 8193.11 5728.74 4022.75 1731.8 4828.88 2464.37 2290.95 1082.45 945.273 899.86 2065.63 555.423 786.523 1652.34 527.031 3746.42 771.513 197.059 665.631 655.363 391.577 263.786 589.464 511.128 812.033 619.129 1141.21 649.574 524.705 246.34
internal_count=24343 17123 11021 7220 2871 9761 6102 4349 776 1216 1260 3551 314 1655 3328 462 8985 1184 420 1685 1100 462 638 1235 1305 2774 1581 2023 1082 1003 435
is_linear=0
shrinkage=0.0160995


Tree=15
num_leaves=32
num_cat=0
split_feature=36 58 11 58 11 33 69 11 52 69 11 52 24 28 22 26 27 69 24 58 11 11 69 28 11 48 11 60 65 27 67
split_gain=291.861 71.6341 65.915 59.4694 40.8951 35.2209 32.2926 26.6651 19.9179 19.0671 15.5791 14.5677 13.7182 12.0435 14.2857 11.5665 12.4672 10.7178 10.0888 9.56666 9.14445 9.10251 12.3922 8.25357 11.2433 6.47895 6.04213 5.71167 5.4975 4.91684 4.74924
threshold=77.750000000000014 1154.7630000000001 0.45207220393230413 5527.0075000000006 0.45207220393230413 71.15000000000002 26.352333879290406 -0.7721279831368929 2009.2140000000002 24.93981631901416 0.88201535311751322 2116.9880000000007 24.745000000000001 29.385000000000002 37.472986655778918 30.435000000000006 30.405000000000005 26.578126322532327 30.285000000000004 873.33800000000008 0.65837719692149965 0.83824865459667641 35.287046638173969 26.745000000000001 0.8977101403255705 29.220833333333339 0.85651926849515192 0.95050000000000001 3.5150000000000001 27.505000000000006 0.60500000000000009
decision_type=2 2 2 2 2 2 2 2 2 2 2 2 2 2 2 2 2 2 2 2 2 2 2 2 2 2 2 2 2 2 2
left_child=3 2 15 4 18 17 -6 -5 -3 -7 20 12 -11 26 25 -2 -17 -4 19 -1 30 22 27 -13 28 -15 -10 -9 -25 -22 -8
right_child=1 8 5 7 6 9 10 21 13 11 -12 23 -14 14 -16 16 -18 -19 -20 -21 29 -23 -24 24 -26 -27 -28 -29 -30 -31 -32
leaf_value=0.038441209633699409 0.045562086971389602 -0.05458880631642124 0.0080310916174413938 0.00019211731925080012 0.01160925897511941 0.043480315273440685 -0.077525284350676557 -0.034607480919374559 0.013530658929284872 0.0034096822213931458 -0.090895877432285152 0.036016663596110693 -0.02152148606965457 -0.0020812474227033728 0.014970888079626311 -0.0076042740335466232 0.023016743830221547 -0.054245704580577217 -0.015047832740059093 -0.00028365749591133558 -0.023974499615003378 -0.14733386403409618 -0.073292582510732271 0.060471963858318128 -0.019622969260998796 -0.032138578706904772 -0.026930474152556005 0.0037063160743511735 0.0041102654447328513 0.058950722322932192 0.023956786992833042
leaf_weight=346.14935386180878 2481.654668956995 228.42387294769287 100.47916528582573 250.94721066951752 264.0750270485878 490.16715812683105 135.51743909716606 590.60555893182755 1220.6222960054874 433.06704631447792 844.99196425080299 387.05911725759506 322.6181803047657 125.80945470929146 103.4193332195282 124.86652147769928 137.80149173736572 354.75612831115723 64.690174162387848 152.72658848762512 71.363662779331207 924.88897037506104 588.52090775966644 266.11300709843636 129.2392849624157 327.61382287740707 189.2450407743454 134.49637430906296 290.69079914689064 77.412923276424408 55.826853334903717
leaf_count=853 7139 236 72 847 139 201 232 1660 3900 174 1178 526 294 420 137 134 123 485 83 404 198 1512 444 740 136 430 202 477 545 255 167
internal_value=-1.96885e-05 0.00187466 0.00285508 -0.00328199 -0.00116878 0.00106528 -0.00262516 -0.00495446 -0.000554291 0.00189045 -0.00378389 0.00107313 -0.000554053 0 -0.00202491 0.00463161 0.00100048 -0.00294621 0.00242823 0.00328331 -0.000590011 -0.00551154 -0.00444319 0.00229149 0.00106112 -0.00333938 0.00076369 -0.00280518 0.00213907 0.0020716 -0.00307061
internal_weight=12215.9 7713.65 5518.51 4502.21 2012.75 2774.19 1449.19 2489.46 2195.13 2318.95 1185.11 1828.79 755.685 1966.71 556.843 2744.32 262.668 455.235 563.566 498.876 340.121 2238.51 1313.62 1073.1 686.043 453.423 1409.87 725.102 556.804 148.777 191.344
internal_count=24343 15894 10569 8449 3509 3173 2169 4940 5325 2616 2030 2415 468 5089 987 7396 257 557 1340 1257 852 4093 2581 1947 1421 850 4102 2137 1285 453 399
is_linear=0
shrinkage=0.0160995


Tree=16
num_leaves=32
num_cat=0
split_feature=37 31 12 6 50 23 37 6 10 64 12 62 37 70 50 51 57 64 62 47 27 10 31 10 50 27 57 10 51 23 31
split_gain=287.937 104.166 94.2076 74.2304 32.4708 34.7495 19.9408 18.851 17.4318 14.0864 12.6817 12.1908 11.913 9.81481 11.6244 14.7847 9.62749 9.49213 8.10762 7.98372 7.09089 7.08171 10.9943 6.90205 6.88651 6.76435 6.59851 6.38198 6.38123 5.87306 5.7757
threshold=78.65000000000002 78.450000000000017 2.5000000000000004 0.12940952255126045 25.733125000000005 24.585881162536928 72.950000000000017 -1.0000000180025095e-35 -0.5123666674339783 1007.7500000000001 1.5000000000000002 1009.0500000000001 84.450000000000017 2.5417554408916136 29.864791666666669 0.4358220410231039 0.81666666666675203 1010.85 1008.6500000000002 0.40673496694202643 29.485000000000003 0.75548631800528565 80.350000000000009 -0.59817537509284324 29.306875000000005 30.125000000000004 28.975000000000083 0.74409704927257569 0.60983574645125815 25.455931119106872 81.950000000000017
decision_type=2 2 2 2 2 2 2 2 2 2 2 2 2 2 2 2 2 2 2 2 2 2 2 2 2 2 2 2 2 2 2
left_child=1 6 12 4 5 -4 23 10 -5 25 -3 24 21 14 19 -16 17 -11 -15 -6 -20 22 -2 -1 -10 -8 -13 29 -14 -12 -9
right_child=2 7 3 8 13 -7 9 30 11 16 27 26 28 18 15 -17 -18 -19 20 -21 -22 -23 -24 -25 -26 -27 -28 -29 -30 -31 -32
leaf_value=-0.013336051939839963 -0.049668882845772311 -0.027734226576778979 0.035523525303418187 0.022211225140783768 0.051344683518369023 -0.021951133822656142 -0.018710439819684777 -0.02070423855082866 0.0085202891356467823 -0.068058394476059839 0.00011579688669731395 -0.012649979117288981 0.047235313502016159 0.022681212372143367 0.019969092729237182 -0.0064870543892098405 -0.083305607182400973 0.0030085687494276932 -0.025223127308912879 -0.0069369715184587916 0.026359026803762911 -0.050316816965746254 -0.00083246179063921897 -0.11472594392411029 -0.01536362378795251 0.0067860692886926787 -0.060822707901676244 0.0054646730919149511 -0.030457367821807805 0.041347461991217659 0.0059842713833689705
leaf_weight=71.798659682273865 313.41415223479271 117.09591275453568 215.65750181674957 721.13681221008301 2847.0432098805904 287.41347214579582 505.00908190011978 617.17805022001266 428.14070457220078 181.53576508164406 110.38928371667862 118.07829678058624 89.578768312931061 364.03887721896172 136.05432525277138 152.62440022826195 728.64705246686935 146.39950910210609 97.48857107758522 175.78334766626358 78.681920170783997 143.99186170101166 224.98509386181831 1651.5027860105038 251.22154355049133 77.369258105754852 213.22175997495651 153.88491368293762 236.76496249437332 371.81663072109222 387.91291326284409
leaf_count=244 421 164 77 2457 7211 159 899 1545 1311 178 51 63 121 600 158 211 1356 167 195 151 98 121 411 2825 348 90 197 308 330 863 1013
internal_value=-4.31439e-05 -0.002958 0.00204958 0.0028109 0.00393134 0 -0.00461809 0.000173869 0 -0.00322372 0.00213357 -0.00137135 -0.00245896 0.00443344 0.00478433 0.00128607 -0.00435562 -0.00166801 0.00211852 0.00509011 -0.000319755 -0.00366413 -0.00254504 -0.00588879 -1.21446e-05 -0.00101999 -0.00389057 0.00308513 0 0.00399251 -0.00121755
internal_weight=12215.9 5120.54 7095.32 6086.58 4354.79 503.071 3362.26 1758.28 1731.8 1638.96 753.187 1010.66 1008.73 3851.71 3311.51 288.679 1056.58 327.935 540.209 3022.83 176.17 682.391 538.399 1723.3 679.362 582.378 331.3 636.091 326.344 482.206 1005.09
internal_count=24343 9703 14640 13236 8860 236 5759 3944 4376 2690 1386 1919 1404 8624 7731 369 1701 345 893 7362 293 953 832 3069 1659 989 260 1222 451 914 2558
is_linear=0
shrinkage=0.0160995


Tree=17
num_leaves=32
num_cat=0
split_feature=37 31 11 54 10 27 36 55 58 50 27 23 50 45 70 10 11 31 10 11 23 23 11 37 45 10 27 45 45 51 51
split_gain=281.123 101.738 55.5835 54.9924 47.7035 35.678 27.2608 22.9572 18.3408 18.26 17.2215 13.9577 22.4715 13.7872 13.5086 13.3712 23.1041 13.3555 12.2978 8.09502 7.97794 7.04013 6.74846 6.73626 6.66658 6.53146 6.48862 6.31667 6.292 6.10888 6.40951
threshold=78.65000000000002 78.450000000000017 0.45207220393230413 135.25000000000003 0.047320950113892181 25.845000000000002 75.15000000000002 4.3500000000000005 1092.1590000000003 29.287708333333338 29.525000000000002 24.219079353969956 25.733125000000005 2.2230463731339629 3.08098181321107 0.63209755774300602 -0.70862667826445969 79.850000000000009 -0.20931270765420754 0.56312986467441573 36.978319362395766 25.195819224368332 -0.82389248692129191 85.450000000000017 2.9398720701398982 -0.69016699705532225 29.485000000000003 1.466568754141603 2.0605439322613401 0.54615122392302295 0.58889342628883867
decision_type=2 2 2 2 2 2 2 2 2 2 2 2 2 2 2 2 2 2 2 2 2 2 2 2 2 2 2 2 2 2 2
left_child=1 6 3 15 5 28 22 11 13 -5 18 -7 -13 -3 19 -2 -17 23 -8 -14 29 -20 -1 -6 -21 -24 -11 -16 -4 -18 -31
right_child=2 8 4 9 17 7 10 -9 -10 26 -12 12 14 -15 27 16 20 -19 21 24 -22 -23 25 -25 -26 -27 -28 -29 -30 30 -32
leaf_value=-0.0020263368237580896 0.053815787951874083 0.017957147727858076 -0.013738749592857556 0.013420772326872443 -0.058400082069693875 0.036823147448072469 -0.0082220150960863742 -0.020363661767436977 -0.019288500072499323 -0.040923091182407029 0.0041465827875019901 -0.0086585376610721146 -0.025530991865721057 -0.011651734404186254 0.012350572354771844 -0.014122848471453071 0.032886425712647854 -0.0031181433387212571 -0.027545171749819578 0.055551117572440793 -0.00073528239826322326 -0.054836931469047355 -0.018786921412005275 -0.011487769540700051 0.0026748940279351313 -0.11714629655444796 -0.0051487984478404214 -0.019672205359177523 -0.067781731007995685 -0.004130177059498359 0.0312765031163737
leaf_weight=63.231350541114807 1827.6305536329746 741.89152613282204 114.85846558213234 781.89625591039658 397.60727259516716 372.61503186821938 253.11236292123795 261.15674123167992 829.18620610237122 158.21054905653 271.11954307556152 253.6848052740097 75.680430948734283 187.19997450709343 108.63562873005867 100.55327224731445 475.58733388781548 486.20208692550659 80.611559003591537 687.79116639494896 105.27821660041809 626.68868798017502 59.550006926059723 96.952183276414871 87.465066373348236 2007.9486021399498 104.4519847035408 138.64655897021294 144.78016912937164 94.914506942033768 220.72129824757576
leaf_count=182 5937 1579 81 2694 539 146 685 606 2211 207 322 97 195 154 139 156 839 739 46 838 137 1040 176 123 66 3308 135 180 147 113 526
internal_value=-3.66751e-05 -0.00291694 0.00203107 0.00333462 0.000440962 0.00175527 -0.00455761 0.0025141 0.000177755 9.84622e-05 -0.00252075 0.00320402 0.0023348 0.00176823 0.00335674 0.00450146 0.00280972 -0.00248222 -0.00354689 0.0043159 0.00367988 -0.00464074 -0.0056914 -0.00435593 0.00480956 -0.00585028 -0.00346212 0 -0.00370085 0.00423529 0.00203124
internal_weight=12215.9 5120.54 7095.32 3869.24 3226.08 2245.31 3362.26 1985.68 1758.28 1044.56 1231.53 1724.52 1351.9 929.092 1098.22 2824.69 997.055 980.762 960.413 850.937 896.501 707.3 2130.73 494.559 775.256 2067.5 262.663 247.282 259.639 791.223 315.636
internal_count=24343 9703 14640 10744 3896 2495 5759 2267 3944 3036 2093 1661 1515 1733 1418 7708 1771 1401 1771 1099 1615 1086 3666 662 904 3484 342 319 228 1478 639
is_linear=0
shrinkage=0.0160995


Tree=18
num_leaves=32
num_cat=0
split_feature=31 54 11 54 69 11 64 10 64 10 70 10 10 3 21 68 42 51 11 11 21 11 66 69 64 66 51 10 70 67 31
split_gain=273.991 78.672 75.3437 66.5184 64.9896 32.3156 32.6291 29.283 28.4658 27.2037 21.0752 19.8874 16.6871 15.5148 13.6874 12.9308 11.1007 11.0055 10.7808 9.90333 9.05353 10.3957 6.94977 6.80831 6.8003 6.51809 5.88778 5.38749 9.2251 8.62185 5.15191
threshold=78.950000000000017 207.25000000000003 0.46735921715800216 37.95000000000001 26.352333879290406 0.85651926849515192 1010.4500000000002 -0.71466676797886819 1008.1500000000002 0.61866567420209762 0.7747397042197407 -0.49750868180287638 -0.5123666674339783 0.45050000000000007 35.736089983906147 0.38500000000000006 34.53111508279671 0.54615122392302295 -0.67758968959607091 -0.69014782361074123 29.754499813578963 0.93225468035816128 6.035000000000001 30.328770554340302 1009.7500000000001 3.8650000000000007 0.58889342628883867 0.65189295912203338 0.89513939064376313 1.6850000000000003 84.450000000000017
decision_type=2 2 2 2 2 2 2 2 2 2 2 2 2 2 2 2 2 2 2 2 2 2 2 2 2 2 2 2 2 2 2
left_child=1 2 16 5 -4 9 10 -3 14 -2 -7 -6 24 -8 -9 -16 25 19 -14 -11 -12 -22 -15 -19 -5 -1 -25 -18 -29 -30 -20
right_child=3 7 4 12 11 6 13 8 -10 17 20 -13 18 22 15 -17 27 23 30 -21 21 -23 -24 26 -26 -27 -28 28 29 -31 -32
leaf_value=0.049033838290909917 0.057147246963588902 0.004605694954859102 0.021787224990709241 0.026128470378385494 0.025611988882819983 -0.027871084447328078 0.030787075193347845 -0.0072524171951462478 -0.12746873033368056 -0.011402370632798644 0.022117219148092844 -0.066163134725009606 0.0023646251948733431 0.06306382337814076 0.017023010668377695 -0.041266823765528982 0.042544982475497414 -0.020321627921110044 -0.038034139308975042 0.033966894231439108 0.033197554429708148 -0.025658869644624542 -0.001060818906331295 -0.0071349880266242628 -0.024437628852976991 0.020310321217811931 0.011652684383203821 -0.00852463422613608 0.020317637493742813 -0.021527468925478781 0.00010061809752738789
leaf_weight=320.66973802447319 2150.6360581219196 267.98872542381287 368.06095659732819 592.56813430786133 145.24468469619751 319.20293352007866 309.19904309511185 386.33166122436523 1465.0019361972809 88.725820541381836 186.958326369524 1456.81330037117 431.83087682723999 208.16431713104248 88.136235415935516 569.73336058855057 148.06243497133255 143.71343341469765 591.7823777794838 490.54942455887794 70.401587516069412 89.224398821592331 258.80228334665298 75.835584938526154 89.155638694763184 178.66205662488937 263.2304405272007 96.371622800827026 158.48379272222519 81.165743350982666 125.15246933698654
leaf_count=596 6442 911 196 2071 452 212 169 995 2728 133 145 2039 1338 174 93 654 384 205 894 967 194 89 82 99 272 628 596 120 211 95 159
internal_value=-4.92813e-05 -0.00261977 -0.000756427 0.00221003 -0.00259314 0.00323366 0.00114973 -0.00456924 -0.00511085 0.00414186 -0.00137697 -0.0040167 -0.00035043 0.00341633 -0.00292399 -0.00434294 0.00283821 0.00190365 -0.00156839 0.00339434 0.00119071 -0.00125592 0.00132362 0 0.00158264 0.004559 0.00134542 0.000879351 -2.80431e-05 0.0014226 -0.00278695
internal_weight=12215.9 5730.73 2953.53 6485.13 1970.12 4654.64 1441.95 2777.19 2509.2 3212.69 665.787 1602.06 1830.49 776.166 1044.2 657.87 983.415 1062.05 1148.77 579.275 346.584 159.626 466.967 482.779 681.724 499.332 339.066 484.084 336.021 239.65 716.935
internal_count=24343 10102 4721 14241 2687 9507 1065 5381 4470 8442 640 2491 4734 425 1742 747 2034 2000 2391 1100 428 283 256 900 2343 1224 695 810 426 306 1053
is_linear=0
shrinkage=0.0160995


Tree=19
num_leaves=32
num_cat=0
split_feature=35 6 52 54 10 10 11 69 61 63 42 11 11 68 65 10 11 25 11 69 68 69 11 10 10 4 10 27 65 4 11
split_gain=286.383 95.2836 62.9311 34.1949 30.7792 28.94 26.3081 29.8453 17.4876 16.6416 15.6607 15.4154 14.6747 14.1187 13.3532 11.7044 10.6219 10.0188 8.13755 17.4275 7.22459 7.08055 6.90703 14.1615 6.70978 6.23911 6.19045 11.7804 5.78428 7.26984 5.4454
threshold=75.65000000000002 0.12940952255126045 2116.9880000000007 415.05000000000001 0.34964421742355262 -0.5123666674339783 0.45207220393230413 25.880592859264244 0.95650000000000002 1006.0500000000001 27.583184399808399 -0.8520459593969173 0.85651926849515192 0.095000000000000015 4.9450000000000012 -0.73831951690629072 0.57727023316007786 29.675000000000004 0.93225468035816128 26.739351451692034 0.93500000000000016 36.263343501205597 0.87377473702374975 0.7206604759859373 0.96460524310950191 1011.2500000000001 0.6254047815183511 30.525000000000002 3.4850000000000008 1006.1500000000002 0.24284972209593572
decision_type=2 2 2 2 2 2 2 2 2 2 2 2 2 2 2 2 2 2 2 2 2 2 2 2 2 2 2 2 2 2 2
left_child=3 2 4 6 10 30 17 -8 14 -7 13 -5 -12 -2 18 -13 -6 -1 28 -20 -19 25 23 -9 -11 -10 -16 -28 -4 -30 -3
right_child=1 5 8 11 16 9 7 22 21 24 12 15 -14 -15 26 -17 -18 20 19 -21 -22 -23 -24 -25 -26 -27 27 -29 29 -31 -32
leaf_value=0.025439329627372474 0.027736206833438914 0.026019188256564192 0.034953259102862441 0.0047558293034119436 0.00026096951991018327 0.0030112309717121484 0.018944857817355176 0.027375444356982054 0.049722564544933907 -0.035735380444364626 0.059469980558023612 -0.0098793757693737359 -0.05027744893095229 -0.0037063774139793762 0.043496535209979828 -0.10104250586986925 -0.052964169580401746 0.010790343041688036 0.014018885748900435 -0.047070813260716625 -0.03935147945827875 -0.010243671465288493 -0.090958956808493321 -0.074468278795664478 0.0066861093106343914 -0.017264762140560476 -0.0048024104974185786 0.062115514769891161 0.023653119814098546 0.0012226968235971656 -0.0023299752717488797
leaf_weight=254.58780792355537 712.44366970658302 555.24808430671692 484.49350106716156 89.88580310344696 97.872776448726654 513.87383663654327 91.206898480653763 153.6989973783493 2046.1199968755245 1261.2661850452423 90.495876342058182 102.92615246772766 265.85246813297272 248.45508348941803 480.26774260401726 1386.5284770727158 257.00733113288879 91.257656157016754 219.31149703264236 155.27190577983856 126.06552594900131 64.382908344268799 983.76239070296288 145.93226909637451 100.23006498813629 35.608614027500153 84.037096351385117 92.437494456768036 155.79943600296974 520.9885990023613 348.54325175285339
leaf_count=736 325 2075 1189 304 136 1208 52 496 5945 2195 210 343 311 103 794 2304 225 126 139 191 201 135 1340 242 251 58 192 67 295 1118 1037
internal_value=-4.63354e-05 0.00148599 0.00262887 -0.00399886 0 -0.00095727 -0.00242824 -0.00356238 0.00365086 -0.00211341 0.0011104 -0.00577532 -0.00163492 0.00221373 0.00255134 -0.00616757 -0.0042095 0.000708744 0.00164019 -0.00023487 -0.00158587 0.00473108 -0.00423084 -0.00163405 -0.00304813 0.00489432 0.00454123 0.00128607 0.00231267 0.00116249 0.00135238
internal_weight=12215.9 8790.01 6010.85 3425.85 1672.13 2779.16 1846.51 1374.6 4338.72 1875.37 1317.25 1579.34 356.348 960.899 2192.61 1489.45 354.88 471.911 1535.86 374.583 217.323 2146.11 1283.39 299.631 1361.5 2081.73 656.742 176.475 1161.28 676.788 903.791
internal_count=24343 18199 11433 6144 1310 6766 3193 2130 10123 3654 949 2951 521 428 3985 2647 361 1063 2932 330 327 6138 2078 738 2446 6003 1053 259 2602 1413 3112
is_linear=0
shrinkage=0.0160995


Tree=20
num_leaves=32
num_cat=0
split_feature=35 6 51 37 52 10 17 54 51 10 51 65 27 37 61 10 27 10 30 51 10 10 37 30 27 65 47 51 61 4 4
split_gain=278.033 81.7272 64.1378 45.5318 29.2726 24.1393 20.0967 19.0395 30.5349 16.7727 16.0994 14.3738 17.9868 13.1844 12.8718 12.8121 10.0386 9.75943 9.3622 9.09293 8.9084 8.78612 7.98413 7.94106 7.60626 7.23641 7.23548 6.95297 6.60315 6.45613 6.31149
threshold=76.550000000000011 0.12940952255126045 1.7213875724221583 78.65000000000002 2116.9880000000007 -0.5123666674339783 25.455931119106872 186.45000000000002 1.091856673846564 0.61866567420209762 1.3972713432762642 3.4850000000000008 30.565000000000001 74.15000000000002 0.49050000000000005 -0.59125596962661853 25.935000000000006 -0.5123666674339783 24.130000000000006 0.59798317414749114 0.047320950113892181 0.85654306401281499 78.850000000000009 26.555000000000003 27.265000000000004 5.0450000000000008 0.24020824298945537 1.0654847654957555 0.80950000000000022 1008.85 1005.1500000000002
decision_type=2 2 2 2 2 2 2 2 2 2 2 2 2 2 2 2 2 2 2 2 2 2 2 2 2 2 2 2 2 2 2
left_child=3 2 4 7 6 -3 14 8 23 13 18 22 21 28 -2 -9 -7 -8 -5 -20 -4 -13 -11 -1 26 -18 -15 -19 -6 -24 -17
right_child=1 5 20 10 9 16 17 15 -10 11 -12 12 -14 24 -16 30 25 27 19 -21 -22 -23 29 -25 -26 -27 -28 -29 -30 -31 -32
leaf_value=0.023982405353640966 0.044895833341438096 0.017024005773180261 -0.0010771645750276802 0.025853990851417166 -0.044969494849589293 -0.058788486864041908 0.064047817827048659 -0.0035323408090691261 -0.074392948773547629 0.00017311090446777683 -0.057519226989599624 -0.0059846535733289775 0.015364538734786088 0.042716365142096313 0.004406399824939046 -0.026272653382225661 -0.025665517275909072 -0.0062791267143387473 0.011622794238421929 -0.025172410113787298 -0.052111474435302473 0.011497509117405554 0.046949551102719124 -0.0070629710005924362 0.048008866681659421 -0.00072700978412902227 -0.035936596536142541 -0.042650525105532924 0.065500926737413409 0.0056356514319055671 -0.1025642444883713
leaf_weight=91.738884896039963 238.00366428494453 851.15626096725464 210.44725996255875 62.837674111127853 84.101595759391785 128.62748444080353 91.794195711612701 112.49551573395729 683.32185173034668 90.522500872612 199.72024500370026 351.40684667229652 231.34875279664993 123.40351068973541 416.46882930397987 168.37225916981697 922.60375046730042 168.11368149518967 313.72330895066261 361.21030494570732 189.5260996222496 241.80859234929085 332.48509183526039 290.96065697073936 2535.589931845665 573.67382919788361 70.763335794210434 331.02147525548935 55.747055411338806 65.408628404140472 1627.4563232064247
leaf_count=137 99 2927 122 25 156 128 196 391 922 227 194 489 206 290 175 280 1837 221 779 938 150 743 503 640 6835 1308 114 320 164 129 2698
internal_value=-6.65078e-05 0.00159378 0.0026377 -0.00360971 0.00310433 -0.000831279 0.000850332 -0.00458694 -0.00269979 0.0037551 -0.000418767 0.00211978 0.000699371 0.00447203 0.00282451 -0.0055925 -0.00200007 -0.00120511 0.000588808 0 -0.0034688 -0.000673784 0.00433332 0.00076082 0.00471939 -0.00154906 0.0010581 -0.00219186 0 0.00530749 -0.0059226
internal_weight=12215.9 8304.02 5827.96 3911.84 5427.99 2476.06 1245.4 2974.35 1066.02 4182.59 937.492 1312.98 824.564 2869.61 654.472 1908.32 1624.91 590.929 737.771 674.934 399.973 593.215 488.416 382.7 2729.76 1496.28 194.167 499.135 139.849 397.894 1795.83
internal_count=24343 17339 11139 7004 10867 6200 1011 5068 1699 9856 1936 2297 1438 7559 274 3369 3273 737 1742 1717 272 1232 859 777 7239 3145 404 541 320 632 2978
is_linear=0
shrinkage=0.0160995


Tree=21
num_leaves=32
num_cat=0
split_feature=35 6 69 69 6 69 69 33 63 27 24 62 26 24 64 60 62 27 60 35 64 27 6 64 31 27 20 69 31 31 6
split_gain=276.629 81.7 46.825 38.4658 34.5124 26.9901 27.9033 25.3867 19.5375 17.4099 15.037 13.7525 13.0203 12.9494 11.5061 12.6495 10.6234 9.14076 8.0371 8.11314 7.69375 6.97208 6.51393 6.36122 5.16418 5.38002 5.07089 4.72503 4.70554 4.09232 3.82112
threshold=76.550000000000011 0.12940952255126045 29.791612300606829 26.352333879290406 0.25881904510252091 30.486737295916392 26.352333879290406 74.750000000000014 1009.0500000000001 25.935000000000006 29.735000000000003 1010.2500000000001 30.365000000000006 30.065000000000001 1011.5500000000001 0.15150000000000002 1008.7500000000001 29.445000000000004 0.90650000000000019 75.65000000000002 1011.1500000000002 28.915000000000003 -1.0000000180025095e-35 1007.1500000000002 77.550000000000011 28.625000000000004 35.012207929650309 27.274276638594149 82.050000000000011 79.350000000000009 0.37940952255126054
decision_type=2 2 2 2 2 2 2 2 2 2 2 2 2 2 2 2 2 2 2 2 2 2 2 2 2 2 2 2 2 2 2
left_child=4 2 3 14 5 6 -1 20 18 -3 23 12 -4 -14 15 -2 -17 21 19 -6 -5 -12 -7 -11 -9 27 -20 -26 -16 -8 -25
right_child=1 9 11 7 8 22 29 24 -10 10 17 -13 13 -15 28 16 -18 -19 26 -21 -22 -23 -24 30 25 -27 -28 -29 -30 -31 -32
leaf_value=0.014193135932301473 0.026349414414512148 -0.053725635644496117 0.04152345643535766 -0.051799470788097518 -0.05064541855251177 0.025359501743631691 -0.073609819244403504 -0.036529555640620812 -0.11708511698679533 0.013023287492142517 -0.0051714181454387016 0.0022268783498300311 -0.0038456529703507882 0.028044359369279397 0.021005158979463704 0.017902680502835566 -0.025317937636996579 0.0040402319874050883 0.011621964098884391 0.0044442284930745731 -0.0014960763572805539 -0.050160034597127971 -0.0083085661003811546 0.0096227011848480891 -0.019154928220692945 0.015227810826322968 -0.034226123492630746 0.0049564881611267259 0.084904924542538396 -0.020830222172734079 -0.015568803898643244
leaf_weight=197.12173476815224 171.70801836252213 148.19285315275192 3015.2710300683975 362.34709438681602 700.23054021596909 268.16312503814697 778.15672037005424 88.926117062568665 1307.2788509726524 832.03787282109261 76.203021943569183 248.04677757620811 161.73956868052483 148.37589448690414 256.32983675599098 191.03989973664284 221.9034198820591 133.88215696811676 208.26161175966263 99.441296577453613 110.14372700452805 231.10388612747192 155.69133144617081 341.51233026385307 114.94522601366043 182.57382369041443 106.59026700258255 357.04715469479561 197.56347849965096 90.901558250188828 713.12917327880859
leaf_count=102 73 191 8269 422 1243 612 1052 80 2447 2733 231 590 174 130 121 106 145 163 679 198 129 181 332 588 94 269 165 430 107 174 2113
internal_value=-5.40885e-05 0.00160201 0.00264572 0.000782138 -0.00358841 -0.00157422 -0.00296609 -0.00111231 -0.00479065 -0.000822576 -0.00044041 0.00379721 0.0040699 0.000607995 0.00307345 0.00137341 0 -0.00311307 -0.00306235 -0.00393987 -0.00404094 -0.00463583 0.00173523 0.000146739 0.000651681 0.00123461 -0.000563562 0.000138357 0.00506137 -0.00423663 -0.000633667
internal_weight=12215.9 8304.02 5827.96 2254.53 3911.84 1490.03 1066.18 1215.98 2421.8 2476.06 2327.87 3573.43 3325.39 310.115 1038.54 584.651 412.943 441.189 1114.52 799.672 472.491 307.307 423.854 1886.68 743.492 654.566 314.852 471.992 453.893 869.058 1054.64
internal_count=24343 17339 11139 1976 7004 2272 1328 1424 4732 6200 6009 9163 8573 304 552 324 251 575 2285 1441 551 412 944 5434 873 793 844 524 228 1226 2701
is_linear=0
shrinkage=0.0160995


Tree=22
num_leaves=32
num_cat=0
split_feature=35 6 51 11 10 54 51 10 56 30 11 10 11 10 6 35 62 6 10 64 37 37 32 10 54 69 27 35 52 37 36
split_gain=271.788 90.7598 59.5985 36.057 32.4009 31.963 37.2259 27.5517 26.023 17.8176 19.9623 16.8838 15.2941 15.1888 14.615 12.7955 12.7441 11.8284 11.4397 9.87593 8.81901 8.57952 8.44866 8.31442 8.08983 7.84066 6.40619 6.25906 5.66897 5.44852 4.59011
threshold=75.65000000000002 0.12940952255126045 1.8136658621800261 0.45207220393230413 0.047320950113892181 415.05000000000001 1.1586132624311269 -0.5123666674339783 7.9500000000000011 24.745000000000001 0.91234096280339505 0.61866567420209762 -0.8520459593969173 0.69016699705532247 -0.91597561503675329 86.550000000000011 1006.1500000000002 -0.5 -0.73831951690629072 1009.7500000000001 78.950000000000017 85.65000000000002 76.65000000000002 0.96460524310950191 3.9500000000000006 26.352333879290406 28.975000000000005 84.65000000000002 2203.4935000000005 79.350000000000009 81.750000000000014
decision_type=2 2 2 2 2 2 2 2 2 2 2 2 2 2 2 2 2 2 2 2 2 2 2 2 2 2 2 2 2 2 2
left_child=5 2 3 11 8 6 9 19 14 -1 24 -2 -7 -13 26 20 -9 -15 -14 -3 -16 22 -6 30 -11 -8 27 -5 -10 -19 -18
right_child=1 7 -4 4 21 12 25 16 28 10 -12 13 18 17 15 -17 23 29 -20 -21 -22 -23 -24 -25 -26 -27 -28 -29 -30 -31 -32
leaf_value=0.019418462937280081 0.050399203016127325 0.023091480136341075 -0.025447599207979205 0.031494336808638654 -0.048193251105767172 0.0058998899454991965 -0.00054360522445112702 -0.00018994760041478505 -0.062096791574313338 0.023907025242407332 -0.084970702201332557 -0.0052972501740300394 -0.0086916682036846226 0.023494152240785823 0.014583966790899568 0.0045639165575421543 -0.036898458752321062 -0.0037837399894896364 -0.096949180291866346 -0.029459874699801922 0.042574055254543323 0.032717226797120011 -0.0035092708983747445 0.01226517748246703 -0.010552225386577968 -0.089080304800208121 -0.016942422134600236 -0.022483920765116249 0.012564681604931181 0.02129961456879103 -0.018795545355487164
leaf_weight=90.446556955575943 1808.1881806850433 751.55607941746712 301.9322624206543 148.5633779168129 215.30264839529991 89.88580310344696 80.649873346090317 558.46238425374031 150.24097853899002 224.58669793605804 260.38141930103302 128.23810940980911 102.92615246772766 636.67409563064575 207.21659034490585 310.86506175994873 927.24018475413322 152.38078898191452 1386.5284789800644 152.2352566421032 749.96084740757942 117.92250147461891 487.25884675979614 100.33963352441788 344.07519590854645 846.37174692749977 119.64837858080864 97.257664889097214 118.07341942191124 261.1223891377449 289.32779258489609
leaf_count=61 5928 2629 189 184 327 304 39 1350 257 508 520 184 343 1127 112 242 1651 230 2304 483 546 179 810 238 845 1220 175 121 377 445 415
internal_value=-4.388e-05 0.00144872 0.00256423 0.00294182 0.00155146 -0.00389454 -0.00237309 -0.000935342 0.00271565 0 -0.000823956 0.00417911 -0.00561374 0.00253114 0.00349487 0.00431937 -0.00206379 0.00320309 -0.00600557 0.00131688 0.00526633 -0.00104993 -0.00179534 -0.00292618 0.000750645 -0.00464398 0.000403524 0.00206228 -0.00171784 0.000828336 -0.00331076
internal_weight=12215.9 8790.01 6010.85 5708.91 2722.31 3425.85 1846.51 2779.16 1901.83 919.49 829.043 2986.6 1579.34 1178.42 1633.51 1268.04 1875.37 1050.18 1489.45 903.791 957.177 820.484 702.561 1316.91 568.662 927.022 365.469 245.821 268.314 413.503 1216.57
internal_count=24343 18199 11433 11244 3330 6144 3193 6766 2014 1934 1873 7914 2951 1986 1380 900 3654 1802 2647 3112 658 1316 1137 2304 1353 1259 480 305 634 675 2066
is_linear=0
shrinkage=0.0160995


Tree=23
num_leaves=32
num_cat=0
split_feature=31 58 63 51 55 6 51 50 63 22 51 8 51 66 63 1 33 63 33 65 66 51 0 33 30 66 70 23 0 36 70
split_gain=252.066 94.7997 65.6369 38.0465 34.6463 21.4402 20.7266 15.6146 18.1823 13.9416 12.2589 10.166 10.1559 9.28159 8.6275 8.48806 7.62716 6.26017 6.22977 6.17601 8.2099 6.06172 6.03004 8.58208 7.21585 5.78666 5.58833 5.5003 7.02718 5.47848 5.0917
threshold=77.250000000000014 1154.7630000000001 1008.2500000000001 1.8136658621800261 30.050000000000004 1.0000000180025095e-35 1.3532230380012675 29.402291666666674 1010.2500000000001 25.195819224368332 0.5199772664210115 0.60355339059327384 1.1699002023988869 4.8850000000000007 1005.7500000000001 0.055000000000000007 74.250000000000014 1006.85 67.550000000000011 4.9650000000000007 3.7150000000000003 1.0008076448630907 7.2650000000000006 78.15000000000002 24.745000000000001 1.0550000000000004 -0.97531100798065029 36.335559397342315 4.5150000000000006 82.850000000000009 2.965175286600831
decision_type=2 2 2 2 2 2 2 2 2 2 2 2 2 2 2 2 2 2 2 2 2 2 2 2 2 2 2 2 2 2 2
left_child=2 3 4 10 18 6 9 8 17 -4 16 12 27 -9 30 26 -2 -3 -1 20 21 -13 -21 -24 -25 -7 -11 28 -12 -19 -6
right_child=1 7 5 -5 14 25 -8 13 -10 15 11 19 -14 -15 -16 -17 -18 29 -20 22 -22 -23 23 24 -26 -27 -28 -29 -30 -31 -32
leaf_value=-0.00035809791315956872 -0.0098000935198393861 0.019771411568773524 0.019656187605924941 -0.01340823105521935 0.011764466310191788 -0.0051564265593598141 -0.061536372149941343 -0.028123804918875929 -0.031846718948114736 -0.015620425519231082 0.020416617305345521 0.043334665824775839 -0.0082318023645506881 0.0038242420412882075 -0.029011890922337483 0.0051738551738591352 0.039338829758325672 -0.014495083485487276 0.033884475666695238 0.058175625231247599 -6.864500160554872e-05 0.0061503794250673052 0.020979617753602565 -0.006701674312461302 0.050250568206836384 -0.10830365928327372 -0.058617807581921096 -0.0056687338497544495 0.04377178326367457 0.02622978837427244 -0.034743186321511008
leaf_weight=66.557283908128738 90.454674154520035 616.85597407817841 103.3742128610611 219.32588171958923 265.83478352427483 54.094981908798218 565.88158822059631 358.14571866393089 460.31404453516006 68.085090667009354 468.51214650273323 297.45883864164352 347.35904979705811 104.92215910553932 817.23621106147766 235.10431528091431 1922.2105820477009 711.52942165732384 341.23655033111572 495.98481202125549 301.62730044126511 177.99815165996552 203.07382491230965 179.80715548992157 200.06778582930565 1685.2713854312897 231.77274093031883 87.69189378619194 301.08410120010376 187.28707620501518 49.699661284685135
leaf_count=116 168 2242 42 108 589 130 635 348 705 96 1304 563 452 188 1767 395 5572 1973 536 571 405 209 95 51 204 3071 367 95 800 493 53
internal_value=-4.79424e-05 0.0017064 -0.00308967 0.00291958 -0.0003393 -0.00449986 -0.00270591 -0.000893769 -0.000224362 -0.000566679 0.0032121 0.00249952 0.00123269 -0.00355589 -0.00183487 -0.00172729 0.0042499 0.00058392 0.00360099 0.00327489 0.00195853 0.00327036 0.00413976 0.00271659 0.00100296 -0.00568814 -0.00353506 0.00220042 0.00266884 -0.000194969 0.000198122
internal_weight=12215.9 7731.71 4484.15 5292.66 1540.56 2943.58 1204.22 2439.05 1975.99 638.336 5073.33 3060.67 1204.65 463.068 1132.77 534.962 2012.67 1515.67 407.794 1856.02 777.084 475.457 1078.93 582.949 379.875 1739.37 299.858 857.288 769.596 898.816 315.534
internal_count=24343 16546 7797 10597 3061 4736 1535 5949 5413 900 10489 4749 2651 536 2409 858 5740 4708 652 2098 1177 772 921 350 255 3201 463 2199 2104 2466 642
is_linear=0
shrinkage=0.0160995


Tree=24
num_leaves=32
num_cat=0
split_feature=6 12 27 63 50 0 57 52 68 49 30 52 68 3 70 30 67 33 44 61 52 12 61 25 41 21 27 26 70 41 0
split_gain=231.895 152.957 57.059 45.9145 24.5263 19.3079 19.9022 17.2344 14.9176 11.4255 10.5371 9.47128 9.15661 8.83367 8.53623 7.59043 7.4424 7.14237 6.73352 18.5534 6.33107 6.45279 6.24608 5.36026 4.85853 4.70392 4.53316 10.57 7.14596 4.43218 3.73698
threshold=0.37940952255126054 2.5000000000000004 25.845000000000002 1009.0500000000001 29.228958333333338 9.8550000000000022 4.708333333333429 2156.5610000000006 0.60500000000000009 0.24556397651722525 24.585000000000004 2009.2140000000002 0.36500000000000005 0.78650000000000009 3.1503851548803845 29.255000000000006 1.8350000000000002 77.250000000000014 27.581033367149875 0.34850000000000003 2324.9990000000003 1.5000000000000002 0.98150000000000015 30.335000000000004 0.93877097772705842 29.873873905745437 30.495000000000001 30.365000000000006 2.7843000257565618 0.36838418530264289 5.2650000000000006
decision_type=2 2 2 2 2 2 2 2 2 2 2 2 2 2 2 2 2 2 2 2 2 2 2 2 2 2 2 2 2 2 2
left_child=1 7 10 4 8 6 14 17 -2 13 -3 -5 -6 15 18 -8 25 -1 19 -4 21 -9 -13 -15 -20 -16 27 28 29 -11 -14
right_child=3 2 5 11 12 -7 9 20 -10 26 -12 22 30 23 16 -17 -18 -19 24 -21 -22 -23 -24 -25 -26 -27 -28 -29 -30 -31 -32
leaf_value=-0.067708834962714987 -0.067059796524447296 0.0094471340725893142 0.037681823834434962 -0.13070923502594681 0.0059477475306113315 -0.0031413076734364905 0.024882931739813163 -0.037132688474846839 0.0054346380408455018 0.020358954201852773 -0.05666181647060798 -0.066293939239683533 -0.036565544072056241 0.036925013673604436 0.0047405744958312112 -0.014957615437237963 0.038115171497931692 -0.011158035425934514 0.040493472129908295 -0.00096111301642822758 -0.03591880332942142 0.053645144169978433 -0.013598630127545672 -0.014693711788400102 -0.00048994699462504183 -0.020401731244388911 0.012670439853376994 -0.0078898552951649787 -0.057349146644637625 -0.0031323471517535422 -0.0055029828244219162
leaf_weight=984.85706159472466 253.08024510741234 83.348298162221909 246.08142322301865 885.46709343791008 108.71359142661095 121.02369201183319 244.66101938486099 140.79953068494797 1111.5899897813797 416.88141706585884 319.89316812157631 687.41291788220406 729.31010818481445 1063.6478534340858 78.175098568201065 141.29408326745033 141.98664370179176 241.88318049907684 2488.0350575447083 350.43095248937607 110.98228019475937 217.66930747032166 184.48603868484497 58.239238500595093 68.533401191234589 113.09039351344109 112.73137307167053 184.12094888091087 61.497598588466644 178.3742453455925 87.562146842479706
leaf_count=1343 641 44 111 1444 155 76 536 300 3814 993 457 1521 835 3039 46 174 268 183 5567 168 148 518 521 91 85 196 78 259 125 407 200
internal_value=-4.97822e-05 0.00150492 0.00263896 -0.00320561 -0.00164797 0.0030356 0.0031722 -0.00277163 -0.000210991 0.0019928 -0.00310878 -0.00518293 -0.00367182 0.00287648 0.00397916 0.000516797 0.0011617 -0.00377421 0.00424999 0.00238814 0 0.00089825 -0.00373431 0.00361305 0.00464933 -0.000564072 0.000506552 0 0.00104958 0.00168866 -0.0042617
internal_weight=12215.9 8168.24 6472.05 4047.62 2290.26 6068.8 5947.78 1696.19 1364.67 2461.45 403.241 1757.37 925.586 1507.84 3486.33 385.955 333.252 1226.74 3153.08 596.512 469.451 358.469 871.899 1121.89 2556.57 191.265 953.606 840.874 656.753 595.256 816.872
internal_count=24343 15212 12720 9131 5645 12219 12143 2492 4455 5702 501 3486 1190 3840 6441 710 510 1526 5931 279 966 818 2042 3130 5652 242 1862 1784 1525 1400 1035
is_linear=0
shrinkage=0.0160995


Tree=25
num_leaves=32
num_cat=0
split_feature=36 12 58 31 10 44 30 10 30 26 44 44 26 44 58 33 10 10 62 65 58 10 55 10 10 10 36 56 21 31 47
split_gain=241.089 76.4165 70.2114 60.6599 21.0233 19.28 33.154 19.3403 18.3037 18.7931 14.3851 14.6655 13.6252 16.9736 11.9923 11.3417 12.8939 10.6998 10.2933 8.58818 8.46676 7.74571 6.66699 7.65608 6.43046 6.3136 5.38763 5.37729 8.0724 5.01477 4.56023
threshold=77.750000000000014 2.5000000000000004 1092.1590000000003 78.850000000000009 -0.72660079619119988 27.581033367149875 24.130000000000006 -0.40542197401079733 24.585000000000004 27.235000000000003 27.077102778829914 35.277609850445948 29.795000000000005 37.585040390264702 1092.1590000000003 69.750000000000014 0.76665171983724034 0.7775899462189082 1006.1500000000002 5.0450000000000008 9547.0350000000017 0.75548631800528565 171.15000000000001 0.44437406304545285 0.86529924138975434 0.7266007961912001 82.750000000000014 117.75000000000001 35.551218429581773 80.050000000000011 0.32041639153007689
decision_type=2 2 2 2 2 2 2 2 2 2 2 2 2 2 2 2 2 2 2 2 2 2 2 2 2 2 2 2 2 2 2
left_child=3 15 5 4 -1 6 -3 -8 19 -10 -4 20 -7 27 30 -2 26 25 21 -6 -12 -11 23 -20 -23 29 -17 -14 -29 -13 -5
right_child=1 2 10 14 8 12 7 -9 9 18 11 17 13 -15 -16 16 -18 -19 22 -21 -22 24 -24 -25 -26 -27 -28 28 -30 -31 -32
leaf_value=0.015325432873036945 -0.050810140236639885 0.037132138925163323 -0.04031608680166384 0.034809241873949376 0.013163455930871462 0.039191449410895605 -0.032252157790085771 0.0024458695301381702 -0.11737494221736938 0.004566227969210886 0.02099117507174534 -0.019627762768088565 0.012381825756014986 0.022546015921507696 -0.020636403374365318 -0.01263078018456628 -0.041033347044851107 -0.035403432833354537 -0.086615673377818156 -0.066180657719298652 -0.0033152101040446759 -0.066489694109212169 -0.078849074308092876 -0.008943386703476261 -0.00087833559965374468 0.034606486430791235 0.028143121123357834 0.0064183407144726267 -0.0086102702634175531 0.0070116146298413329 -0.0011505062293374075
leaf_weight=162.99448484182358 204.00545120239258 232.69942155480385 126.55598410964012 421.10066968202591 133.83529371023178 3288.1831171810627 174.80389261245728 280.28440636396408 1098.9120408296585 197.13623309135437 670.7986396253109 172.99211657047272 133.90337884426117 222.44905853271484 587.52195763587952 399.07735839486122 155.95323622226715 175.22630488872528 330.54814806580544 149.36108031868935 693.62788012623787 105.47727131843567 820.95429673790932 282.04042384028435 81.125183701515198 57.328806757926941 313.97834610939026 124.20500883460045 169.18330615758896 118.39064872264862 131.20595127344131
leaf_count=527 234 90 59 986 101 8053 85 186 1613 453 1822 287 257 219 1529 628 110 157 640 108 2317 73 1635 493 170 52 561 265 210 302 121
internal_value=-4.42465e-05 0.00167681 0.0023269 -0.00300973 -0.00409773 0.00341957 0.000778286 -0.00161498 -0.0043908 -0.00477189 -0.00014346 0.000171913 0.0038595 0.00151988 0.000132406 -0.00226666 -0.00133119 -0.00205771 -0.00365134 -0.000176968 0.00108964 -0.00101182 -0.00429807 -0.00271626 -0.00343403 -0.000171349 -0.000284582 -0.000187913 -0.00156998 -0.00135529 0.00189231
internal_weight=12215.9 7713.65 6640.63 4502.21 3362.38 4625.71 687.788 455.088 3199.39 2916.19 2014.92 1888.36 3937.92 649.741 1139.83 1073.01 869.009 523.938 1817.28 283.196 1364.43 383.739 1433.54 612.589 186.602 348.712 713.056 427.292 293.388 291.383 552.307
internal_count=24343 15894 14361 8449 5813 9365 361 271 5286 5077 4996 4937 9004 951 2636 1533 1299 798 3464 209 4139 696 2768 1133 243 641 1189 732 475 589 1107
is_linear=0
shrinkage=0.0160995


Tree=26
num_leaves=32
num_cat=0
split_feature=37 31 12 6 27 11 69 9 69 11 9 67 51 31 12 11 30 11 11 61 30 37 23 11 46 45 67 11 11 19 42
split_gain=238.946 81.5538 75.5935 57.1138 22.3212 19.0215 29.5965 20.263 18.5348 15.041 14.9765 14.7632 14.4141 12.9385 12.2291 10.94 8.03066 22.4474 16.0982 12.3055 7.75337 7.7368 7.64276 13.173 6.87179 6.03675 7.94425 5.77471 4.97627 4.86384 10.288
threshold=78.65000000000002 78.450000000000017 2.5000000000000004 1.0000000180025095e-35 25.935000000000006 0.87377473702374975 27.274276638594149 0.37940952255126048 25.26819755464934 0.8977101403255705 1.0000000180025095e-35 1.1650000000000003 1.8136658621800261 79.850000000000009 5.5000000000000009 0.64532420896511999 24.130000000000006 0.85651926849515192 0.97690230611205509 0.42250000000000004 29.485000000000003 85.450000000000017 36.978319362395766 -0.76107606668641947 29.42166666666667 0.3874247236671165 2.1450000000000005 -0.65187484896379921 0.97690230611205509 24.219079353969956 26.774224240805079
decision_type=2 2 2 2 2 2 2 2 2 2 2 2 2 2 2 2 2 2 2 2 2 2 2 2 2 2 2 2 2 2 2
left_child=1 5 13 4 -4 7 -7 14 -3 10 -10 29 16 21 25 -15 -6 22 19 -19 -13 -2 -18 -24 -12 -1 -27 -22 -11 -5 -31
right_child=2 8 3 11 12 6 -8 -9 9 28 24 20 -14 15 -16 -17 17 18 -20 -21 27 -23 23 -25 -26 26 -28 -29 -30 30 -32
leaf_value=0.0069342473307454295 -0.050012826851147697 0.034546696642186098 -0.015970576486289394 -0.035888865284350764 0.040864037516563978 -0.011713621842602849 -0.12131244986691722 0.015358966232229413 -0.012735732289224731 -0.042106435510251637 0.043321947113751279 0.017425266426275982 -0.0013176813745237148 -0.027876338569459216 -0.0081637362603633832 0.006152231106835087 0.043458802400394216 0.008408533389283615 0.038873285125982815 -0.023201706587603319 0.0042178749199753172 -0.0026969559773921941 0.039737873507823963 -0.0066002538411847316 -0.0022343905077736323 -0.03455196139032464 -0.049286207562922658 -0.064255974502506169 -0.0071655710592838989 0.024740892168080071 -0.014181086440561269
leaf_weight=75.834650367498398 401.21660360693932 132.3823527097702 166.5101210474968 96.542833209037781 325.95626875758171 245.20759296417236 1339.4046277999878 200.25300598144531 720.99323964118958 212.40482956171036 371.6537469625473 1102.830917596817 116.29504132270813 98.340678542852402 330.20724704861641 411.37718179821968 2649.0720434784889 191.5936666727066 186.07553291320801 249.600775629282 118.95453572273254 97.800417810678482 117.89303430914879 144.58724418282509 126.11458098888397 722.40184962749481 448.95313069224358 71.767957210540771 194.7289497256279 108.18318596482277 440.72155401110649
leaf_count=60 539 55 148 42 139 222 2121 436 2194 191 1127 3519 52 49 1093 691 7101 118 124 234 249 125 189 182 155 1344 483 78 222 85 976
internal_value=-5.77508e-05 -0.00271358 0.00184801 0.00253059 0.00359747 -0.00418203 -0.00552634 -0.0029304 5.16862e-05 -0.000378776 0.000461199 0.000204941 0.00384599 -0.00218605 -0.00355891 -0.000207919 0.00401961 0.00373703 0.000808502 -0.000716623 0.00123295 -0.00403199 0.00433879 0.00124745 0.00264315 -0.00429824 -0.00458251 -0.00152714 -0.00307108 -0.00172752 -0.000942759
internal_weight=12215.9 5120.54 7095.32 6086.58 4147.58 3362.26 1584.61 1777.65 1758.28 1625.9 1218.76 1939 3981.07 1008.73 1577.4 509.718 3864.78 3538.82 627.27 441.194 1293.55 499.017 2911.55 262.48 497.768 1247.19 1171.35 190.722 407.134 645.448 548.905
internal_count=24343 9703 14640 13236 8287 5759 2343 3416 3944 3889 3476 4949 8139 1404 2980 740 8087 7948 476 352 3846 664 7472 371 1282 1887 1827 327 413 1103 1061
is_linear=0
shrinkage=0.0160995


Tree=27
num_leaves=32
num_cat=0
split_feature=37 12 6 6 12 50 45 62 32 50 50 37 45 28 12 32 26 28 32 22 29 34 37 44 45 45 45 32 65 37 68
split_gain=231.496 74.1286 59.7026 54.5648 37.4787 30.7234 49.0456 21.027 16.5516 13.0739 14.7325 10.5642 10.1926 9.5639 20.0985 8.62575 7.05883 13.6898 6.79254 8.35462 6.78548 6.66652 9.41449 6.29251 6.06337 8.34359 5.84081 5.66116 5.21885 4.95125 4.56266
threshold=78.65000000000002 2.5000000000000004 0.25881904510252091 0.12940952255126045 1.5000000000000002 25.733125000000005 2.2003045144459947 1006.7500000000001 79.850000000000009 25.977708333333339 29.287708333333338 84.450000000000017 2.9398720701398982 26.105000000000004 11.500000000000002 75.15000000000002 30.335000000000004 29.735000000000003 77.950000000000017 29.928731731637289 27.015000000000004 68.15000000000002 76.450000000000017 32.972626462201795 0.43777303479058177 2.0809115933583882 1.2906505458480118 79.550000000000011 3.5450000000000004 72.65000000000002 0.60500000000000009
decision_type=2 2 2 2 2 2 2 2 2 2 2 2 2 2 2 2 2 2 2 2 2 2 2 2 2 2 2 2 2 2 2
left_child=2 11 4 5 -1 6 -3 15 21 -5 30 18 13 -7 16 -4 -15 -18 -2 -20 -16 22 -6 -23 -10 -26 -13 -9 -21 -17 -11
right_child=1 3 7 9 8 12 -8 27 24 10 -12 26 -14 14 20 29 17 -19 19 28 -22 23 -24 -25 25 -27 -28 -29 -30 -31 -32
leaf_value=-0.084361433763527255 -0.062383303752780492 0.035515702306870192 -0.061876283927520467 -0.030663857329955406 0.0046628423192609965 0.055855654886298768 -0.030663140020348447 -0.10061293707905034 -0.011361705555952416 -0.01130137134897039 -0.021695713501800405 0.025552015585175038 -0.003117081271818476 0.039842555906060485 -0.0047811531288297158 -0.039372898346604693 -0.0093055278670689315 0.020888409910898229 0.00067591975561025913 -0.010964438527020157 -0.014138506501831599 -0.052196336733801953 -0.015988995247039176 0.0010281626394249279 0.031339348100131358 -0.0035907467462729867 -0.037861434277377322 -0.035902675467857026 -0.039872530173823924 0.0039353558501379867 0.018273956037621369
leaf_weight=558.16531607508659 287.96337163448334 260.28921291232109 309.78661343455315 160.50176191329956 218.35726562142372 475.56970399618149 242.78164279460907 1502.1669284999371 61.195541948080063 249.07102340459824 306.44043517112732 148.18696108460426 139.64253509044647 2717.8831766843796 150.02847591042519 122.1477070748806 103.40840059518814 165.2569098174572 184.9191652238369 66.548109531402588 99.925448447465897 339.50781837105751 126.69578278064728 269.19035226106644 468.3356491625309 148.8167177438736 178.15677019953728 615.1091037094593 142.96040967106819 381.06502264738083 1015.7860644459724
leaf_count=785 410 139 559 89 266 328 97 2832 96 491 419 213 115 7601 103 283 160 146 226 150 171 572 128 510 1153 102 238 1430 167 987 3377
internal_value=-6.31389e-05 0.00181256 -0.00267732 0.0024886 -0.000621791 0.00344948 -0.000140673 -0.00418392 0.000568454 2.41799e-05 0.00052013 -0.00218207 0.00393887 0.00409985 0.00371837 -0.00181447 0.00408806 0.00114422 -0.00331958 -0.00161745 -0.000378399 -0.000734331 0.000898553 -0.00179062 0.00251207 0.00304045 0 -0.00505157 -0.0038504 -0.000328386 0.00132988
internal_weight=12215.9 7095.32 5120.54 6086.58 2190.26 4354.79 503.071 2930.28 1632.1 1731.8 1571.3 1008.73 3851.71 3712.07 3236.5 812.999 2986.55 268.665 682.391 394.428 249.954 953.751 345.053 608.698 678.348 617.152 326.344 2117.28 209.509 503.213 1264.86
internal_count=24343 14640 9703 13236 3612 8860 236 6091 2827 4376 4287 1404 8624 8509 8181 1829 7907 306 953 543 274 1476 394 1082 1351 1255 451 4262 317 1270 3868
is_linear=0
shrinkage=0.0160995


Tree=28
num_leaves=32
num_cat=0
split_feature=36 12 9 31 27 69 53 9 10 50 28 51 10 31 37 22 51 44 51 12 39 64 59 25 37 17 51 10 64 10 43
split_gain=227.459 73.59 61.3401 54.4111 24.6272 21.5179 19.891 19.2142 18.0098 13.1601 13.0647 10.9721 12.8636 10.2534 9.85542 9.70604 9.4037 9.39863 9.34102 7.90263 12.0244 7.68547 7.93894 7.25699 6.99558 6.5606 6.0808 5.4742 5.66474 5.10927 4.88269
threshold=77.750000000000014 2.5000000000000004 -0.37940952255126015 75.15000000000002 25.935000000000006 26.352333879290406 29.375000000000004 -0.12940952255126037 -0.72660079619119988 25.977708333333339 29.565000000000001 1.8136658621800261 0.76665171983724034 80.15000000000002 79.550000000000011 37.472986655778918 1.3068976338379223 27.833240580098053 1.8136658621800261 5.5000000000000009 0.9450000000000004 1007.5500000000001 0.58250000000000013 29.385000000000002 85.15000000000002 26.61703327910973 1.3406206313494817 -0.3896268414500369 1006.85 0.88203985695844977 1.55445216927879
decision_type=2 2 2 2 2 2 2 2 2 2 2 2 2 2 2 2 2 2 2 2 2 2 2 2 2 2 2 2 2 2 2
left_child=3 11 9 5 -4 -1 14 19 -7 -3 25 12 13 24 23 -12 -9 -18 30 29 -21 22 -10 26 -2 -11 -6 -27 -29 -5 -16
right_child=1 2 4 7 6 8 -8 16 21 10 15 -13 -14 -15 18 -17 17 -19 -20 20 -22 -23 -24 -25 -26 27 -28 28 -30 -31 -32
leaf_value=0.017239461203231901 -0.029477479821642005 -0.035245933588862896 -0.01513903712866878 -0.037319738417643071 0.031844144854024356 0.018133189325050522 -0.0037423368235056133 0.016115105469793368 -0.06154391638685492 0.034165126672509712 -0.034478554747548476 -0.049832170346342693 -0.037041508274034074 0.0090974325117523236 0.037219379929251097 0.017703067885413294 0.012317280400207667 -0.033687488487951819 -0.00024108679274550957 0.0019188180900831038 -0.07504174182773847 -0.11016725195376291 -0.0036017412823285576 -0.00045181542916272711 0.017663295161920597 0.017769426091071728 -0.0010909386289671601 0.0041436860393660371 -0.024866875163761366 -0.012758214086829697 0.0041255121872033991
leaf_weight=79.260789632797241 297.5835545361042 142.99788650870323 219.73313656449318 487.92854863405228 498.57126852869987 92.554305732250214 308.38224366307259 588.47413849830627 176.41451635956764 78.451259315013885 264.55837160348892 145.42114448547363 155.5855495929718 415.94323229789734 3392.2742027342319 72.116238117218018 95.553004205226898 123.80292743444443 95.152987599372864 512.10681051015854 116.63969832658768 1840.0570281744003 187.42597588896751 226.12561598420143 58.480994939804077 638.45184361934662 184.75958979129791 220.1849804520607 202.33388993144035 201.9952649474144 96.538399249315262
leaf_count=40 501 75 234 745 1366 273 504 1351 219 55 428 98 109 744 7798 97 80 160 38 1452 213 3179 315 285 81 2221 124 644 416 422 76
internal_value=-5.44e-05 0.00161708 0.00225524 -0.00293498 0.00313533 -0.0046176 0.00338282 -0.00101315 -0.00491674 -0.000425845 0 -0.00225248 -0.00148124 -0.000504835 0.00365607 -0.00273864 0.000869542 -0.0017706 0.00405979 -0.00222633 -0.000746263 -0.00521767 -0.00259993 0.00196806 -0.00256725 0.00085496 0.00280562 0.000431715 -0.000872183 -0.00344929 0.00419804
internal_weight=12215.9 7713.65 6640.63 4502.21 5021.54 2375.71 4801.8 2126.5 2296.45 1619.09 1476.1 1073.01 927.593 772.008 4493.42 336.675 807.83 219.356 3583.97 1318.67 628.747 2203.9 363.84 909.456 356.065 1139.42 683.331 1060.97 422.519 689.924 3488.81
internal_count=24343 15894 14361 8449 10425 4026 10191 4423 3986 3936 3861 1533 1435 1326 9687 525 1591 240 7912 2832 1665 3713 534 1775 582 3336 1490 3281 1060 1167 7874
is_linear=0
shrinkage=0.0160995


Tree=29
num_leaves=32
num_cat=0
split_feature=36 12 58 31 69 20 54 11 10 10 33 66 26 42 0 11 10 11 10 10 11 59 70 58 11 10 69 10 69 58 64
split_gain=218.859 70.2829 65.9282 52.8957 20.9528 20.7039 18.5908 18.5825 24.9119 13.105 11.9821 11.9375 11.5663 14.2059 11.4297 11.0061 10.9739 10.8728 10.144 10.0079 9.21805 9.02183 8.64052 8.03182 7.78343 7.22222 6.92982 8.03951 6.67599 6.53892 5.84857
threshold=77.750000000000014 2.5000000000000004 1092.1590000000003 75.15000000000002 26.352333879290406 27.185866168971572 33.45000000000001 0.88201535311751322 0.7025209685794126 -0.5123666674339783 71.250000000000014 4.9850000000000012 29.795000000000005 37.911207311018593 9.3450000000000006 -0.7721279831368929 0.76665171983724034 -0.62538740722492581 -0.72660079619119988 0.7266007961912001 -0.76107606668641947 0.35550000000000004 3.1503851548803845 1.0000000180025095e-35 0.41326329957804331 -0.38168568572378597 26.352333879290406 0.88203985695844977 35.607027748386407 7988.9180000000006 1011.35
decision_type=2 2 2 2 2 2 2 2 2 2 2 2 2 2 2 2 2 2 2 2 2 2 2 2 2 2 2 2 2 2 2
left_child=3 10 5 4 -1 -3 24 8 11 -4 -2 -6 14 20 22 -8 -12 19 -17 25 -14 -19 -7 -10 -5 -11 -20 -28 -22 -27 -26
right_child=1 2 9 6 7 12 15 -9 23 17 16 -13 13 -15 -16 18 -18 21 26 -21 28 -23 -24 -25 30 29 27 -29 -30 -31 -32
leaf_value=0.01696191498682598 -0.046897267447915655 -0.014895306630043844 0.017830521627789215 0.023130431062713775 0.025945831921940374 0.03772520746345992 0.0051585572991799363 -0.11915187467234091 0.0035950191904313305 0.046176347852763776 -0.0025356897484454101 -0.028640294795656555 0.025357452086716355 0.021979462507273721 -0.00030181044417409086 0.0060973606700482188 -0.049026038188442304 -0.0039118355269926056 0.0065232851536611023 0.026647716610393956 0.0012540937792630982 -0.03354863198872287 0.0043334954355058117 -0.083994770541415353 -0.023097199226158049 0.0078982343392410646 -0.048822009911658928 -0.012149859560312259 -0.005545935841172688 -0.015924037710235893 0.012118978693954318
leaf_weight=79.260772705078125 242.04286432266235 196.35485547780991 751.84990692138672 317.15029972791672 233.6407550573349 3359.3624332547188 209.77950179576874 1222.2242693603039 66.740697681903839 60.735711097717285 678.11402779817581 195.61555978655815 97.146208763122559 210.61187362670898 152.17034512758255 187.83967059850693 152.85754558444023 215.15203028917313 67.322824031114578 84.129625082015991 223.9472464621067 374.90752086043358 268.58321958780289 578.23055118322372 370.6603641808033 190.30960553884506 608.78290650248528 203.98529630899429 117.53543496131897 337.8359442949295 160.97952988743782
leaf_count=40 303 189 2564 767 718 7693 698 1857 150 203 1127 429 222 185 128 698 103 286 37 74 463 448 406 832 670 579 966 423 79 842 164
internal_value=-2.94846e-05 0.00161002 0.00223371 -0.0028553 -0.00451408 0.00329266 -0.000960241 -0.00480965 -0.00309563 -0.000159138 -0.0021703 0 0.00352529 0.00133461 0.00387883 -0.00220232 -0.00111803 -0.00119521 -0.00288267 9.21961e-05 -0.000149626 -0.00279055 0.00406098 -0.00508775 0.000816889 -0.000538038 -0.00361236 -0.00403921 -0.00156877 -0.00126932 -0.00024074
internal_weight=12215.9 7713.65 6640.63 4502.21 2375.71 4625.71 2126.5 2296.45 1074.23 2014.92 1073.01 429.256 4429.36 649.241 3780.12 1277.71 830.972 1263.07 1067.93 673.011 438.629 590.06 3627.95 644.971 848.79 588.881 880.091 812.768 341.483 528.146 531.64
internal_count=24343 15894 14361 8449 4026 9365 4423 3986 2129 4996 1533 1147 9176 949 8227 2822 1230 2432 2124 1698 764 734 8099 982 1601 1624 1426 1389 542 1421 834
is_linear=0
shrinkage=0.0160995


Tree=30
num_leaves=32
num_cat=0
split_feature=35 54 52 51 54 10 10 8 30 69 37 62 51 10 0 10 10 40 45 19 0 37 3 37 39 59 37 54 3 10 55
split_gain=238.771 70.1982 51.4625 30.0992 36.7985 28.094 22.7551 21.3113 14.7455 20.5855 14.289 12.1022 11.2202 10.3508 16.9442 10.2453 10.0016 10.6152 9.84582 9.96508 9.27706 7.6459 7.52481 7.20193 7.16028 6.28208 5.86783 5.70175 5.69866 8.92811 5.6614
threshold=75.65000000000002 37.95000000000001 2116.9880000000007 1.3068976338379223 357.00000000000006 0.34964421742355262 -0.5123666674339783 0.12940952255126045 26.255000000000006 30.83359682896759 77.15000000000002 1009.0500000000001 1.1315536557231933 0.61866567420209762 3.6850000000000005 -0.3896268414500369 0.7025209685794126 37.76413507224165 2.2003045144459947 27.804400015254071 4.8650000000000011 78.750000000000014 0.26950000000000007 82.450000000000017 -1.2799999999999991 0.56050000000000011 78.750000000000014 42.650000000000013 0.20250000000000004 0.75548631800528565 7.9500000000000011
decision_type=2 2 2 2 2 2 2 2 2 2 2 2 2 2 2 2 2 2 2 2 2 2 2 2 2 2 2 2 2 2 2
left_child=3 2 5 4 8 7 26 -2 -1 -10 20 21 -7 24 -15 -6 -16 -18 19 -9 -4 28 30 -5 -12 -20 -3 -11 -8 -30 -13
right_child=1 6 10 23 15 12 11 18 9 27 13 22 -14 14 16 -17 17 -19 25 -21 -22 -23 -24 -25 -26 -27 -28 -29 29 -31 -32
leaf_value=0.01542345351554316 -0.055760467552035946 -0.0095052812611000764 -0.005769049035637689 -0.10785580919403134 -0.0076804507990144181 7.9609587404282499e-05 0.0060727632108612799 0.029234479549235425 -0.074925344974895419 0.020725073807548018 -0.0017066445486892839 0.0072784346153788385 -0.047755002800418514 0.032792843649591653 -0.012021370882913336 -0.057766406962380064 0.0021109144312058976 0.057472481820478441 0.0090925227824090269 0.0014139404668424363 0.024149912094680561 0.0023710165646972439 -0.054842403832008793 -0.02068935882937829 0.041378685874082839 -0.0025998747569803068 0.02432908391746386 -0.015492832266850257 -0.0065951574439094196 -0.029679203553488725 -0.037418594593069975
leaf_weight=231.24565136432648 202.03757864236832 282.69383054971695 359.30853408575058 1049.8644703626633 167.66783839464188 100.51461672782898 98.459988802671432 412.93678092956543 350.4768979549408 220.80019146203995 49.611667901277542 169.03098142147064 248.75747948884964 479.81623005867004 153.87683737277985 1073.9723450541496 392.89423215389252 98.471993923187256 230.35400649905205 167.29126751422882 138.27585071325302 636.81412154436111 355.23203462362289 78.608746647834778 2612.4479476511478 316.40857234597206 589.4792897105217 253.21581444144249 330.1921446621418 247.61395022273064 117.4875046312809
leaf_count=284 316 1024 815 1537 590 132 164 191 687 496 65 137 228 828 239 1836 861 69 102 235 264 1517 462 99 6931 125 1968 615 1007 332 187
internal_value=-2.20445e-05 0.00137657 0.00236984 -0.00363173 -0.00250588 0 -0.000690562 0.00104929 -0.000213559 -0.00129264 0.00330527 -0.00167352 -0.00406027 0.00364655 0.00218657 -0.00438471 0.000340782 0.00157209 0.00196013 0.0034289 0.000540783 -0.000706706 -0.00351331 -0.00583847 0.00422991 0.000244243 0.00141906 0.000754547 -0.00191941 -0.00257595 -0.00116932
internal_weight=12215.9 8790.01 5963 3425.85 2297.38 1678.3 2827 1329.03 1055.74 824.493 4284.7 1954.83 349.272 3787.12 1125.06 1241.64 645.243 491.366 1126.99 580.228 497.584 1313.08 641.751 1128.47 2662.06 546.763 872.173 474.016 676.266 577.806 286.518
internal_count=24343 18199 11401 6144 4508 1329 6798 969 2082 1798 10072 3806 360 8993 1997 2426 1169 930 653 426 1079 3020 786 1636 6996 227 2992 1111 1503 1339 324
is_linear=0
shrinkage=0.0160995


Tree=31
num_leaves=32
num_cat=0
split_feature=37 31 62 10 55 27 69 9 8 64 10 64 63 42 69 64 1 10 10 69 10 10 33 10 10 21 57 28 37 28 63
split_gain=219.611 81.0988 53.3717 37.7001 27.3107 25.5543 22.7873 19.248 14.1018 12.4189 10.669 17.9924 10.4627 10.3994 10.3162 14.2904 10.2636 9.38748 9.21949 9.19176 8.25809 7.98112 7.18294 6.98715 7.73851 6.74473 6.56876 6.54355 6.32123 5.78209 5.61761
threshold=79.350000000000009 75.250000000000014 1008.6500000000002 0.1670500785599974 4.8500000000000005 25.935000000000006 25.26819755464934 -0.12940952255126037 0.78656609248549325 1007.5500000000001 -0.5123666674339783 1011.5500000000001 1006.85 24.516894693028778 29.40742108687957 1010.85 0.66500000000000015 0.73831951690629072 0.75548631800528565 26.739351451692034 0.85654306401281499 -0.71466676797886819 67.950000000000017 -0.71466676797886819 0.86529924138975434 35.427814504776443 214.07500000000013 27.085000000000004 84.15000000000002 24.130000000000006 1004.7500000000001
decision_type=2 2 2 2 2 2 2 2 2 2 2 2 2 2 2 2 2 2 2 2 2 2 2 2 2 2 2 2 2 2 2
left_child=1 9 4 5 22 29 -3 12 10 26 -7 -12 18 -10 15 -9 -6 -16 -8 -11 28 -21 -2 -14 -25 -19 -1 -15 -5 -4 -18
right_child=2 6 3 20 16 8 7 14 13 19 11 -13 23 27 17 -17 30 25 -20 21 -22 -23 -24 24 -26 -27 -28 -29 -30 -31 -32
leaf_value=0.00047515232471256706 -0.044435020074746118 0.027465394316720463 -0.0071998098545165198 -0.045257728454739847 -0.010571638193923847 0.029066620482221119 0.013105269047465874 -0.025644928933569545 -0.00019050347317356111 0.00063367065285483597 -0.027529699323673464 0.023920955291146309 -0.0024258088698103589 0.038520455121154706 0.024466735118896896 0.01012303473812505 0.032827382026843155 0.0062566608802952575 -0.021011573678949225 -0.0031857190892945072 0.0099250895118770527 -0.10540435240015886 0.03548486421564627 -0.035368023544334833 -0.003930820933832813 -0.014752037148008905 -0.035222838025396087 0.0050117928139149217 -0.022922960697978199 -0.053765695787692455 0.0091289505393034927
leaf_weight=172.16354644298553 44.818012744188309 178.11026430130005 118.48506411910057 388.78119465708733 226.35189452767372 423.23142322897911 360.9822892844677 298.03986829519272 173.12400701642036 84.810692340135574 260.03298032283783 156.1236726641655 195.73805344104767 603.52327811717987 520.73305660486221 148.62180000543594 320.04280060529709 186.61847969889641 184.93587255477905 74.407846748828888 97.93210580945015 1864.632384210825 2429.4557055830956 841.45879778265953 169.20849877595901 89.750429600477219 258.57998391985893 150.19835409522057 203.59946003556252 154.38910374045372 836.97847658395767
leaf_count=234 64 81 46 511 556 1268 1129 354 64 80 341 108 714 383 1485 172 875 400 248 222 263 3266 5912 1371 392 119 443 238 267 171 2566
internal_value=-1.66962e-05 -0.00235757 0.00197167 0.000216576 0.00319142 0.00134482 -0.00062744 -0.000984282 0.00208119 -0.00455833 0.000454223 -0.00124953 -0.00207901 0.00346144 0.000495346 -0.00136138 0.00129061 0.00163717 -7.36976e-05 -0.0051106 -0.00299086 -0.00533714 0.00421859 -0.00291748 -0.00345549 -0.000520565 -0.00175916 0.00427564 -0.00373225 -0.0030983 0.00193636
internal_weight=12215.9 5628.79 6587.07 2729.42 3857.65 2039.11 3174.2 2996.09 1766.23 2454.59 839.388 416.157 1752.32 926.846 1243.76 446.662 1383.37 797.102 545.918 2023.85 690.313 1939.04 2474.27 1206.41 1010.67 276.369 430.744 753.722 592.381 272.874 1157.02
internal_count=24343 10710 13633 3660 9973 2619 6465 6384 2402 4245 1717 449 3854 685 2530 526 3997 2004 1377 3568 1041 3488 5976 2477 1763 519 677 621 778 217 3441
is_linear=0
shrinkage=0.0160995


Tree=32
num_leaves=32
num_cat=0
split_feature=31 9 63 69 12 10 10 6 10 11 64 0 11 39 10 11 64 29 59 69 11 6 64 10 10 64 30 58 6 6 69
split_gain=202.528 82.232 59.4954 29.8548 29.4346 26.8686 24.6048 24.2094 16.7867 21.8022 24.9692 15.7966 13.7037 10.9877 10.1528 9.00496 8.88273 10.6792 8.30658 8.17885 7.23682 7.76945 7.0735 6.59029 6.34684 13.379 7.56665 6.10286 5.5573 5.47125 5.2958
threshold=77.250000000000014 -0.37940952255126015 1008.2500000000001 26.352333879290406 2.5000000000000004 -0.71466676797886819 -0.5123666674339783 1.0000000180025095e-35 0.63209755774300602 0.85651926849515192 1010.35 6.6650000000000009 -0.72066714955386113 -0.64499999999999946 0.89773508019357628 -0.86955717898714324 1007.9500000000002 30.615000000000006 0.31850000000000006 25.26819755464934 -0.71464691390916035 0.78656609248549325 1009.85 -0.52707282776374165 0.42888796625999276 1010.4500000000002 26.655000000000005 873.33800000000008 1.0000000180025095e-35 0.78656609248549325 26.352333879290406
decision_type=2 2 2 2 2 2 2 2 2 2 2 2 2 2 2 2 2 2 2 2 2 2 2 2 2 2 2 2 2 2 2
left_child=2 6 7 -4 24 -5 22 13 9 28 11 19 -10 -1 20 -8 17 -9 -12 -11 -7 -22 -2 -18 25 -3 -26 -14 -6 -16 -17
right_child=1 4 3 5 8 14 15 16 12 10 18 -13 27 -15 29 30 23 -19 -20 -21 21 -23 -24 -25 26 -27 -28 -29 -30 -31 -32
leaf_value=-0.037633586095893706 0.020361759816093755 -0.044529102939843503 0.0082876087274469587 0.013575622311418602 0.04758167366319635 -0.0017506411671394607 -3.5987750569403578e-05 0.0036490230614042657 -0.019978933944517996 0.011227426288483012 0.020517050749547239 -0.022777630214669779 0.012471652082441737 0.037247324082459704 0.032055473207769532 -0.009545607278789673 0.0079578680853543814 -0.047929876738735874 0.023357267016551917 -0.0087732253491181519 -0.063969775450416308 -0.13050646289045886 -0.030150972269294914 -0.06573664959131828 0.068588315016081744 0.00012072916775373342 -0.00011821493955086627 -0.01261152340064316 0.026425417647275462 -0.038805118543466292 -0.03039416735266557
leaf_weight=86.163209676742554 591.65467798709869 207.73640188574791 208.21255987882614 170.48495376110077 2118.9159534871578 77.394679307937622 311.62974548339844 638.94491490721703 113.83401107788086 153.60821369290352 250.80492925643921 152.71917471289635 891.74037703871727 311.92463782429695 77.004842042922974 187.39539760351181 91.015982270240784 115.52476966381073 475.84483939409256 254.71772772073746 1570.1983470320702 746.51414346694946 97.434430956840515 296.99091473221779 98.012235164642334 191.33448526263237 282.08752739429474 115.68542414903641 353.83355402946472 93.774788856506348 882.72154814004898
leaf_count=154 2054 251 135 542 6319 172 1155 1365 136 64 108 74 1751 500 199 101 313 108 218 300 2125 1291 294 621 210 183 578 199 1199 272 1352
internal_value=-2.0385e-05 0.0015515 -0.00274764 -0.004089 0.00255976 -0.0045438 -0.00116576 -0.000129415 0.00302474 0.00355156 0.00174179 -0.000689634 0.00118126 0.00321427 -0.00496192 -0.00242307 -0.00137052 -0.000232183 0.00372316 0.000802763 -0.00523895 -0.00540098 0.00123925 -0.00335796 -0.000251621 -0.00174376 0.00110781 0.00183666 0.00445795 -0.000592061 -0.00312245
internal_weight=12215.9 7731.71 4484.15 2943.58 5660.87 2735.37 2070.84 1540.56 4881.7 3760.44 1287.69 561.045 1121.26 398.088 2564.89 1381.75 1142.48 754.47 726.65 408.326 2394.11 2316.71 689.089 388.007 779.171 399.071 380.1 1007.43 2472.75 170.78 1070.12
internal_count=24343 16546 7797 4736 11590 4601 4956 3061 10368 8282 764 438 2086 654 4059 2608 2407 1473 326 364 3588 3416 2348 934 1222 434 788 1950 7518 471 1453
is_linear=0
shrinkage=0.0160995


Tree=33
num_leaves=32
num_cat=0
split_feature=35 6 12 69 11 10 10 63 11 69 54 66 64 10 66 10 33 50 69 64 37 66 63 10 37 10 70 10 44 20 65
split_gain=223.013 71.924 62.7301 26.2837 35.0672 38.6641 22.8969 20.5732 20.0916 29.7962 17.5536 16.4253 16.9031 16.4112 16.2872 14.7357 14.5572 11.8415 10.2428 9.67436 7.37429 7.26387 6.27922 6.06669 5.20477 4.94603 5.58068 4.66765 4.55672 4.465 8.10707
threshold=75.65000000000002 1.0000000180025095e-35 2.5000000000000004 25.600866403865922 0.87377473702374975 0.73248728852523659 -0.5123666674339783 1006.0500000000001 0.85651926849515192 27.527334636711757 65.100000000000009 6.0850000000000009 1010.1500000000002 0.63209755774300602 3.4350000000000005 0.89001933454452098 71.250000000000014 30.448750000000004 27.15255504740885 1009.7500000000001 78.750000000000014 4.5950000000000006 1011.0500000000001 0.96460524310950191 85.950000000000017 0.75548631800528565 0.74415390451253327 -0.2595093939220976 35.828641335179015 26.845588761884141 5.0450000000000008
decision_type=2 2 2 2 2 2 2 2 2 2 2 2 2 2 2 2 2 2 2 2 2 2 2 2 2 2 2 2 2 2 2
left_child=3 2 16 -1 5 10 19 25 13 11 -5 12 27 22 20 -7 -2 21 -6 -3 -15 -16 -4 29 -18 26 28 -10 -8 -9 -31
right_child=1 6 8 4 18 15 7 23 9 -11 -12 -13 -14 14 17 -17 24 -19 -20 -21 -22 -23 -24 -25 -26 -27 -28 -29 -30 30 -32
leaf_value=0.01391482892785142 -0.042752055321707373 0.022901653741608859 0.04591404189613086 0.032201499740322256 -0.012648496767466055 -0.054587530853702812 0.019367786294959312 -0.052322216545276398 0.010489199781455343 -0.026603703735819734 -0.010835046862545815 6.9909648451838935e-05 0.040092405380850474 -0.00050486794103049896 0.0049071539120338062 -0.013486774291490837 -0.0058380337199536985 0.011476451324361868 -0.10981899373573165 -0.029320964485211629 0.034712789642454431 -0.0080098357513006327 0.0024400520390197794 0.0090639509121763651 0.04551124890846979 -0.0107018671027113 0.0186592213809657 -0.0014654044870549198 -0.015716404529779373 -0.036897362170773211 -0.011112158614569583
leaf_weight=79.231834322214127 248.17206129431725 836.05513623356819 2144.5236126482487 240.77986097335815 239.33945196866989 549.38822031021118 192.69946664571762 121.91538855433464 198.12481260299683 180.03504902124405 651.10144656896591 514.95722141861916 382.91419741511345 70.481639862060547 323.62506091594696 298.97805976867676 586.43703097105026 143.96697545051575 1367.0330548286438 155.13854309916496 339.30833953619003 245.46435874700546 71.384356945753098 105.13908016681671 103.3766670525074 190.91966354846954 168.92107412219048 170.74827700853348 94.888384908437729 704.8149142563343 495.99615669250488
leaf_count=42 307 2936 6420 584 186 616 678 120 171 213 1801 182 243 139 686 762 830 87 2153 494 468 558 144 270 145 318 388 71 115 1413 803
internal_value=-5.17472e-06 0.00134631 0.00241469 -0.00349402 -0.00372655 -0.00206209 -0.000622185 -0.00160061 0.00316557 0.00148412 0.000194764 0.00239834 0.00391292 0.00386795 0.00213743 -0.00451991 -0.00132874 0.000532158 -0.00547173 0.00134433 0.00470924 -0.000390889 0.0047041 -0.00268996 -2.03469e-06 0.000680378 0.00166672 0.00116173 4.48071e-06 -0.00299694 -0.00256826
internal_weight=12215.9 8790.01 5723.52 3425.85 3346.62 1740.25 3066.49 2075.29 4785.53 1446.78 891.881 1266.74 751.787 3338.75 1122.85 848.366 937.986 713.056 1606.37 991.194 409.79 569.089 2215.91 1427.87 689.814 647.429 456.509 368.873 287.588 1322.73 1200.81
internal_count=24343 18199 10664 6144 6102 3763 7535 4105 9382 880 2385 667 485 8502 1938 1378 1282 1331 2339 3430 607 1244 6564 2606 975 1499 1181 242 793 2336 2216
is_linear=0
shrinkage=0.0160995


Tree=34
num_leaves=32
num_cat=0
split_feature=6 12 11 27 12 0 29 51 21 51 11 11 11 27 11 30 6 30 23 63 30 27 28 11 30 21 69 25 51 60 69
split_gain=189.316 121.208 56.2462 53.3977 32.8393 18.8694 19.1853 20.8523 23.8766 18.1677 25.8876 15.8996 15.3811 17.3501 10.3397 10.0268 9.76857 11.0362 9.73657 9.2994 8.24093 8.18976 7.78423 7.77027 7.66182 7.54967 7.161 7.03068 5.99696 6.96361 5.45758
threshold=0.37940952255126054 2.5000000000000004 0.86527520261780289 25.845000000000002 6.5000000000000009 9.8550000000000022 29.135000000000002 0.97625022015478036 30.113640549040429 1.1586132624311269 0.93834263341299773 0.91925191855388755 -0.7721279831368929 30.305000000000003 0.93225468035816128 26.695000000000004 -0.78656609248549303 24.745000000000001 23.764697191857504 1007.5500000000001 29.345000000000002 26.825000000000003 26.395000000000003 0.87377473702374975 24.585000000000004 35.400055879673388 28.205354212988816 26.905000000000005 0.52349257358022194 0.93650000000000022 35.562791792434801
decision_type=2 2 2 2 2 2 2 2 2 2 2 2 2 2 2 2 2 2 2 2 2 2 2 2 2 2 2 2 2 2 2
left_child=1 9 4 24 19 6 7 -5 16 11 23 15 -8 28 -10 -1 -9 18 -18 30 -15 -6 -13 -11 -3 -21 -4 -12 29 -14 -2
right_child=2 3 26 5 21 -7 12 8 14 10 27 22 13 20 -16 -17 17 -19 -20 25 -22 -23 -24 -25 -26 -27 -28 -29 -30 -31 -32
leaf_value=0.065494943522531948 -0.00056758573931972155 -0.0077968773112567407 -0.033558397213019557 0.036118213335521114 -0.044357005551425403 -0.0026919824135621657 0.02785059623906061 0.0031604213326806596 0.0018976251888447784 -0.030026917276342848 0.002597593685780419 0.00048100752117984417 0.014098556658876486 0.013686283669765745 -0.026291472326120072 -0.0036789242194439505 0.033601959448891328 0.037568856962402669 -0.0019132721224177046 -0.041532631212609208 0.002056150468000886 0.010102960127926594 -0.0797907870071458 -0.082148415390488547 -0.050137574576787802 -0.054723827216577398 -0.13045042800110548 -0.083575506224723303 -0.01248748712270222 -0.0093764253653419068 -0.022994342967394409
leaf_weight=125.35621625185013 335.14883720874786 83.348263114690781 286.54317116737366 2849.6798938214779 133.78324151039124 121.02369153499603 339.15045571327209 472.13480377197266 187.70044380426407 219.84121614694595 207.15992793440819 85.770915865898132 142.05976071953773 185.5586114525795 122.09504282474518 309.85051926970482 295.65755775570869 433.99530133605003 275.25984382629395 482.46392452716827 255.1228609085083 1053.1950271129608 257.55669611692429 377.83864593505859 319.89316800236702 453.1594226360321 800.61085677146912 112.817357391119 246.40878590941429 142.95734813809395 502.71758937835693
leaf_count=289 890 44 243 8548 402 76 744 424 469 364 183 109 210 124 83 664 115 371 107 1367 271 3729 477 188 457 474 1404 218 417 260 622
internal_value=-1.82228e-05 0.00138593 -0.00287039 0.002396 -0.00167895 0.00278032 0.00291599 0.00341092 0.00195742 -0.00241808 -0.00396246 -0.000485896 0.00110069 0 -0.0019397 0.00142987 0.0028315 0.00374867 0.00203352 -0.00306881 0.00241684 0.000333269 -0.00313535 -0.00593474 -0.00316567 -0.00423207 -0.0060259 -6.96765e-06 -0.00188617 0 -0.00166267
internal_weight=12215.9 8168.24 4047.62 6472.05 2960.47 6068.8 5947.78 4636.52 1786.84 1696.19 917.657 778.534 1311.26 972.107 309.795 435.207 1477.05 1004.91 570.917 1773.49 440.681 1186.98 343.328 597.68 403.241 935.623 1087.15 319.977 531.426 285.017 837.866
internal_count=24343 15212 9131 12720 7484 12219 12143 10117 1569 2492 953 1539 2026 1282 552 953 1017 593 222 3353 395 4131 586 552 501 1841 1647 401 887 470 1512
is_linear=0
shrinkage=0.0160995


Tree=35
num_leaves=32
num_cat=0
split_feature=6 12 10 64 27 32 10 70 64 28 64 47 43 32 51 68 10 64 10 63 4 70 44 10 34 64 4 10 4 21 70
split_gain=187.927 104.304 59.9364 42.5677 40.0899 23.488 17.2046 18.9613 13.0865 12.802 10.5788 19.4665 9.14687 8.53811 8.53773 8.47653 10.6909 7.4988 6.62255 6.37123 6.34286 12.7838 13.6944 12.046 6.15696 6.06653 9.14329 5.36888 5.2231 4.88041 4.84505
threshold=0.12940952255126045 2.5000000000000004 -0.5123666674339783 1008.1500000000002 25.935000000000006 77.250000000000014 -0.5123666674339783 -4.24718836050332 1009.7500000000001 29.565000000000001 1011.85 0.24248711305965329 1.0321642715818291 78.050000000000011 1.1465088382152222 0.36500000000000005 0.45972848220565493 1011.6500000000002 0.2843565540399125 1010.9500000000002 1005.5500000000001 2.8941561397931452 36.14409665396979 0.74409704927257569 83.750000000000014 1010.6500000000002 1008.7500000000001 0.74409704927257569 1011.2500000000001 29.98524850394584 3.08098181321107
decision_type=2 2 2 2 2 2 2 2 2 2 2 2 2 2 2 2 2 2 2 2 2 2 2 2 2 2 2 2 2 2 2
left_child=1 5 8 9 17 14 28 -8 -2 30 11 20 13 -5 18 -11 -17 -3 -1 -16 -9 22 -22 -24 27 26 -13 -7 -6 -23 -4
right_child=2 4 3 12 6 24 7 10 -10 15 -12 25 -14 -15 19 16 -18 -19 -20 -21 21 29 23 -25 -26 -27 -28 -29 -30 -31 -32
leaf_value=-0.09393470770673959 0.017893928483073553 -0.046523309289101686 0.0025484794873471663 -0.08310681880941552 0.05559972747594559 5.7969718693601912e-05 -0.0037625461213540582 0.034079762506747262 -0.033480674669806532 0.019030626200791326 0.027308758304539445 0.0033962719022680573 -0.13355764895526365 -0.02667235407880944 -0.058538901478374393 0.022960448085412432 -0.032310030239820382 0.0083054431362302346 0.019505465951671398 -0.054927672231508129 0.026744890592656945 0.0024576966159633659 0.0068857710068842793 -0.0090037536326204107 0.014194893760384686 0.0069920105265699837 -0.028622352503386565 -0.043773570733037948 0.0013858881246081934 -0.012480628405362442 -0.041484607145914558
leaf_weight=125.21662372350693 916.65815076231956 231.27788108587265 825.86704817414284 995.04385009407997 1469.5512762665749 505.78977650403976 136.58320420980453 510.14838328957558 234.58333292603493 113.4543345272541 464.14903458952904 274.92863550782204 556.56771647930145 550.84049540758133 410.13045445084572 93.615259319543839 749.24817949533463 113.38331469893456 132.90660598874092 154.00295254588127 1283.366497606039 55.895474910736084 303.31649652123451 129.8881796002388 85.100819200277328 210.14426040649414 196.11690801382065 63.360990613698959 71.453218787908554 184.20770499110222 69.062337160110474
leaf_count=211 3213 319 2177 1790 4448 822 77 1358 747 154 255 379 1042 790 369 367 779 88 315 272 2766 42 316 142 87 108 229 83 137 360 101
internal_value=-1.81987e-05 0.00166679 -0.00238051 -0.00332521 0.00267097 -0.0021084 0.00302474 0.00238596 0.000794747 -0.00147836 0.00262172 0.00223585 -0.0049083 -0.00411777 -0.00391647 -0.00277143 -0.00334911 -0.00250487 -0.00105715 -0.00506937 0.00290156 0.00238969 0.00288733 0.000208108 5.08065e-05 -6.04263e-05 -0.00118461 -0.000435872 0.00451806 -0.000829875 -2.15152e-06
internal_weight=12215.9 7110.92 5104.94 3953.7 5634.41 1476.51 5289.75 3748.74 1151.24 1851.25 3612.16 3148.01 2102.45 1545.88 822.257 956.318 842.863 344.661 258.123 564.133 2466.82 1956.67 1716.57 433.205 654.252 681.19 471.046 569.151 1541 240.103 894.929
internal_count=24343 13183 11160 7200 11024 2159 10617 6032 3960 3578 5955 5700 3622 2580 1167 1300 1146 407 526 641 4984 3626 3224 458 992 716 608 905 4585 402 2278
is_linear=0
shrinkage=0.0160995


Tree=36
num_leaves=32
num_cat=0
split_feature=35 58 33 37 4 63 31 38 64 23 64 37 37 61 64 58 8 4 48 8 35 23 60 19 18 61 61 60 2 42 36
split_gain=208.242 63.2024 35.8949 25.3882 22.9161 17.3944 15.9924 15.4037 12.8947 12.2913 17.5777 12.0983 9.7236 9.43386 9.3682 8.05054 7.44351 7.13176 6.83737 9.81117 8.04203 5.74539 5.6876 5.53542 5.44995 5.43201 5.19251 5.14878 4.98516 4.93759 4.58109
threshold=75.65000000000002 1092.1590000000003 71.15000000000002 72.850000000000009 1009.0500000000001 1009.7500000000001 77.050000000000011 -0.33820944689025007 1010.35 25.195819224368332 1008.35 78.750000000000014 80.15000000000002 0.81850000000000012 1010.5500000000001 4846.3895000000011 -0.37940952255126059 1012.0500000000001 23.684166666666673 0.78656609248549325 84.450000000000017 38.632256449729958 0.99150000000000016 29.089420630813386 34.191881178324884 0.21450000000000002 0.75850000000000006 0.043500000000000004 1.0000000180025095e-35 36.060755023802692 82.65000000000002
decision_type=2 2 2 2 2 2 2 2 2 2 2 2 2 2 2 2 2 2 2 2 2 2 2 2 2 2 2 2 2 2 2
left_child=3 2 7 15 12 11 23 14 26 -5 16 -3 13 -4 -2 -1 25 -16 -10 20 -20 -14 -12 -6 -18 -11 -8 -7 -28 -15 -13
right_child=1 5 4 9 6 27 8 -9 18 10 22 30 21 29 17 -17 24 -19 19 -21 -22 -23 -24 -25 -26 -27 28 -29 -30 -31 -32
leaf_value=-0.063998554836872903 -0.042361571412787798 -0.012211926320332796 -0.0040988190221191052 0.0098349577753031586 -0.0018431558002808073 0.0034710976418711992 -0.01071052128693825 0.010410093844910848 -0.00064725829275360147 -0.096569691674194311 -0.051555557519474708 0.0023717223349328793 0.034869398515793695 0.031162848781760375 0.021446739356982446 -0.099818314853312259 0.003612433996622469 -0.021556239919151093 0.015196438629880146 0.029864699095485909 -0.0099957667529816056 -0.0093363271461795808 -0.0011847221278986186 -0.036639266457812063 -0.028510605499114081 0.014937367667792214 -0.0011915513433124617 -0.032401952482400298 0.045290605314400274 3.9817409699845991e-05 0.022063240580263831
leaf_weight=379.35197398066521 390.14282393455505 942.41407164931297 260.09326720237732 225.44356417655945 66.453711450099945 66.291041105985641 317.66605898737907 190.99497729539871 141.01893085241318 59.295854121446609 828.15287163853645 879.36513730883598 2450.269602149725 358.85581207275391 89.781451612710953 1138.1437219977379 189.63236835598946 96.363908261060715 173.12494868040085 575.23359203338623 137.25278714299202 41.9365074634552 81.340958595275879 145.20209339261055 286.23083478212357 238.25978896021843 244.08153814077377 551.68066930770874 165.19719564914703 123.27965044975281 383.30768510699272
leaf_count=728 522 2411 480 136 54 49 513 292 53 116 1521 2227 6181 1122 94 1976 509 107 214 395 144 43 182 231 424 552 591 996 197 182 1101
internal_value=0 0.0013138 0.00225544 -0.00336353 0.00273887 -0.000648463 0.00129953 -0.000914381 0.00183241 -0.00204907 -0.00253813 0 0.00358637 0.00175832 -0.00230378 -0.00495554 -0.000624589 0.000286161 0.00299467 0.00351907 0.000868887 0.00409554 -0.00406919 -0.00270185 -0.00193566 0.00120427 7.50111e-05 -0.00302787 0.00136911 0.00311011 0.00105093
internal_weight=12215.9 8790.01 5966.95 3425.85 5199.67 2823.06 1965.23 767.283 1753.58 1908.36 1682.91 2205.09 3234.43 742.229 576.288 1517.5 773.419 186.145 1026.63 885.611 310.378 2492.21 909.494 211.656 475.863 297.556 726.945 617.972 409.279 482.135 1262.67
internal_count=24343 18199 11415 6144 10400 6784 2392 1015 2107 3440 3304 5739 8008 1784 723 2704 1601 201 806 753 358 6224 1703 285 933 668 1301 1045 788 1304 3328
is_linear=0
shrinkage=0.0160995


Tree=37
num_leaves=32
num_cat=0
split_feature=31 11 69 28 6 68 10 11 69 10 10 54 64 10 4 11 54 55 11 69 34 64 10 10 10 65 64 10 27 25 69
split_gain=184.794 52.2912 73.6395 47.2074 42.906 21.0105 21.8032 20.8308 30.9558 24.9383 18.4938 12.822 12.4307 11.6293 11.5631 10.6677 10.1212 9.78031 12.2706 13.2217 9.27002 9.03243 7.75518 7.08419 12.2769 6.65536 6.16758 5.9619 5.87253 5.11908 4.69393
threshold=79.550000000000011 0.46735921715800216 26.352333879290406 29.405000000000005 1.0000000180025095e-35 2.5350000000000006 0.74409704927257569 0.85651926849515192 25.26819755464934 0.61866567420209762 -0.5123666674339783 318.65000000000003 1010.4500000000002 -0.5123666674339783 1012.1500000000002 -0.78295110140207591 278.25000000000006 171.15000000000001 0.94415253529446119 27.414867087810823 69.350000000000009 1011.5500000000001 0.81900730237416519 0.4749466738948262 0.73248728852523659 3.7550000000000003 1009.7500000000001 0.49002412863433359 28.155000000000005 31.045000000000005 25.26819755464934
decision_type=2 2 2 2 2 2 2 2 2 2 2 2 2 2 2 2 2 2 2 2 2 2 2 2 2 2 2 2 2 2 2
left_child=1 3 20 16 7 11 -7 9 21 -2 28 -5 -10 26 -14 -15 25 18 23 -20 -3 -9 -11 -12 -25 -1 -6 -19 -4 -13 -17
right_child=4 2 10 5 13 6 -8 8 12 22 17 29 14 15 -16 30 -18 27 19 -21 -22 -23 -24 24 -26 -27 -28 -29 -30 -31 -32
leaf_value=0.039707763241525501 0.046254771712242924 0.018673527921127635 -0.029955783029319158 0.0080568334889602796 0.022620705690573627 -0.0030469585313508893 -0.041493521492758145 0.0048413311125646771 -0.015406048587907235 -0.00049659008495297943 -0.08058256959149071 -0.0097842404657265264 0.015366629494586618 0.0062312322327332656 -0.0017611124391628003 -0.0032202544212535942 0.00055576048583472312 -0.12561854999139815 0.0022314579297245075 -0.048589258985070126 0.0011251204649750379 0.070950457898668745 0.015790774366063982 0.028508293704570933 -0.055409534312289753 0.018950654620028991 -0.02400108683892218 -0.088017197620210888 0.046740370361208282 -0.10658484144012173 -0.030229208025674928
leaf_weight=394.95474496483803 1988.2363149821758 242.68576198816299 221.07293036580086 291.74264347553253 626.02624669671059 298.40036836266518 438.59277087450027 273.84463649988174 433.86627376079559 422.07661184668541 476.7091743350029 445.39344957470894 194.71842578053474 356.50880718231201 166.12220558524132 86.090321689844131 467.21049392223358 808.63988924026489 267.63591480255127 527.40267086029053 205.23177987337112 261.12421876192093 546.08366680145264 108.42707717418671 227.85125780105591 382.66314232349396 87.577169269323349 183.629130423069 71.131120651960373 86.975100755691528 627.23507723212242
leaf_count=900 5861 125 657 375 2220 645 301 130 479 673 435 711 139 1144 85 41 1589 1529 232 688 115 120 1104 316 318 1158 263 628 235 60 1067
internal_value=-1.25721e-05 -0.00198624 -0.00334896 -0.000333321 0.00197289 -0.00222014 -0.00419983 0.00284611 0.00108118 0.00361068 -0.00429976 -0.00034288 -0.000852174 -8.23241e-05 0.0011995 -0.00118452 0.00196834 -0.00473293 -0.00380277 -0.00218709 0.00259955 0.00408903 0.00136577 -0.00526884 -0.00296637 0.00309041 0.00145618 -0.00614156 -0.000163908 -0.00190824 -0.00235095
internal_weight=12215.9 6146.35 3340.42 2805.93 6069.51 1561.1 736.993 4286.07 1329.68 2956.4 2892.5 824.111 794.707 1783.44 360.841 1069.83 1244.83 2600.3 1608.03 795.039 447.918 534.969 968.16 812.988 336.278 777.618 713.603 992.269 292.204 532.369 713.325
internal_count=24343 11017 5278 5739 13326 2092 946 8591 953 7638 5038 1146 703 4735 224 2252 3647 4146 1989 920 240 250 1777 1069 634 2058 2483 2157 892 771 1108
is_linear=0
shrinkage=0.0160995


Tree=38
num_leaves=32
num_cat=0
split_feature=35 2 11 51 30 69 10 10 10 11 10 11 69 10 64 69 70 57 63 51 64 2 57 56 70 30 69 10 27 10 30
split_gain=195.866 50.8068 40.6532 32.5243 28.3918 28.2299 30.4929 23.0315 19.0874 16.9763 30.4989 13.8694 13.8575 13.0389 12.5671 11.4936 11.3878 11.177 10.7262 9.909 16.5488 9.5393 8.66077 8.00104 7.80634 6.53725 6.52009 6.03329 4.91296 4.61927 4.55152
threshold=75.65000000000002 72.15000000000002 0.45207220393230413 1.1699002023988869 24.925000000000004 26.126849824122228 -0.5123666674339783 -0.5123666674339783 0.61866567420209762 0.88999460902669758 0.73248728852523659 -0.72066714955386113 26.126849824122228 0.88203985695844977 1011.5500000000001 30.013940609043846 -2.9751530487333073 38.641666666666914 1009.1500000000002 1.041373421611006 1010.7500000000001 203.05000000000004 107.09166666666674 545.05000000000007 0.46358412828535839 26.695000000000004 27.822843368428746 -0.66484924122790601 29.075000000000003 0.012910176522261693 26.495000000000001
decision_type=2 2 2 2 2 2 2 2 2 2 2 2 2 2 2 2 2 2 2 2 2 2 2 2 2 2 2 2 2 2 2
left_child=3 2 8 4 -1 14 15 22 -2 10 21 -10 -5 -12 24 -7 -9 29 -19 25 -21 -6 -3 -13 -4 -8 -22 -17 -14 -18 -11
right_child=1 7 5 12 9 6 19 16 11 30 13 23 28 -15 -16 27 17 18 -20 20 26 -23 -24 -25 -26 -27 -28 -29 -30 -31 -32
leaf_value=0.013147786973924375 0.041669478650723984 0.03824617431215202 -0.0092059480420011025 -0.0001252476673864356 0.021685541567899012 0.068954093562133889 0.050343416367614705 -0.026492555414961337 -0.0091780223742636818 -0.024651416345003549 -0.04261096600785802 0.014058297832266255 -0.098167164219367789 -0.0071326819108909244 0.038216496258364936 -0.0035831100601758166 0.018581740077615348 -0.0080711655996625921 -0.060385505492407135 -0.038679903904555842 0.00017026585599552811 -0.0049939322542240676 0.0046264094232088713 -0.0014842577249001702 0.016687732632887125 -0.018555273884343824 -0.032218993948978786 0.051942506819411031 -0.023023186205647649 -0.0057329174434623403 -0.11312426759565354
leaf_weight=111.98837104439735 1854.285428404808 344.91207194328308 208.22588658332825 70.266621530056 292.44816407561302 154.57690307497978 143.44623056054115 164.33747029304504 136.53899002075195 97.739713102579117 381.84991252422333 830.02219915390015 1274.1037655174732 256.49404001235962 375.57152581214905 236.66745662689209 361.51926302909851 960.89899930357933 307.65170380473137 488.23428735136986 267.73104831576347 479.9784491956234 550.49492907524109 214.46183806657791 226.51175904273987 334.64386454224586 142.50675714015961 136.03272178769112 70.5083227455616 350.73616164922714 390.47454252839088
leaf_count=86 6095 950 69 35 738 235 263 158 188 155 277 1470 1902 607 180 625 312 2147 510 484 159 1320 1984 359 163 791 189 304 176 564 848
internal_value=-3.97036e-05 0.00122638 0.00211849 -0.00330953 -0.00192457 0.000648845 -0.000385978 -0.000434713 0.00340406 -0.00242174 -0.00143925 0.00168547 -0.00521208 -0.00405102 0.00316994 0.002839 -0.00136036 -0.000967919 -0.00188758 -0.00168329 -0.00268004 0.000624339 0.00169051 0.00235993 0.00105588 2.93914e-05 -8.83661e-05 0.00102448 -0.00558672 0.000559353 -0.00506804
internal_weight=12215.9 8790.01 5749.46 3425.85 2010.97 2714.15 1903.84 3040.55 3035.31 1898.98 1410.77 1181.02 1414.88 638.344 810.309 527.277 2145.14 1980.81 1268.55 1376.56 898.472 772.427 895.407 1044.48 434.738 478.09 410.238 372.7 1344.61 712.255 488.214
internal_count=24343 18199 11574 6144 4031 3462 3050 6625 8112 3945 2942 2017 2113 884 412 1164 3691 3533 2657 1886 832 2058 2934 1829 232 1054 348 929 2078 876 1003
is_linear=0
shrinkage=0.0160995


Tree=39
num_leaves=32
num_cat=0
split_feature=35 12 58 51 58 37 51 10 37 51 29 64 35 7 41 10 67 51 29 10 10 63 7 10 22 64 32 3 64 39 43
split_gain=192.263 57.887 65.7373 32.3408 30.0786 19.3492 16.0033 13.736 12.362 12.7521 12.2244 11.0439 11.0386 12.6607 11.0868 10.3791 11.9032 9.80851 9.62323 9.70274 13.6019 9.24997 9.03754 9.01262 8.74526 8.46707 8.29168 7.40783 6.8331 6.69569 5.91866
threshold=75.65000000000002 2.5000000000000004 1092.1590000000003 1.1699002023988869 10207.127 79.350000000000009 1.8136658621800261 -0.5123666674339783 78.050000000000011 1.5347505757320223 25.085000000000004 1008.9500000000002 86.550000000000011 -0.60355339059327384 0.393361588275706 -0.26781182513105617 0.015000000000000001 1.4990283651646161 26.445000000000004 0.42888796625999276 0.76665171983724034 1006.0500000000001 -0.37940952255126015 -0.3896268414500369 31.668872324261788 1009.7500000000001 80.250000000000014 0.44350000000000006 1010.5500000000001 -0.47999999999999859 0.8676692048351512
decision_type=2 2 2 2 2 2 2 2 2 2 2 2 2 2 2 2 2 2 2 2 2 2 2 2 2 2 2 2 2 2 2
left_child=3 17 5 4 10 15 12 25 -5 -10 -1 -12 13 29 -14 22 -17 18 -2 -20 24 -9 -3 -6 -21 -4 30 -23 -19 -7 -18
right_child=1 2 7 8 23 6 -8 21 9 -11 11 -13 14 -15 -16 16 26 28 19 20 -22 27 -24 -25 -26 -27 -28 -29 -30 -31 -32
leaf_value=0.011263236387129696 0.026228352898183174 0.0049469856573985099 0.020354833219274077 -0.10162716746896765 0.0043049443801588851 -0.00301648774146417 -0.0022340904752017133 0.0032893647824544718 0.0074277996542963937 -0.046269820710508051 0.0095067499312996261 -0.048749460441593388 0.040114117319397145 0.035186035504471629 -0.0024066629924844739 -0.028169692804376513 -0.004559556831788705 -0.042546551058737267 -0.078027874847057269 0.047495675012611011 -0.032626974202870924 -0.0035833298545030522 0.058165653273220382 -0.043535175100903135 -0.062859684550367376 -0.025798307417179783 0.012248487679445306 -0.028065700205617671 -0.0036916518273902282 0.024846133912681753 0.00061526835690028816
leaf_weight=99.203897327184677 181.71843409538269 159.86755561828613 725.54981258511543 1157.395915389061 141.53409373760223 214.74565720558167 123.90542078018188 563.7244781255722 141.96766245365143 115.51511669158936 425.70997807383537 350.03093090653419 364.74894663691521 2286.3996556997299 293.57079145312309 126.09335225820541 262.4996055662632 209.42259567975998 158.0167310833931 239.18912100791931 133.27910470962524 442.38275185227394 182.79043343663216 994.49432271718979 112.94968044757843 143.67805001139641 312.74214759469032 684.72964948415756 189.79422169923782 588.72375792264938 89.485525608062744
leaf_count=66 282 544 2527 1767 517 518 51 1307 225 121 1003 740 952 4695 308 93 414 118 311 590 104 560 425 1705 296 455 506 1408 181 1476 78
internal_value=-3.061e-05 0.00122373 0.00175498 -0.00327033 -0.00188955 0.00282928 0.00337842 -0.000315287 -0.00516704 -0.00150909 0.00027026 -0.000322513 0.00357466 0.00399503 0.00147015 0.000878387 -4.05746e-05 -0.00198949 -0.000854905 -0.00184726 -0.000519554 -0.00118501 0.00320995 -0.00361906 0.000958354 0.00128276 0.000723092 -0.00203774 -0.00410842 0.00205656 -0.000799625
internal_weight=12215.9 8790.01 7565.64 3425.85 2010.97 5005.57 3872.09 2560.06 1414.88 257.483 874.945 775.741 3748.19 3089.87 658.32 1133.48 790.821 1224.37 825.153 643.435 485.418 1690.84 342.658 1136.03 352.139 869.228 664.727 1127.11 399.217 803.469 351.985
internal_count=24343 18199 16317 6144 4031 10060 8000 6257 2113 346 1809 1743 7949 6689 1260 2060 1091 1882 1583 1301 990 3275 969 2222 886 2982 998 1968 299 1994 492
is_linear=0
shrinkage=0.0160995


Tree=40
num_leaves=32
num_cat=0
split_feature=35 6 51 51 54 11 7 27 10 10 35 10 11 11 30 11 10 63 10 30 32 11 7 27 32 20 51 29 70 21 19
split_gain=187.669 59.3124 38.1106 32.2078 31.7066 23.4441 21.23 20.9849 20.0327 19.8789 15.4434 14.8336 13.6867 11.9635 11.0882 16.4965 9.86327 9.80254 9.41867 6.49245 6.29016 6.2562 6.55595 6.23312 6.18535 5.28697 5.15065 5.13334 5.68172 5.16623 5.05445
threshold=75.65000000000002 1.0000000180025095e-35 1.8136658621800261 1.3532230380012675 168.15000000000001 0.45207220393230413 0.37940952255126048 26.255000000000006 -0.3896268414500369 0.047320950113892181 86.550000000000011 0.63209755774300602 -0.70862667826445969 -0.72066714955386113 24.745000000000001 0.5488226286565131 -0.73831951690629072 1006.0500000000001 0.88203985695844977 25.225000000000005 82.250000000000014 0.24284972209593572 0.37940952255126048 29.235000000000003 72.15000000000002 35.334277499572103 1.041373421611006 29.385000000000002 2.4054614440483708 37.981890485710146 35.362518115536979
decision_type=2 2 2 2 2 2 2 2 2 2 2 2 2 2 2 2 2 2 2 2 2 2 2 2 2 2 2 2 2 2 2
left_child=3 2 5 4 14 11 23 -3 21 10 -8 -2 -6 -13 -1 30 -14 -10 19 -18 26 -9 -23 24 -7 -20 -11 28 -19 -29 -16
right_child=1 7 -4 -5 12 6 9 8 17 20 -12 13 16 -15 15 -17 18 27 25 -21 -22 22 -24 -25 -26 -27 -28 29 -30 -31 -32
leaf_value=0.0090446467121966436 0.040321387278456217 -0.042250296792433244 -0.021237928242713013 -0.092631919561065618 -0.00069330819809486908 -0.058502037420193706 0.031835504225621925 0.026474474641279278 0.0033229007966038321 0.0019046301989897292 0.00038360645219120433 -0.0080291231602308295 -0.0017285199554304606 0.012351028472067364 0.050655696862003857 -0.032394377728026842 -0.0026946827315474388 -0.0045280608746033997 -0.033903406478013307 -0.074759568319832215 0.001170841591051328 -0.035118592490799773 0.021536215724725905 -0.033625747114470514 0.0064621702089381712 0.0077616045880123186 -0.019880242591877678 -0.035733886795392515 -0.042749536691098926 0.012140072846845781 0.00050504404846007163
leaf_weight=136.89499044418335 1688.1196359395981 272.09387868642807 299.16379547119141 977.76700019836426 249.79023170471191 118.05133530497551 956.78559538722038 679.58404424786568 600.23914632201195 87.930345952510834 310.61506727337837 103.77251815795898 141.05611824989319 975.09698861837387 146.77952292561531 450.82287210226059 62.797335684299469 590.92664363980293 134.33328619599342 899.36616653203964 229.00955963134766 170.4753238260746 206.36869049072266 155.46354949474335 631.72139027714729 83.929768174886703 167.79001647233963 343.22937050461769 133.34968027472496 70.22092342376709 142.31460624933243
leaf_count=74 5517 387 183 1487 652 168 657 2535 1325 153 241 141 483 1674 418 886 60 1315 399 1364 283 607 519 237 1271 112 139 618 132 97 209
internal_value=-2.01348e-05 0.00121907 0.00218955 -0.00322104 -0.00217598 0.00250691 0.00137445 -0.000566656 -0.000119064 0.0024162 0.00347898 0.00356254 -0.00354537 0.00194477 0.000191312 -0.00049724 -0.00419726 -0.00120746 -0.00467712 -0.00538984 -0.000203499 0.00159405 0 -0.000555297 0 -0.00113922 -0.00206554 -0.00209489 -0.00110319 -0.00361664 0.0023491
internal_weight=12215.9 8790.01 5723.52 3425.85 2448.08 5424.36 2657.37 3066.49 2794.39 1752.13 1267.4 2766.99 1571.27 1078.87 876.812 739.917 1321.48 1737.97 1180.43 962.164 484.73 1056.43 376.844 905.236 749.773 218.263 255.72 1137.73 724.276 413.45 289.094
internal_count=24343 18199 10664 6144 4657 10481 3149 7535 7148 1473 898 7332 3070 1815 1587 1513 2418 3487 1935 1424 575 3661 1126 1676 1439 511 292 2162 1447 715 627
is_linear=0
shrinkage=0.0160995


Tree=41
num_leaves=32
num_cat=0
split_feature=35 58 12 11 69 10 37 10 58 27 10 11 32 35 41 0 10 10 56 57 32 10 20 30 49 69 11 0 11 37 11
split_gain=188.357 58.3398 48.6134 26.8638 34.5412 32.8994 19.2512 18.3886 16.4286 14.9813 14.8156 14.7598 11.6092 11.2755 12.0687 11.0595 10.2511 10.2293 10.1826 9.95821 9.36091 8.50969 8.56899 8.49369 7.41397 7.24106 11.5274 6.58695 5.82504 5.60646 5.4581
threshold=75.65000000000002 1092.1590000000003 2.5000000000000004 0.87377473702374975 26.126849824122228 0.73248728852523659 79.550000000000011 -0.5123666674339783 1567.9620000000002 25.935000000000006 0.89001933454452098 -0.65187484896379921 76.65000000000002 86.550000000000011 0.393361588275706 9.4550000000000018 -0.26781182513105617 -0.12447811117596669 6.1500000000000012 76.916666666666799 81.350000000000009 0.87379901192678244 35.310358001884502 29.485000000000003 0.30739767868865725 28.205354212988816 0.93834263341299773 4.4650000000000007 0.93834263341299773 79.950000000000017 0.46735921715800216
decision_type=2 2 2 2 2 2 2 2 2 2 2 2 2 2 2 2 2 2 2 2 2 2 2 2 2 2 2 2 2 2 2
left_child=3 2 12 5 -5 8 16 29 -1 -8 -7 -9 28 15 -15 19 18 -18 -4 -11 27 22 24 30 -13 26 -6 -19 -2 -3 -21
right_child=1 7 6 4 25 10 9 11 -10 13 -12 21 -14 14 -16 -17 17 20 -20 23 -22 -23 -24 -25 -26 -27 -28 -29 -30 -31 -32
leaf_value=0.030149044309642218 -0.036257241375382276 -0.003367588347804428 0.056271821708140643 0.010257809002249825 -0.06602347854801198 -0.048993799664069276 -0.013499339261485695 0.00051868965165485792 -0.0080932074546888177 0.034225556760320769 -0.010305866618572829 -0.0051017787457010993 0.00026335586123864898 0.038653532674605071 -0.00243242875602752 -0.0021675339863689606 -0.029638962551539461 -0.0052967356443711835 0.0044126559186922383 0.026185328232723015 0.030717094167312695 -0.00095751750907634636 -0.046952375268716838 -0.0077411995133759475 -0.031936080951584817 -0.10939854379519301 -0.010603467493270697 0.0029299012601035333 -0.0073823367050857751 0.023880589855032972 -0.037503758343098666
leaf_weight=237.45329785346985 217.52863448858261 359.04460054636002 194.17062273621559 136.03909111022949 196.85450673103333 549.38821983337402 144.43511292338371 800.86437511444092 654.42814162373543 2377.0245800316334 298.97805976867676 270.57694721221924 624.24605333805084 355.64250406622887 297.17732259631157 98.976917624473572 197.19193029403687 189.66852331161499 173.6372857093811 384.84768259525299 189.66313892602921 270.68130457401276 173.41554918885231 99.263409495353699 438.29255816340446 1070.1819591522217 282.52866816520691 258.52235740423203 119.60135102272034 510.1832634806633 45.351428776979446
leaf_count=575 248 1299 440 78 154 616 135 2132 1810 5049 762 431 928 934 310 59 115 295 594 1127 411 660 75 98 504 1852 297 359 179 1683 134
internal_value=0 0.00124476 0.00214965 -0.00320365 -0.00467984 -0.00172148 0.00279083 -0.000639806 0.000356755 0.0033606 -0.00399293 -0.00152445 -0.00110382 0.00356794 0.00143977 0.00400142 0.000918711 0 0.00314635 0.00418663 0.00092072 -0.00269057 -0.00345568 0.00190182 -0.0024671 -0.00538035 -0.00330565 -0.000187641 -0.00350373 0.00125508 0.00295472
internal_weight=12215.9 8790.01 5966.95 3425.85 1685.6 1740.25 5005.57 2823.06 891.881 3802.72 848.366 1953.83 961.376 3658.28 652.82 3005.46 1202.85 835.046 367.808 2906.49 637.854 1152.97 882.285 529.463 708.87 1549.57 479.383 448.191 337.13 869.228 430.199
internal_count=24343 18199 11415 6144 2381 3763 10060 6784 2385 7846 1378 3802 1355 7711 1244 6467 2214 1180 1034 6408 1065 1670 1010 1359 935 2303 451 654 427 2982 1261
is_linear=0
shrinkage=0.0160995


Tree=42
num_leaves=32
num_cat=0
split_feature=35 6 12 43 63 12 29 37 50 29 33 12 10 10 2 10 31 44 50 67 44 59 63 2 34 10 20 10 35 20 20
split_gain=178.426 57.7844 47.1955 24.9555 19.2767 15.8395 23.3664 15.1482 17.8519 22.1699 15.0208 14.8677 29.6887 14.4646 12.1135 11.9066 11.0491 10.9395 9.13608 11.6977 9.23688 7.24382 7.14407 6.83602 6.4245 9.5885 5.93085 9.2985 5.80465 5.68237 5.38675
threshold=75.65000000000002 1.0000000180025095e-35 2.5000000000000004 1.078101661193329 1009.7500000000001 1.5000000000000002 24.925000000000004 79.550000000000011 25.977708333333339 23.835000000000004 70.950000000000017 11.500000000000002 0.7025209685794126 -0.3896268414500369 1.0000000180025095e-35 0.91236630913977501 79.450000000000017 36.14409665396979 27.268333333333334 0.84500000000000008 32.210896135072993 0.97250000000000003 1006.0500000000001 142.35000000000005 83.750000000000014 0.75548631800528565 27.506593327520463 0.064507852084056461 77.750000000000014 35.172870721769762 30.230138571452549
decision_type=2 2 2 2 2 2 2 2 2 2 2 2 2 2 2 2 2 2 2 2 2 2 2 2 2 2 2 2 2 2 2
left_child=3 2 10 5 13 -1 -7 16 9 -9 -2 12 23 30 -14 -16 -4 28 -10 20 -20 -22 -15 -8 25 -12 -6 -28 -18 -17 -3
right_child=1 4 7 -5 26 6 11 8 18 -11 24 -13 14 22 15 29 17 -19 19 -21 21 -23 -24 -25 -26 -27 27 -29 -30 -31 -32
leaf_value=-0.086262615376847096 -0.035605311835055581 -0.01759168294334397 -0.0020728724401323714 -0.10558388762201212 -0.033813169398295997 0.010482072105150696 0.04260562842214103 0.028919653617749522 0.059088539883381835 -0.0098030474428627591 0.00027843393621077516 -0.066300731709106067 0.003619889167045641 0.0032861899228842214 -0.048244619206436433 -0.035080179579637528 -0.0032184360507734183 -0.007917643950539564 -0.0014835108956861118 0.032360065804963589 0.010827444076603042 0.038973095226390496 -0.019291314803105291 -0.00055184993869374641 0.014370116733441482 -0.033363339733221635 -0.0021114207019069108 -0.073869823233772156 0.025304185991314208 0.009106585037543519 0.023377730016754542
leaf_weight=666.16600465774536 230.87594577670097 111.58953729271889 373.85892477631569 645.58643341064453 140.804697483778 219.21362474560738 212.27213007211685 207.54033467173576 449.6999688744545 305.42926853895187 537.69932529330254 377.5231796503067 163.62051296234131 603.25148311257362 532.10187935829163 119.33367422223091 71.184740990400314 127.32613253593445 240.70738223195076 2118.7850729823112 185.54153722524643 154.4453077018261 898.19557571411133 405.41162747144699 81.543006658554077 87.867583870887756 321.94083604216576 172.3104011118412 551.01523914933205 84.622858613729477 818.39517065882683
leaf_count=1134 289 311 583 1200 128 167 663 76 477 162 832 547 283 1334 481 367 97 160 289 5685 360 353 1869 1202 77 84 629 319 1140 100 2945
internal_value=-4.53591e-05 0.00116273 0.00212088 -0.00316646 -0.000599927 -0.00245007 -0.00170255 0.00277271 0.00328498 0.000322 -0.00111766 -0.00230344 -0.00151014 2.12563e-05 -0.00339363 -0.00427875 0.00102678 0.00218814 0.00374134 0.00331186 0.00108065 0.00284772 -0.000921729 0.00110791 0 -0.000508236 -0.00309096 -0.00198708 0.00311429 -0.000506346 0.00162726
internal_weight=12215.9 8790.01 5723.52 3425.85 3066.49 2780.27 2114.1 4785.53 3662.15 512.97 937.986 1894.89 1517.36 2431.43 899.679 736.058 1123.39 749.526 3149.18 2699.48 580.694 339.987 1501.45 617.684 707.11 625.567 635.056 494.251 622.2 203.957 929.985
internal_count=24343 18199 10664 6144 7535 4944 3810 9382 7402 238 1282 3643 3096 6459 1231 948 1980 1397 7164 6687 1002 713 3203 1865 993 916 1076 948 1237 467 3256
is_linear=0
shrinkage=0.0160995


Tree=43
num_leaves=32
num_cat=0
split_feature=35 54 33 69 11 2 11 69 63 38 69 62 20 28 35 11 28 19 11 11 35 11 55 11 55 63 19 69 20 11 28
split_gain=175.003 55.5735 36.7462 25.2065 38.7305 24.0718 18.1487 27.0073 16.4164 14.2391 13.1542 12.8078 10.8692 10.2888 9.52113 8.90324 8.63036 8.54508 7.76819 7.62704 9.31916 7.5339 6.84441 9.76279 6.12962 7.75085 7.92794 5.88148 5.25586 5.056 5.00354
threshold=75.65000000000002 37.95000000000001 70.550000000000011 26.126849824122228 0.87377473702374975 1.0000000180025095e-35 0.85651926849515192 26.578126322532327 1009.7500000000001 -0.071402474739929986 26.352333879290406 1009.9500000000002 35.659831510915573 29.265000000000004 84.65000000000002 -0.11593459959550052 30.065000000000001 35.362518115536979 0.85651926849515192 0.97690230611205509 80.750000000000014 -0.69637622559687229 269.50000000000006 0.93834263341299773 4.3500000000000005 1004.4500000000002 36.979458835625756 27.15255504740885 27.506593327520463 0.95989713290459411 29.935000000000006
decision_type=2 2 2 2 2 2 2 2 2 2 2 2 2 2 2 2 2 2 2 2 2 2 2 2 2 2 2 2 2 2 2
left_child=3 2 9 -1 5 -5 11 14 13 10 -2 24 15 18 -8 30 17 -15 -3 20 -9 -14 23 -6 -4 -26 -27 -25 -10 -29 -7
right_child=1 8 6 4 22 12 7 19 28 -11 -12 -13 21 16 -16 -17 -18 -19 -20 -21 -22 -23 -24 27 25 26 -28 29 -30 -31 -32
leaf_value=0.0098100890650593808 0.0033513885395222592 0.012751699735905092 0.033820635572659262 0.020317283726723465 -0.088003832760894352 0.010974770951975113 0.019782837248156503 0.00048345461348477131 -0.032125858906890181 0.011420835872193164 -0.026100635213784459 8.7529650759006654e-05 -0.0068285804048139505 0.00099918002528342782 0.0010806386445668483 -0.049213867383983853 0.010053753842464926 -0.019601330167505832 -0.039134588473081322 0.00019342169349191308 -0.040316328448669184 -0.051587933771917345 -0.12357805811078784 0.0028083191149176514 0.041961158814006361 0.021382650341740191 -0.010804467639723885 -0.0016908507585694647 -0.024512279917186717 -0.054450077601172243 -0.018379783359609058
leaf_weight=136.03922572731972 91.905469119548798 1227.8606925308704 2636.0755754411221 344.27818670868874 319.20067289471626 243.12012696266174 640.77921679615974 154.2192639708519 131.0801737010479 104.48099800944328 472.97303155064583 357.72496673464775 125.03149938583374 226.74480023980141 378.43175056576729 510.93780297040939 196.8773068189621 396.75513836741447 160.79419112205505 286.5583324432373 217.57374107837677 344.18437641859055 674.40543872117996 108.29565232992172 191.66208052635193 337.34937101602554 93.269821882247925 94.990491718053818 486.8915319442749 352.67292663455009 172.69554352760315
leaf_count=78 58 4057 6855 831 295 711 301 201 111 153 664 795 177 738 231 1527 269 490 199 246 218 232 1236 95 483 1116 80 179 934 498 285
internal_value=-4.01102e-05 0.00115628 0.00204072 -0.00313122 -0.00342494 -0.00170284 0.00249564 0.00103624 -0.0006812 -0.00143239 -0.00252921 0.00314894 -0.00266701 0 0.00270204 -0.00151623 -0.00145615 -0.00242672 0.000812939 -0.00142229 -0.00296018 -0.00474296 -0.00529935 -0.00407654 0.00346713 0.00175971 0.000343862 -0.00251649 -0.00299349 -0.00334986 5.15926e-05
internal_weight=12215.9 8790.01 5963 3425.85 3289.81 1740.25 5293.64 1677.56 2827 669.359 564.879 3616.08 1395.97 2209.03 1019.21 926.753 820.377 623.5 1388.65 658.351 371.793 469.216 1549.57 875.16 3258.36 622.281 430.619 555.959 617.972 447.663 415.816
internal_count=24343 18199 11401 6144 6066 3763 10526 1197 6798 875 722 9329 2932 5753 532 2523 1497 1228 4256 665 419 409 2303 1067 8534 1679 1196 772 1045 677 996
is_linear=0
shrinkage=0.0160995


Tree=44
num_leaves=32
num_cat=0
split_feature=35 2 12 69 49 37 12 27 63 30 32 63 27 32 55 24 24 30 66 48 29 28 12 29 57 3 27 12 12 22 48
split_gain=171.759 48.9863 37.592 24.9558 22.1 20.2859 16.5756 23.1081 11.7259 16.5003 11.6019 10.8558 10.6339 9.50182 8.60348 8.13873 8.12379 7.9718 7.91976 9.46973 7.62042 6.73026 9.2915 6.03795 5.56086 4.88277 4.70118 4.51651 5.18299 8.70788 4.51576
threshold=75.65000000000002 80.65000000000002 2.5000000000000004 26.126849824122228 0.62013573730394933 79.350000000000009 6.5000000000000009 25.935000000000006 1009.6500000000002 24.130000000000006 75.350000000000009 1008.35 29.525000000000002 75.950000000000017 4.8500000000000005 30.335000000000004 24.365000000000006 30.235000000000003 6.0850000000000009 27.362500000000004 28.945000000000004 29.445000000000004 2.5000000000000004 24.130000000000006 0.53333333333339972 0.46350000000000008 29.195000000000004 5.5000000000000009 11.500000000000002 26.17116966100264 24.267500000000002
decision_type=2 2 2 2 2 2 2 2 2 2 2 2 2 2 2 2 2 2 2 2 2 2 2 2 2 2 2 2 2 2 2
left_child=3 2 10 -1 11 13 12 -8 17 -10 -2 15 21 -4 30 25 -12 -7 19 -11 23 22 -3 -15 -25 -5 -18 -13 -29 -30 -9
right_child=1 6 5 4 -6 8 7 14 9 18 16 27 -14 20 -16 -17 26 -19 -20 -21 -22 -23 -24 24 -26 -27 -28 28 29 -31 -32
leaf_value=0.0096521518145552387 -0.043209752044587477 -0.029085155858873703 -0.0074420335028920707 -0.028095269978616458 -0.10165960852824185 0.030576131419200726 -0.025793129224071499 -0.011784233704198213 0.03744609187827197 0.055527070696133933 0.0034766720630596548 -0.054372482155612863 0.0055509531394400662 -0.0050765322235867506 0.0025937007984638155 -0.038497230742227453 0.00046438401274198832 -0.0095234105699322277 -0.0017061492108272748 -0.0012583783173697764 -0.0017523330996124342 -0.023041060172842767 0.0016157636374110277 0.035102422209499017 0.014326496973282662 0.0058984573015181336 -0.046897015005658439 0.022891744377929131 0.0045440397004110752 -0.059896240426078752 0.031806320226812741
leaf_weight=136.03920403122902 254.11365067958832 348.50153386592865 370.96619883179665 199.14189127087593 900.32613277435303 2847.6139967441559 156.62953269481659 111.15721181035042 180.75129118561745 146.60973849892616 91.109856575727463 1019.1037445366383 221.97175002098083 72.244733989238739 945.31564351916313 242.38022947311401 438.30162414908409 55.851632744073868 297.32602047920227 209.21652954816818 291.95770260691643 367.30348855257034 374.42763358354568 249.9107084274292 182.54676178097725 510.55423122644424 91.767075538635254 123.24870872497559 79.32381683588028 215.73397010564804 484.41315305233002
leaf_count=78 370 544 569 395 1696 7173 113 45 73 193 44 1566 295 30 3043 284 788 48 173 413 522 450 1132 539 580 1328 134 427 57 313 928
internal_value=-3.64941e-05 0.0011487 0.00201833 -0.0030989 -0.00339128 0.00257117 -0.000495277 0.000518431 0.00315531 0.00131 -0.000986529 -0.00251334 -0.00186544 0.000629282 0.00116355 -0.00104964 7.98834e-05 0.00365558 0 0.00171823 0.00166493 -0.00254193 -0.00145702 0.0028701 0.00362498 -5.82556e-05 -0.000559672 -0.00342245 -0.00164333 -0.00285497 0.00268173
internal_weight=12215.9 8790.01 5780.29 3425.85 3289.81 4905 3009.72 1697.52 3737.37 833.904 875.292 2389.49 1312.2 1167.63 1540.89 952.076 621.179 2903.47 653.152 355.826 796.66 1090.23 722.929 504.702 432.457 709.696 530.069 1437.41 418.306 295.058 595.57
internal_count=24343 18199 11649 6144 6066 10313 6550 4129 8073 852 1336 4370 2421 2240 4016 2007 966 7221 779 606 1671 2126 1676 1149 1119 1723 922 2363 797 370 973
is_linear=0
shrinkage=0.0160995


Tree=45
num_leaves=32
num_cat=0
split_feature=36 51 12 55 58 11 44 45 11 28 69 11 63 69 32 36 44 11 11 52 44 51 58 17 11 63 34 51 1 44 11
split_gain=154.693 48.6807 44.357 46.1601 37.6556 18.1746 18.0335 28.0401 15.2064 14.7903 12.9725 19.8657 12.1803 9.58465 9.43126 9.03431 8.55278 16.4578 25.5664 7.40295 7.28122 11.8791 7.17335 6.26218 8.56276 7.55461 6.23133 7.47964 5.70614 7.39527 5.59012
threshold=77.750000000000014 1.3068976338379223 2.5000000000000004 4.8500000000000005 4174.7870000000012 0.84750952922804634 27.581033367149875 2.2003045144459947 -0.70862667826445969 29.195000000000004 26.126849824122228 0.88999460902669758 1004.4500000000002 27.15255504740885 80.750000000000014 70.65000000000002 28.551303699761423 0.91586428826728705 0.97690230611205509 2306.7650000000003 34.579017471103306 0.54236331975285312 94.720500000000001 36.212688010065889 0.69635043120606444 1007.5500000000001 81.350000000000009 0.39416900273987593 2.0250000000000004 36.14409665396979 0.68389408864483059
decision_type=2 2 2 2 2 2 2 2 2 2 2 2 2 2 2 2 2 2 2 2 2 2 2 2 2 2 2 2 2 2 2
left_child=1 4 14 6 10 9 7 -4 -6 -5 -1 22 -11 -3 -2 -10 -8 20 -19 -16 -18 -22 -12 24 -17 -25 27 -14 -23 30 -30
right_child=2 13 3 5 8 -7 16 -9 15 12 11 -13 26 -15 19 23 17 18 -20 -21 21 28 -24 25 -26 -27 -28 -29 29 -31 -32
leaf_value=0.01438506116261001 -0.032287087871190966 -0.0095015839534703019 0.020265601545328586 0.016907547155152927 0.0017201623327673709 -0.037050542379062384 0.054232023989600718 -0.0092473655179818853 -0.088030832803317499 0.015972138675283541 0.031143061623632565 -0.04667525887292838 0.0089520507760712797 -0.086956676889630588 0.0013248904096533158 0.0025436523142846911 0.045937421236509027 -0.014866836416885448 0.019045405278071199 -0.031217847952439509 0.020272813195258099 0.0092413192136456494 -0.0017241214626042909 -0.013470181016974624 -0.070415974910712387 -0.071914974461686182 -0.0039117909215857904 -0.019165871525069052 0.041724114637970169 -0.011034296556288027 -0.023428650863028467
leaf_weight=107.21515280008316 563.03925290703773 284.392024487257 385.66013583540916 1197.0396361351013 367.09568154811859 201.0844940841198 226.77483999729156 346.01163971424103 612.98008877038956 158.97686609625816 452.60585305094719 344.84421342611313 67.416993319988251 1103.2356305420399 361.58327350020409 352.4621759057045 1711.0977412164211 277.30660942196846 212.57150936126709 148.39191272854805 829.05117270350456 141.68823310732841 254.35222533345222 252.09690761566162 225.6498686671257 145.28320527076721 346.66474774479866 273.61388278007507 113.56546565890312 93.350877374410629 58.757086753845215
leaf_count=56 806 160 185 4064 1054 228 130 170 1189 287 1117 643 156 1700 518 1078 5247 137 98 209 1796 238 584 220 528 120 851 347 289 112 26
internal_value=-3.71118e-05 -0.0024138 0.00134017 0.00183665 -0.0012591 -6.56361e-06 0.00279538 0.000359962 -0.0026316 0.000414877 0.000988732 0.000354627 -0.00115691 -0.00493851 -0.00165407 -0.00331587 0.00325906 0.00300939 0.000102947 0 0.00346463 0.00235598 0.00196392 -0.0021877 -0.000919289 -0.00380952 -0.00215027 -0.00371975 0 -0.00128568 0.000287688
internal_weight=12215.9 4502.21 7713.65 6640.63 3114.59 2244.8 4395.84 731.672 1955.57 2043.71 1159.02 1051.8 846.672 1387.63 1073.01 1588.47 3664.16 3437.39 489.878 509.975 2947.51 1236.41 706.958 975.492 578.112 397.38 687.696 341.031 407.362 265.673 172.323
internal_count=24343 8449 15894 14361 6589 5933 8428 355 4189 5705 2400 2344 1641 1860 1533 3135 8073 7943 235 727 7708 2461 1701 1946 1606 340 1354 503 665 427 315
is_linear=0
shrinkage=0.0160995


Tree=46
num_leaves=32
num_cat=0
split_feature=37 36 10 4 23 10 36 51 10 55 51 54 54 51 8 27 55 59 20 63 54 68 43 46 10 23 10 10 2 17 0
split_gain=160.269 42.1318 35.2446 30.7427 27.3267 20.1785 16.7097 16.3508 15.1868 17.9237 14.5029 22.5253 12.3776 12.0344 11.4543 10.6741 10.2603 9.85462 9.10244 8.71417 8.51585 8.27623 8.02016 7.66931 7.29307 7.14712 9.85328 6.94806 6.85579 6.84021 6.65525
threshold=78.65000000000002 74.450000000000017 -0.5123666674339783 1008.35 24.219079353969956 -0.4673548892883575 78.750000000000014 1.1699002023988869 -0.26781182513105617 25.150000000000002 1.1205626498592018 28.050000000000004 168.15000000000001 1.4462187701452918 0.78656609248549325 29.525000000000002 18.850000000000005 0.18850000000000003 35.20424312618097 1010.85 160.35000000000005 0.84500000000000008 0.27534741160455173 29.42166666666667 0.44437406304545285 36.809624587919693 0.65189295912203338 0.88203985695844977 31.550000000000004 37.472986655778918 6.4450000000000012
decision_type=2 2 2 2 2 2 2 2 2 2 2 2 2 2 2 2 2 2 2 2 2 2 2 2 2 2 2 2 2 2 2
left_child=1 7 16 12 13 -6 22 20 9 -3 11 23 25 -5 -8 18 19 -16 -13 -2 24 -19 -7 -10 -1 29 -27 -22 -9 -4 -12
right_child=2 8 3 4 5 6 14 28 10 -11 30 15 -14 -15 17 -17 -18 21 -20 -21 27 -23 -24 -25 -26 26 -28 -29 -30 -31 -32
leaf_value=-0.041531711234443512 0.048736409798632592 0.05049915977431161 0.019980680394929014 0.024922141724511227 -0.03144431057981311 0.0047449147039631259 -0.014255549248007409 -0.06480553166230997 0.017051192094403023 -0.013178242488104411 -0.041848899999419042 -0.013247351425583051 -0.0021856408971664076 -0.00012258418301717118 0.016249108505032469 0.0076499481162129847 0.017510163922201148 -0.0017919922974726631 -0.022313503389878975 -0.0024827238897542027 -0.05591937103004424 0.010878640836029315 -0.036898918472705586 -0.00065310005292663052 0.030787683616300739 0.028573532816975597 -0.0090615282870116359 -0.0013633887094783531 -0.11790178649907648 0.048267742955767454 -0.017681106079882228
leaf_weight=217.24087595939636 1291.3669756352901 280.86064395308495 1541.299008756876 241.64029112458229 197.81040573120117 95.752987951040268 606.58595743775368 395.78163775801659 340.17334389686584 429.606335490942 414.68598744273186 386.53271079063416 496.44547218084335 250.59650158882141 227.42785051465034 181.22415390610695 728.41085427999496 228.16083747148514 267.7762562930584 86.06566521525383 837.1769867837429 221.66343203186989 427.57229036092758 180.09996223449707 138.96703827381134 140.41575342416763 155.92793476581573 180.42891052365303 650.49613037705421 158.17737150192261 219.48883420228958
leaf_count=480 3755 708 3779 100 97 132 1041 598 735 1432 416 1162 1250 119 145 253 2598 187 299 166 1555 190 499 190 332 253 216 339 1032 113 172
internal_value=-4.73672e-05 -0.00222359 0.00151221 0.000753078 -0.000483503 -0.00134565 -0.000754912 -0.00377397 -0.000801529 0.00115169 -0.00153982 -0.000526482 0.00202315 0.00285162 0.000176759 -0.00220695 0.00326872 0.00166605 -0.00319175 0.00412365 -0.00249669 9.17086e-05 -0.00317876 0.00201615 -0.000110168 0.0025907 0 -0.00325047 -0.00536116 0.00299458 -0.00356615
internal_weight=12215.9 5120.54 7095.32 4989.48 2497.21 2004.97 1807.16 2420.09 2700.45 710.467 1989.98 1355.81 2492.27 492.237 1283.84 835.533 2105.84 677.252 654.309 1377.43 1373.81 449.824 523.325 520.273 356.208 1995.82 296.344 1017.61 1046.28 1699.48 634.175
internal_count=24343 9703 14640 8121 2510 2291 2194 4336 5367 2140 3227 2639 5611 219 1563 1714 6519 522 1461 3921 2706 377 631 925 812 4361 469 1894 1630 3892 588
is_linear=0
shrinkage=0.0160995


Tree=47
num_leaves=32
num_cat=0
split_feature=37 12 36 6 12 11 27 27 50 58 50 45 55 33 45 37 23 50 50 11 2 33 70 11 38 65 11 23 11 55 11
split_gain=153.561 48.2044 41.9198 34.0384 20.6488 18.4236 15.7512 15.1739 13.6881 13.171 12.5863 11.4533 15.1278 11.36 11.2086 9.13562 9.06954 18.8132 10.2242 12.4615 8.92433 13.2804 8.85496 7.58445 7.30164 7.28451 6.78106 10.332 6.60369 12.3785 5.54672
threshold=78.65000000000002 2.5000000000000004 74.450000000000017 1.0000000180025095e-35 5.5000000000000009 0.88201535311751322 25.935000000000006 29.525000000000002 25.977708333333339 116.03100000000002 29.228958333333338 1.5543682583890439 9.8500000000000032 70.950000000000017 2.9398720701398982 85.950000000000017 24.219079353969956 25.733125000000005 27.291041666666668 0.90515966073569365 103.75000000000001 70.65000000000002 2.8941561397931452 -0.70862667826445969 -1.9807536556176737 2.7250000000000005 -0.45973273945210419 35.78374211636433 0.96457844552971317 174.95000000000002 0.43665123195606398
decision_type=2 2 2 2 2 2 2 2 2 2 2 2 2 2 2 2 2 2 2 2 2 2 2 2 2 2 2 2 2 2 2
left_child=2 13 5 6 7 9 -3 20 -5 -1 22 12 -6 -2 16 -15 -8 -18 -19 25 21 -4 -10 -11 -7 -20 -25 -28 29 -13 -27
right_child=1 3 4 8 11 24 14 -9 10 23 -12 28 -14 15 -16 -17 17 18 19 -21 -22 -23 -24 26 -26 30 27 -29 -30 -31 -32
leaf_value=0.033352237945798689 -0.032990576911172714 -0.011828014864815998 -0.067630643212279198 -0.024691810437500895 0.02922657979629464 -0.0029968933687187557 0.042882270551272507 0.0019389836564626928 0.016116714225403849 0.00048153033208201871 -0.012232235587864005 0.032749704871859499 0.0015693085055066051 -0.018009247340850552 -0.0033002183080574851 0.036124330902440195 -0.0060827651415407812 0.062701697483301622 0.041663893003879307 -0.0010450879679151934 -0.025801164312793088 0.0040850511641604545 -0.040137950273925249 -0.060242165903352497 -0.095327499564038409 0.025036565556414311 -0.050730504763042528 0.0089271364055927387 -0.019496752255211292 -0.05548163016981647 0.0082091890259973922
leaf_weight=164.81785327196121 251.24219760298729 166.51010447740555 149.36419004201889 169.44105577468872 261.31575927138329 69.319613695144653 289.47612982988358 431.36805593967438 1275.6649970412254 183.11541211605072 388.8282642364502 168.17123314738274 479.03848767280579 626.47883009910583 143.78436279296875 131.01377585530281 212.53821688890457 375.82379829883575 478.03289780020714 225.68873113393784 563.97177255153656 240.88948324322701 105.0667729973793 294.14346539974213 1156.0643508434296 1999.9116789102554 439.0061711370945 113.62471607327461 307.89375615119934 98.435479700565338 255.81778386235237
leaf_count=433 340 148 234 100 683 40 131 561 4122 404 571 250 1734 870 105 194 80 480 1009 147 922 523 156 205 1862 5640 1223 169 198 262 547
internal_value=-6.49583e-05 0.00146143 -0.0021952 0.00200778 -0.000776889 -0.00374144 0.00283206 -0.00215919 0.000201497 -0.00218987 0.000661824 0.000620872 0.00197784 -0.00175167 0.00304272 -0.000635466 0.00321358 0.00294049 0.00324422 0.00286666 -0.0032947 -0.00112527 0.001415 -0.00289579 -0.00517864 0.0031713 -0.00353608 -0.0022125 -0.00099066 0.000628548 0.00270363
internal_weight=12215.9 7095.32 5120.54 6086.58 2700.45 2420.09 4147.58 1385.59 1939 1194.71 1769.56 1314.85 740.354 1008.73 3981.07 757.493 3837.29 3547.81 3335.27 2959.45 954.225 390.254 1380.73 1029.89 1225.38 2733.76 846.774 552.631 574.5 266.607 2255.73
internal_count=24343 14640 9703 13236 5367 4336 8287 2240 4949 2434 4849 3127 2417 1404 8139 1064 8034 7903 7823 7343 1679 757 4278 2001 1902 7196 1597 1392 710 512 6187
is_linear=0
shrinkage=0.0160995


Tree=48
num_leaves=32
num_cat=0
split_feature=35 58 45 23 11 31 10 10 10 11 26 11 35 10 65 37 20 8 10 18 11 11 2 44 23 50 11 10 20 61 20
split_gain=153.749 51.2398 31.1119 34.9947 27.4014 32.5508 19.6995 16.4017 15.0594 16.7879 14.8124 13.6157 13.4939 13.072 11.7326 13.953 11.0227 10.8096 15.4767 11.3336 10.4284 9.15683 10.2041 9.00896 8.71989 11.5595 8.69263 8.24242 8.91927 7.84275 7.44685
threshold=75.65000000000002 1092.1590000000003 1.7173855523363091 25.195819224368332 0.45207220393230413 77.050000000000011 0.63874350706337069 -0.5123666674339783 -0.5123666674339783 -0.67758968959607091 26.695000000000004 -0.65187484896379921 84.950000000000017 0.88203985695844977 3.4350000000000005 79.450000000000017 38.639247735234413 0.37940952255126054 -0.2595093939220976 24.585881162536928 0.97690230611205509 0.87377473702374975 3.0500000000000003 35.988177626313842 24.219079353969956 25.636666666666674 -0.47495107206705001 0.87379901192678244 35.310358001884502 0.96050000000000002 33.504498266379606
decision_type=2 2 2 2 2 2 2 2 2 2 2 2 2 2 2 2 2 2 2 2 2 2 2 2 2 2 2 2 2 2 2
left_child=2 4 3 -1 6 10 -2 -3 -5 -10 -6 -9 17 23 15 -8 -16 -7 -19 -20 -21 22 -4 26 -14 -26 -11 28 -13 30 -27
right_child=1 7 21 8 5 12 14 11 9 13 -12 27 24 -15 16 -17 -18 18 19 20 -22 -23 -24 -25 25 29 -28 -29 -30 -31 -32
leaf_value=0.013125239583524257 0.036472351071500916 0.013121603141639192 0.020631352146455853 0.019674241801051529 0.00015550404096902065 0.002176103803069008 -0.00068851585552130257 0.00053883289290642734 0.00074789770725515513 0.0065850976702710009 -0.048207216301407833 -0.02450807206715196 0.051966368106254879 -0.0025071178963883725 -0.0029789450605849782 0.02981687578656271 0.050272579147364028 0.05195667769118284 -0.0014957063593367833 0.0015408591749280251 0.018044206378998895 -0.087554754682901734 -0.10429267386555059 -0.043832771328335317 -0.02752956437995626 0.0021776812832836742 -0.061318120732041785 -0.0005488586742227262 -0.044847598607219763 0.040180339356049088 -0.017531356222233705
leaf_weight=142.63153949379921 1794.76820987463 869.22786402702332 93.849853932857513 230.15949636697769 203.90011420845985 377.19624218344688 90.662792503833771 800.86437606811523 366.55433124303818 60.247716307640076 393.64177361130714 708.86949822306633 125.62446436285973 282.63050127029419 629.6934443116188 303.8805685043335 94.711780309677124 393.08928856253624 212.34735798835754 287.43196225166321 345.59398439526558 900.16686820983887 198.05459076166153 275.48245561122894 99.927955627441406 269.92548361420631 876.07458317279816 270.68130457401276 173.41554918885231 186.10642498731613 158.44702211022377
leaf_count=94 5901 2982 236 836 114 925 160 2132 732 58 636 935 56 697 1257 444 61 362 75 343 178 1140 506 118 27 343 1727 660 75 381 152
internal_value=-5.29854e-05 0.00106796 -0.00295062 -0.00176971 0.00191671 0.000813399 0.00304307 -0.000697825 -0.00232593 -0.00282052 -0.00249419 -0.0015328 0.00165316 -0.00357859 0.00125589 0.00347695 0 0.00251217 0.00323788 0.00185685 0.00296923 -0.00508505 -0.00211558 -0.00430897 0 -0.000695192 -0.0033648 -0.00265111 -0.00340416 1.41156e-05 -0.00105174
internal_weight=12215.9 8790.01 3425.85 2233.78 5966.95 3053.23 2913.72 2823.06 2091.15 1860.99 597.542 1953.83 2455.69 1494.44 1118.95 394.543 724.405 1615.66 1238.46 845.373 633.026 1192.07 291.904 1211.8 840.031 714.407 936.322 1152.97 882.285 614.479 428.373
internal_count=24343 18199 6144 4262 11415 3592 7823 6784 4168 3332 750 3802 2842 2600 1922 604 1318 1883 958 596 521 1882 742 1903 959 903 1785 1670 1010 876 495
is_linear=0
shrinkage=0.0160995


Tree=49
num_leaves=32
num_cat=0
split_feature=35 6 12 64 69 10 10 10 10 0 64 4 34 27 45 4 69 44 4 27 64 27 50 50 69 10 10 61 27 6 4
split_gain=152.229 57.3759 48.3118 22.542 21.729 18.7047 15.3799 16.1192 13.9901 12.1438 13.2476 17.3749 11.199 10.878 11.0129 10.8473 10.3251 10.312 8.63795 8.1654 7.77849 7.38684 7.32161 6.97958 6.66626 6.47735 14.3875 6.28456 5.93174 5.80666 5.71067
threshold=74.050000000000011 1.0000000180025095e-35 2.5000000000000004 1009.7500000000001 26.126849824122228 -0.3896268414500369 -0.52707282776374165 -0.47494667389482609 -0.66484924122790601 9.8550000000000022 1010.5500000000001 1009.1500000000002 83.65000000000002 30.655000000000005 1.6756799406071894 1009.0500000000001 26.352333879290406 27.48965785832625 1011.0500000000001 25.935000000000006 1010.4500000000002 27.915000000000003 27.246041666666674 26.549375000000001 27.414867087810823 0.45972848220565493 0.75548631800528565 0.94450000000000001 26.825000000000003 0.60355339059327384 1005.85
decision_type=2 2 2 2 2 2 2 2 2 2 2 2 2 2 2 2 2 2 2 2 2 2 2 2 2 2 2 2 2 2 2
left_child=4 2 12 5 -1 28 18 17 -6 10 11 30 20 14 29 -7 -12 -8 -4 -5 25 -13 27 -17 -21 -2 -27 -22 -3 -10 -9
right_child=1 3 6 19 8 15 7 9 13 -11 16 21 -14 -15 -16 23 -18 -19 -20 24 22 -23 -24 -25 -26 26 -28 -29 -30 -31 -32
leaf_value=0.0090124811338252071 -0.041905958291686342 -0.025722620532350266 0.049770170270177605 -0.046519514648536223 0.011192526698035275 -0.00244905690810187 -0.029029715550058708 0.025087610858498279 -0.017302970671437844 -0.0073867736899906038 0.031954370264668859 0.027188355298634535 0.014139793126049351 0.0048106015645747882 -0.092383191901771911 0.020859305551325199 0.00072835813715342351 0.028629104724958138 -0.00015097988491581213 0.012956530233485336 0.036127234790436891 -0.022399797289143188 -0.042743959388786529 -0.039097183471822672 -0.038062189401669541 0.038656287032576585 -0.045125260100277606 -0.0015952637158801531 0.021398481144508694 -0.052047034453102388 0.0084898613671968142
leaf_weight=93.797313243150711 313.52995833754539 99.299028754234314 1294.5984225273132 200.75174051523209 173.28456723690033 1379.5016531944275 144.58833184838295 594.7732190489769 600.22757574915886 103.55662643909454 530.94449156522751 150.54817181825638 85.475207924842834 72.096191644668579 906.20836296677589 77.419848173856735 179.5707443356514 96.036281794309616 88.23209011554718 102.14364093542099 110.23234617710114 197.55863836407661 156.20342862606049 359.2075779736042 377.289191365242 160.11289444565773 81.754219651222229 137.19539326429367 931.62543249130249 855.99459195137024 1562.1022153794765
leaf_count=51 324 238 3939 246 591 3059 35 1582 1124 54 269 204 84 66 1435 40 189 216 167 68 132 283 300 536 965 400 96 88 3318 1528 2716
internal_value=-6.14643e-05 0.000889728 0.00185275 -0.000722402 -0.00343775 -6.31724e-05 0.00252272 0.00191597 -0.00372827 0.00221935 0.00240863 0.00179906 -0.00123899 -0.00404598 -0.00424369 -0.00107259 0.00442657 -0.00191288 0.00401824 -0.00335042 -0.00179854 -0.00138628 0 -0.00329446 -0.00193296 -0.00302966 -0.000629936 0.00162113 0.00163532 -0.00323171 0.00235161
internal_weight=12215.9 9514.25 5987.01 3527.24 2701.61 2847.05 4942.51 3559.68 2607.81 3319.05 3215.5 2504.98 1044.5 2434.53 2362.43 1816.13 710.515 240.625 1382.83 680.185 959.028 348.107 403.631 436.627 479.433 555.397 241.867 247.428 1030.92 1456.22 2156.88
internal_count=24343 19548 11078 8470 4795 7191 9654 5548 4744 5297 5243 4785 1424 4153 4087 3635 458 251 4106 1279 1340 487 520 576 1033 820 496 220 3556 2652 4298
is_linear=0
shrinkage=0.0160995


Tree=50
num_leaves=32
num_cat=0
split_feature=31 9 51 55 12 12 51 27 12 39 0 64 0 62 52 70 66 22 26 7 51 52 62 55 32 70 26 9 12 62 70
split_gain=148.823 60.1042 44.8129 29.1538 25.8577 16.9001 14.478 13.8806 11.9464 12.7919 10.7293 8.37311 8.28133 8.05179 8.39009 7.38161 7.28242 8.19779 8.11588 6.68281 15.7959 6.80776 6.51245 6.50122 5.34912 6.13873 5.206 5.05089 6.41769 5.01167 4.68576
threshold=75.250000000000014 -0.37940952255126015 1.1586132624311269 106.15000000000002 5.5000000000000009 2.5000000000000004 1.8136658621800261 25.935000000000006 6.5000000000000009 0.9450000000000004 7.9650000000000007 1007.35 9.4550000000000018 1009.0500000000001 2296.0215000000003 1.9170922324043025 5.0450000000000008 36.742135514010634 28.995000000000001 1.0000000180025095e-35 1.1699002023988869 2450.5905000000007 1005.9500000000002 7.9500000000000011 79.850000000000009 1.1225782048457413 30.205000000000002 0.25881904510252057 1.5000000000000002 1009.85 1.9430532929889461
decision_type=2 2 2 2 2 2 2 2 2 2 2 2 2 2 2 2 2 2 2 2 2 2 2 2 2 2 2 2 2 2 2
left_child=2 8 3 5 6 -1 11 -6 13 10 23 24 19 14 30 -13 17 18 -16 20 -9 -21 -5 -10 25 -3 -7 -4 -29 -23 -2
right_child=1 4 27 22 7 26 -8 12 9 -11 -12 15 -14 -15 16 -17 -18 -19 -20 21 -22 29 -24 -25 -26 -27 -28 28 -30 -31 -32
leaf_value=-0.061108042974759795 -0.0032343753826552329 -0.0031171696072576499 -0.10112629634605805 -0.0070246036582458857 -0.011485403345014578 0.020245299484406357 -0.038969480747170111 0.029723904131472471 0.024900462626009111 -0.043194856635830454 -0.016083381845282241 0.00086583819886528889 -0.0015100848348509192 -0.029755948336334395 -0.0028535277143805189 -0.012721625901880732 0.0027681189905504793 -9.5953978909494e-05 -0.029613960361418969 0.029684432916230089 -0.022518220586520997 0.033285710602821851 -0.058157621410633666 0.0053731240162186722 0.017013601602418157 0.014106526761495918 -0.00039305222271258163 -0.080786283283145702 -0.017632840327073251 -0.0065171093445436428 0.017466601356955529
leaf_weight=222.48068940639496 151.82226797938347 208.00801658630371 879.6519250869751 301.7424076795578 194.5343205332756 366.78081715106964 123.51398849487305 1229.7244154214859 275.5264607667923 191.49142795801163 188.15015605092049 979.7537407875061 119.17254233360291 383.6557349562645 106.42946895956993 209.48823544383049 143.78279432654381 151.70268195867538 203.95812001824379 1963.2399201393127 190.04360562562943 78.029938817024231 915.91379323601723 803.09266439080238 641.74889102578163 259.25537127256393 76.317010641098022 243.60216397047043 304.90827304124832 46.518010973930359 61.819542825222015
leaf_count=404 467 433 1480 637 201 494 94 4304 506 365 238 1680 102 657 308 373 361 161 202 3336 257 263 1975 2688 1137 360 98 232 467 16 47
internal_value=-3.71506e-05 0.00103991 -0.00295563 -0.00126392 0.00190755 0.00136133 0.000562858 0.00273756 -0.000965145 0 0.000604636 0.000883378 0.00296899 -0.00215023 -0.00110388 0 -0.00212358 -0.003138 -0.00462361 0.00311603 0.00211767 0.00375207 -0.00276427 0.00127632 0.00188824 0.000368003 0.00324265 -0.00512206 -0.00348324 0 0.00140693
internal_weight=12215.9 8904.46 3311.4 1883.23 6243.03 665.579 2421.77 3821.26 2661.43 1458.26 1266.77 2298.25 3626.73 1203.17 819.515 1189.24 605.873 462.09 310.388 3507.56 1419.77 2087.79 1217.66 1078.62 1109.01 467.263 443.098 1428.16 548.51 124.548 213.642
internal_count=24343 18556 5787 3608 12556 996 4077 8479 6000 3797 3432 3983 8278 2203 1546 2053 1032 671 510 8176 4561 3615 2612 3194 1930 793 592 2179 699 279 514
is_linear=0
shrinkage=0.0160995


Tree=51
num_leaves=32
num_cat=0
split_feature=37 12 58 57 52 50 23 12 24 32 50 19 22 66 70 50 41 50 70 21 23 37 52 19 59 50 52 66 67 37 18
split_gain=147.258 51.233 36.6878 26.8559 23.9463 18.435 21.4146 15.7239 12.1833 11.6134 10.0915 10.5517 10.2913 9.53316 8.64854 12.4256 9.3884 9.19937 8.2336 8.08074 7.86052 7.73569 7.58233 6.86546 6.79007 6.75753 6.69586 6.35126 6.15901 6.00475 7.13365
threshold=76.750000000000014 2.5000000000000004 873.33800000000008 0.81666666666675203 2147.2195000000006 26.063541666666669 24.219079353969956 5.5000000000000009 29.405000000000005 80.750000000000014 29.306875000000005 24.219079353969956 37.472986655778918 4.7950000000000008 2.4485178287349059 29.826666666666672 0.90497663081968616 28.431875000000002 2.7843000257565618 35.935689155028065 31.0306712898517 85.350000000000009 2306.7650000000003 37.343471940719304 0.46350000000000008 25.636666666666674 2116.9880000000007 4.9250000000000007 1.6850000000000003 80.450000000000017 29.406081252928363
decision_type=2 2 2 2 2 2 2 2 2 2 2 2 2 2 2 2 2 2 2 2 2 2 2 2 2 2 2 2 2 2 2
left_child=3 9 5 7 27 6 -3 -1 -6 21 11 -4 -12 19 15 16 23 -16 20 -10 -13 25 -11 29 -8 -2 -27 -5 -21 -7 -31
right_child=1 2 10 4 8 14 24 -9 13 22 12 18 -14 -15 17 -17 -18 -19 -20 28 -22 -23 -24 -25 -26 26 -28 -29 -30 30 -32
leaf_value=-0.017843866525263489 -0.0093780939187510688 0.026836159583244468 -0.028645811607428906 -0.062431335633775585 0.00024364786571786097 0.016043734156276294 0.0001571536249374985 0.013239499134069289 -0.0043887493039769061 0.0052965288159700511 -0.022289700513540161 0.024884939512318158 0.0070601658905480539 -0.00028890257249132589 -0.0025491655112691498 0.00085189866135416698 -0.0015749657222659755 0.026180869334894878 -0.037887827317744309 -0.016042045487421212 0.0065859497074615327 0.00054448954543195329 -0.029412420478829679 -0.0030669848236270772 -0.011627404216554896 -0.053638417725834081 -0.00055327421154715206 -0.082926023106894231 -0.034340659202499374 0.055941522627172766 0.033491058790824334
leaf_weight=327.24936178326607 73.419120371341705 245.72302633523941 125.2970381975174 981.34120839834213 647.59324833750725 618.28802609443665 169.38133254647255 239.79180341959 165.27842798829079 373.16516628861427 430.89525520801544 287.48249658942223 128.26210260391235 187.74706336855888 220.79911029338837 374.0439635515213 104.26876994967461 403.36161172389984 122.95824187994003 116.77155619859695 1264.6261493861675 110.768977612257 146.32414352893829 41.384861469268799 323.73465394973755 470.40336352586746 76.172294616699219 804.6424318253994 333.44484263658524 336.88788565993309 1964.3518625199795
leaf_count=578 33 95 65 1989 2152 1491 100 285 306 523 558 500 167 306 268 418 96 823 205 146 4301 149 207 74 208 581 225 1223 246 280 5745
internal_value=-4.71079e-05 0.00113483 0.00166569 -0.00268059 -0.0032495 0.00247296 2.20624e-05 0.000426542 -0.00161992 -0.00183839 0 0.000608477 -0.00186069 -0.0029403 0.00289852 0.00322624 0.00356667 0.000957323 0.000986053 -0.00390642 0.00134061 -0.00314179 0 0.00373882 -0.00180114 -0.00385198 -0.00447245 -0.00452288 -0.00504007 0.0038411 0.00426154
internal_weight=12215.9 8412 7161.75 3803.86 3236.82 4802.23 738.839 567.041 1450.84 1250.25 2359.52 1800.36 559.157 803.242 4063.39 3439.23 3065.18 624.161 1675.07 615.495 1552.11 730.764 519.489 2960.91 493.116 619.995 546.576 1785.98 450.216 2919.53 2301.24
internal_count=24343 17112 15394 7231 6368 9598 403 863 3156 1718 5796 5071 725 1004 9195 8104 7686 1091 5006 698 4801 988 730 7590 308 839 806 3212 392 7516 6025
is_linear=0
shrinkage=0.0160995


Tree=52
num_leaves=32
num_cat=0
split_feature=36 51 6 6 51 29 27 63 62 30 62 26 69 69 28 52 28 34 34 50 29 62 65 50 52 30 34 50 65 32 65
split_gain=137.164 47.4904 35.2723 28.4805 26.1819 15.4087 14.5685 12.4242 11.5699 11.3337 11.0273 10.709 10.5295 9.96357 20.8067 10.315 11.4037 10.0131 7.53285 13.4848 7.46542 7.28467 6.94781 7.61976 6.678 6.62488 5.90956 5.89295 4.65915 4.58834 4.52804
threshold=77.750000000000014 1.3068976338379223 1.0000000180025095e-35 0.37940952255126054 1.8136658621800261 25.495000000000001 26.255000000000006 1007.5500000000001 1005.35 29.585000000000004 1006.1500000000002 29.795000000000005 27.15255504740885 30.237418039112647 26.695000000000004 2156.5610000000006 23.065000000000001 83.550000000000011 71.250000000000014 25.885625000000005 29.835000000000004 1009.9500000000002 2.6950000000000007 29.471875000000004 2131.8885000000005 25.085000000000004 80.850000000000009 29.418750000000003 1.9550000000000003 81.450000000000017 3.4050000000000007
decision_type=2 2 2 2 2 2 2 2 2 2 2 2 2 2 2 2 2 2 2 2 2 2 2 2 2 2 2 2 2 2 2
left_child=1 3 4 5 8 -1 -4 -5 -2 -8 -7 13 -3 14 15 16 -10 24 -18 -20 27 22 -15 -24 -16 -9 28 -11 -27 -12 -26
right_child=2 12 6 7 -6 10 9 25 11 20 29 -13 -14 21 17 -17 18 -19 19 -21 -22 -23 23 -25 30 26 -28 -29 -30 -31 -32
leaf_value=0.017532002697323711 0.035553861651492082 -0.0066853406006867257 -0.036964115326787644 -0.0067187598166029748 -0.011253132184814892 0.03970549104450919 0.0051811980632680849 0.0012096560026623421 0.026466188137240713 -0.011199378362756111 -0.011354734693474935 -0.00091664677625724513 -0.078365953760908852 0.041222310174834055 -0.035635043144981386 0.036928261209930237 0.006176982567086332 0.013812939075012437 -0.027375473925838622 0.02622926293115296 0.0083203499484586305 0.00074592000978598741 0.028968460735690038 -0.0054220060621844434 -0.0010393638130433063 -0.005201194576197418 -0.029878876577046555 -0.024969241942625776 -0.07898363396850247 0.020994233741470046 -0.011323839441459604
leaf_weight=140.95059418678284 614.16088336706161 284.39203235507011 208.13074958324432 687.79298770427704 284.3846640586853 164.44320586323738 1779.3760637640953 47.684835404157639 213.16861125826836 150.81861400604248 713.63089838624001 433.07215824723244 1103.2356341183186 351.63489589095116 140.51392555236816 388.91144344210625 403.12100985646248 73.220002949237823 206.75574785470963 209.06496229767799 120.0337016582489 191.50384512543678 1279.7302913665771 142.22842067480087 153.16400477290154 69.830217123031616 451.24144425988197 162.5705127120018 658.93399024009705 180.07717442512512 208.08187535405159
leaf_count=100 1780 160 293 1490 168 385 4948 53 84 488 1458 635 1700 639 157 394 314 59 93 133 193 505 4112 200 305 182 1316 108 1111 494 286
internal_value=-5.28561e-05 -0.00229111 0.00124361 -0.00115098 0.0019818 0.000743196 -0.000337737 -0.00237768 0.00226064 1.22072e-05 0 0.00193561 -0.00478346 0.00220125 0.00132365 0.00238656 0.0014222 -0.00116338 0.000442074 -0.000946568 -0.00227382 0.0030481 0.00336967 0.00274178 -0.00208586 -0.00335951 -0.00362113 -0.00361928 -0.00460365 -0.000638899 -0.00064844
internal_weight=12215.9 4502.21 7713.65 3114.59 5292.72 1199.1 2420.93 1915.48 5008.33 2212.8 1058.15 4394.17 1387.63 3961.1 1996 1421.02 1032.11 574.98 818.942 415.821 433.423 1965.1 1773.59 1421.96 501.76 1227.69 1180.01 313.389 728.764 893.708 361.246
internal_count=24343 8449 15894 6589 9864 2437 6030 4152 9696 5737 2337 7916 1860 7281 1825 1018 624 807 540 226 789 5456 4951 4312 748 2662 2609 596 1293 1952 591
is_linear=0
shrinkage=0.0160995


Tree=53
num_leaves=32
num_cat=0
split_feature=37 52 10 54 51 57 8 69 10 10 27 4 64 27 10 4 28 63 10 37 4 28 69 42 66 51 10 63 29 23 42
split_gain=138.807 42.0081 36.6204 34.7374 30.0654 26.2162 25.1371 17.9801 11.9905 10.0654 10.06 9.31125 8.91278 11.5 10.9084 8.64514 9.82889 9.81319 10.1393 8.46614 8.10165 12.8999 8.84984 7.63053 6.22812 5.49158 4.98107 4.85342 4.84096 4.81643 4.78746
threshold=76.750000000000014 2116.9880000000007 0.047320950113892181 37.95000000000001 1.1586132624311269 40.025000000000084 0.78656609248549325 27.936364566370795 -0.3896268414500369 0.1670500785599974 25.935000000000006 1009.0500000000001 1007.5500000000001 29.085000000000004 0.75548631800528565 1005.35 29.105000000000004 1007.1500000000002 0.65189295912203338 83.15000000000002 1009.0500000000001 26.785000000000004 30.860757546812334 24.516894693028778 4.5150000000000006 1.5967338561430495 0.44437406304545285 1007.1500000000002 27.475000000000005 36.590971815957658 34.585696604528927
decision_type=2 2 2 2 2 2 2 2 2 2 2 2 2 2 2 2 2 2 2 2 2 2 2 2 2 2 2 2 2 2 2
left_child=4 2 6 15 5 9 10 -6 -5 -1 -2 -10 13 -7 27 29 20 18 -18 -4 -17 -22 -23 -8 -20 -21 -11 -15 -13 -3 -28
right_child=1 3 19 8 7 12 23 -9 11 26 -12 28 -14 14 -16 16 17 -19 24 25 21 22 -24 -25 -26 -27 30 -29 -30 -31 -32
leaf_value=0.020656237671140672 -0.039930267649323122 0.039323847009040923 -0.038270446690275801 0.017836203853678831 -0.0043428265783300932 0.0084777880116163572 0.00021645830674411285 -0.083738208160114888 -0.0013322395338091083 -0.072758054278954404 -0.00031343892516729865 -0.0016218185965486912 -0.046586402779054556 0.018395404747917243 -0.02299315113653853 0.032191157532690473 0.014989503386759754 0.0075849521717677492 -0.0013344826781478449 0.0046365391623910427 0.036333735716561226 -0.016548135995952298 0.027471720640574373 0.02159174393825616 -0.010620507195234871 -0.029692773284813213 0.032807356160888923 -0.020212037183173943 -0.041127848978562503 -0.0021937434589663681 -0.0025743574486338824
leaf_weight=165.70121628046036 226.85883995890617 593.17352622747421 619.5659171640873 784.83463144302368 338.38188499212265 361.49153620004654 309.81794461607933 1102.9146571755409 922.01873728632927 106.97949957847595 457.57658392190933 100.63494384288788 1089.358030796051 106.21197971701622 278.46012198925018 1874.5425354540348 170.57537657022476 245.57783389091492 152.71878147125244 161.6968397796154 353.89635029435158 257.8508340716362 224.41465705633163 514.95008364319801 119.45172241330147 98.379270285367966 114.11505031585693 58.782032161951065 174.11649161577225 49.347564101219177 81.463923543691635
leaf_count=353 247 1730 733 2750 276 1089 107 1840 2155 193 633 82 2569 199 212 5147 381 315 207 223 366 414 752 296 103 104 298 89 233 134 113
internal_value=-5.00074e-05 0.00109731 -0.000684305 0.00181719 -0.00260696 -0.00143512 0.000795228 -0.00446442 2.96347e-05 0.00187315 -0.0014058 -0.000942015 -0.00229701 -0.000867202 -0.00265148 0.00267308 0.00229576 0.000432404 -0.000861578 -0.00330663 0.00273828 0.00125343 -0.000312446 0.00271669 -0.00289899 -0.000494366 0 0.000187329 -0.00353358 0.00452233 0.00163016
internal_weight=12215.9 8412 2388.85 6023.15 3803.86 2362.56 1509.2 1441.3 1981.6 468.26 684.435 1196.77 1894.3 804.946 443.454 4041.55 3399.03 688.324 442.746 879.642 2710.7 836.162 482.265 824.768 272.171 260.076 302.558 164.994 274.751 642.521 195.579
internal_count=24343 17112 2343 14769 7231 5115 1283 2116 5220 957 880 2470 4158 1589 500 9549 7685 1006 691 1060 6679 1532 1166 403 310 327 604 288 315 1864 411
is_linear=0
shrinkage=0.0160995


Tree=54
num_leaves=32
num_cat=0
split_feature=37 52 31 8 54 51 54 37 4 70 42 70 54 18 22 22 37 20 20 51 18 3 28 60 34 39 31 52 54 0 4
split_gain=133.304 35.9992 33.968 32.302 31.7411 22.5711 14.5659 13.4815 9.68522 11.4741 10.4501 9.20564 8.65378 8.17763 7.16573 7.13372 7.26621 6.74264 9.3956 6.15144 5.96934 8.44705 5.87707 5.67419 8.25167 5.41947 5.36334 4.63734 4.10626 4.10319 3.78376
threshold=76.750000000000014 2124.4320000000002 80.050000000000011 0.78656609248549325 37.95000000000001 1.1586132624311269 168.15000000000001 79.250000000000014 1005.35 2.692360915668877 37.28940403070569 2.4054614440483708 4.8500000000000005 23.191541961351707 27.344517037006003 24.903646285825467 85.15000000000002 35.364046694293357 36.741101500331567 1.8667280801550505 27.185866168971572 0.56050000000000011 25.085000000000004 0.52050000000000007 80.450000000000017 -0.50999999999999968 81.950000000000017 2342.27 877.55000000000007 1.4850000000000001 1004.5500000000001
decision_type=2 2 2 2 2 2 2 2 2 2 2 2 2 2 2 2 2 2 2 2 2 2 2 2 2 2 2 2 2 2 2
left_child=2 3 5 15 8 6 14 -5 -3 10 23 17 22 -9 -1 -2 -17 -6 -19 26 21 -15 -7 -10 -25 -26 -4 -13 29 -8 -31
right_child=1 4 19 7 11 12 28 13 9 -11 -12 27 -14 20 -16 16 -18 18 -20 -21 -22 -23 -24 24 25 -27 -28 -29 -30 30 -32
leaf_value=0.00512163666729491 -0.00050514448181703051 0.03516050967651773 -0.004125119027423834 -0.015836984654433593 0.0099604002076676499 0.00051380074289900709 0.020707530936817806 -0.0091548235475395427 0.0030892474294995438 -0.00047748842795947681 -0.0029591376957049673 -0.044343806275267947 -0.09848953887541545 0.0209025386254806 -0.0039331576461399086 -0.037877138520846135 0.00051820521515498312 -0.015213783305174089 0.0060792079871202307 -0.023530773397616195 0.00045988957301740122 0.0012725282031860311 -0.054816126191064754 0.029238802472042337 -0.0022822943718033145 0.025706149968538743 0.028292372043347478 0.0083285192902110908 -0.0016796313507280211 -0.0013027812050242858 -0.035169108346911247
leaf_weight=63.200485110282898 188.15536308288574 641.26848524808884 315.5398964881897 257.18370908498764 1244.8708107769489 94.041010022163391 60.861332774162292 166.81845197081566 352.73449492454529 422.5240763425827 210.80098652839661 190.31697988510132 798.06007820367813 291.59690725803375 421.65180096030235 856.77308383584023 134.65603539347649 287.03139889240265 165.44114208221436 41.261416912078857 227.13763925433159 333.76857197284698 355.8761014342308 1463.4110271036625 135.89831998944283 764.0854888856411 381.22202914953232 77.526526212692261 117.21686816215515 95.91583514213562 1059.0130447745323
leaf_count=53 94 1862 724 146 4037 110 161 49 679 754 175 266 1256 130 896 1359 250 460 227 25 257 160 561 3309 320 2389 1011 189 153 207 2074
internal_value=-5.3386e-05 0.00107082 -0.00255924 -0.000543989 0.00175009 -0.00330835 -0.00208089 0.00118741 0.00257469 0.00217617 0.00253595 3.33382e-05 -0.00502171 0.00205663 0.000155321 -0.00248333 -0.0030318 0.000512395 -0.00107618 0.000445573 0.00271838 0.0035378 -0.00284542 0.00281002 0.00310491 0.00171532 0.00091139 -0.00267534 -0.00295249 -0.00322927 -0.0034488
internal_weight=12215.9 8412 3803.86 2456.09 5955.91 3065.84 1817.86 1276.51 3990.72 3349.45 2926.93 1965.19 1247.98 1019.32 484.852 1179.58 991.429 1697.34 452.473 738.023 852.503 625.365 449.917 2716.13 2363.39 899.984 696.762 267.844 1333.01 1215.79 1154.93
internal_count=24343 17112 7231 2445 14667 5471 3544 742 9488 7626 6872 5179 1927 596 949 1703 1609 4724 687 1760 547 290 671 6697 6018 2709 1735 455 2595 2442 2281
is_linear=0
shrinkage=0.0160995


Tree=55
num_leaves=32
num_cat=0
split_feature=36 31 12 6 51 30 11 25 39 44 30 44 11 26 11 20 29 51 40 11 62 51 11 51 4 44 29 11 17 30 44
split_gain=129.528 44.1705 35.0771 39.9873 21.1022 18.7976 15.0814 16.8494 14.8844 12.1477 12.5535 9.65112 23.8097 8.23517 14.2134 9.42217 8.03875 7.67462 8.60538 8.91454 7.59611 7.31305 11.9037 6.93254 6.82219 6.24412 6.16948 8.22146 8.51267 6.01397 5.99885
threshold=77.750000000000014 75.15000000000002 2.5000000000000004 1.0000000180025095e-35 1.1586132624311269 24.925000000000004 0.88999460902669758 30.255000000000006 0.52999999999999947 26.614350352839264 29.605000000000004 27.581033367149875 0.88999460902669758 26.825000000000003 0.91925191855388755 35.698382065834963 29.835000000000004 1.8667280801550505 27.822652778554723 0.90515966073569365 1005.2500000000001 1.8136658621800261 0.64532420896511999 0.51746805537677454 1009.5500000000001 35.101123094763004 27.575000000000003 0.95989713290459411 28.410347611193195 24.130000000000006 36.062093198675434
decision_type=2 2 2 2 2 2 2 2 2 2 2 2 2 2 2 2 2 2 2 2 2 2 2 2 2 2 2 2 2 2 2
left_child=1 4 21 11 5 -1 7 23 17 -5 -11 12 -4 -13 15 -15 25 18 -3 30 -17 22 -2 -7 -16 -12 27 -24 -29 -14 -20
right_child=2 8 3 9 -6 6 -8 -9 -10 10 16 13 29 14 24 20 -18 -19 19 -21 -22 -23 26 -25 -26 -27 -28 28 -30 -31 -32
leaf_value=0.015586438215283915 -0.026655142880581836 0.0076013075972247773 -0.011450392218988388 -0.038921331973079169 -0.082899951206724179 -0.034902056800071385 -0.095201356366991979 -0.053779834407913632 -0.020762741258657944 0.006545932131245419 -0.0060158826615644683 0.046481522635571614 0.031636985483237047 0.035741798371975199 -0.0041026043556276828 0.021064502153155456 0.0101152764866905 -0.029882187658537136 0.0093684643998872396 -0.047255086625108536 0.0038399006525209221 -0.034770062504658313 0.030142249726244914 0.014667926907306315 0.0018984029729195832 -0.021471870225802197 -0.097059283461009754 0.00028691973825995703 -0.080749603671220888 0.00072158037755606376 -0.0097558959527705835
leaf_weight=72.737216681241989 155.58553811907768 306.29448154568672 211.56821894645691 116.09186673164368 1150.0452785491943 123.70901757478714 370.79321372509003 360.9048071205616 460.92984294891357 1667.7326731681824 110.47900092601776 340.11454382538795 182.27503332495689 1973.354169100523 181.41419741511345 264.57059025764465 118.01373720169067 59.368153154850006 810.69185835123062 189.18166807293892 815.34940195083618 145.42114448547363 319.34002774953842 297.52305638790131 187.86104407906532 196.32038342952728 137.41066116094589 218.92141509056091 96.335656821727753 275.48711243271828 300.03438752889633
leaf_count=45 109 245 91 61 1779 290 766 315 904 4779 368 218 81 6124 112 551 188 51 2502 327 1320 98 641 831 99 203 314 199 172 166 394
internal_value=-2.87616e-05 -0.00220412 0.00123097 0.00167294 -0.00371639 -0.00212627 -0.00267805 -0.00126352 -0.000473763 -6.17588e-05 0.000186305 0.00255484 0.000612138 0.00287828 0.00259032 0.00295313 -0.00222273 0.000191588 0.000452632 -6.21309e-05 0.00159908 -0.00142649 -0.000786988 0.000768134 -0.000194225 -0.00364395 0 0.000711999 -0.00094812 0.00277236 0.000427869
internal_weight=12215.9 4502.21 7713.65 6640.63 2375.71 1225.67 1152.93 782.137 2126.5 2208.64 2092.55 4431.99 669.33 3762.66 3422.55 3053.27 424.813 1665.57 1606.2 1299.91 1079.92 1073.01 927.593 421.232 369.275 306.799 772.008 634.597 315.257 457.762 1110.73
internal_count=24343 8449 15894 14361 4026 2247 2202 1436 4423 5599 5538 8762 338 8424 8206 7995 759 3519 3468 3223 1871 1533 1435 1121 211 571 1326 1012 371 247 2896
is_linear=0
shrinkage=0.0160995


Tree=56
num_leaves=32
num_cat=0
split_feature=36 51 12 55 54 69 50 44 69 45 4 10 44 10 50 45 30 4 51 10 65 10 62 28 44 59 10 69 45 10 69
split_gain=126.139 41.9519 33.3604 40.0287 25.699 15.0769 14.2069 16.9757 12.2843 11.8544 11.6612 10.0496 9.96223 24.7824 12.6405 10.1414 9.95156 10.3619 8.92154 10.6224 8.64458 7.02136 11.5094 7.46484 7.12353 6.99647 6.79597 7.17771 6.55999 6.53359 6.24313
threshold=77.550000000000011 1.3068976338379223 2.5000000000000004 4.8500000000000005 168.15000000000001 30.535787481410178 29.489375000000003 36.948649766520255 27.15255504740885 2.7554608594726031 1006.0500000000001 -0.72660079619119988 27.581033367149875 -0.43664718845046341 27.291041666666668 1.1125827360532479 24.745000000000001 1007.2500000000001 1.8136658621800261 0.76665171983724034 2.6950000000000007 -0.3896268414500369 1009.85 26.695000000000004 32.137828276021786 0.42850000000000005 0.75548631800528565 35.607027748386407 0.46071136222008596 -0.19244979981841004 28.205354212988816
decision_type=2 2 2 2 2 2 2 2 2 2 2 2 2 2 2 2 2 2 2 2 2 2 2 2 2 2 2 2 2 2 2
left_child=1 4 18 9 16 -5 -7 -8 -3 12 26 -12 13 -4 -14 20 -1 -18 19 25 -16 22 -17 -23 -25 -2 -6 -28 -22 -11 -13
right_child=2 8 3 5 10 6 7 -9 -10 29 11 30 14 -15 15 21 17 -19 -20 -21 28 23 -24 24 -26 -27 27 -29 -30 -31 -32
leaf_value=0.013754020564174964 -0.029037837323872405 -0.0068998604596318611 -0.013983837399025882 -0.031981263480438983 0.0063000791881518145 0.0095531755939771892 -0.014588521602169439 0.0078357841045391084 -0.075892630628817986 -0.0091187754036259998 0.0094942549765569036 0.010860844537967601 0.048428086805635616 0.016290689359609509 0.042531861645721494 0.04514524575884258 0.035048376306220111 -0.0077233189409180681 -0.03611216761423363 -0.025177140179949022 0.0017501398923302318 0.0052464691057582842 -0.0037497865685212958 -0.025793302034715769 -0.00026578081425387241 0.0013456298355579144 0.0092176370731472407 -0.048316090832284678 0.023197527248739389 0.0096841463467497359 -0.050041878949815995
leaf_weight=133.12260016798973 349.64667817950249 240.66476508975029 250.37953901290894 204.16281545162201 287.95545279979706 1588.1367415189743 280.09245109558105 214.98587989807129 1076.8483002483845 154.993299305439 146.63276839256287 52.951981365680695 485.0544239282608 444.70824524760246 367.36868444085121 403.17060554027557 251.08800330758095 761.97764593362808 152.45688724517822 163.09217596054077 315.26272416114807 92.848292529582977 119.73490172624588 101.81444624066353 227.67445462942123 447.68122178316116 81.889478623867035 132.09143686294556 1363.7973382771015 135.61480528116226 1187.9603536128998
leaf_count=95 654 145 86 234 823 5326 295 207 1678 102 522 56 527 233 664 1198 647 1641 101 111 607 53 215 90 488 705 168 96 4115 129 2332
internal_value=-1.01951e-05 -0.00221432 0.00120038 0.00163154 -0.00113551 -6.63836e-05 0.000309768 -0.0020072 -0.00462995 0.00251919 -0.00229801 -0.00305926 0.00274104 0.000814242 0.00310207 0.00265402 0.000712352 8.10278e-05 -0.00133998 -0.000660231 0.0033132 0.00113566 0.00239475 -0.000241944 -0.00155257 1.31171e-05 -2.86835e-05 -0.00232936 0.00271997 -0.000388159 -0.00353971
internal_weight=12215.9 4353.18 7862.68 6749.8 3035.67 2287.38 2083.22 495.078 1317.51 4462.42 1889.48 1387.55 4171.81 695.088 3476.73 2991.67 1146.19 1013.07 1112.88 960.42 2046.43 945.243 522.906 422.337 329.489 797.328 501.936 213.981 1679.06 290.608 1240.91
internal_count=24343 8203 16140 14569 6380 6062 5828 502 1823 8507 3997 2910 8276 319 7957 7430 2383 2288 1571 1470 5386 2044 1413 631 578 1359 1087 264 4722 231 2388
is_linear=0
shrinkage=0.0160995


Tree=57
num_leaves=32
num_cat=0
split_feature=37 31 54 69 8 43 69 63 45 69 70 30 45 28 37 63 66 61 63 40 30 32 19 61 45 57 69 70 61 60 34
split_gain=129.616 32.8984 30.2356 27.8751 32.7522 18.697 16.075 11.1582 10.6109 12.3368 10.4698 7.85082 13.0737 7.15007 6.80949 6.7803 6.60339 9.29946 6.47953 6.03823 5.9767 5.83386 5.57175 5.51108 5.41871 4.93052 4.8955 4.8771 4.75501 4.52714 4.42227
threshold=76.750000000000014 79.450000000000017 37.95000000000001 30.237418039112647 0.60355339059327384 1.0321642715818291 26.869750944255699 1010.1500000000002 2.9398720701398982 25.26819755464934 0.015404727668411057 29.445000000000004 0.61221067132292994 29.265000000000004 79.850000000000009 1008.35 4.8450000000000006 0.96650000000000003 1010.0500000000001 36.946428130356857 24.365000000000006 80.050000000000011 27.926984037124431 0.052500000000000005 0.46763543337500341 0.81666666666675203 25.26819755464934 2.965175286600831 0.98750000000000016 0.064500000000000016 77.850000000000009
decision_type=2 2 2 2 2 2 2 2 2 2 2 2 2 2 2 2 2 2 2 2 2 2 2 2 2 2 2 2 2 2 2
left_child=1 5 3 4 21 6 -1 13 9 10 -6 14 -13 27 24 -8 17 29 -16 -14 -18 22 -2 -9 -5 -17 -3 30 -28 -11 -4
right_child=2 26 7 11 8 -7 15 23 -10 16 -12 12 19 -15 18 25 20 -19 -20 -21 -22 -23 -24 -25 -26 -27 28 -29 -30 -31 -32
leaf_value=0.0076984099585444988 0.0012976638968734578 0.02461455703260439 0.027586935996108362 -0.0077562525885912816 0.0013947971136670512 -0.091336211300204986 -0.0087036682045958484 0.0070934215127122597 -0.0058332926786105596 0.0071739900536679788 0.049420545843266231 0.015766396480590798 0.0080672304568700122 -0.0087918403737170733 0.030199787699307579 -0.016742246299580252 -0.0018029743663497359 0.059014811280009169 0.0046306629775829701 -0.010709583392711169 0.0069593510976837542 -0.0057027414253024702 -0.046776530198408911 -0.025718658917135425 0.010719834480949368 -0.055271704101168884 -0.0066873459312898993 -0.043731001542468631 0.024513455150852195 -0.0077268811041311478 0.0065745687305193241
leaf_weight=108.98971065878868 89.52566334605217 47.920030474662781 199.39461815357208 53.594349414110184 246.05006262660027 647.90535515546799 848.39261099696159 72.817635595798492 162.1760938167572 88.224446684122086 306.89277240633965 171.75246036052704 154.41807842254639 752.38052418828011 2221.0906774997711 189.69079676270485 208.4711180627346 98.489986687898636 163.6871275305748 162.02918189764023 343.07015347480774 186.78816744685173 416.76835554838181 405.81518936157227 358.89725205302238 1146.4714760780334 587.32855826616287 89.536661565303802 227.16137981414795 416.00923135876656 1044.1196721494198
leaf_count=114 69 24 371 98 91 1200 1567 67 76 103 157 207 282 1531 6452 291 87 196 401 167 234 274 588 617 1107 2032 1306 138 697 426 3373
internal_value=-1.34724e-05 -0.00248475 0.00109507 0.00173619 0.000439065 -0.00329645 -0.00254421 -0.000336323 0.00157344 0.00197267 0.00398986 0.002722 0.000617572 0.000137556 0.00305948 -0.00286575 0.000928205 -0.000114945 0.00340382 -0.00112946 0.00220608 -0.00249827 -0.00339042 -0.00255339 0.000864498 -0.00363109 0.00019336 0.000878561 -1.346e-05 -0.0011313 0.00118589
internal_weight=12215.9 3803.86 8412 5847.94 2562.47 2941.45 2293.54 2564.06 1869.38 1707.21 552.943 3285.47 488.2 2085.43 2797.27 2184.55 1154.26 602.724 2384.78 316.447 551.541 693.082 506.294 478.633 412.492 1336.16 862.41 1333.05 814.49 504.234 1243.51
internal_count=24343 7231 17112 11015 2301 5204 4004 6097 1370 1294 248 8714 656 5413 8058 3890 1046 725 6853 449 321 931 657 684 1205 2323 2027 3882 2003 529 3744
is_linear=0
shrinkage=0.0160995


Tree=58
num_leaves=32
num_cat=0
split_feature=35 6 10 45 30 45 27 10 37 10 29 45 31 4 10 29 10 10 50 27 29 26 35 32 50 21 10 10 4 57 10
split_gain=132.176 47.9145 29.6565 20.3654 25.1314 19.6037 17.9306 15.9333 11.4179 13.7018 15.116 18.1295 13.1394 9.36603 9.27669 8.65289 13.5094 8.54477 10.089 7.60285 7.44234 7.44098 7.25452 7.58109 6.77801 6.05913 13.9742 8.09689 5.81132 5.71808 5.42145
threshold=74.050000000000011 1.0000000180025095e-35 -0.52707282776374165 1.6756799406071894 25.225000000000005 2.9398720701398982 26.105000000000004 -0.3896268414500369 79.450000000000017 -0.47494667389482609 24.745000000000001 1.0569966041880019 77.250000000000014 1006.1500000000002 -0.49750868180287638 24.585000000000004 0.6254047815183511 0.61866567420209762 27.85645833333334 29.025000000000002 29.305000000000003 27.395000000000003 87.350000000000009 72.65000000000002 25.099791666666672 35.81486938730928 0.73831951690629072 0.41327478071396911 1011.2500000000001 760.50000000000034 -0.21772121422198129
decision_type=2 2 2 2 2 2 2 2 2 2 2 2 2 2 2 2 2 2 2 2 2 2 2 2 2 2 2 2 2 2 2
left_child=3 2 28 4 -1 8 -3 -8 12 -10 -11 -12 24 29 -6 -14 -17 22 -19 -5 -15 -16 23 -13 -4 27 -27 -23 -2 -9 -25
right_child=1 6 5 19 14 -7 7 13 9 10 11 17 15 20 21 16 -18 18 -20 -21 -22 25 -24 30 -26 26 -28 -29 -30 -31 -32
leaf_value=0.0065800070229672875 0.045025789699242272 -0.037440371618332656 0.00070326380879307785 -0.084685963189830266 0.018159584359211892 -0.020460906583588921 0.013717371104758298 0.0048277938949008673 -0.010462259235864737 0.020736909967238776 0.019147871997597009 -0.020170586158019935 -0.0053241258064611399 -0.010497528411710949 -0.079141332288283697 0.022040589865856601 -0.00091414029835645925 0.0097851089718638071 -0.021777575673285601 0.0050502816251156114 -0.020209690381162791 -0.055562936978886632 -0.026496365262805747 0.0017493471280996002 -0.04081921045111709 -0.0041547901768376645 -0.038604560925071911 0.0069986571216903368 -0.0023472093169390747 -0.033799080602554356 0.03020550885026296
leaf_weight=181.19583395123482 1312.228976726532 299.47921544313431 69.222667098045349 918.42477178573608 142.83585858345032 260.39566111564636 1152.5382784605026 649.61934047937393 226.45033574104309 553.75653523206711 1329.5258781909943 81.955990195274353 188.97434356808662 849.4141021668911 366.96556404232979 382.45955166220665 363.89699870347977 109.96997752785683 180.2522905766964 67.195176601409912 499.43060031533241 275.61570417881012 84.303494244813919 209.88969823718071 276.01012575626373 184.07397735118866 272.28076410293579 293.02101323008537 70.601526379585266 76.756622314453125 287.11852389574051
leaf_count=132 3976 420 70 1504 515 221 3986 1463 216 246 2910 95 90 1654 618 733 613 225 296 99 830 748 93 339 413 192 230 757 130 117 412
internal_value=-7.9672e-06 0.000877996 0.00175798 -0.00315481 -0.00200995 0.00111081 -0.000593241 -0.000215348 0.00138147 0.00191566 0.00223256 0.00159537 3.95569e-05 -0.00107879 -0.00270979 0.00109121 0.00192233 -1.73207e-05 -0.00238392 -0.00505317 -0.00188017 -0.00312376 0.000905074 0.00164343 -0.00256268 -0.00226354 -0.00370907 -0.000948161 0.0038469 0.000301476 0.00247447
internal_weight=12215.9 9514.25 5987.01 2701.61 1715.99 4604.18 3527.24 3227.76 4343.79 3063.22 2836.77 2283.02 1280.56 2075.22 1534.79 935.331 746.357 953.49 290.222 985.62 1348.84 1391.96 663.268 578.964 345.233 1024.99 456.355 568.637 1382.83 726.376 497.008
internal_count=24343 19548 11078 4795 3192 6972 8470 8050 6751 4832 4616 4370 1919 4064 3060 1436 1346 1460 521 1603 2484 2545 939 846 483 1927 422 1505 4106 1580 751
is_linear=0
shrinkage=0.0160995


Tree=59
num_leaves=32
num_cat=0
split_feature=35 54 12 45 30 56 64 10 11 10 64 45 10 45 11 10 29 63 33 10 64 11 66 10 4 11 2 4 4 20 12
split_gain=130.993 43.3316 37.5005 19.6922 24.9795 14.6047 14.346 16.0337 13.835 25.1062 12.2609 10.0678 9.29027 13.4052 8.38572 11.8927 13.6118 8.24887 8.16714 8.07797 8.75873 14.8808 7.98433 14.8812 7.87972 7.49264 10.966 6.04378 6.00193 5.8467 6.01476
threshold=74.050000000000011 37.95000000000001 2.5000000000000004 1.6756799406071894 25.225000000000005 361.05000000000007 1009.6500000000002 -0.3896268414500369 0.88999460902669758 0.7025209685794126 1006.2500000000001 1.4222736328597134 0.88203985695844977 0.61221067132292994 0.99548449742306455 -0.52707282776374165 23.835000000000004 1007.6500000000002 70.950000000000017 -0.4673548892883575 1010.1500000000002 0.91925191855388755 3.4850000000000008 0.54883787585413535 1011.0500000000001 0.87377473702374975 3.0500000000000003 1003.9500000000002 1011.4500000000002 27.506593327520463 11.500000000000002
decision_type=2 2 2 2 2 2 2 2 2 2 2 2 2 2 2 2 2 2 2 2 2 2 2 2 2 2 2 2 2 2 2
left_child=3 2 18 4 -1 11 7 -3 9 -6 -7 22 13 -11 15 24 -17 -9 -2 -18 21 -21 -4 -24 -13 26 -5 -25 -22 -8 -31
right_child=1 6 5 25 8 10 29 17 -10 12 -12 14 -14 -15 -16 16 19 -19 -20 20 28 -23 23 27 -26 -27 -28 -29 -30 30 -32
leaf_value=0.0064740723866339358 -0.033943003089042363 0.017701938032054367 0.03018146683856171 0.026867841711838543 0.011973605648256462 0.016031930470799836 -0.030498474128141058 -0.0013604124973916102 -0.085054150067855036 -0.0069244863498705029 -0.011347446777785278 0.055926869910498674 -0.0066126328542281988 -0.050090438503661433 0.049603337843943066 0.017210427112174357 -0.02667641662648141 -0.032192203459224807 -0.0011211534768247819 0.033825956117815074 0.0056821724533154356 -0.025058295655847558 0.032085532368569113 0.072757188791499505 -0.0023094204871520639 -0.082973523675567484 -0.11795258350085358 -0.0006742392257362206 -0.00047040681175807811 -0.043202559756739221 0.010801802347043707
leaf_weight=181.19580414891243 288.62037566304207 883.7509537935257 781.7782438993454 77.349701672792435 412.4168449640274 440.31932878494263 180.88492891192436 1150.7196483016014 484.27421903610229 145.63301429152489 380.91924667358398 317.8568097949028 202.29601180553436 290.17278853058815 185.48636817932129 331.54513710737228 179.58384966850281 556.01618415117264 782.17899551987648 105.73902547359467 222.67174145579338 252.90584969520569 1157.7319658696651 69.757169872522354 52.58268815279007 737.89413118362427 170.37610217928886 506.58489167690277 195.4063706099987 358.28736332058907 132.92364346981049
leaf_count=132 401 3047 1665 183 1250 1020 192 2421 949 66 999 703 513 282 132 130 110 963 1104 289 113 143 3746 101 63 971 449 1047 115 943 101
internal_value=0 0.000893813 0.00168176 -0.00312099 -0.00199356 0.00225326 -0.0005917 -1.55271e-05 -0.00269147 -0.00153279 0.000176042 0.00262576 -0.00356323 -0.00489832 0.00162902 0.0011956 0.000390465 -0.000956858 -0.00100715 -0.000514696 0.000102977 -0.00162182 0.00332122 0.00259779 0.00375119 -0.00498915 -0.00199677 0.000324679 0.0017737 -0.00268256 -0.00151442
internal_weight=12215.9 9514.25 6251.67 2701.61 1715.99 5180.87 3262.58 2590.49 1534.79 1050.52 821.239 4359.63 638.102 435.806 1843.78 1658.29 1287.85 1706.74 1070.8 956.307 776.723 358.645 2515.85 1734.07 370.439 985.62 247.726 576.342 418.078 672.096 491.211
internal_count=24343 19548 11881 4795 3192 10376 7667 6431 3060 2111 2019 8357 861 348 1798 1666 900 3384 1505 770 660 432 6559 4894 766 1603 632 1148 228 1236 1044
is_linear=0
shrinkage=0.0160995


Tree=60
num_leaves=32
num_cat=0
split_feature=35 37 12 51 30 31 54 27 45 54 54 27 51 21 45 30 35 45 0 39 37 64 51 64 31 12 22 50 31 51 0
split_gain=129.066 43.9905 25.1964 21.7841 21.7184 21.136 15.1731 12.8413 11.8095 11.079 10.8994 9.962 9.01251 9.99425 8.6707 8.44605 10.5364 9.87446 8.72111 8.47 8.16093 6.10629 9.95325 5.83765 5.35593 5.13852 4.85314 7.89884 4.83628 4.34555 4.33407
threshold=73.950000000000017 80.15000000000002 2.5000000000000004 1.286413603901696 25.085000000000004 75.050000000000011 119.72500000000001 25.935000000000006 2.7186290031196632 3.0500000000000003 65.100000000000009 29.485000000000003 1.8136658621800261 27.506593327520463 1.6594990275045498 29.485000000000003 86.550000000000011 0.67048009051363189 9.3450000000000006 -0.50499999999999889 85.65000000000002 1010.2500000000001 1.1205626498592018 1009.5500000000001 81.450000000000017 1.5000000000000002 24.219079353969956 25.977708333333339 79.350000000000009 0.3613977491516282 7.5250000000000012
decision_type=2 2 2 2 2 2 2 2 2 2 2 2 2 2 2 2 2 2 2 2 2 2 2 2 2 2 2 2 2 2 2
left_child=3 5 12 4 -1 11 7 -4 9 21 23 -2 13 -3 -5 16 18 -17 26 -18 28 22 24 -6 -7 -11 -9 -28 -15 -29 -8
right_child=1 2 6 14 10 8 30 15 -10 25 -12 -13 -14 20 -16 17 19 -19 -20 -21 -22 -23 -24 -25 -26 -27 27 29 -30 -31 -32
leaf_value=0.0043384834609614892 -0.046060416222762829 0.0014961609958656524 -0.010713081114649813 -0.0056582570283228118 0.0071980551483533765 0.0001691635818909183 0.0062109600664577531 0.035800699619389982 -0.024412233410989123 -0.020613870456057837 -0.03798566726247822 0.00020217447637956097 -0.035089408103141942 -0.052214616672128351 -0.082128002971174716 0.023897256420931271 -0.0025568688951662761 -0.0094136332397485208 -3.2466147172750736e-05 0.033512280917554219 0.028827338048606918 0.020037154737540343 -0.01692295785387312 -0.037095698400456942 0.034104025376895643 -0.0017703312302993028 -0.0033811027223464001 0.01542290949206333 -0.015425590049001041 0.031229201655921066 -0.013018462450499764
leaf_weight=125.7104657292366 625.46464529633522 176.625289529562 155.34433335065842 108.06372928619385 214.54091253876686 400.82502454519272 832.17139998078346 204.96896770596504 224.89853286743164 81.599153637886047 1206.2806875109673 167.83432406187057 85.132560729980469 127.47872757911682 820.85048770904541 99.656025230884552 330.41401723027229 146.61661124229431 128.09798943996429 303.30396610498428 106.71061789989471 339.66067010164261 156.87449818849564 179.92672049999237 374.01825207471848 1579.0786325931549 132.11740261316299 586.72819063067436 265.90794575214386 1772.7418785691261 156.21673762798309
leaf_count=102 1252 164 145 142 516 804 2269 76 212 112 2361 180 67 178 1265 127 322 209 71 898 168 395 183 324 1102 3799 74 1800 405 4350 271
internal_value=-1.6648e-05 0.000849051 0.00176788 -0.00316072 -0.00200769 -0.000436032 0.00220023 0.00265902 0.000131058 0.000429521 -0.00254692 -0.00278411 -0.000876486 -0.00012156 -0.00520253 0.00285735 0.00306229 0 0.00349591 0.000995444 -0.0013957 0.00157173 0.000778698 -1.24069e-05 0.00159454 -0.000398255 0.00369301 0.00341685 -0.00256069 0.00363237 0.000324779
internal_weight=12215.9 9560.49 5610.23 2655.37 1726.46 3950.25 4848.38 3859.99 3156.95 2932.06 1600.75 793.299 761.855 676.723 928.914 3704.65 3458.37 246.273 2824.65 633.718 500.097 1271.38 931.718 394.468 774.843 1660.68 2696.56 2491.59 393.387 2359.47 988.388
internal_count=24343 19633 11594 4710 3303 8039 10612 8072 6607 6395 3201 1432 982 915 1407 7927 7591 336 6371 1220 751 2484 2089 840 1906 3911 6300 6224 583 6150 2540
is_linear=0
shrinkage=0.0160995


Tree=61
num_leaves=32
num_cat=0
split_feature=31 6 51 6 51 4 26 11 50 11 23 45 11 50 70 70 68 11 46 43 11 31 68 23 26 31 32 11 46 55 51
split_gain=117.967 43.1312 37.2295 25.4664 24.6507 17.3981 15.9247 11.0472 11.254 10.1923 21.2293 9.04028 9.6649 13.6387 12.3558 19.8208 13.4167 17.4231 9.22366 8.48267 7.96192 7.92773 7.86976 7.44168 7.32072 6.94669 9.1492 6.86551 6.49528 5.95854 5.24913
threshold=75.250000000000014 0.37940952255126054 1.1586132624311269 0.60355339059327384 1.8136658621800261 1005.5500000000001 29.775000000000002 0.84750952922804634 29.512291666666673 0.88999460902669758 25.195819224368332 0.42292187151553623 0.45207220393230413 27.268333333333334 0.5492627794462398 -0.25739814981606907 0.025000000000000005 0.84750952922804634 24.786666666666672 0.99560998317235561 0.88999460902669758 76.550000000000011 3.8050000000000002 36.590971815957658 30.185000000000006 77.250000000000014 85.050000000000011 -0.7721279831368929 25.725000000000005 9.8500000000000032 0.46066980220872483
decision_type=2 2 2 2 2 2 2 2 2 2 2 2 2 2 2 2 2 2 2 2 2 2 2 2 2 2 2 2 2 2 2
left_child=2 4 3 9 5 23 11 8 -3 24 -11 -7 -13 14 15 16 -14 -18 -17 -4 22 -10 -5 -2 30 -15 -27 -8 -16 -9 -1
right_child=1 7 19 20 -6 6 27 29 21 10 -12 12 13 25 28 18 17 -19 -20 -21 -22 -23 -24 -25 -26 26 -28 -29 -30 -31 -32
leaf_value=-0.00019456762901690709 0.033693284593555688 0.001758751555572164 -0.0435579498742086 -0.0078265907554020582 -0.015565645351321921 -0.0085851758935339348 0.022289950689658798 -0.0067017318756484711 0.0020504590322660207 0.01344231109507921 -0.059921780798233612 0.024326991471310223 0.029711704416740422 -0.021969618452976736 0.052082917713314449 0.012267449663795931 0.049402319386664076 -0.001854358474385626 -0.028542579756952239 -0.096446012151095134 -0.11126257118312383 -0.021757900258274423 -0.049179022650069439 -0.003847092353381393 -0.00045746985243071592 0.011742912012087971 -0.0034455643322731369 -0.0047543166721500897 0.0023178726381818354 -0.040144343120185132 0.033073948452532288
leaf_weight=66.349699050188065 774.45204266905785 1491.4048757255077 877.12998008728027 480.97349134087563 312.49806904792786 193.11435368657112 107.44649076461792 133.82509568333626 113.28358963131905 64.493785321712494 276.04255396127701 1770.2774898409843 432.29087337851524 136.49948370456696 194.58193355798721 177.12001770734787 177.25561329722404 347.55544567108154 237.29473385214806 551.03237152099609 217.26028871536255 282.04191061854362 283.78112015128136 85.920320868492126 156.96798467636108 710.01773053407669 374.48609113693237 489.44468876719475 134.48791259527206 229.16349196434021 337.36586833000183
leaf_count=166 2271 4766 1249 1136 172 388 258 104 95 15 544 5546 299 215 87 54 303 213 181 930 433 314 414 199 203 1447 476 634 186 348 697
internal_value=-2.35794e-05 0.000934638 -0.00262271 -0.00107682 0.00159051 0.00181597 0.00145696 -0.000969394 -0.000423186 0.000807686 -0.00123548 0.00176605 0.00191427 0.00129228 0.00222287 0.00146032 0.00275919 0.000830802 -0.00134584 -0.00459778 -0.00288431 -0.00283856 -0.00193327 0.00399583 0.00219052 0 0.00042789 -0.000934914 0.00511227 -0.00355933 0.00335691
internal_weight=12215.9 8904.46 3311.4 1883.23 6654.74 6342.25 5481.87 2249.72 1886.73 901.22 340.536 4884.98 4691.87 2921.59 1700.59 1371.52 957.102 524.811 414.415 1428.16 982.015 395.326 764.755 860.372 560.684 1221 1084.5 596.891 329.07 362.989 403.716
internal_count=24343 18556 5787 3608 12929 12757 10287 5627 5175 1625 559 9395 9007 3461 1323 1050 815 516 235 2179 1983 409 1550 2470 1066 2138 1923 892 273 452 863
is_linear=0
shrinkage=0.0160995


Tree=62
num_leaves=32
num_cat=0
split_feature=37 31 12 27 30 26 31 54 32 50 29 29 9 8 63 55 37 37 48 0 30 50 59 50 30 32 32 27 50 62 65
split_gain=119.999 51.2242 34.1065 25.0943 19.5923 14.2201 13.1101 12.8547 9.81702 9.3117 7.9355 7.66109 7.61078 7.48315 7.27282 6.80077 6.31865 6.27105 7.65474 6.02232 6.87965 10.3074 5.86822 5.62453 5.07073 5.04638 5.47624 4.80668 4.70861 7.6103 5.19598
threshold=78.950000000000017 75.15000000000002 2.5000000000000004 25.935000000000006 29.485000000000003 27.145000000000003 81.950000000000017 119.72500000000001 74.450000000000017 29.471875000000004 24.365000000000006 24.130000000000006 -0.12940952255126037 0.37940952255126054 1007.5500000000001 12.950000000000001 79.450000000000017 84.350000000000009 25.434166666666673 9.4550000000000018 24.130000000000006 25.733125000000005 0.26350000000000007 29.987708333333337 25.625000000000004 88.350000000000009 72.250000000000014 30.495000000000001 27.106875000000006 1008.7500000000001 2.8150000000000004
decision_type=2 2 2 2 2 2 2 2 2 2 2 2 2 2 2 2 2 2 2 2 2 2 2 2 2 2 2 2 2 2 2
left_child=1 5 17 11 7 -1 12 16 -6 -10 -8 -4 14 27 22 -12 -5 18 -2 20 -18 -22 -3 -11 -19 26 -23 -7 -28 30 -30
right_child=2 6 3 4 8 13 10 -9 9 23 15 -13 -14 -15 -16 -17 19 24 -20 -21 21 25 -24 -25 -26 -27 28 -29 29 -31 -32
leaf_value=-0.078990634825340758 7.9561795599992428e-05 0.0070428509178334263 0.0019384366264270537 -0.0060966312120416463 0.0089161474762813903 -0.050701133291852933 -0.018812565595321004 0.0051222497872514894 0.011590715029793577 -0.013307872075695079 0.026673865698800061 -0.032124969047483957 0.0005243665191095447 0.0039401420930561025 -0.020587885789509545 -0.0018228603778621224 0.026916412821647216 -0.026378202521161031 -0.038184432443141174 -0.00079001679856605383 -0.01051184949839906 -0.00020944884334715905 -0.0080419725243705362 -0.0054857582103259063 0.013872275974983497 0.0034492075373031453 0.062833026924656254 0.00026618531191658956 0.03918309840606142 0.0051439169564293039 0.022146613510080845
leaf_weight=981.97204980254173 157.07728153467178 103.72613388299942 99.216960936784744 127.94542881846428 114.43469807505608 1144.2995859384537 133.12762993574142 1164.1558398008347 124.27821713685989 220.19978067278862 457.50473350286484 190.07875281572342 768.72774028778076 185.32471466064453 750.70860651135445 253.48580062389374 316.76542848348618 103.65444511175156 479.51182407140732 109.41484183073044 181.37009537220001 138.14113554358482 482.99713769555092 111.59165382385254 233.14319175481796 165.084427267313 276.39964538812637 56.65027129650116 373.23612982034683 444.06243953108788 1767.5727759301662
leaf_count=1459 101 127 36 300 125 2288 45 3216 273 228 1009 235 1337 313 1491 885 136 121 784 77 77 271 1131 182 347 358 303 37 790 1021 5240
internal_value=-5.70917e-05 -0.00187982 0.00133705 0.00180188 0.00204779 -0.00364624 -0.000432184 0.00236999 -0.000669755 -0.00184313 0.00121476 -0.00268217 -0.00113112 -0.00247268 -0.00186624 0.00195042 0.0028216 -0.00140629 -0.00235476 0.00294351 0.00305746 0.00278784 -0.000358961 -0.00332272 0.000156766 0.00300674 0.00315802 -0.0029431 0.003309 0.00301771 0.00343005
internal_weight=12215.9 5318.52 6897.33 5923.95 5634.65 2368.25 2950.28 5064.15 570.504 456.07 844.118 289.296 2106.16 1386.27 1337.43 710.991 3899.99 973.387 636.589 3772.05 3662.63 3345.87 586.723 331.791 336.798 3164.5 2999.41 1200.95 2861.27 2584.87 2140.81
internal_count=24343 10122 14221 12868 12597 4097 6025 11789 808 683 1939 271 4086 2638 2749 1894 8573 1353 885 8273 8196 8060 1258 410 468 7983 7625 2325 7354 7051 6030
is_linear=0
shrinkage=0.0160995


Tree=63
num_leaves=32
num_cat=0
split_feature=35 37 52 69 11 10 10 9 51 10 50 69 6 20 11 68 69 58 10 34 20 45 69 11 60 62 70 10 11 64 11
split_gain=114.478 40.3978 23.4886 22.0043 30.518 23.9988 20.4589 16.5991 18.0334 13.8228 18.8605 15.5375 11.3837 11.2766 12.0007 10.707 9.12196 8.35328 7.74699 9.68595 7.58731 6.83046 6.7677 6.42109 6.31678 5.88826 5.78566 5.79821 14.6697 5.64774 5.5503
threshold=74.050000000000011 80.15000000000002 2153.3145000000004 26.869750944255699 0.87377473702374975 0.73248728852523659 -0.52707282776374165 -0.37940952255126015 1.8136658621800261 -0.47494667389482609 26.938958333333336 31.02734315938644 -0.25881904510252113 35.659831510915573 0.46735921715800216 0.81500000000000006 26.739351451692034 1567.9620000000002 -0.2760944163666606 78.050000000000011 35.852412904597351 0.46763543337500341 36.263343501205597 0.998148560797531 0.20950000000000002 1008.7500000000001 3.0221385334821567 0.75548631800528565 -0.47495107206705001 1007.4500000000002 0.68389408864483059
decision_type=2 2 2 2 2 2 2 2 2 2 2 2 2 2 2 2 2 2 2 2 2 2 2 2 2 2 2 2 2 2 2
left_child=3 2 18 -1 5 17 20 24 9 15 16 -12 21 14 -7 -9 -11 -5 19 -2 -3 -4 -13 29 -8 -26 27 -14 -29 -20 -22
right_child=1 6 12 4 -6 13 7 8 -10 10 11 22 26 -15 -16 -17 -18 -19 23 -21 30 -23 -24 -25 25 -27 -28 28 -30 -31 -32
leaf_value=0.0039174012895845213 0.023181619423048496 0.036519498971290212 -0.0020041638702624283 0.020280408924450277 -0.076229718411729541 0.00097845519699708361 0.0032468971439111489 -0.039216717959481139 -0.019353782853608278 0.032178276549286504 -0.0026358355267711497 0.0190276811302315 0.0044151272021725882 -0.044353184668182041 -0.09649291447600418 0.003817487874706752 0.00096991305761145378 -0.0053974404016980801 -0.0017648108344890054 -0.036442755942006501 0.035663331806612041 0.012919453477502982 -0.0016692121548162048 -0.00051163965934518537 -0.0025484997201450691 -0.025973501471960151 -0.014858320416090339 -0.01838318636996375 0.0086342713303893103 -0.032034624800401701 -0.012000969375917436
leaf_weight=177.83871844410896 144.1462527513504 1619.9274691343307 95.001477628946304 167.47623163461685 1223.2142128944397 262.14583379030228 95.411925822496414 97.679024755954742 199.0826413333416 469.8642652630806 690.84349477291107 1311.4890847802162 1087.9724604487419 223.90198820829391 169.06464099884033 140.27029448747635 178.63250803947449 477.96700352430344 119.24565371870995 137.71337825059891 64.975206613540649 768.09700259566307 173.82971239089966 129.33572101593018 252.07458627223969 248.61153134703636 218.79780685901642 194.9875111579895 223.83572691679001 790.62931960821152 61.796712398529053
leaf_count=119 214 5117 153 388 1935 561 91 45 108 243 845 3308 3267 170 352 197 225 1270 176 318 234 1719 197 96 711 226 370 129 567 966 26
internal_value=-1.65927e-05 0.000807451 -0.00043215 -0.00294557 -0.00334461 -0.0015329 0.00168623 0.000999485 0.00146305 0.00178573 0.00211302 0.00133821 0.000433851 -0.00371277 -0.00189734 -0.00174246 0.00456944 0.000564172 -0.00218629 0 0.00315228 0.00195191 0.00227572 -0.00282804 -0.0013973 -0.00219947 -0.000281508 2.39189e-05 -0.00152088 -0.00330948 -6.64743e-05
internal_weight=12215.9 9514.25 3909.76 2701.61 2523.77 1300.56 5604.49 3857.79 3261.69 3062.61 2824.66 2176.16 2588.69 655.112 431.21 237.949 648.497 645.443 1321.07 281.86 1746.7 863.098 1485.32 1039.21 596.098 500.686 1725.59 1506.8 418.823 909.875 126.772
internal_count=24343 19548 7975 4795 4676 2741 11573 6196 5168 5060 4818 4350 6205 1083 913 242 468 1658 1770 532 5377 1872 3505 1238 1028 937 4333 3963 696 1142 260
is_linear=0
shrinkage=0.0160995


Tree=64
num_leaves=32
num_cat=0
split_feature=37 31 12 27 64 54 69 30 47 42 6 69 12 60 31 40 37 34 64 30 30 4 44 4 64 46 3 27 55 60 46
split_gain=109.984 47.6758 34.4588 25.7436 18.7842 17.9821 15.0588 10.8616 10.6421 10.6269 9.54185 8.56431 8.53151 8.1453 6.39398 7.29727 7.22355 6.12839 5.7759 5.25959 9.20993 5.4278 5.55213 4.91239 6.99866 4.71002 4.60507 4.36114 8.59355 4.33685 4.63626
threshold=79.250000000000014 75.250000000000014 2.5000000000000004 25.935000000000006 1008.35 119.72500000000001 24.93981631901416 29.445000000000004 0.47056703383616022 37.28940403070569 -1.0000000180025095e-35 27.274276638594149 5.5000000000000009 0.80950000000000022 80.750000000000014 31.424182133208483 82.15000000000002 70.65000000000002 1011.0500000000001 24.130000000000006 24.745000000000001 1005.35 34.845100777319225 1014.1500000000002 1007.2500000000001 29.42166666666667 0.49050000000000005 29.465000000000003 331.65000000000003 0.38950000000000007 30.115000000000002
decision_type=2 2 2 2 2 2 2 2 2 2 2 2 2 2 2 2 2 2 2 2 2 2 2 2 2 2 2 2 2 2 2
left_child=1 4 14 26 27 7 -3 19 10 -9 13 -6 29 18 16 -16 -2 -18 -8 -5 -21 -22 -23 24 -14 -15 -4 -1 -29 30 -12
right_child=2 6 3 5 11 -7 8 9 -10 -11 12 -13 23 25 15 -17 17 -19 -20 20 21 22 -24 -25 -26 -27 -28 28 -30 -31 -32
leaf_value=-0.030122932547477301 -0.02564969182594207 0.031130558875669633 -0.0016092303284933652 0.022918402600389878 -0.011289317108095822 0.0024828393941901472 -0.0061833936429172287 0.012385435913785303 -0.02158912433080051 -0.010476298300414603 -0.021317654026377177 -0.076317676521350603 0.013572874634385921 0.018291589314855097 0.0033899045478518988 -0.047316372396275903 0.0015823735755387167 -0.027251864316713687 0.01281689820319719 -0.0055709711478366831 0.030996124648995833 0.023330673883314858 0.0050500218201991664 0.0046211378943967008 -0.023189841674127958 -0.0023043186423028729 -0.021518308809734172 0.004097107531748888 -0.029448248731878953 -0.013154080260332116 0.0012801832231772036
leaf_weight=386.28234347701073 203.3217505812645 125.32534861564636 108.18567958474159 335.68589600920677 151.27811145782471 1258.4069210290909 359.0088908970356 212.07182827591896 206.78576469421387 154.24863862991333 200.20464417338371 1627.2589452266693 358.12048345804214 450.36465069651604 334.1891134083271 110.2066944539547 152.8179934322834 145.20982602238655 69.084602028131485 166.30304908752441 600.79507201910019 2183.4146516025066 522.7722048163414 50.727975189685822 425.43178495764732 116.15405091643333 173.45437395572662 146.32365834712982 133.32970678806305 680.7088577747345 68.385886251926422
leaf_count=816 266 60 84 148 158 3325 592 341 257 176 475 3025 1338 1091 478 176 206 177 118 86 1718 5272 1134 25 1188 147 179 114 113 1012 48
internal_value=-2.51079e-07 -0.00167906 0.00138787 0.00186492 -0.00336352 0.00211966 -0.000327238 0.00263116 -0.000583226 0 -0.000287447 -0.00423939 -0.00101322 0.000932814 -0.00140701 0 -0.00264681 -0.000707824 -0.000597746 0.00288559 0.00264444 0.0028359 0.00245253 8.49373e-05 -0.000140302 0.00222651 -0.00273537 -0.000894905 0.000407441 -0.00205918 -8.08463e-06
internal_weight=12215.9 5554.78 6661.08 5715.34 2444.47 5433.7 3110.3 4175.29 2984.98 366.32 2778.19 1778.54 1783.58 994.612 945.745 444.396 501.35 298.028 428.093 3808.97 3473.28 3306.98 2706.19 834.28 783.552 566.519 281.64 665.936 279.653 949.299 268.591
internal_count=24343 10577 13766 12463 4226 12200 6351 8875 6291 517 6034 3183 4086 1948 1303 654 649 383 710 8358 8210 8124 6406 2551 2526 1238 263 1043 227 1535 523
is_linear=0
shrinkage=0.0160995


Tree=65
num_leaves=32
num_cat=0
split_feature=6 10 63 4 32 10 10 30 20 20 70 70 10 10 0 10 63 4 55 25 20 4 10 70 10 27 21 68 19 6 0
split_gain=100.333 46.2127 32.2711 24.0733 21.4056 17.2378 14.1741 12.1468 35.7273 14.1265 11.9712 9.94116 8.91799 8.43454 7.91772 11.1469 7.61088 7.43181 7.38479 7.24311 7.00829 9.28452 6.44171 6.45113 7.00467 6.35972 11.1193 6.71125 5.9372 7.32423 6.44882
threshold=0.37940952255126054 -0.5123666674339783 1010.0500000000001 1006.9500000000002 81.250000000000014 -0.3896268414500369 -0.4900241286343337 24.130000000000006 28.9037532434367 32.944357583988641 3.08098181321107 2.2957587332736922 0.88203985695844977 -0.49750868180287638 7.9650000000000007 0.012910176522261693 1009.9500000000002 1011.6500000000002 11.750000000000002 25.085000000000004 35.852412904597351 1005.35 0.89001933454452098 0.614952004938223 0.2843565540399125 29.485000000000003 35.853115721436872 0.99500000000000011 34.475457990024552 -0.78656609248549303 3.5750000000000006
decision_type=2 2 2 2 2 2 2 2 2 2 2 2 2 2 2 2 2 2 2 2 2 2 2 2 2 2 2 2 2 2 2
left_child=1 17 5 20 7 -2 -6 8 -5 19 14 25 -13 -4 15 16 -8 -1 -15 -9 -3 -22 23 -21 -25 26 27 -7 29 -11 -30
right_child=2 3 13 4 6 11 10 9 -10 28 -12 12 -14 18 -16 -17 -18 -19 -20 22 21 -23 -24 24 -26 -27 -28 -29 30 -31 -32
leaf_value=0.039180471416247822 0.007847945054894119 0.029520016630229434 -0.015528412815285757 0.015507917472830772 -0.017269975713022547 -0.055414905024274971 0.019294555913260198 -0.00021534762672725604 -0.030225692121750202 -0.00021394114685758823 -0.014395315718503904 -0.05272311692575711 -0.0044422472351512681 -0.018636575796412969 -0.0063210040828243479 0.0037383568001775904 0.0600330299767972 -0.01105878576176819 -0.085478614432852165 -0.032907471855124028 0.015309222467356472 -0.0011949663956432144 0.022281571450175404 -0.041453527439987307 0.015615476365461735 0.0024455889141282439 -0.024590233982671801 0.0030556504730038592 -0.0078480445766342388 0.017308467414063139 0.0017506223868020041
leaf_weight=1730.3896496295929 836.38622915744781 770.16635259985924 192.28786933422089 293.37226101756096 105.64907324314117 316.75212571024895 247.75944611430168 318.62837415933609 253.85140001773834 150.56279754638672 162.90223926305771 307.07201945781708 102.54537832736969 145.93000590801239 135.11715751886368 679.39324161410332 262.4633075594902 70.491332769393921 909.56551790237427 948.50093260407448 308.62036991119385 455.82494354248047 73.462923794984818 284.55664682388306 157.82058840990067 304.98473143577576 400.79054194688797 531.30768164992332 241.1383550465107 228.78462621569633 288.78127762675285
leaf_count=5273 2982 2354 593 138 48 717 271 174 138 239 193 283 158 149 99 1343 140 127 1723 1184 582 715 231 587 395 339 594 1593 250 336 395
internal_value=-2.84748e-05 0.000991901 -0.00210649 0.000333187 -0.000209968 -0.00110545 0.00129473 -0.000975312 0.00112574 -0.00143297 0.00174022 -0.00194077 -0.004251 -0.00427945 0.00227686 0.00271633 0.00456879 0.00327146 -0.00486059 -0.0022674 0.00209238 0.00084716 -0.00274521 -0.00300991 -0.00112057 -0.00127229 -0.00179857 -0.000634254 0.000117906 0.00172187 -0.000883874
internal_weight=12215.9 8168.24 4047.62 6367.36 4832.74 2799.84 1593.28 3239.46 547.224 2692.24 1487.64 1963.45 409.617 1247.78 1324.73 1189.62 510.223 1800.88 1055.5 1782.97 1534.61 764.445 1464.34 1390.88 442.377 1553.84 1248.85 848.06 909.267 379.347 529.92
internal_count=24343 15212 9131 9812 6161 6666 2094 4067 276 3791 2046 3684 441 2465 1853 1754 411 5400 1872 2571 3651 1297 2397 2166 982 3243 2904 2310 1220 575 645
is_linear=0
shrinkage=0.0160995


Tree=66
num_leaves=32
num_cat=0
split_feature=35 6 10 27 49 10 30 4 29 47 10 0 63 10 29 4 10 31 65 10 30 42 29 62 27 20 68 29 10 20 33
split_gain=108.421 37.0154 26.4311 17.6194 16.2769 13.848 13.0936 12.176 12.9375 13.172 10.3842 8.93245 8.91886 8.24903 10.0329 15.3527 12.3273 10.1562 9.80215 9.39239 11.9881 9.33767 8.08718 8.04581 7.75034 7.46334 7.14291 6.27923 5.73587 5.648 5.57431
threshold=74.050000000000011 1.0000000180025095e-35 -0.52707282776374165 26.105000000000004 0.93556569118312127 -0.3896268414500369 24.585000000000004 1005.35 23.835000000000004 0.4289131796449816 -0.49750868180287638 6.8450000000000006 1007.6500000000002 -0.47494667389482609 26.105000000000004 1009.0500000000001 0.30081702196488996 77.15000000000002 2.6950000000000007 0.63874350706337069 26.495000000000001 36.006206331222536 29.585000000000004 1009.85 30.655000000000005 29.626311727954391 36.085000000000008 29.715000000000003 0.88203985695844977 35.975297788453979 69.15000000000002
decision_type=2 2 2 2 2 2 2 2 2 2 2 2 2 2 2 2 2 2 2 2 2 2 2 2 2 2 2 2 2 2 2
left_child=4 2 23 -3 6 -5 -1 -4 11 13 -8 -9 -7 25 16 18 -15 -17 -16 20 -20 -21 -14 30 28 -10 -22 -23 -12 -25 -2
right_child=1 3 7 5 -6 12 10 8 9 -11 24 -13 22 14 15 17 -18 -19 19 21 26 27 -24 29 -26 -27 -28 -29 -30 -31 -32
leaf_value=0.0040157536158912628 -0.0045388348144003868 -0.034689618522753977 0.021756471509348511 0.012764745971659492 -0.096688540051333219 -0.00077698197486665772 0.013993874999015865 0.024026241541247429 -0.032933924537258859 -0.0044161715810391786 -0.040889644893378749 0.00090809546474197834 -0.016769721215533294 0.018967971912816444 0.019893340308108007 -0.048221334956550448 -0.018688452016434761 -0.00044461510533661935 -0.017356219739176469 0.0037129366361379674 0.023862228890594795 -0.0072211093791195238 -0.050153584945068705 0.032001292098624241 0.0037168584703099737 0.0078274869585613829 -0.0086681992110241371 -0.00046163762261108339 -0.0092728432042219651 -0.0055781789553725576 0.043695280039198155
leaf_weight=163.53002262115479 39.488303750753403 299.47919684648514 422.2282782793045 1152.538276553154 401.43734931945801 1229.0934103429317 200.24702382087708 238.97170826792717 110.09887731075287 340.02294543385506 1662.2353918850422 286.03424286842346 668.12159100174904 583.32146483659744 324.52649521827698 233.72320276498795 130.7815622985363 434.01432892680168 63.957235723733902 373.46114748716354 604.76505470275879 198.14089000225067 178.00566154718399 183.44397261738777 69.820372223854065 99.290254831314087 38.85175433754921 121.99268853664398 204.33846199512482 53.039957284927368 1106.8582742214203
leaf_count=127 68 420 1169 3986 768 2618 690 123 34 260 2635 114 1157 429 422 351 122 772 49 851 1687 199 289 509 61 182 88 120 514 27 3502
internal_value=-4.75509e-05 0.000754155 0.00152813 -0.000537096 -0.00289789 -0.000162635 -0.00231187 0.00091682 0.000628814 0.000264169 -0.00266375 0.00299899 -0.000969709 0.000594246 0.000822747 0.000283646 0.00250803 -0.00173761 0.00111395 0.000460168 0.00179697 -0.00079084 -0.00224072 0.00349843 -0.00303154 -0.00237922 0.00254191 -0.0028515 -0.00324429 0.000391195 0.00406671
internal_weight=12215.9 9514.25 5987.01 3527.24 2701.61 3227.76 2300.17 4604.18 4181.95 3656.95 2136.64 525.006 2075.22 3316.92 3107.54 2393.43 714.103 667.738 1725.7 1401.17 707.574 693.595 846.127 1382.83 1936.39 209.389 643.617 320.134 1866.57 236.484 1146.35
internal_count=24343 19548 11078 8470 4795 8050 4027 6972 5803 5566 3900 237 4064 5306 5090 4539 551 1123 3416 2994 1824 1170 1446 4106 3210 216 1775 319 3149 536 3570
is_linear=0
shrinkage=0.0160995


Tree=67
num_leaves=32
num_cat=0
split_feature=35 6 12 69 64 19 70 10 10 10 69 68 45 0 62 31 62 70 64 20 62 10 63 24 42 20 20 37 64 69 45
split_gain=106.565 36.2774 31.1281 17.8002 16.3719 14.9214 16.9239 13.9774 13.7477 10.4391 11.3388 10.3388 10.0643 11.2054 9.75042 9.57722 8.17673 6.50261 6.07245 5.72926 7.98751 6.42642 8.66454 8.88522 5.72112 5.61908 5.49672 5.07836 7.429 6.71708 5.05632
threshold=74.050000000000011 1.0000000180025095e-35 2.5000000000000004 26.869750944255699 1009.7500000000001 29.626311727954391 2.2246301155962702 -0.3896268414500369 -0.52707282776374165 -0.47494667389482609 24.93981631901416 0.81500000000000006 1.3328907726967747 4.1950000000000012 1009.0500000000001 77.250000000000014 1009.85 3.2211235724419702 1008.9500000000002 34.85287996747369 1005.2500000000001 0.6583954877256819 1007.35 28.975000000000005 28.919233037117063 29.928731731637289 35.975297788453979 80.350000000000009 1010.1500000000002 26.352333879290406 0.63609115086643808
decision_type=2 2 2 2 2 2 2 2 2 2 2 2 2 2 2 2 2 2 2 2 2 2 2 2 2 2 2 2 2 2 2
left_child=3 2 15 -1 7 -5 18 -3 16 11 -11 -10 19 17 -9 24 -4 -14 30 -12 -21 -22 23 -23 -2 -16 -18 28 -15 -29 -7
right_child=1 4 8 5 -6 6 -8 14 9 10 12 -13 13 27 25 -17 26 -19 -20 20 21 22 -24 -25 -26 -27 -28 29 -30 -31 -32
leaf_value=0.003311996025537973 -0.014332598527195756 0.015169686153894824 0.04170806052846688 -0.071996110383281797 -0.026941313698837718 0.0080178426719526713 -0.049787944762371687 -0.0013007310019618799 -0.037296778719209216 0.030513333194076848 0.020031575370816967 0.0046539742962526734 -0.00033910389536286848 -0.012729115074167146 0.0014477585832758737 -1.7657969205093132e-05 0.031486088204641202 -0.024204529431390821 -0.031719377268306287 0.017788167569819723 0.015540490853988224 0.028770215902009469 0.0045167434866907738 -0.0075671488438488659 -0.062143639560845468 -0.041831258891326176 -0.0054883732215826207 0.013503474280011439 0.0033850187614933337 -0.00046406028424351466 -0.0069450548835440825
leaf_weight=177.8387339413166 138.92277920246124 1030.9244602918625 1146.3465805947781 1058.4263797700405 680.18457567691803 180.38048166036606 387.87709367275238 1415.0963939428329 90.791783839464188 426.28074833750725 674.56343266367912 149.83283361792564 105.27439668774605 160.27863988280296 102.4476905465126 692.71798452734947 183.44397380948067 133.82503861188889 477.66409158706665 281.60741823911667 367.71669003367424 69.028388321399689 170.87402749061584 287.31126138567924 212.86251685023308 298.58506923913956 53.039957284927368 224.16526499390602 195.43520298600197 222.69365572929382 419.42185243964195
leaf_count=119 113 3556 3570 1658 1279 273 697 3079 38 186 1811 213 177 173 127 999 509 142 1101 624 930 160 222 354 312 429 27 122 137 259 947
internal_value=-4.26317e-05 0.000752135 0.00151836 -0.00286856 -0.000525954 -0.00322723 -0.0020679 0 0.00205701 0.00148531 0.00173206 -0.00156656 0.00132693 0 -0.000838191 -0.000952512 0.00346359 -0.00297273 -0.000930516 0.0020387 0.00124126 0.000390131 -0.00063545 -0.00217265 -0.00310837 -0.00305489 0.000340868 0.000971698 -0.000271998 0.00213405 2.14344e-05
internal_weight=12215.9 9514.25 5987.01 2701.61 3527.24 2523.77 1465.34 2847.05 4942.51 3559.68 3319.05 240.625 2892.77 1041.67 1816.13 1044.5 1382.83 239.099 1077.47 1851.1 1176.54 894.93 527.214 356.34 351.785 401.033 236.484 802.573 355.714 446.859 599.802
internal_count=24343 19548 11078 4795 8470 4676 3018 7191 9654 5548 5297 251 5111 1010 3635 1424 4106 319 2321 4101 2290 1666 736 514 425 556 536 691 310 381 1220
is_linear=0
shrinkage=0.0160995


Tree=68
num_leaves=32
num_cat=0
split_feature=35 10 51 51 10 69 37 70 70 12 11 62 22 22 63 37 10 69 35 8 11 11 49 49 21 12 22 25 40 44 45
split_gain=103.808 34.8672 21.4048 19.4609 16.2884 23.236 16.8602 16.4161 14.9034 12.2288 11.9492 10.8489 23.2395 10.3829 9.4978 9.43228 8.2376 11.9125 12.266 7.69416 10.3361 7.08149 6.9563 6.63989 9.78203 8.70794 6.14666 5.77976 5.55075 8.39082 7.77548
threshold=74.050000000000011 -0.5123666674339783 1.8136658621800261 1.1586132624311269 -0.47494667389482609 24.93981631901416 79.450000000000017 0.015404727668411057 2.190825635086814 1.5000000000000002 -0.65187484896379921 1008.7500000000001 28.28254765529293 26.61703327910973 1010.85 78.050000000000011 0.93836870211866363 27.822843368428746 81.65000000000002 -0.37940952255126059 0.24284972209593572 0.98043284291745803 0.53589955461333527 0.22552531242413837 35.81486938730928 11.500000000000002 26.61703327910973 26.745000000000001 38.604356066573082 36.323966328412006 0.78246734210628388
decision_type=2 2 2 2 2 2 2 2 2 2 2 2 2 2 2 2 2 2 2 2 2 2 2 2 2 2 2 2 2 2 2
left_child=3 14 4 8 7 22 10 -3 9 -1 -7 28 -13 -11 19 -5 17 26 -19 20 -2 -4 -6 24 -15 -25 -12 -14 29 -8 -31
right_child=1 2 21 15 5 6 11 -9 -10 13 16 12 27 23 -16 -17 -18 18 -20 -21 -22 -23 -24 25 -26 -27 -28 -29 -30 30 -32
leaf_value=-0.079698040610000603 0.028698643787379543 -0.026270817596082203 -0.028894863753322109 -0.074653366665779902 0.054799458819005518 0.0057918971012317815 0.012226779677899638 0.024337083624031107 -0.040845590897061072 0.0061917227647928725 -0.0043995705654837286 0.01692058263451373 3.9114262855949286e-05 0.0060060206824506723 -0.012644767254885794 -0.0059623967165733545 0.012165492797049628 -0.018375765513215285 0.0001703709541083122 0.033732211404203113 -0.017512421180970673 -0.00090515789835964326 0.0081908657022460966 0.0066223170609811489 -0.023089702521490882 -0.07510006510526257 0.0065803939281087829 -0.03162078032793917 0.053738169010804658 0.0049440605367569368 -0.0085658516743401369
leaf_weight=268.46390756964684 495.58850729465485 205.49775719642639 262.52587246894836 977.34776857495308 245.54036048054695 718.23178815841675 1770.1567384898663 95.221119523048401 337.79276072978973 102.29359489679337 221.20866319537163 396.56968784332275 176.11605814099312 145.06367203593254 181.45140445232391 202.71169683337212 237.57506012916565 887.25013905763626 177.51284578442574 1558.1529482603073 265.18463373184204 160.67282366752625 267.21853119134903 467.08013436198235 131.20540806651115 69.649667352437973 207.33401083946228 447.74655911326408 93.680501461029053 268.73316290974617 175.08161404728889
leaf_count=597 1850 109 203 1575 122 1837 4234 232 592 80 130 331 169 486 445 271 663 1269 414 4696 893 82 116 981 143 70 259 767 67 432 228
internal_value=-5.7953e-05 0.000726347 0.000131949 -0.00284703 0.000368954 0.000555513 0.000248096 -0.0032321 -0.00155565 -0.000620028 -0.000746558 0.0010041 -0.000312904 0.00018758 0.00235926 -0.00443511 -0.00148832 -0.00195118 -0.00286649 0.00264625 0.00114415 -0.0033446 0.00383931 -0.000336841 -0.0024104 0.000590792 0.000142367 -0.00231443 0.00162072 0.00140414 -0.000429974
internal_weight=12215.9 9514.25 7013.87 2701.61 6590.67 6289.96 5777.2 300.719 1521.55 1183.76 2449.11 3328.08 1020.43 915.292 2500.38 1180.06 1730.88 1493.31 1064.76 2318.93 760.773 423.199 512.759 812.999 276.269 536.73 428.543 623.863 2307.65 2213.97 443.815
internal_count=24343 19548 11664 4795 11379 11038 10800 341 2949 2357 4572 6228 1267 1760 7884 1846 2735 2072 1683 7439 2743 285 238 1680 629 1051 389 936 4961 4894 660
is_linear=0
shrinkage=0.0160995


Tree=69
num_leaves=32
num_cat=0
split_feature=6 51 11 11 29 11 29 69 11 68 69 11 44 51 11 44 66 68 69 11 11 62 29 66 70 67 11 55 31 69 44
split_gain=94.4571 51.0278 41.0589 19.112 32.4717 24.6094 18.567 17.4985 14.1817 19.0018 13.8924 13.5762 25.2617 13.0419 12.689 15.5613 12.1651 14.2274 12.9416 10.7791 14.3375 10.6929 12.5372 8.28978 7.63288 6.67877 9.24395 6.19911 6.19543 5.24741 4.70461
threshold=0.37940952255126054 1.6173022245405761 0.86527520261780289 0.45207220393230413 26.395000000000003 0.90515966073569365 29.135000000000002 28.205354212988816 0.73246693938583607 0.26500000000000007 35.510985088607107 0.90515966073569365 27.699133827257569 1.1586132624311269 -0.65187484896379921 36.062093198675434 3.1750000000000003 0.055000000000000007 27.414867087810823 0.96457844552971317 0.98043284291745803 1004.85 29.735000000000003 3.5150000000000001 -0.73535917040310739 1.5050000000000001 -0.83352489619613901 9.8500000000000032 78.450000000000017 25.26819755464934 37.380270162138721
decision_type=2 2 2 2 2 2 2 2 2 2 2 2 2 2 2 2 2 2 2 2 2 2 2 2 2 2 2 2 2 2 2
left_child=1 3 10 6 11 8 -1 27 9 -6 13 12 -5 -2 -12 -16 -3 18 -18 -13 -21 -8 25 -11 -25 -23 -27 -4 -14 -22 -24
right_child=2 16 7 4 5 -7 21 -9 -10 23 14 19 28 -15 15 -17 17 -19 -20 20 29 22 30 24 -26 26 -28 -29 -30 -31 -32
leaf_value=0.024670832490821706 0.0017849318600292046 -0.06016270797884072 0.0060600619324681854 -0.0092476172781254841 -0.055105283054318749 -0.029809951834449771 0.024251199738648314 -0.086331113336353044 0.034052906799677742 0.046605166214169449 -0.0068251156546605702 0.036504053601565792 0.0011189962195984281 -0.090391435475678017 -0.027023319819363841 -0.033498408833179602 0.0021767853829434136 -0.018404991890392706 -0.015770156533999199 -0.012453352285803472 0.02102776177251673 -0.00018348899717746128 0.017879678093250358 0.013468404185048547 -0.012826837041712712 0.0086676063931956163 -0.010687263039611599 -0.028816978566738899 0.065464364372360861 0.0047492710346959616 -0.00034380888908964639
leaf_weight=2424.402584195137 1798.3019126653671 205.37139472365379 110.25216913223267 340.94482985138893 197.05146464705467 717.1916069984436 245.70560809969902 800.61085438728333 450.03467118740082 207.76719611883163 483.67939567565918 322.03261804580688 81.642665266990662 229.80477678775787 149.01374942064285 299.66820782423019 336.87329268455505 273.26140281558037 184.5757617354393 171.27209854125977 221.02204358577728 208.35109928250313 273.03000116348267 65.523287355899811 181.18837672472 87.443989992141724 268.30494114756584 176.29100441932678 177.04679256677628 348.78636705875397 179.41323375701904
leaf_count=7750 5904 224 70 112 292 1056 402 1404 1179 589 693 196 145 575 163 149 181 217 219 92 114 297 318 111 267 241 389 173 271 337 213
internal_value=-3.58447e-05 0.000953979 -0.00205222 0.00143646 0.000549455 -0.000905592 0.00225111 -0.00474406 0.000544433 -0.000881256 -0.00103234 0.00218767 0.000107654 -0.000239416 -0.00266437 -0.00463829 -0.00241751 -0.00136901 4.71269e-05 0.00328166 0.00202662 0.000585849 -7.00501e-05 0.000784166 -0.000967107 -0.0017408 -0.00309554 -0.000968819 0.00399716 0.00330115 0.00183479
internal_weight=12215.9 8168.24 4047.62 7168.16 3481.5 1818.76 3686.65 1087.15 1101.56 651.53 2960.47 1662.75 599.634 2028.11 932.361 448.682 1000.08 794.71 521.449 1063.11 741.081 1262.25 1016.54 454.479 246.712 564.1 355.749 286.543 258.689 569.808 452.443
internal_count=24343 15212 9131 14371 4761 3494 9610 1647 2438 1259 7484 1267 528 6479 1005 312 841 617 400 739 543 1860 1458 967 378 927 630 243 416 451 531
is_linear=0
shrinkage=0.0160995


Tree=70
num_leaves=32
num_cat=0
split_feature=37 31 45 9 6 49 4 7 49 35 49 66 20 61 45 45 20 45 28 28 4 21 68 4 28 37 68 22 20 31 23
split_gain=101.995 49.0525 19.4059 16.1892 13.4979 12.3644 10.8152 11.1237 16.5163 11.259 10.7504 7.27084 7.24078 6.71332 6.0958 5.71312 5.6807 7.11706 5.42445 6.75129 6.52062 5.17219 7.724 6.00333 4.66363 4.57763 4.54894 4.2001 5.07624 3.80831 4.70697
threshold=79.250000000000014 75.250000000000014 3.019653610858168 -0.37940952255126015 -0.25881904510252113 0.6523904748403041 1005.35 0.60355339059327384 0.1934597287984591 86.65000000000002 0.087330788766757206 1.2150000000000001 37.801061631424659 0.9125000000000002 2.5170062455462254 2.3903034962476446 30.053717943705468 2.1748832199784762 29.215000000000003 29.715000000000003 1008.6500000000002 35.551218429581773 0.48500000000000004 1006.85 29.485000000000003 80.550000000000011 0.015000000000000001 36.212688010065889 35.20424312618097 81.950000000000017 25.195819224368332
decision_type=2 2 2 2 2 2 2 2 2 2 2 2 2 2 2 2 2 2 2 2 2 2 2 2 2 2 2 2 2 2 2
left_child=1 5 3 -2 15 11 -5 8 24 10 -9 -1 -13 -11 21 29 17 -10 20 -20 -18 26 -23 27 -8 -12 -6 28 -24 -3 -31
right_child=2 4 -4 6 14 -7 7 9 16 13 25 12 -14 -15 -16 -17 18 -19 19 -21 -22 22 23 -25 -26 -27 -28 -29 -30 30 -32
leaf_value=0.0065810060685442453 -0.00092523594233631353 0.00076512300986969223 -0.023084013169809618 0.027137925097741534 -0.019009122326982819 -0.086551150623443387 0.02259097650077932 0.000364309599808194 0.00057558962582457515 -0.0040002268244952567 0.0027366304789232495 -0.043688801423997892 0.0047704896855638524 0.031451120594592534 -0.029491539443839018 -0.018094688602765405 0.01782276037367057 -0.03031795165790974 -0.010524306780371698 0.0030717062108480291 -0.00057271085643229675 0.035244030062241173 0.0066808155139710902 -0.01593434190585408 -0.0010681678044972571 0.023625615452133694 0.0024248279127566377 0.0070770894287635029 -0.013456859660572763 -0.004307395003053203 0.03482161174289785
leaf_weight=133.36872175335884 1356.2150747776031 545.18507373332977 232.21097564697266 720.98207834362984 132.30558380484581 763.11875152587891 984.9658979177475 263.10040071606636 165.56480196118355 199.71950796246529 135.94785597920418 1440.0329437851906 107.95233011245728 106.63649129867554 163.76927649974823 155.94610011577606 403.86356475949287 219.14592576026917 113.79096126556396 89.07500746846199 397.40590590238571 61.451837211847305 70.140926361083984 278.51653879880905 134.80998677015305 1137.6492563784122 1047.8105231821537 156.40853214263916 118.19168809056282 74.135978132486343 306.44089969992638
leaf_count=244 3268 889 182 2040 140 1402 2780 468 279 134 196 2514 66 267 171 150 1197 233 173 114 781 70 186 420 210 1444 3116 259 148 28 774
internal_value=-1.18295e-05 -0.0016287 0.00132464 0.00149874 -0.000258619 -0.00333645 0.00191651 0.00157974 0.000832071 0.00255061 0.00311358 -0.00246217 -0.00278525 -1.80594e-05 -0.00105341 0.00115673 -0.000290576 -0.0019733 0.000279185 -0.00192928 0.000943683 -0.000734974 -0.00184773 -0.00246031 0.00229239 0.00372473 -1.82012e-05 -0.000733381 -0.00245929 0.00167832 0.00297427
internal_weight=12215.9 5554.78 6661.08 6428.87 3110.3 2444.47 5072.66 4351.68 2508.62 1843.05 1536.7 1681.35 1547.99 306.356 2028.59 1081.71 1388.85 384.711 1004.14 202.866 801.269 1864.83 684.71 623.258 1119.78 1273.6 1180.12 344.741 188.333 925.762 380.577
internal_count=24343 10577 13766 13584 6351 4226 10316 8276 5767 2509 2108 2824 2580 401 4510 1841 2777 512 2265 287 1978 4339 1083 1013 2990 1640 3256 593 334 1691 802
is_linear=0
shrinkage=0.0160995


Tree=71
num_leaves=32
num_cat=0
split_feature=36 10 51 6 6 51 11 6 22 11 10 10 34 11 10 10 50 11 10 19 51 22 34 11 60 20 20 52 48 11 11
split_gain=92.4802 30.4892 28.3353 23.5763 18.7371 17.1169 15.1075 12.0419 10.6609 10.1155 10.7864 11.4681 9.78477 12.9898 13.2371 16.0314 9.70033 13.17 9.43098 12.2751 18.7426 9.89508 8.2449 8.19312 8.13021 7.75713 7.53691 7.51419 6.16816 8.83061 5.73539
threshold=75.65000000000002 -0.5123666674339783 1.3068976338379223 -0.25881904510252113 0.60355339059327384 1.8136658621800261 -0.54160775828284857 0.25881904510252091 24.219079353969956 -0.70862667826445969 0.88203985695844977 -0.71466676797886819 63.050000000000004 0.88999460902669758 0.7266007961912001 0.88203985695844977 25.977708333333339 -0.33346877891818688 -0.4900241286343337 28.047475512659325 0.97625022015478036 28.047475512659325 72.250000000000014 0.99962961997441069 0.88450000000000017 35.04500943381948 35.852412904597351 2109.6865000000003 25.676666666666669 0.90515966073569365 0.68389408864483059
decision_type=2 2 2 2 2 2 2 2 2 2 2 2 2 2 2 2 2 2 2 2 2 2 2 2 2 2 2 2 2 2 2
left_child=2 7 4 5 12 18 -5 26 -8 -6 11 -11 -1 14 -14 -16 -10 -18 -3 24 -21 27 -19 -4 -20 -23 -2 -22 -24 -30 -28
right_child=1 3 23 6 9 -7 8 -9 16 10 -12 -13 13 -15 15 -17 17 22 19 20 21 25 28 -25 -26 -27 30 -29 29 -31 -32
leaf_value=0.009855441862151898 0.037491255754357244 -0.023045325466979297 -0.064206434524773634 0.0025618439316225012 0.0045463631725894404 -0.015315236332827871 0.013532631617634877 0.0062779626848545288 -0.028242183658146004 0.0047984660267814342 0.00015546832829629764 -0.071107680635924653 0.022670458204679281 -0.043760542043690134 -0.035387723044382674 0.024388790519630978 -0.016830365320078332 -0.048520997155691532 0.022149017769863898 0.010379281969686269 -0.0059553327677811909 -0.023467367977322025 0.013998761688336055 0.00014966401753085712 2.0591639935166683e-05 0.0025345245585872644 0.031859559648850844 0.021657647461541484 0.002536799347223236 -0.03071619296263578 -0.0085874959323496702
leaf_weight=136.01854285597801 1469.8204797506332 107.16440367698669 963.68268966674805 1150.0541081428528 201.62980335950851 271.25685024261475 204.66266253590584 787.09732818603516 263.13923048973083 122.11960327625275 207.69724863767624 708.49137878417969 374.66534611582756 329.71858102083206 125.5792835354805 88.494241952896118 267.69948720932007 116.06386530399323 339.50618571043015 1932.0315243899822 179.55358481407166 317.99183425307274 118.05005073547363 81.286417007446289 232.69469285011292 91.06292062997818 73.475203156471252 189.4833647608757 500.77449032664299 205.60928311944008 59.284711360931396
leaf_count=153 4447 90 1439 2809 526 174 94 2790 172 440 431 1154 921 608 131 238 182 139 155 4215 169 379 83 108 113 82 268 167 1361 281 24
internal_value=-4.1185e-05 0.000811367 -0.00232983 0.00022457 -0.00127662 0.00108667 -0.000863816 0.00236816 -0.00184808 -0.00262143 -0.00327067 -0.00408818 0.000232399 -0.000289023 0.00104501 -0.00190996 -0.0023475 -0.00163045 0.00141432 0.0015849 0.00108775 -0.00095078 -0.000627511 -0.00455417 0.00377988 -0.00271299 0.00318121 0.000794561 0 -0.00062717 0
internal_weight=12215.9 8876.48 3339.38 6486.8 2294.41 3660.75 2826.05 2389.68 1676 1239.94 1038.31 830.611 1054.48 918.457 588.739 214.074 1471.34 1208.2 3389.49 3282.32 2710.12 778.092 940.498 1044.97 572.201 409.055 1602.58 369.037 824.434 706.384 132.76
internal_count=24343 18194 6149 10665 4602 5544 5121 7529 2312 2551 2025 1594 2051 1898 1290 369 2218 2046 5370 5280 5012 797 1864 1547 268 461 4739 336 1725 1642 292
is_linear=0
shrinkage=0.0160995


Tree=72
num_leaves=32
num_cat=0
split_feature=35 12 54 69 11 10 20 7 11 36 20 29 10 11 10 10 20 33 0 64 11 20 63 68 0 54 68 35 47 39 63
split_gain=96.6994 34.3562 34.0338 19.9508 28.6917 22.2287 13.8958 11.9662 12.4738 10.8799 10.7031 9.9917 9.65486 9.62634 9.10956 10.4601 9.20957 8.99059 8.18372 8.11315 15.4182 11.1405 9.39524 6.36374 8.99881 6.35697 6.26917 5.59585 5.09292 4.89478 4.67189
threshold=74.050000000000011 2.5000000000000004 31.550000000000004 26.869750944255699 0.87377473702374975 0.73248728852523659 35.659831510915573 -0.78656609248549325 0.34157076916785584 82.750000000000014 26.845588761884141 29.345000000000002 0.6254047815183511 -0.098820138732871751 -0.52707282776374165 -0.4900241286343337 36.02160992785938 69.15000000000002 3.2650000000000001 1010.5500000000001 0.91586428826728705 31.512300175967834 1012.5500000000001 0.84500000000000008 4.1950000000000012 5.4500000000000011 1.4150000000000003 77.050000000000011 0.011547005383304802 1.1750000000000009 1009.0500000000001
decision_type=2 2 2 2 2 2 2 2 2 2 2 2 2 2 2 2 2 2 2 2 2 2 2 2 2 2 2 2 2 2 2
left_child=3 9 7 -1 5 17 13 8 12 -2 -4 29 -3 -7 16 -16 -9 -5 26 20 28 -22 -21 -14 -25 -15 -13 -20 -17 -12 -30
right_child=1 2 10 4 -6 6 -8 14 -10 -11 11 18 23 25 15 19 -18 -19 27 22 21 -23 -24 24 -26 -27 -28 -29 30 -31 -32
leaf_value=0.0045067610887736791 -0.019398436420739226 0.029459193340840531 -0.032328977890779008 0.046828269142067558 -0.068191345341442874 0.0065814541238407047 -0.038674365175664902 0.040755474069585088 -0.037683798856493464 0.00030382038768971074 0.0071369906982236674 0.0086474243469515516 0.016740650955927156 0.001184540606422231 -0.008025838624812617 -0.0053208614781574898 -0.0018079929215531819 -0.0014047240414139072 0.0044706841950831223 0.021308970780852868 0.0083364400560845524 -0.013034115832332965 0.00087324099559671158 0.000623690317982568 -0.012291575210435626 -0.10321328143467381 -0.031596287721958931 -0.0091828462198384857 0.013885997860348413 -0.026755539970478387 -0.0024728756167000528
leaf_weight=177.83874180912971 941.69545185565948 431.31974530220032 123.14382466673851 100.05211806297302 1223.2142148017883 174.87758040428162 223.90198820829391 1065.4207185506821 250.5287299156189 455.35850161314011 1704.7751004695892 72.782014966011047 88.518435448408127 66.491734474897385 159.83286416530609 81.519642174243927 96.110045194625854 545.39110040664673 249.70018738508224 490.78869476914406 264.13995197415352 255.80970320105553 329.47180259227753 105.05173593759537 101.7240078151226 189.84115895628929 258.52553403377533 477.06721192598343 1336.1964286863804 88.380280494689941 86.390147596597672
leaf_count=119 1491 1354 130 253 1935 251 170 3166 658 665 4811 131 188 148 148 167 181 1405 447 298 141 144 180 155 91 514 332 1100 3151 191 228
internal_value=-1.92721e-05 0.000737543 0.00114466 -0.0027117 -0.00309288 -0.00133672 -0.00343946 0.00193858 0.000240524 -0.00156774 -0.00020182 0 0.00138274 -0.00148323 0.00231716 0.00179091 0.0036002 0.000681034 -0.00123683 0.00203072 0.0014106 -0.000866034 0.00345144 -0.000641447 -0.00238646 -0.00353295 -0.00333656 -0.000158782 0.0022509 0.00073324 0.00249469
internal_weight=12215.9 9514.25 8117.2 2701.61 2523.77 1300.56 655.112 5142.82 977.143 1397.05 2974.37 2851.23 726.614 431.21 4165.68 3004.15 1161.53 645.443 1058.07 2844.32 2024.06 519.95 820.26 295.294 206.776 256.333 331.308 726.767 1504.11 1793.16 1422.59
internal_count=24343 19548 17392 4795 4676 2741 1083 10250 2446 2156 7142 7012 1788 913 7804 4457 3347 1658 2010 4309 3831 285 478 434 246 662 463 1547 3546 5002 3379
is_linear=0
shrinkage=0.0160995


Tree=73
num_leaves=32
num_cat=0
split_feature=35 6 51 51 55 12 37 12 10 59 26 46 62 10 17 51 29 61 1 59 4 70 62 55 37 10 66 0 4 12 66
split_gain=96.0579 33.1688 25.5614 21.789 17.7242 16.2082 13.2454 13.1189 12.0342 11.6626 9.43117 9.58797 9.01958 8.34827 13.7569 12.2059 8.91603 8.73704 8.23182 6.94164 6.79667 6.77186 5.33273 5.33206 5.31269 5.1218 4.91644 7.86874 4.7826 4.73536 6.81622
threshold=74.050000000000011 -0.25881904510252113 1.8136658621800261 1.286413603901696 168.15000000000001 1.5000000000000002 77.850000000000009 2.5000000000000004 -0.52707282776374165 0.61550000000000005 24.585000000000004 25.255000000000003 1009.85 -0.4900241286343337 25.455931119106872 0.97625022015478036 26.395000000000003 0.80150000000000021 0.96500000000000008 0.70350000000000013 1006.35 2.2957587332736922 1009.1500000000002 30.050000000000004 83.65000000000002 0.030120025924939415 3.6450000000000005 5.0150000000000006 1009.5500000000001 2.5000000000000004 2.9050000000000007
decision_type=2 2 2 2 2 2 2 2 2 2 2 2 2 2 2 2 2 2 2 2 2 2 2 2 2 2 2 2 2 2 2
left_child=3 2 8 4 7 -3 20 -1 12 -9 -8 -12 -2 -10 19 29 22 -18 26 -15 -7 -6 -17 -22 28 -24 -13 -28 -20 -16 -31
right_child=1 5 -4 -5 21 6 10 9 13 -11 11 18 -14 14 15 16 17 -19 24 -21 23 -23 25 -25 -26 -27 27 -29 -30 30 -32
leaf_value=-0.028773242684648405 0.040236229412005615 -0.028755060796835492 -0.01745762621806839 -0.063308275821710974 -0.023639967223199332 0.0025330806135546724 -0.016067046457406507 0.013101327877010944 -0.0095383877649443706 -0.00025585828868990941 0.019298569661658806 0.011255720430840471 0.0024544690391450756 0.023101893705363363 0.00014789962264650036 -0.0019388081359872635 -0.019461287337447702 0.022078089728566661 0.0042693582509898409 0.0076174943626097901 -0.00075730313277870369 -0.048274345396638899 0.019913098701367361 -0.024820533135135065 0.024791760592270968 -0.0039155098944921507 -0.028495025105776308 0.0020020267717232015 -0.021084717119761728 0.023468276281413188 0.0087518743675111775
leaf_weight=289.8837716281414 969.27196085453033 268.45912367105484 282.45172882080078 939.26771068572998 854.12333628535271 466.78544580936432 184.26789835095406 196.86228808760643 147.04313182830811 193.88892257213593 205.99575537443161 127.72940769791603 188.58261907100677 247.35884794592857 340.65610530972481 162.04876673221588 314.77066433429718 89.220728188753128 1158.1405391693115 291.08317932486534 301.94349229335785 227.58258092403412 199.65396988391876 704.27728685736656 474.03562906384468 104.5242708325386 233.75617128610611 208.98237723112106 192.74651157855988 301.82622185349464 1348.6389543116093
leaf_count=516 2979 373 187 1422 1875 1179 87 236 150 370 120 378 447 110 663 100 332 157 3300 127 486 376 163 1723 1465 146 325 407 420 413 3311
internal_value=-2.97785e-05 0.000724477 0.00163194 -0.00271318 -0.00158325 -0.000258004 0 0.000348548 0.0019252 0.00236341 0.000638005 0.000911705 0.00340052 0.00141821 0.00159481 0.00110869 -0.000406998 -0.00221224 0.000583023 0.00400693 -0.00124752 -0.00286982 0.000991522 -0.00200015 0.00113167 0.00232867 -0.00102884 -0.00191085 0.000538102 0.00181082 0.00216716
internal_weight=12215.9 9514.25 4987.13 2701.61 1762.34 4527.12 4258.66 680.635 4704.68 390.751 2785.65 2601.39 1157.85 3546.82 3399.78 2861.34 870.218 403.991 2395.39 538.442 1473.01 1081.71 466.227 1006.22 1824.92 304.178 570.468 442.739 1350.89 1991.12 1650.47
internal_count=24343 19548 9285 4795 3373 10263 9890 1122 9098 606 6502 6415 3426 5672 5522 5285 898 489 6295 237 3388 2251 409 2209 5185 309 1110 732 3720 4387 3724
is_linear=0
shrinkage=0.0160995


Tree=74
num_leaves=32
num_cat=0
split_feature=36 51 9 30 11 32 19 9 19 7 69 36 65 18 22 23 22 11 32 45 27 70 69 4 70 52 36 29 22 47 52
split_gain=90.127 27.3845 25.4148 21.2373 22.5178 16.0765 13.624 11.5795 11.5591 10.1411 15.9886 8.50274 8.21014 12.0202 7.46226 15.332 7.15951 6.92896 6.74986 6.90115 6.46462 6.02662 7.14041 5.46485 6.24945 5.4495 5.17605 12.0418 4.66851 4.20722 4.06239
threshold=75.65000000000002 1.3068976338379223 -1.0000000180025095e-35 26.105000000000004 0.88999460902669758 80.850000000000009 37.343471940719304 -0.12940952255126037 24.219079353969956 0.37940952255126048 30.486737295916392 82.950000000000017 3.2350000000000008 36.172814833748923 37.472986655778918 36.809624587919693 25.688891371253934 0.99962961997441069 80.250000000000014 2.672996429531437 26.865000000000006 2.965175286600831 26.578126322532327 1005.35 3.08098181321107 2150.4705000000004 79.850000000000009 29.445000000000004 30.053717943705468 0.38606989297429556 2445.4720000000002
decision_type=2 2 2 2 2 2 2 2 2 2 2 2 2 2 2 2 2 2 2 2 2 2 2 2 2 2 2 2 2 2 2
left_child=1 3 8 29 6 9 7 12 -2 10 16 14 13 -5 15 21 -4 -3 19 -11 -13 22 -10 -7 30 -24 -12 -28 -22 -1 -25
right_child=2 17 5 4 -6 23 -8 -9 11 18 26 20 -14 -15 -16 -17 -18 -19 -20 -21 28 -23 25 24 -26 -27 27 -29 -30 -31 -32
leaf_value=0.013785731515377998 -0.021456311753919134 -0.061055670435132055 0.0030740627899092767 -0.0010592454306164194 -0.085125198549208844 0.0341076087595934 -0.045616745959183386 0.032258134543132588 0.023483430378483394 0.010199151039703095 0.017886819960397184 -0.0052759536654356518 0.0027761577806010474 -0.036382344721869006 0.0089115355305610586 -0.018733612843146376 -0.032537730684211341 -0.0078954511090247054 -0.0053760989728015079 -0.0043706996115074667 0.030338345429689561 -0.026357021487210364 -0.014484089500850164 0.020972108088741493 -0.0019747979220139807 0.00099389653455464379 0.011990839168252708 -0.002096188450921127 0.0087442518764437992 -0.00031111150480416568 0.0047671597775433491
leaf_weight=185.88658702373505 195.9106912612915 963.68269348144531 107.91584157943726 279.8038412630558 512.67052435874939 415.71419847011566 235.31871294975281 272.3955500125885 136.44072696566582 821.67044615745544 343.39306184649467 98.325761407613754 575.24173566699028 149.98028171062469 209.26616418361664 196.04980862140656 469.43171539902687 81.286413192749023 130.97513198852539 127.12746262550354 139.64435407519341 183.26471310853958 437.05123177170753 1796.5639937520027 134.23997485637665 1315.577394336462 611.03991636633873 200.53191125392914 546.25494375824928 83.116783201694489 260.08683121204376
leaf_count=249 107 1439 92 689 1062 1298 194 675 67 977 687 153 1547 107 280 219 685 108 168 62 195 345 900 3845 216 3853 1685 176 1553 79 631
internal_value=-6.2168e-05 -0.00232141 0.000779326 -0.00128481 -0.0018739 0.00146958 -0.000816814 -9.22508e-05 -0.000279616 0.000586007 -0.000135237 -2.48117e-05 -0.000951221 -0.00264093 -0.000511305 -0.000806914 -0.00235441 -0.0045094 0.0018138 0.00231803 0.00140606 -0.000354236 -3.82335e-05 0.00239009 0.001992 -0.000358528 0.000908663 9.97982e-05 0.00202135 0.00282442 0.00222506
internal_weight=12215.9 3339.38 8876.48 2294.41 2025.41 5418.69 1512.74 1277.42 3457.79 2812.09 1732.31 3261.88 1005.03 429.784 2477.65 2268.38 577.348 1044.97 1079.77 948.798 784.225 2072.33 1889.07 2606.6 2190.89 1752.63 1154.96 811.572 685.899 269.003 2056.65
internal_count=24343 6149 18194 4602 4274 10522 3212 3018 7672 4532 3325 7565 2343 796 5664 5384 777 1547 1207 1039 1901 5165 4820 5990 4692 4753 2548 1861 1748 328 4476
is_linear=0
shrinkage=0.0160995


Tree=75
num_leaves=32
num_cat=0
split_feature=37 12 51 57 23 57 28 50 10 10 6 10 68 45 10 24 29 10 43 65 32 10 19 29 29 6 63 66 10 10 10
split_gain=90.0364 40.4936 24.9623 24.6346 21.2819 17.5892 13.5225 19.5497 14.5931 11.6808 11.0155 9.17877 10.0959 8.70495 10.651 8.02516 7.05375 8.33664 7.545 6.26991 6.21701 6.11425 7.08413 7.0535 7.8429 6.05627 5.5948 6.48696 5.44206 5.40498 10.9495
threshold=76.750000000000014 2.5000000000000004 1.1586132624311269 4.708333333333429 27.185866168971572 0.81666666666675203 29.265000000000004 25.977708333333339 -0.43664718845046341 0.34964421742355262 0.60355339059327384 0.75548631800528565 0.90500000000000014 2.4572751124189574 0.76665171983724034 29.625000000000004 27.575000000000003 0.45972848220565493 0.67389095288611089 2.7250000000000005 72.350000000000009 0.7025209685794126 35.895811250117625 29.875000000000004 29.425000000000004 0.60355339059327384 1007.5500000000001 1.9150000000000003 0.85654306401281499 -0.52707282776374165 -0.4900241286343337
decision_type=2 2 2 2 2 2 2 2 2 2 2 2 2 2 2 2 2 2 2 2 2 2 2 2 2 2 2 2 2 2 2
left_child=2 13 4 19 -1 9 7 8 -5 -4 -6 21 -13 14 16 25 17 18 -2 20 -3 22 -8 24 -24 -9 -12 -28 -14 -21 -31
right_child=1 3 5 6 10 -7 11 15 -10 -11 26 12 28 -15 -16 -17 -18 -19 -20 29 -22 -23 23 -25 -26 -27 27 -29 -30 30 -32
leaf_value=0.012372160947110739 -0.013021063250723617 -0.0022943607794089311 0.0042582848649334783 -0.035337038778004932 -0.00018191836877828595 -0.058967890158033512 0.0067613427159140902 0.015220923087206146 0.001318093750501503 -0.065740191582427304 -0.0034162652689997096 0.011304703975545368 -0.023322924582504685 -0.02960260245429859 -0.02389180047691385 0.028548519933112186 -0.084863289454708626 0.048574491448542409 0.0023262154401206634 0.037139515755869844 0.034791377334001852 0.003326607426845539 -0.00041608254722351533 0.0083723022823395145 -0.015646922274651531 -0.0012786672397651106 0.0016989996215702765 -0.036564137788444549 -0.0016977464159639666 -0.0086957411872808799 0.0077661882978778685
leaf_weight=145.93742871284485 271.87638580799103 61.771628826856613 173.26352563500404 135.2170814871788 940.0441931784153 1152.2052865922451 343.03746795654297 1548.807530194521 141.15209981799126 115.82774519920349 421.31551077961922 113.68960431218147 198.37163135409355 294.16637897491455 147.90903949737549 178.22905963659286 178.65698370337486 216.53779637813568 141.10649159550667 797.67128884792328 380.72922173142433 149.05327498912811 84.97594341635704 78.685912311077118 142.45830389857292 576.36013770103455 90.253021776676178 765.01319870352745 139.76761949062347 139.65359771251678 1952.1150076389313
leaf_count=168 293 62 140 98 2156 1830 1115 4681 113 146 883 197 87 245 109 242 408 507 156 2193 785 128 163 186 122 1980 243 1665 237 100 2905
internal_value=-5.35286e-05 0.000869163 -0.00211398 0.0013423 -0.00104553 -0.00380329 0.000435086 0.00111462 -0.00280406 0 -0.00146758 -0.000902629 -0.00273239 -0.00177346 -0.000912485 0.00162298 -7.6373e-05 0.00062462 -0.000558224 0.00235954 0.00431413 4.05083e-05 -0.000535324 -0.00237857 -0.00389207 0.00129153 -0.00244209 -0.00321883 -0.00416714 0.00202776 0.00151882
internal_weight=12215.9 8412 3803.86 7161.75 2362.56 1441.3 3829.81 2579.77 276.369 289.091 2216.63 1250.04 451.829 1250.25 956.087 2303.4 808.178 629.521 412.983 3331.94 442.501 798.211 649.158 306.12 227.434 2125.17 1276.58 855.266 338.139 2889.44 2091.77
internal_count=24343 17112 7231 15394 5115 2116 9349 7114 211 286 4947 2235 521 1718 1473 6903 1364 956 449 6045 847 1714 1586 471 285 6661 2791 1908 324 5198 3005
is_linear=0
shrinkage=0.0160995


Tree=76
num_leaves=32
num_cat=0
split_feature=35 57 11 51 69 11 58 29 69 59 12 64 29 35 69 11 44 27 4 63 27 44 37 64 51 29 11 11 64 30 11
split_gain=91.5946 32.617 28.9636 24.5437 19.7188 28.2636 18.1206 11.9245 11.5564 13.5778 10.2202 10.217 10.9709 9.62513 9.33899 9.27559 19.2095 9.15286 9.12161 8.86914 7.53858 11.0636 7.24181 13.9674 9.96 7.05105 10.0262 6.77793 6.22215 6.52007 5.75495
threshold=73.950000000000017 5.1333333333335522 0.85651926849515192 1.8136658621800261 27.013624244380484 0.87377473702374975 1239.8610000000001 29.425000000000004 27.414867087810823 0.35550000000000004 2.5000000000000004 1007.4500000000002 29.715000000000003 86.550000000000011 36.263343501205597 -0.70862667826445969 36.14409665396979 28.355000000000004 1012.4500000000002 1007.0500000000001 29.115000000000006 26.937834011756383 80.250000000000014 1010.1500000000002 1.3406206313494817 24.130000000000006 0.84750952922804634 -0.65187484896379921 1004.4500000000002 27.305000000000003 0.94968266440323645
decision_type=2 2 2 2 2 2 2 2 2 2 2 2 2 2 2 2 2 2 2 2 2 2 2 2 2 2 2 2 2 2 2
left_child=4 3 7 10 -1 6 -6 18 9 -4 17 12 14 22 -9 -8 -17 -2 28 27 21 -15 23 24 -12 -24 -27 -14 -3 -30 -28
right_child=1 2 8 -5 5 -7 15 11 -10 -11 13 -13 19 20 -16 16 -18 -19 -20 -21 -22 -23 25 -25 -26 26 30 -29 29 -31 -32
leaf_value=0.0035364723841872069 0.00048772275699071388 0.027853862344507246 0.014288783745387935 -0.013803094945055737 0.016077229680663826 -0.065585093808006908 0.0061188666494714312 -0.0010909323501134998 -0.041757267281641072 -0.024286069527793497 0.0076187319509368806 -0.043396527791005314 0.01861503524930469 -0.030248609968085378 -0.013665273272080419 -0.021194699399135208 -0.040181390329675569 -0.019703173138395133 -0.051247081412307938 -0.0064143602470642007 -0.010345017272114775 0.034303311445022383 0.026372412872118195 0.011435948669309937 -0.023239617811016619 0.028370051546470796 -0.0051203196121859494 -0.00078521022096170146 0.034886429852764106 0.0035653135396928682 0.017342477729561764
leaf_weight=191.49689164757729 465.90537816286087 371.55773395299911 165.66839662194252 310.19234085083008 254.19668701291084 1198.0944901704788 193.87364971637726 251.32609686255455 512.44662249088287 201.24728414416313 422.87327343225479 305.8310966193676 289.5441192984581 76.932004362344742 118.06229829788208 563.03241795301437 254.67890873551369 271.33257037401199 83.610972911119461 218.53562551736832 174.81750604510307 335.3199919462204 289.90656074881554 289.36719298362732 128.11608910560608 1327.5170421898365 193.99527579545975 187.56616526842117 239.31891161203384 2155.4623190462589 174.03348398208618
leaf_count=136 510 1141 126 173 596 1897 468 552 865 127 1007 697 461 25 67 1467 146 439 182 234 250 762 97 258 69 3610 159 243 647 6829 103
internal_value=-1.21852e-05 0.000716061 -0.000149025 0.00172254 -0.00266183 -0.00306223 -0.00129183 0.000388727 -0.00281232 -0.000377767 0.0020601 -0.000812014 0 0.00243414 -0.00229161 -0.00229768 -0.00306387 0.000217208 0.000994644 0.00112558 0.000391666 0.00168966 0.00282918 0.00139769 0 0.00339134 0.00288868 0.0024132 0.00117727 0.000828053 0.000287614
internal_weight=12215.9 9560.49 5100.18 4460.31 2655.37 2463.88 1265.78 4220.82 879.362 366.916 4150.12 1370.87 1065.03 3412.88 369.388 1011.58 817.711 737.238 2849.95 695.646 587.07 412.252 2825.81 840.357 550.989 1985.45 1695.55 477.11 2766.34 2394.78 368.029
internal_count=24343 19633 12171 7462 4710 4574 2677 11053 1118 253 7289 2254 1557 6340 619 2081 1613 949 8799 938 1037 787 5303 1334 1076 3969 3872 704 8617 7476 262
is_linear=0
shrinkage=0.0160995


Tree=77
num_leaves=32
num_cat=0
split_feature=6 12 11 64 55 21 11 11 4 28 45 8 51 11 51 30 43 51 36 29 29 29 44 44 37 29 11 11 11 11 36
split_gain=87.8383 53.2929 36.9626 15.8334 15.1983 15.1055 15.6925 17.5941 14.5366 15.9333 14.6322 15.266 17.1192 11.9822 11.9273 9.71287 8.21529 8.1209 7.67335 10.408 8.37201 7.53647 9.60599 14.6387 7.09978 6.44535 5.64756 8.18256 8.19524 14.4044 6.61314
threshold=0.37940952255126054 1.5000000000000002 0.86527520261780289 1010.4500000000002 9.8500000000000032 35.895811250117625 -0.65187484896379921 -0.45973273945210419 1005.5500000000001 29.135000000000002 1.1009628674911782 0.12940952255126045 1.1205626498592018 0.99164058729498161 1.1465088382152222 26.615000000000006 0.35865908905161575 0.37173883909254329 83.550000000000011 29.815000000000001 29.135000000000002 23.505000000000006 27.581033367149875 29.384871589387 80.850000000000009 25.625000000000004 0.43665123195606398 0.97690230611205509 0.91925191855388755 0.78827585631460517 85.350000000000009
decision_type=2 2 2 2 2 2 2 2 2 2 2 2 2 2 2 2 2 2 2 2 2 2 2 2 2 2 2 2 2 2 2
left_child=1 3 5 16 -4 14 -7 -8 -3 10 17 12 -12 21 -2 24 -1 -10 19 20 -11 -13 -23 -24 -5 -6 -25 28 29 30 -28
right_child=2 8 4 15 25 6 7 -9 9 18 11 13 -14 -15 -16 -17 -18 -19 -20 -21 -22 22 23 26 -26 -27 27 -29 -30 -31 -32
leaf_value=-0.011460137306719218 0.0031057311166794053 0.024074176653680463 -0.0017419046269947303 -0.01294677578465323 -0.016546071578334379 -0.0034597757232280721 -0.033481232909288949 -0.0031873110927420406 0.012446481870173168 0.00075407974090790724 0.021208237596814668 0.021846425917974085 -0.036999287969088669 0.025660658012364307 -0.082244676381717854 -0.05508033397802662 -0.051560409186637977 0.028391565823973508 0.0091705464483195602 0.0070642295347107063 -0.0081203427483783567 -0.0043819686976730695 0.044599520685043803 0.024449019434300744 0.0027343714027830337 -0.080998554617384935 -0.017418300187834586 0.0092867866568186221 -0.0047148420142005881 0.049522920936809885 0.010770819629878406
leaf_weight=208.92991209030151 1681.9329305887222 903.13217887282372 181.34133771061897 176.53260636329651 139.73876383900642 480.65932190418243 346.95504260063171 209.86845016479492 605.96487709879875 208.49307888746262 381.60777896642685 345.14340060949326 528.72524845600128 312.96655225753784 241.05232954025269 145.30351126194 447.96267414093018 1161.7403664290905 132.07091909646988 269.67085748910904 454.00180777907372 409.69288867712021 264.05413857102394 228.197255641222 136.9302154481411 766.07392448186874 265.72531792521477 106.27448177337646 240.38206124305725 118.75327575206757 115.9818921983242
leaf_count=363 5495 2571 147 171 113 827 168 394 2128 390 1176 141 925 173 600 261 469 3101 161 359 583 197 244 751 131 1387 346 18 107 249 197
internal_value=-1.80513e-05 0.000936275 -0.00196284 -0.0023008 -0.00451825 -0.000993263 -0.00255941 -0.00440217 0.00146057 0.00115929 0.00153846 0.000870752 -0.000846744 0.00155376 -0.000103677 0 -0.00389697 0.00274223 -0.000576587 -0.00115529 -0.00228356 0.0010602 0.000571971 0.00126436 0.00158971 -0.00536829 0.000343637 -0.00017775 -0.000870721 0.000157966 -0.00120553
internal_weight=12215.9 8168.24 4047.62 1115.66 1087.15 2960.47 1037.48 556.823 7052.58 6149.45 5085.21 3317.5 910.333 2407.17 1922.99 458.766 656.893 1767.71 1064.24 932.166 662.495 2094.2 1749.06 1339.37 313.463 905.813 1075.31 847.117 740.843 500.46 381.707
internal_count=24343 15212 9131 1395 1647 7484 1389 562 13817 11246 9753 4524 2101 2423 6095 563 832 5229 1493 1332 973 2250 2109 1912 302 1500 1668 917 899 792 543
is_linear=0
shrinkage=0.0160995


Tree=78
num_leaves=32
num_cat=0
split_feature=36 57 51 11 6 10 51 11 10 10 35 10 70 44 22 11 10 10 29 28 63 66 28 10 11 29 29 19 20 11 35
split_gain=89.9568 29.8339 27.0656 26.458 18.3534 16.5192 16.4756 9.70145 11.0295 11.2012 9.60775 12.8185 11.8481 11.357 8.87692 15.8188 9.48883 13.63 8.8002 8.53262 7.81735 16.2444 7.22324 10.6064 6.73412 6.49403 11.1953 9.09574 6.40202 6.27355 7.18903
threshold=75.65000000000002 4.366666666666819 1.3068976338379223 0.85651926849515192 0.60355339059327384 0.7775899462189082 1.8136658621800261 -0.70862667826445969 0.88203985695844977 -0.71466676797886819 86.550000000000011 0.61866567420209762 1.3905410024532954 26.614350352839264 26.845588761884141 0.8977101403255705 0.7266007961912001 0.88203985695844977 24.130000000000006 30.335000000000004 1008.7500000000001 3.3750000000000004 29.835000000000004 0.85654306401281499 0.99962961997441069 29.915000000000003 29.425000000000004 36.073361161770009 38.372263631028297 0.97690230611205509 78.350000000000009
decision_type=2 2 2 2 2 2 2 2 2 2 2 2 2 2 2 2 2 2 2 2 2 2 2 2 2 2 2 2 2 2 2
left_child=2 6 4 5 14 25 10 -6 9 -9 11 -2 13 -12 -1 16 -16 -18 -5 22 21 -13 23 -7 -4 26 -3 -28 -23 -20 -31
right_child=1 3 24 18 7 19 -8 8 -10 -11 12 20 -14 -15 15 -17 17 -19 29 -21 -22 28 -24 -25 -26 -27 27 -29 -30 30 -32
leaf_value=0.011218018336457089 0.016423970451256816 0.010581139427595058 -0.057571535361657947 0.0074010297733661254 0.0057675439316640532 -0.012493346389273432 -0.012520019775091321 0.0059432432685484872 0.00083830954255706815 -0.065590035081417752 -0.023407800313940276 0.030583856474793478 -0.0094800699987632412 0.030579384774274999 0.02202933712539509 -0.046820956563262024 -0.036980891624501563 0.025666322726882629 -0.042635669278817873 -0.018495202475828202 -0.016994145912698575 -0.0048731313959845726 0.0016336913055232636 -2.2693759097936701e-05 -0.013135208050467183 0.011242585168030126 0.0046915212678805196 -0.010188878959679957 0.020437663288694671 -0.029985983694194345 0.010482874520307097
leaf_weight=137.19905751943588 2467.8075903952122 2306.748770236969 963.68268394470215 112.95583382248878 201.62979906797409 194.06202021241188 298.53458786010742 122.11960422992706 207.69724625349045 708.49133491516113 42.727742820978165 227.94284868240356 200.32051685452461 407.92376723885536 383.69632691144943 313.19779747724533 126.00037395954132 94.382491111755371 414.63404640555382 117.68035483360291 216.64586400985718 340.20637145638466 140.86517643928528 415.57372108101845 81.286413192749023 275.6257606446743 221.60377022624016 193.61844277381897 64.029629707336426 107.55836275219917 109.41109082102776
leaf_count=103 4387 7524 1439 49 526 215 158 440 431 1154 16 268 242 868 965 594 135 254 579 96 347 727 137 1063 108 396 606 194 60 129 133
internal_value=-1.35031e-05 0.000827317 -0.00227101 -5.3883e-05 -0.00124065 0.000464269 0.00179764 -0.0025722 -0.00320805 -0.00403509 0.00208148 0.0024346 0.000156684 0.0017167 0.00025267 -0.000242346 0.00118411 -0.00122386 -0.00284096 -0.00144933 0.000603945 0.00157735 -0.000682483 -0.00152395 -0.00444547 0.0010462 0.000767113 -0.00157493 -0.000180653 -0.00360575 -0.000884258
internal_weight=12215.9 8876.48 3339.38 4610.34 2294.41 3865.78 4266.14 1239.94 1038.31 830.611 3967.6 3316.63 650.972 450.652 1054.48 917.277 604.079 220.383 744.559 868.181 848.825 632.179 750.501 609.636 1044.97 2997.6 2721.97 415.222 404.236 631.603 216.969
internal_count=24343 18194 6149 11121 4602 10231 7073 2551 2025 1594 6915 5789 1126 884 2051 1948 1354 389 890 1511 1402 1055 1415 1278 1547 8720 8324 800 787 841 262
is_linear=0
shrinkage=0.0160995


Tree=79
num_leaves=32
num_cat=0
split_feature=37 12 55 58 12 69 27 27 68 69 8 62 44 19 37 41 44 65 19 63 45 45 44 49 44 12 32 61 23 49 62
split_gain=83.1552 28.4054 26.3898 23.3788 22.2464 15.6068 14.0212 10.718 11.4218 7.65334 7.45485 7.99237 7.204 13.2622 8.54592 7.21964 6.52034 8.17323 7.4538 7.02593 6.20976 6.09643 5.72189 5.32168 5.23974 5.19623 5.15894 4.80228 7.19644 6.43324 6.30004
threshold=76.050000000000011 2.5000000000000004 96.850000000000009 873.33800000000008 1.5000000000000002 31.693620767243871 25.935000000000006 29.085000000000004 1.4450000000000001 27.822843368428746 0.91597561503675362 1008.7500000000001 35.881497381951654 38.639247735234413 84.250000000000014 0.25507425244702103 35.729155300130195 5.2650000000000006 24.585881162536928 1006.9500000000002 2.9398720701398982 2.1479381862149953 31.95789237566672 0.18129166187881632 29.82478673289609 11.500000000000002 81.750000000000014 0.75050000000000006 30.731418402862587 0.84478595766097186 1011.35
decision_type=2 2 2 2 2 2 2 2 2 2 2 2 2 2 2 2 2 2 2 2 2 2 2 2 2 2 2 2 2 2 2
left_child=2 10 4 6 24 -4 21 22 -9 -6 11 -2 20 14 15 23 18 19 -5 -18 27 -3 -7 -14 -1 -11 -12 28 30 -29 -8
right_child=1 3 5 16 9 7 12 8 -10 25 26 -13 13 -15 -16 -17 17 -19 -20 -21 -22 -23 -24 -25 -26 -27 -28 29 -30 -31 -32
leaf_value=-0.056493177544393078 0.0003108356553380671 0.0010574153808054511 -0.075177929648944597 -0.012484789294918214 0.0055023956812389916 -0.04178957556377863 0.0081852899206230467 -0.0010757179734504293 -0.032072328181003799 0.0032079438294976264 -0.0084255409369617777 -0.034673302833602176 -0.00036070166784850821 0.038758212300552666 0.0098043119863821838 0.0098855269506379385 -0.0050579300535141935 0.0087089496885256225 0.0059018061598263725 -0.032339652219812151 -0.0013806907207933811 -0.037074691069068799 0.0074528669870508098 -0.0060909928769082916 -0.0024108447002232801 -0.022961164845539818 0.0062458679204755105 0.024150710809563523 -0.00062853483294609798 -0.012152239623486659 0.020906076193272661
leaf_weight=308.0069472193718 201.97963339090347 123.07652363181114 916.58904576301575 151.2501837015152 238.93952763080597 227.20911812782288 540.50615701079369 176.8431476354599 362.41370585560799 513.31262993812561 252.38408127427101 686.54295569658279 246.59167414903641 107.20987701416016 86.097098022699356 105.14517283439636 362.06449383497238 86.716724634170532 1807.7520706355572 145.08448749780655 159.1611442565918 118.52057874202728 452.78068575263023 213.96198728680611 112.06219390034676 131.40558195114136 176.6542030274868 2542.6076440811157 430.1072935461998 61.221274375915527 171.66155543923378
leaf_count=349 408 114 1781 90 161 742 436 178 307 1156 200 1059 378 92 147 194 373 206 5415 119 128 155 1371 227 291 179 173 6735 1013 45 121
internal_value=-9.49093e-06 0.000815494 -0.00213647 0.00120612 -0.000262611 -0.00324059 0.00185618 -0.00192754 -0.00363928 0.00112039 -0.00133261 -0.00218327 0.00206032 0.000484225 -0.000273187 -0.00111192 -1.26112e-05 -0.00151472 0.000403804 -0.00238159 0.00234546 -0.00173168 -0.000441433 -0.00207553 -0.00334644 7.38844e-05 0.000247292 0.00248165 0.00145439 0.00289907 0.00244808
internal_weight=12215.9 8776.3 3439.56 7458.74 1303.73 2135.84 4905.87 1219.25 539.257 883.658 1317.56 888.523 4664.27 759.006 651.796 565.699 2552.87 593.866 1959 507.149 3905.27 241.597 679.99 460.554 420.069 644.718 429.038 3746.1 1142.28 2603.83 712.168
internal_count=24343 17828 6515 15988 2136 4379 9785 2598 485 1496 1840 1467 9516 1038 946 799 6203 698 5505 492 8478 269 2113 605 640 1335 373 8350 1570 6780 557
is_linear=0
shrinkage=0.0160995


Tree=80
num_leaves=32
num_cat=0
split_feature=6 31 69 51 30 23 29 4 69 69 69 51 28 50 29 67 50 4 35 57 50 65 69 50 39 43 45 29 37 38 9
split_gain=83.943 35.2474 32.7934 30.2159 16.7869 17.393 14.8899 19.0448 14.7126 13.3344 13.6673 12.4456 11.1604 9.02287 8.56384 7.09966 7.114 6.235 9.29365 10.5892 8.7389 6.68998 8.37623 7.39448 6.6158 7.27481 5.95933 5.63467 5.41621 5.40184 5.11668
threshold=0.60355339059327384 77.250000000000014 31.693620767243871 1.1586132624311269 26.495000000000001 34.103349915495301 29.135000000000002 1005.35 27.274276638594149 35.460801576843927 36.263343501205597 2.3402959714150708 29.225000000000005 29.489375000000003 29.815000000000001 1.5050000000000001 29.228958333333338 1006.0500000000001 85.15000000000002 1.0000000180025095e-35 25.636666666666674 7.7250000000000005 25.26819755464934 26.063541666666669 -1.8150000000000011 0.45339702810765276 2.4572751124189574 25.625000000000004 83.550000000000011 -0.98695299782451673 0.91597561503675351
decision_type=2 2 2 2 2 2 2 2 2 2 2 2 2 2 2 2 2 2 2 2 2 2 2 2 2 2 2 2 2 2 2
left_child=1 3 27 4 -1 28 11 -8 29 -4 13 17 -7 -11 15 -9 -17 -3 19 24 -20 22 -21 -23 -19 -26 -24 -2 -6 -5 -27
right_child=2 6 9 8 5 12 7 14 -10 10 -12 -13 -14 -15 -16 16 -18 18 20 21 -22 23 26 -25 25 30 -28 -29 -30 -31 -32
leaf_value=0.012102012442814185 -0.018834057911291602 0.027440291020321708 -0.0013916911928222937 -0.010703285368822434 -0.031171795238116456 0.037911144174441865 0.017943331253857279 -0.00092270066041708683 -0.041214183789173617 -0.009349199440420973 -0.0018340815135510305 -0.025529172998256456 0.00033475293853613749 -0.041194085395009024 0.0046859670919619355 -0.0034892096914938249 -0.011289946475363565 -0.0015171079360455217 -0.020984811286312671 0.036320131476193777 0.0081224823414954971 -0.012635255347976748 0.010941847004092077 0.0021196452636797389 0.013285265992856565 0.017129258031078516 -0.017498711934857983 -0.079522929283090571 0.0075229432435965724 0.0010560735678190104 0.011029730480516154
leaf_weight=196.60218441486359 109.1955837905407 829.54023185372353 1405.0852611064911 158.90410870313644 438.18099227547646 213.55451306700706 282.05642917752266 207.71974483132362 892.57733768224716 118.57300972938538 285.10010719299316 53.858449935913086 327.54434883594513 391.96526694297791 236.39936658740044 113.26021564006805 283.46195584535599 69.082754135131836 124.90300196409225 90.72078749537468 1040.8111266791821 130.2765331864357 1354.0105111002922 138.12502032518387 497.14089402556419 903.14851421117783 101.29413029551506 765.60372045636177 148.38410261273384 197.6987646818161 111.08042907714844
leaf_count=219 111 2861 4675 99 1079 376 516 287 1363 303 309 32 488 248 365 424 330 28 50 52 2039 51 3540 183 1283 806 130 1456 330 109 201
internal_value=1.31789e-05 0.00079389 -0.00227935 -0.000782441 0.000866153 3.16509e-05 0.0014239 -0.000200551 -0.00259163 -0.00117944 -0.0028477 0.00177358 0.00217459 -0.00441587 -0.00148169 -0.00253091 -0.00378539 0.00186299 0.00159183 0.00202163 0.000269378 0.00110783 0.00153705 -0.00105816 0.00301548 0.00325434 0.00116489 -0.00493978 -0.00181062 0 0.00408292
internal_weight=12215.9 9140.34 3075.52 2573.45 1324.27 1127.66 6566.89 1122.9 1249.18 2200.72 795.638 5443.99 541.099 510.538 840.841 604.442 396.722 5390.13 4560.59 3394.88 1165.71 1814.43 1546.03 268.402 1580.45 1511.37 1455.3 874.799 586.565 356.603 1014.23
internal_count=24343 17241 7102 4063 2492 2273 13178 1922 1571 5535 860 11256 864 551 1406 1041 754 11224 8363 6274 2089 3956 3722 234 2318 2290 3670 1567 1409 208 1007
is_linear=0
shrinkage=0.0160995


Tree=81
num_leaves=32
num_cat=0
split_feature=58 12 11 69 27 12 11 62 29 11 29 65 48 30 61 11 30 29 59 11 21 11 69 61 66 61 64 11 62 29 21
split_gain=77.1993 41.4011 34.4976 21.0687 18.9695 14.2455 11.8954 10.5463 12.9876 13.5316 13.9397 10.0478 22.5124 9.49758 9.17063 10.4814 10.9624 8.03373 6.9125 6.35243 6.32616 12.6071 14.1124 7.35096 6.84421 6.18389 6.02236 6.68297 5.85061 5.53765 8.88655
threshold=5175.214500000001 1.5000000000000002 0.86527520261780289 28.205354212988816 25.845000000000002 6.5000000000000009 0.99370977118463066 1005.35 29.135000000000002 0.45207220393230413 23.505000000000006 7.3750000000000009 25.561666666666671 24.745000000000001 0.60950000000000004 0.85651926849515192 26.615000000000006 29.735000000000003 0.26950000000000007 0.73246693938583607 35.895811250117625 -0.65187484896379921 35.607027748386407 0.88950000000000007 3.3150000000000004 0.019500000000000003 1010.2500000000001 0.93225468035816128 1008.5500000000001 26.945000000000004 24.219079353969956
decision_type=2 2 2 2 2 2 2 2 2 2 2 2 2 2 2 2 2 2 2 2 2 2 2 2 2 2 2 2 2 2 2
left_child=1 11 5 18 13 20 7 -6 9 -9 -11 12 -1 -3 25 16 -16 -10 -4 -18 24 -22 23 -23 -2 -12 27 -17 -26 30 -27
right_child=2 4 3 -5 6 -7 -8 8 17 10 14 -13 -14 -15 15 26 19 -19 -20 -21 21 22 -24 -25 28 29 -28 -29 -30 -31 -32
leaf_value=0.0020664986946010264 0.008254311540175285 0.0033498891716093873 0.0036887701298047443 -0.075568253829586887 0.021890863998686026 0.0045668421634031632 0.015236753208772592 0.020021382717705826 -0.0053177860504787728 0.023257882317729378 0.00041642381520042509 -0.022186149319051537 -0.033708176333124083 -0.030100650050336422 0.055501990297747703 0.0016727310976962749 -0.0032135241803971631 0.0044199845541715585 -0.032453782552795532 0.030130456364527134 -0.0036459156155698447 0.0024147539559373193 -0.034651293169618923 -0.016841147897212406 -0.0041484845639329802 -0.01263511366493437 0.013785302751627409 -0.04193943933087324 -0.064499253632547812 -0.015656690104609204 0.0020357312351995237
leaf_weight=177.19661808013916 325.79494425654411 97.107931524515152 156.09346526861191 778.2403461933136 945.33075848221779 1136.4579181671143 380.0955662727356 1855.9814120233059 513.06495344638824 290.94623032212257 196.6800879240036 161.41130363941193 787.68923649191856 339.10860440135002 212.00517219305038 120.22970676422119 393.81094211339951 423.01650878787041 126.52412348985672 178.92296159267426 432.9617280960083 143.3043312728405 304.58209419250488 92.580750972032547 322.95936831831932 134.05642405152321 107.15888142585754 114.73570287227631 216.37460511922836 388.02177014946938 363.41494995355606
leaf_count=113 788 54 127 1354 2671 3934 234 5823 961 119 162 80 1225 540 325 206 776 510 112 418 588 209 148 85 1003 45 66 84 596 654 333
internal_value=-3.23602e-06 0.000889109 -0.0018309 -0.00433921 0.00135358 -0.0009056 0.00157463 0.00138562 0.00108057 0.00145552 0.000637435 -0.00194414 -0.00120502 -0.00180374 0.000160638 0.00120544 0.00226029 -0.000577969 -0.000262999 0.000917738 -0.00178952 -0.00270791 -0.00436126 -0.000969125 -0.000657341 -0.000853929 -0.000980786 -0.00256 -0.0018222 -0.00147471 -0.000169652
internal_weight=12215.9 8179.99 4035.87 1060.86 7053.69 2975.02 6617.47 6237.38 5292.05 4355.96 2499.98 1126.3 964.886 436.217 2209.04 1126.86 784.739 936.081 282.618 572.734 1838.56 973.429 540.467 235.885 865.129 1082.17 342.124 234.965 539.334 885.493 497.471
internal_count=24343 15399 8944 1593 13981 7351 13387 13153 10482 9011 3188 1418 1338 594 3069 1875 1519 1471 239 1194 3417 1030 442 294 2387 1194 356 290 1599 1032 378
is_linear=0
shrinkage=0.0160995


Tree=82
num_leaves=32
num_cat=0
split_feature=36 6 49 69 52 33 22 36 52 18 3 45 69 21 21 20 27 20 34 68 63 38 63 34 34 24 69 25 69 63 20
split_gain=83.7014 29.4033 18.7506 15.2114 14.4835 12.428 11.4265 10.5433 8.65933 19.3175 8.4286 7.70277 7.45547 6.45562 10.5172 11.4428 6.45352 6.12002 6.09922 5.43547 5.19054 5.15649 5.12718 5.10217 5.21019 5.60445 5.00154 4.91037 9.92509 5.6056 4.80616
threshold=74.050000000000011 -0.25881904510252113 0.93556569118312127 26.869750944255699 2002.5740000000003 70.550000000000011 24.585881162536928 82.950000000000017 2135.1285000000003 37.343471940719304 0.14050000000000004 2.9398720701398982 27.414867087810823 35.551218429581773 37.472986655778918 35.20424312618097 29.205000000000002 35.852412904597351 60.750000000000007 0.81500000000000006 1003.85 -1.003868343665278 1006.1500000000002 71.250000000000014 80.450000000000017 29.855000000000004 34.940470211468472 26.175000000000004 30.649059373177796 1009.4500000000002 35.503597761569843
decision_type=2 2 2 2 2 2 2 2 2 2 2 2 2 2 2 2 2 2 2 2 2 2 2 2 2 2 2 2 2 2 2
left_child=2 5 3 -1 10 6 -2 13 -5 23 12 17 -3 16 15 -15 22 18 -7 -17 -19 -12 -6 -10 26 -26 -25 29 -29 -24 -8
right_child=1 4 -4 8 7 11 30 -9 9 -11 21 -13 -14 14 -16 19 -18 20 -20 -21 -22 -23 27 24 25 -27 -28 28 -30 -31 -32
leaf_value=0.0025582316965337146 0.0037652188067953921 0.010242513375349141 -0.080223430523314834 -0.05162756547801832 0.014783566166465352 -0.028768473988082088 -0.011449140084950932 0.0130757769434419 0.0050324053803280713 -0.040361106112820469 -0.0060864377323912554 -0.0039446368534038498 -0.024978299915546523 0.0024483556154032068 0.0054531637470661204 -0.00062487448752651079 0.013408383528508285 0.047769400922781501 0.017608179058180566 -0.012542616349551207 0.0016033758881393685 -0.020197855648915092 -0.022160169912031021 -0.00091752898825030421 -0.0040537569691074795 0.010182854364783054 -0.042410871526767639 -0.033023382767128573 -0.0034342068561963464 0.018049193212318859 0.0081129581017332052
leaf_weight=150.91570258140564 101.2257442176342 107.23539468646049 398.08662414550781 1146.8437336981297 412.58437472581863 59.326203554868698 557.50183033943176 926.76858985424042 77.830761581659317 218.3876428604126 91.334424436092377 144.78285503387451 125.88449907302856 248.32826283574104 254.27524948120117 89.949758023023605 199.85800531506538 74.200953632593155 3247.5243913531303 431.29488831758499 765.95036488771439 370.0131416618824 98.291057765483856 126.06817784905434 290.65892630815506 126.80096089839935 105.49894025921822 212.87595400214195 860.02823725342751 114.32584869861603 81.207898527383804
leaf_count=105 67 52 733 2084 1534 71 708 2469 147 144 63 142 155 741 346 109 321 98 6730 535 1370 433 72 361 927 140 157 374 2918 138 99
internal_value=0 0.00070495 -0.00253056 -0.0018998 -0.000218587 0.00155428 -0.000279351 0.000148745 -0.0022781 -0.00100518 -0.00235969 0.00188902 0 -0.000303166 -0.00134289 -0.00231742 0.000217012 0.00202515 0.00234766 -0.00367947 0.000656436 -0.00361403 -6.15637e-05 0.000157385 -0.000201951 0.000732487 -0.00221331 -0.0006074 -0.0010944 0.00145777 -0.00118205
internal_weight=12215.9 9574.77 2641.09 2243 4543.05 5031.72 739.935 3848.58 2092.09 945.245 694.467 4291.78 233.12 2921.81 1023.85 769.573 1897.96 4147 3306.85 521.245 840.151 461.348 1698.11 726.858 649.027 417.46 231.567 1285.52 1072.9 212.617 638.71
internal_count=24343 19545 4798 4065 10260 9285 874 9557 3960 1876 703 8411 207 7088 1731 1385 5357 8269 6801 644 1468 496 5036 1732 1585 1067 518 3502 3292 210 807
is_linear=0
shrinkage=0.0160995


Tree=83
num_leaves=32
num_cat=0
split_feature=36 12 6 49 11 11 11 11 7 62 61 28 50 28 11 11 11 31 18 11 50 62 11 41 11 63 21 68 11 68 11
split_gain=79.4915 28.0316 27.4557 18.1601 12.5419 13.858 13.1131 19.1505 11.2442 9.99708 15.1849 9.97062 11.8349 16.3909 9.86888 9.35258 15.3308 8.77414 7.79313 9.05478 7.70818 8.83489 15.759 8.80185 8.31803 7.26051 6.92322 6.90215 5.66206 5.33551 5.10133
threshold=74.050000000000011 2.5000000000000004 -0.25881904510252113 0.93556569118312127 -0.70862667826445969 -0.45973273945210419 0.88201535311751322 0.98367285631203072 0.60355339059327384 1009.35 0.42850000000000005 29.285000000000004 25.977708333333339 23.835000000000004 -0.54160775828284857 0.99164058729498161 0.96457844552971317 77.050000000000011 25.455931119106872 0.90515966073569365 29.257708333333333 1009.6500000000002 0.8977101403255705 0.058726748647897127 0.91925191855388755 1009.2500000000001 30.492340961440359 2.4450000000000007 0.68389408864483059 0.18500000000000003 0.99164058729498161
decision_type=2 2 2 2 2 2 2 2 2 2 2 2 2 2 2 2 2 2 2 2 2 2 2 2 2 2 2 2 2 2 2
left_child=3 9 15 4 -1 -6 -7 -8 30 10 -2 12 13 -4 -13 16 20 -11 -14 -20 21 24 28 -22 -3 -21 -12 -25 -23 -19 -9
right_child=1 2 11 -5 5 6 7 8 -10 17 26 14 18 -15 -16 -17 -18 29 19 25 23 22 -24 27 -26 -27 -28 -29 -30 -31 -32
leaf_value=0.0088495439998844908 -0.027416916281318475 0.030781372328345422 0.011209854946212065 -0.078931875680250715 -0.039361190964880256 0.00165683744821551 -0.065747230190006417 0.041148943138954071 0.0018100389717626169 -0.039658540665561987 0.0056765818895184433 5.3222786868034204e-05 0.022992609707002724 -0.027544656579360813 -0.012340686853576257 0.025649309060981222 -0.0012185121111173908 0.00063905372569179582 0.0103247835032356 -0.038604485871378137 -0.001172018588300232 0.027416100454408749 0.054526235786845026 0.0089219272835699154 -0.00081367048243248519 0.00038931447158226139 -0.0058974644868544533 -0.00011328800721272384 -0.011808026426091481 -0.020795811829407401 -0.041788066581244648
leaf_weight=222.65585899353027 236.23029193282127 1725.130956530571 176.9891971051693 398.08662033081055 371.52737963199615 668.19712644815445 592.30124735832214 69.260213434696198 125.84556579589844 423.7522782087326 191.67682746052742 781.8248348236084 143.22272580862045 215.06182277202606 515.28131911158562 244.20445442199707 438.33256530761719 281.17984920740128 1923.7254591584206 108.80216625332832 242.72228011488914 173.27717900276184 156.86239963769913 346.54980713129044 190.13860601186752 117.72468212246895 93.934483200311661 313.83937677741051 285.72170627117157 248.58270317316055 193.21741431951523
leaf_count=534 378 5387 80 733 264 1778 959 155 88 619 289 1495 83 177 913 186 187 340 6349 96 278 559 130 499 77 107 179 593 189 355 287
internal_value=-5.23547e-05 0.000623175 0.00100077 -0.00252926 -0.00190723 -0.00232299 -0.00161217 -0.00279602 0 -0.0013931 0.000263179 2.70428e-05 0.000606183 -0.00189574 -0.00110887 0.00192252 0.00169535 -0.00238091 0.00107092 0.000779762 0.00206508 0.00253304 0.000677704 0.000660595 0.00308561 -0.00212202 0.0028803 0.00168654 -0.000683643 -0.000797456 -0.00190746
internal_weight=12215.9 9574.77 8099.41 2641.09 2243 2020.35 1648.82 980.624 388.323 1475.36 521.842 3982.63 2685.53 392.051 1297.11 4116.78 3872.57 953.515 2293.48 2150.25 3434.24 2531.13 615.861 903.111 1915.27 226.527 285.611 660.389 458.999 529.763 262.478
internal_count=24343 19545 17385 4798 4065 3531 3267 1489 530 2160 846 9300 6892 257 2408 8085 7899 1314 6635 6552 7712 6342 878 1370 5464 203 468 1092 748 695 442
is_linear=0
shrinkage=0.0160995


Tree=84
num_leaves=32
num_cat=0
split_feature=6 12 51 27 10 70 68 51 10 50 45 37 40 28 47 34 50 23 23 10 35 19 50 10 1 10 10 10 10 10 10
split_gain=74.6124 50.3673 30.0259 23.3508 31.1866 17.3413 13.0989 13.8825 10.7228 10.3765 9.56563 9.96636 11.0891 8.46528 8.25817 9.49735 12.9622 8.58523 8.22418 7.96108 6.73237 6.67542 6.63115 6.02367 6.5428 5.92205 5.90804 4.98546 5.74398 4.85096 10.9093
threshold=0.60355339059327384 1.5000000000000002 0.9386574979986414 25.845000000000002 0.61866567420209762 3.08098181321107 2.1450000000000005 1.1205626498592018 -0.3896268414500369 28.618333333333336 2.4572751124189574 78.450000000000017 27.367933886565172 28.995000000000001 0.33501243758025201 70.850000000000009 25.977708333333339 30.643142759126377 25.455931119106872 -0.35769492645306972 77.750000000000014 37.801061631424659 27.617083333333337 0.34964421742355262 0.025000000000000005 -0.5123666674339783 0.26781182513105634 -0.12447811117596669 -0.2595093939220976 0.88203985695844977 0.75548631800528565
decision_type=2 2 2 2 2 2 2 2 2 2 2 2 2 2 2 2 2 2 2 2 2 2 2 2 2 2 2 2 2 2 2
left_child=1 10 8 18 5 14 7 -6 -2 19 11 22 -13 -8 15 -5 -17 20 -3 -7 -18 -15 23 24 -1 -4 -14 28 -16 30 -10
right_child=2 3 25 4 6 9 13 -9 29 -11 -12 12 26 21 27 16 17 -19 -20 -21 -22 -23 -24 -25 -26 -27 -28 -29 -30 -31 -32
leaf_value=-0.055019720126179922 0.0065443704585988723 -0.0040094820254135887 -0.016946368570480985 0.020078578293124587 0.0085901365927423239 0.0048146620235007386 0.00097180541193910605 -0.026587088974234736 -0.010079850418096729 0.011344950930467623 -0.032077619113881121 0.0017482266709361088 -0.039459038130111777 -0.0099258659853063581 0.010569873043970411 -0.011274650970634011 -0.015650188424544929 0.017741830896203178 -0.029201335209819414 -0.027483860081711387 0.043209531564528565 -5.6509299967078931e-05 -0.00097249894235989153 -0.07766111418772971 0.044325238054496952 -0.074315566296518712 0.0062651632568055827 0.0066763108918263961 -0.00188969131583031 -0.00092825945682759546 -0.027680862698088303
leaf_weight=101.60112017393112 648.97967398166656 108.12894967198372 121.67158782482147 516.06278589367867 1128.0912022292614 85.264689445495605 335.28077080845833 273.54014199972153 877.87889516353607 175.17318147420883 331.31193542480469 161.13482823967934 106.01884710788727 443.34861272573471 327.86531484127045 211.63796269893646 66.261221051216125 2530.6193904876709 401.56136766076088 186.6744133234024 518.44217067956924 147.73483562469482 161.58142355084419 184.01448377966881 81.060350388288498 757.89406359195709 105.74184074997902 201.52498069405556 250.65947532653809 300.31814241409302 368.78073883056641
leaf_count=133 2389 56 347 573 2078 245 673 490 2163 477 219 107 199 483 374 99 112 7874 640 96 920 152 433 194 146 1289 150 217 101 693 221
internal_value=-1.94003e-05 0.000703901 -0.00219341 0.00118255 0.00141885 0.00212749 -9.10514e-05 0.000853235 -0.00113483 -0.000761814 -0.0022972 -0.00130226 0.000536493 -0.00160379 0.00242459 0.00274026 0.0023728 0.00264338 -0.00207781 -0.00284348 0.00453436 -0.00277201 -0.0027459 -0.0039339 -0.00123611 -0.00473093 -0.00162065 0.000762024 0 -0.00187407 -0.00231552
internal_weight=12215.9 9140.34 3075.52 7907.87 7398.18 5070.19 2328 1401.63 2195.96 447.112 1232.46 901.153 372.896 926.364 4623.07 3843.02 3326.96 3115.32 509.69 271.939 584.703 591.083 528.257 366.676 182.661 879.566 211.761 780.05 578.525 1546.98 1246.66
internal_count=24343 17241 7102 15660 14964 11088 3876 2568 5466 818 1581 1362 456 1308 10270 9578 9005 8906 696 341 1032 635 906 473 279 1636 349 692 475 3077 2384
is_linear=0
shrinkage=0.0160995


Tree=85
num_leaves=32
num_cat=0
split_feature=6 51 51 37 32 22 4 50 50 37 57 35 51 68 44 57 57 4 65 32 30 44 21 57 21 22 68 8 50 65 50
split_gain=74.8549 35.8204 30.2611 18.7144 15.4314 10.4813 14.2675 11.0748 23.4486 10.3488 9.13619 7.88836 7.70249 8.83492 7.79515 7.34914 7.13521 7.84661 6.91595 9.43193 6.71836 6.58978 6.38243 6.22585 6.1027 12.6187 5.71334 7.36558 4.66585 4.53288 4.2645
threshold=0.37940952255126054 1.8136658621800261 0.97625022015478036 80.65000000000002 81.350000000000009 23.764697191857504 1008.85 27.268333333333334 25.800000000000004 68.350000000000009 129.46666666666678 64.050000000000011 1.1205626498592018 1.1050000000000002 35.447459989661162 5.5416666666667806 4.708333333333429 1009.35 2.6950000000000007 72.250000000000014 26.615000000000006 35.881497381951654 36.444848263419914 83.250000000000185 35.895811250117625 37.472986655778918 0.055000000000000007 0.60355339059327384 29.272916666666671 4.3450000000000006 28.158958333333338
decision_type=2 2 2 2 2 2 2 2 2 2 2 2 2 2 2 2 2 2 2 2 2 2 2 2 2 2 2 2 2 2 2
left_child=1 3 9 4 12 -5 18 8 -8 -2 23 -11 13 14 20 -10 17 -14 19 -7 -1 -15 -23 -4 -13 29 27 -3 30 -26 -20
right_child=2 26 10 5 -6 6 7 -9 15 11 -12 24 16 21 -16 -17 -18 -19 28 -21 -22 22 -24 -25 25 -27 -28 -29 -30 -31 -32
leaf_value=0.0065308550267282111 -0.040668560644150767 -0.036858453589185027 -0.031572356809956681 0.021055464272530664 0.01727289418582334 -0.007918672219399122 -0.014291351417375078 -0.0048142227937532506 0.037818513806536794 -0.054473544001791913 -0.069644846735004248 0.0020197782330011868 -0.0085163126740706932 0.002889858856696171 0.014362838218624193 0.0040791098194159041 -0.03701147604122388 0.0011377816909200415 0.004153599880175266 0.033435230619006356 -0.011928045077412368 -0.0073616951596193183 -0.0025050613483609614 0.0014019591964811874 -0.019767298052679266 0.0072377006437439823 -0.025791885273712001 -1.6618309882235201e-05 0.0018652114656523599 -0.0052623816264734894 0.0268127434169716
leaf_weight=110.86188241839409 281.68242728710175 128.82189339399338 159.90641206502914 355.17775002121925 918.08433097600937 52.250863403081894 267.88594663143158 740.78128826618195 360.74405202269554 68.370196223258972 916.89431720972061 1642.878899037838 186.51206934452057 372.39803883433342 179.03449672460556 130.82177630066872 417.1633235514164 363.81147113442421 683.01936787366867 379.58785793185234 316.94645348191261 161.68924000859261 173.1210994720459 110.53967428207397 431.34932574629784 238.31850051879883 174.69568186998367 183.85396671295166 534.43873742222786 197.68231794238091 976.53573974967003
leaf_count=146 666 165 136 129 2023 105 169 1399 301 81 1736 5205 150 1030 184 214 728 303 1669 775 915 103 184 116 453 266 143 106 916 472 3355
internal_value=-2.18205e-06 0.000878335 -0.0017981 0.00115507 0.000186132 0.00182837 0.00156742 0.000253068 0.00165812 -0.000863106 -0.00397424 -0.000504544 -0.000495551 0.000255553 0.00172214 0.00379448 -0.00159547 -0.000226345 0.00228659 0.00429484 0.000324306 -0.000892472 -0.00255808 -0.000965539 -0.000319721 -0.00142255 -0.00329735 -0.0015913 0.00184877 -0.00266209 0.00228116
internal_weight=12215.9 8168.24 4047.62 7680.87 3199.62 4481.24 4126.07 1500.23 759.452 2860.28 1187.34 2578.6 2281.54 1314.05 606.843 491.566 967.487 550.324 2625.83 431.839 427.808 707.208 334.81 270.446 2510.23 867.35 487.372 312.676 2193.99 629.032 1659.56
internal_count=24343 15212 9131 14798 5766 9032 8903 2083 684 7143 1988 6477 3743 2562 1245 515 1181 453 6820 880 1061 1317 287 252 6396 1191 414 271 5940 925 5024
is_linear=0
shrinkage=0.0160995


Tree=86
num_leaves=32
num_cat=0
split_feature=36 37 49 29 4 23 61 3 52 21 63 52 18 0 21 21 50 29 2 29 25 50 7 52 66 29 4 61 66 49 0
split_gain=74.095 24.2673 19.0352 13.6801 21.4871 13.3409 12.1062 11.5817 11.3251 12.857 10.7143 10.0844 15.6679 8.94029 6.17194 9.30641 6.14586 5.9035 5.72663 5.72404 5.38591 5.82783 11.0968 6.63444 5.35388 5.81739 11.3636 8.91969 5.20157 4.73763 4.65188
threshold=74.050000000000011 80.250000000000014 0.93556569118312127 24.130000000000006 1009.1500000000002 26.845588761884141 0.44350000000000006 0.019500000000000003 2150.4705000000004 30.690317386531245 1005.9500000000002 2120.855 37.343471940719304 7.035000000000001 35.661507461657983 37.609383897090616 29.214791666666674 29.735000000000003 207.25000000000003 29.425000000000004 23.835000000000004 27.268333333333334 0.37940952255126048 2138.7825000000007 1.2150000000000001 26.495000000000001 1009.35 0.58850000000000013 4.3450000000000006 0.34243734206176007 3.2650000000000001
decision_type=2 2 2 2 2 2 2 2 2 2 2 2 2 2 2 2 2 2 2 2 2 2 2 2 2 2 2 2 2 2 2
left_child=2 8 5 13 6 28 -5 -6 24 -10 -11 -7 30 -3 -12 -16 18 19 -8 -18 -9 22 23 -22 -2 26 -26 -28 -1 -23 -13
right_child=1 3 -4 4 7 11 16 20 9 10 14 12 -14 -15 15 -17 17 -19 -20 -21 21 29 -24 -25 25 -27 27 -29 -30 -31 -32
leaf_value=0.0073652298490808994 0.01003298777127078 0.029646808252586122 -0.076273703149581443 -0.0012555440581173646 0.0090438523841035057 -0.053150874893019465 0.026428924783767987 -0.013019680999194282 0.014976349209431047 0.010289316744422364 -3.9803548051045408e-05 -0.012449604835350427 -0.036976895301509452 -0.00043753115957311282 -0.012804995264645409 0.0039641362860227255 0.0046560926693187711 0.016782620128200865 0.0069824518496734087 -0.0060652080410817568 -0.034921280623267693 -0.0036436660701845316 0.017098246937619369 0.043734278456997823 -0.016198101566487159 -0.029985261819054806 0.010904420849445037 -0.0066149872530555324 -0.0014872271804093919 -0.019771873909523133 0.0048787101533747249
leaf_weight=146.8854700922966 87.218586444854736 259.26694783568382 398.08662605285645 454.78809815645218 172.73084700107574 993.02183127403259 1922.3473044037819 184.28114548325539 305.64011371135712 679.63461592793465 1023.0197948515415 301.05224475264549 223.67897927761078 251.01252347230911 384.39243286848068 140.03183221817017 395.46866405010223 162.44710731506348 380.00119441747665 151.77372574806213 196.74688452482224 414.05863738059998 287.55946969985962 78.882758915424347 162.20243090391159 584.29824703931808 261.41885742545128 339.85955026745796 132.22116687893867 295.68614235520363 446.14516711235046
leaf_count=172 150 124 733 850 133 1840 5757 59 551 1737 2953 749 147 83 624 180 736 221 1377 170 234 1016 261 158 98 1146 210 269 116 448 1041
internal_value=-2.21253e-05 0.000629909 -0.00241397 0.00131424 0.00103941 -0.00178037 0.00176045 -0.000445674 -0.000317303 0.000304273 -8.77565e-05 -0.00226387 -0.000973629 0.00387814 -0.000861158 -0.00228135 0.00213578 0.000662343 0.00255356 -9.42369e-07 -0.000958103 -0.000506848 0.00061596 -0.00149753 -0.00146813 -0.0017521 -0.00068126 0.000220971 0.00132447 -0.00150875 4.6803e-05
internal_weight=12215.9 9574.77 2641.09 5607.05 5096.77 2243 3466.83 1629.95 3967.72 2532.72 2227.08 1963.9 970.876 510.279 1547.44 524.424 3012.04 709.689 2302.35 547.242 1457.22 1272.93 563.189 275.63 1435 1347.78 763.481 601.278 279.107 709.745 747.197
internal_count=24343 19545 4798 11627 11420 4065 9111 2309 7918 6045 5494 3777 1937 207 3757 804 8261 1127 7134 906 2176 2117 653 392 1873 1723 577 479 288 1464 1790
is_linear=0
shrinkage=0.0160995


Tree=87
num_leaves=32
num_cat=0
split_feature=31 43 9 55 62 12 26 4 64 11 30 12 12 12 64 11 23 11 3 32 8 55 23 40 0 17 11 11 65 26 3
split_gain=69.8111 27.5184 25.1584 14.7535 23.0916 18.9838 13.8642 13.0907 13.106 18.2259 15.84 12.1617 11.8912 11.6308 11.2522 8.77487 8.74749 8.47366 8.39293 8.3759 7.1352 7.05497 7.10166 9.06938 6.61047 10.0687 10.7731 6.58726 6.05332 9.33922 9.49023
threshold=75.250000000000014 0.95987900161410344 -0.12940952255126037 190.75000000000003 1009.0500000000001 3.5000000000000004 23.835000000000004 1005.35 1011.6500000000002 0.84750952922804634 26.495000000000001 6.5000000000000009 5.5000000000000009 9.5000000000000018 1010.2500000000001 -0.83352489619613901 28.168465690381542 -0.70862667826445969 0.41750000000000004 77.15000000000002 -1.0000000180025095e-35 9.8500000000000032 25.195819224368332 29.617484848563887 6.5650000000000004 25.455931119106872 0.92589048012183106 0.3090169943749474 5.1350000000000007 28.995000000000001 0.20250000000000004
decision_type=2 2 2 2 2 2 2 2 2 2 2 2 2 2 2 2 2 2 2 2 2 2 2 2 2 2 2 2 2 2 2
left_child=1 3 6 4 13 -6 -2 -4 9 10 -9 19 15 -1 24 -12 -10 -5 -16 -8 -7 22 -13 -24 25 -11 -27 -23 29 -21 -31
right_child=2 -3 7 17 5 20 11 8 16 14 12 21 -14 -15 18 -17 -18 -19 -20 28 -22 27 23 -25 -26 26 -28 -29 -30 30 -32
leaf_value=0.010114279936705398 -0.015097590388321362 -0.065362749363744796 0.023882951698480818 0.0080381671502006685 -0.046537850443455958 -0.018027696494682745 0.003574238538359279 0.062404248046935652 0.024212136671796933 0.0024147740380127398 0.028671893906649634 -0.004739585512214952 0.020587409880760275 -0.012598713785573274 0.0071654821388597448 -0.00083644447306862224 -0.0012776075053557235 -0.040550020968490023 -0.01202058508793106 -0.0066904076481967868 0.0091396819566493936 0.0096380038590388479 0.016838487124638944 0.0084335181682873035 -0.019510043222257554 0.028281803105765599 -0.012879266311715999 -0.018033727575520481 0.0011674114171044711 0.0015235793011622342 -0.015267794654814473
leaf_weight=326.23754787445068 187.8782160282135 754.5582332611084 719.45566523075104 208.56598031520844 544.87449511885643 149.99654531478882 233.79638612270355 204.26545453071594 515.11009439826012 98.256597131490707 80.444864273071289 200.16185411810875 1442.0273481607437 96.576197892427444 207.09704956412315 1144.4206513166428 150.33908340334892 990.61547750234604 165.91656890511513 493.27374705672264 239.97257718443871 686.25064873695374 248.63873493671417 284.4677717089653 166.27546563744545 112.70246112346649 389.16327345371246 369.10529044270515 330.56037330627441 98.137369841337204 376.71737396717072
leaf_count=406 109 1417 2058 537 806 266 322 387 309 23 50 76 4847 167 138 2096 205 1971 171 1239 217 2513 193 830 84 300 391 976 720 90 429
internal_value=-1.48775e-05 -0.00201582 0.000720737 -0.00117338 0 -0.00143444 -0.00032177 0.00141334 0.00107567 0.00070127 0.00139617 -5.44771e-05 0.00102446 0.00308417 -0.000978656 -8.04593e-05 0.00319719 -0.00247201 0.00117257 -0.00112797 0.0011209 0.000821002 0.00203021 0.00301247 -0.00213025 -0.00115168 -0.00217288 0 -0.00166289 -0.00230671 -0.00394353
internal_weight=12215.9 3311.4 8904.46 2556.84 1357.66 934.844 3508.99 5395.47 4676.02 4010.57 2871.16 3321.11 2666.89 422.814 1139.41 1224.87 665.449 1199.18 373.014 1532.49 389.969 1788.62 733.268 533.107 766.398 600.122 501.866 1055.36 1298.69 968.128 474.855
internal_count=24343 5787 18556 4370 1862 1289 7497 11059 9001 8487 7380 7388 6993 573 1107 2146 514 2508 309 2800 483 4588 1099 1023 798 714 691 3489 2478 1758 519
is_linear=0
shrinkage=0.0160995


Tree=88
num_leaves=32
num_cat=0
split_feature=36 10 58 11 10 10 69 44 69 11 23 51 45 29 51 60 64 22 31 22 10 0 24 36 11 51 60 10 39 45 33
split_gain=77.0271 28.9463 19.8461 16.3766 23.1103 23.6061 15.9494 22.4275 15.9174 13.1487 12.5258 11.6826 11.4585 20.3873 12.2386 11.2198 9.42156 9.17285 8.35334 7.8559 7.51559 11.9441 11.6046 7.46822 6.89148 6.0101 5.96721 5.81695 5.66698 5.4524 5.30255
threshold=74.050000000000011 -0.52707282776374165 276.57650000000007 0.87377473702374975 0.7266007961912001 0.88203985695844977 24.93981631901416 32.860563592113394 28.205354212988816 0.97308229207007257 30.905860904460493 0.5776889708962466 2.1225783429727927 26.105000000000004 0.97625022015478036 0.70550000000000013 1010.5500000000001 24.903646285825467 84.450000000000017 37.100104907398929 0.54883787585413535 2.6950000000000007 30.205000000000002 85.550000000000011 -0.8520459593969173 0.25592666922553869 0.029500000000000002 0.7266007961912001 -0.86999999999999911 0.46071136222008596 68.950000000000017
decision_type=2 2 2 2 2 2 2 2 2 2 2 2 2 2 2 2 2 2 2 2 2 2 2 2 2 2 2 2 2 2 2
left_child=3 10 6 4 30 -6 28 12 9 -5 -2 19 13 -8 23 -12 18 -13 -14 29 -9 -22 25 -15 -19 -23 -26 -21 -3 -4 -1
right_child=1 2 11 8 5 -7 7 20 -10 -11 15 17 16 14 -16 -17 -18 24 -20 27 21 22 -24 -25 26 -27 -28 -29 -30 -31 -32
leaf_value=0.040793184286894449 0.047040599728280126 0.0047151913953943246 -0.0097779227101367893 -0.047217617248242409 -0.058371519403338304 0.0064336520479652123 0.0065145778186932292 0.01868549736512741 -0.066236359139683801 0.0039197127561652516 -0.012629040885558548 0.0029262618720059244 -0.031447593207410009 -0.0075885917295572388 -0.028773429602482005 0.020489245637473178 -0.00033909200011866824 0.021526639409989043 -0.00066802026366944811 -0.0048559966377249627 0.016978762288366443 0.015846320469899467 0.013495803390199332 0.033087992576573085 0.00096269640377229574 -0.0044349198069847454 -0.02271708378246521 0.011432654480541048 0.0478586540443455 0.00035639520948617344 0.0021121838275392512
leaf_weight=93.170701891183853 471.02378296852112 270.05322700738907 268.29784661531448 194.28743267059326 430.16276860237122 256.44511151313782 434.4672966003418 755.81742188334465 935.34031343460083 191.20087766647339 282.85702154040337 205.62174260616302 371.19839483499527 412.20817551016808 307.1740383207798 1675.6036022007465 420.84582012891769 79.890527963638306 162.30339550971985 100.63784050941467 224.75775474309921 60.909974992275238 156.40857273340225 105.78577235341072 81.833598852157593 703.96747428178787 812.01892971992493 157.65510678291321 226.99927830696106 826.43134024739265 540.48425486683846
leaf_count=213 1209 114 458 223 493 600 359 2189 1647 141 826 90 333 1037 362 5726 316 280 94 248 191 94 114 215 117 1423 1216 102 116 2316 1481
internal_value=-4.19853e-05 0.000622909 9.46625e-05 -0.00248038 -0.00112004 -0.00318801 0.000733385 0.00038111 -0.00377325 -0.000757638 0.00214128 -0.00103665 -0.000694595 0.000258218 -0.00115769 0.00150743 -0.00203222 -0.00220545 -0.00345168 0 0.00167437 0.000752541 0 0.000212589 -0.00287262 -0.000884826 -0.0033017 0.00249147 0.00346776 -0.000612155 0.00100019
internal_weight=12215.9 9574.77 7145.28 2641.09 1320.26 686.608 4612.9 4115.84 1320.83 385.488 2429.48 2532.39 2213.98 1259.64 825.168 1958.46 954.348 1179.36 533.502 1353.02 1901.86 1146.04 921.286 517.994 973.743 764.877 893.853 258.293 497.053 1094.73 633.655
internal_count=24343 19545 11784 4798 2787 1093 6957 6727 2011 364 7761 4827 2716 1973 1614 6552 743 1703 427 3124 4011 1822 1631 1252 1613 1517 1333 350 230 2774 1694
is_linear=0
shrinkage=0.0160995


Tree=89
num_leaves=32
num_cat=0
split_feature=36 12 58 11 31 26 21 10 8 10 11 11 65 60 52 45 54 10 10 22 41 45 10 37 10 18 11 66 35 25 21
split_gain=77.9927 29.0244 24.051 15.8117 15.1497 10.6226 11.1219 11.3399 10.4435 9.24842 12.1677 9.8202 8.841 9.85369 8.11112 7.51163 12.7206 7.14211 7.11968 6.82332 6.47854 6.14992 9.14094 6.85665 6.01269 9.41737 8.29499 6.78109 5.9234 5.75766 5.65192
threshold=74.050000000000011 2.5000000000000004 105.56750000000001 -0.70862667826445969 75.250000000000014 23.835000000000004 35.551218429581773 0.75548631800528565 0.91597561503675362 -0.52707282776374165 0.99164058729498161 -0.83352489619613901 2.3050000000000002 0.14650000000000002 2302.9175 1.5707509272691649 174.95000000000002 0.7266007961912001 0.49002412863433359 33.731409027505507 0.42786846227456038 2.4572751124189574 0.76665171983724034 78.450000000000017 -0.48250327361223916 25.939834469038647 0.93225468035816128 4.4850000000000012 79.850000000000009 27.175000000000004 32.374286108231502
decision_type=2 2 2 2 2 2 2 2 2 2 2 2 2 2 2 2 2 2 2 2 2 2 2 2 2 2 2 2 2 2 2
left_child=3 8 9 -1 15 -4 -7 17 21 -3 11 -11 -13 20 18 16 -5 -8 -6 -16 -14 22 23 28 -15 -26 27 30 -2 -25 -27
right_child=1 2 5 4 14 6 7 -9 -10 10 -12 12 13 24 19 -17 -18 -19 -20 -21 -22 -23 -24 29 25 26 -28 -29 -30 -31 -32
leaf_value=0.008697933531440754 -0.045718997434854872 0.030897685215786695 -0.012622406716949631 0.0017306813667791619 -0.004171812864508755 0.0056415253579327959 -0.0029707747018946971 -0.011461709113458436 0.00061458335528428065 0.015891503224471477 0.021300232812882607 0.016705413186742173 0.019691200442071857 -0.021956872697008956 0.0037040775632862641 -0.072358183715177243 -0.058458046582019432 0.010305101618167832 0.017920037389660345 -0.021266107981707638 -0.00017029879399700146 -0.030430656597029294 -0.055514073891172432 0.018892843835817869 0.0046912135911752794 0.038652448979851345 -0.013362630614501103 -0.006530173932033435 0.01598284769869434 -0.044798639228564099 7.43615716775521e-05
leaf_weight=222.65585899353027 213.62327939271927 1318.5006186962128 165.81710946559906 220.17719092965126 381.7117472589016 2368.213267326355 516.28331568837166 414.08843252062798 445.82402038574219 705.34218883514404 264.06211948394775 188.67323678731918 207.29620757699013 131.48271369934082 62.122397273778915 793.02862626314163 590.39091578125954 94.811866521835327 172.89001756906509 198.11467987298965 247.93895754218102 214.35970956087112 108.97930836677551 222.9689165353775 247.71061736345291 145.9106525182724 208.80655694007874 419.08150079846382 72.104058861732483 197.49710860848427 455.39220044016838
leaf_count=534 381 4003 105 437 680 6305 1298 421 423 2161 211 291 227 77 136 1317 976 80 428 290 112 210 122 339 106 297 133 773 218 467 785
internal_value=-4.99698e-05 0.000619102 0.00100329 -0.00250349 -0.00289248 0 0.000208318 -0.00115793 -0.00143329 0.00177963 0.00126812 0.000935342 0.00037271 2.58543e-05 -0.000964498 -0.00381816 -0.00250269 0.000114527 0 -0.00329547 0.00214354 -0.00233713 -0.00153925 -0.00072552 -0.000527149 -0.000172286 -0.000801024 -0.000116328 -0.00267853 0.000423718 0.000891738
internal_weight=12215.9 9574.77 8099.41 2641.09 2418.44 3559.21 3393.4 1025.18 1475.36 4540.2 3221.7 2957.63 2252.29 2063.62 814.839 1603.6 810.568 611.095 554.602 260.237 455.235 1029.53 815.173 706.193 1608.38 1476.9 1229.19 1020.38 285.727 420.466 601.303
internal_count=24343 19545 17385 4798 4264 8209 8104 1799 2160 9176 5173 4962 2801 2510 1534 2730 1413 1378 1108 426 339 1737 1527 1405 2171 2094 1988 1855 599 806 1082
is_linear=0
shrinkage=0.0160995


Tree=90
num_leaves=32
num_cat=0
split_feature=35 6 12 51 52 55 10 6 10 64 44 61 52 44 62 64 0 10 66 59 69 0 25 51 44 44 52 62 29 62 44
split_gain=79.6438 27.659 22.2811 17.4354 13.6204 10.7726 10.5146 10.8085 7.80773 12.0276 9.19264 10.1468 12.8283 8.50366 7.66685 7.64754 7.101 7.08459 8.00165 10.2235 9.91443 6.91149 9.14229 6.77073 7.69219 6.61437 9.29433 5.62799 5.16822 4.58083 4.51788
threshold=72.65000000000002 -0.25881904510252113 2.5000000000000004 1.1699002023988869 1773.5060000000001 307.75000000000006 -0.97505550290239429 0.60355339059327384 -0.52707282776374165 1011.6500000000002 32.771691265391091 0.39550000000000007 2141.0625000000005 27.386300759457331 1009.85 1009.7500000000001 4.9450000000000012 0.54883787585413535 3.3750000000000004 0.62650000000000017 34.711914169773642 7.5250000000000012 25.495000000000001 1.0131986760414351 35.729155300130195 27.939034055244676 2141.0625000000005 1012.2500000000001 24.925000000000004 1006.2500000000001 30.806738804227052
decision_type=2 2 2 2 2 2 2 2 2 2 2 2 2 2 2 2 2 2 2 2 2 2 2 2 2 2 2 2 2 2 2
left_child=3 2 25 5 -3 -1 -6 16 14 10 11 13 -13 -10 -4 -9 23 -12 20 -20 -19 22 -18 24 -8 -2 -27 -11 -23 -26 -14
right_child=1 4 8 -5 6 -7 7 15 9 27 17 12 30 -15 -16 -17 21 18 19 -21 -22 28 -24 -25 29 26 -28 -29 -30 -31 -32
leaf_value=0.0019381466498968292 0.00023449328662615297 -0.017559840236568036 0.034416301735193583 -0.057176225247431982 0.031060473849270822 -0.032864665464348262 0.0073091246112119701 -0.0066532971995799323 0.0073925190778632022 0.050086006420081215 0.016051584814891509 -0.021084176009062719 0.036131313491742548 -0.000548409975592587 0.0035318421267116263 -0.048616771034363064 0.02967738540287166 0.028073711931859074 0.018995120291199138 -0.0036099665315306988 -0.00012057867461595278 -0.010148928185332272 0.0024715041907663361 -0.036662238140316925 -0.00016227156061908587 -0.022771113606470401 0.002407587871819686 0.002509498895575567 0.0050659484652002826 -0.011277181652856001 -0.0091273250750309887
leaf_weight=507.47422322630882 202.29642987251282 183.1121378839016 983.91699928045273 951.4132080078125 288.13897609710693 697.90418356657028 842.71632620692253 1389.4609678387642 144.65639320015907 202.5877859890461 671.89793625473976 249.11124700307846 87.77129277586937 314.68137702345848 194.90277057886124 317.16181594133377 233.2924211025238 191.98963886499405 157.61505028605461 484.21430262923241 96.700628399848938 146.75127875804901 652.51830306649208 237.78995490074158 219.18414852023125 405.62155145406723 326.94645005464554 297.17354118824005 209.1456161737442 190.53838074207306 137.17406097054482
leaf_count=867 174 106 3025 1572 1051 1430 2474 3521 86 142 1969 146 119 273 466 790 166 233 281 895 103 49 1605 400 261 441 656 148 375 169 350
internal_value=-4.97028e-05 0.000545781 0.00137261 -0.00286049 -0.000305434 -0.00146766 -0.000119517 -0.000330018 0.00187704 0.00139269 0.000898042 -0.000300341 -0.00201373 0.00129675 0.00304888 -0.00134209 0.000273835 0.0016451 0.00061942 -0.000272751 0.0028569 0.00118932 0.00197004 -0.000436354 0 -0.000814553 -0.0015814 0.00372015 -0.000531277 -0.00176039 0.000462906
internal_weight=12215.9 10059.1 5149.26 2156.79 4909.81 1205.38 4726.7 4438.56 4214.39 3035.57 2535.81 933.394 474.057 459.338 1178.82 1706.62 2731.94 1602.42 930.52 641.829 288.69 1241.71 885.811 1490.23 1252.44 934.864 732.568 499.761 355.897 409.723 224.945
internal_count=24343 20474 9507 3869 10967 2297 10861 9810 8236 4745 4455 974 615 359 3491 4311 5499 3481 1512 1176 336 2195 1771 3304 2904 1271 1097 290 424 430 469
is_linear=0
shrinkage=0.0160995


Tree=91
num_leaves=32
num_cat=0
split_feature=35 57 11 10 12 51 30 10 11 10 57 28 43 60 66 35 10 45 41 9 60 37 45 43 41 37 57 26 67 35 52
split_gain=68.5517 28.7584 21.3855 17.6799 17.6004 14.9576 16.1374 12.5653 12.4817 14.9162 12.1924 11.9919 10.148 9.64448 12.1938 8.08022 8.47219 8.05667 7.60614 6.53267 6.45657 6.11913 7.93337 7.27184 5.79212 5.71648 5.54346 5.41518 8.07148 7.30035 5.69873
threshold=72.65000000000002 5.1333333333335522 0.85651926849515192 0.75548631800528565 2.5000000000000004 1.286413603901696 26.445000000000004 0.86529924138975434 0.88999460902669758 0.7025209685794126 101.22500000000014 30.755000000000006 0.21731339142105796 0.53450000000000009 5.0450000000000008 86.550000000000011 -0.52707282776374165 1.6594990275045498 0.393361588275706 -0.5 0.24950000000000003 85.250000000000014 2.1225783429727927 0.097124252600001862 0.45149616425256139 83.750000000000014 0.63333333333345665 27.085000000000004 0.46500000000000002 80.15000000000002 2131.8885000000005
decision_type=2 2 2 2 2 2 2 2 2 2 2 2 2 2 2 2 2 2 2 2 2 2 2 2 2 2 2 2 2 2 2
left_child=5 4 3 19 27 6 26 12 9 -8 13 -11 -5 14 -4 16 -6 -7 -17 -3 24 22 23 -22 -18 -20 -1 28 29 -2 -29
right_child=1 2 10 7 15 17 8 -9 -10 11 -12 -13 -14 -15 -16 18 20 -19 25 -21 21 -23 -24 -25 -26 -27 -28 30 -30 -31 -32
leaf_value=0.0087667353896042667 0.0054116742973204079 0.00034245256868142631 -0.044702036758433449 -0.00014612166296215637 0.038226816450019976 -0.0027611780790054359 0.017611576113025953 0.0023384576530580689 -0.077115021252293345 -0.0068241310572685525 -0.047420178483544621 -0.037227989106674374 -0.014464951891365908 -0.012666622117662391 0.0096213315433936238 0.015587721779395524 0.018700620302531074 -0.062649436708280729 0.022641464711011632 0.01186631570588916 -0.0048328287971377082 0.014334681080989189 -0.002785309278027137 0.0076274678959676531 0.00074095312710798422 -0.0083019337643256488 0.0044679999306443284 -0.027737254851151978 -0.017628947119547989 -0.0006304103189297784 0.00051534175245686927
leaf_weight=84.259682178497314 183.66162583231926 1447.7556638717651 120.00884890556335 220.08234244585037 749.95467603206635 79.931861400604248 307.28352510929108 607.17113375663757 368.44938558340073 295.43433892726898 421.68062695860863 191.28156757354736 393.68980461359024 331.12147894501686 150.20574259757996 285.35313400626183 266.88417878746986 696.6330714225769 107.92038390040398 1787.6890199184418 158.48108461499214 334.39313444495201 364.4405297935009 927.23759096860886 248.77055823802948 200.48914802074432 133.51818260550499 236.21196773648262 151.20478656888008 140.66713255643845 223.99318954348564
leaf_count=108 121 4478 172 118 2145 133 917 1503 775 493 775 139 348 287 78 716 291 1104 140 5117 217 483 213 2019 99 187 200 315 140 135 377
internal_value=-1.74098e-05 0.000534634 -0.000239845 0.000226214 0.00147823 -0.00262591 -0.00152413 -0.0013973 -0.00231245 -0.00103607 -0.00234202 -0.00284217 -0.00302243 -0.000700611 0.00135865 0.0019877 0.00232426 -0.00446615 0.000121291 0.000864425 0.00176966 0.00123512 0.000706819 0.00143083 0.00344489 -0.00147625 0.00229233 -0.00042052 0.000664874 0.00221578 -0.00171138
internal_weight=12215.9 10059.1 5479.4 4456.39 4579.66 2156.79 1380.23 1220.94 1162.45 793.999 1023.02 486.716 613.772 601.336 270.215 3643.92 3050.16 776.565 593.763 3235.44 2300.21 1784.55 1450.16 1085.72 515.655 308.41 217.778 935.739 475.534 324.329 460.205
internal_count=24343 20474 12876 11564 7598 3869 2632 1969 2324 1549 1312 632 466 537 250 6510 5467 1237 1043 9595 3322 2932 2449 2236 390 327 308 1088 396 256 692
is_linear=0
shrinkage=0.0160995


Tree=92
num_leaves=32
num_cat=0
split_feature=36 57 51 51 51 30 37 44 46 67 35 37 70 44 29 4 3 17 44 29 64 30 8 35 70 2 70 65 0 48 37
split_gain=74.0254 24.5585 20.7975 16.3364 14.0122 17.6901 9.26243 8.0896 7.29158 8.45552 7.05288 10.7989 9.38036 10.667 8.32073 11.6676 7.4165 6.43041 9.67382 10.1377 6.91412 6.61028 6.31166 5.55241 5.49181 5.13011 5.7057 5.44584 4.81493 4.80434 4.78481
threshold=74.050000000000011 4.708333333333429 1.1586132624311269 1.8136658621800261 1.3068976338379223 26.495000000000001 83.65000000000002 29.384871589387 30.345000000000002 1.3550000000000002 86.550000000000011 80.250000000000014 1.3905410024532954 26.614350352839264 26.255000000000006 1008.85 0.93650000000000022 38.372263631028297 36.240468961805696 29.975000000000005 1006.85 30.155000000000005 0.60355339059327384 75.050000000000011 0.52863795539074243 168.15000000000001 -1.382099952038544 2.9650000000000003 7.5250000000000012 29.992500000000007 72.750000000000014
decision_type=2 2 2 2 2 2 2 2 2 2 2 2 2 2 2 2 2 2 2 2 2 2 2 2 2 2 2 2 2 2 2
left_child=4 3 6 10 5 30 17 -7 29 -10 11 -2 13 -12 16 -16 -13 18 20 21 25 -20 -4 -6 -22 26 -3 -27 -24 -9 -1
right_child=1 2 22 -5 23 7 -8 8 9 -11 12 14 -14 -15 15 -17 -18 -19 19 -21 24 -23 28 -25 -26 27 -28 -29 -30 -31 -32
leaf_value=-0.0027294349812220708 0.002103074369755157 -8.6578971964593036e-05 -0.035915477544743633 -0.011249888085483719 -0.059124932517227634 -0.093902828178659595 0.017098867964865344 -0.013657912618534919 -0.0031061405052676457 -0.061085452225216365 -0.021803848445519976 0.025859106110478251 -0.0053974861018171796 0.02639937389168405 0.018049589958247316 -0.0013035532515145759 0.0044209155861235751 0.0087269253237500337 -0.0043310353162693428 0.006939922288444457 0.0020203121911714604 -0.016070684017584862 0.00029862396767336562 -0.0013920602248085174 -0.019401973534729149 0.02962782312575964 0.020811962418844764 -0.0044428511513598199 -0.010322968013723868 0.005608286715477675 0.0085732123834786952
leaf_weight=110.82219886779785 1059.8379439413548 94.669930338859558 489.75517892837524 320.23409271240234 717.43330761790276 230.54091721773148 784.63361373543739 883.83360010385513 160.24127349257469 158.20092761516571 42.727749615907669 554.94819176197052 200.57051768898964 414.99344995617867 1255.0036292970181 367.06974300742149 245.40593889355659 165.82949310541153 328.5082061290741 181.62368881702423 696.44111007452011 120.25979423522949 197.25463297963142 130.70407202839851 652.16804206371307 120.96126374602318 551.15392637252808 537.45659273862839 193.26123377680779 104.70930168032646 144.60583531856537
leaf_count=171 1630 300 867 186 1154 368 2371 2377 151 115 16 352 243 882 3341 548 185 137 377 284 2028 69 164 146 1856 272 1568 1778 91 116 200
internal_value=-6.94277e-06 0.00064482 -0.000102175 0.00151855 -0.00239783 -0.0015148 0.000350051 -0.00219339 -0.00160341 -0.00378394 0.00179967 0.0020908 0.000135806 0.0015189 0.00269451 0.00192887 0.00413171 0 -0.000167345 -0.00196841 0.000232488 -0.00330332 -0.00236069 -0.00415685 -0.000536048 0.00108772 0.00210498 0 -0.000571101 -0.000809593 0.00223549
internal_weight=12215.9 9574.77 5113.98 4460.79 2641.09 1792.95 4233.71 1537.53 1306.99 318.442 4140.56 3482.27 658.292 457.721 2422.43 1622.07 800.354 3449.07 3283.24 630.392 2652.85 448.768 880.271 848.137 1348.61 1304.24 645.824 658.418 390.516 988.543 255.428
internal_count=24343 19545 12162 7383 4798 3498 11040 3127 2759 266 7197 6056 1141 898 4426 3889 537 8669 8532 730 7802 446 1122 1300 3884 3918 1868 2050 255 2493 371
is_linear=0
shrinkage=0.0160995


Tree=93
num_leaves=32
num_cat=0
split_feature=31 43 2 26 20 36 10 29 27 10 62 1 70 30 49 10 50 48 39 62 10 12 12 10 10 65 49 30 23 1 56
split_gain=69.4359 23.9773 22.2337 14.3366 12.4522 11.6978 11.4305 10.3385 10.2542 11.1379 10.0447 8.32102 8.15888 7.54744 9.28541 7.40866 8.63649 7.10334 9.28341 6.63927 5.83847 5.73437 5.49689 6.0741 10.9316 8.91813 6.89513 5.01957 4.89005 4.44155 4.36573
threshold=75.050000000000011 0.57985895531642118 37.95000000000001 23.835000000000004 35.698382065834963 72.950000000000017 -0.52707282776374165 23.835000000000004 30.065000000000001 -0.49750868180287638 1004.85 0.46500000000000002 3.2905133723699707 24.745000000000001 0.12734467663330726 -0.47494667389482609 25.341458333333339 25.877500000000001 -1.1699999999999997 1009.85 0.74409704927257569 1.5000000000000002 1.5000000000000002 0.61866567420209762 -0.15005400879207767 3.5950000000000002 0.14838014242744904 30.325000000000003 28.047475512659325 1.4750000000000003 164.45000000000002
decision_type=2 2 2 2 2 2 2 2 2 2 2 2 2 2 2 2 2 2 2 2 2 2 2 2 2 2 2 2 2 2 2
left_child=1 5 6 -4 12 28 19 -8 9 -3 -9 -6 -5 -7 -15 16 -12 18 -17 30 -13 -16 -19 24 -24 26 -25 29 -1 -27 -2
right_child=2 8 3 4 11 13 7 10 -10 -11 15 20 -14 14 21 17 -18 22 -20 -21 -22 -23 23 25 -26 27 -28 -29 -30 -31 -32
leaf_value=-0.0020374373570664793 0.03608648970164919 0.0041476313148602626 -0.012703649777767504 0.0029608008905506566 0.013763660584451153 0.0076244762074168734 0.010640622671247183 0.019890436190025455 0.013112471461036848 -0.051675943146347277 -0.036692230245952737 -0.0042352622924753365 -0.012446542236724237 0.016062440624774944 -0.031051130127022868 -0.00084458019036041465 6.0148081391320313e-05 -0.027967520874021549 0.045120930830207413 -0.00064466092424350066 -0.01422284565396954 -8.518509626253602e-05 -0.00056901497795239101 0.015670135334026607 0.018401873153860215 -0.0024436475759876852 -0.00063348579955352087 0.0029812917530805888 -0.048750079906789777 -0.008023282199576048 0.01964091275519781
leaf_weight=99.143004775047302 827.17835223674774 147.24192440509796 189.69216370582581 2536.8309499025345 86.883194237947464 91.014003783464432 403.66466248035431 378.00887429714203 65.397003322839737 1242.5417730510235 77.882504463195801 334.6838490664959 208.66610014438629 246.18110397458076 182.37742832303047 214.04761409759521 121.54959261417389 273.72859838604927 209.79675903916359 196.72329500317574 256.83119487762451 602.26272714138031 532.0727276802063 192.06640118360519 624.93822401762009 337.70565670728683 253.88816693425179 65.547750025987625 543.54374974966049 298.53151047229767 375.23853775858879
leaf_count=151 2516 476 113 6267 84 52 171 936 59 2119 21 683 330 348 252 82 219 456 150 477 222 1246 871 397 1665 721 492 34 904 474 1355
internal_value=-2.32274e-05 -0.00205717 0.000696328 -0.000261933 0 -0.000735387 0.00135428 0.000882626 -0.00359954 -0.00391368 0.000578342 -0.00196817 0.000461826 0.000192508 -0.000131274 0.000256403 -0.00266331 0.000479812 0.00241442 0.00263456 -0.00271481 -0.00106027 0.000128001 0.00041397 0.00125191 -0.000362396 0.0013175 -0.00154466 -0.00247139 -0.00205065 0.00308226
internal_weight=12215.9 3219.7 8996.16 3613.59 3423.9 1764.52 5382.57 3983.43 1455.18 1389.78 3579.76 678.398 2745.5 1121.84 1030.82 3201.76 199.432 3002.32 423.844 1399.14 591.515 784.64 2578.48 2304.75 1157.01 1147.74 445.955 701.785 642.687 636.237 1202.42
internal_count=24343 5607 18736 7699 7586 2953 11037 6689 2654 2595 6518 989 6597 1898 1846 5582 240 5342 232 4348 905 1498 5110 4654 2536 2118 889 1229 1055 1195 3871
is_linear=0
shrinkage=0.0160995


Tree=94
num_leaves=32
num_cat=0
split_feature=36 12 57 51 49 10 29 45 66 28 30 10 10 10 45 20 17 57 35 62 17 61 20 10 20 35 10 10 28 32 45
split_gain=67.7834 28.1417 25.709 15.9983 13.8844 13.1884 13.3464 12.7222 16.2845 10.962 10.2375 11.5641 14.6276 13.8222 9.50637 9.25431 9.1658 9.05785 9.17632 8.69499 7.86778 7.79246 7.42868 7.17679 7.62069 7.29003 6.678 6.23024 12.7839 11.5612 6.23357
threshold=72.850000000000009 1.5000000000000002 38.641666666666914 1.1699002023988869 0.90236446392975578 -0.52707282776374165 23.835000000000004 1.0326820316734162 2.9650000000000003 29.255000000000006 26.615000000000006 0.88203985695844977 0.7266007961912001 0.45972848220565493 1.7911049466428171 35.852412904597351 38.372263631028297 8.0916666666667822 81.250000000000014 1009.35 36.023378786585383 0.45650000000000007 31.549383928325849 0.75548631800528565 35.975297788453979 77.750000000000014 0.33346569090932193 -0.47494667389482609 26.695000000000004 81.850000000000009 2.4572751124189574
decision_type=2 2 2 2 2 2 2 2 2 2 2 2 2 2 2 2 2 2 2 2 2 2 2 2 2 2 2 2 2 2 2
left_child=4 17 5 9 10 15 21 8 -8 20 14 12 13 22 -1 -3 23 18 19 -2 -4 -7 -12 -11 25 -25 -21 -9 29 -29 -31
right_child=1 2 3 -5 -6 6 7 27 -10 16 11 -13 -14 -15 -16 -17 -18 -19 -20 26 -22 -23 -24 24 -26 -27 -28 28 -30 30 -32
leaf_value=0.0091956044827262197 0.00074968054620964085 0.033562192807036442 0.0070693186853984964 -0.025335436833770649 -0.070633189750154979 0.019498264706339506 0.024376956550556005 -0.013991315037120882 0.0035439269309594881 -0.0014349437031418841 -0.068825912907174769 0.0072055132292036641 -0.059317158192659536 0.0075446280667707168 -0.013567784202883262 -0.0021566619149120466 0.0074372569284383138 -0.043671654480236154 -0.016417112061463054 0.0011687265342889028 0.014187446115929385 0.0083641643942569902 -0.0046720966506382626 0.0025685533250082515 -0.012748630313494342 -0.010891977199121291 -0.023475420982332958 -0.00033327807844690062 -0.0066077881201036404 0.032966479823163725 -0.0020096455159696889
leaf_weight=181.26220625638962 115.39736837148666 1145.1039419174194 1868.3370459377766 535.98099291324615 400.3170280456543 218.68658685684204 320.98998239636421 199.42797088623047 1102.7603866457939 816.08766111731529 505.8848372399807 190.13590520620346 291.77081909775734 265.05389097332954 178.10677140951157 126.17899894714355 168.33617782592773 322.64423105120659 219.04055818915367 178.87080374360085 181.06999063491821 292.52586451172829 180.07252606749535 179.00849029421806 229.2144296169281 123.08946034312248 104.65501260757446 507.52594915032387 746.23389410972595 163.33769550919533 158.7519199848175
leaf_count=313 96 3381 6346 823 736 82 406 130 2668 2046 999 413 285 479 193 267 140 496 221 181 308 142 579 283 223 94 89 364 1304 159 97
internal_value=-2.83086e-05 0.000526155 0.000807251 -0.000118745 -0.0025963 0.00158521 0.0010649 0.00064612 0.00178464 0.000251511 -0.00191366 -0.00252971 -0.00310998 -0.00200379 0.000322695 0.00303396 -0.000755407 -0.00209639 -0.000783568 0.000502233 0.00103525 0.00350811 -0.00323323 -0.00124004 -0.00270413 -0.000688234 -0.000789033 -0.000223624 6.88814e-05 0.00148879 0.00385713
internal_weight=12215.9 10023.3 9082.65 4101.12 2192.6 4981.52 3710.24 3199.03 1423.75 3565.14 1792.29 1432.92 1242.78 951.011 359.369 1271.28 1515.74 940.608 617.964 398.923 2049.41 511.212 685.957 1347.4 531.312 302.098 283.526 1775.28 1575.85 829.616 322.09
internal_count=24343 20346 19263 10263 3997 9000 5352 5128 3074 9440 3261 2755 2342 2057 506 3648 2786 1083 587 366 6654 224 1578 2646 600 377 270 2054 1924 620 256
is_linear=0
shrinkage=0.0160995


Tree=95
num_leaves=32
num_cat=0
split_feature=35 10 54 51 51 30 30 61 62 10 26 4 68 31 61 0 37 31 39 10 39 66 4 44 31 10 33 0 66 31 31
split_gain=65.8954 24.1505 18.4742 18.4576 14.0488 13.486 11.2675 10.6511 10.3327 10.2708 15.8513 12.7555 10.6798 10.4843 9.111 10.6084 6.79347 6.56185 6.51312 6.01897 5.74439 5.59085 7.37969 6.4042 6.68211 6.06063 5.76068 5.3232 6.62559 7.36784 5.22943
threshold=72.65000000000002 -0.5123666674339783 10.750000000000002 1.8136658621800261 1.286413603901696 26.445000000000004 27.395000000000003 0.75050000000000006 1006.1500000000002 -0.4900241286343337 26.555000000000003 1008.4500000000002 0.055000000000000007 77.65000000000002 0.12350000000000001 5.785000000000001 79.050000000000011 75.250000000000014 -0.18500000000000047 -0.22611359161738934 -0.35500000000000037 2.3050000000000002 1005.35 36.14409665396979 78.950000000000017 0.54883787585413535 71.250000000000014 7.5250000000000012 5.0450000000000008 77.15000000000002 78.950000000000017
decision_type=2 2 2 2 2 2 2 2 2 2 2 2 2 2 2 2 2 2 2 2 2 2 2 2 2 2 2 2 2 2 2
left_child=4 6 3 9 5 -1 -2 -8 -4 -3 12 21 -11 18 15 -10 -6 -16 -13 -15 -7 -12 -23 26 -25 -26 -24 28 29 -19 -5
right_child=1 2 8 30 16 20 7 -9 14 10 11 13 -14 19 17 -17 -18 27 -20 -21 -22 22 23 24 25 -27 -28 -29 -30 -31 -32
leaf_value=0.0084359542596235213 0.035886468827611116 -0.017871813942853219 0.0018987665511068863 -0.023097479108432507 -0.063344362810015986 0.0020040224905270732 -0.008234511677243584 0.017955656811770054 -0.027957554815442473 0.015110408700739108 0.023831277998410855 -0.027552294703330388 0.00062954237012576063 -0.0037562637275384138 -0.046978978734517854 0.020895063510861921 -0.0083468849107653596 0.004133336250319794 -0.00093767558000714942 0.0028878388584037298 -0.031796840209435663 0.014946773530801524 -0.0044013608615138342 0.0034245566290299627 0.0093871112558780254 -0.0077415842747330255 0.0089713319320659408 -0.012571466758867824 0.0062208581329261095 -0.012359407436304592 -0.00079434162594988573
leaf_weight=217.77785286307335 595.40197288990021 122.39424657821655 789.71842861175537 178.3611653149128 692.77538499236107 185.57492047548294 328.55299663543701 1650.2142919301987 156.57702419161797 613.21229007840157 174.94336259365082 400.62904495000839 285.08275756239891 125.90131938457489 371.86876583099365 114.17325237393379 83.789533525705338 160.96611574292183 104.01665845513344 654.05985203385353 976.87389624118805 433.11930191516876 97.324946522712708 87.403017669916153 76.410888165235519 241.95095959305763 951.42389509081841 246.20859548449516 317.2983932197094 608.15051516890526 173.70375177264214
leaf_count=308 1433 107 1829 170 1121 413 1006 5699 290 285 266 615 207 181 703 54 116 256 113 1119 1911 1150 133 104 136 276 2226 200 713 1130 73
internal_value=-4.20513e-06 0.000536937 6.29598e-05 0.000684975 -0.00256195 -0.00149104 0.00188213 0.00123362 -0.000969463 0.000985019 0.00113281 0.000591833 0.00304981 -0.000624039 -0.00160131 0.000936788 -0.0043477 -0.00205243 -0.002451 0.000461393 -0.00221288 0.00138763 0.00107037 0.000452185 -0.00116353 -0.00237304 0.00115517 -0.00142293 -0.000834922 -0.00168026 -0.00278579
internal_weight=12215.9 10059.1 7484.9 4719.94 2156.79 1380.23 2574.17 1978.77 2764.96 4367.87 4245.48 3347.18 898.295 1284.61 1975.24 270.75 776.565 1704.49 504.646 779.961 1162.45 2062.58 1887.63 1454.51 405.765 318.362 1048.75 1332.62 1086.42 769.117 352.065
internal_count=24343 20474 12336 7161 3869 2632 8138 6705 5175 6918 6811 6319 492 2028 3346 344 1237 3002 728 1300 2324 4291 4025 2875 516 412 2359 2299 2099 1386 243
is_linear=0
shrinkage=0.0160995


Tree=96
num_leaves=32
num_cat=0
split_feature=36 12 6 49 8 20 62 20 21 70 30 30 22 66 70 4 30 44 19 3 70 22 20 19 42 52 52 20 55 52 36
split_gain=67.8582 25.0306 20.8793 13.2818 12.916 9.52704 8.70258 7.99149 11.8782 11.7597 7.33065 6.47987 6.01554 8.62533 11.9021 6.13696 6.11724 13.3912 15.1693 6.23854 6.05465 5.89478 5.87239 5.75704 6.89449 8.82364 7.04251 5.74773 5.68576 5.50464 4.77165
threshold=72.850000000000009 2.5000000000000004 -0.25881904510252113 0.90236446392975578 0.91597561503675362 26.61703327910973 1008.7500000000001 35.310358001884502 37.235234500426962 2.965175286600831 26.615000000000006 30.605000000000004 39.132552495877256 2.5750000000000006 3.2905133723699707 1005.35 24.130000000000006 27.833240580098053 29.98524850394584 0.46350000000000008 3.1503851548803845 36.073361161770009 35.776613553882491 29.685010421525593 37.411278242170773 2173.9030000000002 2302.9175 36.676256406518 207.25000000000003 1773.5060000000001 82.750000000000014
decision_type=2 2 2 2 2 2 2 2 2 2 2 2 2 2 2 2 2 2 2 2 2 2 2 2 2 2 2 2 2 2 2
left_child=3 4 12 10 6 -4 -2 9 21 28 -1 -10 13 14 -3 -15 -17 19 -19 -18 22 -9 -20 -12 25 -25 -27 -23 29 -7 -8
right_child=1 2 5 -5 -6 7 30 8 11 -11 23 -13 -14 15 -16 16 17 18 20 -21 -22 27 -24 24 -26 26 -28 -29 -30 -31 -32
leaf_value=0.00024570388336672434 0.00033706332762557339 0.026685172431791099 -0.022546182359078178 -0.06847622194483699 0.000418867845072144 -0.012524737557674298 -0.032390960765956954 -0.0021826382415893967 0.00777191944719079 -0.026513110923008631 -0.075577377150588224 -0.016475788122744372 -0.0033272532047395626 0.020520686317511184 -0.00078055833566724898 0.016635466144679721 0.00046350396840771609 0.035302712580528479 0.015800009130480595 -0.0098000820920393292 -0.0083357880783598171 -0.015592994829413448 -0.00011836534178493168 -0.032764698053096189 -0.048324628618171203 0.0083159512310159046 -0.0082936519071882889 -0.0025966228001068916 0.0014897376442822108 0.015389178578477908 -0.011682019058029762
leaf_weight=359.36900818347931 235.82551899552345 444.52151161432266 216.62574312090874 400.31702041625977 464.26625061035156 64.088591724634171 683.54690387845039 458.25342398881912 281.80685737729073 210.69193023443222 376.16302341222763 87.321217268705368 51.797447204589844 514.45519751310349 106.79837512969971 370.71782901883125 171.4163703918457 199.40794828534126 1251.5730409622192 304.2534903883934 166.4980888068676 200.91331440210342 620.73344734311104 440.84690573811531 192.99393653869629 247.30563947558403 175.60846960544586 97.860478222370148 1310.4130435585976 1313.3862746357918 196.08309981226921
leaf_count=506 519 909 298 736 434 25 1022 845 354 451 643 90 40 1529 220 160 96 196 3719 198 214 186 934 1113 129 515 355 137 4345 3076 349
internal_value=-5.15735e-05 0.000503147 0.000856977 -0.0026207 -0.00133524 4.04348e-05 -0.00229184 0.000237162 -0.000881097 0.000699748 -0.00195023 0.00135037 0.00166139 0.00174317 0.00370785 0.00141674 0.00110204 0.000794625 0.00133555 -0.00157485 0.000869429 -0.00207564 0.00115875 -0.00246532 -0.001716 -0.000972023 0.000535721 -0.00389281 0.00101001 0.0017391 -0.00303379
internal_weight=12215.9 10023.3 8443.53 2192.6 1579.72 4241.36 1115.46 4024.74 1126.16 2898.58 1792.29 369.128 4202.17 4150.38 551.32 3599.06 3084.6 2713.88 2238.21 475.67 2038.8 757.027 1872.31 1432.92 1056.75 863.761 422.914 298.774 2687.89 1377.47 879.63
internal_count=24343 20346 18022 3997 2324 9807 1890 9509 1612 7897 3261 444 8215 8175 1129 7046 5517 5357 5063 294 4867 1168 4653 2755 2112 1983 870 323 7446 3101 1371
is_linear=0
shrinkage=0.0160995


Tree=97
num_leaves=32
num_cat=0
split_feature=35 10 69 63 57 51 65 57 51 10 55 60 22 69 21 52 63 44 27 42 52 10 63 32 39 10 12 52 4 44 51
split_gain=58.9793 23.9587 22.9457 22.7016 16.1173 14.2215 11.9391 11.5315 10.0656 9.88792 9.69448 8.01301 7.95815 7.784 6.97416 6.86901 7.16981 6.37572 7.65867 7.65244 7.77782 6.75115 6.50579 5.6767 5.25899 5.09737 4.88263 9.7927 4.58591 4.41159 4.38712
threshold=72.65000000000002 -0.52707282776374165 24.93981631901416 1006.2500000000001 114.78333333333354 1.1699002023988869 7.2650000000000006 38.641666666666914 1.8136658621800261 0.88203985695844977 307.75000000000006 0.99750000000000016 24.585881162536928 36.634675529332974 24.585881162536928 2434.7065000000007 1009.85 32.860563592113394 29.045000000000005 34.3728877651589 2263.8400000000006 0.71466676797886841 1007.7500000000001 78.65000000000002 -0.6750000000000006 -0.97505550290239429 1.5000000000000002 2281.5835000000002 1006.1500000000002 29.460980239097655 0.33862560532728153
decision_type=2 2 2 2 2 2 2 2 2 2 2 2 2 2 2 2 2 2 2 2 2 2 2 2 2 2 2 2 2 2 2
left_child=5 7 6 -4 8 10 -3 15 11 13 26 14 -7 28 -5 30 -17 18 -16 20 -19 -21 -23 -10 -20 -9 29 -28 -6 -1 -2
right_child=1 2 3 4 9 12 -8 25 23 -11 -12 -13 -14 -15 17 16 -18 19 24 21 -22 22 -24 -25 -26 -27 27 -29 -30 -31 -32
leaf_value=-0.069594505648648344 0.014883453875853422 0.033048558232455644 0.0058374784296760431 0.0051165196641120075 -0.008016412658753613 0.00010909399493692235 -0.00018843736371259933 0.028816282720537434 -0.019457117947356987 0.0046492728647007696 -0.030112933639930235 -0.0080234346521079764 -0.057737333440338531 0.0025711443988589333 0.00016020654046795989 0.029367498508021155 -0.012579887053164577 0.023235172775850563 -0.0010448051318705358 0.0073748682528931818 0.00022193449790404809 -0.0085000681452355783 0.0033443434955236582 -9.251116014264518e-05 -0.022868659439174824 0.00086088867388253991 0.0081430256045294681 -0.002554818545025565 -0.03101197458634156 0.008748767069094221 0.03484820988580746
leaf_weight=59.886736780405045 202.37108868360519 372.65676292777061 1843.8979258835316 330.11493158340454 148.52955773472786 66.409354031085968 263.72519198060036 270.73129653930664 237.27369457483292 239.77338600158691 697.90418213605881 390.74477386474609 885.00385302305222 116.16572761535645 1200.6940197646618 115.22856432199478 70.374875009059906 229.84244510531425 141.21018636226654 234.40831351280212 194.92570209503174 200.69481489062309 120.32422712445259 171.88931035995483 196.17293938994408 955.73165702819824 257.83892604708672 79.629637449979782 924.05953684449196 110.11890602111816 887.5268731713295
leaf_count=61 694 195 4246 140 376 33 87 997 164 628 1430 618 1539 144 1676 411 65 280 112 572 586 251 126 75 267 3358 407 118 1920 281 2486
internal_value=-2.76824e-05 0.000483863 2.07797e-05 -0.000238095 -0.000803446 -0.00244752 0.00294737 0.00184868 -0.000210764 -0.00225703 -0.00118392 6.68499e-05 -0.00395453 -0.00286852 0.000387926 0.00293785 0 6.52468e-05 -0.000546807 0.00110561 0.00272762 -7.15671e-07 -0.0016485 -0.00258479 -0.00267894 0.000645822 0.000375341 0.0016152 -0.00331078 -0.00160741 0.00342411
internal_weight=12215.9 10059.1 7557.1 6920.72 5076.82 2156.79 636.382 2501.96 3648.3 1428.53 1205.38 3239.13 951.413 1188.75 2848.39 1275.5 185.603 2518.27 1538.08 980.196 424.768 555.427 321.019 409.163 337.383 1226.46 507.474 337.469 1072.59 170.006 1089.9
internal_count=24343 20474 12463 12181 7935 3869 282 8011 4867 3068 2297 4628 1572 2440 4010 3656 476 3870 2055 1815 866 949 377 239 379 4355 867 525 2296 342 3180
is_linear=0
shrinkage=0.0160995


Tree=98
num_leaves=32
num_cat=0
split_feature=36 51 6 49 69 12 22 61 50 50 12 50 4 68 22 27 22 51 64 35 49 22 51 50 27 50 35 59 23 50 24
split_gain=62.8489 19.3266 21.0872 17.5467 14.025 10.963 8.57003 9.59164 14.8427 18.1681 12.3842 8.64572 8.80521 7.89212 7.74835 10.683 7.24296 7.24252 6.36149 6.22777 4.76028 5.67203 4.89385 11.3056 5.19585 4.72849 7.37602 4.57195 4.49028 9.57478 7.4642
threshold=74.050000000000011 1.8136658621800261 1.0000000180025095e-35 0.93556569118312127 26.869750944255699 1.5000000000000002 23.764697191857504 0.42850000000000005 25.977708333333339 27.004791666666669 1.5000000000000002 29.471875000000004 1009.2500000000001 2.0250000000000004 28.410347611193195 30.655000000000005 35.595657612975621 1.0517314054304372 1009.9500000000002 83.050000000000011 0.67673357592634964 24.903646285825467 0.56750749950060453 29.489375000000003 29.435000000000006 29.196250000000003 77.15000000000002 0.38950000000000007 28.28254765529293 27.004791666666669 30.405000000000005
decision_type=2 2 2 2 2 2 2 2 2 2 2 2 2 2 2 2 2 2 2 2 2 2 2 2 2 2 2 2 2 2 2
left_child=3 2 6 4 -1 -4 -2 14 19 -10 -11 12 -12 16 18 17 -13 -16 -8 -9 21 -7 24 -24 25 -23 -27 -3 -6 -30 -31
right_child=1 27 5 -5 28 20 7 8 9 10 11 13 -14 -15 15 -17 -18 -19 -20 -21 -22 22 23 -25 -26 26 -28 -29 29 30 -32
leaf_value=0.0031877781222367746 0.01054997823766092 -0.00075464078860372182 -0.035264270923686232 -0.064834327795430552 -0.0023290108985333747 0.013569984234127107 -0.00089978028647520237 0.00023545686840784739 0.042380100603225529 -0.080305926171501688 0.019252449677428604 -0.0058270626841616683 -0.00085498070897326636 -0.00098366391707209303 -0.0023690461671349249 0.044373117627768029 0.0063601671753848307 -0.013109769771623965 0.015057825589616563 -0.015206496705706703 -0.024978113229597497 0.004684660726908897 -0.00025551566170303009 -0.013691246189074895 0.0069132006104657114 0.0019732734320782232 -0.011184700937061686 -0.012251869500161139 -0.075439962889335493 -0.010128611911833844 -0.035360023688380267
leaf_weight=150.9157235622406 464.64420852065086 136.30896991491318 168.02183920145035 398.08662223815918 336.14060509204865 122.38936996459961 150.48536524176598 166.71571579575539 398.34493505954742 86.838586449623108 2130.93450781703 96.860130369663239 426.97567212581635 359.09532243013382 339.44274744391441 69.47530460357666 304.26936399936676 257.93036463856697 274.14937117695808 158.36522614955902 150.26397207379341 1246.8695912361145 879.86761996150017 218.80842304229736 317.95078408718109 124.46053484082222 211.77604946494102 313.52394634485245 319.84253391623497 1096.3800303637981 339.72596073150635
leaf_count=105 190 106 255 733 535 61 128 123 461 137 6386 157 982 520 818 66 286 264 232 79 336 4390 2179 234 398 224 307 226 470 2675 280
internal_value=-1.1437e-05 0.00058858 0.000756332 -0.0022149 -0.0016057 -0.000218485 0.00136017 0.0011491 0.00150555 0.00179823 0.00138205 0.00155854 0.00200622 0 -0.000126506 -0.00127262 0.0015949 -0.00206433 0.00148207 -0.00165795 0 0.000125478 0 -0.000868593 0.000478993 4.7778e-05 -0.00157837 -0.00261757 -0.0019717 -0.0023004 -0.00164647
internal_weight=12215.9 9574.77 9124.94 2641.09 2243 3440.41 5684.53 5219.88 4128.4 3803.32 3404.97 3318.13 2557.91 760.225 1091.48 666.848 401.129 597.373 424.635 325.081 3272.39 3122.12 2999.73 1098.68 1901.06 1583.11 336.237 449.833 2092.09 1755.95 1436.11
internal_count=24343 19545 19213 4798 4065 8384 10829 10639 9131 8929 8468 8331 7368 963 1508 1148 443 1082 360 202 8129 7793 7732 2413 5319 4921 531 332 3960 3425 2955
is_linear=0
shrinkage=0.0160995


Tree=99
num_leaves=32
num_cat=0
split_feature=31 36 10 11 51 11 11 23 4 23 68 10 27 51 36 60 31 33 23 10 10 70 51 11 3 17 11 70 70 23 47
split_gain=62.0116 22.8182 18.7832 14.7923 13.74 13.1565 17.5719 18.3197 13.0109 12.7517 12.6243 13.1535 11.885 11.556 10.7171 9.77273 8.86786 8.8392 8.4249 9.01869 9.18389 8.12241 7.50701 6.98113 6.45965 7.25896 12.0455 6.95004 6.83773 6.21191 5.95494
threshold=75.250000000000014 74.450000000000017 -0.52707282776374165 -0.70862667826445969 2.1845124870997297 0.98043284291745803 0.96457844552971317 24.219079353969956 1008.35 30.862633187545935 5.2150000000000007 -0.30901413279605799 29.465000000000003 1.3834046773571298 85.050000000000011 0.86350000000000005 81.750000000000014 77.850000000000009 27.185866168971572 0.88203985695844977 -0.4673548892883575 2.190825635086814 1.286413603901696 0.94415253529446119 0.19550000000000003 37.343471940719304 -0.65187484896379921 2.692360915668877 1.1776837821184538 26.17116966100264 0.12124355652988854
decision_type=2 2 2 2 2 2 2 2 2 2 2 2 2 2 2 2 2 2 2 2 2 2 2 2 2 2 2 2 2 2 2
left_child=1 3 9 -1 5 6 7 -4 14 -2 11 13 21 -10 24 -11 -7 -8 22 20 -20 29 -5 -13 27 -26 28 -9 -27 -3 -31
right_child=2 12 4 18 -6 16 17 8 10 15 -12 23 -14 -15 -16 -17 -18 -19 19 -21 -22 -23 -24 -25 25 26 -28 -29 -30 30 -32
leaf_value=0.011060271778816065 0.04412845626822031 0.00052294372900981388 0.024473076018026015 0.0063260428332455746 -0.01537536000473635 0.00091958471238280258 -0.00058933475175261085 0.00016367406031385132 -0.025595810030102695 -0.0043429144868506533 -0.011913324209523445 9.0936347160440855e-05 0.0089290371806997459 0.0012928689740308776 0.021034026717506069 0.019358840204062498 0.02357152433980219 -0.034228312686744776 0.014119615749535675 0.0056217495259908894 -0.061855507875041328 -0.034159817992083945 -0.045046829770525661 0.030501926736508748 0.0016116592199675241 -0.0080023815418718801 -0.013399840392802717 0.035582154949235126 0.0066357427074971009 0.0084088302270228215 -0.020795496092346804
leaf_weight=119.30393981933594 461.00820127129555 171.17892754077911 256.3657183945179 105.66673871874809 133.8787841796875 511.93217128515244 224.59742519259453 129.06634333729744 296.79062217473984 421.20305180549622 294.2579200565815 862.69295179843903 326.29852616786957 105.57664102315903 367.67697986960411 1456.9667818546295 368.16879016160965 214.74572470784187 77.913526833057404 121.69866934418678 1250.0306750833988 145.43008476495743 121.9120591878891 128.88970375061035 2047.5786245465279 133.76031422615051 138.93733862042427 121.5145115852356 228.85376358032227 288.5332935154438 583.43059346079826
leaf_count=213 1171 89 111 108 75 413 118 266 302 1212 419 1690 371 87 921 5104 310 171 254 319 2020 321 141 112 5447 133 114 126 254 715 1236
internal_value=-7.56351e-06 -0.00189385 0.000685381 -0.00312597 0.000229743 0.000348771 4.35521e-05 0.000324017 8.42586e-05 0.00192781 -0.001037 -0.000330351 -0.000376136 -0.00280905 0.000707615 0.00127342 0.00217567 -0.00301613 -0.00353353 -0.00399175 -0.00437565 -0.00116842 -0.000252208 0.000601223 0.000334399 5.80824e-05 -0.00163431 0.00279129 0 -0.000575957 -0.00118648
internal_weight=12215.9 3311.4 8904.46 1796.53 6565.28 6431.41 5551.3 5111.96 4855.6 2339.18 1688.21 1393.95 1514.87 402.367 3167.39 1878.17 880.101 439.343 1677.22 1449.64 1327.94 1188.57 227.579 991.583 2799.71 2549.13 501.551 250.581 362.614 1043.14 871.964
internal_count=24343 5787 18556 3055 11069 10994 10271 9982 9871 7487 2610 2191 2732 389 7261 6316 723 289 2842 2593 2274 2361 249 1802 6340 5948 501 392 387 2040 1951
is_linear=0
shrinkage=0.0160995


Tree=100
num_leaves=32
num_cat=0
split_feature=9 10 35 4 22 44 28 10 62 30 10 0 2 10 44 65 10 30 60 65 68 10 29 10 47 18 62 29 8 35 29
split_gain=51.9296 26.5141 18.6564 13.2555 14.4336 10.2813 14.2786 10.2842 16.3827 24.1056 12.9053 10.129 9.69451 8.16627 7.86392 8.92295 7.8483 7.42081 8.37585 7.31701 7.14578 7.0078 5.94341 5.82939 5.49114 5.39033 5.19553 4.9587 4.47027 7.48675 4.43533
threshold=-0.5 -0.52707282776374165 69.550000000000011 1005.35 23.764697191857504 32.860563592113394 29.055000000000003 0.49002412863433359 1010.5500000000001 26.175000000000004 0.75548631800528565 7.035000000000001 94.15000000000002 0.81900730237416519 37.380270162138721 2.6350000000000002 -0.25118773779856163 27.085000000000004 0.70550000000000013 5.5850000000000009 0.28500000000000009 0.88203985695844977 30.185000000000006 -0.2760944163666606 0.37509998667068117 34.263211032834711 1007.0500000000001 26.495000000000001 0.78656609248549325 84.450000000000017 30.025000000000002
decision_type=2 2 2 2 2 2 2 2 2 2 2 2 2 2 2 2 2 2 2 2 2 2 2 2 2 2 2 2 2 2 2
left_child=2 17 14 -3 11 7 -7 8 28 12 -9 -5 -10 -12 15 -1 23 -2 -19 20 -8 26 -23 24 -4 -22 -18 -28 -6 -30 -27
right_child=1 3 16 4 5 6 19 10 9 -11 13 -13 -14 -15 -16 -17 21 18 -20 -21 25 22 -24 -25 -26 30 27 -29 29 -31 -32
leaf_value=-0.022007640417493774 0.051596745435563342 0.012236679981869801 0.0029930461902065351 0.020847286164932713 -0.029728381749717023 0.016799795802589272 0.0061140190637434281 0.046456681321158003 0.0088191899926297595 -0.013454668937511734 -0.016647021696243006 0.00025181257033946529 -0.0010391238666802817 0.010608418892169848 0.0080254269493518823 -0.060398342296792695 -0.0052387011015713608 -0.0056686640559482776 0.021219826640461004 0.0053663375603109353 0.011226128660102275 -0.0085505418927772983 0.011175817063740479 0.028385226584992998 -0.024871185674747297 -0.0059542992657327567 -0.001625815745819601 -0.026394177874867704 -0.00053307913890451007 -0.010176028654683778 2.1594022500526711e-05
leaf_weight=140.09192526340485 327.9957429766655 663.50067266821861 867.38502097129822 292.86096099019051 752.24849247932434 951.07067859172821 99.871677130460739 298.1531201004982 526.47026354074478 540.06367218494415 217.8507080078125 273.01188093423843 198.3381989300251 255.87917768955231 55.865818023681641 642.67963355779648 529.2658659517765 142.99808704853058 1371.0882155299187 204.06896364688873 78.608081698417664 212.87084722518921 98.729290008544922 53.460910797119141 199.15260353684425 614.49556946754456 128.69472804665565 743.49222990870476 363.80262243747711 240.32364308834076 131.47009542584419
leaf_count=326 764 1706 2952 153 1088 2601 168 812 431 586 185 109 88 788 39 1135 1046 340 4560 356 160 589 135 41 426 701 144 1284 308 147 175
internal_value=-2.08181e-05 0.000660634 -0.00162751 0.000177065 -4.78359e-05 -0.0003144 0.000553098 -0.000869669 -0.00136092 0 0.000693928 0.00237586 0.00187296 -0.000824851 -0.00376596 -0.00420854 -0.000962456 0.00237302 0.00180196 -0.000617396 -0.00128042 -0.00164793 0.000319062 1.65447e-05 -0.000178738 -0.00183134 -0.00214198 -0.00293685 -0.00258797 -0.00131814 -0.00230218
internal_weight=12215.9 8544.17 3671.69 6702.09 6038.59 5472.71 2079.59 3393.13 2621.25 1264.87 771.883 565.873 724.808 473.73 838.637 782.772 2833.05 1842.08 1514.09 1128.51 924.445 1713.05 311.6 1120 1066.54 824.574 1401.45 872.187 1356.37 604.126 745.966
internal_count=24343 16226 8117 10562 8856 8594 4161 4433 2648 1105 1785 262 519 973 1500 1461 6617 5664 4900 1560 1204 3198 724 3419 3378 1036 2474 1428 1543 455 876
is_linear=0
shrinkage=0.0160995


Tree=101
num_leaves=32
num_cat=0
split_feature=31 64 29 19 12 49 6 11 6 12 11 11 11 64 70 22 22 9 64 70 17 19 11 25 41 11 17 48 62 11 68
split_gain=59.5194 18.59 19.4758 17.4316 17.1884 11.4424 9.75427 7.79476 7.69652 7.28261 7.19225 7.17204 12.1399 18.3802 13.6434 8.87956 8.82573 6.92977 7.02234 5.54616 5.42715 7.85615 5.2141 5.14128 12.0615 6.32526 5.06527 8.36387 5.06179 4.73384 4.37572
threshold=75.250000000000014 1008.35 26.255000000000006 24.219079353969956 6.5000000000000009 0.42924157869091639 0.60355339059327384 -0.62538740722492581 0.60355339059327384 1.5000000000000002 0.88999460902669758 0.99370977118463066 0.84750952922804634 1010.2500000000001 0.079371412639748243 23.764697191857504 29.685010421525593 -0.12940952255126037 1008.0500000000001 1.5741700038905881 38.176575959122083 37.235234500426962 0.93225468035816128 29.435000000000006 0.11102894403095918 -0.33346877891818688 36.212688010065889 27.10916666666667 1009.85 0.3090169943749474 30.685000000000006
decision_type=2 2 2 2 2 2 2 2 2 2 2 2 2 2 2 2 2 2 2 2 2 2 2 2 2 2 2 2 2 2 2
left_child=1 7 5 -2 17 9 11 8 -1 -3 26 12 16 15 -15 -14 -6 -5 20 -17 21 30 -21 24 -9 -25 27 -4 -18 -8 -19
right_child=3 2 10 4 6 -7 29 23 -10 -11 -12 -13 13 14 -16 19 28 18 -20 22 -22 -23 -24 25 -26 -27 -28 -29 -30 -31 -32
leaf_value=0.015611442714095466 -0.010009695690286499 -0.0034395364801390296 -0.065105977047927269 -0.0038970415979468691 0.050144719305976873 -0.018990994527787554 0.0078765871479635555 0.038186703061183172 -0.00069278308549293953 0.0066309801426036319 -0.058507936750123057 0.018450913378482786 0.0095559476837708806 0.00045673196598370046 0.016080830585029918 -0.012655776321183273 0.020849845172173045 0.0077555339250292288 -0.0013506132112083584 0.029521011466396647 0.024589570042581287 -0.0032355514315814322 -0.015697957119303288 -0.013661844363612594 -0.021090313294426611 0.010007980623339187 -0.054758889186666791 -0.00046422753903503926 -0.00068003484667931546 -0.017285214836613556 -0.010727556855254766
leaf_weight=188.88809257745743 243.40832477807999 135.37381854653358 164.55986031889915 1530.416633605957 258.9473240673542 302.48163399100304 527.5510687828064 86.252969950437546 208.52654647827148 164.54829505085945 884.63229221105576 303.67611479759216 153.34804913401604 325.92790219187737 250.58076623082161 308.45465561747551 1741.1766584217548 1004.8564990460873 932.60588818788528 101.49098867177963 161.2582596540451 288.89971089363098 239.90410208702087 195.88136959075928 267.1556236743927 106.18398141860962 189.60611486434937 417.30649870634079 232.88926315307617 258.85776698589325 40.212324172258377
leaf_count=285 139 109 298 2795 496 304 1944 118 418 159 1587 217 38 121 122 180 6088 2567 1593 260 139 348 134 175 524 268 159 1383 544 750 81
internal_value=0 -0.00184318 -0.00266625 0.000683825 0.000811279 -4.89806e-05 0.00146912 0 0.00169318 0.0020286 -0.00356795 0.00179869 0.00156065 0.000304121 0.00253499 -0.00120184 0.00229956 8.89031e-06 0.00056321 -0.00208564 0.00126121 0.000841776 -0.000389321 -0.00114983 0 -0.00268579 -0.00220664 -0.00125202 0.00186255 -7.14728e-05 0.0015278
internal_weight=12215.9 3311.4 2258.51 8904.46 8661.05 602.404 4702.8 1052.89 397.415 299.922 1656.1 3916.4 3612.72 1379.71 576.509 803.198 2233.01 3958.25 2427.83 649.85 1495.23 1333.97 341.395 655.474 353.409 302.065 771.472 581.866 1974.07 786.409 1045.07
internal_count=24343 5787 3999 18556 18417 572 10894 1788 703 268 3427 8200 7983 855 243 612 7128 7523 4728 574 3135 2996 394 1085 642 443 1840 1681 6632 2694 2648
is_linear=0
shrinkage=0.0160995


Tree=102
num_leaves=32
num_cat=0
split_feature=37 10 62 10 10 22 23 36 50 10 10 52 8 21 11 37 11 65 28 51 28 11 10 36 51 11 20 50 20 20 51
split_gain=58.2058 25.5003 26.8638 21.0013 15.5544 15.3992 14.6302 13.9604 13.5376 12.9176 12.8367 12.8004 12.8918 10.5543 8.92122 10.369 8.76937 8.37474 10.1812 9.7302 8.65558 7.76053 7.47879 7.47142 6.78518 6.70811 10.5193 7.07606 6.66596 5.99341 5.43099
threshold=72.65000000000002 -0.012910176522261644 1009.0500000000001 -0.11593352601052358 -0.52707282776374165 24.219079353969956 30.905860904460493 69.550000000000011 26.063541666666669 -0.43664718845046341 -0.3896268414500369 1805.7320000000002 0.37940952255126054 29.873873905745437 0.91925191855388755 85.050000000000011 0.1500498401600889 3.1450000000000005 29.875000000000004 0.55631128532594498 29.425000000000004 0.97690230611205509 -0.3171883513140959 83.450000000000017 0.61784278740409959 0.91234096280339505 35.698382065834963 30.372291666666673 31.101443662183968 28.047475512659325 1.4990283651646161
decision_type=2 2 2 2 2 2 2 2 2 2 2 2 2 2 2 2 2 2 2 2 2 2 2 2 2 2 2 2 2 2 2
left_child=11 3 7 4 6 -6 -2 -3 9 -7 -10 -1 25 -12 15 17 -8 20 28 -20 -9 -11 24 30 -15 26 -13 -28 -19 -5 -4
right_child=1 2 23 29 5 8 16 14 10 21 13 12 -14 22 -16 -17 -18 18 19 -21 -22 -23 -24 -25 -26 -27 27 -29 -30 -31 -32
leaf_value=-0.085124908149929859 0.043203185755878525 -0.037444164940039278 -0.011735263116949706 0.0022519310363010858 0.014841367058099861 -0.023189955270272952 0.018676976666208919 0.023925171668058423 0.031720126289749954 0.0033240874486212425 0.00040399661042717853 -0.00010560175175079167 0.0029108614020843058 -0.0034627982572335105 -0.032350484769455984 0.024340906440644572 -0.00056959788991862363 0.0043766983436834342 0.018194157408537494 -0.0083595118594794859 -0.0005831803946613896 -0.0095570190919502199 -0.0013371646540522332 0.00091311342292157212 -0.033065192893858779 -0.047141012349437003 -0.027184339473794672 -0.002246465634459318 -0.0039192604698011042 0.029557764210651795 -0.015356930421853933
leaf_weight=398.75513443350792 489.47714024782181 135.43438118696213 857.60061839222908 79.929715514183044 465.15077352523804 251.43229293823242 1139.3505935072899 380.95250684022903 321.71054029464722 196.24478185176849 377.54457479715347 501.79763430356979 357.11527013778687 84.228843510150909 140.24869108200073 277.52176240086555 865.84338808059692 89.752021074295044 375.4621649980545 143.40895080566406 285.07027518749237 172.12001323699951 368.81596451997757 260.46705833077431 132.35035508871078 522.47406387329102 134.14973932504654 107.64231777191162 1542.8273572027683 363.00435221195221 397.97612118721008
leaf_count=668 1272 159 1457 88 168 98 4358 660 1060 145 164 1445 577 274 174 585 2379 211 474 204 306 123 960 404 161 964 150 71 3601 565 418
internal_value=2.49844e-05 0.000526584 -0.000299238 0.00130176 0.000973426 4.80034e-06 0.00186016 0.000482272 -0.0006035 -0.00256463 0.000284833 -0.00246098 -0.00174322 -0.000577892 0.000717488 0.000918709 0.00119149 0.000590146 6.20454e-05 0.00205123 0.00216738 -0.000392359 -0.00198501 -0.00208666 -0.00437757 -0.00251996 -0.00135781 -0.00409077 -0.000524203 0.00469281 -0.00260583
internal_weight=12215.9 10193.9 4886.72 5307.2 4864.27 2369.6 2494.67 3370.68 1904.45 619.797 1284.65 2021.93 1623.18 962.94 3235.24 3095 2005.19 2817.47 2151.45 518.871 666.023 368.365 585.395 1516.04 216.579 1266.06 743.59 241.792 1632.58 442.934 1255.58
internal_count=24343 20468 8653 11815 11162 3153 8009 6374 2985 366 2619 3875 3207 1559 6215 6041 6737 5456 4490 678 966 268 1395 2279 435 2630 1666 221 3812 653 1875
is_linear=0
shrinkage=0.0160995


Tree=103
num_leaves=32
num_cat=0
split_feature=31 64 69 9 33 4 48 69 60 38 12 34 29 22 12 35 20 55 38 33 0 55 60 43 64 65 0 31 20 28 22
split_gain=57.2682 21.9119 19.8281 17.3818 16.7926 9.90552 8.43123 8.37758 7.52926 6.75724 8.58617 6.13863 6.36159 7.00004 5.91364 7.35124 6.44413 5.86498 7.51673 5.67266 7.43559 4.68959 5.12276 5.6919 4.58264 4.20669 5.90055 4.76664 6.44813 4.15169 5.51345
threshold=75.250000000000014 1008.35 27.414867087810823 -0.12940952255126037 66.050000000000011 1005.35 22.662499999999998 24.414882487732932 0.11250000000000002 2.0630739585638698 6.5000000000000009 64.350000000000009 29.135000000000002 35.470907004726854 1.5000000000000002 81.950000000000017 26.61703327910973 183.25000000000003 -0.30695557580015981 78.250000000000014 3.1450000000000005 9.8500000000000032 0.99350000000000016 0.79334193773465411 1007.4500000000002 5.1350000000000007 7.5950000000000006 76.750000000000014 35.310358001884502 29.345000000000002 37.609383897090616
decision_type=2 2 2 2 2 2 2 2 2 2 2 2 2 2 2 2 2 2 2 2 2 2 2 2 2 2 2 2 2 2 2
left_child=1 8 4 6 -3 -5 -2 -7 -1 10 19 -9 14 -14 15 -13 -16 18 -10 20 -8 22 23 24 -12 27 -27 -21 -29 -15 -31
right_child=3 2 -4 5 -6 7 9 11 17 -11 21 12 13 29 16 -17 -18 -19 -20 25 -22 -23 -24 -25 -26 26 -28 28 -30 30 -32
leaf_value=-0.02993141479668638 -0.015695466640331841 -0.0001178311050495787 -0.042252624222536318 0.020498154492177408 -0.0010249119979115918 0.018260981308009506 -0.00078823992259225708 -0.00052397660654511925 -0.0094103898198574527 -0.02156957568394342 0.0080101685614668138 0.0031107990229503092 -0.012379611683639441 0.0031962582359341546 -0.020565062329311656 -0.014947558355072164 0.0091445810968810524 -0.0029205743981208783 0.015182513764890009 0.0027815570602721554 -0.0069547491193175564 0.00058953884698813676 -0.00031926077867115081 0.0054371300242824876 0.016027540546454461 0.0044890704684105269 -0.013842889422111385 -0.0049061591593181171 -0.010748687900622984 -0.0057470897331897749 0.0063056204245517024
leaf_weight=184.47182205319405 96.132161617279053 126.80418094992638 1892.8946336507797 719.45569038391113 238.80970194935799 309.4289325773716 93.995164036750793 264.03642117977142 143.91514065861702 173.98866164684296 78.923184812068939 198.4053173661232 125.28796753287315 180.66738629341125 90.7297602891922 150.16735833883286 3031.7560984492302 428.85684812068939 295.6447146832943 134.51532965898514 197.11494034528732 967.48613306879997 248.17189025878906 196.91720363497734 235.52753588557243 227.86445528268814 77.855148375034332 394.85165596008301 385.64433220028877 228.71115720272064 96.828469395637512
leaf_count=243 44 58 3712 2058 229 129 62 287 319 349 224 275 274 318 108 191 6986 900 326 201 358 3264 584 88 216 529 117 1045 416 293 140
internal_value=1.24871e-05 -0.00178732 -0.00268157 0.000691222 0.000563441 0.00126642 -0.000170787 0.000969125 5.75699e-05 -1.24648e-05 0.000131359 0.000762644 0.000928303 -0.000467118 0.00120543 -0.000624566 0.0014358 0.000760469 0.00209539 -0.00072443 0.00114809 0.00092674 0.00187884 0.00279481 0.00415549 -0.00123835 0.000169637 -0.00179484 -0.00230156 0.00023747 -0.000665933
internal_weight=12215.9 3311.4 2258.51 8904.46 365.614 5395.47 3508.99 4676.02 1052.89 3412.86 3238.87 4366.59 4102.55 631.495 3471.06 348.573 3122.49 868.417 439.56 1511.84 291.11 1727.03 759.54 511.368 314.451 1220.73 305.72 915.011 780.496 506.207 325.54
internal_count=24343 5787 3999 18556 287 11059 7497 9001 1788 7453 7104 8872 8585 1025 7560 466 7094 1545 645 2728 420 4376 1112 528 440 2308 646 1662 1461 751 433
is_linear=0
shrinkage=0.0160995


Tree=104
num_leaves=32
num_cat=0
split_feature=31 11 30 58 9 45 45 26 4 30 45 35 12 11 18 4 45 11 44 18 11 64 70 30 0 11 0 50 44 65 45
split_gain=58.6038 20.947 22.042 17.4339 15.592 12.9576 11.1135 10.0486 8.39347 10.4885 8.16672 7.49306 6.56587 6.44542 8.39998 8.68283 6.6452 5.90776 8.15349 4.92062 10.4544 15.3539 11.3789 9.74928 8.71198 8.23703 7.58152 7.32646 6.98406 7.46827 5.55783
threshold=75.250000000000014 0.87377473702374975 25.935000000000006 1567.9620000000002 -0.12940952255126037 2.9398720701398982 1.7429915801383333 23.835000000000004 1004.85 28.945000000000004 0.83015096183272352 80.850000000000009 6.5000000000000009 -0.70862667826445969 36.212688010065889 1005.85 1.1965502931407592 -0.67758968959607091 36.14409665396979 25.939834469038647 0.85651926849515192 1010.1500000000002 0.93010365797527339 26.495000000000001 5.8850000000000007 0.43665123195606398 7.3750000000000009 27.401875000000004 31.149979643506857 3.7150000000000003 0.47569924073940978
decision_type=2 2 2 2 2 2 2 2 2 2 2 2 2 2 2 2 2 2 2 2 2 2 2 2 2 2 2 2 2 2 2
left_child=1 3 6 10 7 8 -3 -2 -6 19 -1 -12 -9 -5 16 -16 -15 -11 -19 26 23 22 -22 -21 -23 30 -10 -27 -29 -30 -25
right_child=4 2 -4 13 5 -7 -8 12 9 17 11 -13 -14 14 15 -17 -18 18 -20 20 21 24 -24 25 -26 27 -28 28 29 -31 -32
leaf_value=0.031869813697662404 -0.0092629787095965116 0.0013505334452346249 -0.050571518309170636 0.0055828930622102329 0.024703620371731187 -0.0099353717510566129 -0.020950723328011345 -0.0036831142512706106 0.041760006759103012 0.0018415513500307315 0.012349547660136805 -0.0019299222932436699 0.0050432084162147809 0.0081181721280020897 -0.0032137282305732171 -0.060246890691448673 -0.049201767943416547 -7.9371554275595158e-05 -0.0097502435718632083 0.05038293136863603 -0.030754499174940855 0.015310090640687939 0.0014588702122602416 -0.0093441131198209685 -0.00062484427317611503 0.025652967086491115 0.00047881310231703448 -0.070987391527747981 0.026303545829331927 -0.012329516153337465 0.02131991672220963
leaf_weight=140.5693424642086 187.87830972671509 222.63681983947754 1199.626385986805 237.91100120544434 473.44082796573639 188.32232904434204 230.87867707014084 1532.4852614998817 244.2113770544529 494.38924622535706 258.03332549333572 100.66037827730179 1788.6242865920067 288.82460695505142 132.55687820911407 208.09279525279999 291.60685229301453 313.70109611749649 149.69625794887543 238.80348056554794 267.9982036948204 260.02145019173622 218.19275203347206 120.83721366524696 169.09008902311325 147.36985841393471 331.62129184603691 95.877214014530182 188.47787746787071 193.9449434876442 1299.4789682328701
leaf_count=161 109 132 2025 621 1327 192 190 2800 128 992 598 171 4588 803 128 122 836 551 180 452 233 306 390 387 77 330 103 161 569 347 4334
internal_value=0 -0.00183071 -0.00312099 -0.000492424 0.000676777 0.00122141 0 -0.000138233 0.00138233 0.00115071 0.00194279 0.000390789 4.46503e-05 -0.00161297 -0.00224007 -0.00430271 -0.000874189 -0.000283984 -0.00164488 0.00153574 0.00124296 -0.000130746 -0.0021628 0.00182764 0.00198538 0.00140805 0.00300755 -7.73479e-06 -0.00110081 0 0.00208647
internal_weight=12215.9 3311.4 1653.14 1658.26 8904.46 5395.47 453.515 3508.99 5207.15 4733.71 499.263 358.694 3321.11 1158.99 921.081 340.65 580.431 957.787 463.397 3775.92 3200.09 915.302 486.191 2284.79 429.112 2045.99 575.833 625.67 478.3 382.423 1420.32
internal_count=24343 5787 2347 3440 18556 11059 322 7497 10867 9540 930 769 7388 2510 1889 250 1639 1723 731 7817 7586 1006 623 6580 383 6128 231 1407 1077 916 4721
is_linear=0
shrinkage=0.0160995


Tree=105
num_leaves=32
num_cat=0
split_feature=36 10 10 10 52 64 34 27 10 57 35 17 10 10 10 57 35 69 64 64 50 50 64 10 10 10 67 22 34 36 0
split_gain=54.1011 23.0509 20.6776 20.8543 13.6954 12.5738 11.7369 11.282 10.5775 10.218 10.8035 9.90757 8.97595 10.0353 14.8356 8.93653 8.78405 8.60283 8.51021 8.21651 8.03643 10.8745 6.93717 8.06428 6.77539 6.59594 11.6379 6.59391 6.14815 9.65522 8.75106
threshold=72.850000000000009 -0.012910176522261644 -0.11593352601052358 -0.25118773779856163 1747.8315 1007.2500000000001 70.850000000000009 26.695000000000004 -0.19244979981841004 38.641666666666914 85.550000000000011 38.372263631028297 0.88203985695844977 0.71466676797886841 0.44437406304545285 1.5333333333335133 84.550000000000011 33.31341214149424 1010.7500000000001 1009.6500000000002 26.223333333333336 27.218958333333337 1008.5500000000001 -0.37371625404731884 0.85654306401281499 -0.16705007855999712 0.14500000000000005 32.281064313437554 77.750000000000014 81.250000000000014 3.1750000000000003
decision_type=2 2 2 2 2 2 2 2 2 2 2 2 2 2 2 2 2 2 2 2 2 2 2 2 2 2 2 2 2 2 2
left_child=4 2 3 9 -1 11 -6 -4 18 10 22 16 13 14 17 -7 27 -8 -5 -11 -12 -22 23 -2 -17 -10 -27 -3 29 30 -29
right_child=1 5 7 8 6 15 12 -9 25 19 20 -13 -14 -15 -16 24 -18 -19 -20 -21 21 -23 -24 -25 -26 26 -28 28 -30 -31 -32
leaf_value=-0.074373583457258988 0.026913437871885215 0.023049526727664749 0.0020844927337125749 -0.0343135149073545 0.0016623184085061075 -0.00032921163846006297 -0.043018113168851291 0.04280575819734922 0.0016110294075608546 0.010712384861536616 -0.0099669053135995681 0.012105716926953829 0.0057060221393920446 -0.053295770783510846 0.011714257129429822 -0.026976663983751141 0.029028977834586033 0.02315691234480315 -0.00015757094045047512 -0.020180871999152673 0.043147930731841685 0.0015857702573364254 0.02233771405739339 -0.0019665763071996106 0.0011834424652352358 -0.019750384287479088 0.0047134288104028746 0.031201338532721633 -0.0040445995144731215 -0.00082555277294205066 -8.6961830350303432e-05
leaf_weight=316.18597346544266 630.16814026236534 127.73229199647903 98.740809738636017 250.94965213537216 412.84388649463654 1391.6678208708763 668.70889094471931 307.82846230268478 211.4242000579834 1399.9717366099358 141.2052273452282 237.84636616706848 183.96205139160156 316.05059242248535 191.23715567588806 837.85883891582489 205.6942446231842 103.61544916033745 106.3371120095253 317.40797367691994 109.09468832612038 507.079385638237 720.04609677195549 187.91618165373802 248.13524150848389 130.64526039361954 121.53530830144882 128.20805728435516 1088.093976020813 272.37413066625595 245.29419502615929
leaf_count=471 2101 353 121 370 687 1954 1344 530 168 4700 46 192 400 333 386 1578 548 376 44 766 142 1246 935 238 692 60 255 94 2244 500 469
internal_value=-2.80758e-06 0.000491895 0.00123221 0.000916434 -0.00229798 -0.000302797 -0.00170664 0.00475205 -0.00136866 0.00140459 0.00211558 0.000529308 -0.00239276 -0.00288279 -0.00192275 -0.00110893 0.0001284 -0.00295583 -0.00344584 0.0004054 0.000412384 0.00129874 0.0028995 0.0016997 -0.00220924 7.43121e-05 -0.00149068 -0.000182208 -0.000484999 0.000678762 0.00243335
internal_weight=12215.9 10023.3 5240.35 4833.78 2192.6 4782.91 1876.42 406.569 820.892 4012.89 2295.51 2305.24 1463.57 1279.61 963.561 2477.66 2067.4 772.324 357.287 1717.38 757.379 616.174 1538.13 818.084 1085.99 463.605 252.181 1861.7 1733.97 645.876 373.502
internal_count=24343 20346 11722 11071 3997 8624 3526 651 897 10174 4708 4400 2839 2439 2106 4224 4208 1720 414 5466 1434 1388 3274 2339 2270 483 315 3660 3307 1063 563
is_linear=0
shrinkage=0.0160995


Tree=106
num_leaves=32
num_cat=0
split_feature=31 37 57 11 67 18 36 62 33 11 69 23 35 69 69 39 38 64 0 62 37 18 11 54 27 70 36 37 61 59 18
split_gain=52.357 25.3104 13.021 11.2582 9.58718 12.1527 9.34256 8.77078 9.25662 8.65984 18.3882 7.29062 6.57969 9.40734 10.8014 7.09592 6.97701 6.5987 7.45491 6.30165 6.22923 5.33508 5.25397 5.23762 5.15613 4.98188 4.85058 4.60746 4.56514 4.28661 6.13673
threshold=75.250000000000014 79.250000000000014 5.1333333333335522 0.87377473702374975 1.3250000000000004 36.517412638785864 83.550000000000011 1008.9500000000002 63.95000000000001 0.93834263341299773 29.11374509084111 36.518191977041518 86.050000000000011 24.93981631901416 29.039009177397421 -0.39499999999999952 -1.1976046303585635 1010.5500000000001 6.5950000000000006 1011.85 84.050000000000011 35.397736945509301 0.96897393274411414 94.15000000000002 25.625000000000004 1.194887380915983 85.550000000000011 83.550000000000011 0.31850000000000006 0.30950000000000005 37.343471940719304
decision_type=2 2 2 2 2 2 2 2 2 2 2 2 2 2 2 2 2 2 2 2 2 2 2 2 2 2 2 2 2 2 2
left_child=1 3 12 4 11 -6 20 28 -9 -5 22 23 13 -2 17 -16 25 18 -15 -19 24 -8 -11 -1 -4 -14 -17 -10 -3 -26 -31
right_child=2 7 6 9 5 -7 21 8 27 10 -12 -13 16 14 15 26 -18 19 -20 -21 -22 -23 -24 -25 29 -27 -28 -29 -30 30 -32
leaf_value=0.012818966491781955 0.020596414092689794 -0.0030238230351180436 -0.02295581518066284 -0.054739512664287844 -0.00051293409365733367 -0.048889203103170381 0.008382751320352988 0.0080790631584343204 -0.030394128760875109 0.020006176187220184 -0.05885601721924457 0.011937356493531982 -3.6421200455343008e-05 -0.0016317895976969427 0.024505896038609705 0.005188561126997831 0.012663401041482359 0.0069627892599737739 -0.020901401854320288 -0.00033052492608170639 0.0132582501585753 0.027884774133512261 -0.010966057541874281 -0.040865140248957876 0.0018129611677727736 -0.0055221493913583403 0.03035005522323056 1.5706153075672016e-05 0.011760485928040309 -0.0015609801245867528 -0.0078164815761913378
leaf_weight=142.94108536839485 355.69302394986153 99.391576319932938 171.28782880306244 420.29008209705353 260.86225232481956 211.52811253070831 705.1767452955246 81.291811436414719 205.64125040173531 126.70131659507751 557.8983051776886 167.81964898109436 268.3064090013504 388.7011587023735 520.6729376912117 1126.239852398634 400.05103927850723 325.76085421442986 114.25357365608215 298.96736320853233 349.1207123696804 138.03179639577866 205.38393783569336 351.04811644554138 714.59641298651695 147.5093868970871 215.89419919252396 113.82914716005325 366.77050048112869 2296.8926854729652 367.30627518892288
leaf_count=333 154 224 211 571 570 161 2138 120 293 172 1040 142 288 426 1213 2891 983 276 60 166 997 291 251 986 1142 129 609 198 726 6235 347
internal_value=-3.10612e-05 -0.00176457 0.00060504 -0.00260762 -0.00131399 -0.00305782 1.1009e-05 0.000521495 -0.00109288 -0.00366009 -0.00257313 0 0.00126211 0.00157799 0.00124185 0.00199355 0 0 -0.00136962 0.00110024 -0.00030451 0.00155993 0.000202978 -0.00104534 -0.000524087 -0.00148849 0.00127499 -0.0024739 0.00207773 -0.00035749 -0.000670031
internal_weight=12215.9 3311.4 8904.46 2444.47 1134.2 472.39 4742.41 866.924 400.762 1310.27 889.984 661.809 4162.05 3346.18 2990.49 1862.81 815.867 1127.68 502.955 624.728 3899.2 843.209 332.085 493.989 3550.08 415.816 1342.13 319.47 466.162 3378.8 2664.2
internal_count=24343 5787 18556 4226 2192 731 11361 1561 611 2034 1463 1461 7195 5795 5641 4713 1400 928 486 442 8932 2429 423 1319 7935 417 3500 491 950 7724 6582
is_linear=0
shrinkage=0.0160995


Tree=107
num_leaves=32
num_cat=0
split_feature=36 51 29 58 52 19 0 52 34 52 28 56 4 61 0 63 51 28 17 37 29 52 26 33 45 63 45 29 35 45 0
split_gain=50.2363 16.9481 19.2032 13.281 13.0488 16.0132 11.3754 10.9065 10.2748 11.6727 9.5007 8.8391 8.73725 7.67544 7.10559 7.26041 7.05161 8.04802 8.4024 7.03552 7.67824 6.93883 6.80325 6.54811 6.89646 6.46073 5.84257 5.80096 7.58 5.54126 5.34298
threshold=72.750000000000014 1.6173022245405761 23.835000000000004 5175.214500000001 2120.855 37.343471940719304 4.245000000000001 2144.1715000000004 69.350000000000009 1880.9435000000001 29.055000000000003 3.0500000000000003 1004.85 0.78450000000000009 5.5850000000000009 1007.85 0.5776889708962466 29.975000000000005 36.444848263419914 83.950000000000017 29.915000000000003 2366.4080000000004 29.145000000000003 69.350000000000009 1.4769954898251292 1011.0500000000001 0.55532491548938934 27.575000000000003 84.250000000000014 1.2529663429460511 3.9650000000000003
decision_type=2 2 2 2 2 2 2 2 2 2 2 2 2 2 2 2 2 2 2 2 2 2 2 2 2 2 2 2 2 2 2
left_child=4 2 -2 7 23 21 -3 11 -8 -10 13 -4 -12 27 15 19 17 18 -5 20 -14 -6 25 24 -1 -18 -17 28 30 -29 -9
right_child=1 6 3 16 5 -7 8 10 9 -11 12 -13 14 -15 -16 26 22 -19 -20 -21 -22 -23 -24 -25 -26 -27 -28 29 -30 -31 -32
leaf_value=0.0026696962321794567 0.011342059960325387 -0.051900728021301024 0.00049880733279697746 0.0011951398840018862 0.0034105870215657506 -0.059452217369886207 0.00075702544364649111 0.0063953123779243275 -0.014743548786065246 2.2224935321042936e-05 0.014928838514041962 -0.01760419713625215 -0.0076316640780639796 0.020272752199573658 0.0051050280343789287 0.0073753544742200441 0.0008289960123632153 0.0050274298250559306 -0.012978249241074168 0.0063366772220925819 0.0075143025626837716 -0.018024448221642224 -0.011987824614120478 -0.050515493384457356 -0.048622762380458984 -0.024801687898181421 -0.005935781301430079 0.0052845513052459233 -0.001573422773309295 -0.012067643833765457 0.015597350636283475
leaf_weight=202.0989226102829 536.775061160326 180.64463624358177 1084.7691544890404 1040.014633923769 580.79890477657318 123.14349794387817 358.60071927309036 150.67348012328148 234.74161976575851 181.4567064344883 214.69595450162888 390.02664098143578 472.93823239207268 2411.1679601669312 249.73171788454056 61.660024374723434 556.23577553033829 300.79703676700592 181.86249160766602 76.514869451522827 86.381599307060242 73.755914658308029 187.53132718801498 918.91020378470421 262.26951110363007 209.0630692243576 72.013200134038925 280.62212309241295 223.00468230247498 153.95530334115028 159.00442332029343
leaf_count=470 226 204 1028 3543 1287 89 253 372 128 190 383 725 751 7319 448 37 1423 378 210 160 159 127 258 1531 431 348 185 888 328 280 184
internal_value=-4.453e-05 0.00042758 0.000648165 0.000451529 -0.00227541 -0.000479956 -0.00158451 0.000860765 -0.000608321 -0.00238875 0.00124945 -0.000300737 0 0.00169082 -0.000584117 -0.00140618 -0.000522264 0.000109422 -0.000417358 -0.00217949 -0.00286491 0.000418651 -0.00161223 -0.0032234 -0.00137417 -0.000799411 0.00165061 0.000374564 0.00155353 -0.000888595 0.00320766
internal_weight=12215.9 10054.9 9099.44 8562.66 2160.98 777.698 955.444 6087.16 774.799 416.198 4612.36 1474.8 1233.94 3378.43 1019.24 769.508 2475.5 1522.67 1221.88 635.835 559.32 654.555 952.83 1383.28 464.368 765.299 133.673 967.26 532.683 434.577 309.678
internal_count=24343 20408 19633 19407 3935 1503 775 13247 571 318 11494 1753 2123 9371 1740 1292 6160 4131 3753 1070 910 1414 2029 2432 901 1771 222 2052 884 1168 556
is_linear=0
shrinkage=0.0160995


Tree=108
num_leaves=32
num_cat=0
split_feature=31 36 9 11 10 27 22 26 23 45 10 10 25 11 11 51 68 26 11 47 45 10 10 10 4 11 47 22 22 33 10
split_gain=50.1808 21.6999 16.3913 13.3645 10.6153 10.6084 12.2018 9.8132 9.44909 11.6096 9.05323 9.1897 8.53342 9.21883 9.1199 11.66 9.3651 8.35093 8.30298 7.90172 7.22546 6.288 7.72834 6.67852 6.28688 6.12195 6.01203 5.59847 7.3998 5.22851 7.16351
threshold=75.250000000000014 74.450000000000017 -0.12940952255126037 -0.70862667826445969 -0.52707282776374165 29.465000000000003 25.688891371253934 23.835000000000004 27.185866168971572 1.587398486102882 0.88203985695844977 -0.4673548892883575 25.085000000000004 -0.78295110140207591 0.98927755889796032 1.0008076448630907 1.8750000000000002 28.415000000000003 0.92589048012183106 0.10816653826390284 0.83015096183272352 -0.25118773779856163 -0.19244979981841004 0.012910176522261693 1009.85 0.95493138204271821 0.34000000000020886 31.629879458193951 35.595657612975621 78.250000000000014 0.85654306401281499
decision_type=2 2 2 2 2 2 2 2 2 2 2 2 2 2 2 2 2 2 2 2 2 2 2 2 2 2 2 2 2 2 2
left_child=1 3 7 -1 24 6 -3 -2 9 -5 11 -10 26 -14 15 16 18 -17 27 -8 -7 25 -23 -24 -4 -9 -6 -15 -29 30 -25
right_child=2 5 4 8 12 20 19 21 10 -11 -12 -13 13 14 -16 17 -18 -19 -20 -21 -22 22 23 29 -26 -27 -28 28 -30 -31 -32
leaf_value=0.012658725091635209 -0.0085322485897157425 0.0012732003966145213 0.027408572919899087 0.0054693415714474423 0.01384614217685151 0.014342254996100468 0.0016912508062824638 0.0042810976267154584 0.014538395021751348 -0.048875048777678239 0.0058393675629482998 -0.055582230375288241 0.010945718188817576 0.045186871350673508 0.016391433701678233 -0.006138663413227401 -0.003244136916796076 0.00024136786935922662 -0.03615290647100531 -0.021642082476806858 -9.6436062697166831e-05 -0.038148185387791578 0.01194670008036712 -0.0071028809462797019 -0.0003509843347480878 0.019916277983749415 0.0007437361305522751 -0.0050967327078036842 0.0066003780101893429 -0.0059472145595102542 0.018625358033258186
leaf_weight=119.3039402961731 187.87832140922546 175.96185347437859 1161.713930785656 94.306969940662384 283.52338010072708 168.12507086992264 308.29402223229408 1336.1735683977604 77.913525879383087 133.2718593776226 121.698676019907 1250.0306689441204 867.38471794128418 241.94087013602257 245.41940355300903 576.21527221798897 642.92491391301155 203.67129829525948 98.154937565326691 704.31702214479446 158.1734567284584 120.05464649200439 278.80297759175301 193.15457239747047 214.09784504771233 53.593079090118408 336.65516793727875 285.108218729496 238.66453316807747 1242.1265839636326 97.204093217849731
leaf_count=213 109 117 3745 101 121 160 741 3959 254 148 319 2020 2665 669 295 436 1074 279 172 1503 211 149 454 309 503 26 120 739 241 2377 114
internal_value=1.5092e-05 -0.00166921 0.000650841 -0.00286792 0.00120968 -0.000191604 -0.000946295 -0.000185982 -0.00325716 0 -0.0037358 -0.00412242 0.000761498 0.000415034 -4.571e-05 -0.000394594 0.000388812 -0.00200547 0.00151911 -0.00167723 0.0022958 0 -0.000575368 -0.000261959 0.00245589 0.000842668 0.00251947 0.00214338 0.000988804 -0.000718284 0.00107783
internal_weight=12215.9 3311.4 8904.46 1796.53 5395.47 1514.87 1188.57 3508.99 1677.22 227.579 1449.64 1327.94 4019.66 3399.48 2532.1 2286.68 1506.79 779.887 863.869 1012.61 326.299 3321.11 1931.34 1811.29 1375.81 1389.77 620.179 765.714 523.773 1532.49 290.359
internal_count=24343 5787 18556 3055 11059 2732 2361 7497 2842 249 2593 2274 6811 6570 3905 3610 2895 715 1821 2244 371 7388 3403 3254 4248 3985 241 1649 980 2800 423
is_linear=0
shrinkage=0.0160995


Tree=109
num_leaves=32
num_cat=0
split_feature=57 11 7 64 11 25 68 50 30 25 25 61 66 60 61 43 4 60 50 44 50 11 49 30 26 70 70 26 44 32 66
split_gain=43.939 50.3602 18.7427 12.8706 12.1245 10.9995 12.3409 9.58947 9.04474 8.25281 7.20595 9.5084 8.8402 8.64678 7.76174 6.79509 6.71861 6.53493 6.52666 6.29069 9.39879 6.34718 6.77534 5.79981 5.69829 8.19893 6.29375 5.68566 5.342 13.5623 7.08553
threshold=5.1333333333335522 0.87377473702374975 0.60355339059327384 1007.4500000000002 0.92589048012183106 30.335000000000004 1.4450000000000001 26.549375000000001 30.845000000000002 23.835000000000004 24.925000000000004 0.78050000000000008 3.3450000000000002 0.055500000000000008 0.88950000000000007 0.17157497942159547 1013.0500000000001 0.75050000000000006 26.898541666666667 27.077102778829914 27.291041666666668 0.90515966073569365 0.125923257049433 27.335000000000004 28.435000000000006 -0.8130319192768648 0.41046141245247197 29.625000000000004 35.775790177034999 77.15000000000002 6.6950000000000012
decision_type=2 2 2 2 2 2 2 2 2 2 2 2 2 2 2 2 2 2 2 2 2 2 2 2 2 2 2 2 2 2 2
left_child=9 3 -3 8 -4 16 -7 -6 15 -1 14 13 27 -12 -11 -2 23 24 -19 -14 -21 22 -22 -5 25 -15 -27 -13 30 -30 -17
right_child=1 2 4 5 7 6 -8 -9 -10 10 11 12 19 17 -16 28 -18 18 -20 20 21 -23 -24 -25 -26 26 -28 -29 29 -31 -32
leaf_value=-0.0012004638102424802 0.011809885450526421 -0.047304075605686897 -0.031426377667446978 0.012629999209388582 0.012987442625892014 -0.0014434988504417896 -0.047418241165192193 -0.011052304618679502 -0.021727358813423282 0.019279005448964569 0.0017821921148975003 0.023837212352291325 -0.012403142356798354 -0.002387353042342047 0.00043597578735946415 0.012449611972525936 -0.060414380404252774 0.0046317719311261395 -0.0072871232767158867 0.032252180210236472 -0.00059139319211084899 -0.047719973991296842 0.012874147173729103 -0.0075790184060084767 0.0027889838297978629 -0.024582917225683967 -0.0014492622606091434 -0.0053877175336310285 0.0034377330761904842 -0.0057285028946739772 -0.013320518253926005
leaf_weight=342.79616102576256 675.10889157652855 1214.2609672546387 167.85933566093445 243.64110440015793 260.1191423535347 115.74689263105392 201.35786086320877 250.71649879217148 95.281761974096298 283.33118736743927 451.2046522796154 597.68924996256828 100.32269293069839 120.8865057528019 241.63418281078339 1363.8095222711563 128.28416687250137 127.1536331474781 218.44412636756897 255.75118735432625 538.69629573822021 47.660951793193817 749.06096455454826 1436.3142977952957 196.36640155315399 230.214250177145 309.82514381408691 49.829982310533524 306.95446771383286 599.80274713039398 295.73417162895203
leaf_count=134 1590 2253 126 587 167 167 149 237 110 129 461 1247 70 168 94 4300 272 92 353 334 1473 42 2307 4407 363 178 420 103 277 689 1044
internal_value=2.54149e-05 -0.000752704 -0.0030134 1.75292e-05 -0.000720043 -0.000945569 -0.00372749 0.000378142 0.0006553 0.00121895 0.00140958 0.00114318 0.00180691 0.000154521 0.00326377 0.00082131 -0.000407368 -0.000506163 0.00123987 0.00111911 0.00139987 0.000778824 0.00104804 -8.36457e-05 -0.0013052 -0.00205675 -0.0029518 0.0034652 0.000403516 -0.000533344 0.000963599
internal_weight=12215.9 7354.99 1892.96 5462.04 678.695 2125.34 317.105 510.836 3336.69 4860.87 4518.07 3993.11 2339.01 1654.09 524.965 3241.41 1808.24 1202.89 345.598 1691.49 1591.17 1335.42 1287.76 1679.96 857.292 660.926 540.039 647.519 2566.3 906.757 1659.54
internal_count=24343 16375 2783 13592 530 5582 316 404 8010 7968 7834 7611 5576 2035 223 7900 5266 1574 445 4226 4156 3822 3780 4994 1129 766 598 1350 6310 966 5344
is_linear=0
shrinkage=0.0160995


Tree=110
num_leaves=32
num_cat=0
split_feature=6 11 52 69 11 69 52 4 30 35 6 63 29 69 27 22 30 4 29 68 35 22 61 63 35 66 63 7 63 66 40
split_gain=46.1513 25.3046 19.647 14.0064 23.2566 21.8472 17.7969 12.8112 12.4776 9.27253 8.48901 8.51685 7.30619 7.03327 6.91017 10.4747 7.07907 6.64061 7.78136 8.29198 10.461 8.04583 6.89968 6.38864 5.27001 5.07422 5.32248 5.05577 4.98873 4.86694 4.85731
threshold=0.60355339059327384 0.86527520261780289 1785.6320000000003 25.26819755464934 0.85651926849515192 27.414867087810823 1936.4875000000002 1012.4500000000002 26.695000000000004 86.350000000000009 -1.0000000180025095e-35 1011.35 25.625000000000004 35.460801576843927 28.855000000000004 37.472986655778918 30.795000000000005 1005.5500000000001 29.135000000000002 1.1950000000000001 83.65000000000002 37.609383897090616 0.74050000000000005 1008.1500000000002 80.550000000000011 2.6950000000000007 1009.2500000000001 -0.78656609248549325 1011.9500000000002 5.7550000000000008 36.482485868358495
decision_type=2 2 2 2 2 2 2 2 2 2 2 2 2 2 2 2 2 2 2 2 2 2 2 2 2 2 2 2 2 2 2
left_child=2 13 10 9 7 6 -6 8 -5 -4 11 -1 -3 28 -15 30 -17 -10 22 24 21 29 -19 -8 -20 26 27 -24 -2 -21 -16
right_child=1 12 3 4 5 -7 23 -9 17 -11 -12 -13 -14 14 15 16 -18 18 19 20 -22 -23 25 -25 -26 -27 -28 -29 -30 -31 -32
leaf_value=-0.017578635458055845 0.0010755999162975049 -0.0080417573830996771 0.017148827445922946 0.041823714480699929 0.0056175202475286 -0.016319958216833221 -0.014626349483546505 -0.038800121042149069 0.01445363492799848 -0.0007262269021904009 -0.019847402321367693 0.00084066408337590023 -0.060244000758329273 0.0039776562432358407 -0.0076486350429599429 0.0090447377930913276 -0.027943109671192703 -0.00057855422004369161 0.0058694822976508975 -0.0098318721179609277 0.024844621950814744 0.00017660667998234736 0.0031137461155099056 0.00014415470013039972 -0.00523097973833283 0.0090404877471435847 -0.0026316357608547562 0.036277031314819255 -0.091608188102466806 0.00077891722938670772 -0.032584475342337611
leaf_weight=198.92994716763496 1378.7536254823208 105.10844081640244 504.4878534078598 460.76479521393776 380.64341938495636 1063.4891137182713 163.25993439555168 164.09789869189262 1046.7412946522236 203.08537214994431 264.38783738017082 193.6866395175457 669.35972839593887 127.44518458843231 127.00244024395943 126.12238955497742 131.5975649356842 664.69676330685616 222.33170020580292 472.36799073219299 100.44960868358612 174.59668612480164 74.943095564842224 543.97954642772675 104.74528482556343 1679.7634392976761 98.243696689605713 285.65517309308052 126.66294804215431 74.989174902439117 283.47081026434898
leaf_count=134 4567 95 239 889 204 1662 118 304 2946 103 241 125 1186 311 163 121 98 1718 316 704 212 186 281 539 154 5101 274 582 394 209 167
internal_value=0 -0.00170142 0.000577459 0.00079225 0.000581347 -0.000819927 0.000727122 0.00113175 0.00127609 0.0029833 -0.0020644 -0.000326472 -0.00423725 -0.000808132 -0.00203587 -0.00272491 0 0.00101892 0.000685954 -0.000377253 -0.00129464 -0.00204329 0.00115037 -0.000691283 0.00167664 0.00159975 0.00319569 0.00409366 -0.000103027 -0.00302832 -0.00431367
internal_weight=12215.9 3075.52 9140.34 8483.33 7775.76 2151.37 1087.88 5624.39 5460.29 707.573 657.004 392.617 774.468 2301.05 795.638 668.193 257.72 4999.52 3952.78 1149.48 822.403 721.954 2803.3 707.239 327.077 2138.61 458.842 360.598 1505.42 547.357 410.473
internal_count=24343 7102 17241 16741 16399 2523 861 13876 13572 342 500 259 1281 5821 860 549 219 12683 9737 1781 1311 1099 7956 657 470 6238 1137 863 4961 913 330
is_linear=0
shrinkage=0.0160995


Tree=111
num_leaves=32
num_cat=0
split_feature=6 51 64 31 29 0 52 28 70 1 70 60 70 44 64 70 44 64 6 42 28 51 7 44 45 22 23 0 61 22 29
split_gain=42.6935 23.4422 21.8317 13.7697 12.6496 14.0667 12.9239 11.9098 10.9071 10.7767 9.20815 9.01015 8.71551 12.0379 8.15248 7.33247 7.1661 6.02062 5.83025 8.33866 6.09777 5.51469 5.19743 11.7649 7.42141 7.18763 6.70591 5.81098 5.0029 6.82111 5.90268
threshold=0.60355339059327384 1.7213875724221583 1008.9500000000002 78.050000000000011 23.835000000000004 7.3350000000000009 2144.1715000000004 29.145000000000003 -2.344479952906974 1.4450000000000001 0.42993980905919044 0.6715000000000001 2.965175286600831 32.771691265391091 1010.85 -0.31924460272154492 28.222326611908702 1007.2500000000001 -0.25881904510252113 30.412800157172942 24.925000000000004 0.37456980154580682 0.60355339059327384 36.323966328412006 0.46071136222008596 37.609383897090616 34.410925387292743 2.7550000000000003 0.75850000000000006 31.589531681056357 28.755000000000006
decision_type=2 2 2 2 2 2 2 2 2 2 2 2 2 2 2 2 2 2 2 2 2 2 2 2 2 2 2 2 2 2 2
left_child=1 4 -2 14 5 -1 8 12 9 -6 15 17 21 -14 -3 18 -12 -9 20 -20 -10 -8 23 26 -24 -25 -13 -28 29 -23 -31
right_child=2 3 -4 -5 6 -7 7 11 10 -11 16 22 13 -15 -16 -17 -18 -19 19 -21 -22 28 24 25 -26 -27 27 -29 -30 30 -32
leaf_value=0.018183464583720808 -0.0023790468187350126 -0.042908141903504865 -0.046130239701161792 -0.00032041511566174711 0.025286217199686149 -0.00031369519107445586 0.0067884255717134499 0.0082257200215750653 -0.00017694491434921007 -0.0046869530375180683 0.015536837264835335 -0.0081139055760150805 -0.020417195784475234 0.014797782657334146 -0.009237848488135263 -0.019829687291309215 -0.0019749819694893172 -0.0035540337318491692 -0.033091614809170673 0.0042022791852325912 -0.0010334688512125981 0.019073564020892469 -0.0099641516570435958 -0.0076267150328724635 -0.0011394454556687163 0.0058790606241394053 -0.0010021536510472922 0.0090053649567842838 0.022613906221325489 -0.0048027841144175605 0.010449461170036057
leaf_weight=403.78843408823013 1798.9727053642273 248.65912425518036 1276.5503964424133 367.76456090807915 319.62609976530075 248.76641231775284 899.45930108428001 266.08400723338127 146.74601739645004 121.92428475618362 143.83391752839088 115.06429302692413 234.50920817255974 211.87927803397179 126.49782362580299 427.8918177485466 496.06767591834068 96.884861260652542 185.03481605648994 100.57029291987419 331.68184858560562 466.06692084670067 112.57912358641624 310.45774686336517 215.01255264878273 111.77331638336182 39.770876705646515 236.02481639385223 1814.3986875414848 235.19531860947609 106.32286179065704
leaf_count=206 4251 217 2851 217 426 76 3179 326 82 89 120 307 240 526 238 491 1055 160 229 206 347 951 96 336 460 156 89 434 5135 580 267
internal_value=2.95402e-06 0.000561617 -0.00163014 -0.00214397 0.000811292 0.00299062 0.00061609 0.00104381 -0.000378184 0.00182327 -0.000954882 -0.000127844 0.00150771 -0.000471001 -0.00429985 -0.00180523 0.000505758 0.00200502 -0.000718932 -0.00255334 0.000220385 0.00178147 -0.000880497 -8.38278e-05 -0.00259456 -0.0020307 0.0018156 0.00324292 0.0021669 0.000945013 -0.000602196
internal_weight=12215.9 9140.34 3075.52 742.922 8397.41 652.555 7744.86 5471.48 2273.38 441.55 1831.83 1503.65 3967.83 446.388 375.157 1191.92 639.902 362.969 764.033 285.605 478.428 3521.44 1140.68 813.091 327.592 422.231 390.86 275.796 2621.98 807.585 341.518
internal_count=24343 17241 7102 672 16569 282 16287 13242 3045 515 2530 2364 10878 766 455 1355 1175 486 864 435 429 10112 1878 1322 556 492 830 523 6933 1798 847
is_linear=0
shrinkage=0.0160995


Tree=112
num_leaves=32
num_cat=0
split_feature=37 10 64 10 10 64 30 37 34 10 32 22 51 30 50 10 21 10 30 61 24 21 10 65 23 32 45 47 45 4 2
split_gain=42.8579 30.0528 20.0283 15.2241 12.9759 12.3382 18.8517 11.9587 12.8635 11.4201 10.8475 10.8346 7.65845 7.63407 18.6421 33.6924 16.5428 17.2794 9.65379 8.09419 7.30309 9.13217 15.2606 10.023 8.68261 6.94966 6.31777 6.19216 5.35562 4.89244 4.89049
threshold=72.65000000000002 -0.012910176522261644 1007.4500000000002 -0.11593352601052358 -0.25118773779856163 1009.9500000000002 22.355000000000004 82.350000000000009 70.550000000000011 0.85654306401281499 79.15000000000002 28.410347611193195 1.1586132624311269 24.130000000000006 26.063541666666669 -0.43664718845046341 29.873873905745437 -0.3896268414500369 28.015000000000004 0.74050000000000005 30.025000000000002 35.661507461657983 0.75548631800528565 3.3750000000000004 36.216111588527184 80.750000000000014 1.6397124257250608 0.4220979053741169 1.1810054284160068 1007.7500000000001 28.050000000000004
decision_type=2 2 2 2 2 2 2 2 2 2 2 2 2 2 2 2 2 2 2 2 2 2 2 2 2 2 2 2 2 2 2
left_child=10 3 20 4 13 6 -6 9 -9 25 12 -12 -1 -2 15 -15 29 19 -19 -18 21 23 -23 -3 -22 -4 -8 -5 -10 -16 -14
right_child=1 2 7 27 5 -7 26 8 28 -11 11 -13 30 14 16 -17 17 18 -20 -21 24 22 -24 -25 -26 -27 -28 -29 -30 -31 -32
leaf_value=-0.014995052525079154 0.019845422201255583 0.020677878338510793 -0.019326163751671847 0.024629104077577641 0.037690881715896754 0.00036555823213054215 -0.0090656247169902063 0.022443223064393766 5.9433985289925378e-05 0.0019460358663028899 0.014125565351304508 -0.0074120833149924452 -0.025070283611367986 -0.018005904799127982 0.00023826497448509805 0.0076653489391608704 -0.0032058700259380013 -0.025420087181050481 0.00043001812838097426 0.019253120149219601 0.021846185897355277 0.0010525150378966328 -0.0077031804815051582 -8.4300104608360591e-05 0.0014343402373411885 -0.00071863214034648679 -0.048028449113910431 -0.00062248137098486515 -0.013677467590141691 0.02636476236146117 -0.071456582288701456
leaf_weight=853.35195899009705 331.8440103828907 303.84652030467987 1065.0826652646065 359.5865107178688 55.001814663410187 396.40857255458832 173.42507246136665 238.89256691932678 265.12806048989296 297.05313563346863 95.185934633016586 330.94023180007935 267.87962672114372 318.38423442840576 88.079897493124008 188.15986198186874 397.92514017224312 130.95619121193886 178.30255150794983 2036.1401113569736 207.06187891960144 405.25552526116371 346.30062618851662 751.51849520206451 446.219886302948 324.54703918099403 191.08189013600349 83.347574174404144 235.81555956602097 378.55987223982811 474.57638099789619
leaf_count=1694 122 602 1493 596 24 191 578 317 560 840 100 858 426 207 156 126 1231 166 607 7082 179 761 426 2283 395 500 121 57 297 551 797
internal_value=-3.65106e-05 0.000381692 -0.000517644 0.00122465 0.000941318 -0.000849328 -0.00281731 -0.00156237 4.04381e-05 -0.00231144 -0.00218155 0 -0.00279023 0.00132239 0.00108066 -0.00170743 0.0015469 0.00102882 -0.00244072 0.00150531 0.000481018 -3.68103e-06 -0.00139946 0.000915987 0.00193658 -0.00293006 -0.00426998 0.00412562 -0.00131388 0.00439252 -0.00406038
internal_weight=12215.9 10193.9 4886.72 5307.2 4864.27 815.917 419.509 2426.52 739.836 1686.68 2021.93 426.126 1595.81 4048.35 3716.51 506.544 3209.96 2743.32 309.259 2434.07 2460.2 1806.92 751.556 1055.37 653.282 1389.63 364.507 442.934 500.944 466.64 742.456
internal_count=24343 20468 8653 11815 11162 914 723 4007 1174 2833 3875 958 2917 10248 10126 333 9793 9086 773 8313 4646 4072 1187 2885 574 1993 699 653 857 707 1223
is_linear=0
shrinkage=0.0160995


Tree=113
num_leaves=32
num_cat=0
split_feature=37 10 11 10 52 10 29 50 34 10 11 44 30 37 30 11 34 67 57 9 35 10 61 70 44 50 61 42 34 10 10
split_gain=40.8849 27.1729 19.0333 14.6052 13.4657 13.1129 15.3172 13.1726 19.1305 12.0277 14.6064 12.4488 12.011 11.0563 9.66877 8.75777 8.16158 8.15459 12.9163 8.9895 12.8829 8.10872 18.1441 11.6224 7.9722 15.637 7.89961 7.68158 7.48882 7.18018 11.8351
threshold=72.750000000000014 -0.012910176522261644 0.88201535311751322 -0.11593352601052358 1805.7320000000002 -0.52707282776374165 23.835000000000004 26.223333333333336 70.850000000000009 -0.3896268414500369 0.97690230611205509 28.222326611908702 27.085000000000004 85.050000000000011 26.615000000000006 0.8977101403255705 77.750000000000014 0.20500000000000004 9.2083333333333819 0.78656609248549303 79.950000000000017 0.76665171983724034 0.88050000000000017 0.42993980905919044 36.062093198675434 30.448750000000004 0.75050000000000006 30.874073805239178 68.15000000000002 0.63209755774300602 0.81900730237416519
decision_type=2 2 2 2 2 2 2 2 2 2 2 2 2 2 2 2 2 2 2 2 2 2 2 2 2 2 2 2 2 2 2
left_child=4 3 13 5 -1 12 -7 8 -8 -9 11 -11 -2 16 -6 24 29 18 19 20 -4 -18 -23 -24 -16 -26 -14 -13 -29 -3 -31
right_child=1 2 17 -5 14 6 7 9 -10 10 -12 27 26 -15 15 -17 21 -19 -20 -21 -22 22 23 -25 25 -27 -28 28 -30 30 -32
leaf_value=-0.077951622908417728 0.046068877833596616 0.023633759901366718 0.0038728250915313184 0.01448866169491674 0.0050756885074615407 0.015801569651508664 0.00020527588265099997 0.031313876042519603 -0.018818538042888539 0.038706645872223812 0.0031471097249909982 -0.010315767594361428 -0.0049777440004745979 0.020613436856467278 0.00092715854884570465 -0.049775923048625756 0.00013660320789464652 -0.041547919231614036 -0.037153046108093078 -0.023080762885661982 -0.0018633293919048954 -0.00014373170624717088 -0.00035958890710204131 -0.017841026583056682 -0.023303990358428429 0.00069425566963626946 0.014987853592745534 0.0079473381107650187 -0.010989945154030413 -0.0033029720725118615 0.010013797077512652
leaf_weight=401.25633618235588 351.10263946652412 322.28725093603134 182.44929045438766 437.65191173553467 274.16332930326462 423.30991643667221 252.58364856243134 318.23286736011505 447.17133790254593 45.804316967725754 185.12467956542969 243.80138054490089 357.91997188329697 326.98498106002808 609.13320195674896 500.59639346599579 1082.1561209559441 263.0706499516964 240.78656205534935 162.4636697769165 136.18753898143768 503.75788143277168 154.43307420611382 280.43661034107208 153.96443003416061 121.87958145141602 1780.3985157310963 53.865323722362518 396.46879357099533 586.11902284622192 620.29816901683807
leaf_count=671 856 929 147 652 362 161 116 1055 291 22 69 126 1088 712 1695 967 2719 305 375 159 94 1030 303 256 157 87 6044 55 1250 522 1068
internal_value=-2.41378e-05 0.000388989 -0.000468107 0.00119105 -0.00209573 0.000914093 2.1064e-05 -0.00055037 -0.00232895 0.000390094 -0.000466368 -0.00155482 0.00172966 1.99579e-05 -0.00138156 -0.00195056 -0.000221192 -0.00246337 -0.00140769 0 0.00168878 -0.000908585 -0.0020012 -0.00439739 -0.000860976 -0.0031229 0.00122054 -0.00218548 -0.000710065 0.000635208 0
internal_weight=12215.9 10154.9 4861.43 5293.44 2060.99 4855.78 2366.36 1943.05 699.755 1243.3 925.064 739.94 2489.42 3876.47 1659.74 1385.57 3549.49 984.958 721.887 481.1 318.637 2020.78 938.628 434.87 884.977 275.844 2138.32 694.135 450.334 1528.7 1206.42
internal_count=24343 20404 8619 11785 3939 11133 3145 2984 407 2577 1522 1453 7988 7539 3268 2906 6827 1080 775 400 241 4308 1589 559 1939 244 7132 1431 1305 2519 1590
is_linear=0
shrinkage=0.0160995


Tree=114
num_leaves=32
num_cat=0
split_feature=36 10 63 10 10 11 10 10 36 2 63 27 17 28 11 65 34 70 10 7 42 3 28 37 36 10 55 11 68 11 70
split_gain=44.2269 20.2072 17.5792 16.8716 17.5134 15.1121 17.5838 14.9231 11.5618 11.4202 9.93687 9.23363 9.16448 11.7109 9.14765 13.3762 9.12131 14.3111 10.2756 9.53112 8.60479 8.44873 6.9078 6.67379 6.29368 6.24375 13.7294 5.96064 5.72179 9.03257 6.32487
threshold=72.750000000000014 -0.012910176522261644 1009.2500000000001 -0.11593352601052358 -0.25118773779856163 0.87377473702374975 0.7025209685794126 0.88203985695844977 79.350000000000009 1.0000000180025095e-35 1012.7500000000001 26.695000000000004 38.372263631028297 29.055000000000003 0.91925191855388755 3.1450000000000005 78.65000000000002 2.7843000257565618 -0.97109105924028405 0.60355339059327384 35.963810490465285 0.015500000000000002 23.835000000000004 85.050000000000011 84.550000000000011 0.34964421742355262 598.00000000000011 0.84750952922804634 1.8750000000000002 -0.76107606668641947 0.56628740014951096
decision_type=2 2 2 2 2 2 2 2 2 2 2 2 2 2 2 2 2 2 2 2 2 2 2 2 2 2 2 2 2 2 2
left_child=5 3 12 4 10 6 -1 9 -6 -8 16 -5 13 14 15 -3 17 19 -18 -2 -17 -10 -23 28 -4 26 -7 -20 -15 -30 -31
right_child=1 2 24 11 8 25 7 -9 21 -11 -12 -13 -14 23 -16 20 18 -19 27 -21 -22 22 -24 -25 -26 -27 -28 -29 29 30 -32
leaf_value=0.018067787872580478 0.0075386360382012343 0.029517089704505173 -0.013990264284695847 -0.00095494164966947062 -0.020224312045114955 -0.0022091178382394596 -0.00079817740583876967 0.0059999717932872725 0.0079723691442485072 -0.061830717832169813 -0.011130273214608051 0.040088988625792327 0.009535290485264563 -2.8706122792686646e-05 -0.023735232429427579 -0.00080290280327016781 0.031966226741188951 -0.0012110684332176059 0.006657713947750713 0.028693538931114908 0.021180293373002985 0.0017295850097326254 -0.0062581787502251664 0.0094289887781653509 0.011947272998153468 -0.072460968110909005 -0.068109714837298052 -0.010149689186725255 0.00061428773080922773 -0.00016209151547575136 -0.009210030998641195
leaf_weight=409.20478886365891 635.05124762654305 422.38294988870621 1112.2941408157349 99.240810930728912 293.98059898614883 551.59954077005386 73.924354493618011 211.27603960037231 88.02502703666687 339.73160320520401 181.81651133298874 308.57846301794052 256.65405535697937 634.48717412352562 203.5545666217804 814.20763003826141 447.58376431465149 294.68657684326172 1557.9341879189014 609.0584192276001 125.8367295563221 95.676702857017517 344.69497901201248 91.462786674499512 150.35808444023132 285.69230461120605 289.54837101697922 294.61370551586151 346.47571408748627 209.02489838004112 437.20267069339752
leaf_count=1188 1553 799 1715 123 254 865 112 489 18 381 117 533 216 1016 260 2541 1604 439 5243 831 170 50 578 89 260 382 518 408 882 278 431
internal_value=-2.70413e-05 0.00041556 -0.000326099 0.00110909 0.000822049 -0.00212082 -0.000615961 -0.00236713 -0.00126671 -0.00416968 0.00126988 0.00428784 0.000235713 0 0.00101126 0.00152129 0.00145734 0.00244068 0.000762062 0.00320519 0.000352683 1.42857e-05 -0.00075144 -0.000911393 -0.00196138 -0.00342496 -0.00252895 0.000184647 -0.00118707 -0.00194819 -0.00306974
internal_weight=12215.9 10054.9 4803.94 5250.94 4843.12 2160.98 1034.14 624.932 822.377 413.656 4020.74 407.819 3541.29 3284.64 1565.98 1362.43 3838.93 1538.8 2300.13 1244.11 940.044 528.397 440.372 1718.65 1262.65 1126.84 841.148 1852.55 1627.19 992.703 646.228
internal_count=24343 20408 8657 11751 11095 3935 2170 982 900 493 10195 656 6682 6466 3770 3510 10078 2823 7255 2384 2711 646 628 2696 1975 1765 1383 5651 2607 1591 709
is_linear=0
shrinkage=0.0160995


Tree=115
num_leaves=32
num_cat=0
split_feature=36 12 57 11 19 52 8 6 11 35 21 50 45 55 11 8 50 22 22 68 19 69 23 21 22 52 70 69 45 23 50
split_gain=43.5401 22.4449 17.5617 14.8751 11.184 10.0349 9.6911 7.92574 8.76266 7.8043 7.85732 10.4502 7.28764 7.12546 7.096 12.4918 7.32864 10.2812 8.80695 10.0919 6.50655 6.35318 7.68486 6.21445 5.79167 5.54986 5.93116 5.5076 6.09354 14.319 6.99974
threshold=72.750000000000014 2.5000000000000004 5.1333333333335522 0.87377473702374975 37.981890485710146 1747.8315 0.91597561503675362 0.12940952255126045 -0.70862667826445969 86.550000000000011 24.903646285825467 27.268333333333334 0.43777303479058177 392.95000000000005 0.85651926849515192 0.60355339059327384 29.196250000000003 37.472986655778918 36.023378786585383 2.2350000000000008 35.362518115536979 35.662323557327774 35.78374211636433 36.444848263419914 32.564997982628604 2128.3320000000008 1.0000000180025095e-35 24.414882487732932 2.1225783429727927 24.903646285825467 25.885625000000005
decision_type=2 2 2 2 2 2 2 2 2 2 2 2 2 2 2 2 2 2 2 2 2 2 2 2 2 2 2 2 2 2 2
left_child=3 6 9 4 7 -5 25 24 -9 12 -11 -12 -3 -7 16 -16 20 18 23 -20 -4 22 -10 -18 -1 -2 -27 -14 -29 -30 -31
right_child=1 2 14 5 -6 13 -8 8 21 10 11 -13 27 -15 15 -17 17 -19 19 -21 -22 -23 -24 -25 -26 26 -28 28 29 30 -32
leaf_value=0.046032720998281151 -0.022324202985769242 -0.0032596856752542466 0.0050694303927222928 -0.070185567063290502 -0.06556237151922456 -0.0021735522082949625 0.00013905675929742927 0.013697076495956247 -0.020709661470491005 -0.0089359142811047104 0.041451788347525394 -0.0023184603631166653 0.021017167894393243 -0.059031263577491777 -0.024978567170900159 0.0022468988851414959 -0.0012694719576251561 0.005635470339803079 -0.00044687450632362771 -0.010115073996988503 0.024653445567715447 -0.030485256503051537 0.0058745917154958876 0.0038567715175133205 -0.011023945341260144 0.030076359649240148 -0.035490609925855947 0.010713197214560152 -0.0080974514478514784 -0.0089353395680343891 0.0068705150750792022
leaf_weight=130.96597561240196 690.63146081566811 188.31195068359375 2254.5955404043198 257.0970710515976 89.988074779510498 519.96315309405327 464.5162353515625 150.42908906936646 375.10731363296509 117.58954581618309 110.77079638838768 363.71290546655655 252.52290561795235 349.7800056040287 385.93008780479431 320.25677490234375 451.76259359717369 402.98263931274414 255.38879880309105 294.74821749329567 290.93896347284317 156.38787436485291 93.070692420005798 172.36297506093979 38.187733858823776 146.4311546087265 287.38438594341278 1916.8985564112663 160.87695023417473 160.51857003569603 365.7504061460495
leaf_count=336 914 347 7793 275 65 770 435 329 1131 41 137 864 104 720 626 177 861 486 302 252 872 112 112 200 85 343 647 4562 85 70 290
internal_value=-2.03994e-05 0.000418718 0.000754339 -0.002098 -0.000604442 -0.00339183 -0.00131694 0 -0.000768643 0.0016003 0 0.000834591 0.00192924 -0.00239662 9.99468e-05 -0.00136367 0.000370982 -0.00045737 -0.00125784 -0.0027367 0.000915577 -0.00168705 -0.000537276 0 0.00303939 -0.00213812 -0.00047614 0.00214026 0.00186247 0.0004118 0.00180014
internal_weight=12215.9 10054.9 8465.92 2160.98 1034.14 1126.84 1588.96 944.149 774.995 3636.95 592.073 474.484 3044.88 869.743 4828.97 706.187 4122.78 1577.25 1174.26 550.137 2545.53 624.566 468.178 624.126 169.154 1124.45 433.816 2856.57 2604.04 687.146 526.269
internal_count=24343 20408 18069 3935 2170 1765 2339 2105 1684 6500 1042 1001 5458 1490 11569 803 10766 2101 1615 554 8665 1355 1243 1061 421 1904 990 5111 5007 445 360
is_linear=0
shrinkage=0.0160995


Tree=116
num_leaves=32
num_cat=0
split_feature=6 12 69 10 20 59 45 20 70 44 0 44 63 30 29 47 20 70 44 32 44 69 20 38 63 45 42 10 62 63 70
split_gain=40.2991 29.6879 20.1301 14.4228 16.8335 11.1099 11.6573 10.1878 9.57805 14.1049 8.93581 9.11482 15.2348 8.20428 7.97604 6.57649 8.01301 7.60957 9.11418 6.78536 6.32368 6.66831 6.17161 11.0449 5.89503 5.4927 5.47095 5.38804 4.84525 4.44317 4.40215
threshold=0.60355339059327384 1.5000000000000002 31.693620767243871 0.63209755774300602 26.61703327910973 0.99850000000000005 2.4572751124189574 38.639247735234413 2.965175286600831 32.771691265391091 3.4850000000000008 34.896980685050586 1008.6500000000002 24.745000000000001 25.935000000000006 0.30199337741141935 35.659831510915573 0.38068787704400547 28.823769329748917 84.250000000000014 27.581033367149875 31.059229008882834 35.776613553882491 0.85588095888858728 1008.1500000000002 1.4894751845153689 26.57554914000211 0.45972848220565493 1006.35 1005.0500000000001 0.048930610277654558
decision_type=2 2 2 2 2 2 2 2 2 2 2 2 2 2 2 2 2 2 2 2 2 2 2 2 2 2 2 2 2 2 2
left_child=1 5 14 4 13 6 26 10 15 25 11 12 -5 -3 -2 16 17 20 -19 29 -6 30 -4 24 -24 -10 -1 -28 -13 -18 -22
right_child=2 3 22 7 8 -7 -8 -9 9 -11 -12 28 -14 -15 -16 -17 19 18 -20 -21 21 -23 23 -25 -26 -27 27 -29 -30 -31 -32
leaf_value=0.0010787048212861901 -0.0060112164145467752 0.0040865063891742555 -0.0011440994608827126 0.034612113716100651 -9.6958252983477472e-05 -9.1086661947863359e-05 -0.027030356958926648 0.013487606008284029 -0.0013837534942874258 0.014920109417274049 -0.0047697250682688921 0.0010155626682246967 -0.010693186842576479 -0.02291999308965173 -0.056852642013646294 0.00066545935522614394 -0.0027578147284963621 0.02818047581793218 0.024023956228982617 -0.0054510280773012315 0.026830677401249815 0.012145186325904011 -0.010396176320523707 0.0054531904720498325 -0.026206593830256763 -0.024758999155683019 -0.02381853109617486 0.046836731567791202 -0.0054973158836088831 0.0095663014577356473 0.00768924708888766
leaf_weight=161.06595095992088 145.29141709208488 79.574795067310333 1593.1027104854584 329.62451374530792 380.08524072170258 94.494453430175781 262.45708233118057 152.58451080322266 110.69229307770729 250.49338892102242 1203.3853247463703 143.95969298481941 229.12907972931862 301.53438609838486 729.50801828503609 986.55298495292664 104.53264617919922 228.47670531272888 977.47992241382599 174.12819522619247 312.27553382515907 1240.9483966827393 340.94898509979248 113.18641865253448 153.48555219173431 143.38376426696777 654.21638062596321 60.230942040681839 256.30281320214272 236.05308198928833 66.674216717481613
leaf_count=116 146 45 4894 684 178 64 204 114 67 685 2185 199 497 429 1421 1010 221 122 3063 443 519 4192 393 122 126 160 1029 168 200 570 77
internal_value=-2.50115e-05 0.00050476 -0.00162428 0.000873934 0.00131777 -0.00179503 -0.00227882 -0.000164183 0.00156522 -0.000415166 -0.000483083 0.000617819 0.00199433 -0.00184173 -0.00370967 0.00179465 0.00211231 0.0024132 0.00349262 8.00744e-05 0.00171749 0.00215641 -0.000754512 -0.00214355 -0.00324327 -0.0031954 -0.00125454 -0.00190235 -0.00110602 0.00154287 0.0041449
internal_weight=12215.9 9140.34 3075.52 7907.87 5592.89 1232.46 1137.97 2314.99 5211.78 504.569 2162.4 959.016 558.754 381.109 874.799 4707.21 3720.65 3205.94 1205.96 514.714 1999.98 1619.9 2200.72 607.621 494.435 254.076 875.513 714.447 400.263 340.586 378.95
internal_count=24343 17241 7102 15660 11781 1581 1517 3879 11307 912 3765 1580 1181 474 1567 10395 9385 8151 3185 1234 4966 4788 5535 641 519 227 1313 1197 399 791 596
is_linear=0
shrinkage=0.0160995


Tree=117
num_leaves=32
num_cat=0
split_feature=37 32 23 64 62 2 59 69 17 60 50 47 18 50 17 70 34 35 32 60 70 70 65 68 37 17 33 23 50 64 64
split_gain=45.4414 27.1303 11.7117 11.3033 9.92356 9.6581 9.45769 9.13301 6.86309 9.75119 6.84427 6.70141 5.54053 5.48642 13.1883 5.721 5.351 7.4579 5.33868 4.94438 4.70263 4.64192 4.42102 4.22543 6.77442 5.47889 4.39131 5.97076 4.73801 5.25724 4.18867
threshold=79.450000000000017 75.250000000000014 23.764697191857504 1008.35 1009.6500000000002 119.72500000000001 0.12350000000000001 24.414882487732932 38.639247735234413 0.54050000000000009 29.196250000000003 0.53260366385311209 29.406081252928363 25.733125000000005 27.026848572766806 0.82438563121688102 79.950000000000017 86.850000000000009 76.850000000000009 0.89850000000000019 -2.2288140262983513 0.9485107613619076 7.8250000000000011 0.48500000000000004 69.750000000000014 26.61703327910973 78.850000000000009 35.373819626782925 29.512291666666673 1006.0500000000001 1007.35
decision_type=2 2 2 2 2 2 2 2 2 2 2 2 2 2 2 2 2 2 2 2 2 2 2 2 2 2 2 2 2 2 2
left_child=1 3 -2 -1 8 21 12 -3 9 20 16 23 -6 -8 19 -16 17 -11 -12 -15 -4 -5 -18 -9 -25 -26 27 -27 30 -30 -28
right_child=2 7 4 5 6 -7 13 11 -10 10 18 -13 -14 14 15 -17 22 -19 -20 -21 -22 -23 -24 24 25 26 28 -29 29 -31 -32
leaf_value=-0.00061733083301102022 0.0044348552035279529 0.056655850811744943 0.022237796564019592 -0.021346083960995958 0.0073255433577513532 -0.057378961185806522 -0.0094877440413868534 0.0019559063996606035 0.033983941000452864 0.019337989177103738 0.0087170423622725431 -0.01157010976912733 -0.0014222188302805629 0.029500028634131131 0.00085306078583703075 -0.024180888895627726 0.012631352487057443 -0.0091117076181482654 -0.00097140140588487019 -0.00053825944419984176 -0.0059286723538169474 0.0037284420773191483 -0.0090557801479324278 -0.019821470403666427 -0.024206676696422281 -0.00015971310911694524 0.0068969047672078872 0.0046071787147013354 0.0014476317636570096 -0.0044876449338775602 -0.0098025939746623908
leaf_weight=588.20872548222542 394.12562787532806 67.746989160776138 47.50955456495285 659.58018872141838 232.05690655112267 834.49396431446075 357.41460826992989 875.66376650333405 99.221237182617188 1100.7159010469913 214.57072272896767 238.29610252380371 123.28508129715919 167.01187318563461 296.20996993780136 365.37441843748093 1467.6948792338371 144.51182126998901 632.56371033191681 143.38500106334686 603.51399472355843 205.47480717301369 149.32931965589523 263.85495963692665 84.873530477285385 247.53771218657494 566.32978269457817 254.35061621665955 133.15216913819313 213.87373316287994 443.92772310972214
leaf_count=1007 172 39 52 964 190 1518 177 1252 68 2804 296 350 176 123 754 621 4889 318 1111 92 1215 508 444 552 67 668 1813 298 190 203 1412
internal_value=2.23355e-05 -0.00102436 0.000943477 -0.0023791 0.000753255 -0.00305035 -0.000260812 -8.49136e-05 0.00115419 0.0010336 0.00136003 -0.00023015 0.00199108 -0.000926394 -0.000205193 -0.00156265 0.00173652 0.00257639 0 0.00241839 -0.000701353 -0.00169079 0.00103626 -1.68578e-06 -0.000402535 -3.01138e-05 0.000114141 0.00142618 -0.000314551 -0.00194982 0.000172887
internal_weight=12215.9 5677.36 6538.49 2287.76 6144.37 1699.55 1684.74 3389.61 4459.63 4360.41 3709.39 3321.86 355.342 1329.4 971.981 661.584 2862.25 1245.23 847.134 310.397 651.024 865.055 1617.02 3083.56 2207.9 1944.05 1859.17 501.888 1357.28 347.026 1010.26
internal_count=24343 10841 13502 3997 13330 2990 2133 6844 11197 11129 9862 6805 366 1767 1590 1375 8455 3122 1407 215 1267 1472 5333 6455 5203 4651 4584 966 3618 393 3225
is_linear=0
shrinkage=0.0160995


Tree=118
num_leaves=32
num_cat=0
split_feature=36 57 51 52 51 57 8 17 51 68 63 28 17 21 17 30 60 46 23 52 51 28 4 65 33 52 37 41 70 4 4
split_gain=45.2183 16.9108 13.7214 13.5982 13.0566 10.431 9.85946 8.97574 15.9852 11.4734 8.04188 6.95419 9.29433 8.75095 14.2209 6.22683 5.66475 5.32277 4.60317 5.73563 4.41199 11.7932 8.20456 5.95011 7.9423 5.80591 5.55146 4.98409 6.4307 4.65705 4.36206
threshold=72.750000000000014 5.1333333333335522 1.1586132624311269 1747.8315 2.1845124870997297 173.86666666666682 0.60355339059327384 25.455931119106872 1.8136658621800261 0.055000000000000007 1004.5500000000001 29.265000000000004 36.073361161770009 37.343471940719304 36.517412638785864 30.645000000000003 0.53450000000000009 23.870000000000001 26.61703327910973 2067.8415000000009 1.3260913947040187 26.655000000000005 1008.6500000000002 3.2650000000000001 71.350000000000009 2109.6865000000003 80.550000000000011 0.15785866112100286 1.1423738256535112 1005.9500000000002 1005.1500000000002
decision_type=2 2 2 2 2 2 2 2 2 2 2 2 2 2 2 2 2 2 2 2 2 2 2 2 2 2 2 2 2 2 2
left_child=3 4 10 -1 7 -5 -4 9 20 17 -3 12 18 14 -13 -15 -8 -2 -12 -20 21 -9 23 24 -23 -22 -26 28 -25 -30 -7
right_child=1 2 6 5 -6 30 16 8 -10 -11 11 13 -14 15 -16 -17 -18 -19 19 -21 25 22 -24 27 26 -27 -28 -29 29 -31 -32
leaf_value=-0.06454299660025356 0.00053120487620592289 0.013102918965016162 -0.028164086776441791 0.00030146170150341823 -0.011649304779517596 0.005393356115311017 0.002276431666367791 0.0097881643985781759 -0.040078876375318422 -0.00028996051639969131 0.027807634341353124 -0.00086041242517778747 0.017250320216086992 0.004236971036383398 -0.010162174549038963 -0.013572932078458735 -0.0044244413540920772 0.013024688006323424 -0.034904157768486453 0.0034019891940420864 -0.0019347332174662814 -0.0055491517786802986 -0.002911198940918092 0.006820279955980172 -0.0030197288674635517 0.00025238710020602991 0.029386045195629734 0.011861049309343136 0.0049652934757836156 -0.0068435996765670555 -0.025773527851097475
leaf_weight=315.3502491414547 254.86251556873322 574.22937220335007 570.12866544723511 592.38079261779785 81.860635757446289 119.54283714294434 152.8696084022522 493.78116428852081 86.42284107208252 313.59997236728668 50.643809705972672 738.16721338033676 166.2068452835083 280.10468891263008 349.38166350126266 88.829946249723434 257.80008411407471 428.518246114254 187.69313406944275 2039.0189062654972 299.62596639990807 55.097152471542358 512.31519624590874 335.87044134736061 75.169687032699585 290.84569707512856 343.02515667676926 759.09341672062874 81.954149603843689 187.76621901988983 1133.7031236588955
leaf_count=468 104 1483 1005 990 73 210 90 671 62 139 60 1788 252 356 361 78 182 177 434 6730 238 53 1066 1046 203 233 648 2317 253 306 2267
internal_value=4.08357e-06 0.000464858 -0.000128295 -0.00210021 0.00118526 -0.00150499 -0.00185877 0.0013162 0.000898202 0.00270421 0.000234293 -7.93551e-06 0.000495798 -0.000907079 -0.00166314 0.00110138 0 0.00387061 0.000187698 3.85342e-05 0.00109218 0.00135696 0.000834406 0.00135377 0.00296315 -4.87668e-05 0.0037897 0.000731044 -0.000246855 -0.00218727 -0.00234008
internal_weight=12215.9 10054.9 5455.07 2160.98 4599.81 1845.63 980.798 4517.95 3520.97 996.981 4474.28 3900.05 2443.56 1456.48 1087.55 368.935 410.67 683.381 2277.36 2226.71 3434.54 2844.07 2350.29 1837.98 473.292 590.472 418.195 1364.68 605.591 269.72 1253.25
internal_count=24343 20408 12819 3935 7589 3467 1277 7516 7096 420 11542 10059 7476 2583 2149 434 272 281 7224 7164 7034 6563 5892 4826 904 471 851 3922 1605 559 2477
is_linear=0
shrinkage=0.0160995


Tree=119
num_leaves=32
num_cat=0
split_feature=31 51 55 63 51 57 18 63 3 34 34 34 42 24 36 39 4 21 27 40 38 51 4 31 44 21 63 51 4 41 34
split_gain=47.4576 19.7114 13.4877 13.8874 11.1962 13.528 7.72454 7.65752 7.47349 6.88796 6.07264 6.00088 5.69578 6.87132 5.80901 5.35673 4.8861 4.49264 4.47986 4.51219 4.43115 4.69631 4.25551 4.09961 5.10442 5.72508 11.068 8.50633 6.09191 3.87542 4.65336
threshold=75.250000000000014 1.1586132624311269 361.05000000000007 1009.6500000000002 2.1845124870997297 5.1333333333335522 25.939834469038647 1004.35 0.019500000000000003 62.550000000000004 80.850000000000009 62.050000000000004 37.411278242170773 30.095000000000002 83.050000000000011 -1.8150000000000011 1012.85 37.801061631424659 25.625000000000004 23.277009908444438 -0.41284747903146973 0.46066980220872483 1006.35 79.450000000000017 26.937834011756383 29.089420630813386 1008.4500000000002 1.3068976338379223 1008.6500000000002 0.080919203513486179 76.850000000000009
decision_type=2 2 2 2 2 2 2 2 2 2 2 2 2 2 2 2 2 2 2 2 2 2 2 2 2 2 2 2 2 2 2
left_child=1 2 3 20 5 6 -2 -7 -3 -5 22 -10 13 14 18 -8 -16 -14 -9 -20 -1 -22 -4 -17 -25 26 27 -26 29 30 -27
right_child=4 8 10 9 -6 7 15 12 11 -11 -12 -13 17 -15 16 23 -18 -19 19 -21 21 -23 -24 24 25 28 -28 -29 -30 -31 -32
leaf_value=-0.00022787132440045771 0.0055786443839096487 -0.0053230846977580714 -0.0095123719539934141 0.002035342042714296 -0.012857430920182388 0.014416867369574511 -0.0051726045646570224 -0.019742491829354739 -0.0067235723008611725 -0.030973933209719581 -0.00085645784685784636 -0.031706525524564322 -0.0094481271770925183 0.0027927992900730549 0.011026833891329949 -0.00019206896965791767 -0.020274405189470823 -4.1816301254007987e-05 0.022724912488625522 -0.0014613250084899048 9.9911783879931908e-06 0.02438905638804998 -0.049446667528526153 -0.029592897381888264 0.032729156096282762 -0.0043052178828390034 0.020720238680644848 -0.017685956795124327 -0.00087191451551647044 0.013579825111757022 0.0094401034090425464
leaf_weight=132.58894068002701 799.52498382329941 193.13710376620293 196.0050722360611 69.366692513227463 133.8787956237793 430.8398362994194 67.381563186645508 156.96860167384148 163.2933090031147 319.75771740078926 349.36379233002663 1071.7319359779358 205.92550230026245 146.00387352705002 824.34342205524445 607.43072599172592 51.512223213911057 141.16798686981201 56.971788763999939 2671.6506466269493 107.06878155469894 300.63242039084435 408.45137348771095 61.931070536375046 77.840712785720825 131.39988452196121 489.19276016950607 79.973291963338852 416.66128188371658 1143.1064960956573 210.75681060552597
leaf_count=300 321 251 388 84 75 1154 32 210 173 521 968 1755 148 93 2408 1070 44 177 29 7066 166 411 770 39 180 233 493 34 822 3369 559
internal_value=0 -0.00164088 -0.000505992 0.000813701 0.000615583 0.000694505 0.00137269 8.55479e-05 -0.00307664 -0.00136784 -0.00187387 -0.00353638 -0.000104367 5.20523e-05 -6.15505e-05 0.000987491 0.00105863 -0.00207695 -0.000430126 -0.000244028 0.00253085 0.00335624 -0.00284932 0.00110147 0.00137898 0.0015118 0.00288698 -0.000373516 0.000997596 0.00149586 0
internal_weight=12215.9 3311.4 1883.23 929.415 8904.46 8770.58 4085.2 4685.38 1428.16 389.124 953.82 1235.03 4254.54 3907.45 3761.45 3285.67 875.856 347.093 2885.59 2728.62 540.29 407.701 604.456 3218.29 2610.86 2548.93 647.007 157.814 1901.92 1485.26 342.157
internal_count=24343 5787 3608 1482 18556 18481 7152 11329 2179 605 2126 1928 10175 9850 9757 6831 2452 325 7305 7095 877 577 1158 6799 5729 5690 707 214 4983 4161 792
is_linear=0
shrinkage=0.0160995


Tree=120
num_leaves=32
num_cat=0
split_feature=36 11 31 45 37 31 45 69 32 11 11 23 23 51 8 11 61 11 45 23 69 34 55 8 50 50 32 11 23 65 45
split_gain=40.6469 15.2591 13.1113 11.1248 11.0547 10.2621 9.28848 11.561 8.58823 7.93703 16.4018 13.7205 7.85524 7.79434 7.7292 6.99263 9.22672 7.37257 6.69154 7.31882 6.65672 15.1359 5.64844 5.52665 5.40864 11.8469 6.08673 9.90177 5.58589 4.82622 4.74219
threshold=72.750000000000014 -0.70862667826445969 80.450000000000017 2.1225783429727927 81.450000000000017 75.250000000000014 2.9398720701398982 24.414882487732932 77.350000000000009 0.85651926849515192 0.97690230611205509 29.626311727954391 29.549870065599567 1.4990283651646161 0.78656609248549325 0.43665123195606398 0.97150000000000014 0.78827585631460517 0.80793218932527389 37.472132586141278 27.414867087810823 66.550000000000011 405.2000000000001 0.91597561503675362 26.063541666666669 25.099791666666672 75.950000000000017 0.90515966073569365 29.685010421525593 1.4850000000000001 1.5707509272691649
decision_type=2 2 2 2 2 2 2 2 2 2 2 2 2 2 2 2 2 2 2 2 2 2 2 2 2 2 2 2 2 2 2
left_child=1 -1 3 4 20 22 7 -4 14 11 12 -9 -11 -12 -6 18 17 -17 -13 -20 23 -22 30 -2 25 -5 27 -26 -28 -23 -3
right_child=2 5 6 24 8 -7 -8 9 -10 10 13 15 -14 -15 -16 16 -18 -19 19 -21 21 29 -24 -25 26 -27 28 -29 -30 -31 -32
leaf_value=0.014198760975301424 0.0049246831170914173 -0.0016625859243962612 0.023688953020889282 -1.5667038329546735e-05 0.007710951864267678 -0.00084785273516171976 -0.0039061950677694046 0.043682958756064233 -0.0007528059443884927 -0.0093313200897444434 0.021314908203496789 0.0018394233811088448 0.0079664675510414448 -8.8031105090049616e-05 0.013039348256934969 -0.017645495839838918 0.019591476495821891 0.024924185322064304 0.021481951935979664 -0.013150531329858899 -0.014815112607680085 0.0063212532048593428 -0.055965063945666034 -0.0022856380327519179 0.010536999431445128 -0.019330895076621262 0.0081819182613161682 -0.026084610611449646 -0.0049444853578496199 -0.0033490156876053259 -0.04197314421702919
leaf_weight=171.8258730173111 185.65444725751877 267.54416635632515 315.35156124830246 124.45230650901794 544.04931235313416 616.57597294449806 185.6611852645874 357.49520486593246 640.49274104833603 400.93980184197426 169.77775049209595 1381.1734385490417 132.56554171442986 201.27827119827271 234.84710693359375 353.2087014913559 256.8493195772171 74.960969686508179 1171.2210967838764 54.56124210357666 242.6157243847847 151.33405208587646 794.11759793758392 120.9693489074707 133.9182702600956 253.23923492431641 126.14989244937897 187.69937577843666 110.36597138643265 1944.0505891442299 310.91332936286926
leaf_count=370 157 499 131 109 1239 1138 158 681 1400 252 182 4109 216 101 210 622 701 189 3879 85 283 342 1512 112 282 204 102 204 156 4302 416
internal_value=-5.12804e-05 -0.00205839 0.000372679 -0.000198684 0.000148051 -0.00247623 0.000953382 0.00110009 0.00130709 0.000869466 -0.000414762 0.00120979 -0.00228923 0.00206281 0.00243978 0.000851454 -0.000513421 -0.00204288 0.00124097 0.00212204 -0.000444665 -0.00076157 -0.00326481 0.00169514 -0.00178473 -0.00331891 -0.000590002 -0.00211566 0.0011515 -0.000276649 -0.00178281
internal_weight=12215.9 2160.98 10054.9 4999.84 4064.01 1989.15 5055.04 4869.38 1419.39 4554.03 904.561 3649.47 533.505 371.056 778.896 3291.97 685.019 428.17 2606.96 1225.78 2644.62 2338 1372.58 306.624 935.825 377.692 558.134 321.618 236.516 2095.38 578.457
internal_count=24343 3935 20408 9102 8045 3565 11306 11148 2849 11017 751 10266 468 283 1449 9585 1512 811 8073 3964 5196 4927 2427 269 1057 313 744 486 258 4644 915
is_linear=0
shrinkage=0.0160995


Tree=121
num_leaves=32
num_cat=0
split_feature=35 11 6 45 2 48 51 19 11 34 11 64 65 65 50 61 42 11 28 63 28 19 35 55 11 48 0 61 44 51 50
split_gain=37.6615 19.7594 16.6435 11.9613 10.9148 9.96839 11.1544 8.23047 18.5995 13.9202 8.04542 15.8747 7.86512 8.50486 7.71809 14.5978 9.02621 13.6079 9.42682 8.33718 8.98774 8.28472 7.25399 7.25187 8.23588 6.83042 6.15303 6.11822 5.6612 5.4659 5.27827
threshold=72.550000000000011 0.87377473702374975 -0.25881904510252113 2.9398720701398982 1.0000000180025095e-35 30.309166666666673 1.1586132624311269 28.047475512659325 0.8977101403255705 66.050000000000011 0.85651926849515192 1010.5500000000001 3.3450000000000002 4.9450000000000012 25.977708333333339 0.35550000000000004 26.774224240805079 0.90515966073569365 29.285000000000004 1007.7500000000001 29.815000000000001 35.397736945509301 79.750000000000014 598.00000000000011 0.93834263341299773 26.923333333333336 5.1650000000000009 0.091500000000000012 35.775790177034999 0.46066980220872483 28.431875000000002
decision_type=2 2 2 2 2 2 2 2 2 2 2 2 2 2 2 2 2 2 2 2 2 2 2 2 2 2 2 2 2 2 2
left_child=1 4 3 7 -1 6 -6 8 -2 25 12 -12 -11 -14 15 -4 22 18 -18 20 21 -20 -16 24 -3 -9 -19 -26 -21 -15 -27
right_child=2 23 14 -5 5 -7 -8 9 -10 10 11 -13 13 29 16 -17 17 26 19 28 -22 -23 -24 -25 27 30 -28 -29 -30 -31 -32
leaf_value=0.019850196293146917 -0.010108937536315319 -0.047538462081847414 0.020664436205858113 -0.0062542424158120282 0.0033039516674788463 -0.025274892324131406 -0.090718425639290598 0.00040443437683604339 0.0080976687108262023 0.020641474203750274 -0.012912674248258859 0.011766613006305059 -0.00021799922495439943 0.0052897688884345276 0.0003910350405782141 -0.012687676001834248 0.0050140233009137421 -0.037762644230791446 0.004421045449318625 -0.011665226412710054 0.003326228229390688 -0.008458649485939454 0.014898881809672653 -0.063857621410866997 -0.027087194363229421 -0.022475389265634096 -0.0030069728944332233 -0.00046289894710069073 -0.038664614305432186 0.019061897680987972 -0.00013856437317180361
leaf_weight=156.14459937810898 209.91116040945053 290.65890508890152 141.51009637117386 219.45401763916016 444.04616430401802 200.73114824295044 169.0122395157814 174.71070781350136 609.03839063644409 703.00318485498428 432.43504005670547 227.08409580588341 921.07158145308495 692.51462739706039 156.48522832989693 377.58239233493805 2269.5255211591721 263.9172485768795 228.65664032101631 164.70142978429794 531.32791233062744 375.09522587060928 169.20196378231049 341.22603124380112 153.506403028965 218.69966617226601 111.83902105689049 383.19942325353622 136.18031477928162 635.93368834257126 107.4553285241127
leaf_count=387 99 323 107 207 1046 176 436 136 296 1730 602 215 2276 2067 129 279 7319 464 711 519 693 462 106 627 217 268 90 608 131 1471 146
internal_value=6.56147e-06 -0.00192546 0.000425019 0.00106735 -0.00013787 -0.000967589 0 0.00124239 0.00276402 0.000917898 0.00127896 -0.000223905 0.00164162 0.00111811 -0.000230722 -0.00208101 0 -0.000217951 5.81126e-05 -0.000937543 -0.000225741 -0.00162358 0.00255319 -0.00333609 -0.00232928 -0.00151811 -0.00312733 -0.000941991 -0.00332682 0.00194161 -0.00293932
internal_weight=12215.9 2138.52 10077.3 5151.31 969.934 813.79 613.058 4931.86 818.95 4112.91 3612.04 659.519 2952.52 2249.52 4926.02 519.092 4406.93 4081.24 3705.49 1435.96 1135.08 603.752 325.687 1168.59 827.365 500.866 375.756 536.706 300.882 1328.45 326.155
internal_count=24343 3820 20523 9513 2045 1658 1482 9306 395 8911 8361 817 7544 5814 11010 386 10624 10389 9835 2516 1866 1173 235 1775 1148 550 554 825 650 3538 414
is_linear=0
shrinkage=0.0160995


Tree=122
num_leaves=32
num_cat=0
split_feature=36 12 57 11 27 52 57 27 11 29 44 52 27 11 20 20 70 11 70 23 29 21 33 11 60 36 70 63 33 23 23
split_gain=41.5684 20.8556 18.5198 15.0014 11.1281 9.97615 10.721 9.17785 12.2725 8.76629 8.32132 6.57658 7.16126 7.56964 6.36079 11.0617 12.0997 7.17178 7.50643 7.0106 7.50061 6.15519 5.95796 5.93165 5.47376 5.35052 5.42149 5.0892 5.04193 10.3706 5.13414
threshold=72.750000000000014 2.5000000000000004 0.81666666666675203 -0.70862667826445969 25.365000000000006 1747.8315 173.86666666666682 29.195000000000004 0.91586428826728705 26.945000000000004 34.981539688996541 1785.6320000000003 29.015000000000004 0.96457844552971317 38.639247735234413 35.975297788453979 3.0221385334821567 -0.65187484896379921 1.3333888494119572 36.026537334320189 29.835000000000004 27.344517037006003 67.950000000000017 -0.49749486057528974 0.46350000000000008 87.850000000000009 3.2211235724419702 1007.1500000000002 78.250000000000014 35.155541727478479 31.790935078402153
decision_type=2 2 2 2 2 2 2 2 2 2 2 2 2 2 2 2 2 2 2 2 2 2 2 2 2 2 2 2 2 2 2
left_child=3 9 10 -1 24 -5 -7 8 -8 11 25 -2 13 -13 15 16 22 18 19 -17 -21 -15 -6 -19 -4 26 -3 -11 29 30 -24
right_child=1 2 4 5 14 6 7 -9 -10 27 -12 12 -14 21 -16 17 -18 23 -20 20 -22 -23 28 -25 -26 -27 -28 -29 -30 -31 -32
leaf_value=0.015631860897635581 -0.010481175748562877 0.011284813976931799 -0.0013455366810383204 -0.061977100041737711 -0.0025374807620746061 -2.2136910543902053e-05 0.00042579588014301736 -0.049208571895591656 -0.046252777263994516 0.02042959014969745 -7.1765594724831748e-05 0.0058438872127104871 -0.022113547373976937 0.00014023361254739629 0.01066930887049127 0.0068784792775884477 -0.0196496492865324 -0.0091912491370684836 0.0049333001750726949 -0.011976872039269741 0.0036519386677323429 -0.03763846415466815 0.015595849729157004 -0.0013496186632216826 -0.018651259459242505 -0.0043256203906358376 -0.00017528911165240205 -0.040591412312182204 0.0031441151833526957 0.023154991056331856 -0.0033953226772223512
leaf_weight=171.8258730173111 149.11429452896118 2104.4526280760765 103.01453644037247 315.35021829605103 116.48809027671814 558.92217287421227 411.54614186286926 228.53075394034386 474.80181968212128 65.931155204772949 577.87234592437744 354.75742447376251 122.0779667198658 218.20997294783592 149.45237350463867 132.26826128363609 302.64750704169273 233.20940089225769 218.9245021045208 142.37682288885117 87.373599529266357 88.056168228387833 266.70327484607697 174.11599498987198 162.79979196190834 196.32959425449371 182.71027624607086 590.81628751754761 2459.4661592841148 382.08352553844452 473.6304634809494
leaf_count=370 81 3675 152 468 211 912 1163 157 865 122 1189 452 141 199 128 259 634 100 299 104 180 156 495 368 204 429 202 1188 7186 657 1597
internal_value=-1.21799e-05 0.000416751 0.000740423 -0.00204245 0.000157024 -0.0024569 -0.00187843 -0.00278869 -0.00189563 -0.00125535 0.0017429 -0.00015656 0.000346547 0.00110121 0.000338019 0.000221592 0.000612039 -0.00127504 0 -0.00153579 -0.00330936 -0.000540776 0.000881841 -0.00290696 -0.00300424 0.00214728 0.00236884 -0.00268479 0.00101522 0.00193886 0.000687687
internal_weight=12215.9 10054.9 8465.92 2160.98 5404.55 1989.15 1673.8 1114.88 886.348 1588.96 3061.36 932.216 783.102 661.024 5138.74 4989.29 4001.02 988.269 580.943 362.019 229.75 306.266 3698.37 407.325 265.814 2483.49 2287.16 656.747 3581.88 1122.42 740.334
internal_count=24343 20408 18069 3935 12574 3565 3097 2185 2028 2339 5495 1029 948 807 12218 12090 10780 1310 842 543 284 355 10146 468 356 4306 3877 1310 9935 2749 2092
is_linear=0
shrinkage=0.0160995


Tree=123
num_leaves=32
num_cat=0
split_feature=12 27 10 57 67 20 20 51 54 66 12 10 61 10 29 27 70 21 51 67 43 23 46 25 46 65 3 27 51 30 29
split_gain=35.2261 30.6903 21.0533 13.5495 10.7223 12.7789 10.7662 10.1122 11.4553 10.0963 9.8428 9.44791 11.3376 12.455 8.05312 8.046 7.98819 7.92647 7.50855 7.43936 7.38308 7.328 6.62229 7.04455 6.35177 6.23664 6.09298 6.0651 6.05286 5.79495 5.852
threshold=1.5000000000000002 25.225000000000005 0.63209755774300602 177.28333333333356 2.3550000000000004 38.372263631028297 35.310358001884502 1.7213875724221583 96.850000000000009 3.0550000000000002 9.5000000000000018 0.88203985695844977 0.99250000000000005 0.75548631800528565 26.105000000000004 29.175000000000004 2.965175286600831 25.195819224368332 0.97625022015478036 28.295000000000005 0.42892159895243814 25.688891371253934 23.870000000000001 24.745000000000001 29.378333333333337 4.5950000000000006 0.17550000000000002 29.875000000000004 0.40523107979715506 24.585000000000004 27.655000000000005
decision_type=2 2 2 2 2 2 2 2 2 2 2 2 2 2 2 2 2 2 2 2 2 2 2 2 2 2 2 2 2 2 2
left_child=7 21 3 16 5 11 9 8 14 15 -5 12 13 -4 -1 -6 19 -9 -18 22 28 -2 -3 -24 -15 -13 29 -22 -8 -25 -31
right_child=1 2 4 10 6 -7 20 17 -10 -11 -12 25 -14 24 -16 -17 18 -19 -20 -21 27 -23 23 26 -26 -27 -28 -29 -30 30 -32
leaf_value=0.00079535734358890267 0.0044685583972463288 -9.9082717560105787e-05 0.00013633664460251631 0.0048538766489054069 0.0010325786518973537 0.011263010917388277 -0.00098318118373403826 -0.0063794410420014496 -0.043718335710260132 -0.011490127160238745 -0.021043730863771797 0.010168922203512046 0.0076703690633628634 -0.011208077166263822 -0.021593347948264296 0.023266072037279862 0.017420129893569579 -0.047936679493756885 -0.0060447857550007013 -0.0026599935136363238 -0.0080438038807870774 -0.027170834463645755 0.015690644592641759 -0.007499119253451556 -0.0095873739883209404 -0.019486924775943069 0.013553517959032835 0.0029452565608846237 -0.016705696669881118 0.0044102661320772471 -0.00084103264112509184
leaf_weight=296.14094766974449 67.196189790964127 448.06375747919083 348.48524224758148 1257.8107745945454 147.98393693566322 180.30508995056152 233.49178639054298 131.1857878267765 389.24278137087822 259.67956069111824 805.78141784667969 616.66071087121964 132.60450744628906 293.94341063499451 423.5640210211277 95.906864702701569 185.17972722649574 292.98514303565025 276.65825280547142 300.62223553657532 142.96873208880424 470.97295162081718 305.79068180918694 128.74819257855415 250.52516531944275 154.00395721197128 2815.6921107172966 125.86256587505341 333.1552562713623 196.70620739459991 107.94143089652061
leaf_count=286 49 173 630 4114 375 108 229 68 772 592 2212 1534 151 447 844 30 492 262 256 874 141 733 141 57 182 521 7314 105 334 188 129
internal_value=-5.33398e-05 0.000267697 0.000473848 0.000989022 -0.00056304 0.00015412 -0.00167894 -0.00233802 -0.00141412 2.84994e-05 -6.40281e-05 -0.000216958 -0.00126386 -0.00197141 -9.08685e-05 0.0025129 0.00146154 -0.0045354 -0.000413269 0.00168149 -0.00279942 -0.00344879 0.00187007 0.00210236 -0.00349656 0.00107219 0.00183686 -0.00026101 -0.00385442 0 0.00126718
internal_weight=12215.9 10682.7 10144.6 6828.99 3315.58 1976.53 1339.05 1533.12 1108.95 503.57 2063.59 1796.22 1025.56 892.954 719.705 243.891 4765.4 424.171 461.838 4303.56 835.478 538.169 4002.94 3554.88 544.469 770.665 3249.09 268.831 566.647 433.396 304.648
internal_count=24343 22111 21329 15950 5379 3573 1806 2232 1902 997 6326 3465 1410 1259 1130 405 9624 330 748 8876 809 782 8002 7829 629 2055 7688 246 563 374 317
is_linear=0
shrinkage=0.0160995


Tree=124
num_leaves=32
num_cat=0
split_feature=36 12 28 27 51 28 3 42 0 26 58 63 30 65 51 50 37 6 45 65 56 45 51 29 29 68 50 42 38 30 60
split_gain=36.7707 15.7218 13.2503 14.1517 12.4456 12.4392 12.6469 10.275 10.2306 8.88667 13.8764 8.43202 7.94288 6.87626 6.78029 6.49813 5.62491 5.1996 4.91881 4.74005 9.09335 4.94525 4.65443 4.37077 6.18606 5.35046 4.34804 4.20303 7.13658 6.31217 8.69024
threshold=72.750000000000014 2.5000000000000004 29.265000000000004 25.365000000000006 1.1699002023988869 29.855000000000004 0.20250000000000004 37.694018659444048 1.8150000000000002 27.115000000000006 2168.9455000000003 1010.0500000000001 26.555000000000003 5.2650000000000006 1.6921282642499909 29.214791666666674 84.550000000000011 -0.60355339059327362 1.7668495498197576 2.6650000000000005 12.950000000000001 1.4769954898251292 0.36650325705464948 29.285000000000004 29.875000000000004 2.8050000000000002 27.531875000000003 35.963810490465285 0.11308125085549038 27.755000000000006 0.82850000000000013
decision_type=2 2 2 2 2 2 2 2 2 2 2 2 2 2 2 2 2 2 2 2 2 2 2 2 2 2 2 2 2 2 2
left_child=4 9 3 18 7 8 -7 11 -4 10 14 22 -13 15 -2 -10 -11 -6 -3 20 21 -5 -1 -8 25 -25 -14 29 -29 -21 -31
right_child=1 2 5 19 17 6 23 -9 13 16 -12 12 26 -15 -16 -17 -18 -19 -20 27 -22 -23 -24 24 -26 -27 -28 28 -30 30 -32
leaf_value=-0.010702342817636127 0.0018949905518064331 0.003266621918455585 0.019349563562130731 0.020262895689324219 -0.0061169319427559167 0.028073471697477849 0.011083504378922852 -0.052548205334905389 -0.002697417939994718 -0.026620533682949331 -0.021380180675009897 0.0029558522177169175 -0.073108980409568564 -0.0002182228110210397 -0.0069436870201609524 -0.0078649985643489007 0.01809085687038639 -0.043116236729931194 -0.015566767467836284 0.0068395583094710112 0.0010111266991309972 -0.013478797340639741 0.0039225485555775827 -0.0061053015167308747 0.00054513850046343103 -0.0093368013008517624 -0.021327953940988437 0.00068033428256756103 0.017289966371803821 -0.0018908684898707644 0.0072338014787024542
leaf_weight=78.652127683162689 357.1974638402462 84.386159032583237 77.269437789916992 462.76217487454414 157.7758960723877 177.04248896241188 88.775377601385117 135.95619532465935 169.05794298648834 658.31835755705833 238.41542673110962 91.230490237474442 147.38749161362648 315.47677892446518 184.5795733332634 579.9479746222496 150.45235803723335 763.60986042022705 223.20565891265869 2392.3022569417953 280.01373642683029 53.658692389726639 592.00395384430885 77.553546339273453 397.07590228319168 180.24234238266945 194.36097401380539 255.03607371449471 127.22914466261864 636.94255819916725 1887.9409821033478
leaf_count=158 378 71 133 1026 190 143 146 93 587 1292 327 133 259 846 85 761 257 1291 308 3232 946 138 1266 144 571 217 545 458 135 1569 6638
internal_value=-5.63996e-05 0.000346485 0.00062838 0.0009938 -0.00196556 -0.000467185 0.000867721 -0.000821654 -0.00161292 -0.00110327 2.43444e-05 -0.000224118 -0.00202246 -0.00207498 0.00154734 -0.00291193 -0.00228512 -0.00340917 -0.0022717 0.00117289 0.00240112 0.00366123 0.00082251 0 -0.000519217 -0.0025091 -0.00322931 0.000971767 0.0026875 0.000820327 0.000220146
internal_weight=12215.9 10054.9 8465.92 6403.48 2160.98 2062.44 920.69 1239.59 1141.75 1588.96 780.192 1103.64 432.979 1064.48 541.777 749.006 808.771 921.386 307.592 6095.89 796.435 516.421 670.656 743.647 654.872 257.796 341.748 5299.45 382.265 4917.19 2524.88
internal_count=24343 20408 18069 14521 3935 3548 1221 2454 2327 2339 790 2361 937 2194 463 1348 1549 1481 379 14142 2110 1164 1424 1078 932 361 804 12032 593 11439 8207
is_linear=0
shrinkage=0.0160995


Tree=125
num_leaves=32
num_cat=0
split_feature=31 11 22 6 10 10 22 11 11 22 52 11 35 28 10 28 11 10 10 1 22 20 31 10 10 43 35 49 49 10 0
split_gain=36.4458 18.0814 19.5874 17.6521 17.1736 13.8406 12.5202 11.8142 20.9427 13.1534 14.7655 15.4015 10.3981 8.22236 7.03384 7.73905 12.2839 6.6676 6.61072 8.49261 6.36477 7.1103 6.14634 12.4 10.766 9.97573 6.11494 5.81247 5.7561 5.31913 5.08379
threshold=75.250000000000014 0.87377473702374975 26.845588761884141 0.12940952255126045 0.7025209685794126 -0.52707282776374165 29.685010421525593 0.98043284291745803 0.96457844552971317 24.219079353969956 2138.7825000000007 0.93834263341299773 82.15000000000002 24.365000000000006 -0.3896268414500369 26.695000000000004 0.91925191855388755 -0.97109105924028405 0.93836870211866363 4.7650000000000006 31.786324441943908 38.639247735234413 77.550000000000011 0.61866567420209762 0.85654306401281499 0.59447168961269992 69.750000000000014 0.71812023080476817 0.11535452599216618 0.99466160899732492 2.2250000000000005
decision_type=2 2 2 2 2 2 2 2 2 2 2 2 2 2 2 2 2 2 2 2 2 2 2 2 2 2 2 2 2 2 2
left_child=1 3 13 -1 26 6 -2 8 9 -7 11 -11 27 -3 -12 -16 20 -8 19 -6 -17 22 24 -24 25 -22 -5 -9 -4 -20 -19
right_child=5 2 28 4 18 7 17 12 -10 10 14 -13 -14 -15 15 16 -18 30 29 -21 21 -23 23 -25 -26 -27 -28 -29 -30 -31 -32
leaf_value=0.010955114392348643 0.042637600593164321 0.00082931523712026565 0.0058121559246882819 0.028810729555728568 -0.054144916236296289 0.014915386126830162 0.027432623232752092 0.0061824209019429813 -0.0062292507399845012 -0.011801119976842566 0.032164355173145677 0.020761977585964406 0.018951274984035173 -0.0078048172462733571 0.036007728275752438 0.019163352590997086 -0.022920306663644304 0.029446666842470659 0.023736260023386781 -0.0036632309140376294 -0.010907937958094615 0.016987293416671635 0.0023962367677161649 -0.005142002059361662 0.007075152733182391 0.0068017064482318304 -0.0016991696326061447 -0.00058368332814750297 -0.042355688712925429 -0.080699863311313083 0.0015152959616749789
leaf_weight=478.27076986432076 274.02574828267097 177.04862987995148 55.300497651100159 125.88996383547783 422.22635242342949 314.77751234173775 515.788978099823 430.69751888513565 455.31591987609863 569.85411733388901 278.18080344796181 153.27189636230469 277.97448354959488 277.33034956455231 140.73476019501686 455.92952045798302 157.52485144138336 185.22699150443077 98.47045111656189 99.137596935033798 248.221136033535 137.29034930467606 1161.4525352716446 1234.6131486296654 210.7950267791748 102.84933564066887 391.94657871127129 235.80138051509857 1143.4623981714249 42.313477754592896 1364.1363179981709
leaf_count=862 545 83 97 310 545 126 1803 391 298 487 931 130 248 191 274 1228 157 652 243 70 478 130 3373 2225 294 187 1260 112 1976 150 4487
internal_value=-1.89114e-05 -0.00146633 -0.00266104 -0.000224079 -0.0013247 0.000510726 0.00157606 0.000118338 -0.000148858 0.000128919 -6.28893e-05 -0.00219268 0.00178774 1.48104e-05 0.000292367 9.09994e-05 -2.98785e-05 0.00109209 -0.00306108 -0.00389215 0.000145384 -9.24343e-05 -0.000285399 -0.000662524 0.00117545 -0.000351961 0.000747526 0.000549149 -0.00373904 0 0.000497352
internal_weight=12215.9 3311.4 1653.14 1658.26 1179.98 8904.46 2339.18 6565.28 5620.81 5165.49 4850.72 723.126 944.473 454.379 4127.59 3849.41 3708.68 2065.15 662.148 521.364 3551.15 3095.22 2957.93 2396.07 561.865 351.07 517.837 666.499 1198.76 140.784 1549.36
internal_count=24343 5787 2347 3440 2578 18556 7487 11069 10318 10020 9894 617 751 274 9277 8346 8072 6942 1008 615 7915 6687 6557 5598 959 665 1570 503 2073 393 5139
is_linear=0
shrinkage=0.0160995


Tree=126
num_leaves=32
num_cat=0
split_feature=31 69 64 45 59 54 45 69 70 69 64 62 50 17 45 45 43 43 62 17 37 28 48 12 34 38 34 45 50 28 54
split_gain=36.1882 20.1508 16.9622 14.8902 11.099 10.7862 7.16348 6.08294 13.0813 9.66526 13.0946 10.0024 9.46361 9.00351 7.2507 5.88267 6.84741 5.78816 7.03844 5.32404 14.4054 8.3846 7.63029 6.10752 6.09615 4.73058 4.51707 4.48747 4.17586 4.1574 4.14695
threshold=73.350000000000009 27.414867087810823 1008.35 3.019653610858168 0.077500000000000013 31.550000000000004 0.86595263093990116 24.93981631901416 0.015404727668411057 28.80005912938778 1010.1500000000002 1009.9500000000002 29.471875000000004 38.176575959122083 1.433032676884934 0.78246734210628388 0.24522638103565705 0.90757379889057932 1011.35 37.343471940719304 73.550000000000011 30.155000000000005 29.545833333333338 6.5000000000000009 82.550000000000011 -0.071402474739929986 80.15000000000002 0.50915851396542144 29.306875000000005 24.365000000000006 96.850000000000009
decision_type=2 2 2 2 2 2 2 2 2 2 2 2 2 2 2 2 2 2 2 2 2 2 2 2 2 2 2 2 2 2 2
left_child=1 -1 6 5 -5 7 -3 8 -2 10 14 12 26 15 -9 16 -14 -12 -19 22 -21 -22 23 24 28 -8 -11 -24 -7 -16 -4
right_child=3 2 30 4 -6 19 25 9 -10 11 17 -13 13 -15 29 -17 -18 18 -20 20 21 -23 27 -25 -26 -27 -28 -29 -30 -31 -32
leaf_value=0.00070820420833646194 -0.00018567776821187736 0.0065179695700719447 -0.018324727991160795 0.002284765913741593 -0.018013018641262771 -0.0080529744701032507 -0.0097617157432581692 8.0388546904846948e-05 0.038855770168035209 0.01851634978815762 -0.00058344228995790826 -0.0043636143382322573 -0.0020914636733865952 0.021635703546028243 -0.00066863013698558436 -0.0050592185431309594 0.0052369839889145724 0.008303650984097655 1.4407830274869244e-05 -0.020983738352581618 -0.021821319621904017 0.0034506003398191228 -0.0090204269336133028 0.0019543027423390984 0.00032912204773181307 0.0029382443054255551 0.01099448012732466 0.0052337239934042417 -0.0079224281127642879 -0.017667185494367962 -0.049775692516450705
leaf_weight=233.09071263670921 226.63636907935143 261.51968747377396 495.5573588013649 97.001391232013702 226.7976638674736 407.0403023660183 228.63720089197159 172.17538124322891 270.73131600022316 1474.1115756332874 331.04538357257843 510.41035294532776 222.94159698486328 149.23160934448242 140.84617242217064 235.58931618928909 182.55192109942436 176.62538215517998 227.65942433476448 141.85490450263023 103.60584571957588 191.47525441646576 56.228145778179169 1732.1035508811474 477.0596476495266 148.13411122560501 1236.5389639437199 253.02225106954575 189.36849945783615 352.21813103556633 1064.0499739050865
leaf_count=193 89 393 914 59 240 1002 322 284 131 4082 366 1044 343 130 43 349 247 112 124 103 93 189 73 4746 1327 339 3881 432 221 325 2147
internal_value=-5.61749e-05 -0.00181839 -0.00231533 0.000373942 -0.00296802 0.000497815 0 0.000921417 0.00268348 0.000743094 -0.000364924 0.00114988 0.00146547 0 -0.0020381 -0.000917724 7.58937e-05 0.00104283 0.00235793 -0.00018465 -0.00184517 0 2.43814e-05 -0.000215158 -0.00118473 -0.00151472 0.00191748 0.00243207 -0.00227022 -0.00305266 -0.00321911
internal_weight=12215.9 2430.99 2197.9 9784.87 323.799 9461.07 638.291 5909.31 497.368 5411.95 1400.57 4011.38 3500.96 790.314 665.24 641.083 405.494 735.33 404.285 3551.76 436.936 295.081 3114.82 2805.57 1073.47 376.771 2710.65 309.25 596.409 493.064 1559.61
internal_count=24343 4308 4115 20035 299 19736 1054 11550 220 11330 1254 10076 9032 1069 652 939 590 602 236 8186 385 282 7801 7296 2550 661 7963 505 1223 368 3061
is_linear=0
shrinkage=0.0160995


Tree=127
num_leaves=32
num_cat=0
split_feature=31 45 30 69 68 18 51 12 57 12 35 57 20 70 31 35 42 25 22 1 17 63 70 33 31 23 38 50 70 70 57
split_gain=34.1655 18.9084 17.2823 14.163 11.6975 10.4318 10.3957 9.77348 11.973 7.90251 7.06194 7.04737 6.43656 5.83343 5.59855 5.58601 5.42643 8.90487 5.64052 5.28586 7.5835 6.22361 5.24545 16.8456 5.5682 5.29281 5.17549 5.17488 9.73829 5.14937 4.9982
threshold=75.250000000000014 1.5707509272691649 26.495000000000001 31.908706460980319 2.9950000000000006 36.212688010065889 2.3402959714150708 6.5000000000000009 38.641666666666914 9.5000000000000018 86.550000000000011 265.64166666666688 38.639247735234413 -0.18445374789065735 68.550000000000011 77.750000000000014 37.411278242170773 29.915000000000003 37.343471940719304 0.045000000000000005 26.412967401745195 1008.6500000000002 1.0363967256531572 79.750000000000014 79.850000000000009 30.284178601293686 -1.6892601235822491 25.636666666666674 1.3151937483403453 -4.6896682307425843 338.18333333333351
decision_type=2 2 2 2 2 2 2 2 2 2 2 2 2 2 2 2 2 2 2 2 2 2 2 2 2 2 2 2 2 2 2
left_child=1 2 13 -4 11 -6 7 12 10 -10 15 -5 16 -1 -3 26 17 22 -18 20 -16 -21 24 -24 30 -25 -9 -12 -29 -17 -2
right_child=6 14 3 4 5 -7 -8 8 9 -11 27 -13 -14 -15 19 29 18 -19 -20 21 -22 -23 23 25 -26 -27 -28 28 -30 -31 -32
leaf_value=-1.5476563247653185e-05 -0.0089761533104731443 -0.063252936547776084 -0.042029700498733627 0.018756738393292494 7.0458959545625311e-05 -0.02731746163857952 -0.018011079033252331 -0.0010931505181253349 0.010521369861294131 -0.01146400472263071 -0.017243443936754536 0.0013024794868807335 0.01662847056455187 0.0051323236502820915 0.00048493471541931089 -0.0021890173856541823 -0.0062499049366207173 0.0051494638024994089 0.0033426262262835011 -0.0084555339674531414 -0.019553502546308704 -0.050155410993388487 0.010058902422511127 0.017046175431303733 0.0025543215768270384 -0.0083878498150448157 0.0079025581256230906 0.025180290214376011 -0.0064242186463232334 0.013448206623632893 0.00152665806782137
leaf_weight=87.284951537847519 574.12870660424232 485.14255237579346 548.69621354341507 202.87391096353531 253.01186832785606 194.1571033000946 81.6190185546875 129.54787182807922 919.26972413063049 893.98739922046661 71.690910905599594 449.970648676157 138.05037689208984 193.52847009897232 190.77642491459846 136.97684240341187 313.02674293518066 179.3977991938591 165.48217582702637 105.58501407504082 360.86595171689987 239.50402599573135 398.02388828992844 85.662615388631821 1338.3865602910519 553.09578195214272 238.21074604988098 316.01272642612457 201.45059087872505 1959.6009197235107 210.84086483716965
leaf_count=137 1114 883 1217 276 573 152 50 66 3400 2217 16 1051 133 185 154 64 285 183 217 231 574 354 889 188 3007 1003 396 770 262 3792 504
internal_value=-8.85087e-06 -0.00141058 -0.000332232 -0.000999907 0 -0.00193988 0.000503779 0.000565738 0.00104887 0 0.00166369 0.0014269 -8.78035e-06 0.0032708 -0.00285393 0.00204215 -0.00015371 5.35862e-05 -0.00175664 -0.00192062 -0.000743612 -0.0035465 -0.000121742 -0.00107634 0.000307703 -0.00273417 0 0 0.000646479 0.00236435 -0.00070954
internal_weight=12215.9 3311.4 1929.52 1648.71 1100.01 447.169 8904.46 8822.84 4866.75 1813.26 3053.49 652.845 3956.1 280.813 1381.87 2464.34 3818.05 3339.54 478.509 896.731 551.642 345.089 3160.14 1036.78 2123.36 638.758 367.759 589.154 517.463 2096.58 784.97
internal_count=24343 5787 3591 3269 2052 725 18556 18506 10983 5617 5366 1327 7523 322 2196 4318 7390 6888 502 1313 728 585 6705 2080 4625 1191 462 1048 1032 3856 1618
is_linear=0
shrinkage=0.0160995


Tree=128
num_leaves=32
num_cat=0
split_feature=12 27 10 70 52 58 10 17 45 52 50 27 10 10 25 17 27 70 26 39 3 10 10 40 45 61 45 30 31 64 37
split_gain=36.3352 28.9255 17.8472 13.9647 12.2076 11.2372 11.1632 13.6221 9.95808 15.5878 13.0138 13.4096 10.2666 8.12754 7.85757 9.53561 6.83584 6.52135 14.5839 8.67107 8.17918 10.3514 11.59 9.8721 7.31644 7.09439 6.59705 6.45794 6.13238 6.08323 6.00414
threshold=1.5000000000000002 25.225000000000005 0.63209755774300602 3.2211235724419702 1785.6320000000003 10527.210000000001 0.42888796625999276 28.505373613940659 0.78246734210628388 2339.4865000000004 27.973958333333336 30.655000000000005 0.88203985695844977 -0.42888796625999276 30.335000000000004 37.981890485710146 29.735000000000003 0.38068787704400547 26.035000000000004 -1.2049999999999998 0.019500000000000003 -0.52707282776374165 -0.13301347478292289 29.765418870639675 2.1225783429727927 0.055500000000000008 0.87059802123624963 24.745000000000001 86.850000000000009 1005.5500000000001 84.550000000000011
decision_type=2 2 2 2 2 2 2 2 2 2 2 2 2 2 2 2 2 2 2 2 2 2 2 2 2 2 2 2 2 2 2
left_child=4 27 3 5 -1 17 7 -6 9 14 30 12 29 -5 -4 -16 -15 20 -19 -20 -3 23 24 -22 25 -23 -24 -2 -21 -12 -10
right_child=1 2 8 13 6 -7 -8 -9 10 -11 11 -13 -14 16 15 -17 -18 18 19 28 21 22 26 -25 -26 -27 -28 -29 -30 -31 -32
leaf_value=-0.038389318776479102 0.0007099790568650435 0.0080929171161317291 0.005937775977872593 0.017685117024731946 -1.0269361194365022e-05 -0.0011115636150968253 0.0022303332010062478 -0.04956371629930427 -0.0027046399086362695 -0.0025259907944941104 -0.0081474657355798206 0.0058304659906084294 -0.0020977053439958171 -0.022131918494712962 -0.05362124406810078 0.0035641007542707801 0.0069389284064224127 0.044073907720243104 -0.005421823898079361 0.016749788468473737 0.035737024015551205 0.0081612286986067623 -0.00020485126290015117 0.010761083988636592 -0.0048814883372606029 -0.00014200637227583361 0.017982038562588173 -0.025365348163414788 -0.0010190557717790658 -0.019029479517210953 0.040523601319516114
leaf_weight=363.51028978824615 65.922854244709015 112.54646769165993 702.84112370014191 149.45709788799286 508.85746857523918 1318.9296050071716 127.73392581939697 533.01697194576263 420.42869386076927 608.10941255092621 133.57155686616898 170.19076800346375 306.63754668831825 302.25805535912514 141.71861732006073 139.88382625579834 83.903675645589828 164.72762852907181 69.1927729845047 1366.6029146015644 293.30589082837105 62.836157709360123 429.09400725364685 821.58333986997604 534.48655271530151 370.10954377055168 491.17917144298553 472.24632781744003 258.78194132447243 586.10304895043373 106.0921428501606
leaf_count=344 48 63 1027 501 469 3871 286 1133 1116 852 172 165 953 412 140 74 117 78 58 3952 510 24 1105 2789 192 849 940 734 489 694 186
internal_value=-2.54798e-05 0.000300749 0.000500991 0.000975114 -0.00234634 0.00119467 -0.00143948 -0.0020365 -0.000451419 0.000428524 -0.00131034 -0.00225306 -0.00297519 -0.00144725 0.001717 -0.000309324 -0.00274927 0.00154571 0.002337 0.00181943 0.00104569 0.000850704 7.8806e-05 0.0020818 -0.00110405 0.000291888 0.00140844 -0.00330522 0.0020897 -0.004033 0.000681579
internal_weight=12215.9 10682.7 10144.6 6828.99 1533.12 6293.38 1169.61 1041.87 3315.58 1592.55 1723.02 1196.5 1026.31 535.619 984.444 281.602 386.162 4974.45 1859.31 1694.58 3115.14 3002.59 1887.71 1114.89 967.432 432.946 920.273 538.169 1625.38 719.675 526.521
internal_count=24343 22111 21329 15950 2232 14920 1888 1602 5379 2093 3286 1984 1819 1030 1241 214 529 11049 4577 4499 6472 6409 3110 3299 1065 873 2045 782 4441 866 1302
is_linear=0
shrinkage=0.0160995


Tree=129
num_leaves=32
num_cat=0
split_feature=12 9 37 10 51 10 37 69 49 10 50 28 23 28 10 45 28 35 50 23 11 65 45 51 60 66 8 45 10 11 22
split_gain=36.8266 25.4204 17.3667 10.7288 10.3041 9.33801 11.8096 8.87089 15.6492 9.27349 10.007 9.54828 8.39373 7.50254 6.57574 6.4697 12.4546 11.7612 8.73529 7.04564 6.37773 6.34641 8.95031 8.79345 7.72289 6.5406 8.55499 6.30708 6.22887 5.76513 5.63818
threshold=1.5000000000000002 -0.5 67.550000000000011 -0.52707282776374165 1.6921282642499909 0.45972848220565493 82.350000000000009 25.26819755464934 0.52972004811346762 -0.19244979981841004 28.677916666666672 24.130000000000006 30.862633187545935 24.365000000000006 0.34964421742355262 0.78246734210628388 30.615000000000006 76.750000000000014 29.489375000000003 35.666040997806242 0.95748518835503915 2.6050000000000004 2.2995499725571462 0.55631128532594498 0.32650000000000007 5.7250000000000005 0.60355339059327384 1.409539000591963 0.20088869483109786 0.99164058729498161 31.786324441943908
decision_type=2 2 2 2 2 2 2 2 2 2 2 2 2 2 2 2 2 2 2 2 2 2 2 2 2 2 2 2 2 2 2
left_child=4 2 -2 12 5 6 14 8 -5 10 11 -9 -3 -6 20 17 -17 19 -19 -4 -1 -11 23 24 -23 26 -25 -13 29 -22 -26
right_child=1 3 15 7 13 -7 -8 9 -10 21 -12 27 -14 -15 -16 16 -18 18 -20 -21 28 22 -24 25 30 -27 -28 -29 -30 -31 -32
leaf_value=0.050599898505089461 -0.052380337417737156 0.03532063205439262 -0.0026744590657749052 0.0185765245725735 -0.00037123910737170391 0.06150221702255599 0.00083241612329114172 -0.001134672725808775 -1.5040811798052381e-05 0.0069976605564245724 0.015588427735256781 0.00051712818863188577 0.011590777986863809 -0.036409896379205935 -0.05266842945785357 -0.0041582916145387616 -0.025531093571150475 3.3354040530651927e-05 -0.045926367733145089 0.004114497779271838 0.088345473269405256 0.047723441693498445 0.0025177485895438662 -0.0012403695116271257 0.031116996377202551 0.007464960674580778 -0.0082435392062513765 -0.0095931312630881723 -0.060919466035651598 -0.014235851959611157 -5.0408263698966149e-05
leaf_weight=84.857098042964935 370.00512599945068 430.23607397079468 182.42528036236763 312.72348272800446 137.61943981051445 61.028631687164307 202.96236565709114 111.77443331480026 432.68733215332031 558.21249833703041 232.20974898338318 175.58061668276787 1411.8459687232971 334.39888408780098 255.51938581466675 1643.2034637033939 128.88958978652954 474.93004149198532 135.63189923763275 355.99237728118896 101.47711658477783 116.85511046648026 397.82311815023422 649.35451897978783 137.63202196359634 142.24709352850914 337.8612003326416 571.66575607657433 161.62602519989014 193.62976455688477 1372.9539341628551
leaf_count=182 743 1074 510 151 70 212 250 38 163 902 767 467 4590 295 350 4137 124 1433 117 309 251 223 402 1257 291 296 503 546 337 285 3068
internal_value=2.63087e-05 0.000367867 -0.000795726 0.000896903 -0.00229705 -0.00129915 -0.00173477 0.000523104 0.00216761 0.000249921 -0.00102479 -0.00187174 0.00197658 -0.00434631 -0.00265327 -0.000347267 -0.00097339 0.000548957 -0.00088577 0.002319 -0.00141681 0.000646705 0.000335486 0 0.000765318 -0.00108105 -0.00159191 -0.00257852 -0.00225943 -0.00053438 0.000393519
internal_weight=12215.9 10682.7 3291.08 7391.66 1533.12 1061.1 1000.07 5549.58 745.411 4804.17 1091.23 859.021 1842.08 472.018 797.109 2921.07 1772.09 1148.98 610.562 538.418 541.59 3712.94 3154.73 2756.9 1627.44 1129.46 987.216 747.246 456.733 295.107 1510.59
internal_count=24343 22111 7373 14738 2232 1867 1655 9074 314 8760 1818 1051 5664 365 1405 6630 4261 2369 1550 819 1055 6942 6040 5638 3582 2056 1760 1013 873 536 3359
is_linear=0
shrinkage=0.0160995


Tree=130
num_leaves=32
num_cat=0
split_feature=12 6 8 68 31 10 10 29 12 68 45 29 31 31 10 10 49 19 10 50 63 31 63 63 45 44 31 60 10 10 68
split_gain=31.4212 26.0367 12.7481 21.0257 12.5338 10.8989 8.10263 10.573 11.5902 10.4709 7.53543 7.08412 6.73996 6.40076 10.534 9.51176 8.6888 6.17851 5.86748 5.72905 7.55668 6.95543 6.20848 5.26209 5.01356 4.92728 4.6595 5.9385 4.60351 4.39758 4.32142
threshold=1.5000000000000002 0.37940952255126054 0.78656609248549325 0.18500000000000003 71.750000000000014 -0.52707282776374165 -0.47494667389482609 26.105000000000004 10.500000000000002 0.78500000000000014 0.71761170900136262 26.745000000000001 76.550000000000011 79.350000000000009 -0.2595093939220976 -0.10738035228456493 0.42044817357918385 37.343471940719304 0.2843565540399125 27.268333333333334 1009.2500000000001 74.950000000000017 1004.35 1009.85 2.3903034962476446 29.236572284281635 77.550000000000011 0.72150000000000014 -0.48250327361223916 -0.97109105924028405 0.065000000000000016
decision_type=2 2 2 2 2 2 2 2 2 2 2 2 2 2 2 2 2 2 2 2 2 2 2 2 2 2 2 2 2 2 2
left_child=2 5 12 18 10 11 9 13 19 -7 -3 -2 25 16 -15 -16 -8 26 -4 -9 21 -21 -23 -13 -11 -1 27 -6 -12 -28 -10
right_child=1 4 3 -5 17 6 7 8 30 24 28 23 -14 14 15 -17 -18 -19 -20 20 -22 22 -24 -25 -26 -27 29 -29 -30 -31 -32
leaf_value=-0.049970832868722795 0.04213299789026842 -5.8532945405132267e-05 6.9499641864824237e-05 -0.022358032501207905 0.0057974433920429634 -0.034412594385222761 0.0035218501520099259 0.025503513448582937 -0.00011278200204246577 0.040822636343944715 0.0038485325725163837 0.016978305988047802 -0.0027857606046994749 0.035130547084505373 -0.0014763260143953571 0.028877801871547603 -0.0014099724644956965 -0.017669907129159626 0.0020950584304589193 0.0097330978238973943 -0.011833692893938643 0.014378578990437506 -4.1522744922763258e-05 -0.0025259439892685218 -0.0044091628198039134 -0.030849157737929681 0.023411883493531849 -0.0040212125008100529 -0.049390711261885677 -0.0060655602745156734 -0.017621074933188242
leaf_weight=478.76851609349251 246.99622815847397 211.69900962710381 160.84983929991722 189.33382904529572 657.70530772209167 106.78633251786232 231.61006116867065 149.53150746226311 294.22135850787163 74.77635869383812 76.17499852180481 1300.2286079525948 236.99803999066353 214.7260125875473 296.36557388305664 220.06423860788345 349.66426110267639 224.91814661026001 168.10534074902534 319.42412263154984 303.67720222473145 361.68613585829735 1985.5923507809639 196.80532097816467 104.22797822952271 299.06311002373695 153.86774921417236 458.94348782300949 514.17125025391579 1332.6825067400932 296.19461479783058
leaf_count=569 482 244 158 180 1212 53 202 383 275 205 256 4388 439 118 105 176 244 200 127 386 636 839 4445 440 57 759 571 1153 1043 3615 383
internal_value=1.80261e-06 0.000317867 -0.0021442 0 -0.000777763 0.000893271 0.000509488 0.000672039 0.000207717 -0.00204453 -0.00256071 0.00201232 -0.00319103 0.00191988 0.00294535 0.00146985 0.000483325 -0.000241351 0.00236595 0.000618781 0.000431109 0.000727587 0.000382758 0.00150804 0 -0.00393152 0 0.000765757 -0.00349061 -0.000608063 -0.00182062
internal_weight=12215.9 10682.7 1533.12 518.289 3630.16 7052.58 5308.55 5022.76 3710.33 285.791 802.045 1744.03 1014.83 1312.43 731.156 516.43 581.274 2828.12 328.955 3119.91 2970.38 2666.7 2347.28 1497.03 179.004 777.832 2603.2 1116.65 590.346 1486.55 590.416
internal_count=24343 22111 2232 465 8294 13817 8507 8192 7347 315 1543 5310 1767 845 399 281 446 6751 285 6689 6306 5670 5284 4828 262 1328 6551 2365 1299 4186 658
is_linear=0
shrinkage=0.0160995


Tree=131
num_leaves=32
num_cat=0
split_feature=35 57 63 45 23 45 4 0 19 23 61 37 61 23 37 17 35 4 70 35 44 58 17 69 50 61 20 69 12 45 45
split_gain=31.6485 12.5819 14.6729 11.3996 12.1543 12.8127 13.1078 10.4522 16.8711 15.408 11.0025 6.86478 6.80245 6.6939 7.02778 7.94104 6.28794 6.09862 5.6844 11.1525 5.59841 5.59462 9.72782 5.46816 5.63509 11.201 5.82903 5.42198 5.03278 7.23547 9.62361
threshold=73.950000000000017 38.641666666666914 1006.0500000000001 0.73918860224385619 27.926984037124431 1.7668495498197576 1012.4500000000002 7.7250000000000005 27.926984037124431 25.195819224368332 0.97050000000000003 67.250000000000014 0.96750000000000014 34.989757234478056 86.450000000000017 31.098064807556341 82.15000000000002 1011.9500000000002 0.16080522307483849 78.950000000000017 34.896980685050586 2063.9940000000001 29.406081252928363 30.577568643027089 29.242708333333336 0.88050000000000017 36.443152298804939 27.822843368428746 6.5000000000000009 1.3328907726967747 2.2732048838084382
decision_type=2 2 2 2 2 2 2 2 2 2 2 2 2 2 2 2 2 2 2 2 2 2 2 2 2 2 2 2 2 2 2
left_child=3 7 -3 11 5 6 -5 8 18 -9 13 -1 16 14 28 -16 -11 20 19 -2 -12 22 -6 -4 -25 -26 -27 -14 -10 -30 -31
right_child=1 2 23 4 21 -7 -8 9 10 12 17 -13 27 -15 15 -17 -18 -19 -20 -21 -22 -23 -24 24 25 26 -28 -29 29 30 -32
leaf_value=-0.039144140466875324 0.0070907783892004564 0.0039525922450281709 -0.01818331849654601 0.022247083254531563 -0.024805100600264467 -0.019216766528802824 -0.00082065790012721747 -0.0044554698334137418 -0.007419020006856728 -1.092007643560699e-05 0.020369581931788616 0.0018240907030374575 -0.021454228180266887 0.0064296056548058143 0.024463073644934542 -0.0024852776256965828 0.011170157609033494 -0.023527644456960848 0.027319239195585213 0.00010994474229980215 0.0027227130844935726 -0.034728675998667448 0.0076249055638685703 -0.0010169859737319555 0.0026324529566879684 -0.024280329647320461 -0.0013535781332845807 0.00061622512859109738 0.018078794605834926 -0.0072426735662631941 0.00035645021513493522
leaf_weight=66.5085569024086 229.10651344060898 1385.1581711173058 553.1651017665863 156.18535953760147 212.08093705773354 227.74510163068771 137.21127760410309 334.25041627883911 848.58934101462364 216.86543366312981 1183.538850992918 407.7222783267498 55.763922274112701 281.11975109577179 168.31400254368782 90.557692438364029 166.6886622607708 43.735774129629135 195.12638029456139 255.24867621064186 509.92839378118515 1158.2484869062901 289.67103201150894 1560.3056498169899 236.41414025425911 176.9306283891201 117.48963630199432 233.7111656665802 169.9595094025135 263.95500606298447 284.56354868412018
leaf_count=99 114 3431 847 227 256 242 111 109 1573 136 3642 549 37 392 237 174 117 44 86 179 1162 2472 754 5188 309 165 155 601 438 310 187
internal_value=-5.55908e-05 0.000369572 -0.000299878 -0.00161497 -0.00211413 0 0.00224415 0.000871631 0.0012075 -0.000556515 0.000765802 0.000511882 0.000751869 0 -0.000373947 0.00198 0.00221531 0.0017131 0.00357276 0.00232834 0.00190031 -0.00278634 -0.00110585 -0.00101784 -0.000588212 -0.00202088 -0.00412391 -0.000917077 -0.000817275 7.11321e-05 -0.000715197
internal_weight=12215.9 9560.49 4029.46 2655.37 2181.14 521.142 293.397 5531.02 4523.74 1007.28 3844.26 474.231 673.029 2107.06 1825.94 258.872 383.554 1737.2 679.482 484.355 1693.47 1660 501.752 2644.31 2091.14 530.834 294.42 289.475 1567.07 718.478 548.519
internal_count=24343 19633 10095 4710 4062 580 338 9538 8538 1000 8159 648 891 3311 2919 411 253 4848 379 293 4804 3482 1010 6664 5817 629 320 638 2508 935 497
is_linear=0
shrinkage=0.0160995


Tree=132
num_leaves=32
num_cat=0
split_feature=36 10 11 10 10 69 0 30 50 28 28 49 37 9 3 50 11 37 10 55 24 70 3 31 10 50 11 70 67 45 10
split_gain=37.7755 14.752 14.2195 16.8286 15.437 12.3738 14.7452 11.2229 10.3815 13.0258 12.8439 10.73 10.389 9.15499 9.07662 10.1261 7.44528 7.07758 6.93648 14.5082 6.46881 9.14165 10.681 7.44652 6.14653 5.74357 5.56778 15.9001 10.6904 6.90391 5.84321
threshold=72.750000000000014 -0.52707282776374165 0.87377473702374975 0.7025209685794126 0.89773508019357628 24.93981631901416 7.2650000000000006 27.085000000000004 28.587500000000002 28.965000000000003 24.130000000000006 0.21979156789696527 80.65000000000002 -0.12940952255126037 0.20250000000000004 29.741666666666671 -0.92260537345622995 85.050000000000011 0.34964421742355262 598.00000000000011 22.355000000000004 -1.6702335514419475 0.52050000000000007 77.250000000000014 -0.97505550290239429 26.287500000000005 -0.65187484896379921 0.64956976504965536 2.2350000000000008 0.54920429394886938 0.84753307444029569
decision_type=2 2 2 2 2 2 2 2 2 2 2 2 2 2 2 2 2 2 2 2 2 2 2 2 2 2 2 2 2 2 2
left_child=2 7 3 -1 13 6 -3 -2 10 16 12 -12 -7 -5 15 -11 -10 26 19 -4 -13 22 -22 -23 -9 -24 -16 29 30 -28 -29
right_child=1 5 18 4 -6 8 -8 24 9 14 11 20 -14 -15 17 -17 -18 -19 -20 -21 21 23 25 -25 -26 -27 27 28 -30 -31 -32
leaf_value=0.018219774326931022 0.038808009616757719 0.024069231085020949 -0.0014304106238029273 -0.055506756482849438 0.0057968973951840683 -0.0018529678668377757 -0.00142961453641756 0.02473283759273177 -0.00025964016039118498 -0.010910485962829928 2.1401630587352341e-05 -0.012210559988707091 8.9467724899923321e-05 0.0001593999206278235 -0.00016620128175055197 0.028251573663495382 0.017799181552104457 0.0061859901481415343 -0.060024921674727554 -0.054688029952780652 0.005919779197017418 -0.0256443790471402 -0.010721764271272987 -0.0026230329190926297 0.0042437492416542546 -0.0004288165539869892 0.0066712600404366896 -0.007687584164430137 -0.012430422999803842 -0.0011685102724059643 0.0018031039198450544
leaf_weight=409.20477741956711 347.96731024980545 363.78854045271873 551.59954696893692 336.71678733825684 196.28328132629395 321.88204118609428 272.80883288383484 483.95586115121841 297.37285041809082 99.87173056602478 934.70850923657417 84.371024608612061 271.51776671409607 91.931926727294922 1110.9992153644562 172.80746352672577 652.99184027314186 115.49765205383301 285.69230461120605 289.54837054014206 168.07020857930183 661.14321836829185 154.29837962985039 869.84045881032944 1668.5191999673843 178.36921012401581 106.00176990032196 106.53794288635254 301.28235697746277 146.43115746974945 163.84786152839661
leaf_count=1188 833 193 865 389 444 178 89 1723 1140 211 2265 22 105 149 2429 145 1384 149 382 518 167 1107 139 1406 5432 318 70 106 298 149 350
internal_value=0 0.000414537 -0.00193006 -0.000471604 -0.00219032 4.85542e-05 0.00219793 0.00148669 -0.000138661 0.000504685 -0.000738471 -0.00117427 0.00136175 -0.00394116 -0.000113051 0.00258117 0.00209372 -0.00051402 -0.00319218 -0.00227186 -0.00181214 -0.00157116 0.000172748 -0.00219284 0.00100008 -0.00132681 -0.000780522 -0.00178073 -0.00330365 0.00135324 -0.000617404
internal_weight=12215.9 10054.9 2160.98 1034.14 624.932 7554.44 636.597 2500.44 6917.84 3273.64 3644.2 3050.8 593.4 428.649 2323.28 272.679 950.365 2050.6 1126.84 841.148 2116.09 2031.72 500.738 1530.98 2152.48 332.668 1935.1 824.101 571.668 252.433 270.386
internal_count=24343 20408 3935 2170 982 12420 282 7988 12138 6431 5707 5424 283 538 3907 356 2524 3551 1765 1383 3159 3137 624 2513 7155 457 3402 973 754 219 456
is_linear=0
shrinkage=0.0160995


Tree=133
num_leaves=32
num_cat=0
split_feature=36 10 31 69 64 0 17 45 34 10 20 44 24 37 10 69 64 47 66 64 44 31 70 70 45 20 69 45 31 34 70
split_gain=37.3578 14.7758 11.0903 10.9786 13.5182 13.2 10.2631 8.21868 7.32323 6.98634 6.6399 16.3263 7.89979 7.5238 6.51356 7.56726 10.6098 6.73418 6.64223 6.55232 6.0846 7.60595 5.72594 5.65922 5.64002 5.24799 7.51941 5.06387 4.56599 5.31686 4.53307
threshold=72.750000000000014 -0.52707282776374165 75.250000000000014 24.93981631901416 1006.7500000000001 7.2650000000000006 38.372263631028297 0.71761170900136262 84.350000000000009 -0.97873101657557326 26.17116966100264 26.798726327729792 22.355000000000004 85.15000000000002 0.85654306401281499 27.274276638594149 1008.6500000000002 0.28148416178121199 3.3750000000000004 1007.4500000000002 36.323966328412006 77.750000000000014 0.27821493183719787 1.296189669518544 0.64012936401974774 36.332017515518736 31.02734315938644 0.60769429757959348 77.350000000000009 75.750000000000014 -2.4792299839655718
decision_type=2 2 2 2 2 2 2 2 2 2 2 2 2 2 2 2 2 2 2 2 2 2 2 2 2 2 2 2 2 2 2
left_child=2 8 7 5 6 -3 20 27 25 -10 -6 30 -13 14 15 16 -14 -18 22 -17 -5 -22 -16 -15 -23 26 -2 -1 -21 -30 -12
right_child=1 3 -4 4 10 -7 -8 -9 9 -11 11 12 13 23 18 19 17 -19 -20 28 21 24 -24 -25 -26 -27 -28 -29 29 -31 -32
leaf_value=-0.037547570965227324 0.032097861284841725 0.023681729182223939 -0.0004067467093820842 0.0040510234629191413 -0.017539520933391586 -0.0014065984977592375 0.012485009562215963 -0.036506217619694421 0.031558649285872785 -0.010311672115886848 0.0051522863618339871 -0.006865050341524126 -0.014880634131179403 0.017662282711145151 -0.0044839261229855203 -0.00052200209439446309 0.0039079589474448739 -0.00023216724632061592 -0.0076405607715555064 -0.023990815596281662 0.0018575067896094857 0.00045155946603965449 0.012691336106460321 -0.014568178353627462 -0.007027320940738515 -0.0045226137817840064 0.013417479776671477 0.01041342853464694 -0.00023708597269304129 -0.0078365073723592749 0.00055582841552879992
leaf_weight=109.75798523426056 404.91583770513535 363.78852638602257 687.97426477074623 1549.6766761243343 235.74311861395836 272.80883240699768 219.29509735107422 1259.2917238771915 194.69674968719482 508.23578238487244 191.86005222797394 88.908205538988113 213.38515713810921 270.51741051673889 92.101445734500885 471.2618368268013 262.84482496976852 264.38586175441742 230.25848257541656 742.92151439189911 152.58481904864311 165.87746801972389 204.95537918806076 100.03780475258827 261.84701383113861 69.680280447006226 1322.9137154221535 103.95302867889404 350.26636707782745 561.71892109513283 287.39521408081055
leaf_count=116 832 193 1357 4234 330 89 176 2356 746 1763 104 20 109 503 266 949 238 169 712 1217 207 284 304 204 361 129 4518 106 457 1136 158
internal_value=-1.96531e-05 0.000386605 -0.00194455 2.05581e-05 -0.000155276 0.002047 0.000821199 -0.00273536 0.001459 0 -0.000675159 -0.000508653 -0.000872631 -0.000733252 -0.000985109 -0.00129628 4.89989e-07 0.00133171 0.000553175 -0.00178486 0.000434349 -0.000897903 0.0022365 0.00134738 -0.00208816 0.00200337 0.00220071 0 -0.00226167 -0.00133434 0.00223748
internal_weight=12215.9 10054.9 2160.98 7554.44 6917.84 636.597 2349.28 1473 2500.44 702.933 4568.56 4332.82 3853.56 3764.66 3394.1 2866.78 740.616 527.231 527.315 2126.17 2129.99 580.309 297.057 370.555 427.724 1797.51 1727.83 213.711 1654.91 911.985 479.255
internal_count=24343 20408 3935 12420 12138 282 5262 2578 7988 2509 6876 6546 6284 6264 5557 4275 516 407 1282 3759 5086 852 570 707 645 5479 5350 222 2810 1593 262
is_linear=0
shrinkage=0.0160995


Tree=134
num_leaves=32
num_cat=0
split_feature=36 52 51 6 68 8 22 12 64 33 32 27 20 33 51 50 21 64 44 20 22 60 25 43 60 64 51 64 20 70 20
split_gain=33.8021 16.2284 10.0569 9.78072 9.63963 7.48453 6.65288 5.92521 10.9278 5.91991 9.26191 5.48453 11.8307 6.60511 6.95497 5.88219 8.18068 9.25869 4.75023 6.19927 5.92691 5.08628 4.63697 5.95828 4.47661 4.4326 5.71103 4.42877 8.37357 4.60004 4.25681
threshold=74.050000000000011 1805.7320000000002 1.7213875724221583 1.0000000180025095e-35 0.075000000000000025 0.60355339059327384 23.191541961351707 11.500000000000002 1011.6500000000002 69.350000000000009 75.250000000000014 29.915000000000003 38.639247735234413 68.15000000000002 0.37456980154580682 26.143541666666668 27.804400015254071 1010.1500000000002 32.178240278856073 32.306755448751197 30.393429694910935 0.42250000000000004 29.385000000000002 0.33944310529723448 0.94650000000000001 1011.5500000000001 1.4314878602329293 1006.2500000000001 35.975297788453979 0.73133287230456656 36.122217921172982
decision_type=2 2 2 2 2 2 2 2 2 2 2 2 2 2 2 2 2 2 2 2 2 2 2 2 2 2 2 2 2 2 2
left_child=1 -1 3 6 5 -4 -2 11 18 -3 -11 13 22 -8 -15 -16 -17 -18 19 21 -20 -9 -13 -24 -19 26 27 29 -29 -5 -12
right_child=2 9 4 25 -6 -7 7 8 -10 10 30 12 -14 14 15 16 17 24 20 -21 -22 -23 23 -25 -26 -27 -28 28 -30 -31 -32
leaf_value=-0.044915787292961182 0.013654989013711732 0.0012895945551309315 -0.014575807126233709 -0.0014390593441679872 -0.013169978556203459 0.00030836114121320443 -0.022653196264054959 0.00055800032045327287 0.010400584708753333 -0.026099262694025984 4.1194467981559286e-05 0.0053716428962157165 0.016461134777763422 0.00046366245319145918 -0.0040500562908036483 0.037174132757276983 0.01551490479409577 -0.011308138521619359 0.012760638264632572 -0.006198161528988287 -0.012633986427292777 -0.013378973182349452 -0.0034681110442078868 0.0020029907586872155 0.013295937170567767 -0.010145659643290136 0.0076315310487194204 -0.0011262516492859583 -0.0073774513248998572 0.0059180682636207991 -0.011347482958380768
leaf_weight=532.86312702298164 331.5191792845726 381.5246519446373 160.19434723258018 514.40273153781891 168.84409919381142 262.90477561950684 179.5686075091362 175.49301096796989 281.2134485244751 689.17510241270065 898.317128688097 234.97418934106827 127.16361236572266 878.75495570898056 161.19530889391899 198.89725282788277 1743.9302005469799 198.83275485038757 73.296361654996872 182.75674650073051 87.157271951436996 213.20575785636902 308.93082880973816 106.61115375161171 94.207244902849197 207.17120361328125 142.01033914089203 1821.2893048524857 237.41271042823792 482.83051836490631 139.21147155761719
leaf_count=786 128 754 171 1574 182 136 313 101 147 1216 1868 504 91 2659 126 246 4831 327 45 101 171 159 377 204 197 324 129 4956 267 1079 174
internal_value=-8.70976e-06 -0.00162635 0.000429561 0.000570236 -0.00156167 -5.83329e-05 0.000986418 0.00082474 -0.000216289 -0.000939002 -0.00135694 0.00109277 -3.14714e-05 0.00136872 0.00154586 0.00199964 0.00222293 0.00185201 -0.00132338 -0.00205223 0.000772485 -0.000640569 -0.00101499 -0.00207751 -0.000579974 -8.83027e-05 3.61158e-05 -8.67344e-05 -0.00053627 0.00075993 -0.000305256
internal_weight=12215.9 2641.09 9574.77 8982.82 591.943 423.099 5577.71 5246.19 1013.12 2108.23 1726.7 4233.07 777.68 3455.39 3275.82 2397.06 2235.87 2036.97 731.909 571.456 160.454 388.699 650.516 415.542 293.04 3405.12 3197.95 3055.94 2058.7 997.233 1037.53
internal_count=24343 4798 19545 19056 489 307 10727 10599 724 4012 3258 9875 1176 8699 8386 5727 5601 5355 577 361 216 260 1085 581 524 8329 8005 7876 5223 2653 2042
is_linear=0
shrinkage=0.0160995


Tree=135
num_leaves=32
num_cat=0
split_feature=12 20 55 10 68 52 24 10 62 66 64 24 24 62 28 66 52 23 68 10 10 67 22 3 23 52 68 50 69 23 35
split_gain=32.3867 27.156 17.3602 10.3798 12.3031 9.69343 11.6131 12.3101 8.94312 8.75142 8.5325 8.32078 7.66101 7.42965 6.47838 6.4416 6.37174 6.30595 6.14018 5.95455 11.257 10.5651 9.69564 9.13312 7.4047 7.15823 8.21481 5.7919 5.53743 5.47623 7.99489
threshold=1.5000000000000002 26.17116966100264 396.7000000000001 0.61866567420209762 4.5950000000000006 1785.6320000000003 25.625000000000004 0.45972848220565493 1010.1500000000002 2.2650000000000001 1008.6500000000002 30.205000000000002 30.065000000000001 1011.6500000000002 24.365000000000006 3.4050000000000007 2356.6960000000004 28.047475512659325 1.385 -0.11593352601052358 -0.5123666674339783 0.14500000000000005 23.191541961351707 0.015500000000000002 30.643142759126377 2044.6960000000004 26.515000000000004 27.973958333333336 31.095489584131283 29.175538911717222 83.65000000000002
decision_type=2 2 2 2 2 2 2 2 2 2 2 2 2 2 2 2 2 2 2 2 2 2 2 2 2 2 2 2 2 2 2
left_child=5 17 3 19 8 14 13 -8 9 -5 -4 16 28 -7 -1 -6 -11 -2 -18 20 24 -21 -22 -24 -3 -23 -27 -10 -12 30 -25
right_child=1 2 10 4 15 6 7 -9 27 11 12 -13 -14 -15 -16 -17 18 -19 -20 21 22 25 23 29 -26 26 -28 -29 -30 -31 -32
leaf_value=-0.013248989810535256 -0.0014592387378145272 0.030982618782617991 -2.7365152725608452e-05 0.026277547999590728 -0.00060295234279597197 0.0048439850579223521 -0.036641268334782096 0.058798778084205465 0.00056986915229360619 0.0029225077311876633 -0.049934145777801822 0.0058243597232926865 -0.0461268076161509 -0.00045798378915154752 -0.044935400666227303 -0.010138774609703307 -0.0001166317284397897 -0.03884529178742497 -0.0067224978958535745 0.012667185853043772 0.019202416795110977 -0.002577891488482404 0.0073256759879395854 -0.00019734128265095748 0.009584742679260079 0.012145554009516548 -0.0094644139844200382 -0.055455751381243291 -0.0017070657484487036 3.8628709413769336e-05 -0.0080277697618929625
leaf_weight=93.987982928752899 149.60269799828529 450.12559947371483 1286.1987766325474 183.28725361824036 246.79630988836288 186.37211441993713 765.94774839282036 54.057085990905762 211.38634297251701 624.76034569740295 125.48246249556541 282.74520856142044 250.36032557487488 163.23141920566559 269.52237957715988 292.39712774753571 208.94192343950272 375.64206323027611 211.44347298145294 374.70732101798058 218.2576357126236 56.405327260494232 204.59967958927155 466.04306128621101 1668.217791467905 930.76662701368332 80.049450516700745 167.15050360560417 501.15892246365547 753.51371711492538 362.70071998238564
leaf_count=55 174 1048 3066 239 324 138 1442 192 469 1316 231 177 336 116 289 502 355 590 310 438 81 43 94 252 5437 2424 186 300 1692 1868 159
internal_value=-2.02241e-05 0.000287409 0.000479292 0.000830353 -1.57129e-05 -0.00221176 -0.00139017 -0.00246236 0.000563517 0.00114872 -0.000780389 0.000617394 -0.00200264 0.000897374 -0.00459926 -0.00218401 0 -0.00325087 -0.00157294 0.00121376 0.000867797 0.0021433 0 -0.000390448 0.00168519 0.00121473 0.00158741 -0.0015524 -0.000877878 -0.000844651 -0.00175011
internal_weight=12215.9 10682.7 10157.5 7994.3 2428.91 1533.12 1169.61 820.005 1889.72 1511.18 2163.2 1327.89 877.002 349.604 363.51 539.193 1045.15 525.245 420.385 5565.39 4123.46 1441.93 2005.11 1786.86 2118.34 1067.22 1010.82 378.537 626.641 1582.26 828.744
internal_count=24343 22111 21347 16022 3992 2232 1888 1634 3166 2397 5325 2158 2259 254 344 826 1981 764 665 12030 8939 3091 2454 2373 6485 2653 2610 769 1923 2279 411
is_linear=0
shrinkage=0.0160995


Tree=136
num_leaves=32
num_cat=0
split_feature=36 52 31 12 55 11 65 19 7 30 24 11 29 65 24 19 7 50 11 11 11 70 50 56 61 29 17 64 70 64 33
split_gain=32.7107 14.7795 13.9963 8.5907 8.56782 11.1829 7.71754 11.7793 11.3605 9.18971 7.58695 8.64887 7.33888 7.55276 6.88934 9.60331 6.04272 5.92756 14.4368 9.65358 17.4073 8.7195 12.3987 5.76317 5.20549 5.31839 9.06982 5.04691 7.268 6.72279 5.16498
threshold=72.750000000000014 1747.8315 80.450000000000017 2.5000000000000004 444.15000000000003 -0.70862667826445969 2.9350000000000005 34.451527037577442 0.37940952255126048 22.355000000000004 30.405000000000005 0.91586428826728705 26.495000000000001 7.3750000000000009 29.955000000000002 36.979458835625756 0.37940952255126048 27.191041666666671 0.93225468035816128 0.84750952922804634 0.88201535311751322 -0.76160569106708553 26.549375000000001 3.5500000000000003 0.82150000000000001 27.655000000000005 36.269542433610745 1004.7500000000001 -0.44985889047758215 1008.7500000000001 83.250000000000014
decision_type=2 2 2 2 2 2 2 2 2 2 2 2 2 2 2 2 2 2 2 2 2 2 2 2 2 2 2 2 2 2 2
left_child=1 -1 3 12 -3 -6 7 8 -5 -8 11 -7 13 16 15 17 -2 19 24 -4 -21 -22 -23 -9 25 -19 -27 30 -29 -30 -11
right_child=2 4 14 6 5 10 9 23 -10 27 -12 -13 -14 -15 -16 -17 -18 18 -20 20 21 22 -24 -25 -26 26 -28 28 29 -31 -32
leaf_value=-0.053742834984835695 -0.019360106564172929 -0.00024877982882753598 0.03048381499077733 0.0044312735325751007 0.017850300438704957 0.00036048288076232979 0.057017083941698125 -0.0059608587152861501 0.01615935970134311 0.0069172319104577069 -0.058077353169291392 -0.047669011761346983 -0.033093357794484773 -0.0058255837075464646 0.029219608609913926 -0.0051618211111836574 0.00076305563436184897 0.020875061620693865 -0.0051795153210685277 -0.0099030271749233102 -0.00025173051941324221 0.040085698515927651 -0.0010948947176637246 0.00019963294272107104 0.010040989630906341 -0.0075913117054064632 0.0076728782480025666 0.00074076532833577372 -0.0010717653142022347 -0.0066617173249230097 -0.0072666385621197697
leaf_weight=315.35023698210716 118.24939426779747 987.81025296449661 296.53924053907394 331.68864184617996 102.40379559993744 286.42631623148918 55.079877823591232 143.33949872851372 285.09804272651672 300.05831259489059 181.37443500757217 287.61195242404938 477.2857765853405 121.85495752096176 131.9324893951416 187.96516215801239 247.5205078125 230.3661747276783 278.06441640853882 213.71125793457031 351.15796580910683 284.72460946440697 185.12795329093933 269.05720034241676 2415.3167063891888 398.78519210219383 81.352922320365906 927.04212820529938 1160.0668005645275 506.8711274266243 56.626051664352417
leaf_count=468 143 1736 600 957 220 779 35 166 434 588 171 561 969 76 105 368 204 606 150 70 178 194 166 515 7708 1041 120 1734 2449 727 105
internal_value=1.39993e-05 -0.00177458 0.000406833 -0.000183659 -0.00116225 -0.00233992 0.000124786 0.00133895 0.0027673 -0.000265396 -0.00306288 -0.00192395 -0.00155202 0 0.00100643 0.000887073 0.00100169 0.00104141 0.000648439 0.00198195 0.00113566 0.00225503 0.00369149 -0.000609977 0.000981011 -0.000130633 -0.00119506 -0.000415648 -0.000683346 -0.00132957 0.00129677
internal_weight=12215.9 2160.98 10054.9 4999.84 1845.63 857.816 4034.93 1029.18 616.787 3005.74 755.413 574.038 964.911 487.625 5055.04 4923.11 365.77 4735.15 3403.89 1331.26 1034.72 821.011 469.853 412.397 3125.82 710.504 480.138 2950.66 2593.98 1666.94 356.684
internal_count=24343 3935 20408 9102 3467 1731 7710 2072 1391 5638 1511 1340 1392 423 11306 11201 347 10833 9625 1208 608 538 360 681 9475 1767 1161 5603 4910 3176 693
is_linear=0
shrinkage=0.0160995


Tree=137
num_leaves=32
num_cat=0
split_feature=36 52 12 25 27 63 27 21 12 2 42 52 57 44 51 51 50 41 4 42 52 70 39 46 18 35 51 64 65 21 44
split_gain=30.7183 15.3017 11.3102 9.519 9.94635 11.1793 7.8124 9.93955 8.92809 7.25007 7.135 9.64141 7.00222 6.32952 5.94629 5.61691 5.50247 8.23818 6.44096 5.78834 8.39812 4.86863 6.75772 6.27874 5.88564 7.78587 8.79845 6.05088 4.9237 4.4631 9.17512
threshold=74.050000000000011 1805.7320000000002 2.5000000000000004 27.265000000000004 28.955000000000002 1009.6500000000002 25.935000000000006 29.685010421525593 11.500000000000002 37.95000000000001 37.911207311018593 2120.855 329.41666666666691 32.801303121672198 1.7213875724221583 0.36394564313345518 29.453125000000004 0.17966712052873476 1010.0500000000001 38.079663442646975 2374.7510000000007 -4.4490987351350588 -1.0099999999999996 23.870000000000001 25.688891371253934 84.050000000000011 1.3260913947040187 1008.5500000000001 7.3350000000000009 37.343471940719304 34.87081523503457
decision_type=2 2 2 2 2 2 2 2 2 2 2 2 2 2 2 2 2 2 2 2 2 2 2 2 2 2 2 2 2 2 2
left_child=1 -1 3 4 5 -2 -4 21 9 16 11 12 -3 -10 -7 -13 18 19 -9 20 -18 -8 28 -24 -25 27 -27 -26 -23 30 -11
right_child=2 10 6 -5 -6 14 7 8 13 29 -12 15 -14 -15 -16 -17 17 -19 -20 -21 -22 22 23 24 25 26 -28 -29 -30 -31 -32
leaf_value=-0.043232192317504303 0.0014198901028481558 -0.00032152894667531021 -0.0043270069014578159 -0.036957357996623919 -0.025121506986047953 6.9921245699223645e-05 -0.0018481438801739008 0.014352806551901687 -0.017091707539180153 0.003908212338543506 -0.044455977939567001 -0.017552544158390339 -0.038909882508618696 0.0016537461816513756 -0.0060030691532822313 0.0038832520322956698 -4.9996614116474369e-05 0.0073353762583079508 -0.0045683758873097538 0.01892457143827854 -0.004066773401846544 -0.00033096743159525166 -0.0050699851364280363 0.025517006167380396 0.00060100741108100244 0.00972646598496083 -0.037589976144181539 0.017745346422679546 0.0027842918540946725 0.0016347319624212251 -0.0057921860795694131
leaf_weight=532.86311748623848 379.26632326841354 552.62262070178986 463.94369703531265 521.19900357723236 112.06211644411087 342.87077391147614 220.16729545593262 2178.2413038909435 258.20109957456589 1345.603404968977 155.15580654144287 114.97119298577309 509.26397478580475 102.51371175050735 119.95818522572517 776.21474814414978 247.50017106533051 317.28908303380013 157.79253008961678 94.771095275878906 250.84444463253021 267.58241710066795 92.856705099344254 220.15985977649689 88.754170954227448 156.67555624246597 91.906474590301514 313.68893733620644 198.47291734814644 252.69216346740723 779.7544960975647
leaf_count=786 470 837 514 1116 103 388 112 7082 230 4596 111 250 1098 257 83 1716 317 459 396 79 293 167 50 96 126 277 70 341 78 334 1511
internal_value=-3.63953e-05 -0.00157833 0.000380985 -0.000891985 0 0.000671003 0.000623026 0.000753201 0.00043016 0.000598969 -0.000909499 -0.000593686 -0.00164798 -0.00196294 -0.000878168 0.000574556 0.00109456 0 0.00150795 -0.00108644 -0.00187003 0.00187306 0.00221977 0.0030046 0.00344102 0.00243077 0 0.00380781 0.000415698 -4.45736e-05 -0.000318634
internal_weight=12215.9 2641.09 9574.77 1475.36 954.157 842.095 8099.41 7635.47 5985.2 5624.49 2108.23 1953.07 1061.89 360.715 462.829 891.186 3246.44 910.405 2336.03 593.116 498.345 1650.26 1430.1 964.042 871.185 651.025 248.582 402.443 466.055 2378.05 2125.36
internal_count=24343 4798 19545 2160 1044 941 17385 16871 15554 15067 4012 3901 1935 487 471 1966 8626 1148 7478 689 610 1317 1205 960 910 814 347 467 245 6441 6107
is_linear=0
shrinkage=0.0160995


Tree=138
num_leaves=32
num_cat=0
split_feature=37 12 27 10 21 58 10 51 64 48 21 24 51 23 66 47 58 0 47 34 23 50 40 11 23 59 24 31 48 59 34
split_gain=28.2415 20.3759 13.5053 11.0495 10.4248 9.46544 9.03731 7.89026 7.25762 8.69902 7.25577 10.7775 15.18 6.62683 6.36371 8.90526 5.86733 5.51841 5.12119 10.8719 4.98853 5.92268 10.2445 15.0866 5.11218 6.82631 5.83022 4.63117 4.5541 4.42885 4.41724
threshold=69.15000000000002 1.5000000000000002 25.225000000000005 0.63209755774300602 25.688891371253934 2977.6675000000009 0.67125374152323958 1.6921282642499909 1007.4500000000002 30.214166666666671 33.646225861296351 30.205000000000002 0.48783869690677611 25.688891371253934 3.1750000000000003 0.090184995056556569 10527.210000000001 2.9350000000000005 0.30199337741141935 66.850000000000009 23.191541961351707 25.977708333333339 29.701005378832111 0.8977101403255705 31.272453157978884 0.83450000000000013 29.815000000000001 85.750000000000014 27.443333333333339 0.9215000000000001 74.65000000000002
decision_type=2 2 2 2 2 2 2 2 2 2 2 2 2 2 2 2 2 2 2 2 2 2 2 2 2 2 2 2 2 2 2
left_child=5 4 13 16 29 -1 -5 -6 10 14 17 -12 -13 -3 15 -10 18 -8 19 -4 -21 -22 30 24 -24 -26 -27 -20 -15 -2 -23
right_child=1 2 3 6 7 -7 8 -9 9 -11 11 12 -14 28 -16 -17 -18 -19 27 20 21 22 23 -25 25 26 -28 -29 -30 -31 -32
leaf_value=0.0036789931865974343 0.00093254198380727409 0.0021821805085804565 0.010100227503172243 -0.019633574776102773 -0.022468602520832378 -0.04085244347951781 0.049442261653838561 -0.043561951437833306 0.0083400851487721202 -0.018591258483455959 -0.001046893001985348 0.01280226420310181 -0.00039320556361064658 -0.02145977863048612 -0.005688228295053323 -0.014498899004910892 6.266623390808222e-05 0.0050153143507083633 0.00060239783573578522 0.03733462060145102 -0.0029854958821981942 0.011770630854157809 0.026996130667619286 -0.01923320161625925 -0.0025543563174341326 0.0087263340175322036 0.025067105216482598 -0.0035438291814671118 0.0042953872120801281 -0.001287275564117648 0.018698315045884314
leaf_weight=246.460767775774 208.64220207929611 65.907034307718277 196.18828174471855 196.17969864606857 626.41378968954086 786.97336727380753 122.59124866127968 172.36095976829529 244.48584440350533 270.42268419265747 864.84231555461884 197.44123166799545 232.22536838054657 263.77713122963905 564.73567581176758 167.12613984942436 1285.3642841875553 147.60287728905678 913.31469866633415 122.98729929327965 318.58650147914886 187.15894985198975 402.98371121287346 200.20301511883736 334.89411574602127 1993.3061545491219 156.87140449881554 162.98431500792503 69.76702281832695 201.57320380210876 291.48810330033302
leaf_count=496 130 46 201 376 1165 1601 210 144 304 174 1333 127 180 343 1202 375 3824 451 906 53 162 170 1297 278 810 6970 237 136 183 101 358
internal_value=0 0.000240977 0.000486671 0.000614637 -0.00171544 -0.00253638 -0.000170917 -0.00279221 3.59817e-05 -0.00084868 0.000792265 0.000220928 0.00234139 -0.00236074 -5.28669e-05 0.00137441 0.000986543 0.00319977 0.00122384 0.00148012 0.00126974 0.00113851 0.00133532 0.000957559 0.0012748 0.000951606 0.00130177 0.000146968 -0.00336346 0.000193469 0.00358233
internal_weight=12215.9 11182.4 9973.44 9573.98 1208.99 1033.43 3007.65 798.775 2811.47 1246.77 1564.7 1294.51 429.667 399.451 976.348 411.612 6566.33 270.194 5280.97 4204.67 4008.48 3885.49 3566.91 3088.26 2888.06 2485.07 2150.18 1076.3 333.544 410.215 478.647
internal_count=24343 22246 20706 20134 1540 2097 4732 1309 4356 2055 2301 1640 307 572 1881 679 15402 661 11578 10536 10335 10282 10120 9592 9314 8017 7207 1042 526 231 528
is_linear=0
shrinkage=0.0160995


Tree=139
num_leaves=32
num_cat=0
split_feature=37 12 27 29 28 11 63 28 64 43 58 52 70 11 33 43 70 51 28 29 67 22 27 44 70 42 51 33 51 29 33
split_gain=26.0288 16.7388 13.6419 12.3039 11.6712 11.3741 10.5682 10.8828 9.82473 9.05572 8.38264 6.82192 7.2271 7.5633 14.7535 8.40571 6.89263 6.7638 6.67713 8.9407 7.58709 7.99919 11.6254 7.09444 6.44246 5.76889 5.59664 5.48673 5.37577 5.17705 5.15857
threshold=69.15000000000002 1.5000000000000002 25.225000000000005 26.495000000000001 24.585000000000004 0.91234096280339505 1010.0500000000001 28.995000000000001 1010.0500000000001 0.45666725517219459 2977.6675000000009 2153.3145000000004 -2.344479952906974 0.90515966073569365 72.350000000000009 0.9708460364876762 -4.4490987351350588 1.7213875724221583 29.855000000000004 29.545000000000005 0.32500000000000007 37.472986655778918 29.355000000000004 34.896980685050586 1.7165013005557681 35.963810490465285 0.61394210586856024 79.950000000000017 0.5933416786399407 29.755000000000006 84.15000000000002
decision_type=2 2 2 2 2 2 2 2 2 2 2 2 2 2 2 2 2 2 2 2 2 2 2 2 2 2 2 2 2 2 2
left_child=10 4 -3 9 -2 6 7 24 -7 -4 -1 12 16 -14 -15 -16 -11 -6 23 -20 -21 22 -22 29 25 -5 -24 -26 -23 -9 -12
right_child=1 2 3 5 17 8 -8 18 -10 11 30 -13 13 14 15 -17 -18 -19 19 20 21 28 26 -25 27 -27 -28 -29 -30 -31 -32
leaf_value=0.0036197633401952932 0.0003911575309735351 -0.013951421050032562 0.0070807143352018247 0.0069549987194552207 -0.020888904277892997 -0.021032078852813219 -0.017524464597382917 -3.5068101553748521e-05 0.00022473551789179552 -0.00034837878824721418 -0.043951919432394383 0.01941177231464556 -0.014909278526901451 -0.0017686382123215712 0.030897657850304783 -0.00036145771745220477 0.024783066609633 -0.031606173975865924 0.0092583874791684999 0.021943226422224137 0.0044034092735343042 0.0044675657751080252 -0.017810645431327952 -0.0025132325303912403 0.02814826368327885 0.022515979658830145 -0.0015784961348256268 0.0062929803576304367 -0.0055732112070807187 0.016474770843182329 0.0013424194330392057
leaf_weight=246.46079447865486 330.99853977560997 399.45117321610451 321.85807976126671 2834.514025747776 665.68735006451607 287.61596664786339 670.76062589883804 487.34069985151291 215.67210868000984 206.39113235473633 718.15672391653061 349.38262513279915 220.03190839290619 204.23030698299408 233.28891265392303 201.9663559794426 164.6306748688221 212.30428552627563 228.16113042831421 113.19183611869812 165.14003646373749 247.60501486063004 207.56010606884956 1218.3527961969376 272.46272397041321 95.496955513954163 109.68930920958519 291.69850394129753 108.06112378835678 118.88092705607414 68.816644310951233
leaf_count=496 167 572 420 9309 1217 360 1661 1802 165 103 1433 352 141 104 130 106 142 156 269 139 281 303 224 2156 623 145 80 824 117 178 168
internal_value=5.74441e-05 0.000290011 0.000512978 0.000641483 -0.00147953 0.000340832 0.000514255 0.000721113 -0.00195814 0.00180954 -0.00237447 0.00123082 0.000582503 -0.000143619 0.000644495 0.00241394 0.00246436 -0.00247446 0 0.000952736 0.00017217 -0.000273596 -0.00169736 -0.0005995 0.00133158 0.000984449 -0.00356489 0.00297645 0.00143224 0.000738047 -0.00318512
internal_weight=12215.9 11182.4 9973.44 9573.98 1208.99 7672.2 7168.92 6498.16 503.288 1901.78 1033.43 1579.92 1230.54 859.517 639.486 435.255 371.022 877.992 3003.98 1179.41 951.247 838.056 482.389 1824.57 3494.17 2930.01 317.249 564.161 355.666 606.222 786.973
internal_count=24343 22246 20706 20134 1540 18636 18111 16450 525 1498 2097 1078 726 481 340 236 245 1373 5549 1413 1144 1005 585 4136 10901 9454 304 1447 420 1980 1601
is_linear=0
shrinkage=0.0160995


Tree=140
num_leaves=32
num_cat=0
split_feature=55 11 12 0 24 10 10 10 11 37 22 66 24 22 11 10 11 10 65 10 23 8 63 10 10 63 11 20 63 10 22
split_gain=26.8679 23.1975 17.1726 9.28044 19.8488 9.12453 13.8036 8.5569 9.32489 9.30678 9.01359 8.00106 9.13267 10.4589 10.503 7.89825 6.86939 6.12652 5.97879 5.49283 6.537 5.15821 4.77337 7.11517 5.49314 4.73857 4.76573 4.48151 4.7643 4.38762 4.20984
threshold=207.25000000000003 0.87377473702374975 1.5000000000000002 7.7750000000000012 24.745000000000001 0.75548631800528565 0.85654306401281499 -0.52707282776374165 0.99370977118463066 79.350000000000009 29.685010421525593 2.6650000000000005 30.205000000000002 24.585881162536928 -0.78295110140207591 0.99817629101047833 -0.5488429582847193 0.99466160899732492 6.4150000000000009 -0.4673548892883575 36.896399830398188 0.91597561503675362 1007.0500000000001 0.67125374152323958 0.7025209685794126 1009.85 0.68389408864483059 34.657401944766598 1009.2500000000001 0.67125374152323958 26.845588761884141
decision_type=2 2 2 2 2 2 2 2 2 2 2 2 2 2 2 2 2 2 2 2 2 2 2 2 2 2 2 2 2 2 2
left_child=2 5 3 4 -1 22 16 10 11 -10 -4 15 13 18 -15 27 -7 -8 -13 -16 -21 -6 23 -2 29 -12 -27 28 -9 -24 -3
right_child=1 30 7 -5 21 6 17 8 9 -11 25 12 -14 14 19 -17 -18 -19 -20 20 -22 -23 24 -25 -26 26 -28 -29 -30 -31 -32
leaf_value=0.0013494887701766159 0.0032878470437889889 0.001274351985756337 0.038091719000955863 -0.014282407519861502 -0.023111771885173209 -0.0050967131172902748 0.0023477729306905178 0.0053663457096913818 0.0011012532858806971 0.032550746649422944 0.013993769478889155 0.018057464752486735 0.0046872235858986299 0.0053445116604797487 -0.009178942537915671 0.058318648900178946 -0.051660966477027011 -0.070142995291472249 6.6484567213889568e-05 -0.00045425518013457721 -0.0089285087021902989 0.001006729887975325 -0.0058622162526550271 0.011171446933911613 -0.077644212433397794 0.020303556631203156 -0.011128165672659788 -0.0048984106011348829 -0.0033783470226976847 0.01951697268706732 -0.043244316752796136
leaf_weight=218.54948845505714 775.01644125580788 61.665261298418045 282.89988315105438 176.01750376820564 665.53704026341438 208.90093803405762 410.74562072753906 308.87357306480408 247.98806947469711 210.02304464578629 1332.9307334721088 247.4388362467289 275.2652547955513 1014.1252679228783 188.85770559310913 105.01922869682312 210.52412939071655 63.352415084838867 333.14524281024933 2184.2006438076496 183.88789772987366 144.58916854858398 835.36434897780418 118.82848107814789 93.547049999237061 116.0700885951519 109.91234648227692 135.77266761660576 153.52705880999565 66.019529461860657 737.26443859934807
leaf_count=124 2453 71 566 88 1011 157 897 568 176 147 4530 112 185 3134 124 30 230 219 130 3259 245 199 2790 128 143 410 112 224 340 97 1444
internal_value=3.76494e-05 -0.00112699 0.000530211 -0.00122393 -0.000543448 -0.000398378 -0.0017454 0.000825836 0.000491655 0.0027045 0.00179355 0.000276818 4.65821e-06 -0.000166434 -0.000510212 0.00186852 -0.00386301 0 0.00180154 -0.0010736 -0.000816197 -0.00177281 0.000198556 0.00108047 -0.000514545 0.00123624 -0.000674552 0.000974631 0.00180388 -3.21854e-05 -0.00355203
internal_weight=12215.9 3581.23 8634.63 1204.69 1028.68 2782.3 893.523 7429.94 5588.12 458.011 1841.81 5130.11 4426.92 4151.66 3571.07 703.193 419.425 474.098 580.584 2556.95 2368.09 810.126 1888.78 893.845 994.931 1558.91 225.982 598.173 462.401 901.384 798.93
internal_count=24343 8629 15714 1422 1334 7114 1503 14292 8674 323 5618 8351 7189 7004 6762 1162 387 1116 242 3628 3504 1210 5611 2581 3030 5052 522 1132 908 2887 1515
is_linear=0
shrinkage=0.0160995


Tree=141
num_leaves=32
num_cat=0
split_feature=36 31 19 10 22 0 22 49 7 21 33 31 50 68 46 36 36 66 48 21 11 10 70 10 60 69 11 21 46 11 11
split_gain=30.9618 13.0866 10.6372 9.60218 11.4506 9.51013 9.50375 9.34781 9.98696 11.4891 9.54755 10.2445 8.70835 9.09126 7.65617 13.2139 7.49026 7.59839 7.34884 7.55162 7.02128 6.37552 5.681 6.81866 5.61401 5.48158 6.76671 8.75711 5.2355 5.16899 6.4132
threshold=74.050000000000011 71.750000000000014 37.343471940719304 -0.52707282776374165 29.685010421525593 7.8250000000000011 23.191541961351707 0.19182022789665157 0.60355339059327384 37.343471940719304 78.15000000000002 79.550000000000011 29.666875000000005 0.065000000000000016 23.870000000000001 78.750000000000014 82.250000000000014 2.6650000000000005 29.955833333333338 26.17116966100264 -0.70862667826445969 -0.47494667389482609 -0.71099396134791515 0.25118773779856129 0.70550000000000013 27.274276638594149 0.90515966073569365 35.661507461657983 30.395000000000003 0.98043284291745803 -0.86955717898714324
decision_type=2 2 2 2 2 2 2 2 2 2 2 2 2 2 2 2 2 2 2 2 2 2 2 2 2 2 2 2 2 2 2
left_child=1 20 5 4 -2 18 -5 10 9 21 22 -12 13 14 -10 -16 17 -15 19 -3 -1 -9 -8 -24 -6 -23 27 -27 -25 30 -19
right_child=3 2 -4 6 24 -7 7 8 12 -11 11 -13 -14 16 15 -17 -18 29 -20 -21 -22 25 23 28 -26 26 -28 -29 -30 -31 -32
leaf_value=0.01534580349987435 0.035747288515715639 0.029012247137578103 -0.040724999780208798 0.0080473814262370554 -0.0071182078680911256 -0.011021857234913996 -0.005027806105538774 -0.027686994145918156 -0.00027958079944870545 0.000985718522823997 -0.0077485739842912066 0.0024732762758564626 0.0082052611805446679 0.016173324734528576 -0.0018556405804125453 0.0087164574480486576 0.00070982289701460879 0.0029044652334227453 0.0042881869825721654 -0.0030992531237312789 -0.039918894033044272 3.9083562566463437e-05 -0.004478544863349504 0.020997564971971711 0.011546226649230371 0.00026772734956978706 -0.022561136621370419 -0.0051242542180271917 -0.0013031335044720329 -0.0022056079556965705 -0.013700364902720327
leaf_weight=66.465321063995361 274.56367778778076 74.408251762390137 140.11363744735718 382.69331434369087 302.25513485074043 127.14382490515709 95.932238161563873 161.87380743026733 323.85789942741394 224.78025054931641 300.55445790290833 1345.6364893019199 159.83338189125061 73.27517369389534 161.85939863324165 290.52691930532455 393.66676831245422 89.324648022651672 132.50838625431061 997.6831867992878 1102.7688447833061 366.79838269948959 123.28484016656876 472.48574876785278 1852.6655978858471 820.04619106650352 488.69410687685013 330.72295212745667 98.151207327842712 86.000204741954803 355.28515356779099
leaf_count=102 558 83 107 185 878 107 237 212 125 217 610 3350 199 124 142 173 465 348 104 2264 2031 300 369 563 6325 2374 675 553 99 52 412
internal_value=3.32956e-05 -0.00150169 -0.000424557 0.00046545 0.00134355 0 0.000155182 3.03233e-06 -0.000434059 -0.00113757 0.00081167 6.17771e-05 0.000395695 2.24878e-05 0.00136885 0.002737 -0.000946295 -0.00210136 0.000470286 0 -0.0027841 -0.00151934 0.0022666 0.002805 0.00089836 -0.00121204 -0.00162063 -0.00084568 0.00355472 -0.00284158 -0.00355171
internal_weight=12215.9 2641.09 1471.86 9574.77 2429.48 1331.74 7145.28 6762.59 4326.55 2392.92 2436.04 1646.19 1933.63 1773.8 776.244 452.386 997.552 603.885 1204.6 1072.09 1169.23 2168.14 789.854 693.922 2154.92 2006.26 1639.46 1150.77 570.637 530.61 444.61
internal_count=24343 4798 2665 19545 7761 2558 11784 11599 6371 4331 5228 3960 2040 1841 440 315 1401 936 2451 2347 2133 4114 1268 1031 7203 3902 3602 2927 662 812 760
is_linear=0
shrinkage=0.0160995


Tree=142
num_leaves=32
num_cat=0
split_feature=31 8 10 22 11 10 69 39 20 44 52 57 11 30 20 52 8 52 28 52 10 62 11 10 22 11 22 20 28 18 1
split_gain=25.253 13.3763 11.2191 12.3836 9.27881 10.6913 8.41074 9.82042 9.35092 8.40937 9.99461 7.77861 6.7526 6.1082 11.1179 5.18111 7.9043 5.16401 8.2396 7.48819 6.98676 6.78232 5.95612 5.27076 9.69562 7.62803 5.25568 11.6423 12.2125 9.54813 6.04475
threshold=70.850000000000009 0.60355339059327384 -0.52707282776374165 29.685010421525593 0.87377473702374975 0.7025209685794126 24.93981631901416 -0.83500000000000074 26.17116966100264 25.840765340381449 1761.8685000000003 329.41666666666691 0.1500498401600889 30.845000000000002 38.639247735234413 2398.5135000000005 0.60355339059327384 2128.3320000000008 28.995000000000001 1968.1230000000003 0.45972848220565493 1008.6500000000002 0.46735921715800216 -0.3896268414500369 28.28254765529293 -0.99049576193482802 37.472986655778918 36.072007088900087 29.755000000000006 37.343471940719304 6.0950000000000006
decision_type=2 2 2 2 2 2 2 2 2 2 2 2 2 2 2 2 2 2 2 2 2 2 2 2 2 2 2 2 2 2 2
left_child=1 4 3 -2 5 -1 7 -4 -8 -10 -11 -7 -5 14 17 16 -14 19 20 -12 23 -22 -21 -19 -25 -26 27 28 -20 30 -29
right_child=2 -3 6 12 -6 11 8 -9 9 10 13 -13 15 -15 -16 -17 -18 18 26 22 21 -23 -24 24 25 -27 -28 29 -30 -31 -32
leaf_value=0.021487525944347729 0.036902949994904719 0.0020194299905942157 -6.7238923003301931e-05 0.013684852992796023 -0.038877469216656163 0.0028610142058874202 -0.018344051588837552 0.018540946961878368 0.0014549616665651805 -0.029731810352150188 0.00020823516701859402 -0.083455356825028942 -0.010315286767905902 -0.019670040542637605 0.015179504329770119 -0.010467612833328126 0.01720684346817232 0.026847575372440313 -0.0057179413307457717 0.0051791038972467751 0.019851024699640465 0.0011342569849237766 -0.0074884016877081461 0.0055365313271696992 0.022100819967162337 -0.0083425073242477249 0.0049419006778484821 1.7589550358200962e-05 0.0039217098218207883 -0.0087220361312808983 -0.0076238260373265396
leaf_weight=231.23478245735168 290.30052936077118 168.44534873962402 312.31665045022964 1261.4808445870876 794.79084470868111 92.886144161224365 266.64911094307899 326.5991698205471 228.52347487211227 113.95758685469627 724.0389438867569 265.64908719062805 560.91684332489967 130.0209379196167 154.66408634185791 196.92173409461975 245.40768718719482 214.22340786457062 713.04436665773392 97.380361258983612 751.35374370217323 415.51073783636093 898.01688414812088 216.63215431571007 153.4550244808197 783.81238731741905 316.84389114379883 435.44807383418083 387.09429156780243 358.78051948547363 109.45974734425545
leaf_count=649 598 198 128 4790 1358 160 351 158 118 43 457 513 1813 148 143 447 564 670 1966 258 1877 1043 1025 233 583 1936 445 605 556 305 205
internal_value=2.1269e-05 -0.0018873 0.00030727 0.00123699 -0.00243641 -0.000724381 4.01402e-06 0.0017811 -0.000138038 -1.65442e-05 -0.00012782 -0.00255029 0.000788877 -3.6313e-05 1.95022e-05 -0.000124683 0.000364391 -6.99428e-05 0.000185227 -0.000835944 0.000831098 0.00174516 -0.00175355 0 -0.000382797 -0.00115289 -0.000486026 -0.00081623 0.000231573 -0.00217612 -0.000646845
internal_weight=12215.9 1553.01 10662.9 2555.03 1384.56 589.77 8107.83 638.916 7468.91 7202.26 6973.74 358.535 2264.73 6859.78 6729.76 1003.25 806.325 6575.09 4855.66 1719.44 2534.99 1166.86 995.397 1368.12 1153.9 937.267 2320.67 2003.83 1100.14 903.688 544.908
internal_count=24343 2878 21465 8212 2680 1322 13253 286 12967 12616 12498 673 7614 12455 12307 2824 2377 12164 10424 1740 6342 2920 1283 3422 2752 2519 4082 3637 2522 1115 810
is_linear=0
shrinkage=0.0160995


Tree=143
num_leaves=32
num_cat=0
split_feature=36 52 10 23 29 37 64 25 19 52 37 52 10 68 65 45 19 26 23 2 45 10 22 0 21 64 10 21 0 22 19
split_gain=25.3043 14.0232 10.8742 13.6822 9.57407 9.94067 9.07968 9.61997 8.74397 8.01127 7.84369 7.10515 6.46249 13.5818 12.4105 10.6244 11.4822 10.33 6.21563 5.92331 5.72417 5.3817 5.34262 9.69899 5.3298 5.0847 4.89831 4.73327 6.11461 4.89177 4.4874
threshold=72.750000000000014 1747.8315 -0.52707282776374165 30.905860904460493 23.835000000000004 80.950000000000017 1004.7500000000001 29.875000000000004 37.981890485710146 2128.3320000000008 86.350000000000009 2366.4080000000004 -0.47494667389482609 0.43500000000000005 5.1850000000000014 1.0178879944257828 34.475457990024552 28.915000000000003 28.168465690381542 30.050000000000004 1.4556567026390754 -0.50495637864893983 28.28254765529293 8.0050000000000008 37.343471940719304 1010.6500000000002 -0.98211651112579568 24.585881162536928 4.8250000000000011 27.660822055351623 36.809153949733833
decision_type=2 2 2 2 2 2 2 2 2 2 2 2 2 2 2 2 2 2 2 2 2 2 2 2 2 2 2 2 2 2 2
left_child=1 -1 3 -2 5 -4 7 30 9 18 12 -11 13 -8 15 16 17 -14 20 -18 -3 -15 23 -16 -21 -24 -5 -17 -29 -30 -6
right_child=2 8 4 26 6 -7 10 -9 -10 11 -12 -13 14 21 22 27 19 -19 -20 24 -22 -23 25 -25 -26 -27 -28 28 29 -31 -32
leaf_value=-0.05008536945357793 0.029460943566471637 0.0010586360034912784 -0.00012221437844297142 0.025682167614462247 0.0060632398072298036 0.0092081743242519512 -0.03926246590861085 0.014664831111710457 -0.051488737228925337 0.0039648165834783164 0.0074433358523616436 -0.0099982663037458935 0.0027185066167148171 -0.0035143878873242834 0.0092039558229187659 -0.061785080040606004 4.2934638325027302e-05 0.028638890242694753 -0.029201984044510479 -0.011383993129564406 -0.0022707628786018254 0.0055202298843705592 0.001153574747461282 -0.005677088406402824 0.00013657247235611991 -0.00094266854449714097 0.002327355960366294 -0.0092068233749278364 0.012817448302267827 -0.013243655394305364 -0.0059473031739989517
leaf_weight=315.35024186968803 488.31048250198364 90.241470366716385 354.24862995743752 357.35235238075256 410.29913225769997 363.59330004453659 138.50469702482224 274.64600384235382 90.488072872161865 596.71123597025871 362.00648435950279 81.417699784040451 598.52683001756668 132.30669355392456 395.08415758609772 74.941196829080582 584.6813777089119 183.27371153235435 763.91280499100685 452.94711661338806 222.85547861456871 66.966695606708527 990.75443887710571 168.48508608341217 143.74347496032715 207.65101516246796 1654.7795307636261 1404.3559158444405 77.006823003292084 88.856598436832428 81.560648441314697
leaf_count=468 1255 123 197 1385 1219 136 74 241 67 1259 627 136 1758 151 264 25 1025 206 1638 702 244 179 2493 77 161 183 5348 2356 55 155 136
internal_value=0 -0.00158303 0.000335875 0.00125602 2.02884e-05 0.00179358 -0.000155008 0.00147139 -0.000987131 -0.000677711 -0.000374283 0.000608145 -0.000531361 -0.00271927 -0.000377195 -0.000927432 -8.3898e-05 0.00138114 -0.00156081 -0.0011222 0.000117111 0 0.000703886 0.00199586 -0.00224599 2.57186e-05 0.000618295 -0.00188318 -0.00161559 0.000986853 0
internal_weight=12215.9 2160.98 10054.9 2500.44 7554.44 717.842 6836.6 766.506 1845.63 1755.14 6070.09 678.129 5708.09 337.778 5370.31 3608.33 1963.17 781.801 1077.01 1181.37 313.097 199.273 1761.97 563.569 596.691 1198.41 2012.13 1645.16 1570.22 165.863 491.86
internal_count=24343 3935 20408 7988 12420 333 12087 1596 3467 3400 10491 1395 9864 404 9460 6443 3852 1964 2005 1888 367 330 3017 341 863 2676 6733 2591 2566 210 1355
is_linear=0
shrinkage=0.0160995


Tree=144
num_leaves=32
num_cat=0
split_feature=36 52 12 48 63 55 54 3 50 37 10 48 23 63 66 50 42 10 10 69 32 10 0 65 42 24 50 61 10 45 10
split_gain=27.0433 14.1691 9.54902 9.39181 10.4042 8.54932 8.36978 9.235 9.48598 7.01164 6.97625 6.9441 7.43904 6.23976 6.14398 6.73689 5.82274 5.52126 7.27893 9.16496 5.37564 5.21626 6.93984 7.68289 6.66239 7.37265 6.77915 4.9854 6.09821 8.20388 4.90258
threshold=72.750000000000014 1747.8315 2.5000000000000004 27.019166666666671 1007.5500000000001 483.25000000000006 3.9500000000000006 0.58250000000000013 25.341458333333339 82.15000000000002 -0.3896268414500369 25.022500000000001 25.688891371253934 1006.1500000000002 2.2650000000000001 28.417708333333337 29.706292386647494 0.88203985695844977 0.7025209685794126 31.693620767243871 82.250000000000014 -0.89391031859722869 4.9450000000000012 6.035000000000001 29.641225395613233 29.935000000000006 29.512291666666673 0.95050000000000001 0.89001933454452098 2.2732048838084382 -0.50495637864893983
decision_type=2 2 2 2 2 2 2 2 2 2 2 2 2 2 2 2 2 2 2 2 2 2 2 2 2 2 2 2 2 2 2
left_child=1 -1 3 9 -5 -3 14 11 -9 20 30 -8 -13 -12 15 16 -4 18 19 -7 -2 -16 27 24 -24 26 -26 28 29 -23 -10
right_child=2 5 6 4 -6 17 7 8 10 -11 13 12 -14 -15 21 -17 -18 -19 -20 -21 -22 22 23 -25 25 -27 -28 -29 -30 -31 -32
leaf_value=-0.049279021469423499 -0.0035962209426576093 -6.1513159529446096e-05 0.0028341008892351716 0.020076178293242798 -0.041718318326569692 -0.041177758778730256 0.014991042895027709 -0.018085505057936352 0.0023816816135110953 0.0012225661582147076 0.00061538192499831646 -0.04948792251045192 0.00085544523031064721 -0.010713604501628348 0.025505569242304727 0.023310447855885 -0.0046721719988532988 0.0053610558352807751 -0.051087258154111775 0.014878064714710589 0.0016373389811291717 -0.0056999464097512685 0.014220548459836566 0.00034759834675637119 0.0054975253204645105 0.022769399169463581 -0.0070059334494848987 0.0031613018177336894 0.0069801735840706617 0.00095171738663150116 0.019838732316648674
leaf_weight=315.35026773810387 378.27945789694786 1037.1688793897629 67.839758157730103 119.43183234333992 616.57277953624725 318.99819755554199 315.23173642158508 116.53423893451691 962.86756718158722 305.84437245130539 555.20679411292076 61.57176399230957 968.19146656990051 708.73743703961372 464.40974307060242 250.69365450739861 168.97243109345436 121.064657330513 186.20558023452759 182.18944320082664 168.83475682139397 506.0829690694809 270.19225963950157 1311.4072158336639 409.48390227556229 130.10281032323837 88.18647164106369 591.08747434616089 213.51569157838821 180.22431090474129 125.3794766664505
leaf_count=468 313 1849 53 213 1279 662 188 77 3299 313 1408 32 1876 1442 1600 548 437 255 190 511 221 771 173 2211 1068 86 133 1466 663 169 369
internal_value=5.6438e-05 -0.0015684 0.000414023 -0.000706538 -0.00205252 -0.000970008 0.000633996 5.24644e-05 -0.000509971 0.000364966 -0.00024839 0.00114286 0.000408242 -0.00108497 0.00109313 0.00287114 0.000510803 -0.00220731 -0.00278659 -0.00153007 -0.000613305 0.000863592 0.000631188 0.00120827 0.00236993 0.00126532 0.000191509 -0.000171215 -0.000968584 -0.00175564 0.000650268
internal_weight=12215.9 2160.98 10054.9 1588.96 736.005 1845.63 8465.92 3813.72 2468.73 852.959 2352.19 1344.99 1029.76 1263.94 4652.2 487.506 236.812 808.458 687.393 501.188 547.114 4164.69 3700.28 2209.37 897.965 627.773 497.67 1490.91 899.823 686.307 1088.25
internal_count=24343 3935 20408 2339 1492 3467 18069 8691 6595 847 6518 2096 1908 2850 9378 1038 490 1618 1363 1173 534 8340 6740 3671 1460 1287 1201 3069 1603 940 3668
is_linear=0
shrinkage=0.0160995


Tree=145
num_leaves=32
num_cat=0
split_feature=32 51 69 8 20 64 2 4 44 23 45 52 51 11 11 34 43 20 24 11 8 60 11 45 51 12 64 64 45 8 20
split_gain=22.3546 15.1168 13.4363 9.90621 9.04379 8.73062 7.75754 5.95237 8.24916 7.14485 6.61159 5.54544 6.6732 5.54263 10.4755 5.9842 5.05078 5.0395 12.0714 7.01596 5.08836 4.99438 4.76206 4.65043 9.92611 4.58906 5.11918 6.80439 6.85512 4.54097 4.52472
threshold=75.250000000000014 1.0775957448854607 27.274276638594149 0.60355339059327384 28.717802334578039 1008.6500000000002 37.95000000000001 1005.35 36.546397108854045 36.518191977041518 0.60321616990688065 1747.8315 0.37712465719662347 0.87377473702374975 0.94415253529446119 64.350000000000009 0.39828982855680389 36.072007088900087 29.605000000000004 -0.65187484896379921 0.60355339059327384 0.80150000000000021 0.78298010367706283 0.78246734210628388 0.5708101920241001 8.5000000000000018 1012.2500000000001 1009.9500000000002 2.5170062455462254 0.98296291314453421 35.334277499572103
decision_type=2 2 2 2 2 2 2 2 2 2 2 2 2 2 2 2 2 2 2 2 2 2 2 2 2 2 2 2 2 2 2
left_child=1 3 4 5 -3 23 7 9 29 -2 -10 -8 30 15 -15 -4 -5 18 20 -19 -14 -20 -17 -1 -25 -22 27 28 -27 -9 -13
right_child=6 2 13 16 -6 -7 11 8 10 -11 -12 12 17 14 -16 22 -18 19 21 -21 25 -23 -24 24 -26 26 -28 -29 -30 -31 -32
leaf_value=0.0088424244290791314 0.020403413513328996 -0.00077452823785953146 0.046810661653574573 0.011411348284901372 -0.003810476653598043 -0.023712082467030798 -0.007844131863500579 0.001219268292823035 0.0016743765731439234 -0.0058095858252580979 -0.0048131275339240963 -0.0011031707449018118 -0.0055186915949625307 -0.048349967248822796 -0.019485447767431961 -0.060768985036769307 -0.00088949897749590146 0.0039925326890263308 0.004247833517682746 -0.0063825244532580792 -0.00043647435271669218 0.00062751619024540141 0.031717299389806178 -0.0080966590424150706 0.0086845038327039714 0.0090783504492889869 -0.0037342182920932342 0.012575230974205539 -0.026484829415935388 0.0097419081129942308 -0.0088536615758545156
leaf_weight=378.26373746991158 620.03116524219513 180.61559250950813 81.082354813814163 176.34025540947914 177.61403292417526 641.39217776060104 102.64623594284058 3323.6050724983215 92.426184237003326 65.293596982955933 195.07652848958969 593.45048946142197 1083.4615032970905 321.65537244081497 559.63944816589355 260.64096635580063 92.946600288152695 170.95605182647705 224.15755334496498 155.01041007041931 520.39280033111572 73.376508593559265 49.314021348953247 187.06631001830101 254.3566475212574 369.94229647517204 95.205550849437714 181.24709320068359 81.074993938207626 540.28133320808411 367.29651284217834
leaf_count=566 1830 134 215 226 97 1397 58 7225 128 148 217 2043 3033 347 870 675 123 318 282 193 1068 141 144 305 687 574 34 103 52 605 505
internal_value=1.11458e-05 -0.0010993 -0.00221045 -3.7499e-06 0.000347048 -0.000574021 0.000441921 0.000877269 0.000620003 0.00230854 -0.00191409 -6.24966e-05 1.55842e-05 -0.00299227 -0.00374399 -0.00107727 0.00276503 0.000414639 0.000669932 -0.00138668 0.000240908 0.00372435 -0.00223205 0.0004484 -0.000538107 0.000963775 0.00179331 0.00236348 0.0010565 0.000830798 -0.00112578
internal_weight=12215.9 3360.93 1630.56 1730.37 358.23 1461.08 8854.93 4836.71 4151.39 685.325 287.503 4018.22 3915.57 1272.33 881.295 391.037 269.287 2954.82 2628.86 325.966 2331.32 297.534 309.955 819.687 441.423 1247.86 727.47 632.264 451.017 3863.89 960.747
internal_count=24343 5786 2482 3304 231 2955 18557 10153 8175 1978 345 8404 8346 2251 1217 1034 349 5798 5287 511 4864 423 819 1558 992 1831 763 729 626 7830 2548
is_linear=0
shrinkage=0.0160995


Tree=146
num_leaves=32
num_cat=0
split_feature=36 31 11 63 31 42 70 59 51 29 33 7 49 36 54 27 11 11 29 44 29 11 24 60 48 64 51 11 58 27 50
split_gain=24.1537 10.1941 11.1543 10.5491 9.21806 9.15243 8.58731 8.61022 6.8664 9.28844 6.59538 11.94 15.9098 8.04011 8.55988 6.37588 5.87657 5.81156 7.87544 15.759 15.6356 10.5831 5.69387 4.88306 4.57494 4.51655 5.48982 4.51405 5.55267 4.38424 4.17288
threshold=72.750000000000014 81.250000000000014 0.99370977118463066 1009.2500000000001 71.750000000000014 38.298100430116023 -1.635920337706535 0.10650000000000001 0.65040552963976317 24.925000000000004 76.450000000000017 0.25881904510252057 0.40836666497935509 81.15000000000002 4.3500000000000005 29.585000000000004 0.3090169943749474 0.96897393274411414 23.505000000000006 27.699133827257569 26.335000000000004 0.93225468035816128 29.955000000000002 0.70050000000000001 25.877500000000001 1010.1500000000002 0.37173883909254329 -0.70862667826445969 8756.2440000000024 28.745000000000001 29.908125000000002
decision_type=2 2 2 2 2 2 2 2 2 2 2 2 2 2 2 2 2 2 2 2 2 2 2 2 2 2 2 2 2 2 2
left_child=4 3 17 10 27 22 7 -5 -8 23 11 13 -13 14 16 -15 -2 18 -3 -20 29 25 -6 -10 -19 26 -22 -1 -29 -21 -12
right_child=1 2 -4 6 5 -7 8 -9 9 -11 30 12 -14 15 -16 -17 -18 24 19 20 21 -23 -24 -25 -26 -27 -28 28 -30 -31 -32
leaf_value=0.014147630108123851 0.014928209252179327 0.017745387339091336 0.034435647697500765 0.005434732335622687 -0.0020751784129722887 -0.050713811420248209 0.00061741351114864883 -0.000700803073619186 0.0026930151611238421 -0.022650088318217666 -0.001247818244102625 0.013776434915774608 -0.0011059661909783517 3.793084725686544e-05 -0.0035524443978503461 -0.0028224618753278996 -0.0024704527311960223 -0.040971834887846496 -0.0091744917363716892 0.032739781827852206 0.00020272252046252086 -0.021024716260476681 0.0027431598576263022 -0.0037031466939844277 9.8491085930296044e-05 -0.0019607819818391447 0.013463494676257778 -0.012796118625686458 -0.060328343141163358 -0.00023385317505846177 0.0037879965470934132
leaf_weight=60.685819149017334 294.64883148670197 129.67193216085434 246.44062805175781 181.045130610466 874.07411953806877 62.882876396179199 274.05472326278687 507.29780054092407 175.72651192545891 765.34876775741577 1747.6182406246662 296.01884242892265 135.07994201779366 265.39236822724342 310.36686933040619 135.14156305789948 118.3781610429287 150.74622586369514 214.74477934837341 246.26776188611984 1011.080877751112 80.169678211212158 202.78594940900803 175.78525453805923 156.44173189997673 256.30682802200317 1777.3051481842995 346.2409408390522 614.30730295181274 109.87661468982697 293.92717665433884
leaf_count=83 417 41 210 148 1815 38 714 527 114 1262 4457 337 101 759 660 169 279 78 122 249 3300 34 149 95 126 522 5199 661 1189 109 379
internal_value=2.10919e-05 0.000359525 0.000944308 -7.78508e-05 -0.00151469 -0.0004313 -0.0010016 0.000374522 -0.00173929 -0.00230918 0.000434394 0.00122871 0.00351322 0.000273392 0.00134345 -0.00145599 0.00288399 0.000720549 0.000904419 0.000739411 0.00101934 0.000622571 0 0 -0.00129609 0.000799595 0.00100324 -0.00264015 -0.00293187 0.00423877 -0.000132527
internal_weight=12215.9 10054.9 4379.05 5675.83 2160.98 1139.74 2079.26 688.343 1390.92 1116.86 3596.57 1555.03 431.099 1123.93 723.394 400.534 413.027 4132.61 3825.42 3695.75 3481.01 3124.86 1076.86 351.512 307.188 3044.69 2788.39 1021.23 960.548 356.144 2041.55
internal_count=24343 20408 9990 10418 3935 2002 2860 675 2185 1471 7558 2722 438 2284 1356 928 696 9780 9576 9535 9413 9055 1964 209 204 9021 8499 1933 1850 358 4836
is_linear=0
shrinkage=0.0160995


Tree=147
num_leaves=32
num_cat=0
split_feature=36 52 12 37 22 20 20 24 19 70 27 51 61 22 65 19 52 23 52 65 37 33 22 50 23 51 51 28 10 10 33
split_gain=22.8042 14.6267 11.4733 11.072 10.4511 11.0571 11.6502 9.22381 9.10862 9.10424 9.59684 10.8918 9.07657 7.47315 8.17632 10.9762 7.00927 7.1831 7.10515 6.74967 6.34242 8.45353 7.44569 11.6698 9.35672 5.87429 5.80769 8.6363 5.76324 7.97727 5.28722
threshold=72.750000000000014 1747.8315 2.5000000000000004 85.15000000000002 39.132552495877256 38.639247735234413 35.975297788453979 24.585000000000004 37.981890485710146 3.1503851548803845 25.935000000000006 0.37456980154580682 0.35550000000000004 37.472986655778918 5.2650000000000006 36.073361161770009 2128.3320000000008 28.168465690381542 2366.4080000000004 8.2750000000000004 80.350000000000009 71.15000000000002 23.191541961351707 26.063541666666669 31.0306712898517 0.5776889708962466 1.6921282642499909 26.695000000000004 0.76665171983724034 0.41327478071396911 66.550000000000011
decision_type=2 2 2 2 2 2 2 2 2 2 2 2 2 2 2 2 2 2 2 2 2 2 2 2 2 2 2 2 2 2 2
left_child=1 -1 3 7 5 6 9 -2 16 10 12 -12 -4 14 15 25 17 -3 -18 -14 21 -13 -22 -24 -25 -8 27 -9 29 -29 -19
right_child=2 8 4 -5 -6 -7 13 26 -10 -11 11 20 19 -15 -16 -17 18 30 -20 -21 22 -23 23 24 -26 -27 -28 28 -30 -31 -32
leaf_value=-0.047673837060180933 0.00067125490229982127 0.00020722115099818891 0.012988951126701393 0.0095749994386504986 -0.0069245224115837651 0.0088824361345848871 0.0077691775981662903 0.00048732619841610793 -0.048443530798436052 -0.0052011199094970512 -0.00057974443038505755 -0.0043018092103679836 -0.019589156874821441 0.0045371234731706308 0.0013086185337518074 -0.0067359339809363889 0.0039040157966158486 0.010607239956548177 -0.008596136719311389 3.6529100262944498e-06 0.024299051372569845 0.004232953484771246 -0.00090351348047455369 0.017497035632975631 0.012651666957647469 -0.0021748778129349277 -0.030556939236279855 -0.051092692704203843 -0.017265380443473127 0.0004118072683983588 -0.035143063042338399
leaf_weight=315.35024365782738 276.75001290440559 313.09695363044739 156.25770401954651 218.87030231952667 79.838014602661133 167.1696310043335 162.36317229270935 283.75767400860786 90.488074779510498 482.49774783849716 1299.0312791466713 233.3908300101757 247.74589937925339 261.95260047912598 327.04823911190033 525.19672870635986 596.71123561263084 134.83949825167656 81.417699784040451 101.54724127054214 148.16611608862877 1539.7501166462898 391.63010483980179 695.73846238851547 1480.2934109568596 166.30190867185593 164.81921315193176 185.68895190954208 147.95267516374588 311.12435457110405 629.07330065965652
leaf_count=468 147 367 209 307 79 136 277 409 67 827 4450 321 325 354 720 635 1259 350 136 45 54 3648 174 1152 4450 213 157 376 119 824 1288
internal_value=-5.62729e-06 -0.00151108 0.000310368 -0.000924968 0.000551963 0.0006166 0.000521189 -0.00149846 -0.000905091 0.000806665 0.000977412 0.00117 -0.00106316 -0.000762851 -0.00134559 -0.00219545 -0.00059145 -0.0014204 0.000608145 -0.00259847 0.00154651 0.000723631 0.00205272 0.00179899 0.00226736 0 -0.00218509 -0.00155233 -0.00260363 -0.00152227 -0.00227885
internal_weight=12215.9 2160.98 10054.9 1588.96 8465.92 8386.08 8218.91 1370.09 1845.63 6776.05 6293.55 5788 505.551 1442.86 1180.91 853.862 1755.14 1077.01 678.129 349.293 4488.97 1773.14 2715.83 2567.66 2176.03 328.665 1093.34 928.524 644.766 496.813 763.913
internal_count=24343 3935 20408 2339 18069 17990 17854 2032 3467 15655 14828 14249 579 2199 1845 1125 3400 2005 1395 370 9799 3969 5830 5776 5602 490 1885 1728 1319 1200 1638
is_linear=0
shrinkage=0.0160995


Tree=148
num_leaves=32
num_cat=0
split_feature=36 49 9 47 17 51 64 51 29 63 66 23 50 0 63 44 22 66 66 22 51 25 0 17 3 7 51 66 3 22 51
split_gain=26.7317 7.32076 6.94476 7.20228 8.89195 7.75921 7.18173 6.22264 5.99342 7.50877 6.75631 5.72316 9.41968 5.67954 5.44705 6.01464 5.78942 5.81837 5.62919 5.4094 5.38164 5.46287 7.27767 5.34369 4.71533 4.35329 4.00665 6.53087 4.00628 6.19997 11.3271
threshold=74.050000000000011 1.177755629495272 -0.12940952255126037 0.3134219732777826 25.455931119106872 1.3260913947040187 1010.5500000000001 1.4137486138978612 26.335000000000004 1009.2500000000001 2.3050000000000002 28.047475512659325 27.004791666666669 7.7750000000000012 1004.4500000000002 36.14409665396979 37.609383897090616 5.3750000000000009 4.3450000000000006 28.996192960053701 0.5933416786399407 30.365000000000006 3.4350000000000005 35.935689155028065 0.5545000000000001 -1.0000000180025095e-35 0.55631128532594498 4.5750000000000011 0.61550000000000005 29.481354055386717 0.60201036814975784
decision_type=2 2 2 2 2 2 2 2 2 2 2 2 2 2 2 2 2 2 2 2 2 2 2 2 2 2 2 2 2 2 2
left_child=1 11 28 4 -4 8 7 -5 -6 10 -10 13 -13 -1 -12 23 17 18 -17 24 21 22 -14 -16 -8 -7 -11 -28 29 -2 -31
right_child=2 -3 3 6 5 25 19 -9 9 26 14 12 20 -15 15 16 -18 -19 -20 -21 -22 -23 -24 -25 -26 -27 27 -29 -30 30 -32
leaf_value=0.002948130592829762 0.0040255419720638596 -0.037335868845167 0.011262124353098094 0.00031823208702118767 0.0090854059833729104 -0.028561185248128798 0.014639236084319997 -0.0071164266733025634 0.01452320601844387 0.015923155602408881 0.018794842280728218 -0.042814643071127798 -0.015599761321166616 -0.0075488210048366066 0.0048425290020046811 -0.00095197267756802766 0.0044640781825725211 -0.0011014758418718437 -0.005550417107396172 -0.00092652830960979324 -0.00013235209897661192 -0.046951160379214721 0.0043876222629914662 0.010274361670470843 0.00014889669982781837 0.00024635354165238526 -0.021644671593005989 0.010410117114131753 -0.0028637513710008384 0.002574191546216915 -0.011054669707458048
leaf_weight=403.51586318016052 540.83224219083786 219.74223327636719 313.42143908143044 277.85862466692924 272.71021094918251 221.21608352661133 183.9456849694252 282.01406073570251 374.48956799507141 144.73170664906502 466.5655098259449 427.64046853780746 206.44482877850533 79.687670350074768 1771.3715554475784 93.974020838737488 129.81560897827148 106.19489359855652 163.98643204569817 140.27949249744415 915.90872344374657 141.77438545227051 246.37728571891785 171.78670769929886 301.84708723425865 201.50726187229156 288.00822675228119 51.741963982582092 2052.6730155944824 567.08165991306305 456.71488207578659
leaf_count=566 409 368 158 489 413 317 109 209 830 471 1208 645 410 41 5420 155 161 156 178 151 2066 102 600 265 195 166 587 93 5412 1129 864
internal_value=3.63986e-06 -0.00142257 0.000405773 0.000745626 0.00102883 0.000819667 -0.000326175 -0.00169254 0.0010478 0.000850293 0.00113802 -0.00111842 -0.001517 0.00031518 0.000835684 0.000487386 -0.00101956 -0.00215326 -0.00349665 0.000771085 -0.000845776 -0.00203552 -0.000930244 0.000912725 0.0016615 -0.00116108 -0.000926788 -0.0019631 -0.000132004 0.000452194 -0.000216387
internal_weight=12215.9 2641.09 9574.77 5957.47 4771.52 4458.1 1185.94 559.873 4035.38 3762.67 3278.18 2421.35 1938.15 483.204 2903.69 2437.13 493.971 364.155 257.96 626.072 1510.51 594.596 452.822 1943.16 485.793 422.723 484.482 339.75 3617.3 1564.63 1023.8
internal_count=24343 4798 19545 11731 10578 10420 1153 698 9937 9524 8373 4430 3823 607 7543 6335 650 489 333 455 3178 1112 1010 5685 304 483 1151 680 7814 2402 1993
is_linear=0
shrinkage=0.0160995


Tree=149
num_leaves=32
num_cat=0
split_feature=31 10 22 69 11 10 57 22 20 69 50 70 20 19 22 11 43 4 22 11 11 0 50 11 68 59 31 63 31 50 70
split_gain=24.6595 11.0842 12.7443 10.5144 9.49048 9.35255 8.80358 8.67644 11.016 8.31987 7.81568 11.7075 10.2418 6.44258 6.54073 6.29225 6.15639 5.38786 5.37198 5.2681 6.68145 16.4391 8.99873 9.8892 7.58172 7.5086 7.35118 7.32349 7.24431 9.10055 8.23572
threshold=70.65000000000002 -0.52707282776374165 29.685010421525593 24.414882487732932 0.87377473702374975 0.7025209685794126 342.3000000000003 39.132552495877256 38.639247735234413 27.414867087810823 24.911041666666669 -3.3054555974182001 26.17116966100264 37.343471940719304 37.609383897090616 0.1500498401600889 0.44270111754323666 1009.85 37.472986655778918 0.99962961997441069 0.91586428826728705 4.9250000000000007 25.341458333333339 0.78827585631460517 0.055000000000000007 0.36250000000000004 74.450000000000017 1009.7500000000001 77.550000000000011 29.489375000000003 0.49616117646777985
decision_type=2 2 2 2 2 2 2 2 2 2 2 2 2 2 2 2 2 2 2 2 2 2 2 2 2 2 2 2 2 2 2
left_child=4 2 -2 -3 5 -1 17 8 10 -6 -5 -12 -13 14 19 -4 18 -7 -15 20 22 -22 -14 27 -23 -26 -25 28 30 -30 -24
right_child=1 3 15 7 9 6 -8 -9 -10 -11 11 12 13 16 -16 -17 -18 -19 -20 -21 21 24 23 26 25 -27 -28 -29 29 -31 -32
leaf_value=0.023746407072891582 0.034995391063340722 0.010406892488344041 0.012699750419451589 0.00094539761645750706 0.002433478272025562 0.0080585005520728836 -0.083012722989657645 -0.005805358075318295 0.014473001142477956 -0.037084334188265053 -0.0036005239973496929 -0.030078209022730531 -0.036493751253745092 -0.0080559415349514586 0.011665275360835749 -0.00074874308880099548 0.00054678202447663914 -0.064908965657564779 0.0001344164426956624 0.021429180152127067 -0.017080160756489767 0.0027830340296382326 -0.00081831691462128141 -0.0047586229423791501 0.0051933038404337467 -0.013028275963220804 0.038014354883939221 -0.034405220230129784 0.002514314159266195 -0.0025870143340507644 0.0038721131169878161
leaf_weight=241.12400233745575 290.55054068565369 467.80714139342308 1263.4808288514614 341.40257054567337 103.38219645619392 63.805076271295547 247.98700189590454 84.596455574035645 154.72266435623169 770.64534470438957 419.14694499969482 172.76858952641487 57.683214604854584 330.59463593363762 150.16851830482483 1007.1060875952244 113.53002116084099 67.483527898788452 121.66216111183167 115.99971199035645 872.144321590662 533.43740972876549 358.87540704011917 79.543901026248932 140.77459767460823 190.40818133950233 288.39993295073509 328.31534752249718 1841.2959095835686 476.56972435116768 520.44742885231972
leaf_count=673 599 192 4798 251 77 54 488 75 131 1340 362 220 18 297 225 2837 187 157 161 114 1135 283 933 169 92 144 857 717 5467 602 688
internal_value=-2.59837e-05 0.00023762 0.00116209 -4.30886e-05 -0.00196681 -0.000294202 -0.00197319 -0.000195616 -0.000126611 -0.003057 -0.000225921 -0.000350222 -0.000173291 -5.72715e-05 8.63674e-05 0.000710122 -0.00170091 0.000918893 -0.00260077 0 -7.06398e-05 -0.000912974 0.000279842 0.000395013 0.000585622 -0.00117804 0.00290315 0.000107985 0.000365368 -7.45102e-05 0.00161135
internal_weight=12215.9 10721.4 2561.14 8160.29 1494.43 620.4 379.276 7692.49 7607.89 874.028 7453.17 7111.77 6692.62 6519.85 5954.06 2270.59 565.787 131.289 452.257 5803.9 5687.9 1736.76 3951.13 3893.45 864.62 331.183 367.944 3525.5 3197.19 2317.87 879.323
internal_count=24343 21554 8234 13320 2789 1372 699 13128 13053 1417 12922 12671 12309 12089 11444 7635 645 211 458 11219 11105 1654 9451 9433 519 236 1026 8407 7690 6069 1621
is_linear=0
shrinkage=0.0160995


Tree=150
num_leaves=32
num_cat=0
split_feature=31 10 22 19 22 20 37 28 52 10 42 42 45 55 42 22 25 10 65 10 19 70 69 65 63 45 57 10 59 63 26
split_gain=23.9024 10.7096 12.6239 9.77095 9.30813 10.1185 9.49069 9.12426 11.5731 8.17397 14.143 10.632 11.0645 7.76466 7.47046 14.2115 10.622 8.00807 7.55352 10.1189 7.74157 6.62574 6.47687 6.26882 5.88441 5.76957 5.68243 5.44352 5.40007 5.16547 4.94959
threshold=70.65000000000002 -0.52707282776374165 29.685010421525593 27.506593327520463 39.132552495877256 38.639247735234413 86.450000000000017 23.065000000000001 1747.8315 -0.47494667389482609 30.460621893751274 26.774224240805079 2.8096844524831148 487.85000000000008 37.411278242170773 37.343471940719304 29.895000000000003 -0.36571913681022022 3.1450000000000005 0.99906486341235867 32.305071542908038 0.015404727668411057 24.93981631901416 7.8250000000000011 1011.35 1.5707509272691649 254.86666666666687 0.84753307444029569 0.9255000000000001 1010.85 26.975000000000005
decision_type=2 2 2 2 2 2 2 2 2 2 2 2 2 2 2 2 2 2 2 2 2 2 2 2 2 2 2 2 2 2 2
left_child=3 2 -2 -1 5 6 7 -3 -9 10 -10 22 14 25 16 -16 17 -13 19 -19 21 -20 -11 30 -24 -5 -18 -22 -28 -4 -8
right_child=1 4 29 13 -6 -7 23 8 9 11 -12 12 -14 -15 15 -17 26 18 20 -21 27 -23 24 -25 -26 -27 28 -29 -30 -31 -32
leaf_value=-0.02842231352502856 0.034431983758044162 0.0015465264106883187 0.0090058448279249116 0.0051974197370245907 -0.005711894877733859 0.014239993471311298 0.022852332226705893 -0.01376680664009783 -0.016151058449418415 0.031560935309581366 0.025259018148261595 0.020531260580329589 -0.022811036820801382 -0.04075147591757617 -0.0079262451328276466 0.0039266897349294642 0.0090630582517112254 2.4116757938168832e-05 -0.0003539443555527561 0.035343713189502989 0.0010320050673904074 -0.0074567389904370406 0.0069216742169090455 -0.003220019521020405 -0.00030127797091051574 -0.015022667276291939 0.007900090889849094 -0.0053476878460771479 -0.019231525777107163 -0.021284149448834722 0.0047388107865660931
leaf_weight=414.56438979506493 290.55053281784058 351.79565972089767 2114.8818162083626 315.68198105692863 84.596440315246582 154.72266054153442 144.42539519071579 117.64210054278374 258.48170664906502 193.17540818452835 100.45627090334892 231.64820051193237 250.91591650247574 498.55748668313026 403.13819345831871 185.99801254272461 148.69867411255836 1125.4734375178814 547.64156928658485 118.82332515716553 1385.0262656211853 625.40142542123795 319.19972276687622 93.167805433273315 383.88599398732185 265.62333971261978 162.17765653133392 477.28257876634598 79.317299425601959 155.7051128745079 217.20301961898804
leaf_count=619 599 168 7241 626 75 131 108 57 104 93 369 706 287 1123 338 225 144 2201 1036 36 3986 707 178 83 289 421 248 1155 107 394 489
internal_value=-1.85888e-05 0.000240856 0.0011494 -0.00192965 -3.48498e-05 1.20212e-05 -5.85108e-05 -0.000206268 -0.000341662 -0.000244128 -0.00260837 -0.000102942 -0.000368984 -0.00101613 -0.000201318 -0.00190876 0 -0.00021604 -0.000391014 0.00062805 -0.000835351 -0.0018644 0.00150725 0.00217576 0.000643715 0.000121641 0.00254144 -0.000142009 0.000601887 0.000699453 0.00318997
internal_weight=12215.9 10721.4 2561.14 1494.43 8160.29 8075.7 7920.98 7466.18 7114.38 6996.74 358.938 6637.8 5741.54 1079.86 5490.63 589.136 4901.49 4511.3 4279.65 1244.3 3035.35 1173.04 896.261 454.796 703.086 581.305 390.194 1862.31 241.495 2270.59 361.628
internal_count=24343 21554 8234 2789 13320 13245 13114 12434 12266 12209 473 11736 11176 2170 10889 563 10326 9827 9121 2237 6884 1743 560 680 467 1047 499 5141 355 7635 597
is_linear=0
shrinkage=0.0160995


Tree=151
num_leaves=32
num_cat=0
split_feature=36 52 22 55 11 31 69 63 34 66 17 39 69 11 61 50 51 11 50 52 39 11 23 11 61 11 51 11 51 50 11
split_gain=22.7977 13.6827 9.61519 8.13424 9.86456 7.97325 10.7876 9.86985 13.6322 10.9364 8.2098 7.86107 7.61028 8.96849 7.28741 8.41231 6.50564 6.4263 6.32693 8.05482 5.52031 5.37603 16.5159 8.52545 11.6428 8.33738 9.22478 6.49673 5.96043 8.30713 9.30095
threshold=72.750000000000014 1747.8315 39.132552495877256 483.25000000000006 -0.70862667826445969 80.450000000000017 24.414882487732932 1009.2500000000001 77.750000000000014 2.6950000000000007 38.176575959122083 -0.51500000000000046 35.662323557327774 0.91586428826728705 0.010500000000000001 25.099791666666672 0.7528508011419891 0.91234096280339505 29.453125000000004 2377.9215000000004 0.22499999999999967 0.84750952922804634 29.626311727954391 0.43665123195606398 0.93450000000000022 0.97690230611205509 1.4990283651646161 0.96897393274411414 1.3972713432762642 26.287500000000005 0.92589048012183106
decision_type=2 2 2 2 2 2 2 2 2 2 2 2 2 2 2 2 2 2 2 2 2 2 2 2 2 2 2 2 2 2 2
left_child=1 -1 5 -3 -5 7 -7 8 9 11 18 -2 13 -6 -9 17 -17 -16 21 -20 -11 22 -8 -24 -25 27 -27 28 29 -23 -31
right_child=2 3 -4 4 12 6 10 14 -10 20 -12 -13 -14 -15 15 16 -18 -19 19 -21 -22 25 23 24 -26 26 -28 -29 -30 30 -32
leaf_value=-0.047886471164063658 -0.0001410184387393359 -7.7916824887765222e-05 -0.0066784496461732741 0.018922428421020421 0.0035809985406551554 0.01571231709774688 0.040935350278984518 0.0050872766542183791 -0.0020061557791486882 -7.9188462884216432e-05 0.027500925736877388 0.014025292955899863 -0.046010072035785825 -0.042060257205851992 -0.0026753377551581555 0.0001784904129458027 -0.010865073590963965 0.0083982073296776632 0.0020951311286248543 -0.0036906934001957087 0.011080766249312387 -0.010967970656925107 0.010350132378691389 -0.014537352805471136 0.010690124815768335 0.019286752637064874 -0.00065787192961490131 -0.029810995412703743 0.00083934334456918448 0.032557447243431056 -0.015078442273855613
leaf_weight=315.35024246573448 91.386080771684647 1037.1688754558563 79.838014602661133 96.998312950134277 262.08921632170677 354.30693608522415 316.3653282225132 109.79884749650955 1783.2946401536465 700.21217015385628 116.52899992465973 314.56900209188461 158.79681658744812 290.5735387802124 170.74913880228996 345.20813602209091 1064.7946755588055 195.54431509971619 106.12719023227692 311.73806810379028 157.06090089678764 111.30186367034912 2075.8211776018143 377.62491926550865 312.85532438755035 169.77775001525879 249.64010238647461 119.6361026763916 177.06674456596375 103.26705637574196 140.36891013383865
leaf_count=468 126 1849 79 202 768 145 660 107 4467 1200 88 407 94 554 86 860 1409 163 115 538 230 41 7357 691 797 182 143 81 91 268 77
internal_value=2.71112e-05 -0.0014646 0.000356059 -0.000876693 -0.00208501 0.000408836 0.000859559 -3.59767e-05 0.000513499 0.00180161 0.000632589 0.00400933 -0.00279449 -0.00167506 -0.000965215 -0.0012472 -0.00182903 0.000772063 0.000503491 -0.00131229 0.000651294 0.000706353 0.00105237 0.000617437 -0.000864363 -0.000215202 0.00145706 -0.00141576 -0.000470999 -0.00178427 0
internal_weight=12215.9 2160.98 10054.9 1845.63 808.458 9975.04 5042.43 4932.62 3046.52 1263.23 4688.12 405.955 711.46 552.663 1886.1 1776.3 1410 366.293 4571.59 417.865 857.273 4153.73 3082.67 2766.3 690.48 1071.06 419.418 651.641 532.005 354.938 243.636
internal_count=24343 3935 20408 3467 1618 20329 11274 9055 6430 1963 11129 533 1416 1322 2625 2518 2269 249 11041 653 1430 10388 9505 8845 1488 883 325 558 477 386 345
is_linear=0
shrinkage=0.0160995


Tree=152
num_leaves=32
num_cat=0
split_feature=37 57 69 29 39 38 3 10 22 47 64 33 64 34 0 10 50 3 29 64 50 50 64 66 63 10 69 28 17 37 10
split_gain=22.7798 11.5288 12.5428 8.2887 8.44571 8.21395 7.81128 7.47808 7.89375 10.1815 9.30024 7.01251 6.41318 6.46916 7.22906 6.26062 6.00804 5.94929 5.9237 5.13542 5.03756 7.89839 6.07656 5.99066 10.9666 7.42993 4.94526 4.4371 9.75924 6.19357 9.28841
threshold=69.15000000000002 5.1333333333335522 31.324231805219092 26.445000000000004 -0.43000000000000144 0.094463536158677655 0.42850000000000005 -0.52707282776374165 23.191541961351707 0.4289131796449816 1013.35 84.15000000000002 1009.0500000000001 77.550000000000011 3.2050000000000005 -0.24284747324344261 27.437708333333337 0.029500000000000002 29.325000000000003 1007.35 26.223333333333336 26.816875000000003 1010.35 2.9650000000000003 1007.6500000000002 -0.37371625404731884 27.414867087810823 29.285000000000004 35.042273032345129 76.350000000000009 0.75548631800528565
decision_type=2 2 2 2 2 2 2 2 2 2 2 2 2 2 2 2 2 2 2 2 2 2 2 2 2 2 2 2 2 2 2
left_child=5 7 3 4 -3 -1 15 16 -9 10 17 -7 13 14 -4 -6 -2 -10 -14 -5 22 -22 -19 24 -23 -25 -27 28 -15 -29 -31
right_child=1 2 12 19 6 11 -8 8 9 -11 -12 -13 18 27 -16 -17 -18 20 -20 -21 21 23 -24 25 -26 26 -28 29 -30 30 -32
leaf_value=-0.00015227046136493755 0.033222234825263625 -0.0057043072274445246 0.0038063187110372351 0.0075957979387396134 0.019415393817413355 -0.041383109288586795 -0.0025926927485614188 0.0071421629960546316 0.0044093075861008028 -0.001440980916395325 0.0065636640278268323 0.006036876978220195 -0.00027127247593684698 0.00011467503742196976 0.00038249967953101497 0.00090399951281769516 0.011357278767059787 -0.0054128065729943473 -0.037777141096666252 -0.020910616058539225 0.0097613055081420038 0.023904801870686335 -0.0008373817296052047 0.039392300766230182 -0.00010811129775650363 -0.0092740371208532933 -0.00089136026671804414 0.00070247848886972777 0.017717293024891161 -0.00032369362378015075 -0.010546616715288434
leaf_weight=341.98521599173546 227.24012327194214 209.33594438433647 238.79233449697495 144.21256285905838 145.64734008908272 625.09497493505478 199.73706272244453 359.69570955634117 271.77373713254929 384.01516366004944 161.64797803759575 66.353928864002228 415.8870924115181 1347.8848064243793 619.79287672042847 176.88545405864716 801.88343143463135 226.06274217367172 207.20178353786469 891.61497259140015 208.21097156405449 157.91043418645859 312.13132810592651 85.461955219507217 390.81749582290649 169.10882899165154 1024.8448115289211 537.94799277186394 434.22142422199249 545.00503292679787 287.45388716459274
leaf_count=745 471 228 321 353 89 1192 204 163 223 242 116 160 1342 4766 1191 161 2399 80 377 1716 167 220 177 287 620 99 2567 815 1193 1321 338
internal_value=4.95398e-05 0.000267533 -0.000168786 -0.00132885 0 -0.00222513 0.00107941 0.000868212 0.00050536 0.000237636 0.000574631 -0.00323291 0.000257042 0.000507502 0.00175251 0.00269782 0.00210736 0.000328178 -0.00122141 -0.00225302 5.56096e-05 0.000451436 -0.0012876 6.54762e-05 0.00150479 -0.000491792 -0.000878891 0.000141512 0.00069024 -0.000513725 -0.00141589
internal_weight=12215.9 11182.4 6401.62 1767.43 731.606 1033.43 522.27 4780.8 3751.68 3391.99 3007.97 691.449 4634.19 4011.1 858.585 322.533 1029.12 2846.32 623.089 1035.83 2574.55 2036.35 538.194 1828.14 548.728 1279.42 1193.95 3152.51 1782.11 1370.41 832.459
internal_count=24343 22246 14415 2751 682 2097 454 7831 4961 4798 4556 1352 11664 9945 1512 250 2870 4440 1719 2069 4217 3960 257 3793 840 2953 2666 8433 5959 2474 1659
is_linear=0
shrinkage=0.0160995


Tree=153
num_leaves=32
num_cat=0
split_feature=36 31 12 64 69 52 34 69 66 45 34 30 10 3 30 52 10 60 34 3 33 64 45 69 30 12 36 60 31 26 64
split_gain=23.5202 12.2345 9.29339 9.15261 13.4031 8.8192 9.64595 8.2649 7.53293 9.63566 15.0919 8.77872 7.47533 9.17171 8.538 7.06331 6.86008 6.16101 5.92201 5.99267 10.2443 7.51387 8.06453 6.6967 5.89626 7.00444 5.55297 5.4967 5.40377 5.32069 6.8501
threshold=70.950000000000017 81.250000000000014 1.5000000000000002 1011.5500000000001 26.578126322532327 1805.7320000000002 72.350000000000009 27.274276638594149 3.3450000000000002 0.79424885069585105 77.550000000000011 22.355000000000004 -0.52707282776374165 0.083500000000000019 26.335000000000004 2138.7825000000007 0.99466160899732492 0.76850000000000007 82.850000000000009 0.28450000000000003 72.350000000000009 1006.85 0.46763543337500341 35.824476397491232 30.645000000000003 11.500000000000002 85.050000000000011 0.42850000000000005 75.250000000000014 28.815000000000001 1005.85
decision_type=2 2 2 2 2 2 2 2 2 2 2 2 2 2 2 2 2 2 2 2 2 2 2 2 2 2 2 2 2 2 2
left_child=5 2 7 12 -5 -1 -7 17 9 10 -4 -10 14 -14 -3 -15 18 -2 19 20 28 23 -23 -21 25 -24 -17 -22 -13 -11 -31
right_child=1 3 8 4 -6 6 -8 -9 11 29 -12 16 13 15 -16 26 -18 -19 -20 21 27 22 24 -25 -26 -27 -28 -29 -30 30 -32
leaf_value=-0.051421777037649545 -0.008958368582726561 0.050273304842590169 0.022196737683721563 0.044270474802211933 -0.0006725624499018749 0.0033012610346949546 -0.014577923793152049 -0.014872961306430217 0.039800723204954189 0.0032807386918575578 0.00012297724859746566 0.0022316428242553938 0.0050326835244490359 -0.0057655870268256623 0.011395129332854527 -0.00022815701953234619 -0.046636046670214155 0.00044657705921280911 -0.011440395848770451 -0.00063396141966954808 0.0065348736365059557 -0.0069140432386866433 0.0037741481134505824 0.0076994839264943448 -0.049421778828949325 -0.0028906998958892496 0.014975139637366465 -0.00089736264690228236 -0.0085401983067732758 0.0031137486884277787 -0.0063171175230528178
leaf_weight=368.27115362882614 147.07848593592644 122.30549150705338 256.51276290416718 247.45823356509209 142.5755894780159 309.71515738964081 939.20853173732758 573.68685474991798 64.535905122756958 487.37709891796112 456.37738594412804 114.05798500776291 228.10139751434326 424.6095344722271 1390.7582537531853 1505.9654143452644 76.764880180358887 126.46269372105598 780.12312158942223 560.37665593624115 414.75210577249527 104.13376766443253 537.04492571949959 268.41094934940338 66.793295830488205 415.1423864364624 378.86015826463699 131.27100560069084 94.328990370035172 63.6866375207901 419.11258792877197
leaf_count=628 156 202 322 136 199 558 1752 771 38 1089 928 152 245 183 4612 3733 265 74 2091 1563 440 133 1335 293 39 335 832 157 84 110 888
internal_value=7.08047e-05 0.000353185 -9.96016e-05 0.000998694 0.00340284 -0.00172726 -0.000989209 -0.00166937 0.000136673 0.00103551 0.00245175 -0.000258872 0.000744757 0.000174326 0.00164606 -9.83155e-05 -0.000388851 0.000384033 -0.000257244 7.15385e-05 0.0013109 -0.00036799 -0.00125158 0.000733402 -0.000715175 -0.000292175 0.000288408 0.00252259 -0.00147541 0 -0.00120369
internal_weight=12215.9 10598.7 6158.03 4440.63 390.034 1617.19 1248.92 847.228 5310.8 1683.07 712.89 3627.74 4050.6 2537.54 1513.06 2309.44 3563.2 273.541 3486.44 2706.31 754.41 1951.9 1123.11 828.788 1018.98 952.187 1884.83 546.023 208.387 970.176 482.799
internal_count=24343 21405 11263 10142 335 2938 2310 1001 10262 3337 1250 6925 9807 4993 4814 4748 6887 230 6622 4531 833 3698 1842 1856 1709 1670 4565 597 236 2087 998
is_linear=0
shrinkage=0.0160995


Tree=154
num_leaves=32
num_cat=0
split_feature=57 52 22 69 51 61 35 10 35 26 51 68 67 61 28 46 28 50 25 69 46 69 69 25 67 50 41 46 36 69 10
split_gain=23.5903 18.1244 10.228 11.8892 7.92226 5.89103 8.89061 5.6752 9.03976 6.62402 9.62169 6.66181 7.63877 5.47773 5.24882 10.5938 10.3981 8.40175 7.50652 4.98482 4.95225 6.01898 5.95285 5.80749 4.66356 5.20026 4.56646 4.8844 4.63019 4.04693 3.96502
threshold=5.1333333333335522 2135.1285000000003 27.185866168971572 31.95808976459924 2.1845124870997297 0.93250000000000022 70.550000000000011 -0.012910176522261644 86.550000000000011 26.975000000000005 1.1205626498592018 0.16500000000000004 0.015000000000000001 0.024500000000000004 29.285000000000004 29.621666666666673 29.855000000000004 29.489375000000003 30.815000000000001 35.510985088607107 23.870000000000001 24.414882487732932 26.869750944255699 26.255000000000006 1.655 29.704791666666669 0.393361588275706 26.685000000000006 84.15000000000002 35.510985088607107 -0.97109105924028405
decision_type=2 2 2 2 2 2 2 2 2 2 2 2 2 2 2 2 2 2 2 2 2 2 2 2 2 2 2 2 2 2 2
left_child=4 2 5 -4 7 6 -2 8 13 11 -11 12 -9 -1 15 30 17 -16 24 -19 -15 -22 23 -23 25 -18 27 -10 -28 -17 -3
right_child=1 14 3 -5 -6 -7 -8 9 26 10 -12 -13 -14 20 16 29 18 19 -20 -21 21 22 -24 -25 -26 -27 28 -29 -30 -31 -32
leaf_value=0.0072338203620313799 -0.012646729229912878 0.019769875522010098 -0.031137665119150369 -2.0310485989958716e-05 -0.0070865546472208638 -0.0033397881894551068 0.012228350464336056 7.075251458656649e-05 0.036506533676102897 0.0012772936436760904 -0.019804864811954738 -0.0048896594504662374 0.0055702328140928648 -0.00032832253190127989 -0.0021299749371987047 0.0033752364014806063 -0.001338176481463468 -0.004994757484848328 -0.025477818192384483 -0.0077933134806890915 0.021875384863241865 -0.00088913332191002735 0.014834752748565109 0.00069147019330111862 0.00027936247561802176 0.014925447280936897 -0.0004662996901385896 5.8240886486561761e-05 -0.013036235964430673 0.013889970482428959 -1.8409006716210615e-05
leaf_weight=177.34644705057144 116.11442214250565 310.15733933448792 1349.3683770000935 631.39236888289452 92.70367431640625 177.46763852238655 283.38858297467232 186.35867482423782 55.123525023460388 1245.3816912472248 316.38173231482506 149.7277452647686 178.5022674202919 238.78448241949081 615.72590106725693 103.23129868507385 92.804591566324234 123.06713509559631 152.34290242195129 248.25591349601746 144.37521013617516 309.78874775767326 1079.5905314087868 194.85276535153389 581.39167878031731 202.81353986263275 105.78038534522057 194.27071630954742 191.89897847175598 124.92938977479935 2242.5407435894012
leaf_count=84 107 1127 2522 1486 88 135 244 128 45 2647 411 190 130 90 1671 253 181 227 112 165 61 129 2949 158 802 215 93 558 207 81 7047
internal_value=0.000100924 -0.000466829 -0.0015624 -0.0021155 0.000976175 0.000199725 0.00140404 0.0010806 0.00157889 0.000394566 -7.98404e-05 0.00197992 0.00318189 0.00205276 0.000101313 0.000568229 -0.000502848 -0.00170188 0.000571218 -0.00363461 0.00173838 0.00204376 0.00167453 6.0767e-05 0.00120854 0.00287277 -0.000134637 0.00129451 -0.00159899 0.00388935 0.00023523
internal_weight=12215.9 7354.99 2557.73 1980.76 4860.87 576.971 399.503 4768.16 2691.81 2076.35 1561.76 514.589 364.861 2144.74 4797.26 2780.86 2016.4 987.049 1029.35 371.323 1967.39 1728.61 1584.23 504.642 877.01 295.618 547.074 249.394 297.679 228.161 2552.7
internal_count=24343 16375 4494 4008 7968 486 351 7880 4374 3506 3058 448 258 3471 11881 8508 3373 2063 1310 392 3387 3297 3236 287 1198 396 903 603 300 334 8174
is_linear=0
shrinkage=0.0160995


end of trees

feature_importances:
doy_sin=451
doy_cos=352
temp_c_roll24h_std=189
_hi_clim=173
pressure_hpa_lag6h=145
rh_lag72h=131
heat_index_c_roll24h_std=127
temp_c_roll24h_mean=126
month=123
hi_residual_lag1h=110
rh_lag1h=109
rh_lag24h=106
pressure_hpa_lag3h=105
temp_c_lag48h=104
temp_x_rh=98
temp_c_lag12h=97
temp_c_lag72h=97
heat_index_c_lag12h=93
heat_index_c_lag48h=93
heat_index_c_roll24h_mean=91
hour_sin=90
heat_index_c_lag72h=87
rh_lag48h=82
pressure_hpa=81
temp_c_lag24h=76
wind_ms=66
pressure_hpa_lag1h=65
heat_index_c_lag24h=61
wind_ms_lag1h=61
cloud_cover_lag6h=60
solar_wm2_roll6h_mean=56
temp_x_solar=55
precip_mm_lag3h=55
wind_ms_lag3h=54
solar_wm2_lag1h=50
solar_wm2_lag3h=50
rh_lag3h=49
rh_lag6h=49
rh_lag12h=47
temp_c_lag6h=43
cloud_cover_lag3h=43
heat_index_c_lag6h=42
local_hour_sin=39
heat_index_c_lag1h=35
heat_index_c_roll6h_mean=34
temp_c_roll6h_std=33
temp_c_lag1h=32
cloud_cover=31
temp_c_lag3h=29
hour_cos=25
local_hour_cos=25
heat_index_c_lag3h=25
temp_change_3h=25
heat_index_c_roll6h_std=25
cloud_cover_lag1h=25
precip_mm_lag1h=25
solar_wm2=24
temp_c_roll6h_mean=23
temp_c_roll3h_std=22
temp_c_roll3h_mean=19
hi_change_3h=15
heat_index_c_roll3h_std=15
precip_mm=12
heat_index_c_roll3h_mean=11
solar_wm2_lag6h=11
temp_x_evening=3

parameters:
[boosting: gbdt]
[objective: quantile]
[metric: quantile]
[tree_learner: serial]
[device_type: gpu]
[data_sample_strategy: bagging]
[data: ]
[valid: ]
[num_iterations: 2000]
[learning_rate: 0.0160995]
[num_leaves: 32]
[num_threads: 0]
[seed: 123]
[deterministic: 0]
[force_col_wise: 1]
[force_row_wise: 0]
[histogram_pool_size: -1]
[max_depth: -1]
[min_data_in_leaf: 100]
[min_sum_hessian_in_leaf: 0.001]
[bagging_fraction: 0.600907]
[pos_bagging_fraction: 1]
[neg_bagging_fraction: 1]
[bagging_freq: 0]
[bagging_seed: 19053]
[bagging_by_query: 0]
[feature_fraction: 0.502012]
[feature_fraction_bynode: 1]
[feature_fraction_seed: 13104]
[extra_trees: 0]
[extra_seed: 3265]
[early_stopping_round: 0]
[early_stopping_min_delta: 0]
[first_metric_only: 0]
[max_delta_step: 0]
[lambda_l1: 4.97349]
[lambda_l2: 3.43826]
[linear_lambda: 0]
[min_gain_to_split: 0]
[drop_rate: 0.1]
[max_drop: 50]
[skip_drop: 0.5]
[xgboost_dart_mode: 0]
[uniform_drop: 0]
[drop_seed: 23075]
[top_rate: 0.2]
[other_rate: 0.1]
[min_data_per_group: 100]
[max_cat_threshold: 32]
[cat_l2: 10]
[cat_smooth: 10]
[max_cat_to_onehot: 4]
[top_k: 20]
[monotone_constraints: ]
[monotone_constraints_method: basic]
[monotone_penalty: 0]
[feature_contri: ]
[forcedsplits_filename: ]
[refit_decay_rate: 0.9]
[cegb_tradeoff: 1]
[cegb_penalty_split: 0]
[cegb_penalty_feature_lazy: ]
[cegb_penalty_feature_coupled: ]
[path_smooth: 0]
[interaction_constraints: ]
[verbosity: -1]
[saved_feature_importance_type: 0]
[use_quantized_grad: 0]
[num_grad_quant_bins: 4]
[quant_train_renew_leaf: 0]
[stochastic_rounding: 1]
[linear_tree: 0]
[max_bin: 255]
[max_bin_by_feature: ]
[min_data_in_bin: 3]
[bin_construct_sample_cnt: 200000]
[data_random_seed: 440]
[is_enable_sparse: 1]
[enable_bundle: 1]
[use_missing: 1]
[zero_as_missing: 0]
[feature_pre_filter: 1]
[pre_partition: 0]
[two_round: 0]
[header: 0]
[label_column: ]
[weight_column: ]
[group_column: ]
[ignore_column: ]
[categorical_feature: ]
[forcedbins_filename: ]
[precise_float_parser: 0]
[parser_config_file: ]
[objective_seed: 32363]
[num_class: 1]
[is_unbalance: 0]
[scale_pos_weight: 1]
[sigmoid: 1]
[boost_from_average: 1]
[reg_sqrt: 0]
[alpha: 0.5]
[fair_c: 1]
[poisson_max_delta_step: 0.7]
[tweedie_variance_power: 1.5]
[lambdarank_truncation_level: 30]
[lambdarank_norm: 1]
[label_gain: ]
[lambdarank_position_bias_regularization: 0]
[eval_at: ]
[multi_error_top_k: 1]
[auc_mu_weights: ]
[num_machines: 1]
[local_listen_port: 12400]
[time_out: 120]
[machine_list_filename: ]
[machines: ]
[gpu_platform_id: -1]
[gpu_device_id: -1]
[gpu_use_dp: 0]
[num_gpu: 1]

end of parameters

pandas_categorical:[]
