{
  "train_loss_history": [
    0.09749954234690572,
    0.04045695417593357,
    0.03663946296014179,
    0.03517759129909388,
    0.034490146416446134,
    0.033983057988097295,
    0.03363972498006614,
    0.03336463669744331,
    0.033169259401014346,
    0.033060600953982645
  ],
  "val_loss_history": [
    0.044230503433800396,
    0.03699934003881017,
    0.036037265116495076,
    0.033962030821947105,
    0.03433373593327942,
    0.03332160923744428,
    0.032543746779955696,
    0.03211416374675853,
    0.03179120678619923,
    0.0329729632407732
  ],
  "best_val_metric": 1.3396589075580858,
  "epochs_trained": 10,
  "timestamp": "2026-04-08T16:02:00.233855Z"
}