tree
version=v4
num_class=1
num_tree_per_iteration=1
label_index=0
max_feature_idx=63
objective=quantile
feature_names=wind_ms precip_mm solar_wm2 cloud_cover pressure_hpa hour_sin hour_cos local_hour_sin local_hour_cos doy_sin doy_cos month station_enc lat lon elevation_m heat_index_c_lag1h heat_index_c_lag3h heat_index_c_lag6h heat_index_c_lag12h heat_index_c_lag24h temp_c_lag1h temp_c_lag3h temp_c_lag6h temp_c_lag12h temp_c_lag24h rh_lag1h rh_lag3h rh_lag6h rh_lag12h rh_lag24h hi_change_3h temp_change_3h heat_index_c_roll3h_mean heat_index_c_roll3h_std heat_index_c_roll6h_mean heat_index_c_roll6h_std heat_index_c_roll24h_mean heat_index_c_roll24h_std temp_c_roll3h_mean temp_c_roll3h_std temp_c_roll6h_mean temp_c_roll6h_std temp_c_roll24h_mean temp_c_roll24h_std temp_x_rh temp_x_evening solar_wm2_lag1h solar_wm2_lag3h solar_wm2_lag6h solar_wm2_roll6h_mean temp_x_solar cloud_cover_lag1h cloud_cover_lag3h cloud_cover_lag6h pressure_hpa_lag1h pressure_hpa_lag3h pressure_hpa_lag6h wind_ms_lag1h wind_ms_lag3h precip_mm_lag1h precip_mm_lag3h _hi_clim hi_residual_lag1h
feature_infos=[0.01:2.3500000000000001] [0:180.94] [0:1014.1] [0:1] [914.70000000000005:936.60000000000002] [-1:1] [-1:1] [-1:1] [-1:1] [-0.99999073973619013:0.99999073973619013] [-0.99996295911626554:1] [1:12] none none none none [13.129102429018628:39.510211582493213] [13.129102429018628:39.510211582493213] [13.129102429018628:39.510211582493213] [13.129102429018628:39.510211582493213] [13.129102429018628:39.510211582493213] [8.9000000000000004:40.060000000000002] [8.9000000000000004:40.060000000000002] [8.9000000000000004:40.060000000000002] [8.9000000000000004:40.060000000000002] [8.9000000000000004:40.060000000000002] [12.6:100] [12.6:100] [12.6:100] [12.6:100] [12.6:100] [-9.3188645356207225:12.877242282757292] [-9.8900000000000041:13.979999999999997] [13.135674854714784:39.310212248443428] [0.0031154328732641433:5.4097025032759101] [13.146296633792799:38.749571945413585] [0.014577552790519588:6.6303889586823237] [17.452247251761055:32.296352054729844] [0.65927517582456219:7.172065285411259] [9.096666666666664:39.879999999999995] [0.010000000000554761:5.0423142834748074] [9.461666666666666:39.199999999999996] [0.027141603905328743:7.1511101702229158] [14.393750000000002:32.380833333333335] [0.7234817936875616:7.1997194867860097] [445.41000000000003:2454.7200000000003] [0:39.770000000000003] [0:1014.1] [0:1014.1] [0:1014.1] [0:887.73333333333312] [0:35915.688000000002] [0:1] [0:1] [0:1] [914.70000000000005:936.60000000000002] [914.70000000000005:936.60000000000002] [914.70000000000005:936.60000000000002] [0.01:2.3500000000000001] [0.01:2.3500000000000001] [0:180.94] [0:180.94] [15.406005722558952:34.813675084352731] [-9.6718217320024618:14.446810327538397]
tree_sizes=1223 1299 1306 1305 1215 1391 1389 1286 1470 1399 1216 1569 1568 1568 1656 1565 1908 1753 1633 1754 1763 1651 1754 1729 1762 1766 1661 1833 1664 1915 1755 1718 1678 2184 1918 2018 1935 2021 2170 2020 2278 2119 2112 2123 2107 2202 2222 2240 2396 2136 2217 2281 2678 2285 2458 2719 2651 2407 2485 2439 2410 2756 2591 2573 2490 2701 2555 2842 3030 2934 2805

Tree=0
num_leaves=13
num_cat=0
split_feature=21 21 47 47 21 21 25 3 30 21 25 10
split_gain=322.185 35.0036 29.2286 7.27782 3.20244 2.83795 2.23004 1.12102 0.731483 0.458188 0.114889 0.103294
threshold=16.995000000000001 18.605000000000004 1.0000000180025095e-35 1.0000000180025095e-35 18.105000000000004 15.785000000000002 18.785000000000004 0.041500000000000009 85.950000000000017 19.725000000000005 20.095000000000002 0.86527520261780289
decision_type=2 2 2 2 2 2 2 2 2 2 2 2
left_child=2 3 5 4 8 -1 7 -3 -2 10 -8 -7
right_child=1 6 -4 -5 -6 11 9 -9 -10 -11 -12 -13
leaf_value=16.819264078685901 17.040396062328057 17.058192160449011 16.969509504168119 17.095317196433776 17.052316893441152 16.981047151047026 17.054488195047234 17.100638932759335 17.006038403050702 17.254120065746147 17.107578656754711 16.950819295431621
leaf_weight=282 115 97 110 97 127 102 106 134 119 11109 104 109
leaf_count=282 115 97 110 97 127 102 106 134 119 10745 104 109
internal_value=17.1 17.1015 17.0696 17.09 17.0872 17.0652 17.102 17.098 17.0841 17.1021 17.1 17.0706
internal_weight=12611 12008 603 458 361 493 11550 231 234 11319 210 211
internal_count=12247 11644 603 458 361 493 11186 231 234 10955 210 211
is_linear=0
shrinkage=1


Tree=1
num_leaves=13
num_cat=0
split_feature=21 21 51 32 21 21 21 62 10 22 21 29
split_gain=297.589 31.8759 27.8291 7.62378 3.30547 3.03446 1.87432 0.888609 0.681792 0.164911 0.139869 0.164706
threshold=16.995000000000001 18.605000000000004 1.0000000180025095e-35 -0.44500000000000023 18.105000000000004 15.785000000000002 19.565000000000001 21.268508529905393 0.91234096280339505 19.855000000000004 20.325000000000003 73.450000000000017
decision_type=2 2 2 2 2 2 2 2 2 2 2 2
left_child=2 3 5 4 7 -1 8 -2 9 -3 11 -8
right_child=1 6 -4 -5 -6 -7 10 -9 -10 -11 -12 -13
leaf_value=-0.26878409197821435 -0.091153682296805635 0.009794341935210461 -0.12493529201302056 -0.013071654349576221 -0.051273204348463136 -0.13027033507006422 -0.0096182537828908045 -0.057047671648114397 -0.040245783694219939 -0.032547753147893779 0.15394435569650353 0.038610034344664319
leaf_weight=282 135 98 110 112 116 211 139 95 99 105 10948 161
leaf_count=282 135 98 110 112 116 211 139 95 99 105 10584 161
internal_value=8.1183e-05 0.00155249 -0.0290818 -0.00943074 -0.0125513 -0.033449 0.00199406 -0.0156887 -0.00118139 0 0.00208507 0.000778601
internal_weight=12611 12008 603 458 346 493 11550 230 302 203 11248 300
internal_count=12247 11644 603 458 346 493 11186 230 302 203 10884 300
is_linear=0
shrinkage=0.0425745


Tree=2
num_leaves=13
num_cat=0
split_feature=25 25 39 39 30 37 37 25 39 39 39 4
split_gain=257.781 31.8344 25.4419 8.36079 5.11433 2.44412 1.79956 1.75663 1.26027 0.970178 0.0862631 0.0432967
threshold=16.995000000000001 18.605000000000004 16.870000000000001 18.959999999999997 89.750000000000014 22.226375054297019 21.530535618151124 20.095000000000002 19.711666666666662 19.841666666666669 21.026666666666664 932.1500000000002
decision_type=2 2 2 2 2 2 2 2 2 2 2 2
left_child=2 3 6 4 -2 -4 -1 8 -3 -5 -10 -9
right_child=1 7 5 9 -6 -7 -8 11 10 -11 -12 -13
leaf_value=-0.22769058383630203 -0.071035536041791372 -0.061139954988593287 -0.084186186271713107 -0.048349018167102915 -0.11013766333975657 -0.079269534265597172 -0.25780912201166761 0.14909318824738343 -0.0016992529437569828 -0.0073852488508414612 0.021901818244862599 -8.7091046569755874e-05
leaf_weight=97 145 173 95 103 110 126 285 10944 163 100 167 103
leaf_count=97 145 173 95 103 110 126 285 10580 163 100 167 103
internal_value=0.000175706 0.0015454 -0.026966 -0.00943074 -0.0146125 -0.0148756 -0.0337559 0.00198669 -0.000367576 -0.00258141 0.00102985 0.00209969
internal_weight=12611 12008 603 458 255 221 382 11550 503 203 330 11047
internal_count=12247 11644 603 458 255 221 382 11186 503 203 330 10683
is_linear=0
shrinkage=0.0425745


Tree=3
num_leaves=13
num_cat=0
split_feature=25 25 39 39 20 37 45 25 39 39 39 56
split_gain=236.993 27.8243 21.9206 8.11139 4.66391 3.07472 2.2785 1.75132 1.26027 0.603977 0.0862631 0.0593489
threshold=16.995000000000001 18.605000000000004 16.870000000000001 18.959999999999997 18.004562840189934 21.598523069115299 1419.2955000000002 20.095000000000002 19.711666666666662 19.841666666666669 21.026666666666664 932.75000000000011
decision_type=2 2 2 2 2 2 2 2 2 2 2 2
left_child=2 3 5 4 -2 -1 -4 8 -3 -5 -10 -9
right_child=1 7 6 9 -6 -7 -8 11 10 -11 -12 -13
leaf_value=-0.2452259103754105 -0.10544860618248605 -0.058536951303558897 -0.079628861150012678 -0.046290582362231311 -0.068011232832545135 -0.24904690126850565 -0.070625214193272043 0.14189410895848317 -0.0016269080806435791 -0.0070708254925445401 0.020969359043494704 0.00032545599281003519
leaf_weight=101 110 173 122 103 145 281 99 10952 163 100 167 95
leaf_count=101 110 173 122 103 145 281 99 10588 163 100 167 95
internal_value=0.000256725 0.00157022 -0.025767 -0.00868815 -0.0137799 -0.032087 -0.0144915 0.00198301 -0.000367576 -0.00195427 0.00102985 0.00209584
internal_weight=12611 12008 603 458 255 382 221 11550 503 203 330 11047
internal_count=12247 11644 603 458 255 382 221 11186 503 203 330 10683
is_linear=0
shrinkage=0.0425745


Tree=4
num_leaves=12
num_cat=0
split_feature=25 25 22 37 22 37 37 25 56 59 56
split_gain=219.188 26.3974 21.1828 6.19227 4.75914 3.65726 2.62961 1.63767 1.2322 0.197924 0.0588153
threshold=16.995000000000001 18.605000000000004 16.995000000000001 26.385560949375826 19.125000000000004 22.156450696208164 21.711729956209883 20.095000000000002 929.75000000000011 1.2750000000000001 932.75000000000011
decision_type=2 2 2 2 2 2 2 2 2 2 2
left_child=2 3 6 4 -2 -4 -1 8 9 -3 -9
right_child=1 7 5 -5 -6 -7 -8 10 -10 -11 -12
leaf_value=-0.20894006820599531 -0.08889885373548502 0.022640522632086341 -0.081984031195210125 -0.0045579234502979987 -0.044235922116525904 -0.075938630996322087 -0.23525070385810279 0.13585303665850348 -0.08010565577482047 -0.025035022473836054 0.00031159986307027223
leaf_weight=96 189 266 105 113 156 156 246 10952 107 130 95
leaf_count=96 189 266 105 113 156 156 246 10588 107 130 95
internal_value=0.000317489 0.00158085 -0.0247091 -0.00840968 -0.011239 -0.0150422 -0.0318567 0.00198301 -0.000283046 0.000676029 0.00209198
internal_weight=12611 12008 603 458 345 261 342 11550 503 396 11047
internal_count=12247 11644 603 458 345 261 342 11186 503 396 10683
is_linear=0
shrinkage=0.0425745


Tree=5
num_leaves=14
num_cat=0
split_feature=21 51 21 21 51 21 21 31 10 10 22 31 21
split_gain=215.687 24.7872 19.0733 7.45809 4.36854 1.80202 1.72426 1.10415 0.559816 0.390881 0.216936 0.196091 0.119604
threshold=16.995000000000001 1.0000000180025095e-35 18.605000000000004 15.440000000000001 1.0000000180025095e-35 18.105000000000004 19.565000000000001 -0.94670687170436618 0.82392300575755406 0.91234096280339505 19.855000000000004 0.87187070367348973 20.095000000000002
decision_type=2 2 2 2 2 2 2 2 2 2 2 2 2
left_child=1 3 4 11 5 7 9 -2 -5 10 -4 -1 -8
right_child=2 -3 6 8 -6 -7 12 -9 -10 -11 -12 -13 -14
leaf_value=-0.17589119547050439 -0.064831988238896271 -0.082547727554794545 0.01520647418740685 -0.092033167128325169 -0.00010525882861011851 -0.042572990275524553 0.0038204454186830691 -0.057595057504965901 -0.12721702425816273 -0.039861678616482349 -0.028702132857564601 -0.25058813954617576 0.12794046699022421
leaf_weight=117 96 110 98 98 97 127 201 138 153 99 105 125 11047
leaf_count=117 96 110 98 98 97 127 201 138 153 99 105 125 10683
internal_value=0.000398509 -0.024427 0.00165176 -0.0285332 -0.00683168 -0.00899948 0.00199406 -0.0113936 -0.0224915 -0.00104072 0 -0.0344579 0.00208128
internal_weight=12611 603 12008 493 458 361 11550 234 251 302 203 242 11248
internal_count=12247 603 11644 493 458 361 11186 234 251 302 203 242 10884
is_linear=0
shrinkage=0.0425745


Tree=6
num_leaves=14
num_cat=0
split_feature=21 2 21 21 2 11 21 30 21 53 9 57 43
split_gain=202.318 23.0689 16.4935 8.88057 4.71071 3.58191 2.68182 0.899079 0.745709 0.698304 0.263635 0.0526678 0.0302163
threshold=16.995000000000001 96.950000000000017 18.975000000000005 15.135000000000003 78.250000000000014 2.5000000000000004 18.105000000000004 84.350000000000009 20.095000000000002 0.057500000000000009 0.23448921811828119 929.35000000000002 19.178541666666671
decision_type=2 2 2 2 2 2 2 2 2 2 2 2 2
left_child=1 3 4 -1 6 -5 7 -2 9 -4 -8 -11 -10
right_child=2 -3 8 5 -6 -7 10 -9 12 11 -12 -13 -14
leaf_value=-0.22830840121675655 -0.05248083959738669 -0.088607279066617958 -0.026834289091576279 -0.082370797880629398 0.015872529349372711 -0.16207463363037436 -0.029023413999869224 -0.075808504897450571 0.052998639548150282 0.02176987431255813 -0.04067513795020733 -0.023635897032980059 0.12360727491864194
leaf_weight=202 102 118 97 186 121 97 109 130 110 208 99 95 10937
leaf_count=202 102 118 97 186 121 97 109 130 110 208 99 95 10573
internal_value=0.000462649 -0.0235807 0.00167658 -0.0277233 -0.00541588 -0.0221155 -0.00748753 -0.0107778 0.00203004 5.29669e-05 -0.00348873 0.00121255 0.00209584
internal_weight=12611 603 12008 485 561 283 440 232 11447 400 208 303 11047
internal_count=12247 603 11644 485 561 283 440 232 11083 400 208 303 10683
is_linear=0
shrinkage=0.0425745


Tree=7
num_leaves=13
num_cat=0
split_feature=21 2 21 21 32 37 9 45 21 53 2 22
split_gain=177.549 19.4497 12.9748 10.0717 3.57626 3.00663 2.39565 1.89239 0.881906 1.02885 0.193775 0.103519
threshold=16.995000000000001 78.250000000000014 18.975000000000005 15.135000000000003 -0.81000000000000127 26.28847521680721 0.11593352601052392 1502.8345000000002 20.325000000000003 0.057500000000000009 123.05000000000003 20.815000000000001
decision_type=2 2 2 2 2 2 2 2 2 2 2 2
left_child=1 3 4 -1 5 7 -5 -2 9 -4 -6 -11
right_child=2 -3 8 6 10 -7 -8 -9 -10 11 -12 -13
leaf_value=-0.21923647228898233 -0.05459620756286835 -0.089079124296197673 -0.025786467174941527 -0.15517438536115058 -0.018485752124542204 -0.033919314750863523 -0.078914663152147665 -0.054611084579019149 0.1202111476660557 0.033491664122001524 0.048895544949925748 -0.0089923405682907475
leaf_weight=196 101 129 114 97 95 96 181 172 10948 276 97 109
leaf_count=196 101 129 114 97 95 96 181 172 10584 276 97 109
internal_value=0.000563923 -0.0219586 0.00170139 -0.0259934 -0.00458206 -0.00703107 -0.020106 -0.00931088 0.00201517 0.000123419 0 0.00129696
internal_weight=12611 603 12008 474 561 369 278 273 11447 499 192 385
internal_count=12247 603 11644 474 561 369 278 273 11083 499 192 385
is_linear=0
shrinkage=0.0425745


Tree=8
num_leaves=15
num_cat=0
split_feature=25 39 25 11 39 39 45 20 55 25 59 52 16 43
split_gain=145.757 24.7403 12.3438 7.17531 3.81102 2.70179 2.24305 2.16739 1.60058 0.632816 0.765692 0.132 0.0267213 0.0112487
threshold=17.185000000000006 15.88833333333333 18.605000000000004 2.5000000000000004 18.959999999999997 17.395 1196.0380000000002 18.198310885280769 932.75000000000011 20.725000000000005 1.3650000000000004 0.057500000000000009 20.442481622984879 19.178541666666671
decision_type=2 2 2 2 2 2 2 2 2 2 2 2 2 2
left_child=1 6 4 5 7 -3 -1 -2 9 10 11 -4 -13 -11
right_child=2 3 8 -5 -6 -7 -8 -9 -10 13 -12 12 -14 -15
leaf_value=-0.21015798301917402 -0.084083762575402066 -0.083483589552636114 -0.0044116463631875911 -0.060977291887389644 -0.0072015764489468245 -0.055629228725661992 -0.10749794797753254 -0.048614626809340256 -0.056667730098682437 0.058601504915319208 -0.033088438137515705 0.050251451245678716 0.0009237838650275746 0.1257368445849473
leaf_weight=168 95 125 135 154 188 110 96 125 101 75 160 420 96 10563
leaf_count=168 95 125 135 154 188 110 96 125 101 75 160 420 96 10199
internal_value=0.000624688 -0.0189437 0.00169961 -0.0118054 -0.00553183 -0.0165753 -0.0291645 -0.00935736 0.00196089 0.00201147 0.000736893 0.00144048 0.00175506 0.00210258
internal_weight=12611 653 11958 389 408 235 264 220 11550 11449 811 651 516 10638
internal_count=12247 653 11594 389 408 235 264 220 11186 11085 811 651 516 10274
is_linear=0
shrinkage=0.0425745


Tree=9
num_leaves=14
num_cat=0
split_feature=25 22 25 11 35 45 53 56 25 59 52 57 58
split_gain=123.915 21.418 10.3794 6.75251 2.81261 4.46579 1.92958 1.4349 0.596363 0.962299 0.262656 0.170352 0.0669583
threshold=17.185000000000006 15.785000000000002 18.605000000000004 2.5000000000000004 24.30088902371752 1658.2565000000002 0.016500000000000004 933.1500000000002 21.185000000000006 1.4950000000000003 0.26550000000000007 926.75000000000011 1.0950000000000004
decision_type=2 2 2 2 2 2 2 2 2 2 2 2 2
left_child=1 -1 4 6 5 -2 -3 8 9 10 11 -4 -13
right_child=2 3 7 -5 -6 -7 -8 -9 -10 -11 -12 12 -14
leaf_value=-0.19988340354438233 -0.082451986675447356 -0.073631543144748207 0.0094320043578026928 -0.078256862645297867 0.0018396798475125823 -0.010421249121663629 -0.069072296530117427 -0.073459452230488984 0.12676982032071005 -0.02900785042137162 0.048891723796736702 0.0032206484096426301 -0.030897504188881021
leaf_weight=206 167 107 152 169 125 116 171 96 10278 114 711 104 95
leaf_count=206 167 107 152 169 125 116 171 96 9914 114 711 104 95
internal_value=0.000725962 -0.0173154 0.00171741 -0.0118071 -0.00490675 -0.00725661 -0.0159809 0.0019572 0.00200408 0.000987727 0.00142622 0.000248001 -0.000330186
internal_weight=12611 653 11958 447 408 283 278 11550 11454 1176 1062 351 199
internal_count=12247 653 11594 447 408 283 278 11186 11090 1176 1062 351 199
is_linear=0
shrinkage=0.0425745


Tree=10
num_leaves=12
num_cat=0
split_feature=25 39 39 11 2 45 53 4 39 2 25
split_gain=109.086 21.281 9.51108 7.73804 7.56309 2.9026 2.07044 0.473534 0.280201 0.261744 0.0402141
threshold=17.185000000000006 15.24833333333333 19.421666666666667 2.5000000000000004 78.250000000000014 1640.1190000000004 0.016500000000000004 931.25000000000011 19.980000000000008 263.9500000000001 21.185000000000006
decision_type=2 2 2 2 2 2 2 2 2 2 2
left_child=1 -1 4 6 5 -2 -3 8 -4 -6 -10
right_child=2 3 7 -5 9 -7 -8 -9 10 -11 -12
leaf_value=-0.19223240180709886 -0.078160189258057164 -0.070381389489397733 -0.00038292667234224298 -0.07500041267456789 -0.029531521020278693 -0.028618812865089983 -0.065117688647338481 -0.0066908010116540802 0.028382796875723839 0.049936113656763349 0.1230756766307831
leaf_weight=198 167 109 158 168 95 151 178 153 979 241 10014
leaf_count=198 167 109 158 168 95 151 178 153 979 241 9650
internal_value=0.00078335 -0.016143 0.00171385 -0.0108149 -0.00323854 -0.00796263 -0.0151183 0.0020062 0.00203888 0.00104943 0.00206469
internal_weight=12611 653 11958 455 654 318 287 11304 11151 336 10993
internal_count=12247 653 11594 455 654 318 287 10940 10787 336 10629
is_linear=0
shrinkage=0.0425745


Tree=11
num_leaves=16
num_cat=0
split_feature=21 47 21 21 32 20 9 9 33 21 52 25 4 37 57
split_gain=100.961 11.2195 9.28154 9.1131 2.72883 1.97809 1.63283 3.44997 1.61729 0.835285 0.69489 0.21984 0.172595 0.115834 0.0942455
threshold=16.995000000000001 1.0000000180025095e-35 14.335000000000003 18.975000000000005 -0.92999999999999783 24.001010616499652 0.13301347478292308 0.56314550935064711 20.260386421791676 20.565000000000001 0.057500000000000009 18.975000000000005 931.35000000000002 23.682459445950837 929.6500000000002
decision_type=2 2 2 2 2 2 2 2 2 2 2 2 2 2 2
left_child=1 2 -1 4 5 8 -4 -8 -2 10 -5 -6 -11 14 -12
right_child=3 -3 6 9 11 -7 7 -9 -10 12 13 -13 -14 -15 -16
leaf_value=-0.19528781303812739 -0.047833924066095733 -0.05933071633374512 -0.13889547579903924 -0.023498215907818674 -0.012075193758441256 -0.0056564684794392396 -0.07492122506340422 -0.065860371320320646 -0.047400127792837761 0.10846934549794321 0.041880767249868105 0.013813476821429372 -0.0032123084880127527 -0.0019019872969137472 -0.0076757860859980737
leaf_weight=122 146 110 118 149 98 95 139 114 109 10672 308 113 128 95 95
leaf_count=122 146 110 118 149 98 95 139 114 109 10308 308 113 128 95 95
internal_value=0.000874497 -0.0161048 -0.018874 0.0017333 -0.00352085 -0.00582761 -0.015115 -0.01743 -0.00778491 0.00199657 0.000384454 9.74771e-06 0.0020872 0.00122931 0.00154499
internal_weight=12611 603 493 12008 561 350 371 253 255 11447 647 211 10800 498 403
internal_count=12247 603 493 11644 561 350 371 253 255 11083 647 211 10436 498 403
is_linear=0
shrinkage=0.0425745


Tree=12
num_leaves=16
num_cat=0
split_feature=21 21 47 21 9 9 32 37 36 21 3 10 56 43 4
split_gain=90.1218 14.0348 8.30233 5.79533 2.03936 3.44483 1.61333 2.08421 2.07828 0.394472 0.658462 0.265859 0.0670058 0.0540997 0.0527588
threshold=17.345000000000002 14.335000000000003 10.550000000000002 19.565000000000001 0.13301347478292308 0.56314550935064711 -0.92999999999999783 26.28847521680721 0.91452252384832866 21.185000000000006 0.11750000000000001 0.95493138204271821 927.45000000000016 22.008333333333336 931.35000000000002
decision_type=2 2 2 2 2 2 2 2 2 2 2 2 2 2 2
left_child=1 -1 4 6 -3 -6 7 8 -2 10 12 -8 -5 -12 -11
right_child=3 2 -4 9 5 -7 11 -9 -10 14 13 -13 -14 -15 -16
leaf_value=-0.19127362846176976 -0.057143821145011119 -0.099879684050638004 0.001284057301351672 -0.024794841053096522 -0.071182546488806592 -0.061137113336205841 0.012407250990892738 0.013132271176962328 -0.028035041380790875 0.11405285286565305 0.011323440096842637 -0.019389032804619719 -0.017007257339514643 0.045355286411587148 0.0017854900351339362
leaf_weight=150 99 160 97 96 153 143 170 108 185 10237 155 98 107 554 99
leaf_count=150 99 160 97 96 153 143 170 108 185 9873 155 98 107 554 99
internal_value=0.000918383 -0.0138766 -0.0105232 0.00179791 -0.0129309 -0.0153126 -0.00202984 -0.00378389 -0.00572801 0.0020283 0.00103087 0.000300849 -0.000909031 0.00167671 0.00211005
internal_weight=12611 703 553 11908 456 296 660 392 284 11248 912 268 203 709 10336
internal_count=12247 703 553 11544 456 296 660 392 284 10884 912 268 203 709 9972
is_linear=0
shrinkage=0.0425745


Tree=13
num_leaves=16
num_cat=0
split_feature=21 2 39 21 32 20 45 44 9 21 3 22 2 4 37
split_gain=83.5603 10.722 8.71691 8.14128 2.57289 2.12567 2.05867 1.40783 1.85602 0.693977 0.612071 0.196634 0.130817 0.0542304 0.0145077
threshold=16.995000000000001 78.250000000000014 14.829999999999997 18.975000000000005 -0.87499999999999989 24.001010616499652 1511.7120000000002 4.1439263870240497 0.5772862706790628 20.885000000000002 0.040500000000000008 21.385000000000002 78.250000000000014 931.45000000000016 23.711789507020367
decision_type=2 2 2 2 2 2 2 2 2 2 2 2 2 2 2
left_child=1 2 -1 4 5 6 -2 -4 -9 10 -5 14 -6 -11 -12
right_child=3 -3 7 9 12 -7 -8 8 -10 13 11 -13 -14 -15 -16
leaf_value=-0.17865986299880565 -0.039257970989124216 -0.059559389622919068 -0.085120935087585642 -0.02042643218069775 -0.0089851803794299238 -0.0041169351159202191 -0.049293562954714841 -0.06883352454930583 -0.061356412769660224 0.10452528817473539 0.03798421383123974 -0.012145629083090559 0.02383811765260992 0.0008256488839268833 -9.9704217849573754e-05
leaf_weight=130 104 129 148 158 95 98 157 96 100 10497 474 126 107 97 95
leaf_count=130 104 129 148 158 95 98 157 96 100 10133 474 126 107 97 95
internal_value=0.000962268 -0.0144827 -0.0174724 0.00174394 -0.00321764 -0.00539176 -0.00739488 -0.0135012 -0.0163878 0.00199285 0.000705625 0.00130041 0.000335802 0.00209041 0.00164035
internal_weight=12611 603 474 12008 561 359 261 344 196 11447 853 695 202 10594 569
internal_count=12247 603 474 11644 561 359 261 344 196 11083 853 695 202 10230 569
is_linear=0
shrinkage=0.0425745


Tree=14
num_leaves=17
num_cat=0
split_feature=21 63 47 21 45 37 20 52 32 41 25 10 55 10 21 3
split_gain=71.861 11.174 7.63084 4.97879 2.67563 5.15048 2.1229 1.5538 0.8669 1.16969 0.407238 0.245481 0.242291 0.140426 0.29872 0.0450999
threshold=17.345000000000002 4.8648984591740687 10.550000000000002 19.425000000000004 1377.5120000000002 26.143485436445747 16.454411595244135 0.0095000000000000015 -1.1700000000000006 20.700833333333335 19.425000000000004 0.95748518835503915 932.1500000000002 0.96457844552971317 22.785000000000004 0.11750000000000001
decision_type=2 2 2 2 2 2 2 2 2 2 2 2 2 2 2 2
left_child=1 2 4 7 5 -1 -6 -2 9 -9 15 -10 13 -12 -15 -5
right_child=3 -3 -4 10 6 -7 -8 8 11 -11 12 -13 -14 14 -16 -17
leaf_value=-0.081032944110734334 -0.033292655870540734 -0.19233614236559188 0.0030271920535858967 -0.015785807529003732 -0.075679583976792461 -0.033232080390308928 -0.028448222307390351 -0.064504447705653417 0.011681927830782365 -0.00050162770528765319 0.092842520478106941 -0.016769797968987858 -0.0055130424110921344 -0.010755763571888212 0.10093178156958785 0.0082744082824575075
leaf_weight=192 103 95 106 110 100 97 113 115 195 103 10685 95 97 95 200 110
leaf_count=192 103 95 106 110 100 97 113 115 195 103 10321 95 97 95 200 110
internal_value=0.00102641 -0.0121825 -0.00986954 0.00181221 -0.0120609 -0.0149992 -0.00774105 -0.00187574 -0.000761535 -0.00284241 0.00201743 0.000585675 0.00205365 0.00207237 0.000755768 0
internal_weight=12611 703 608 11908 502 289 213 611 508 218 11297 290 11077 10980 295 220
internal_count=12247 703 608 11544 502 289 213 611 508 218 10933 290 10713 10616 295 220
is_linear=0
shrinkage=0.0425745


Tree=15
num_leaves=16
num_cat=0
split_feature=25 63 39 45 26 55 55 43 25 10 36 45 33 58 3
split_gain=61.2445 13.5812 6.34557 3.85407 5.44297 4.23367 2.09075 1.84579 1.08822 1.3605 0.852152 0.566215 0.463756 0.0834821 0.0389668
threshold=18.275000000000002 4.3942438646608037 18.161666666666665 1398.7830000000001 72.850000000000009 929.05000000000007 932.55000000000007 20.272291666666671 21.185000000000006 0.98043284291745803 0.88952643866213799 1766.8455000000004 22.918794536311001 1.3050000000000004 0.23650000000000002
decision_type=2 2 2 2 2 2 2 2 2 2 2 2 2 2 2
left_child=1 2 3 4 -1 -6 8 -5 9 11 -4 12 -2 -14 -13
right_child=6 -3 10 7 5 -7 -8 -9 -10 -11 -12 14 13 -15 -16
leaf_value=-0.023553048146243333 -0.021303951964306816 -0.17426836882271043 -0.019181275005581883 -0.067312841109488694 -0.061623266957488321 -0.10328011032889409 -0.037891707408932065 -0.056021889582441371 0.09995917817008565 -0.035185934299929271 -0.0019636087951980072 0.010255029792979816 -0.0072110217304100837 0.0076454716828482658 0.047999865676476051
leaf_weight=97 134 119 164 130 111 114 114 98 10274 103 127 95 121 167 643
leaf_count=97 134 119 164 130 111 114 114 98 9910 103 127 95 121 167 643
internal_value=0.00103654 -0.00928455 -0.00725619 -0.00997357 -0.0131155 -0.0168382 0.00189292 -0.00523168 0.00195332 0.000695676 -0.00189013 0.0011554 0 0.000869964 0.00186737
internal_weight=12611 960 841 550 322 225 11651 228 11537 1263 291 1160 422 288 738
internal_count=12247 960 841 550 322 225 11287 228 11173 1263 291 1160 422 288 738
is_linear=0
shrinkage=0.0425745


Tree=16
num_leaves=20
num_cat=0
split_feature=39 2 39 40 39 32 16 19 38 39 4 2 29 43 36 43 29 16 29
split_gain=50.3937 16.1509 7.54395 3.45472 3.06229 1.48547 1.12868 3.36502 0.885927 0.674876 0.599638 0.679265 0.315068 0.2347 0.219337 0.0823458 0.0631937 0.0473312 0.03356
threshold=18.161666666666665 89.850000000000009 14.429999999999998 0.34520523944908821 19.565000000000001 -1.1199999999999999 18.244766091113718 27.115787965406597 3.3733748697396395 15.57166666666666 929.05000000000007 31.950000000000003 77.250000000000014 22.008333333333336 0.649656944175245 19.593333333333337 40.850000000000001 19.937501397878435 37.550000000000004
decision_type=2 2 2 2 2 2 2 2 2 2 2 2 2 2 2 2 2 2 2
left_child=1 2 -1 -4 5 8 -5 -8 -2 -3 15 12 13 -12 -7 -6 18 -14 -17
right_child=4 9 3 6 10 14 7 -9 -10 -11 11 -13 17 -15 -16 16 -18 -19 -20
leaf_value=-0.17692615746781132 -0.019570739661767984 -0.046966034690626837 -0.061517451617605155 -0.071764594573161491 0.034603613633706898 -0.0079795897058856161 -0.059668246569773181 -0.051545652974036411 -0.060175059538334623 0.023403946671796613 -0.018375453493083643 0.090280399703109804 0.010147539381358201 -0.00770648867256614 0.011563277391090018 0.036296210460000214 0.088607676367818508 -0.0050875642734683774 -0.020355608055216679
leaf_weight=101 96 97 188 95 83 114 133 97 95 175 102 421 115 109 137 659 9592 96 106
leaf_count=101 96 97 188 95 83 114 133 97 95 175 102 421 115 109 137 659 9228 96 106
internal_value=0.00107367 -0.00870055 -0.012523 -0.0101822 0.00181816 -0.00157718 -0.012975 -0.0149504 -0.00443126 0 0.00195692 0.000739221 -0.000342326 -0.0015988 0.000346547 0.00204907 0.00206076 0.000613184 0.00137614
internal_weight=12611 886 614 513 11725 442 325 230 191 272 11283 843 422 211 251 10440 10357 211 765
internal_count=12247 886 614 513 11361 442 325 230 191 272 10919 843 422 211 251 10076 9993 211 765
is_linear=0
shrinkage=0.0425745


Tree=17
num_leaves=18
num_cat=0
split_feature=25 63 25 37 0 9 39 47 29 40 25 56 0 9 57 59 59
split_gain=48.3855 8.71768 5.69637 3.81725 6.6618 3.04516 2.41192 1.86063 0.989656 0.675907 0.619004 0.738374 0.853198 0.287379 0.350257 0.124657 0.0540475
threshold=17.185000000000006 4.3942438646608037 19.855000000000004 26.337438797771565 1.0450000000000002 0.2843565540399125 18.959999999999997 1.0000000180025095e-35 56.45000000000001 0.29726529244521432 21.515000000000004 929.05000000000007 1.4450000000000001 -0.20931270765420754 927.35000000000002 1.2850000000000004 1.2850000000000004
decision_type=2 2 2 2 2 2 2 2 2 2 2 2 2 2 2 2 2
left_child=1 3 6 4 9 -6 7 8 -2 -1 11 12 15 -8 16 -4 -15
right_child=2 -3 10 -5 5 -7 13 -9 -10 -11 -12 -13 -14 14 -16 -17 -18
leaf_value=-0.018862226261190808 -0.022296752597693696 -0.16100160119883983 0.039533202490911051 -0.0027889576202291488 -0.080410587910637543 -0.049858749087784641 0.029777382314038901 -0.0075048956615189847 -0.068407841856324939 -0.06235357844171828 0.098742951811516724 -0.0087432950470993035 -0.0069689136945441819 -0.0080118796386042766 -0.032620278765233726 -0.0019629521461750027 0.0065167939458457809
leaf_weight=96 113 111 824 97 107 140 182 98 112 102 9951 174 96 95 115 98 100
leaf_count=96 113 111 824 97 107 140 182 98 112 102 9587 174 96 95 115 98 100
internal_value=0.00111418 -0.0101508 0.00173521 -0.00771987 -0.0093858 -0.0141219 -0.00165715 -0.00451822 -0.0066502 -0.00312857 0.00198914 0.000967336 0.00143767 9.49264e-05 -0.00054797 0.00187334 0.000271658
internal_weight=12611 653 11958 542 445 247 815 323 225 198 11143 1192 1018 492 310 922 195
internal_count=12247 653 11594 542 445 247 815 323 225 198 10779 1192 1018 492 310 922 195
is_linear=0
shrinkage=0.0425745


Tree=18
num_leaves=17
num_cat=0
split_feature=21 51 45 30 21 43 31 20 18 23 21 29 43 62 39 38
split_gain=46.5364 6.50893 4.96349 5.46421 3.44051 1.92905 1.13328 0.743293 1.44098 1.21837 0.553272 0.952171 0.335097 0.245654 0.193613 0.184937
threshold=17.345000000000002 638.85800000000006 1377.5120000000002 81.350000000000009 19.565000000000001 20.113750000000003 0.92917715757704944 24.001010616499652 21.562806637206631 22.515000000000004 21.185000000000006 40.850000000000001 22.008333333333336 17.65929765440621 20.408333333333335 4.6685010091814103
decision_type=2 2 2 2 2 2 2 2 2 2 2 2 2 2 2 2
left_child=1 2 3 6 7 -4 -1 8 15 -10 11 -6 14 -12 -13 -2
right_child=4 -3 5 -5 10 -7 -8 -9 9 -11 13 12 -14 -15 -16 -17
leaf_value=-0.030162822512002741 -0.018201661489178195 -0.0045510200275559369 -0.067856884162305939 -0.13081969978631877 -0.019669381356087104 -0.05247757937618263 -0.15861760843245631 0.013238799203196131 -0.030623806581592188 -0.023996045970475811 0.010636992186206232 0.023116512324910299 0.033331188920322857 0.093179791417846936 -0.009153747307248038 0.010320252425025708
leaf_weight=126 144 108 119 152 96 99 99 174 95 123 176 101 569 10160 146 124
leaf_count=126 144 108 119 152 96 99 99 174 95 123 176 101 569 9796 146 124
internal_value=0.00116482 -0.00945976 -0.0112035 -0.0142774 0.00179791 -0.0055683 -0.0094802 -0.00112764 -0.00202947 -0.00459477 0.00197531 0.000844272 0.001371 0.00206886 0 0
internal_weight=12611 703 595 377 11908 218 225 660 486 218 11248 912 816 10336 247 268
internal_count=12247 703 595 377 11544 218 225 660 486 218 10884 912 816 9972 247 268
is_linear=0
shrinkage=0.0425745


Tree=19
num_leaves=18
num_cat=0
split_feature=21 0 10 21 21 53 43 25 20 0 45 10 56 62 21 43 20
split_gain=39.4468 5.51994 5.28061 4.17112 1.79608 1.48326 1.13903 0.756715 0.869777 0.617401 0.57672 0.761714 0.561696 0.540742 0.426397 0.388977 0.145744
threshold=16.995000000000001 0.87500000000000011 0.85651926849515192 19.425000000000004 15.135000000000003 0.012500000000000002 21.065208333333338 21.555000000000003 18.875855105325712 0.74500000000000011 1271.0560000000003 0.76663042157996963 929.05000000000007 23.614458919768918 21.555000000000003 20.592291666666672 23.593437660941891
decision_type=2 2 2 2 2 2 2 2 2 2 2 2 2 2 2 2 2
left_child=1 -1 6 5 -4 -2 -3 8 12 -7 -11 -12 -5 14 16 -13 -10
right_child=3 2 4 7 -6 9 -8 -9 13 10 11 15 -14 -15 -16 -17 -18
leaf_value=-0.053912746924438426 -0.026551957503161579 -0.025498554713294048 -0.14832278678789712 0.039970202764731518 -0.10990543777239546 0.016079336217946768 -0.043119327431486235 0.092274873085341519 -0.021071203854560332 0.012564039784637153 -0.050692165722166484 -0.033652454111607451 -0.0089532325686408412 0.01778965829996226 0.0027691310218529506 0.0043523918354936193 -0.003753063583687005
leaf_weight=167 148 122 103 889 109 169 102 9832 106 102 98 95 134 125 112 99 99
leaf_count=167 148 122 103 889 109 169 102 9468 106 102 98 95 134 125 112 99 99
internal_value=0.00119857 -0.0094047 -0.0119631 0.00173685 -0.0169966 -0.00137287 -0.00687878 0.00193829 0.000951278 -0.000252917 -0.00127277 -0.00231282 0.001649 -0.000519217 -0.00156119 -0.000393345 -0.00274261
internal_weight=12611 603 436 12008 212 711 224 11297 1465 563 394 292 1023 442 317 194 205
internal_count=12247 603 436 11644 212 711 224 10933 1465 563 394 292 1023 442 317 194 205
is_linear=0
shrinkage=0.0425745


Tree=20
num_leaves=18
num_cat=0
split_feature=21 21 51 31 59 30 23 20 45 38 25 20 21 56 20 38 17
split_gain=33.606 4.4305 4.10634 3.48477 1.92528 3.64067 1.03117 1.04876 1.7522 1.20928 0.672294 0.970793 0.482459 0.460795 0.290902 0.238615 0.0946238
threshold=16.785000000000004 19.425000000000004 1.0000000180025095e-35 1.1811030180733504 0.95500000000000007 81.050000000000011 18.975000000000005 24.001010616499652 1640.1190000000004 3.3733748697396395 21.815000000000001 18.817384652645099 21.555000000000003 929.05000000000007 24.266304571138516 4.7805817906164618 25.054151908083444
decision_type=2 2 2 2 2 2 2 2 2 2 2 2 2 2 2 2 2
left_child=2 6 3 4 -1 -6 -2 8 9 -8 11 13 14 -3 -13 -10 -14
right_child=1 10 -4 -5 5 -7 7 -9 15 -11 -12 12 16 -15 -16 -17 -18
leaf_value=-0.015318084331023576 0.011960101035121136 0.041351031351895974 -0.043951075184748535 -0.13580122091532507 -0.042157952661413277 -0.078597300656666202 -0.019841335669982342 0.00054541524198196967 -0.018047483917546705 -0.054854925847021757 0.095158230748498551 -0.017580026000982907 -0.0033446982741747178 -0.0038662145479808102 -0.0015684287863996747 -0.00014941891443222299 0.022421574137699438
leaf_weight=96 175 1127 102 123 107 125 117 145 123 97 9467 186 123 142 111 104 141
leaf_count=96 175 1127 102 123 107 125 117 145 123 97 9103 186 123 142 111 104 141
internal_value=0.00125259 0.00172788 -0.00898523 -0.010741 -0.00804421 -0.0102289 -0.0013666 -0.0022641 -0.00332071 -0.00610839 0.00194206 0.00111627 -0.000261397 0.00177548 -0.00152306 -0.000401781 0.000916682
internal_weight=12611 12058 553 451 328 232 761 586 441 214 11297 1830 561 1269 297 227 264
internal_count=12247 11694 553 451 328 232 761 586 441 214 10933 1830 561 1269 297 227 264
is_linear=0
shrinkage=0.0425745


Tree=21
num_leaves=17
num_cat=0
split_feature=21 9 21 56 62 53 0 38 25 56 58 0 38 20 33 37
split_gain=29.9323 6.82141 4.15442 4.15101 3.76222 1.39489 0.541138 0.699422 0.505193 0.749784 0.639595 0.420013 0.36722 0.344023 0.542494 0.161654
threshold=16.785000000000004 -0.10738035228456493 19.425000000000004 929.75000000000011 20.650882651893653 0.0075000000000000006 0.77500000000000013 4.2076700369859781 21.815000000000001 929.05000000000007 1.2350000000000001 1.3450000000000004 4.5440480330205872 18.875855105325712 24.364541672911219 25.994436698913884
decision_type=2 2 2 2 2 2 2 2 2 2 2 2 2 2 2 2
left_child=1 -1 5 4 -3 -2 -7 15 9 10 -4 -6 -11 -12 -15 -8
right_child=2 3 8 -5 11 6 7 -9 -10 12 13 -13 -14 14 -16 -17
leaf_value=-0.13005202713372804 -0.025751068847242035 -0.044707481263085623 0.033193700931839966 0.0042998029402930658 -0.026368088144821143 0.0083754318897531054 -0.0085586566246743621 -0.035617523587939001 0.09110691560857237 -0.0005407369177414449 0.039293068488960373 -0.042852833233614787 -0.01433057576103264 -0.012127232727327814 0.0064956139450358628 0.012721455641908167
leaf_weight=122 111 97 1244 129 97 212 134 183 9467 138 134 108 96 103 115 121
leaf_count=122 111 97 1244 129 97 212 134 183 9103 138 134 108 96 103 115 121
internal_value=0.00128972 -0.00837006 0.00173847 -0.00561681 -0.00835544 -0.0012548 -0.000392496 -0.00131981 0.00194583 0.0012093 0.00155451 -0.00460574 -0.000870587 0 -0.00109006 0
internal_weight=12611 553 12058 431 302 761 650 438 11297 1830 1596 205 234 352 218 255
internal_count=12247 553 11694 431 302 761 650 438 10933 1830 1596 205 234 352 218 255
is_linear=0
shrinkage=0.0425745


Tree=22
num_leaves=18
num_cat=0
split_feature=21 21 62 2 25 38 38 44 38 20 37 57 38 55 62 29 31
split_gain=25.7766 4.94101 4.08314 2.81514 1.3162 1.27123 3.00398 1.45764 0.684058 0.414188 0.791218 0.531844 0.525199 0.26768 0.905542 0.337376 0.0204481
threshold=18.105000000000004 15.135000000000003 21.722547326042012 78.250000000000014 21.185000000000006 3.4090345224057765 4.7266731679409402 4.6718824493231894 4.8217825730708626 24.374672055942387 23.867364955762003 928.45000000000016 3.9727708117856868 928.45000000000016 24.129949366009104 90.350000000000009 -3.5436701499272103
decision_type=2 2 2 2 2 2 2 2 2 2 2 2 2 2 2 2 2
left_child=1 2 -1 5 8 7 -7 -3 9 10 11 -2 -13 -6 15 -15 -10
right_child=4 3 -4 -5 13 6 -8 -9 16 -11 -12 12 -14 14 -16 -17 -18
leaf_value=-0.12491072663197475 0.011636988806623736 -0.00040358213447067975 -0.026508726979432233 0.010994621561297191 0.077999470744452251 -0.095328670510473515 -0.034136372240927915 -0.033629709523972547 -0.00086058794879686031 0.020602345433182321 -0.017099114468716356 0.0064163429161737664 -0.026628226040769844 -0.013907335198178057 0.1134918954067026 0.0048770198124232413 0.032815932722150026
leaf_weight=145 227 141 107 146 9347 110 104 155 96 182 171 104 148 154 682 123 469
leaf_count=145 227 141 107 146 8983 110 104 155 96 182 171 104 148 154 682 123 469
internal_value=0.00130998 -0.00558026 -0.0107672 -0.00348153 0.00185032 -0.00500216 -0.00769507 -0.00282698 0.000558918 -0.0001482 -0.00071966 3.98053e-05 -0.00116242 0.00201912 0.00117336 -0.000712763 0.00171217
internal_weight=12611 908 252 656 11703 510 214 296 1397 832 650 479 252 10306 959 277 565
internal_count=12247 908 252 656 11339 510 214 296 1397 832 650 479 252 9942 959 277 565
is_linear=0
shrinkage=0.0425745


Tree=23
num_leaves=18
num_cat=0
split_feature=39 2 22 10 47 37 44 45 16 30 4 29 10 44 45 2 39
split_gain=18.8148 6.85746 3.2355 2.65442 3.03761 1.6604 2.20162 1.23433 1.02647 1.56095 0.8924 0.490422 0.849704 1.45036 0.37304 0.13699 0.102829
threshold=17.241666666666664 78.250000000000014 15.135000000000003 0.65837719692149965 40.500000000000007 21.479802474252939 3.3089232332931058 1279.5470000000003 17.936117406162001 78.550000000000011 930.95000000000016 33.850000000000001 0.20088311396693925 6.4147140285938535 1683.2940000000001 290.95000000000005 19.565000000000001
decision_type=2 2 2 2 2 2 2 2 2 2 2 2 2 2 2 2 2
left_child=1 2 -1 11 5 10 -7 -8 -4 -10 14 12 -2 -14 -5 -3 -13
right_child=3 15 8 4 -6 6 7 -9 9 -11 -12 16 13 -15 -16 -17 -18
leaf_value=-0.12255539941712748 0.086323322907871244 -0.042437890558798541 -0.048565274168883614 -0.020051206901893458 0.081518409359851496 -0.025672383305738556 -0.017661948507169019 0.0021673966488441484 -0.039188969580210085 -0.097373358813217015 -0.047233373522789647 8.150380779644899e-05 -0.020795694539177303 0.024358913365343078 0.014085795485034074 0.011294123537570927 0.070267178384641638
leaf_weight=119 421 95 97 98 881 99 110 171 102 117 100 116 102 115 349 111 9408
leaf_count=119 421 95 97 98 881 99 110 171 102 117 100 116 102 115 349 111 9044
internal_value=0.00134373 -0.0057359 -0.00877059 0.00172849 0.000185924 -0.00147544 -0.00363475 -0.00142819 -0.00614409 -0.0078591 0 0.00199662 0.000693185 -0.00130044 0.000841529 0.000370505 0.00207717
internal_weight=12611 641 435 11970 1808 927 380 281 316 219 547 10162 638 217 447 206 9524
internal_count=12247 641 435 11606 1808 927 380 281 316 219 547 9798 638 217 447 206 9160
is_linear=0
shrinkage=0.0425745


Tree=24
num_leaves=18
num_cat=0
split_feature=25 10 10 21 43 30 57 45 51 38 38 45 25 56 0 26 63
split_gain=18.6675 4.27906 10.0062 2.3937 1.48124 1.24009 1.12487 0.973646 0.835479 0.896262 1.00589 0.22553 0.152815 0.576845 0.345382 0.130444 0.0340862
threshold=17.185000000000006 0.92589048012183106 0.99370977118463066 21.065000000000001 19.593333333333337 72.850000000000009 931.1500000000002 1840.2350000000001 1.0000000180025095e-35 3.3733748697396395 4.7184589753517416 1651.5890000000002 21.815000000000001 928.85000000000002 1.4550000000000003 71.450000000000017 -0.48386155473383136
decision_type=2 2 2 2 2 2 2 2 2 2 2 2 2 2 2 2 2
left_child=1 4 -3 6 -1 -6 7 8 9 15 11 -11 13 14 -5 -2 -9
right_child=3 2 -4 12 5 -7 -8 16 -10 10 -12 -13 -14 -15 -16 -17 -18
leaf_value=0.0069768835256136747 0.016947394691914603 -0.1133926873155827 0.0019435956167881074 0.036890503653306095 -0.022236871385140813 -0.032007598854037103 -0.043352923129415667 0.033870091095580403 0.042816285083991573 -0.040483322858209568 -0.00058726434994874164 -0.022510176620247055 0.083044477419815133 -0.0055801215810233331 -0.0049779821440653418 -0.0036334039127413936 0.01760309148269347
leaf_weight=111 143 161 98 912 108 175 108 516 228 123 100 110 9319 104 104 96 95
leaf_count=111 143 161 98 912 108 175 108 516 228 123 100 110 8955 104 104 96 95
internal_value=0.001391 -0.00559152 -0.00992767 0.00177793 -0.00256729 -0.00425481 0.000152643 0.000514168 -0.000398725 -0.00133066 -0.00278783 -0.00434535 0.00200828 0.00134861 0.00168757 0.000434958 0.0018131
internal_weight=12611 653 259 11958 394 283 1519 1411 800 572 333 233 10439 1120 1016 239 611
internal_count=12247 653 259 11594 394 283 1519 1411 800 572 333 233 10075 1120 1016 239 611
is_linear=0
shrinkage=0.0425745


Tree=25
num_leaves=18
num_cat=0
split_feature=21 62 45 21 32 55 23 11 29 3 19 54 45 21 0 10 0
split_gain=16.1296 3.76823 4.49804 2.70042 1.46844 1.1106 0.951669 0.408146 0.49475 0.239717 0.224925 0.223918 0.171525 0.109157 0.836493 0.0341756 0.0302467
threshold=16.565000000000001 20.650882651893653 1279.5470000000003 20.885000000000002 -1.0699999999999983 927.95000000000016 21.965000000000003 11.500000000000002 91.750000000000014 0.0075000000000000006 26.517947458118034 0.033500000000000009 1581.9140000000004 21.855000000000004 1.3650000000000004 0.53435276464917691 1.1150000000000004
decision_type=2 2 2 2 2 2 2 2 2 2 2 2 2 2 2 2 2
left_child=1 2 -1 4 6 -3 10 13 -9 -8 -2 -6 -11 14 15 -5 -13
right_child=3 5 -4 7 11 -7 9 8 -10 12 -12 16 -14 -15 -16 -17 -18
leaf_value=-0.11369919709447325 -0.019906343274354445 -0.036948179957430285 -0.038759765097061999 0.028419453745131898 -0.0060441120475489248 6.4905407226073096e-05 -0.017142582609293015 -0.0083475428979103358 0.061657139547861783 0.0037945649168235548 -0.024649786803187676 0.022498530161228332 -0.014733681122808749 0.082914857034296657 -0.0096541481517139708 0.0016995381725645328 0.0087200767262956176
leaf_weight=105 123 102 163 846 112 134 95 136 194 201 111 565 185 9190 95 133 121
leaf_count=105 123 102 163 846 112 134 95 136 194 201 111 565 185 8826 95 133 121
internal_value=0.00141463 -0.00601493 -0.00952379 0.0017295 4.17579e-06 -0.00174473 -0.0013533 0.00196986 0.000257314 -0.000128031 -0.00359204 0.00130062 0.000198026 0.00201867 0.00139445 0.00180129 0.00159956
internal_weight=12611 504 268 12107 1513 236 715 10594 330 481 234 798 386 10264 1074 979 686
internal_count=12247 504 268 11743 1513 236 715 10230 330 481 234 798 386 9900 1074 979 686
is_linear=0
shrinkage=0.0425745


Tree=26
num_leaves=17
num_cat=0
split_feature=21 21 2 37 45 38 10 62 43 9 43 57 9 24 3 2
split_gain=14.7784 4.36408 2.02816 1.81407 3.16977 2.0706 1.43889 1.69446 2.12736 1.14466 1.12724 0.899356 0.365053 0.173473 0.218488 0.104387
threshold=17.935000000000006 13.725000000000003 10.550000000000002 25.994436698913884 1279.5470000000003 3.9939360147615051 0.1500498401600889 24.154814080916932 25.269375000000004 -0.70252096857941215 23.174375000000001 930.25000000000011 -0.2595093939220976 25.015000000000004 0.029500000000000002 231.10000000000002
decision_type=2 2 2 2 2 2 2 2 2 2 2 2 2 2 2 2
left_child=1 -1 3 4 -3 -6 -2 8 9 -8 11 12 -11 14 -14 -4
right_child=6 2 15 -5 5 -7 7 -9 -10 10 -12 -13 13 -15 -16 -17
leaf_value=-0.11316811384246306 0.066615394948913997 -0.039381750080736362 -0.009243132665516204 -0.001189332437214533 -0.0028895724607665642 -0.049212406823889297 0.03098672346655882 0.099660823819713668 -0.021472539260419719 0.026887726701439053 -0.010017920008268677 -0.022834377183219973 -0.021666164144658665 0.0060673631190391953 -0.00071638547190263399 0.0097738867571249138
leaf_weight=100 8639 106 114 123 170 139 607 1486 95 318 133 112 99 111 155 104
leaf_count=100 8275 106 114 123 170 139 607 1486 95 318 133 112 99 111 155 104
internal_value=0.00141463 -0.00396087 -0.00274008 -0.00415727 -0.00550525 -0.00303139 0.00181171 0.000987619 0 0.000422747 -0.000462965 6.68032e-05 0.000725401 -2.89287e-05 -0.000802214 0.000466995
internal_weight=12611 856 756 538 415 309 11755 3116 1630 1535 928 795 683 365 254 218
internal_count=12247 856 756 538 415 309 11391 3116 1630 1535 928 795 683 365 254 218
is_linear=0
shrinkage=0.0425745


Tree=27
num_leaves=19
num_cat=0
split_feature=39 39 2 10 10 43 26 4 2 9 9 11 50 44 1 9 42 39
split_gain=11.0912 5.1004 2.53552 1.76869 2.48043 1.62523 2.53319 1.2079 0.89963 1.20609 1.86181 0.375695 1.29677 0.331001 0.265457 0.0779102 0.0266417 0.0247013
threshold=18.959999999999997 13.896666666666667 72.950000000000017 0.98662138620987927 0.92589048012183106 20.272291666666671 72.850000000000009 928.75000000000011 223.85000000000002 -0.42109697129093543 -0.073094453017891914 3.5000000000000004 1.6583333333332388 4.4042764730020059 1.0750000000000004 -0.14153898451656977 0.20567774082036586 22.138333333333332
decision_type=2 2 2 2 2 2 2 2 2 2 2 2 2 2 2 2 2 2
left_child=1 -1 3 4 5 -3 -7 11 9 14 -11 12 -2 -12 -9 -4 -13 -14
right_child=7 2 15 -5 -6 6 -8 8 -10 10 13 16 17 -15 -16 -17 -18 -19
leaf_value=-0.10952557998720629 -0.011497334800464441 0.00052752482061729712 -0.0020080262091570792 0.0054452093714139485 -0.074699771073995794 -0.0026431559002262814 -0.035282348163659792 0.026876552457210469 0.082550171977343184 -0.025886388639558271 0.0066456872108100456 0.029603451900133901 -6.6791542721645895e-05 -0.011118608994550196 -0.007052237114080569 0.036951690127830519 0.061683298691142585 0.054270393107603121
leaf_weight=98 178 186 95 133 141 125 126 252 466 95 117 165 96 95 96 227 9082 838
leaf_count=98 178 186 95 133 141 125 126 252 466 95 117 165 96 95 96 227 8718 838
internal_value=0.00144163 -0.00255631 -0.00160009 -0.00304795 -0.00409062 -0.00230046 -0.00455899 0.0018412 0.000438341 -0.000503137 -0.00251141 0.0019868 0.00111342 0 0.00108658 0.00139845 0.00208483 0.00178552
internal_weight=12611 1131 1033 711 578 437 251 11480 1121 655 307 10359 1112 212 348 322 9247 934
internal_count=12247 1131 1033 711 578 437 251 11116 1121 655 307 9995 1112 212 348 322 8883 934
is_linear=0
shrinkage=0.0425745


Tree=28
num_leaves=17
num_cat=0
split_feature=21 9 21 55 32 38 23 38 4 62 21 3 20 36 21 17
split_gain=11.397 5.42015 2.17584 1.51706 1.41723 1.28684 0.767215 0.668135 0.351037 0.567149 0.21833 0.206501 0.523995 0.134298 0.0649063 0.0361034
threshold=16.565000000000001 -0.10738035228456493 21.065000000000001 929.25000000000011 -1.0699999999999983 2.0213759515902745 22.075000000000003 3.4342193087596269 928.95000000000016 24.535913594920714 22.145000000000003 0.23650000000000002 23.530726346344355 0.28647897740181943 21.855000000000004 14.960830519171301
decision_type=2 2 2 2 2 2 2 2 2 2 2 2 2 2 2 2
left_child=1 -1 4 5 6 -3 7 -2 14 10 -10 12 -8 -6 -4 -15
right_child=2 3 8 -5 13 -7 11 -9 9 -11 -12 -13 -14 15 -16 -17
leaf_value=-0.10076498916464463 -0.01367412050578478 -0.011387489032403435 0.018196676453746775 0.0036972670439429337 -0.0097784919582509216 -0.031965943768226444 -0.020434101049068756 -0.037866856234460795 0.0017536464130998056 0.086709542746444976 -0.010011044207575485 -0.0030232389349501626 0.0032739984076717351 0.00067268397048410409 0.074294168137059718 0.01909826313305845
leaf_weight=113 112 126 850 150 98 115 186 133 123 399 118 180 151 119 8950 688
leaf_count=113 112 126 850 150 98 115 186 133 123 399 118 180 151 119 8586 688
internal_value=0.00148552 -0.00474949 0.0017506 -0.00216845 0.000276956 -0.00430721 -0.00102707 -0.00298927 0.00197975 0.000830574 -0.000607533 0 -0.000712196 0.00144547 0.00204821 0.00162613
internal_weight=12611 504 12107 391 1667 241 762 245 10440 640 241 517 337 905 9800 807
internal_count=12247 504 11743 391 1667 241 762 245 10076 640 241 517 337 905 9436 807
is_linear=0
shrinkage=0.0425745


Tree=29
num_leaves=20
num_cat=0
split_feature=21 62 31 21 32 23 59 43 55 51 53 23 20 59 54 21 59 21 58
split_gain=9.92185 3.93456 3.80004 2.12235 1.30349 0.814152 1.27371 0.73609 0.283383 0.801377 0.193577 0.369347 0.187137 0.304098 0.151601 0.118221 0.0794952 0.287267 0.054055
threshold=16.565000000000001 20.377138798094375 0.53788239354919132 21.065000000000001 -1.0699999999999983 22.075000000000003 1.0950000000000004 21.005625000000002 927.75000000000011 6036.7900000000018 0.28350000000000003 23.635000000000002 19.686047808020088 0.92500000000000016 0.033500000000000009 19.725000000000005 1.635 27.345000000000002 0.79500000000000015
decision_type=2 2 2 2 2 2 2 2 2 2 2 2 2 2 2 2 2 2 2
left_child=1 2 -1 4 5 6 -2 -3 16 12 11 -7 18 -14 -6 -13 -5 -18 -10
right_child=3 7 -4 8 14 10 -8 -9 9 -11 -12 15 13 -15 -16 -17 17 -19 -20
leaf_value=-0.033614848517297041 0.0051295820547253854 0.0010487695855525847 -0.1008589942617481 0.060540313465450357 -0.0034225596165593244 -0.028728873751448242 -0.019680789899189803 -0.029080240966144869 -0.0033545583495135142 0.1212414112679551 0.013484763318719398 0.0023869529436367832 -0.0014212456606586133 -0.015696149027012905 0.018396620453136642 -0.013820741292181986 -0.0088823420392787501 0.22785944208633088 0.012196774469415219
leaf_weight=156 98 158 95 8848 119 98 147 95 95 780 185 117 138 98 786 117 111 248 122
leaf_count=156 98 158 95 8500 119 98 147 95 95 780 185 117 138 98 786 117 111 232 122
internal_value=0.00148552 -0.00432768 -0.00811166 0.00173302 0.000276956 -0.000971246 -0.00298927 -0.000310247 0.00195936 0.001213 0 -0.000626915 -7.96252e-05 -0.00102514 0.00139846 3.60069e-05 0.00205227 0.00100008 0.000654962
internal_weight=12611 504 251 12107 1667 762 245 253 10440 1233 517 332 453 236 905 234 9207 359 217
internal_count=12247 504 251 11743 1667 762 245 253 10076 1233 517 332 453 236 905 234 8843 343 217
is_linear=0
shrinkage=0.0425745


Tree=30
num_leaves=18
num_cat=0
split_feature=25 45 25 59 38 52 45 38 38 38 55 4 62 29 26 22 4
split_gain=9.34522 3.73914 1.86373 1.44957 2.24693 1.03242 1.02719 1.36722 0.864213 0.818048 0.680749 0.34805 0.741175 0.348369 0.21411 0.144882 0.122053
threshold=17.185000000000006 1043.2390000000003 21.555000000000003 0.94500000000000006 3.5481303897212939 0.014500000000000001 1853.4445000000001 3.3733748697396395 4.7731492989056239 4.3326588769725349 926.75000000000011 928.35000000000002 24.535913594920714 90.550000000000011 92.550000000000011 23.345000000000002 929.75000000000011
decision_type=2 2 2 2 2 2 2 2 2 2 2 2 2 2 2 2 2
left_child=1 -1 6 -3 5 -5 7 15 9 10 -9 -4 13 -13 -8 -2 -16
right_child=2 3 11 4 -6 -7 14 8 -10 -11 -12 12 -14 -15 16 -17 -18
leaf_value=-0.098899884632996732 0.0087714718946405208 0.0037223148331228762 0.06124609553215439 -0.019552684463252101 -0.084701645417464042 0.0012127439822476138 -0.0054623670743865274 -0.017777165899674218 0.0032949560644455326 -0.042302980211568073 -0.0034604507800342155 -0.013170360231304063 0.075543559814031463 0.0063227745490400484 0.024880339921117225 -0.0043699696509780974 -0.00052627725538541628
leaf_weight=96 338 172 9022 131 95 159 98 95 159 107 172 144 580 151 855 117 120
leaf_count=96 338 172 8658 131 95 159 98 95 159 107 172 144 580 151 855 117 120
internal_value=0.00148214 -0.00344215 0.00175657 -0.00195813 -0.00344964 -0.00131805 0.000548242 -0.000391805 -0.00190259 -0.00304524 -0.00145517 0.00200168 0.0010331 -0.000539771 0.00147307 0.00123787 0.00166903
internal_weight=12611 653 11958 557 385 290 2061 988 533 374 267 9897 875 295 1073 455 975
internal_count=12247 653 11594 557 385 290 2061 988 533 374 267 9533 875 295 1073 455 975
is_linear=0
shrinkage=0.0425745


Tree=31
num_leaves=18
num_cat=0
split_feature=4 41 2 9 29 4 11 29 11 62 44 9 42 56 30 2 51
split_gain=6.20464 2.71008 2.47843 2.03456 1.04742 1.13405 0.823667 0.749876 0.72405 1.21818 0.671421 1.74957 0.207748 0.192924 0.184374 0.109573 0.0581571
threshold=933.1500000000002 20.700833333333335 9.4500000000000011 -0.20931270765420754 53.350000000000001 927.25000000000011 11.500000000000002 77.950000000000017 3.5000000000000004 24.176898053961494 6.3299573851280497 0.83827194252655779 0.20567774082036586 927.05000000000007 83.550000000000011 19.000000000000004 1.0000000180025095e-35
decision_type=2 2 2 2 2 2 2 2 2 2 2 2 2 2 2 2 2
left_child=1 2 3 -1 5 -5 8 -8 9 10 11 13 -10 -3 -7 -9 -4
right_child=-2 6 16 4 -6 14 7 15 12 -11 -12 -13 -14 -15 -16 -17 -18
leaf_value=0.011767454469889948 -0.075567227294296407 -0.011463708094558144 0.0010839791984008332 -0.018378862505334263 -0.043100758582376782 0.0037030474661809954 -0.017658287709925537 -0.0031435720341751699 0.0012648614397509908 0.078431530929521431 0.024687455181023381 -0.01686560639367957 0.052983655396214531 0.0018061072335791872 -0.013981354208150127 0.062853087114136827 0.045435730545153249
leaf_weight=250 161 98 115 159 175 130 97 95 151 764 127 108 9140 131 100 159 651
leaf_count=250 161 98 115 159 175 130 97 95 151 764 127 108 8776 131 100 159 651
internal_value=0.00150915 0.00162082 0 -0.0016618 -0.00311384 -0.0016442 0.00186031 0 0.00192825 0.000862761 -0.000760347 -0.00184698 0.00206213 0 0 0.00103627 0.00171031
internal_weight=12611 12450 1580 814 564 389 10870 351 10519 1228 464 337 9291 229 230 254 766
internal_count=12247 12086 1580 814 564 389 10506 351 10155 1228 464 337 8927 229 230 254 766
is_linear=0
shrinkage=0.0425745


Tree=32
num_leaves=17
num_cat=0
split_feature=21 9 9 21 16 60 53 20 20 0 9 11 62 55 29 54
split_gain=7.04152 2.68209 7.16828 0.97272 1.13818 1.07839 0.937073 0.557834 0.354675 0.243313 0.240718 0.236512 0.312161 0.169419 0.0716659 0.0394898
threshold=18.445000000000004 -0.10738035228456493 -0.24284747324344261 21.855000000000004 19.523085073202527 1.0000000180025095e-35 0.0075000000000000006 23.530726346344355 19.054146309512841 1.3950000000000002 0.44437406304545285 11.500000000000002 25.080781339616305 927.6500000000002 30.700000000000006 0.32050000000000006
decision_type=2 2 2 2 2 2 2 2 2 2 2 2 2 2 2 2
left_child=1 2 -1 4 10 7 9 -6 -8 -3 15 14 -13 -10 -5 -2
right_child=3 6 -4 11 5 -7 8 -9 13 -11 -12 12 -14 -15 -16 -17
leaf_value=-0.014413835152199591 -0.0026621852910994285 -0.013295099912417641 -0.086783145467817194 0.049045528054447646 -0.016137941939880166 -0.011681393196168127 -0.015484480794182139 0.019195192654229594 -0.0035602848608733213 -0.026227246864867056 -0.0013022474640658 -0.003850740159918398 0.069445237298369711 0.0072286628554048766 0.064586200768445581 0.01714327797651366
leaf_weight=161 122 98 101 373 182 117 161 322 130 95 95 98 162 265 8817 1312
leaf_count=161 122 98 101 373 182 117 161 322 130 95 95 98 162 265 8453 1312
internal_value=0.00152603 -0.00184952 -0.00557563 0.00182582 0.000950178 -0.000510109 -0.000457086 0.00022765 0.000328755 -0.00304446 0.00158503 0.0020182 0.000408082 0.00110277 0.00205676 0.00172708
internal_weight=12611 1011 262 11600 2150 621 749 504 556 193 1529 9450 260 395 9190 1434
internal_count=12247 1011 262 11236 2150 621 749 504 556 193 1529 9086 260 395 8826 1434
is_linear=0
shrinkage=0.0425745


Tree=33
num_leaves=23
num_cat=0
split_feature=4 4 50 44 20 63 32 23 17 52 63 4 63 42 38 16 38 38 38 34 34 24
split_gain=4.42419 2.10529 2.34641 2.26788 1.83791 1.29516 0.546043 0.638524 0.339063 0.286861 0.245598 0.326945 0.211085 0.136204 0.0943691 0.0594258 0.0781796 0.054715 0.183281 0.0494006 0.00654333 0.00621048
threshold=933.1500000000002 925.75000000000011 1.6583333333332388 4.289673541104599 24.136402082236234 2.8554899732702865 -1.0699999999999983 23.675000000000004 23.923559902954867 0.22450000000000003 1.72354170530552 927.75000000000011 1.6681010528311389 0.20567774082036586 2.2274149043336733 17.658793796887853 2.2274149043336733 5.0617490915973784 5.5467936402470217 0.46157788466482663 0.63492680563017589 25.925000000000004
decision_type=2 2 2 2 2 2 2 2 2 2 2 2 2 2 2 2 2 2 2 2 2 2
left_child=1 13 3 5 8 9 7 -4 -5 19 14 -12 -6 -1 -9 17 -17 -15 -19 -3 -16 -8
right_child=-2 2 6 4 12 -7 21 10 -10 -11 11 -13 -14 15 20 16 -18 18 -20 -21 -22 -23
leaf_value=-0.0034652604272160355 -0.068655239566380519 0.003758459604304197 -0.034572663489781517 -0.01827702193571959 -0.021546525198631129 -0.035778288532530733 0.061708858429650279 -0.0006142016011700857 -0.0095308725130494147 0.011000428360097722 0.01149891274278087 -0.012759113720468031 -0.00015217533575874372 0.012259430157746821 0.0011907312127905293 0.0016960433485606586 0.055885807391804147 -0.001400494629044229 0.035464940116605018 -0.012316974583561681 0.016621999009590438 0.034375134806790483
leaf_weight=136 161 96 97 96 108 107 1633 111 98 513 115 95 145 170 95 86 7769 95 115 95 558 117
leaf_count=136 161 96 97 96 108 107 1629 111 98 513 115 95 145 170 95 86 7409 95 115 95 558 117
internal_value=0.00152265 0.0016174 0.000797801 -0.000696748 -0.00315257 0.000579532 0.00148694 0.000637567 -0.00629857 0.00131099 0.00101334 0 -0.000478088 0.00200904 0.00137515 0.00203291 0.00207163 0.00106234 0.000201789 0 0.00157285 0.00196981
internal_weight=12611 12450 4079 1258 447 811 2821 1071 194 704 974 210 253 8371 764 8235 7855 380 210 191 653 1750
internal_count=12247 12086 4075 1258 447 811 2817 1071 194 704 974 210 253 8011 764 7875 7495 380 210 191 653 1746
is_linear=0
shrinkage=0.0425745


Tree=34
num_leaves=20
num_cat=0
split_feature=25 9 25 4 17 9 44 56 63 38 38 38 26 4 62 58 10 59 4
split_gain=6.79654 2.21131 1.74511 1.12117 1.22929 1.07146 1.81911 0.924262 0.700452 0.674455 1.48425 0.327203 0.194206 0.176854 0.384663 0.137713 0.0804677 0.0518031 0.0259657
threshold=16.995000000000001 -0.10738035228456493 21.855000000000004 929.85000000000002 23.865329927630004 0.7206604759859373 6.3623209413319701 929.05000000000007 0.60939135014768031 4.1203558542813292 4.8217825730708626 2.3534333229545505 69.15000000000002 928.1500000000002 24.535913594920714 1.425 0.65837719692149965 1.0850000000000002 920.35000000000002
decision_type=2 2 2 2 2 2 2 2 2 2 2 2 2 2 2 2 2 2 2
left_child=1 -1 5 4 -3 7 8 11 -7 17 -11 -2 -6 -4 16 18 -15 -9 -13
right_child=2 3 13 -5 12 6 -8 9 -10 10 -12 15 -14 14 -16 -17 -18 -19 -20
leaf_value=-0.081599558057222701 -0.0036035612133789377 -0.024653585496395038 0.058609800285657571 0.008820142071702371 -0.0075862246283151299 -0.011080011903531932 0.026946698968922007 0.0083902940973543134 -0.0061699672630858935 -0.035398329108676595 0.0077319889076452476 0.010246210503348539 0.00028800879227380372 0.02790653041464131 0.074724464012591085 -0.0018022074765417194 -0.0054888268697857621 -0.00077256557388972384 0.021737025825166161
leaf_weight=123 98 116 8563 164 97 128 176 146 95 160 124 101 103 165 625 120 100 95 1312
leaf_count=123 98 116 8199 164 97 128 176 146 95 160 124 101 103 165 625 120 100 95 1312
internal_value=0.00152265 -0.00284567 0.00174748 -0.00137278 -0.00291733 0.000720472 -0.00123022 0.00111138 -0.0038734 -0.000344093 -0.00183939 0.00161902 -0.000530104 0.00201823 0.00124275 0.00178077 0 0.00115368 0.00190181
internal_weight=12611 603 12008 480 316 2555 399 2156 223 525 284 1631 200 9453 890 1533 265 241 1413
internal_count=12247 603 11644 480 316 2555 399 2156 223 525 284 1631 200 9089 890 1533 265 241 1413
is_linear=0
shrinkage=0.0425745


Tree=35
num_leaves=21
num_cat=0
split_feature=21 9 9 21 16 44 55 35 19 44 58 55 25 29 3 58 10 34 1 1
split_gain=6.17545 3.14294 4.08701 1.28032 1.15826 1.34126 0.746953 1.29391 0.329999 0.794888 0.236136 0.152123 0.387115 0.122145 0.121817 0.104935 0.0970766 0.0893536 0.0288332 0.0189902
threshold=17.755000000000006 -0.10738035228456493 -0.5123666674339783 21.855000000000004 19.523085073202527 3.2455042956695053 928.45000000000016 24.121291225509456 27.115787965406597 6.3023219133958888 1.2250000000000003 927.45000000000016 22.955000000000002 60.350000000000001 0.99850000000000005 1.2950000000000002 0.70860043010605911 1.6205597379902705 5.9050000000000011 20.625000000000004
decision_type=2 2 2 2 2 2 2 2 2 2 2 2 2 2 2 2 2 2 2 2
left_child=1 2 -1 4 14 -6 7 -3 15 -10 -8 -5 16 -14 17 -7 -13 19 -16 -2
right_child=3 6 -4 11 5 8 10 -9 9 -11 -12 12 13 -15 18 -17 -18 -19 -20 -21
leaf_value=-0.011123258430610886 0.014298238249989353 -0.023201476507653487 -0.078169579176048595 0.057930034536485236 -0.017621906482081763 0.020523964004055414 0.011249965357868385 0.0011048584825443623 -0.010887576565071366 0.023697321903320141 -0.010745620439975477 0.025698440262688565 -0.026726066548644043 0.088099697215873213 -0.001545349662257036 -0.0029169007333902683 -0.0032159234007973305 -0.00023811342783497576 0.0069829467464475837 0.0036346264080273963
leaf_weight=96 1247 139 97 8292 114 204 202 151 171 123 118 161 95 784 95 108 118 95 106 95
leaf_count=96 1247 139 97 7928 114 204 202 151 171 123 118 161 95 784 95 108 118 95 106 95
internal_value=0.00154291 -0.00203154 -0.00678176 0.0017915 0.000855556 -0.000502064 -0.000418206 -0.00205043 0.000196392 -0.000693314 0.00086281 0.0020182 0.00137419 0.00181246 0.00149129 0.00123892 0 0.00163908 0.000115791 0.00173127
internal_weight=12611 803 193 11808 2358 720 610 290 606 294 320 9450 1158 879 1638 312 279 1437 201 1342
internal_count=12247 803 193 11444 2358 720 610 290 606 294 320 9086 1158 879 1638 312 279 1437 201 1342
is_linear=0
shrinkage=0.0425745


Tree=36
num_leaves=20
num_cat=0
split_feature=25 4 25 9 52 10 37 34 36 16 0 50 33 30 4 33 62 36 4
split_gain=5.3206 2.20975 0.84672 0.8528 0.821983 0.785331 0.896539 0.638468 0.483882 0.42208 0.34964 0.193268 0.195824 0.459516 0.109696 0.104026 0.0368516 0.0279408 0.0218705
threshold=19.285000000000004 933.25000000000011 22.455000000000002 0.73248728852523659 0.0095000000000000015 0.90515966073569365 21.650144520185286 0.94091715919502872 0.70781566985320965 24.631651822487878 1.425 1.0000000180025095e-35 18.774286616940817 74.050000000000011 931.25000000000011 14.414172358041599 18.527192493512675 0.33893619726961288 919.95000000000016
decision_type=2 2 2 2 2 2 2 2 2 2 2 2 2 2 2 2 2 2 2
left_child=1 4 3 5 8 10 -7 11 -1 -5 14 12 15 -14 18 -6 -4 -18 -2
right_child=2 -3 16 9 7 6 -8 -9 -10 -11 -12 -13 13 -15 -16 -17 17 -19 -20
leaf_value=-0.011289477418892102 0.022177016411653028 -0.075092051357165832 0.0046717949513972639 -0.0086251838110481104 -0.0052924045975473975 0.01855118418865085 -0.0094514783795215229 -0.06282706511442003 -0.019598981749343432 0.020451201348924839 -0.006136580555925834 0.0086197969606523518 0.0020145005306136657 -0.011070596915767721 -0.0072815220174021998 0.0029777567098486194 0.021876009142172768 0.073401217397214849 0.023874269602414604
leaf_weight=152 144 97 103 178 98 174 129 143 103 129 95 194 155 162 96 159 109 8265 1926
leaf_count=152 144 97 103 178 98 174 129 143 103 129 95 194 155 162 96 159 109 7901 1926
internal_value=0.00153278 -0.00105617 0.0018266 0.0011423 -0.000481647 0.00140603 -0.000469469 4.89631e-05 -0.00262255 -0.000850834 0.0016857 0.000603643 8.87897e-05 -0.000488986 0.00180382 0.00104899 0.00205071 0.002065 0.001871
internal_weight=12611 1263 11348 2871 1166 2564 303 911 255 307 2261 768 574 317 2166 257 8477 8374 2070
internal_count=12247 1263 10984 2871 1166 2564 303 911 255 307 2261 768 574 317 2166 257 8113 8010 2070
is_linear=0
shrinkage=0.0425745


Tree=37
num_leaves=21
num_cat=0
split_feature=25 9 21 4 16 2 9 4 60 4 4 25 29 26 25 27 54 60 10 59
split_gain=5.2445 1.51888 1.37364 0.773751 0.691811 0.72492 0.634458 0.605002 0.544636 0.40205 0.347214 0.378276 0.294652 0.284383 0.277468 0.242049 0.113341 0.112017 0.0664625 0.0626437
threshold=17.345000000000002 -0.12447811117596669 22.185000000000006 927.25000000000011 19.523085073202527 149.75000000000003 -0.14153898451656977 931.25000000000011 1.0000000180025095e-35 920.05000000000007 927.95000000000016 24.815000000000001 76.550000000000011 71.15000000000002 19.985000000000003 89.750000000000014 0.21650000000000003 25.360000000000003 0.70860043010605911 1.1950000000000001
decision_type=2 2 2 2 2 2 2 2 2 2 2 2 2 2 2 2 2 2 2 2
left_child=1 -1 4 -3 7 6 -6 9 14 -2 -4 12 -12 -5 19 -15 -11 -18 -14 -8
right_child=2 3 10 13 5 -7 8 -9 -10 16 11 -13 18 15 -16 -17 17 -19 -20 -21
leaf_value=-0.071537990518548519 -0.0027636473198137169 -0.013832304577553403 0.062023963559457315 -0.0080147966038356926 -0.020056913096234443 0.025527138251915948 -0.00050316999178673047 -0.024162096426272092 -0.0082143100426954538 0.00053270761211633168 -0.01241113874968681 0.096124886995524406 0.049941117589547918 0.0047202776578369205 -0.013857298014079075 -0.016885005826973807 0.017086222428522466 -9.1825884816377176e-06 -0.0022140617956786682 0.012746239008821563
leaf_weight=136 96 134 8115 96 109 297 96 114 104 154 98 419 111 225 114 112 1596 129 175 181
leaf_count=136 96 134 7751 96 109 297 96 114 104 154 98 419 111 225 114 112 1596 129 175 181
internal_value=0.00151252 -0.00201773 0.0017264 -0.000911134 0.000896835 -2.11753e-05 -0.000936353 0.00132325 -0.000150183 0.00151382 0.00199729 0.000987916 0 0 0.000440078 0.000548284 0.00166362 0.00177014 0.000712663 0.0012801
internal_weight=12611 703 11908 567 2990 901 604 2089 495 1975 8918 803 384 433 391 337 1879 1725 286 277
internal_count=12247 703 11544 567 2990 901 604 2089 495 1975 8554 803 384 433 391 337 1879 1725 286 277
is_linear=0
shrinkage=0.0425745


Tree=38
num_leaves=23
num_cat=0
split_feature=21 63 21 4 20 16 20 21 40 4 25 4 25 63 4 29 26 30 52 25 29 29
split_gain=5.01857 1.86553 1.26763 1.13577 0.855537 0.569754 0.487469 0.412587 0.989876 0.328093 0.312139 0.290262 0.333694 0.274005 0.223676 0.215234 0.167539 0.108655 0.0494728 0.0131561 0.0065432 0.00492182
threshold=17.755000000000006 4.8648984591740687 22.215000000000003 927.25000000000011 15.239829336191525 19.523085073202527 24.687055796376693 21.855000000000004 0.38279672586705721 920.05000000000007 20.565000000000001 927.95000000000016 24.815000000000001 -4.1851399373398008 931.05000000000007 76.550000000000011 92.250000000000014 77.950000000000017 0.011500000000000002 21.065000000000001 98.350000000000009 97.950000000000017
decision_type=2 2 2 2 2 2 2 2 2 2 2 2 2 2 2 2 2 2 2 2 2 2
left_child=1 3 5 -1 -5 9 7 8 -7 -2 17 19 15 -11 20 -13 18 -10 -6 -4 -15 -17
right_child=2 -3 11 4 16 6 -8 -9 10 13 -12 12 -14 14 -16 21 -18 -19 -20 -21 -22 -23
leaf_value=-0.013370741406655447 -0.0026088190231932742 -0.068831868090723919 0.032066692773305996 -0.043957325804894407 -0.000400394023762112 -0.012460326342479991 0.019390983447217361 0.015514488765657924 0.0054902381538219523 -0.0010890876420679126 -0.014390847826793217 -0.011943930343108948 0.092026252333504602 0.016124165534071894 -0.01180875617828475 0.017634260914740393 -0.017704341773205311 -0.014250045142680327 0.0066964884057308981 0.06020350719764514 0.00055311740394595546 -0.0047472453243120587
leaf_weight=124 98 96 73 99 95 96 262 128 140 98 129 97 418 1658 99 190 134 132 255 7997 98 95
leaf_count=124 98 96 73 99 95 96 262 128 140 98 129 97 418 1658 99 190 134 132 255 7633 98 95
internal_value=0.0015024 -0.00171368 0.0017266 -0.000851205 0 0.0009185 0 -0.000629333 -0.00125317 0.00130833 -0.000153531 0.00198698 0.00103682 0.00144152 0.00156583 0 0.000676264 0.000483809 0.00121394 0.00207315 0.00167952 0.000707706
internal_weight=12611 803 11808 707 583 2938 887 625 497 2051 401 8870 800 1953 1855 382 484 272 350 8070 1756 285
internal_count=12247 803 11444 707 583 2938 887 625 497 2051 401 8506 800 1953 1855 382 484 272 350 7706 1756 285
is_linear=0
shrinkage=0.0425745


Tree=39
num_leaves=21
num_cat=0
split_feature=25 31 29 25 10 43 44 52 30 9 57 10 44 55 4 38 25 7 21 21
split_gain=4.89039 1.52205 1.7563 0.977721 1.0144 2.04162 0.553568 0.462553 0.544101 0.488097 0.373067 0.335173 0.483817 0.359815 0.292587 0.171631 0.107353 0.0980468 0.00333107 0.12668
threshold=18.605000000000004 0.92917715757704944 51.750000000000007 23.025000000000002 0.081673369964559248 25.192708333333336 1.9248086646972613 0.0095000000000000015 92.850000000000009 -0.17552986495351994 931.25000000000011 0.90515966073569365 2.9688170046007367 926.75000000000011 922.95000000000016 3.6737482765753136 16.275000000000002 -0.78656609248549303 21.555000000000003 21.305000000000003
decision_type=2 2 2 2 2 2 2 2 2 2 2 2 2 2 2 2 2 2 2 2
left_child=1 7 -3 4 6 10 14 -1 16 -10 11 13 -13 15 -2 -6 -9 -14 19 -8
right_child=3 2 -4 -5 5 -7 18 8 9 -11 -12 12 17 -15 -16 -17 -18 -19 -20 -21
leaf_value=-0.010714041979156859 -0.0071361686720741403 -0.0016408026359988515 -0.065968880713571945 0.081448407272690607 -0.0071446833408253321 -0.01580317225971889 0.023473195896771808 -0.0025025501385311632 0.0019053978521090288 -0.023847423182749506 -0.015831340509915498 -0.010476356735011056 -0.0017039081299326519 0.0155106880347817 0.0066575255148843809 0.0052159615963789869 0.0066992123604883705 0.014194178036552332 0.030381549863303232 -0.0012183564400042889
leaf_weight=165 95 100 108 7536 101 95 370 145 102 141 133 118 95 750 99 96 300 140 1763 159
leaf_count=165 95 100 108 7172 101 95 370 145 102 141 133 118 95 750 99 96 300 140 1763 159
internal_value=0.00150915 -0.00122104 -0.00450891 0.00176554 0.00118984 0.000275681 0.00172579 -0.000341553 5.55449e-05 -0.00145872 0.000717122 0.000965573 0 0.0013859 -0.000174633 0 0.00102681 0.00094819 0.00191453 0.00128195
internal_weight=12611 1061 208 11550 4014 1528 2486 853 688 243 1433 1300 353 947 194 197 445 235 2292 529
internal_count=12247 1061 208 11186 4014 1528 2486 853 688 243 1433 1300 353 947 194 197 445 235 2292 529
is_linear=0
shrinkage=0.0425745


Tree=40
num_leaves=24
num_cat=0
split_feature=21 9 21 4 16 20 38 43 41 4 25 3 2 30 44 29 34 38 52 4 10 10 25
split_gain=4.38353 2.1949 1.35845 0.913782 0.516139 0.519192 0.367478 0.585091 0.378386 0.28221 0.333694 0.259502 0.40506 0.24506 0.406907 0.215234 0.119092 0.148725 0.105203 0.0820099 0.0897618 0.0678523 0.0122079
threshold=17.755000000000006 -0.12447811117596669 22.215000000000003 927.25000000000011 19.523085073202527 24.202735181411164 4.9033704339831745 21.005625000000002 22.087500000000006 927.95000000000016 24.815000000000001 0.99850000000000005 6.8500000000000005 83.250000000000014 4.0046041273954698 76.550000000000011 1.6351313353768659 3.4090345224057765 0.33150000000000007 920.25000000000011 -0.98798606843101155 0.70860043010605911 21.065000000000001
decision_type=2 2 2 2 2 2 2 2 2 2 2 2 2 2 2 2 2 2 2 2 2 2 2
left_child=1 -1 4 -3 11 6 7 -6 -9 22 15 16 -13 -5 -15 -11 17 -2 -7 -19 -21 -17 -4
right_child=2 3 9 13 5 18 -8 8 -10 10 -12 12 -14 14 -16 21 -18 19 -20 20 -22 -23 -24
leaf_value=-0.062283585595045252 -0.00027804321323123839 -0.010616295143970134 0.031564831681828436 0.0065879417236795355 0.00012190006030775951 0.012624764630918443 0.0052509194339457705 -0.0090322142026468006 -0.0073881364014477518 -0.015490096957727581 0.08464065353319053 -0.0022715020670754388 0.017553490351176038 0.01358129322589168 -0.013821792602061272 0.046403768937319567 -0.0026674752235764589 -0.0025424632260423194 -0.0061964671832418598 -0.0016260566373075464 0.01809431942917563 -0.0031346735819645049 0.055932877679767602
leaf_weight=176 126 147 73 252 154 286 118 112 117 97 418 108 150 117 111 111 100 97 100 99 1371 174 7997
leaf_count=176 126 147 73 252 154 286 118 112 117 97 418 108 150 117 111 111 100 97 100 99 1371 174 7633
internal_value=0.00149902 -0.00150178 0.00170858 -0.000213562 0.000875037 0 -0.000886732 -0.00159224 -0.00297507 0.00197738 0.00103682 0.00124608 0 0.000575602 -0.000204524 0 0.00142769 0.00151199 0.001189 0.00162536 0.00170796 0.000707706 0.0020626
internal_weight=12611 803 11808 627 2938 887 501 383 229 8870 800 2051 258 480 228 382 1793 1693 386 1567 1470 285 8070
internal_count=12247 803 11444 627 2938 887 501 383 229 8506 800 2051 258 480 228 382 1793 1693 386 1567 1470 285 7706
is_linear=0
shrinkage=0.0425745


Tree=41
num_leaves=22
num_cat=0
split_feature=21 11 21 53 24 44 17 20 44 0 46 16 11 55 62 56 63 63 62 53 24
split_gain=3.9524 1.61762 1.35572 0.626215 0.572799 1.01608 0.472392 0.460101 0.384873 0.894825 0.438251 0.227692 0.234594 0.135611 0.680979 0.0715261 0.0657251 0.063942 0.0488267 0.0255645 0.008677
threshold=17.755000000000006 11.500000000000002 22.425000000000004 0.014500000000000001 31.315000000000001 6.3023219133958888 24.175994446052162 15.981058518216878 1.9248086646972613 0.94500000000000006 17.880000000000006 14.960830519171301 11.500000000000002 927.1500000000002 24.535913594920714 927.95000000000016 -1.5708381898977952 -1.8278433038635507 18.370503049186318 0.098500000000000018 25.565000000000001
decision_type=2 2 2 2 2 2 2 2 2 2 2 2 2 2 2 2 2 2 2 2 2
left_child=1 3 4 6 8 -6 -1 -5 9 18 11 -10 16 -4 15 -15 17 -13 -2 -14 -9
right_child=2 -3 13 7 5 -7 -8 20 10 -11 -12 12 19 14 -16 -17 -18 -19 -20 -21 -22
leaf_value=-0.021194681588331248 -0.0001959846332462685 -0.062566954193894714 0.0578285352091805 -0.019229671054418671 -0.014866548367866815 0.021745442956416748 -9.3131613145045421e-06 0.014582229198124097 -0.00069993342628619322 -0.0057917073231745341 -0.014427188672547935 0.0036901645205574709 -0.0065009646480929254 0.0064027764567124142 0.098590890765106756 -0.010121938837867005 0.017872885909709205 -0.0049656109008763792 0.013868191017999226 0.012282199038920902 0.00033788310001116491
leaf_weight=103 95 168 7376 95 115 109 122 220 112 99 187 460 95 163 878 109 1652 98 139 121 95
leaf_count=103 95 168 7016 95 115 109 122 220 112 99 187 460 95 163 874 109 1652 98 139 121 95
internal_value=0.0015024 -0.00134285 0.00170137 -0.00025106 0.000928597 -0.00100409 -0.00212221 0.00062188 0.00109125 -0.000108262 0.00126128 0.0014154 0.00150529 0.00199124 0.00136895 -0.000296435 0.00163696 0.000944865 0.00112459 0 0.00151713
internal_weight=12611 803 11808 635 3282 224 225 410 3058 333 2725 2538 2426 8526 1150 272 2210 558 234 216 315
internal_count=12247 803 11444 635 3282 224 225 410 3058 333 2725 2538 2426 8162 1146 272 2210 558 234 216 315
is_linear=0
shrinkage=0.0425745


Tree=42
num_leaves=22
num_cat=0
split_feature=21 57 52 37 26 43 63 29 16 63 52 29 37 0 37 37 1 43 27 37 21
split_gain=3.53458 2.24121 0.97497 0.736842 0.912962 0.497283 0.422652 0.277382 0.376807 0.276123 0.487286 0.184733 0.666795 0.170449 0.144671 0.204543 0.0701231 0.190022 0.0628185 0.0321346 0.00893151
threshold=21.855000000000004 933.1500000000002 0.0095000000000000015 26.044989264062512 77.250000000000014 18.997708333333339 -4.4596003210826991 42.750000000000007 24.177743642614242 -0.37058164854995107 0.99450000000000005 30.700000000000006 28.525631507685386 1.0050000000000001 19.92795871906446 19.493325827393797 3.6150000000000007 24.337708333333335 80.65000000000002 26.892562142178743 22.355000000000004
decision_type=2 2 2 2 2 2 2 2 2 2 2 2 2 2 2 2 2 2 2 2 2
left_child=1 2 3 4 -1 -4 -7 8 -8 16 13 12 -2 -11 15 -13 -9 -18 -15 -10 -16
right_child=11 -3 5 -5 -6 6 7 9 19 10 -12 14 -14 18 20 -17 17 -19 -20 -21 -22
leaf_value=-0.016000596946793174 -0.01435765198770488 -0.064970694685521885 -0.027514917126317696 0.004022372416026816 -0.01630800211962069 -0.0036866978485559239 -0.015161973353347787 0.01742088475281358 -0.00077911799366477629 0.013713137933690353 -0.0036249415427415275 0.068221723192163714 0.071549586214490396 0.00089207139901330073 0.015425377277942456 -0.0072066869258740254 0.0090176657324436953 -0.0028044896418458871 -0.0052891092505485552 0.0041394605234552212 0.053502572040629442
leaf_weight=99 97 104 184 120 100 156 103 898 95 387 144 153 276 117 761 110 331 96 122 105 8053
leaf_count=99 97 104 184 120 100 156 103 898 95 387 144 153 276 117 761 110 331 96 122 105 7689
internal_value=0.00151928 0.000263237 0.000492188 -0.00167129 -0.00331547 0.000767936 0.000936572 0.00108978 0 0.00126461 0.000497113 0.00193261 0.00070055 0.00107333 0.00197614 0.000589135 0.00166194 0.000880884 0 0.000954448 0.00201022
internal_weight=12611 3161 3057 319 199 2738 2554 2398 303 2095 770 9450 373 626 9077 263 1325 427 239 200 8814
internal_count=12247 3161 3057 319 199 2738 2554 2398 303 2095 770 9086 373 626 8713 263 1325 427 239 200 8450
is_linear=0
shrinkage=0.0425745


Tree=43
num_leaves=22
num_cat=0
split_feature=4 21 2 16 44 42 59 63 0 41 25 4 4 2 10 63 4 10 0 57 25
split_gain=3.46994 2.50852 0.848194 0.945944 1.2733 0.656926 0.839323 0.596787 0.485038 0.896417 0.386346 0.34131 0.268954 0.771948 0.244607 0.143315 0.162778 0.0352674 0.0922347 0.0224723 0.0103389
threshold=933.55000000000007 22.215000000000003 15.450000000000001 19.523085073202527 6.3023219133958888 2.1794624410462187 0.8650000000000001 -4.4596003210826991 1.5750000000000004 22.022500000000004 22.395000000000003 931.25000000000011 927.95000000000016 149.75000000000003 0.70860043010605911 0.96772287025363302 920.55000000000007 0.91234096280339505 0.74500000000000011 929.45000000000016 21.065000000000001
decision_type=2 2 2 2 2 2 2 2 2 2 2 2 2 2 2 2 2 2 2 2 2
left_child=1 2 3 7 5 6 -5 -1 9 -8 11 15 20 14 -14 16 -9 -4 -19 -18 -3
right_child=-2 12 17 4 -6 -7 8 10 -10 -11 -12 -13 13 -15 -16 -17 19 18 -20 -21 -22
leaf_value=-0.0051127493629707244 -0.060803953711080737 0.025822863260006573 0.026673233026847706 -0.00044790080563666138 0.0084741311252917763 0.00042277837263036906 -0.021453280384988359 -0.00098605374640503194 -0.0057566775495243973 -0.0092357994764103914 -0.0023170173195124961 -0.017137207997060009 0.0010551225038284197 0.080006304195252412 -0.0088807040222218542 -0.0024972941882523141 0.01441524137824482 0.01360243268439525 -0.0047892586931006136 0.0038380315509025245 0.04920802418790135
leaf_weight=121 107 73 897 138 232 148 173 99 126 99 135 95 168 529 99 127 916 98 96 138 7997
leaf_count=121 107 73 897 138 232 148 173 99 126 99 135 95 168 529 99 127 916 98 96 138 7633
internal_value=0.00149902 0.00156854 0.000601393 0.000147869 -0.0009149 -0.00188406 -0.00259405 0.000784047 -0.00358811 -0.00466849 0.00104272 0.00127657 0.0019581 0.00103133 -0.000659861 0.00147932 0.00162925 0.00160088 0.00048083 0.0017842 0.0020415
internal_weight=12611 12504 3638 2547 916 684 536 1631 398 272 1510 1375 8866 796 267 1280 1153 1091 194 1054 8070
internal_count=12247 12140 3638 2547 916 684 536 1631 398 272 1510 1375 8502 796 267 1280 1153 1091 194 1054 7706
is_linear=0
shrinkage=0.0425745


Tree=44
num_leaves=22
num_cat=0
split_feature=57 10 51 43 10 16 38 18 54 34 52 39 3 38 54 30 62 35 43 52 20
split_gain=3.45689 2.37742 2.27035 2.17528 0.928599 1.39066 1.16996 1.77981 0.588893 0.409736 0.333076 0.332316 0.322229 0.254622 0.204618 0.167417 0.142226 0.138983 0.115766 0.0372904 0.022633
threshold=933.55000000000007 0.081673369964559248 1030.6785000000002 25.32854166666667 0.65837719692149965 21.639935829448067 2.0213759515902745 25.011535433269497 0.98550000000000015 1.3532397691365803 0.0075000000000000006 21.911666666666669 0.99450000000000005 4.0803418342801292 0.99650000000000005 97.350000000000009 23.243311367482843 21.010845435454637 20.682916666666671 0.98550000000000015 22.477248276855502
decision_type=2 2 2 2 2 2 2 2 2 2 2 2 2 2 2 2 2 2 2 2 2
left_child=1 11 3 4 8 9 10 -8 19 15 -7 12 -1 -14 -15 17 20 -6 -17 -3 -4
right_child=-2 2 16 -5 5 6 7 -9 -10 -11 -12 -13 13 14 -16 18 -18 -19 -20 -21 -22
leaf_value=0.031120276238001791 -0.062722630581878977 0.023050389773124791 0.020987781991698248 -0.015539849923877521 0.0098103006633807784 -0.011879247038736376 -0.026456361277328984 -0.005819662052869894 -0.00063676489362110783 -0.0094148700106024188 0.0042299322835126531 0.040853182465635934 -0.0048826043461652462 -0.00087492541146365886 0.019955259930159508 -0.017129150535539341 0.07948885863030393 -0.0072233901275696498 0.0078222818383268788 0.00023275847719371093 -0.00053856404188159937
leaf_weight=450 107 594 112 149 385 97 97 145 150 166 125 7528 96 167 218 98 1498 97 142 95 95
leaf_count=450 107 594 112 149 385 97 97 145 150 166 125 7164 96 167 218 98 1498 97 142 95 95
internal_value=0.00148552 0.00155492 0.000681381 -0.000154579 0.000156347 -0.000500398 -0.0024096 -0.00445614 0.00129035 0.000426313 0 0.00196499 0.00105326 0.00013687 0.000744988 0.000918961 0.00186578 0.00137591 0 0.0018488 0.000378972
internal_weight=12611 12504 4045 2340 2191 1352 464 242 839 888 222 8459 931 481 385 722 1705 482 240 689 207
internal_count=12247 12140 4045 2340 2191 1352 464 242 839 888 222 8095 931 481 385 722 1705 482 240 689 207
is_linear=0
shrinkage=0.0425745


Tree=45
num_leaves=23
num_cat=0
split_feature=4 21 2 31 25 60 45 4 44 44 4 62 10 38 44 44 52 11 40 26 0 25
split_gain=3.46667 2.33138 0.773526 0.730128 0.452123 1.15353 0.634122 0.459995 1.37364 0.367898 0.35101 0.616425 0.31203 0.300126 0.271858 0.323301 0.109691 0.109058 0.0862805 0.0731343 0.0194427 0.014067
threshold=933.55000000000007 22.395000000000003 15.450000000000001 1.054239094594678 22.395000000000003 4.5150000000000006 1796.296 926.75000000000011 6.3023219133958888 3.2455042956695053 927.95000000000016 25.392245217415269 0.70860043010605911 3.7351457994541399 4.289673541104599 5.0406212408932314 0.99850000000000005 11.500000000000002 0.59651767227169761 63.45000000000001 1.2750000000000001 21.635000000000002
decision_type=2 2 2 2 2 2 2 2 2 2 2 2 2 2 2 2 2 2 2 2 2 2
left_child=1 2 3 4 6 -6 7 8 -1 -9 21 12 -12 -8 -11 -16 18 20 -15 -17 -4 -3
right_child=-2 10 17 -5 5 -7 13 9 -10 14 11 -13 -14 16 15 19 -18 -19 -20 -21 -22 -23
leaf_value=-0.016814533049739646 -0.053799827299396842 0.023793115061289442 0.024044180628737154 -0.021112345748326641 0.0049839059279272874 -0.0072830407312853172 -0.00096965023740978634 -0.01372147529917276 0.018819369183005634 0.013662521714608855 0.021451561228251925 0.077961616980995269 -0.0070549969442870513 0.016409634129720352 -0.011325590489569855 -0.00032040789421574234 -0.0044506159006473863 -0.0008508187591789153 -0.0016978873711182417 0.0030375745900072799 -0.00010750349292840017 0.050053760337016868
leaf_weight=132 107 172 963 136 120 112 130 166 100 301 179 471 109 1002 96 96 109 119 95 151 96 7649
leaf_count=132 107 172 963 136 120 112 130 166 100 301 179 471 109 1002 96 96 109 119 95 151 96 7285
internal_value=0.00149565 0.00156513 0.00068015 0.000260384 0.00044029 -0.00126235 0.00063358 -9.79353e-05 -0.00181132 0.000315029 0.00196234 0.00092184 -0.000456992 0.00125171 0.000838629 0 0.00147477 0.00160372 0.00160377 0.000833484 0.00174565 0.00205505
internal_weight=12611 12504 3924 2746 2610 232 2378 1042 232 810 8580 759 288 1336 644 343 1206 1178 1097 247 1059 7821
internal_count=12247 12140 3924 2746 2610 232 2378 1042 232 810 8216 759 288 1336 644 343 1206 1178 1097 247 1059 7457
is_linear=0
shrinkage=0.0425745


Tree=46
num_leaves=23
num_cat=0
split_feature=21 57 54 59 1 37 24 1 63 4 32 37 37 4 10 4 9 37 25 10 4 24
split_gain=3.02539 2.27878 0.573376 0.948138 0.590282 0.514836 0.994803 0.376381 0.359616 0.34784 1.02706 0.322607 0.499349 0.530098 0.287496 0.248576 0.192637 0.14215 0.0963349 0.222405 0.0461781 0.0143654
threshold=22.145000000000003 933.25000000000011 0.32050000000000006 1.5650000000000002 1.0000000180025095e-35 26.188394666781338 26.935000000000006 3.0650000000000004 1.8420258209113778 928.95000000000016 0.20000000000000109 23.771656040086008 22.587973242191236 922.75000000000011 0.96457844552971317 929.45000000000016 -0.97109105924028405 20.042306807789934 21.705000000000002 0.081673369964559248 928.55000000000007 32.255000000000003
decision_type=2 2 2 2 2 2 2 2 2 2 2 2 2 2 2 2 2 2 2 2 2 2
left_child=1 2 4 7 5 6 8 14 17 18 -11 12 16 -14 -4 -10 -9 -1 19 -2 -19 -7
right_child=9 -3 3 -5 -6 21 -8 11 15 10 -12 -13 13 -15 -16 -17 -18 20 -20 -21 -22 -23
leaf_value=-0.013922034953157261 0.022797901884042984 -0.047421578075924523 0.018000811870334543 -0.012675816892035631 -0.0093518436371780277 0.013813015724469848 -0.017908842482772334 -0.0022995006626022564 -0.00079486457336939303 -0.011183597180901502 0.046359833715989486 0.012962941319659086 -0.0044175486186823158 -0.00040721016490098927 -0.0047229983067826669 -0.024395701234664224 0.0037184262428153554 7.5999594162024108e-05 0.044810444542139512 -0.0032844471787748073 0.0071285912079225239 0.010837348952729125
leaf_weight=96 193 98 1318 98 123 260 103 117 132 123 325 208 99 97 120 103 242 109 8207 121 224 95
leaf_count=96 193 98 1318 98 123 260 103 117 132 123 325 208 99 97 120 103 242 109 7843 121 224 95
internal_value=0.00150915 0.000451129 0.000644966 0.00104505 -4.26702e-05 0.00021231 -0.000340994 0.0012482 0.000172849 0.00193158 0.00055972 0.000370656 -5.73468e-05 -0.00188311 0.00166901 -0.00103852 0.000763332 0.000985781 0.00199616 0.000838671 0.00142253 0.00158591
internal_weight=12611 3642 3544 2299 1245 1122 767 2201 664 8969 448 763 555 196 1438 235 359 429 8521 314 333 355
internal_count=12247 3642 3544 2299 1245 1122 767 2201 664 8605 448 763 555 196 1438 235 359 429 8157 314 333 355
is_linear=0
shrinkage=0.0425745


Tree=47
num_leaves=23
num_cat=0
split_feature=10 2 4 9 43 10 10 52 58 36 31 1 33 38 26 24 57 32 1 40 32 26
split_gain=2.82218 2.22986 2.04855 4.35207 2.05903 0.579772 0.859722 0.623745 0.517325 0.789671 0.537333 0.468725 0.352007 0.604931 0.574995 0.190325 0.180272 0.156895 0.148358 0.0897933 0.0784364 0.0710752
threshold=0.1159303052754759 223.85000000000002 931.95000000000016 -0.10738035228456493 25.471458333333334 0.67123509350548771 0.72064045540576316 0.44750000000000006 1.3050000000000004 1.8447887928064803 -0.13510091319551695 3.0650000000000004 20.091980013683688 3.9939360147615051 98.950000000000017 22.855000000000004 924.35000000000002 -2.3450000000000002 29.185000000000006 0.38279672586705721 0.20000000000000109 73.15000000000002
decision_type=2 2 2 2 2 2 2 2 2 2 2 2 2 2 2 2 2 2 2 2 2 2
left_child=12 2 4 -4 5 11 -7 8 9 10 17 16 13 14 -1 -13 -2 -8 -15 -19 -3 -10
right_child=1 20 3 -5 -6 6 7 -9 21 -11 -12 15 -14 18 -16 -17 -18 19 -20 -21 -22 -23
leaf_value=-0.0071362703013233128 -0.00072998508025209343 0.00015313474672561201 -0.052778317783113836 0.0065509596594566432 -0.017695954055078934 -0.020428555819273112 -0.0092471221858878763 0.011817343078124248 -0.0092430318038177698 -0.01496144641454507 -0.0064991203578031176 0.025164263203811904 0.046404189433310976 0.018085137159538925 0.0052193958091928099 -0.0033300195863935271 0.020882555633028807 -0.0012250714983349804 -0.0024447543763816771 0.014492242461562098 0.071616038377963487 0.0044592712607888054
leaf_weight=100 103 119 102 100 117 103 95 358 95 104 102 103 6821 1430 104 119 690 103 100 150 1266 227
leaf_count=100 103 119 102 100 117 103 95 358 95 104 102 103 6457 1430 104 119 690 103 100 150 1266 227
internal_value=0.00148552 0.000538376 -0.000158535 -0.00428527 0.000154263 0.00045419 -8.42941e-05 0.000179257 -0.000373871 -0.00121266 -0.000283269 0.00122604 0.00192702 0.00128113 -0.000686163 -0.000267397 0.00172455 0.000353928 0.00158538 0.00103196 0.00192795 0.000870657
internal_weight=12611 4056 2671 202 2469 2352 1337 1234 876 554 450 1015 8555 1734 204 222 793 348 1530 253 1385 322
internal_count=12247 4056 2671 202 2469 2352 1337 1234 876 554 450 1015 8191 1734 204 222 793 348 1530 253 1385 322
is_linear=0
shrinkage=0.0425745


Tree=48
num_leaves=25
num_cat=0
split_feature=10 47 31 19 9 61 9 27 4 18 9 29 59 33 44 62 58 20 9 10 42 3 3 34
split_gain=2.66991 2.24506 1.66864 1.00091 0.38412 0.64161 0.61094 1.21182 0.736161 0.593321 1.28302 0.367416 0.603063 0.30603 0.30752 0.326147 0.252409 0.322249 0.217447 0.131094 0.0898724 0.0395929 0.0979282 0.0288184
threshold=0.081673369964559248 100.55000000000001 1.5644122032643983 31.464427499575255 -0.42109697129093543 1.0550000000000004 -0.12447811117596669 92.550000000000011 929.25000000000011 23.871073365470615 0.30081702196488996 86.250000000000014 0.69500000000000006 20.091980013683688 1.9248086646972613 18.914537335937059 1.3150000000000002 23.593437660941891 0.76665171983724034 -0.99626127116974506 0.46791913449558081 0.99750000000000016 0.99950000000000017 0.13235004793964442
decision_type=2 2 2 2 2 2 2 2 2 2 2 2 2 2 2 2 2 2 2 2 2 2 2 2
left_child=13 2 3 4 5 -2 7 -6 9 10 -8 -7 -13 14 15 -1 18 -18 -11 -16 -3 -21 -23 -22
right_child=1 20 -4 -5 6 11 8 -9 -10 16 -12 12 -14 -15 19 -17 17 -19 -20 21 23 22 -24 -25
leaf_value=-0.0052416562904171312 0.01997352541645742 -0.015011364140309364 -0.050486548127082601 -0.014438105220591375 -0.014782918157002391 0.0037117284824313068 0.00018557167365385117 0.0042685511529507551 0.0064844714212741834 -0.0042126430043087533 -0.014287240797976795 0.0046547777114901217 -0.0062481645661204149 0.044930596635302543 -0.002093714806775439 0.0090125590946592768 -0.0073304795985199411 0.011953493434225457 -4.2440471838284542e-05 0.022283324872829063 -0.000469078162516703 0.0018830517900909648 0.013048028000216667 0.075464451970002414
leaf_weight=98 550 105 103 119 127 113 101 119 391 125 95 95 99 6747 104 125 98 240 111 988 99 200 197 1462
leaf_count=98 550 105 103 119 127 113 101 119 391 125 95 95 99 6383 104 125 98 240 111 988 99 200 197 1462
internal_value=0.0015024 0.000595646 -0.000191731 1.15822e-05 0.000238725 0.000960463 -0.000155715 -0.0021055 0.00020335 -0.000497113 -0.00253257 -0.000435689 -0.00170562 0.00193983 0.00131996 0 8.87897e-05 0.000930094 -0.00084524 0.00154185 0.00180853 0.00165143 0.000893807 0.00189605
internal_weight=12611 4152 2486 2383 2264 857 1407 246 1161 770 196 307 194 8459 1712 223 574 338 236 1489 1666 1385 397 1561
internal_count=12247 4152 2486 2383 2264 857 1407 246 1161 770 196 307 194 8095 1712 223 574 338 236 1489 1666 1385 397 1561
is_linear=0
shrinkage=0.0425745


Tree=49
num_leaves=22
num_cat=0
split_feature=21 57 38 0 61 57 52 44 4 10 11 63 4 25 10 29 4 63 11 27 53
split_gain=2.47031 1.46573 0.845791 0.833466 1.48262 0.641304 0.725901 0.414637 0.710691 1.07564 0.295974 0.288751 0.266461 0.301391 0.157504 0.151164 0.0994263 0.0604553 0.0588422 0.0274738 0.0130574
threshold=22.785000000000004 933.25000000000011 4.4053757120811179 0.93500000000000016 0.70500000000000007 929.1500000000002 0.58750000000000002 6.3299573851280497 927.05000000000007 0.31717953954346351 11.500000000000002 1.8420258209113778 928.75000000000011 24.815000000000001 -0.9975933521984367 97.250000000000014 928.55000000000007 -3.8217356588660993 1.5000000000000002 72.250000000000014 0.057500000000000009
decision_type=2 2 2 2 2 2 2 2 2 2 2 2 2 2 2 2 2 2 2 2 2
left_child=1 2 3 10 7 14 -7 8 9 -5 15 16 18 -14 -4 19 -10 -16 -2 -1 -19
right_child=12 -3 5 4 -6 6 -8 -9 11 -11 -12 -13 13 -15 17 -17 -18 20 -20 -21 -22
leaf_value=0.0020377002754994925 0.009971053314831696 -0.046070566701976477 -0.0030270926112105963 0.0014202702141534887 -0.0043260201679814515 -0.016172798311926331 0.0072130371877264284 0.013353433957265686 -0.0026040787676522704 -0.01702433262277182 -0.005026703218467753 -0.012705116073469051 -0.007029579373485138 0.034338742010449751 -0.00010757836169136782 -0.0015118368194093198 0.0016849412065654003 0.00025890736740872715 0.052803909397954443 0.011711808039159151 0.015887969198134982
leaf_weight=95 189 105 97 107 171 133 148 258 103 108 130 178 181 256 109 99 228 98 7293 552 1973
leaf_count=95 189 105 97 107 171 133 148 258 103 108 130 178 181 256 109 99 228 98 6929 552 1973
internal_value=0.00152265 0.000726699 0.000852374 0.000166728 -0.000547965 0.00137106 -0.000370098 2.59288e-05 -0.000428792 -0.00251673 0.00118004 0.000329835 0.00198608 0.00071484 0.00161404 0.00152805 0.00116153 0.00168877 0.00205172 0.00176491 0.00174782
internal_weight=12611 4692 4587 2029 1153 2558 281 982 724 215 876 509 7919 437 2277 746 331 2180 7482 647 2071
internal_count=12247 4692 4587 2029 1153 2558 281 982 724 215 876 509 7555 437 2277 746 331 2180 7118 647 2071
is_linear=0
shrinkage=0.0425745


Tree=50
num_leaves=23
num_cat=0
split_feature=21 57 27 44 9 5 4 44 58 63 4 25 44 36 54 55 9 60 9 11 25 9
split_gain=2.46417 1.23592 0.751769 0.615202 0.861313 1.27809 0.404056 0.332152 0.57027 0.444173 0.338903 0.291073 0.235343 0.206075 0.192615 0.186294 0.175487 0.144275 0.0620167 0.0474966 0.0611871 0.00654715
threshold=22.785000000000004 933.25000000000011 81.350000000000009 6.3299573851280497 0.7206604759859373 -0.70710678118654735 928.95000000000016 1.9248086646972613 0.94500000000000006 -4.4596003210826991 931.55000000000007 25.395000000000003 3.3475123247894865 2.3709199702363137 0.99950000000000017 928.1500000000002 -0.94697898371965705 26.135000000000005 0.63874350706337069 1.5000000000000002 25.685000000000006 0.80900950266415306
decision_type=2 2 2 2 2 2 2 2 2 2 2 2 2 2 2 2 2 2 2 2 2 2
left_child=1 2 3 4 12 -6 19 8 16 -9 14 13 -1 -8 17 -14 -4 18 -11 20 -2 -5
right_child=6 -3 7 21 5 -7 11 9 -10 10 -12 -13 15 -15 -16 -17 -18 -19 -20 -21 -22 -23
leaf_value=-0.013659669711004109 -0.001757550553297893 -0.044109134854026323 -0.0019444754302150016 0.00038069982377476636 -0.015464110722385547 -0.0040957077199694414 -0.01021238771680847 -0.0012463611214997053 -0.0065333823683258671 0.012722240241129642 -0.0062486594997731883 0.038600820546625066 -0.0034962996106961356 0.00059992937538289189 -0.0021738840807306982 0.0031676948923021957 0.0062936099754056151 -0.0018756989351271594 0.0013887798910880115 0.050574061778102898 0.10165146139033783 0.021646509875720629
leaf_weight=109 99 105 95 95 100 142 97 163 113 2344 188 176 171 109 173 285 189 104 109 7339 99 207
leaf_count=109 99 105 95 95 100 142 97 163 113 2344 188 176 171 109 173 285 189 104 109 6975 99 207
internal_value=0.00151252 0.000717627 0.000833814 -7.85936e-05 -0.000745813 -0.00287709 0.00197533 0.00114308 0 0.00129241 0.00142075 0.000400362 5.63331e-05 -0.000452909 0.00154351 0.000587207 0.00100184 0.0016371 0.00170302 0.00204663 0.000728318 0.00149086
internal_weight=12611 4692 4587 1109 807 242 7919 3478 397 3081 2918 382 565 206 2730 456 284 2557 2453 7537 198 302
internal_count=12247 4692 4587 1109 807 242 7555 3478 397 3081 2918 382 565 206 2730 456 284 2557 2453 7173 198 302
is_linear=0
shrinkage=0.0425745


Tree=51
num_leaves=24
num_cat=0
split_feature=21 21 9 38 4 2 53 43 55 35 52 38 4 55 26 17 17 1 63 11 61 11 55
split_gain=2.52136 1.37561 2.04365 0.710678 0.762905 0.669578 0.383399 0.445665 0.36772 0.6329 0.275099 0.267277 0.262957 0.209877 0.216132 0.203927 0.166722 0.141093 0.0832434 0.0797535 0.0667299 0.0325135 0.0033899
threshold=23.245000000000001 16.565000000000001 -0.12447811117596669 4.4053757120811179 931.25000000000011 15.450000000000001 0.99750000000000016 25.471458333333334 928.45000000000016 24.468981335131268 0.0095000000000000015 4.23542164740212 929.05000000000007 924.85000000000002 98.65000000000002 24.836375956947784 25.010267960029136 30.415000000000003 -4.4596003210826991 2.5000000000000004 3.8550000000000004 11.500000000000002 930.35000000000002
decision_type=2 2 2 2 2 2 2 2 2 2 2 2 2 2 2 2 2 2 2 2 2 2 2
left_child=1 2 -1 5 15 6 7 10 9 -4 -3 13 -2 14 -12 17 -15 18 -5 -14 -7 -20 -21
right_child=12 3 8 4 -6 20 -8 -9 -10 -11 11 -13 19 16 -16 -17 -18 -19 21 22 -22 -23 -24
leaf_value=-0.047470656038963999 0.063321990913788123 -0.0046426737707806519 -0.015548946018488718 -0.00064248047764255698 -0.0074579628455939346 0.023245793337653944 -0.0031940976489951184 -0.013319731064463153 0.0074277333186706599 0.0053481365566943623 -0.0046105454617260122 -0.0042187225262880516 0.045479583423754605 0.0068066476968490341 0.0067496034303901808 -0.0085312553863002172 -0.0013463624444729216 -0.0018575808071075676 0.014576478697446011 -0.0034753795587188809 -0.0017392989572571783 0.0010587756103753784 0.0081903077319573393
leaf_weight=97 6906 149 95 98 97 419 153 132 216 96 135 99 96 463 96 103 122 103 2427 100 107 206 96
leaf_count=97 6542 149 95 98 97 419 153 132 216 96 135 99 96 463 96 103 122 103 2427 100 107 206 96
internal_value=0.00148552 0.000771866 -0.00129062 0.000996785 0.00140573 0.000300719 -0.000159252 4.61964e-05 0 -0.00132136 0.00038783 0.000708992 0.00201319 0.00100608 0 0.00154127 0.00143561 0.00161004 0.00166841 0.000450746 0.00160048 0.00171595 0
internal_weight=12611 5413 504 4909 3034 1875 1349 1196 407 191 1064 915 7198 816 231 2937 585 2834 2731 292 526 2633 196
internal_count=12247 5413 504 4909 3034 1875 1349 1196 407 191 1064 915 6834 816 231 2937 585 2834 2731 292 526 2633 196
is_linear=0
shrinkage=0.0425745


Tree=52
num_leaves=28
num_cat=0
split_feature=21 45 4 32 34 25 56 52 53 26 57 20 4 26 1 4 1 63 4 4 52 56 11 53 63 63 4
split_gain=2.40603 1.276 0.903217 0.609355 0.81408 0.652578 0.908511 0.427159 0.308467 0.273133 0.27198 0.269219 0.257648 0.247066 0.223794 0.222598 0.165426 0.125725 0.107596 0.0931001 0.114127 0.0812347 0.0797535 0.0421327 0.0288119 0.0777761 0.0102146
threshold=23.245000000000001 1880.2175000000002 933.55000000000007 0.32499999999999934 1.6205597379902705 20.635000000000002 924.1500000000002 0.0065000000000000014 0.99750000000000016 98.65000000000002 928.25000000000011 16.853213587975883 929.05000000000007 99.250000000000014 0.025000000000000005 927.45000000000016 33.525000000000013 0.36231149404740043 929.25000000000011 922.25000000000011 0.99450000000000005 926.35000000000002 2.5000000000000004 0.55750000000000022 -0.33064852646996096 0.73788355760612323 922.05000000000007
decision_type=2 2 2 2 2 2 2 2 2 2 2 2 2 2 2 2 2 2 2 2 2 2 2 2 2 2 2
left_child=1 2 3 4 5 7 -7 15 10 17 16 18 -2 -11 -12 -1 19 26 -9 20 -3 -13 -14 -23 -22 -26 -10
right_child=12 8 -4 -5 -6 6 -8 11 9 13 14 21 22 -15 -16 -17 -18 -19 -20 -21 24 23 -24 -25 25 -27 -28
leaf_value=-0.0102509975374516 0.060626088116295794 0.013553215228098891 -0.035328662883829298 0.025756380221555852 -0.028580447967277586 0.0063068245429977821 -0.012341791732860126 -0.0035906156552958004 0.00017830178703561527 -0.0022484031503124256 0.010963905149071451 0.00034757141221586986 0.043543312399872587 0.0014491111502094305 -0.0017955238252497637 -0.0010626274845535898 -0.00075442036080342035 -0.0016129516706790484 0.0016770382036738957 0.015981586258214761 -0.0022323922567915417 0.0058517429983749852 -0.00069379376635094489 0.0054111998156967777 0.011280441480681962 -0.0014039051552576028 0.02640350478496041
leaf_weight=95 6906 265 101 305 104 112 169 106 95 145 126 177 96 140 175 146 99 114 136 1558 207 485 196 116 112 95 230
leaf_count=95 6542 265 101 305 104 112 169 106 95 145 126 177 96 140 175 146 99 114 136 1558 207 485 196 116 112 95 230
internal_value=0.00148552 0.000787595 -1.8635e-05 0.000153759 -0.000134406 7.17127e-05 -0.0017305 0.00052468 0.00129875 0.000393541 0.00152288 0.000938472 0.00200137 -0.000484147 7.74065e-05 -0.000959883 0.0016817 0.00110861 -6.99095e-05 0.00175705 0.00109299 0.00133403 0.000450746 0.00159557 0.00043107 0.000789012 0.00153591
internal_weight=12611 5413 2052 1951 1646 1542 281 1261 3361 724 2637 1020 7198 285 301 241 2336 439 242 2237 679 778 292 601 414 207 325
internal_count=12247 5413 2052 1951 1646 1542 281 1261 3361 724 2637 1020 6834 285 301 241 2336 439 242 2237 679 778 292 601 414 207 325
is_linear=0
shrinkage=0.0425745


Tree=53
num_leaves=24
num_cat=0
split_feature=10 47 43 11 43 38 19 62 38 63 26 17 25 60 61 57 25 29 53 4 26 4 4
split_gain=2.36607 1.78537 1.62952 1.2533 3.09054 0.750412 0.698007 0.35027 0.375816 0.507817 0.375152 0.350255 0.318688 0.318206 0.296517 0.230746 0.213934 0.204048 0.154843 0.121719 0.0731924 0.014656 0.00567789
threshold=0.081673369964559248 100.55000000000001 25.346041666666668 11.500000000000002 19.178541666666671 2.6000780218143285 24.963917471645534 21.39582041648406 3.9513319351363347 -1.5708381898977952 98.950000000000017 24.311888844301361 20.565000000000001 3.1850000000000005 1.0550000000000004 932.35000000000002 16.005000000000006 86.250000000000014 0.081500000000000017 931.75000000000011 86.250000000000014 925.75000000000011 931.05000000000007
decision_type=2 2 2 2 2 2 2 2 2 2 2 2 2 2 2 2 2 2 2 2 2 2 2
left_child=7 2 3 5 -5 6 -2 8 10 13 -1 -8 18 -10 16 19 -7 -16 -6 -3 -11 -18 -23
right_child=1 15 -4 4 12 14 11 -9 9 20 -12 -13 -14 -15 17 -17 21 -19 -20 -21 -22 22 -24
leaf_value=-0.0068096532818884845 -0.0075280769949982989 0.068477884770609357 -0.01380142203401134 -0.04420280456852075 -5.5534277618648529e-05 -0.0018840838951840828 -0.011838767485454541 0.061828223590052876 0.01129949658146305 0.010756061397769199 0.004330810861958698 0.002983449356230464 -0.008102842954646975 -0.004299945319765121 0.0023640437570324776 -0.0016369098306559201 -3.5949600006497849e-06 -0.0028803286317775159 0.013524024920389257 -0.00054595232742421778 0.014712095349075936 0.0096169070227324158 5.33111075387217e-05
leaf_weight=122 150 1424 155 105 97 106 96 6057 115 111 107 234 100 166 132 146 99 176 164 96 1781 761 111
leaf_count=122 150 1424 155 105 97 106 96 5693 115 111 107 234 100 166 132 146 99 176 164 96 1781 761 111
internal_value=0.00148214 0.000626403 -7.18825e-05 0.000183478 -0.00175152 0.000701682 -0.000664177 0.00189453 0.00137502 0.00155025 -8.98361e-06 0.000257314 0 0 0.00122127 0.00170635 0.00155452 0 0.000902785 0.00186178 0.00180178 0.00175477 0.00185871
internal_weight=12611 4152 2486 2331 466 1865 480 8459 2402 2173 229 330 361 281 1385 1666 1077 308 261 1520 1892 971 872
internal_count=12247 4152 2486 2331 466 1865 480 8095 2402 2173 229 330 361 281 1385 1666 1077 308 261 1520 1892 971 872
is_linear=0
shrinkage=0.0425745


Tree=54
num_leaves=26
num_cat=0
split_feature=21 11 43 38 55 37 44 59 19 53 27 53 57 57 37 26 60 60 43 27 59 59 32 11 11
split_gain=2.52278 1.64329 2.12589 0.71279 0.767687 0.618645 0.597497 0.950008 0.87075 0.58166 0.443155 0.388339 0.270787 0.223945 0.221606 0.174929 0.176067 0.227859 0.139288 0.106627 0.101833 0.0672951 0.0364886 0.131244 0.0115194
threshold=23.245000000000001 11.500000000000002 19.525208333333339 4.4053757120811179 928.1500000000002 21.255504312872549 6.3299573851280497 1.1250000000000002 26.725146331417349 0.99750000000000016 71.750000000000014 0.85650000000000015 929.1500000000002 932.05000000000007 20.154694206675689 98.950000000000017 3.1850000000000005 6.9150000000000009 23.270833333333339 75.850000000000009 0.68500000000000016 1.6250000000000002 -4.915 3.5000000000000004 11.500000000000002
decision_type=2 2 2 2 2 2 2 2 2 2 2 2 2 2 2 2 2 2 2 2 2 2 2 2 2
left_child=1 3 -3 4 6 -4 7 9 -9 11 -10 -1 15 22 -14 19 -17 -18 21 -5 -19 -6 23 -2 -24
right_child=13 2 5 12 18 -7 -8 8 10 -11 -12 -13 14 -15 -16 16 17 20 -20 -21 -22 -23 24 -25 -26
leaf_value=-0.0032978216656714457 -0.0013374815990517715 -0.032053463244162507 0.013617623574838119 -0.0072439620842522558 0.0088559018991229647 -0.003991651110850156 0.012126508036643153 -0.0016328835185524819 -0.011639209059880652 -0.002433360711671417 -0.014401692238636268 0.0060140681891539798 -0.0051389403838970468 -0.00059442137068062208 0.013777251904257326 0.015337489064634596 -0.0061908442854328779 -0.0005188593992471838 -0.00054102580428430289 0.01501637307077937 0.0083738628573341231 0.00039794295213611602 0.057541348745165248 0.1185117652833412 0.014041296384470832
leaf_weight=145 108 165 235 96 559 146 250 154 95 145 113 359 121 99 101 227 96 106 96 1936 160 108 6660 157 174
leaf_count=145 108 165 235 96 559 146 250 154 95 145 113 359 121 99 101 227 96 106 96 1936 160 108 6296 157 174
internal_value=0.00146189 0.000748274 -0.00141732 0.00100451 0.000351135 0.000172732 -0.000251347 -0.000755339 -0.00251207 0.00012769 -0.00430488 0.000902551 0.00144699 0.00198954 0 0.0015679 0.000718296 0 0.00142992 0.00178241 0.000766114 0.00164827 0.00201758 0.000921244 0.00205065
internal_weight=12611 5413 546 4867 2024 381 1261 1011 362 649 208 504 2843 7198 222 2621 589 362 763 2032 266 667 7099 265 6834
internal_count=12247 5413 546 4867 2024 381 1261 1011 362 649 208 504 2843 6834 222 2621 589 362 763 2032 266 667 6735 265 6470
is_linear=0
shrinkage=0.0425745


Tree=55
num_leaves=29
num_cat=0
split_feature=21 21 62 38 57 42 56 22 16 32 16 40 33 20 39 9 16 9 57 1 21 26 1 33 32 11 61 11
split_gain=2.5991 1.18375 1.45155 0.665347 0.396328 0.368171 0.362434 0.351928 0.38923 0.558328 0.314319 0.286746 0.305754 0.371193 0.646341 0.264059 0.257553 0.24749 0.22263 0.158751 0.13101 0.1293 0.0582017 0.0559021 0.0349408 0.131244 0.0185892 0.0104179
threshold=23.245000000000001 16.275000000000002 17.860234170091328 4.5547792570494581 928.25000000000011 0.87986447105760779 929.05000000000007 23.175000000000004 21.639935829448067 -3.8999999999999999 24.8857788177862 0.60519967589777901 19.832035459712358 24.202735181411164 21.84 -0.89391031859722869 17.936117406162001 0.73248728852523659 932.05000000000007 29.185000000000006 18.445000000000004 97.350000000000009 0.025000000000000005 16.74684973769233 -4.915 3.5000000000000004 23.455000000000002 11.500000000000002
decision_type=2 2 2 2 2 2 2 2 2 2 2 2 2 2 2 2 2 2 2 2 2 2 2 2 2 2 2 2
left_child=1 2 -1 7 17 22 10 11 21 -10 -4 12 15 14 -14 16 -3 19 24 26 -13 -9 -6 -17 25 -2 -5 -26
right_child=18 3 6 4 5 -7 -8 8 9 -11 -12 20 13 -15 -16 23 -18 -19 -20 -21 -22 -23 -24 -25 27 -27 -28 -29
leaf_value=-0.04095574887487162 -0.0012805389740261778 -0.0015993398786416965 -0.012045011937837595 0.012986919283474386 0.0079141074829555784 -0.0056957757151572712 0.0084755752754375139 0.0073243455433802413 -0.0067566730546256967 -0.0085560182370257275 0.001961696169429514 0.0011321966766157268 -0.0039144048804346685 -6.5587512593198675e-05 0.0032206352238230221 -0.00046141068580732428 -0.0036698267797751895 -0.0032690060651857948 -0.00056911417150723703 -0.0016029567171685906 0.013903809903719875 -0.0011381790561968018 -0.00060295761019783756 0.0098984105721033992 0.05509155396115771 0.11346618483091829 0.0068276639936481111 0.013443495057363983
leaf_weight=98 108 151 96 2051 143 142 139 106 95 112 120 170 153 143 120 95 95 154 99 102 397 115 118 402 6660 157 96 174
leaf_count=98 108 151 96 2051 143 142 139 106 95 112 120 170 153 143 120 95 95 154 99 102 397 115 118 402 6296 157 96 174
internal_value=0.00144838 0.000724681 -0.00129963 0.000922598 0.00136216 0 0 0.00032007 -0.000705019 -0.00208064 -0.00111977 0.000611459 0.000163316 -0.000684451 -0.00168774 0.000724124 -0.000206859 0.00157017 0.00198362 0.00168334 0.00141363 0.000297414 0.00106549 0.00131305 0.00201158 0.000921244 0.0017613 0.00204442
internal_weight=12611 5413 453 4960 2806 403 355 2154 428 207 216 1726 1159 416 273 743 246 2403 7198 2249 567 221 261 497 7099 265 2147 6834
internal_count=12247 5413 453 4960 2806 403 355 2154 428 207 216 1726 1159 416 273 743 246 2403 6834 2249 567 221 261 497 6735 265 2147 6470
is_linear=0
shrinkage=0.0425745


Tree=56
num_leaves=28
num_cat=0
split_feature=21 11 4 38 4 0 1 10 62 22 10 63 30 4 32 10 4 63 63 4 27 9 57 32 18 9 53
split_gain=2.46023 1.21801 1.01355 0.720322 0.840938 0.602828 1.05703 0.539421 0.701166 0.425781 0.363684 0.310652 0.300575 0.262377 0.305007 0.217551 0.152121 0.145177 0.113392 0.101828 0.178566 0.126552 0.0764381 0.0452616 0.0156816 0.0137413 0.00424188
threshold=23.315000000000001 11.500000000000002 931.55000000000007 4.4053757120811179 928.45000000000016 0.91500000000000015 0.68500000000000016 0.64532420896511999 20.823568791648519 21.745000000000001 0.1159303052754759 0.16892131504424593 99.750000000000014 929.05000000000007 3.3149999999999982 -0.99862982478704421 931.1500000000002 2.9962867692734041 -1.0014280291301316 920.75000000000011 97.750000000000014 0.73248728852523659 926.75000000000011 -4.915 26.392612543728134 0.86529924138975434 0.99750000000000016
decision_type=2 2 2 2 2 2 2 2 2 2 2 2 2 2 2 2 2 2 2 2 2 2 2 2 2 2 2
left_child=1 3 9 4 5 10 7 11 -9 18 26 -7 15 23 -15 -5 19 24 -3 20 -17 -21 -13 -2 -6 -23 -1
right_child=13 2 -4 12 17 6 -8 8 -10 -11 -12 22 -14 14 -16 16 -18 -19 -20 21 -22 25 -24 -25 -26 -27 -28
leaf_value=0.010178220519097834 0.035637529747104033 0.01157707956773165 -0.028955883931913839 -0.0033103129889187409 0.011032373242307967 -0.010062273976584201 -0.0036401233338331559 0.0025992338820149778 -0.012252563211431934 -0.0069708188920040012 -0.0022575644374598957 0.014932776811262528 -0.00095998950655349182 -0.0046680395966430949 0.046856573589884473 0.0078120611810040324 -0.0021237571809191737 -0.0035260961263090407 -0.0012048259324891081 0.014785833142630277 -0.0039708042744842544 -0.0032624270298529227 -0.00039651084376368022 0.054829378849524442 0.0012174499480276616 -0.0023475376334395671 -0.0011294568863772947
leaf_weight=258 259 150 156 95 553 100 189 98 118 100 121 230 171 95 187 208 97 97 141 2039 109 97 96 6549 97 101 100
leaf_count=258 259 150 156 95 553 100 189 98 118 100 121 230 171 95 187 208 97 97 141 2039 109 97 96 6185 97 101 100
internal_value=0.00144501 0.000752143 -0.00109989 0.000968784 0.000317571 -0.000292299 -0.00102121 -9.26442e-05 -0.00190578 0 0.000838643 0.000678388 0.00140592 0.00197541 0.000391382 0.00151592 0.0015903 0.00147191 0.000882912 0.00165319 0.000582804 0.00177608 0.00140739 0.00203159 0.00170115 0.000299702 0.00159045
internal_weight=12611 5521 547 4974 2057 1310 831 642 216 391 479 426 2917 7090 282 2746 2651 747 291 2554 317 2237 326 6808 650 198 358
internal_count=12247 5521 547 4974 2057 1310 831 642 216 391 479 426 2917 6726 282 2746 2651 747 291 2554 317 2237 326 6444 650 198 358
is_linear=0
shrinkage=0.0425745


Tree=57
num_leaves=25
num_cat=0
split_feature=21 10 9 11 43 53 38 0 30 55 25 57 57 9 60 3 18 63 10 63 53 10 32 32
split_gain=2.2686 1.0274 4.00076 0.53861 0.495375 0.489789 0.612603 0.432596 0.426576 0.487517 0.292719 0.239564 0.225839 0.208497 0.463699 0.203755 0.120789 0.101717 0.101137 0.0864025 0.0648293 0.0385024 0.815601 0.0163629
threshold=23.315000000000001 0.96457844552971317 -0.12447811117596669 3.5000000000000004 25.346041666666668 0.99750000000000016 4.4053757120811179 0.91500000000000015 73.15000000000002 929.35000000000002 17.185000000000006 930.95000000000016 932.05000000000007 -0.49750868180287638 2.7350000000000008 0.99850000000000005 25.539363106690505 2.4295140820437635 -0.9975933521984367 -0.6249062610384345 0.0065000000000000014 0.20088311396693925 -2.3450000000000002 -3.5600000000000001
decision_type=2 2 2 2 2 2 2 2 2 2 2 2 2 2 2 2 2 2 2 2 2 2 2 2
left_child=1 3 -3 4 8 11 7 -7 20 10 -10 15 21 -8 -15 17 -4 18 -5 -17 -1 -2 23 -23
right_child=12 2 16 5 -6 6 13 -9 9 -11 -12 -13 -14 14 -16 19 -18 -19 -20 -21 -22 22 -24 -25
leaf_value=-0.00058129067893318532 0.05334655456630142 -0.027723101333492532 0.015254352882087489 -0.0011368564634617593 -0.010953828833045388 -0.00082995783853822939 0.017665536238620102 -0.0033843161276994496 -0.0092417633730412715 0.0057598445159636443 -0.00055598683020319966 -0.002655047475398064 -0.00034624079746810164 0.010028639319323067 -0.0062430991836478203 -0.0020569208508005353 -0.00011829612889398367 2.6972657822341383e-06 0.012758335004043915 0.0035506244597077736 0.010197512055493624 -0.0028083138657991205 0.058521786028351383 -0.017229704148389504
leaf_weight=99 5749 156 309 95 158 124 299 98 138 168 117 112 97 144 108 134 96 158 2473 168 367 105 1043 96
leaf_count=99 5385 156 309 95 158 124 299 98 138 168 117 112 97 144 108 134 96 158 2473 168 367 105 1043 96
internal_value=0.00146526 0.000798406 -0.000867807 0.00099984 7.51173e-05 0.00123088 0.00017326 -0.00160586 0.000523936 -0.000336494 -0.00162339 0.0014708 0.00197541 0.00100702 0 0.00154487 0.00123301 0.00166757 0.00173865 0.000224852 0.00144133 0.00200372 0.00152894 -0.000728039
internal_weight=12611 5521 561 4960 1047 3913 773 222 889 423 255 3140 7090 551 252 3028 405 2726 2568 302 466 6993 1244 201
internal_count=12247 5521 561 4960 1047 3913 773 222 889 423 255 3140 6726 551 252 3028 405 2726 2568 302 466 6629 1244 201
is_linear=0
shrinkage=0.0425745


Tree=58
num_leaves=26
num_cat=0
split_feature=25 38 4 63 60 0 2 62 44 55 45 63 57 42 52 26 60 4 63 4 38 52 25 4 4
split_gain=2.27533 1.15157 0.840905 0.840052 0.609071 1.74673 0.322055 0.31519 0.783685 0.37093 0.567677 0.313755 0.311239 0.211243 0.192518 0.177088 0.160275 0.155347 0.183987 0.110151 0.108092 0.364954 0.0675227 0.0653673 0.0245002
threshold=23.245000000000001 4.4053757120811179 931.35000000000002 4.8648984591740687 0.70500000000000007 0.90500000000000014 1.0000000180025095e-35 20.421159798168251 6.3623209413319701 928.1500000000002 1262.8340000000003 -3.9547237986375428 932.05000000000007 0.36086238758889394 0.29050000000000004 97.350000000000009 31.250000000000004 926.25000000000011 -1.1194757340856805 920.85000000000002 3.4090345224057765 0.60350000000000004 23.755000000000006 928.1500000000002 920.35000000000002
decision_type=2 2 2 2 2 2 2 2 2 2 2 2 2 2 2 2 2 2 2 2 2 2 2 2 2
left_child=1 3 11 4 6 13 7 20 9 10 -9 -3 15 -6 17 23 19 -13 -19 24 -1 -22 -17 -2 -16
right_child=12 2 -4 -5 5 -7 -8 8 -10 -11 -12 14 -14 -15 16 22 -18 18 -20 -21 21 -23 -24 -25 -26
leaf_value=0.0069325153822011312 0.062678154202368316 -0.0028263545433807194 -0.012159437258982919 -0.036890483684438813 -0.00057517035740767264 -0.0038546807171561236 0.012360645033645919 -0.013116882694791049 0.013847388549525236 -0.0004231850550049133 -0.0034111223771979737 0.006449248938015407 -0.00088817360055873243 0.0085470786452381525 0.0050571742754616997 -0.0037422414267291623 -0.001163308532271133 0.0045918577478366107 -0.0060121964657443598 0.012816711654606825 -0.01955551124211841 0.014466241497426337 0.018704868050610265 0.021552693852845823 -0.001009338534220486
leaf_weight=253 6231 136 100 95 131 186 417 95 237 166 167 126 97 201 269 167 98 101 146 2130 96 144 178 536 108
leaf_count=253 5867 136 100 95 131 186 417 95 237 166 167 126 97 201 269 167 98 101 146 2130 96 144 178 536 108
internal_value=0.00144163 0.000761224 0.00127404 0 0.000186034 -0.00103415 0.000628176 0.000198364 -0.000335683 -0.00149958 -0.00249593 0.00141063 0.00194251 0.000652511 0.00150648 0.00197588 0.00164615 0.000358733 -2.55214e-05 0.00171218 0.00104771 8.81813e-05 0.00070803 0.002031 0.000715677
internal_weight=12611 5402 3214 2188 2093 518 1575 1158 665 428 262 3114 7209 332 2978 7112 2605 373 247 2507 493 240 345 6767 377
internal_count=12247 5402 3214 2188 2093 518 1575 1158 665 428 262 3114 6845 332 2978 6748 2605 373 247 2507 493 240 345 6403 377
is_linear=0
shrinkage=0.0425745


Tree=59
num_leaves=26
num_cat=0
split_feature=21 10 44 57 63 19 44 0 4 11 43 3 26 10 63 26 4 32 4 26 6 4 20 32 53
split_gain=2.40004 1.2557 1.36689 2.47104 0.594553 0.535291 0.43079 0.728611 0.355468 0.309252 0.531405 0.271537 0.327786 0.441769 0.571545 0.243198 0.634977 0.238971 0.235235 0.218767 0.182772 0.151224 0.0593536 0.046676 0.0333432
threshold=23.375000000000004 0.90515966073569365 3.2570993497794789 929.05000000000007 0.66429312097315585 24.963917471645534 1.8931404282482407 0.94500000000000006 929.05000000000007 3.5000000000000004 25.346041666666668 0.98850000000000005 98.65000000000002 -0.66483077113278999 -1.5708381898977952 73.450000000000017 929.25000000000011 3.7450000000000014 931.1500000000002 90.15000000000002 0.60355339059327384 925.85000000000002 23.882779588033745 -4.915 0.99650000000000005
decision_type=2 2 2 2 2 2 2 2 2 2 2 2 2 2 2 2 2 2 2 2 2 2 2 2 2
left_child=1 6 3 -3 -4 -6 7 20 23 10 15 18 19 14 -14 22 -17 -10 -11 -13 -1 -21 -8 -2 -16
right_child=8 2 4 -5 5 -7 9 -9 17 11 -12 12 13 -15 24 16 -18 -19 -20 21 -22 -23 -24 -25 -26
leaf_value=0.0050323743959325429 0.031547536051876789 -0.00015033475249121139 0.009633586630860282 -0.025917948141403472 -0.020367208544002396 0.0023160506466199894 -3.03575332099438e-05 -0.0049622313697982078 -0.0044167455042326033 0.019174971108610567 -0.010539574000818831 -0.0013173614913986795 -0.0068510881723242737 0.01372077287399791 0.0046681447155798124 -0.01140586535382329 0.0059869483772967491 0.043285350616418611 -0.0012388896058949733 0.011367609957666768 -0.00051473215097337655 -0.001282072053948802 0.012290569208940299 0.05080300538424104 -0.00069115038110530494
leaf_weight=182 257 169 300 96 154 174 106 132 95 1532 160 111 98 254 106 115 151 179 119 979 139 95 347 6462 99
leaf_count=182 257 169 300 96 154 174 106 132 95 1532 160 111 98 254 106 115 151 179 119 979 139 95 347 6098 99
internal_value=0.00143488 0.000760754 -0.000659749 -0.003245 0.000331737 -0.000789992 0.0010428 -7.96252e-05 0.00196719 0.00117678 0.000360497 0.0013693 0.000918559 0 -0.00103029 0.000913918 0 0.000185771 0.00180562 0.00131956 0.000866745 0.0015133 0.00151548 0.0020303 0
internal_weight=12611 5618 893 265 628 328 4725 453 6993 4272 879 3393 1742 557 303 719 266 274 1651 1185 321 1074 453 6719 205
internal_count=12247 5618 893 265 628 328 4725 453 6629 4272 879 3393 1742 557 303 719 266 274 1651 1185 321 1074 453 6355 205
is_linear=0
shrinkage=0.0425745


Tree=60
num_leaves=25
num_cat=0
split_feature=25 10 9 9 38 43 44 59 63 35 20 53 63 57 63 57 63 44 53 40 55 10 53 4
split_gain=2.15483 1.10896 1.60459 2.57936 0.528709 0.593911 0.706197 1.11906 1.1207 0.51069 0.446797 0.440737 0.367638 0.253233 0.285474 0.217898 0.119529 0.105249 0.113112 0.0999681 0.0977327 0.0657967 0.0568982 0.014906
threshold=23.755000000000006 0.90515966073569365 -0.12447811117596669 -0.20931270765420754 4.313245181729334 22.178125000000001 6.3299573851280497 1.0550000000000004 0.98896622065902673 25.386189947081451 23.06762072662352 0.99750000000000016 -0.78594682031061314 930.95000000000016 -3.9547237986375428 931.75000000000011 0.73788355760612323 5.2405657814247553 0.99850000000000005 0.2601601893054783 927.85000000000002 -0.99862982478704421 0.0075000000000000006 928.1500000000002
decision_type=2 2 2 2 2 2 2 2 2 2 2 2 2 2 2 2 2 2 2 2 2 2 2 2
left_child=1 4 3 12 5 22 7 11 10 20 -9 16 -3 14 -6 23 -7 18 21 -20 -4 -16 -1 -2
right_child=15 2 9 -5 13 6 -8 8 -10 -11 -12 -13 -14 -15 17 -17 -18 -19 19 -21 -22 -23 -24 -25
leaf_value=0.001073412835991058 0.063273734369655665 0.020330701974317227 -0.00025998312062469695 -0.033603349749677165 -0.0025412508233396231 0.0046877465719038815 0.01969485251210475 -0.0088524215447224434 -0.00023802742525215313 -0.0075915561237786212 -0.020833372092291608 -0.0019008609775427313 -0.0051335288641212833 -0.0029154572635953285 -0.00069061999383692146 -0.00049177221552709619 -0.0003084264185371388 -0.0012961250391510355 -0.00054123764896825118 0.010693225510992208 0.0084540753641969973 0.012587091284533324 0.012314871095898721 0.024143914793776519
leaf_weight=111 5944 103 115 101 123 305 245 113 144 106 101 120 108 99 106 102 96 113 156 134 377 2808 415 466
leaf_count=111 5580 103 115 101 123 305 245 113 144 106 101 120 108 99 106 102 96 113 156 134 377 2808 415 466
internal_value=0.00144838 0.000854668 -0.000467441 -0.00298188 0.00109888 0.000412639 -8.70092e-05 -0.000704128 -0.00256383 0.0007395 -0.00452172 0.000452829 0 0.00140062 0.00146629 0.00199449 0.00122409 0.00154439 0.00159022 0.0004392 0.00139119 0.00168271 0.00160048 0.00202556
internal_weight=12611 6099 910 312 5189 1650 1124 879 358 598 214 521 211 3539 3440 6512 401 3317 3204 290 492 2914 526 6410
internal_count=12247 6099 910 312 5189 1650 1124 879 358 598 214 521 211 3539 3440 6148 401 3317 3204 290 492 2914 526 6046
is_linear=0
shrinkage=0.0425745


Tree=61
num_leaves=29
num_cat=0
split_feature=25 10 44 4 37 19 59 53 60 62 28 39 4 4 11 20 59 3 44 31 28 11 44 20 28 28 60 60
split_gain=2.30273 1.05887 1.17354 1.25258 0.978907 1.72591 0.435374 0.426189 0.352114 0.410528 0.406034 0.34254 0.641526 0.264835 0.264779 0.50317 0.247924 0.210394 0.161627 0.15149 0.131278 0.115196 0.0615703 0.0470385 0.0358956 0.0290038 0.0124291 0.0477328
threshold=23.455000000000002 0.90515966073569365 3.0862635996722374 928.6500000000002 23.23295683221211 24.963917471645534 1.0750000000000004 0.99750000000000016 1.9650000000000001 21.099176148520502 98.450000000000017 22.71833333333333 925.45000000000016 929.6500000000002 2.5000000000000004 24.266304571138516 1.6250000000000002 0.99050000000000005 1.5249424704334185 0.48337823724189383 96.750000000000014 10.500000000000002 1.5249424704334185 22.123521132740787 65.15000000000002 47.95000000000001 16.580000000000002 23.960000000000004
decision_type=2 2 2 2 2 2 2 2 2 2 2 2 2 2 2 2 2 2 2 2 2 2 2 2 2 2 2 2
left_child=1 6 3 -3 19 -6 7 18 -9 10 -10 14 17 22 15 -8 20 -13 -1 -4 -16 -15 -2 -24 -17 -20 -27 -28
right_child=13 2 4 -5 5 -7 11 8 9 -11 -12 12 -14 21 16 24 -18 -19 25 -21 -22 -23 23 -25 -26 26 27 -29
leaf_value=-0.00011664313279431428 0.0040807100052372399 -0.00035531684895276963 0.0074814386019570155 -0.024401536654072051 -0.023158373917801012 0.0025856054211020546 -0.0035409668389919085 0.01612836141793033 -0.0031050795427133835 0.025197940546854588 3.870507199899014e-05 0.01966504857699479 -0.0094187467604180519 0.029056116303713311 0.011037922170771437 0.0014411446813062119 -0.0040885436602917562 -0.0027810513739461285 0.00071606725146452653 -0.00035014926063450937 -0.00014650565179575128 -0.0029442016635779717 0.0061360133970353569 0.057310971402008248 -0.002201791109822267 0.012097476176760937 -0.0025712865711468554 0.0022819884653987729
leaf_weight=121 131 97 361 96 98 139 128 211 167 103 110 134 122 161 530 112 118 97 118 97 174 114 97 6412 95 2209 100 159
leaf_count=121 131 97 361 96 98 139 128 211 167 103 110 134 122 161 530 112 118 97 118 97 174 114 97 6048 95 2209 100 159
internal_value=0.00142475 0.000772011 -0.000531712 -0.00348415 0.000198806 -0.00190757 0.00102613 0.00130871 0.000147403 -0.000503125 -0.00147943 0.000366332 -0.000704052 0.00195306 0.000748342 -9.49333e-05 0.00116952 0.000376466 0.00153854 0.00142934 0.00149224 0.000347265 0.0020099 0.00203367 0.000994032 0.00160969 0.00165386 0.00072938
internal_weight=12611 5696 888 193 695 237 4808 3298 591 380 277 1510 353 6915 1157 335 822 231 2707 458 704 275 6640 6509 207 2586 2468 259
internal_count=12247 5696 888 193 695 237 4808 3298 591 380 277 1510 353 6551 1157 335 822 231 2707 458 704 275 6276 6145 207 2586 2468 259
is_linear=0
shrinkage=0.0425745


Tree=62
num_leaves=27
num_cat=0
split_feature=25 4 0 44 9 37 43 54 19 37 57 44 60 53 60 24 43 57 20 4 56 40 30 30 32 60
split_gain=2.22096 0.770047 0.525684 0.880734 0.590739 1.78528 0.486921 0.466273 0.462412 0.25414 0.253418 0.376522 0.228272 0.26512 0.525563 0.230132 0.150103 0.100874 0.0976119 0.0656726 0.060664 0.0601283 0.0528995 0.162071 0.0487425 0.0421172
threshold=23.865000000000006 933.55000000000007 0.91500000000000015 1.9248086646972613 0.7206604759859373 26.385560949375826 19.79729166666667 0.40250000000000008 24.257987135027413 20.042306807789934 926.85000000000002 2.706832703174221 2.7350000000000008 0.99750000000000016 7.4150000000000009 16.565000000000001 26.16479166666667 926.75000000000011 15.239829336191525 920.85000000000002 928.1500000000002 0.4178915329766974 91.350000000000009 88.15000000000002 -0.6999999999999974 16.580000000000002
decision_type=2 2 2 2 2 2 2 2 2 2 2 2 2 2 2 2 2 2 2 2 2 2 2 2 2 2
left_child=1 2 12 -4 6 -6 8 21 -5 -2 16 -12 15 17 -15 -1 -8 19 -17 -14 -13 -7 23 -20 -16 -21
right_child=9 -3 3 4 5 7 10 -9 -10 -11 11 20 13 14 24 18 -18 -19 22 25 -22 -23 -24 -25 -26 -27
leaf_value=-0.0042186770177053299 -0.0014925895974306535 -0.02300607158664594 -0.0040676261017678359 0.0076439896168543058 -0.011353693269227551 -5.1919180168776229e-05 0.010563304780598918 -0.0074549039467198203 -0.015286266859681728 0.059466880755306172 -0.0030660408070141768 0.00023857391026105339 -0.00048088340798317739 -0.0040106445558869422 0.015844455775548431 -0.00044237594493403147 -0.0025771946440330479 -0.00030096277727028226 0.013787399397372854 0.011585376719291725 0.0021202437044970934 0.011954558248506796 0.014029016203654222 -0.0004743946810037136 -0.00079839928015846596 0.0012598767959126271
leaf_weight=99 162 101 145 111 129 97 1049 141 150 6205 161 171 116 96 98 95 140 143 417 491 305 318 1194 157 107 213
leaf_count=99 162 101 145 111 129 97 1049 141 150 5841 161 171 116 96 98 95 140 143 417 491 305 318 1194 157 107 213
internal_value=0.00141125 0.000822892 0.000891512 0.000442845 0.000631072 -0.000387984 0.000996187 0.000558201 -0.000561096 0.00197806 0.0012539 0.000423866 0.00127722 0.000730474 -0.000204427 0.00159652 0.00164436 0.00108897 0.00170531 0.00127094 0.00109848 0.00135699 0.00177886 0.001126 0.000775983 0.00143183
internal_weight=12611 6244 6143 2917 2772 685 2087 556 261 6367 1826 637 3226 1264 301 1962 1189 963 1863 820 476 415 1768 574 205 704
internal_count=12247 6244 6143 2917 2772 685 2087 556 261 6003 1826 637 3226 1264 301 1962 1189 963 1863 820 476 415 1768 574 205 704
is_linear=0
shrinkage=0.0425745


Tree=63
num_leaves=27
num_cat=0
split_feature=21 2 4 26 25 55 9 4 52 26 20 53 54 56 61 45 44 34 21 24 16 44 37 56 18 34
split_gain=2.1685 0.824713 0.999812 0.464993 0.934527 1.80287 0.428412 0.362613 0.32681 0.453642 0.632323 0.27246 0.204214 0.203236 0.1816 0.184691 0.111869 0.107919 0.0900245 0.0851393 0.0714416 0.0425862 0.0499652 0.0712632 0.0313522 0.00473394
threshold=24.075000000000003 26.500000000000004 931.95000000000016 90.550000000000011 21.345000000000002 925.45000000000016 0.15855791680139919 929.6500000000002 0.99750000000000016 97.950000000000017 19.533020960335396 0.0095000000000000015 0.99950000000000017 928.05000000000007 23.935000000000006 1658.2565000000002 1.8931404282482407 0.97372116919705765 21.555000000000003 16.275000000000002 14.960830519171301 1.5249424704334185 26.188394666781338 928.05000000000007 25.605701888841057 0.1149799319184311
decision_type=2 2 2 2 2 2 2 2 2 2 2 2 2 2 2 2 2 2 2 2 2 2 2 2 2 2
left_child=1 2 3 4 11 6 -6 -2 12 -10 18 13 14 -1 15 -5 -3 25 -11 -18 -17 -22 23 -23 -21 -13
right_child=7 16 -4 8 5 -7 -8 -9 9 10 -12 17 -14 -15 -16 20 19 -19 -20 24 21 22 -24 -25 -26 -27
leaf_value=-0.0024807854921451173 0.062120642591632975 -0.0027397278439653221 -0.021788303142529188 -0.00091293081829863074 -0.0029705971834045287 -0.011642456478248176 0.0094003440110442156 -0.0041740528968723526 0.0059743895160458129 -0.0020047661191038911 -0.008037577335883922 0.00043195989286340175 -0.0021252813365133208 0.00097669439144516053 -0.0012007501085079298 -0.00029237496504955386 0.0002370974088593063 -0.00083968112963160027 -0.00023343755441357846 0.022199541025288341 0.00096988322458371279 0.010588026941448486 0.0025567274093750742 0.0048026254643149628 0.01335442209398402 0.0019568866975070215
leaf_weight=153 5972 154 166 96 100 150 209 124 264 116 95 95 99 96 147 122 104 130 128 1496 107 1462 176 305 95 450
leaf_count=153 5608 154 166 96 100 150 209 124 264 116 95 95 99 96 147 122 104 130 128 1496 107 1462 176 305 95 450
internal_value=0.00143488 0.000877204 0.000554672 0.000685808 0 -0.00153275 0.000130402 0.00202024 0.000974329 0 -0.000946157 0.000814898 0.0011885 -0.000178794 0.00127333 0.00136804 0.00165607 0.00127589 0 0.00176379 0.001452 0.00151555 0.00156941 0.00165823 0.00184694 0.00154085
internal_weight=12611 6515 4666 4500 1383 459 309 6096 3117 603 339 924 2514 249 2415 2268 1849 675 244 1695 2172 2050 1943 1767 1591 545
internal_count=12247 6515 4666 4500 1383 459 309 5732 3117 603 339 924 2514 249 2415 2268 1849 675 244 1695 2172 2050 1943 1767 1591 545
is_linear=0
shrinkage=0.0425745


Tree=64
num_leaves=26
num_cat=0
split_feature=62 10 43 1 4 9 3 10 9 43 4 32 34 29 61 62 32 38 43 34 19 63 29 28 52
split_gain=1.8793 1.27956 1.76244 0.704814 0.717769 1.46386 0.404969 0.36366 0.39663 0.4787 0.463752 0.321184 0.234568 0.353441 0.422427 0.542052 0.223069 0.172717 0.177689 0.115882 0.0996857 0.0908745 0.0926624 0.0857981 0.0302127
threshold=24.948859634582522 0.1159303052754759 25.346041666666668 4.745000000000001 931.95000000000016 -0.12447811117596669 0.99350000000000016 0.64532420896511999 0.21772121422198085 22.91041666666667 928.45000000000016 -1.6449999999999994 0.48870756099043 79.550000000000011 1.7750000000000001 18.738370801992168 -0.90999999999999825 4.2837731136186044 24.018125000000001 0.19220649992768488 14.613219962897821 -1.7569905068655307 52.250000000000007 60.650000000000013 0.97650000000000003
decision_type=2 2 2 2 2 2 2 2 2 2 2 2 2 2 2 2 2 2 2 2 2 2 2 2 2
left_child=1 6 3 4 7 -6 -1 24 9 23 11 -10 13 14 -8 -16 -12 18 -14 -15 -2 -19 -23 -9 -3
right_child=20 2 -4 -5 5 -7 12 8 10 -11 16 -13 17 19 15 -17 -18 21 -20 -21 -22 22 -24 -25 -26
leaf_value=0.01661583586754083 0.00062301075562061644 0.01996674473714475 -0.028941369847188866 -0.0024727105889922247 -0.034787662522878918 0.0092650775801670707 0.0070557980323408325 5.1463227485869645e-05 -0.012342350024147592 -0.006469573093372709 0.0022135172884770629 -0.0006404994525594271 0.0081560370644755461 -0.00069275589229613355 -0.003020240976948431 -0.0052203210731607691 -0.0031275254363655209 7.1892245735285943e-05 -0.018543822863359004 0.0038481860981643499 0.081845312127565073 -0.00023203157411647244 0.012180502724384203 0.0093862880119697234 -0.00027102456711492428
leaf_weight=2138 115 609 120 180 127 140 188 151 108 103 217 107 103 103 100 152 96 157 121 275 5510 138 777 681 95
leaf_count=2138 115 609 120 180 127 140 188 151 108 103 217 107 103 103 100 152 96 157 121 275 5146 138 777 681 95
internal_value=0.00145176 0.000967668 0.000221049 0.000475439 0.000685457 -0.00129611 0.0014326 0.000959421 0.000513353 0.00105785 -0.000330061 -0.00192449 0.000950248 0.000280748 -0.00043462 -0.00166794 0.000563089 0.00132316 0 0.00128158 0.00204143 0.00155184 0.0017319 0.00143669 0.00179434
internal_weight=12611 6986 2734 2614 2434 267 4252 2167 1463 935 528 215 2114 818 440 252 313 1296 224 378 5625 1072 915 832 704
internal_count=12247 6986 2734 2614 2434 267 4252 2167 1463 935 528 215 2114 818 440 252 313 1296 224 378 5261 1072 915 832 704
is_linear=0
shrinkage=0.0425745


Tree=65
num_leaves=29
num_cat=0
split_feature=62 10 1 9 9 37 59 3 55 31 4 58 26 10 55 34 57 10 9 58 57 37 26 37 1 52 9 1
split_gain=1.98857 0.999225 1.12018 0.714221 1.21064 2.34994 0.579338 0.480109 0.383326 0.429276 0.356011 0.516955 0.372785 0.608265 0.312259 0.309791 0.302102 0.217496 0.271615 0.192243 0.106914 0.104131 0.12415 0.0642555 0.0583976 0.0280742 0.027321 0.0113139
threshold=24.704215044844322 0.1159303052754759 4.745000000000001 -0.42109697129093543 -0.12447811117596669 21.479802474252939 0.80500000000000016 0.99350000000000016 928.1500000000002 -1.0014988207975912 921.35000000000002 1.135 97.750000000000014 -0.86955717898714324 928.95000000000016 0.85778846608439518 931.35000000000002 -0.98518361333263327 0.58429276287313725 1.3150000000000002 930.85000000000002 20.093375733877192 65.15000000000002 20.743177498849107 1.675 0.94650000000000001 -0.97505550290239429 0.17500000000000002
decision_type=2 2 2 2 2 2 2 2 2 2 2 2 2 2 2 2 2 2 2 2 2 2 2 2 2 2 2 2
left_child=1 7 3 20 5 14 -4 -1 9 15 11 12 -9 -14 -5 -6 -2 24 26 -11 25 -10 -23 -18 -12 -3 -19 -28
right_child=16 2 6 4 8 -7 -8 10 21 19 17 -13 13 -15 -16 -17 23 18 -20 -21 -22 22 -24 -25 -26 -27 27 -29
leaf_value=0.015655773478764339 0.074868965604113838 0.018418301491431546 -0.0017228650847903259 0.011336328645066274 -0.0098551381759069082 -0.018839787984046834 -0.019035122749046913 0.012563536985574142 -0.00025443004511283441 -0.00079311175509372397 0.0014866033138079575 -0.014266417792813681 -0.005255387399240391 0.00046971212250881402 -0.02056724092629093 -0.0054340311600934521 -0.0033071129511818725 0.00054055938324574799 -0.0042286799519452968 0.0036685159276328237 -0.00054821034842046971 -0.00036363936858827169 0.008403165377814114 0.02139363185949408 -0.0026019393065787864 0.0027098767618518056 0.00303920384750126 0.014179588174768049
leaf_weight=1999 5667 559 97 119 139 101 95 279 100 152 100 97 111 114 95 107 97 119 97 260 114 110 458 126 110 173 97 919
leaf_count=1999 5303 559 97 119 139 101 95 279 100 152 100 97 111 114 95 107 97 119 97 260 114 110 458 126 110 173 97 919
internal_value=0.00141463 0.000896558 0.000229558 0.000493721 0 -0.00239381 -0.00285033 0.00132272 0.000539088 -0.000103321 0.000805143 0 0.000480738 -0.000612875 0 -0.00158769 0.00199477 0.00116859 0.00138495 0.000629183 0.00149842 0.00126696 0.00148976 0.000123437 0 0.0016909 0.00158384 0.00168757
internal_weight=12611 6721 2679 2487 1641 315 192 4042 1326 658 2043 601 504 225 214 246 5890 1442 1232 412 846 668 568 223 210 732 1135 1016
internal_count=12247 6721 2679 2487 1641 315 192 4042 1326 658 2043 601 504 225 214 246 5526 1442 1232 412 846 668 568 223 210 732 1135 1016
is_linear=0
shrinkage=0.0425745


Tree=66
num_leaves=27
num_cat=0
split_feature=21 43 38 4 54 8 26 25 55 35 37 44 43 16 43 16 37 38 25 56 32 44 4 4 26 18
split_gain=2.03687 0.708783 1.90203 0.565289 0.533654 0.464487 0.499608 0.552997 0.90044 0.386755 0.399147 0.32513 0.374167 1.1467 0.551853 0.150222 0.148839 0.269105 0.204351 0.147124 0.146519 0.126412 0.0625779 0.0583161 0.0574716 0.0493602
threshold=24.075000000000003 19.682500000000005 3.7159920059836957 929.6500000000002 0.022500000000000003 -0.12940952255126037 86.850000000000009 21.595000000000002 924.1500000000002 23.866882073885993 22.946342040651139 2.834081513518274 23.981875000000006 18.197127885128957 24.206875 19.402538637677299 25.488500567670346 5.1024025152289108 17.345000000000002 930.1500000000002 -0.40500000000000108 1.8931404282482407 921.25000000000011 930.55000000000007 59.45000000000001 17.073406082334021
decision_type=2 2 2 2 2 2 2 2 2 2 2 2 2 2 2 2 2 2 2 2 2 2 2 2 2 2
left_child=1 2 4 -2 -1 21 7 9 -9 10 -7 12 19 -14 -15 -16 18 -18 -13 20 -8 -3 -19 -23 -11 -25
right_child=3 5 -4 -5 -6 6 11 8 -10 24 -12 16 13 14 15 -17 17 22 -20 -21 -22 23 -24 25 -26 -27
leaf_value=-0.0043888231790109008 0.056861325686267235 -0.00059232956876896622 -0.033283063084182489 -0.0060920887427309374 0.010963320008623805 0.00041614640302703042 0.0036339750601263677 0.0055836360115222271 -0.007400091184087047 -0.0018842013190527947 -0.009052799493345056 -0.0011997270467485686 -0.0058595252301527666 -0.0072429860635127852 -0.00054562154015257039 0.0057763994487110048 -0.0014949978465021868 8.6341130895093747e-05 0.014639204088976605 -0.001482205578685798 -0.00037909791444688107 0.030107994217451358 0.0096724462898004852 0.0076324152304467754 0.0015486324364337668 -0.0027908060653059675
leaf_weight=95 5972 155 125 124 300 95 823 140 150 119 96 100 114 157 168 445 126 100 988 97 144 1129 210 121 420 98
leaf_count=95 5608 155 125 124 300 95 823 140 150 119 96 100 114 157 168 445 126 100 988 97 144 1129 210 121 420 98
internal_value=0.00143826 0.000896806 -0.000531381 0.00200628 0.000779961 0.00103139 0.000787479 0 -0.001611 0.000582596 -0.000877092 0.00103104 0.000609528 0 0.000552357 0.00118973 0.0015274 0.000614102 0.00183407 0.00114762 0.00131325 0.0017172 0.00137024 0.00185931 0.00121875 0.00066838
internal_weight=12611 6515 520 6096 395 5995 4492 1020 290 730 191 3472 1948 884 770 613 1524 436 1088 1064 967 1503 310 1348 539 219
internal_count=12247 6515 520 5732 395 5995 4492 1020 290 730 191 3472 1948 884 770 613 1524 436 1088 1064 967 1503 310 1348 539 219
is_linear=0
shrinkage=0.0425745


Tree=67
num_leaves=30
num_cat=0
split_feature=21 10 37 9 23 20 17 59 56 57 55 47 38 54 57 38 40 37 9 44 27 34 55 40 34 20 40 44 44
split_gain=2.03437 0.643604 0.500958 1.75096 0.409449 0.385449 0.409166 0.373168 0.283165 0.271141 0.261378 0.254059 0.298935 0.336644 0.403058 0.909202 0.271467 0.229744 0.285023 0.217984 0.499273 0.193502 0.180945 0.123045 0.097699 0.052151 0.0343417 0.0282484 0.000733072
threshold=24.075000000000003 0.67123509350548771 22.304987395832509 -0.10738035228456493 29.865000000000006 15.239829336191525 20.49390360713257 0.95500000000000007 927.05000000000007 929.05000000000007 929.95000000000016 12.450000000000001 5.3253810717241779 0.98550000000000015 921.1500000000002 4.3429612829343283 0.2505992817234291 27.891511317760045 -0.94130860066615785 2.5625109888825572 97.450000000000017 0.39259703305589666 920.55000000000007 0.4786090642165311 1.7685375417246754 19.16103283438018 0.30512292604873442 1.8931404282482407 3.3208779962561992
decision_type=2 2 2 2 2 2 2 2 2 2 2 2 2 2 2 2 2 2 2 2 2 2 2 2 2 2 2 2 2
left_child=1 4 5 -4 11 9 -7 24 -5 -3 -2 12 13 17 15 -15 19 18 25 21 -21 -16 -14 -10 -8 -1 -17 -13 -18
right_child=10 2 3 8 -6 6 7 -9 23 -11 -12 27 22 14 16 26 28 -19 -20 20 -22 -23 -24 -25 -26 -27 -28 -29 -30
leaf_value=-0.0019012954831643734 0.054060641339287695 0.00037544387642812397 -0.017255822680146502 -0.0081746177513077369 -0.0063633146617854261 0.010903678548156517 0.0019810265236383136 -0.0033076239541617977 -0.00047140526633400329 -0.013512522501563569 0.0043493929158917796 0.0057259962102868805 -0.00092964706568671553 -0.015856353994237845 0.0031366804116627822 0.012893891698926435 0.0059417267480821722 -0.0012477330176456128 0.0088884589495926165 0.0065454040680821063 -0.0079390788229754938 -0.0036461353122791565 0.01736174107370617 0.0023066173113218736 -0.00049000039983335142 0.0026881264463434074 -0.00060443910556801236 0.038632558958843502 -0.00025939082991524516
leaf_weight=96 5935 112 104 123 111 553 145 121 116 124 161 143 99 100 261 112 331 126 939 112 96 130 850 280 97 100 119 920 95
leaf_count=96 5571 112 104 123 111 553 145 121 116 124 161 143 99 100 261 112 331 126 939 112 96 130 850 280 97 100 119 920 95
internal_value=0.00142475 0.000883738 0.000149818 -0.000774709 0.00114503 0.000705418 0.00112855 0 0.000118669 -0.000665343 0.00199231 0.0012134 0.00100029 0.000721298 0.000197657 -0.00102033 0.000653709 0.00123332 0.00143389 0 -0.00104028 0.000657484 0.00170128 0.000783362 0.000982245 0 0.000192686 0.00186717 0.00147667
internal_weight=12611 6515 1775 623 4740 1152 916 363 519 236 6096 4629 3566 2617 1356 331 1025 1261 1135 599 208 391 949 396 242 196 231 1063 426
internal_count=12247 6515 1775 623 4740 1152 916 363 519 236 5732 4629 3566 2617 1356 331 1025 1261 1135 599 208 391 949 396 242 196 231 1063 426
is_linear=0
shrinkage=0.0425745


Tree=68
num_leaves=32
num_cat=0
split_feature=25 38 11 29 34 25 32 33 4 56 59 27 63 20 62 1 21 18 62 62 38 11 11 56 23 18 33 25 4 20 25
split_gain=1.79646 0.421596 0.435605 0.409959 0.853829 0.474971 0.483919 0.47922 0.357743 0.329422 0.320609 0.280752 0.188014 0.186893 0.180784 0.17 0.670042 0.259795 0.106426 0.15109 0.108599 0.0898792 0.0896748 0.0804377 0.0733485 0.239216 0.0531512 0.0329792 0.0326613 0.0123012 0.000792114
threshold=24.075000000000003 5.000164410599016 4.5000000000000009 77.950000000000017 1.6912957926886065 21.815000000000001 -2.2399999999999998 20.693029992693837 929.05000000000007 924.05000000000007 0.97500000000000009 99.750000000000014 1.4810111120499736 19.945833306745339 26.087361619009879 3.1250000000000004 21.895000000000003 19.402538637677299 23.088328605811842 23.303586138093973 1.7029666025423233 11.500000000000002 7.5000000000000009 927.05000000000007 24.345000000000002 26.328997321784584 24.776828820789223 20.095000000000002 919.95000000000016 16.853213587975883 23.415000000000003
decision_type=2 2 2 2 2 2 2 2 2 2 2 2 2 2 2 2 2 2 2 2 2 2 2 2 2 2 2 2 2 2 2
left_child=1 3 10 4 5 18 -7 9 -2 13 -3 12 24 -8 -10 28 17 -17 20 -20 -1 29 26 -14 -5 -26 -9 -21 -4 -22 -27
right_child=8 2 15 11 -6 6 7 22 14 -11 -12 -13 23 -15 -16 16 -18 -19 19 27 21 -23 -24 -25 25 30 -28 -29 -30 -31 -32
leaf_value=-0.00040761413981669586 0.055466775468686016 0.0022960332755539731 0.00014488484389027679 0.0081754481650951477 -0.031307632274822077 -0.0073484752682567364 -0.0008455882561133498 0.0086817121320505921 -0.0042281048422600775 0.0022188671477238729 -0.0084760643897733978 -0.0014243795498274669 -0.0032230386599404011 -0.014791902845519955 0.046220165719482814 0.00076848079320944321 0.01101623824319266 -0.0044546028618670892 -0.0016173565251618423 0.011383383313376285 -7.3174285934768756e-05 0.00030901757756635886 -0.0025783043938452355 0.0003514071427679719 -0.0018873165547483282 0.011905586026592635 -0.0040042377848094335 -0.0045624330913549109 0.016065248473124769 0.0066911089804107962 0.0018975702190505311
leaf_weight=120 5786 105 98 980 102 103 99 269 162 100 106 100 95 97 161 106 543 135 184 117 131 175 113 118 119 186 95 98 1351 561 96
leaf_count=120 5422 105 98 980 102 103 99 269 162 100 106 100 95 97 161 106 543 135 184 117 131 175 113 118 119 186 95 98 1351 561 96
internal_value=0.00145176 0.000940174 0.00140539 0.000644057 0.000246634 0.000444032 -0.000276742 8.16985e-06 0.00198563 -0.00124834 -0.000190779 0.00116063 0.00131351 -0.00231608 0.000348381 0.00158484 0.000906034 -0.000783708 0.000945603 0.0001543 0.00120045 0.00136647 0.000922372 0 0.00149597 0.000694113 0.00124906 0.00103612 0.00190745 0.00160415 0.00144573
internal_weight=12611 6502 2444 4058 2364 2262 876 773 6109 296 211 1694 1594 196 323 2233 784 241 1386 399 987 867 477 213 1381 401 364 215 1449 692 282
internal_count=12247 6502 2444 4058 2364 2262 876 773 5745 296 211 1694 1594 196 323 2233 784 241 1386 399 987 867 477 213 1381 401 364 215 1449 692 282
is_linear=0
shrinkage=0.0425745


Tree=69
num_leaves=31
num_cat=0
split_feature=51 31 18 57 37 11 60 44 53 44 45 45 57 54 20 60 60 27 37 55 55 44 55 18 19 37 37 37 37 37
split_gain=1.47369 0.719647 0.642545 0.520693 0.470742 0.433715 0.701673 0.38529 0.351637 0.253064 0.487388 0.595099 0.234114 0.138316 0.152146 0.117451 0.169949 0.115063 0.091858 0.0584747 0.0628056 0.0464531 0.0458145 0.0386359 0.0219895 0.0181489 0.0123572 0.399069 0.314236 0.0174933
threshold=151.34500000000003 0.080943994774166597 19.734939517271876 930.95000000000016 20.154694206675689 3.5000000000000004 1.0000000180025095e-35 2.8526686429878789 0.0095000000000000015 2.65178429423425 2153.3525000000004 2077.5580000000004 920.05000000000007 0.60350000000000004 23.142523637835247 18.300000000000001 28.255000000000003 99.750000000000014 22.112421964075164 919.6500000000002 930.05000000000007 2.5849010870867235 926.05000000000007 24.683307483631232 30.362409620135956 22.412284222411085 25.488500567670346 26.582512025785682 26.188394666781338 25.807021989055922
decision_type=2 2 2 2 2 2 2 2 2 2 2 2 2 2 2 2 2 2 2 2 2 2 2 2 2 2 2 2 2 2
left_child=1 5 -3 17 -5 6 13 9 -4 12 11 -11 -7 14 18 21 -17 22 -1 -9 26 24 -2 -12 -14 -6 -21 28 29 -28
right_child=3 2 8 4 25 7 -8 19 -10 10 23 -13 15 -15 -16 16 -18 -19 -20 20 -22 -23 -24 -25 -26 -27 27 -29 -30 -31
leaf_value=0.0018821426737521954 0.054082486189471861 -0.016679246791928882 -0.0040679020787181188 -0.0041042102430815484 0.052150088570544678 -0.0027656666459346365 -0.0071284667222437656 -0.00015046821833289976 -0.00013431103356637637 0.00025465077170210986 -0.00040353558591048252 -0.0075769875983877884 0.0059587346160860271 -0.0097078498572722421 0.0069372820364850566 -0.0047736389763743262 0.0015238146297873838 -0.021131195850855773 -0.0071199085099352714 0.017244759846816435 0.0001049612912438627 0.00018402599722193116 0.031113555914534147 0.0057961066981695808 -0.00024539410185703405 0.0024480205768286508 0.0026767645560193975 0.01885641919339805 -0.0033991397024837095 0.011242666903502351
leaf_weight=100 4768 146 134 107 153 174 184 105 222 108 95 99 991 103 336 102 126 103 96 1067 106 128 1444 168 114 113 103 912 100 104
leaf_count=100 4412 146 134 107 153 174 184 105 222 108 95 99 991 103 336 102 126 103 96 1067 106 128 1436 168 114 113 103 912 100 104
internal_value=0.00142813 0.000917435 -0.000541939 0.00187072 0.000130855 0.00106442 7.52355e-05 0.00122653 0.000274367 0.00074302 0 -0.0016706 0.000995567 0.000820363 0.00112686 0.00118108 0 0.00196334 0 0.00160824 0.00165658 0.00135104 0.00198801 0.00107356 0.00145354 0.00124509 0.00170916 0.00137702 0 0.000994032
internal_weight=12611 5923 502 6688 373 5421 819 4602 356 2105 470 207 1635 635 532 1461 228 6315 196 2497 2392 1233 6212 263 1105 266 2286 1219 307 207
internal_count=12247 5923 502 6324 373 5421 819 4602 356 2105 470 207 1635 635 532 1461 228 5951 196 2497 2392 1233 5848 263 1105 266 2286 1219 307 207
is_linear=0
shrinkage=0.0425745


Tree=70
num_leaves=30
num_cat=0
split_feature=62 4 9 24 57 46 11 60 3 4 37 37 4 37 37 9 62 37 24 18 4 27 37 54 57 57 62 37 32
split_gain=1.81606 0.540016 1.09242 0.358859 0.296272 0.268021 0.219278 0.934178 0.280202 0.23685 0.7172 0.264973 0.14386 0.192616 0.161266 0.0981635 0.0919461 0.0764215 0.362266 0.112118 0.07485 0.197728 0.0642555 0.0235549 0.037125 0.0685917 0.0200825 0.0105971 0.00826418
threshold=24.704215044844322 931.95000000000016 -0.14153898451656977 20.485000000000003 931.35000000000002 23.645000000000003 3.5000000000000004 1.0000000180025095e-35 0.99350000000000016 921.35000000000002 23.649249856085738 26.337438797771565 925.55000000000007 25.57596054886071 26.612906725132969 -0.89391031859722869 22.497412473296468 26.385560949375826 28.045000000000005 24.887681759605051 923.05000000000007 98.65000000000002 20.743177498849107 0.99850000000000005 926.85000000000002 927.25000000000011 20.171552373544177 24.345598161196182 -6.1099999999999985
decision_type=2 2 2 2 2 2 2 2 2 2 2 2 2 2 2 2 2 2 2 2 2 2 2 2 2 2 2 2 2
left_child=1 3 -3 5 28 16 7 17 23 10 -10 27 13 20 -15 -14 26 18 19 -5 21 -11 -6 24 -8 -26 -1 -12 -2
right_child=4 2 -4 6 22 -7 8 -9 9 12 11 -13 15 14 -16 -17 -18 -19 -20 -21 -22 -23 -24 -25 25 -27 -28 -29 -30
leaf_value=0.00028488185981435281 0.020898519757599005 -0.025764131495337805 0.0020065324837321551 0.0013245687354511515 -0.0033085229779633392 -0.014464592381381191 0.012805016858511898 -0.01530986359752904 -0.0065562665399071345 0.009439735574836048 0.00019188172883434328 -0.00059178250765022612 -0.0013432946814691763 -0.0056335063606675374 0.014315508446294417 0.013838606810679522 0.0068273713559473112 0.0098220932082230261 -0.0079467233950887787 -0.00095477309935750835 0.0095129489774943964 -0.0012306683254643543 0.011224600600962198 0.0073818214920739773 -0.0027954873124515396 0.0032410021793666619 -0.0012752591001754384 0.015306437115207992 0.066827541342078481
leaf_weight=113 120 111 156 235 97 141 1996 135 154 389 96 104 106 137 95 95 143 388 95 98 563 169 126 116 99 611 129 247 5547
leaf_count=113 120 111 156 235 97 141 1996 135 154 389 96 104 106 137 95 95 143 388 95 98 563 169 126 116 99 611 129 247 5183
internal_value=0.00142475 0.000928227 -0.000818923 0.00101049 0.00198031 0 0.00110517 0.000404802 0.00122608 0.000794911 0 0.000936633 0.00107345 0.00123127 0 0 0.000524201 0.00100608 0.000387195 0.00116733 0.00146317 0.000868657 0.000123437 0.00153242 0.00156978 0.00101835 0 0.00156696 0.00204208
internal_weight=12611 6721 267 6454 5890 526 5928 951 4977 2155 601 447 1554 1353 232 201 385 816 428 333 1121 558 223 2822 2706 710 242 343 5667
internal_count=12247 6721 267 6454 5526 526 5928 951 4977 2155 601 447 1554 1353 232 201 385 816 428 333 1121 558 223 2822 2706 710 242 343 5303
is_linear=0
shrinkage=0.0425745


end of trees

feature_importances:
temp_c_lag1h=104
pressure_hpa=97
temp_c_lag24h=74
doy_sin=61
doy_cos=58
heat_index_c_roll24h_mean=53
heat_index_c_roll24h_std=52
temp_c_roll24h_std=46
hi_residual_lag1h=41
pressure_hpa_lag6h=40
temp_c_roll24h_mean=38
heat_index_c_lag24h=37
month=34
_hi_clim=34
temp_c_roll3h_mean=32
pressure_hpa_lag1h=31
temp_change_3h=30
solar_wm2=28
rh_lag1h=28
rh_lag12h=28
cloud_cover_lag3h=28
temp_x_rh=27
cloud_cover_lag1h=25
pressure_hpa_lag3h=24
wind_ms_lag3h=24
wind_ms=22
heat_index_c_lag1h=21
precip_mm_lag1h=21
precip_mm=19
cloud_cover=19
rh_lag24h=17
heat_index_c_roll3h_std=16
cloud_cover_lag6h=14
hi_change_3h=13
heat_index_c_lag6h=12
rh_lag3h=12
wind_ms_lag1h=12
heat_index_c_lag12h=11
temp_c_lag3h=11
temp_c_lag12h=11
heat_index_c_roll3h_mean=11
temp_c_roll3h_std=11
solar_wm2_lag1h=10
temp_x_solar=10
heat_index_c_lag3h=9
temp_c_lag6h=9
heat_index_c_roll6h_std=8
temp_c_roll6h_std=7
precip_mm_lag3h=7
heat_index_c_roll6h_mean=6
rh_lag6h=5
temp_c_roll6h_mean=4
solar_wm2_roll6h_mean=3
temp_x_evening=2
hour_sin=1
hour_cos=1
local_hour_sin=1
local_hour_cos=1

parameters:
[boosting: gbdt]
[objective: quantile]
[metric: quantile]
[tree_learner: serial]
[device_type: cpu]
[data_sample_strategy: bagging]
[data: ]
[valid: ]
[num_iterations: 2000]
[learning_rate: 0.0425745]
[num_leaves: 137]
[num_threads: -1]
[seed: 42]
[deterministic: 0]
[force_col_wise: 0]
[force_row_wise: 0]
[histogram_pool_size: -1]
[max_depth: -1]
[min_data_in_leaf: 95]
[min_sum_hessian_in_leaf: 0.001]
[bagging_fraction: 0.853972]
[pos_bagging_fraction: 1]
[neg_bagging_fraction: 1]
[bagging_freq: 0]
[bagging_seed: 400]
[bagging_by_query: 0]
[feature_fraction: 0.661157]
[feature_fraction_bynode: 1]
[feature_fraction_seed: 30056]
[extra_trees: 0]
[extra_seed: 12879]
[early_stopping_round: 0]
[early_stopping_min_delta: 0]
[first_metric_only: 0]
[max_delta_step: 0]
[lambda_l1: 1.50154]
[lambda_l2: 0.660256]
[linear_lambda: 0]
[min_gain_to_split: 0]
[drop_rate: 0.1]
[max_drop: 50]
[skip_drop: 0.5]
[xgboost_dart_mode: 0]
[uniform_drop: 0]
[drop_seed: 17869]
[top_rate: 0.2]
[other_rate: 0.1]
[min_data_per_group: 100]
[max_cat_threshold: 32]
[cat_l2: 10]
[cat_smooth: 10]
[max_cat_to_onehot: 4]
[top_k: 20]
[monotone_constraints: ]
[monotone_constraints_method: basic]
[monotone_penalty: 0]
[feature_contri: ]
[forcedsplits_filename: ]
[refit_decay_rate: 0.9]
[cegb_tradeoff: 1]
[cegb_penalty_split: 0]
[cegb_penalty_feature_lazy: ]
[cegb_penalty_feature_coupled: ]
[path_smooth: 0]
[interaction_constraints: ]
[verbosity: -1]
[saved_feature_importance_type: 0]
[use_quantized_grad: 0]
[num_grad_quant_bins: 4]
[quant_train_renew_leaf: 0]
[stochastic_rounding: 1]
[linear_tree: 0]
[max_bin: 255]
[max_bin_by_feature: ]
[min_data_in_bin: 3]
[bin_construct_sample_cnt: 200000]
[data_random_seed: 175]
[is_enable_sparse: 1]
[enable_bundle: 1]
[use_missing: 1]
[zero_as_missing: 0]
[feature_pre_filter: 1]
[pre_partition: 0]
[two_round: 0]
[header: 0]
[label_column: ]
[weight_column: ]
[group_column: ]
[ignore_column: ]
[categorical_feature: ]
[forcedbins_filename: ]
[precise_float_parser: 0]
[parser_config_file: ]
[objective_seed: 16083]
[num_class: 1]
[is_unbalance: 0]
[scale_pos_weight: 1]
[sigmoid: 1]
[boost_from_average: 1]
[reg_sqrt: 0]
[alpha: 0.05]
[fair_c: 1]
[poisson_max_delta_step: 0.7]
[tweedie_variance_power: 1.5]
[lambdarank_truncation_level: 30]
[lambdarank_norm: 1]
[label_gain: ]
[lambdarank_position_bias_regularization: 0]
[eval_at: ]
[multi_error_top_k: 1]
[auc_mu_weights: ]
[num_machines: 1]
[local_listen_port: 12400]
[time_out: 120]
[machine_list_filename: ]
[machines: ]
[gpu_platform_id: -1]
[gpu_device_id: -1]
[gpu_use_dp: 0]
[num_gpu: 1]

end of parameters

pandas_categorical:[]
